

================================================================
== Vitis HLS Report for 'gemm_qkt_Pipeline_STORE_S_ROW'
================================================================
* Date:           Sun Mar 22 18:06:04 2026

* Version:        2025.1 (Build 6135595 on May 21 2025)
* Project:        FlashAtt1
* Solution:       hls (Vivado IP Flow Target)
* Product family: versalhbm
* Target device:  xcvh1582-lsva4737-2LHP-e-S


================================================================
== Performance Estimates
================================================================
+ Timing: 
    * Summary: 
    +--------+----------+----------+------------+
    |  Clock |  Target  | Estimated| Uncertainty|
    +--------+----------+----------+------------+
    |ap_clk  |  10.00 ns|  2.988 ns|     2.70 ns|
    +--------+----------+----------+------------+

+ Latency: 
    * Summary: 
    +---------+---------+----------+----------+-----+-----+------------------------------------------------+
    |  Latency (cycles) |  Latency (absolute) |  Interval |                    Pipeline                    |
    |   min   |   max   |    min   |    max   | min | max |                      Type                      |
    +---------+---------+----------+----------+-----+-----+------------------------------------------------+
    |       10|       10|  0.100 us|  0.100 us|    9|    9|  loop auto-rewind stp (delay=0 clock cycles(s))|
    +---------+---------+----------+----------+-----+-----+------------------------------------------------+

    + Detail: 
        * Instance: 
        N/A

        * Loop: 
        +---------------+---------+---------+----------+-----------+-----------+------+----------+
        |               |  Latency (cycles) | Iteration|  Initiation Interval  | Trip |          |
        |   Loop Name   |   min   |   max   |  Latency |  achieved |   target  | Count| Pipelined|
        +---------------+---------+---------+----------+-----------+-----------+------+----------+
        |- STORE_S_ROW  |        8|        8|         1|          1|          1|     8|       yes|
        +---------------+---------+---------+----------+-----------+-----------+------+----------+

============================================================
+ Verbose Summary: Synthesis Manager
============================================================
InlineROM: 1
ExposeGlobal: 0
============================================================
+ Verbose Summary: CDFG Model
============================================================
IsTopModel: 0
ResetActiveHigh: 1
IsCombinational: 0
IsDatapathOnly: 0
HasWiredReturn: 1
HasMFsm: 2
HasVarLatency: 1
IsPipeline: 0
IsRtlPipelined: 0
IsInstanceOverlapped: 0
IsDontTouch: 0
HasImplIP: 0
IsGatedGlobalClock: 0

+ Individual pipeline summary: 
  * Pipeline-0: initiation interval (II) = 1, depth = 1


============================================================
+ Verbose Summary: Schedule
============================================================
* Number of FSM states : 1
* Pipeline : 1
  Pipeline-0 : II = 1, D = 1, States = { 1 }
* Dataflow Pipeline: 0

* FSM state transitions: 
1 --> 

* FSM state operations: 

State 1 <SV = 0> <Delay = 2.98>
ST_1 : Operation 4 [1/1] (0.00ns)   --->   "%j = alloca i32 1" [./flashattentiongemm.h:99]   --->   Operation 4 'alloca' 'j' <Predicate = true> <Delay = 0.00>
ST_1 : Operation 5 [1/1] (0.00ns)   --->   "%specmemcore_ln0 = specmemcore void @_ssdm_op_SpecMemCore, i32 %S_tile_7, i64 666, i64 22, i64 18446744073709551615"   --->   Operation 5 'specmemcore' 'specmemcore_ln0' <Predicate = true> <Delay = 0.00>
ST_1 : Operation 6 [1/1] (0.00ns)   --->   "%specmemcore_ln0 = specmemcore void @_ssdm_op_SpecMemCore, i32 %S_tile_6, i64 666, i64 22, i64 18446744073709551615"   --->   Operation 6 'specmemcore' 'specmemcore_ln0' <Predicate = true> <Delay = 0.00>
ST_1 : Operation 7 [1/1] (0.00ns)   --->   "%specmemcore_ln0 = specmemcore void @_ssdm_op_SpecMemCore, i32 %S_tile_5, i64 666, i64 22, i64 18446744073709551615"   --->   Operation 7 'specmemcore' 'specmemcore_ln0' <Predicate = true> <Delay = 0.00>
ST_1 : Operation 8 [1/1] (0.00ns)   --->   "%specmemcore_ln0 = specmemcore void @_ssdm_op_SpecMemCore, i32 %S_tile_4, i64 666, i64 22, i64 18446744073709551615"   --->   Operation 8 'specmemcore' 'specmemcore_ln0' <Predicate = true> <Delay = 0.00>
ST_1 : Operation 9 [1/1] (0.00ns)   --->   "%specmemcore_ln0 = specmemcore void @_ssdm_op_SpecMemCore, i32 %S_tile_3, i64 666, i64 22, i64 18446744073709551615"   --->   Operation 9 'specmemcore' 'specmemcore_ln0' <Predicate = true> <Delay = 0.00>
ST_1 : Operation 10 [1/1] (0.00ns)   --->   "%specmemcore_ln0 = specmemcore void @_ssdm_op_SpecMemCore, i32 %S_tile_2, i64 666, i64 22, i64 18446744073709551615"   --->   Operation 10 'specmemcore' 'specmemcore_ln0' <Predicate = true> <Delay = 0.00>
ST_1 : Operation 11 [1/1] (0.00ns)   --->   "%specmemcore_ln0 = specmemcore void @_ssdm_op_SpecMemCore, i32 %S_tile_1, i64 666, i64 22, i64 18446744073709551615"   --->   Operation 11 'specmemcore' 'specmemcore_ln0' <Predicate = true> <Delay = 0.00>
ST_1 : Operation 12 [1/1] (0.00ns)   --->   "%specmemcore_ln0 = specmemcore void @_ssdm_op_SpecMemCore, i32 %S_tile_0, i64 666, i64 22, i64 18446744073709551615"   --->   Operation 12 'specmemcore' 'specmemcore_ln0' <Predicate = true> <Delay = 0.00>
ST_1 : Operation 13 [1/1] (0.00ns)   --->   "%acc_row_63_load_reload_read = read i32 @_ssdm_op_Read.ap_auto.float, i32 %acc_row_63_load_reload"   --->   Operation 13 'read' 'acc_row_63_load_reload_read' <Predicate = true> <Delay = 0.00>
ST_1 : Operation 14 [1/1] (0.00ns)   --->   "%acc_row_55_load_reload_read = read i32 @_ssdm_op_Read.ap_auto.float, i32 %acc_row_55_load_reload"   --->   Operation 14 'read' 'acc_row_55_load_reload_read' <Predicate = true> <Delay = 0.00>
ST_1 : Operation 15 [1/1] (0.00ns)   --->   "%acc_row_47_load_reload_read = read i32 @_ssdm_op_Read.ap_auto.float, i32 %acc_row_47_load_reload"   --->   Operation 15 'read' 'acc_row_47_load_reload_read' <Predicate = true> <Delay = 0.00>
ST_1 : Operation 16 [1/1] (0.00ns)   --->   "%acc_row_39_load_reload_read = read i32 @_ssdm_op_Read.ap_auto.float, i32 %acc_row_39_load_reload"   --->   Operation 16 'read' 'acc_row_39_load_reload_read' <Predicate = true> <Delay = 0.00>
ST_1 : Operation 17 [1/1] (0.00ns)   --->   "%acc_row_31_load_reload_read = read i32 @_ssdm_op_Read.ap_auto.float, i32 %acc_row_31_load_reload"   --->   Operation 17 'read' 'acc_row_31_load_reload_read' <Predicate = true> <Delay = 0.00>
ST_1 : Operation 18 [1/1] (0.00ns)   --->   "%acc_row_23_load_reload_read = read i32 @_ssdm_op_Read.ap_auto.float, i32 %acc_row_23_load_reload"   --->   Operation 18 'read' 'acc_row_23_load_reload_read' <Predicate = true> <Delay = 0.00>
ST_1 : Operation 19 [1/1] (0.00ns)   --->   "%acc_row_15_load_reload_read = read i32 @_ssdm_op_Read.ap_auto.float, i32 %acc_row_15_load_reload"   --->   Operation 19 'read' 'acc_row_15_load_reload_read' <Predicate = true> <Delay = 0.00>
ST_1 : Operation 20 [1/1] (0.00ns)   --->   "%acc_row_7_load_reload_read = read i32 @_ssdm_op_Read.ap_auto.float, i32 %acc_row_7_load_reload"   --->   Operation 20 'read' 'acc_row_7_load_reload_read' <Predicate = true> <Delay = 0.00>
ST_1 : Operation 21 [1/1] (0.00ns)   --->   "%acc_row_62_load_reload_read = read i32 @_ssdm_op_Read.ap_auto.float, i32 %acc_row_62_load_reload"   --->   Operation 21 'read' 'acc_row_62_load_reload_read' <Predicate = true> <Delay = 0.00>
ST_1 : Operation 22 [1/1] (0.00ns)   --->   "%acc_row_54_load_reload_read = read i32 @_ssdm_op_Read.ap_auto.float, i32 %acc_row_54_load_reload"   --->   Operation 22 'read' 'acc_row_54_load_reload_read' <Predicate = true> <Delay = 0.00>
ST_1 : Operation 23 [1/1] (0.00ns)   --->   "%acc_row_46_load_reload_read = read i32 @_ssdm_op_Read.ap_auto.float, i32 %acc_row_46_load_reload"   --->   Operation 23 'read' 'acc_row_46_load_reload_read' <Predicate = true> <Delay = 0.00>
ST_1 : Operation 24 [1/1] (0.00ns)   --->   "%acc_row_38_load_reload_read = read i32 @_ssdm_op_Read.ap_auto.float, i32 %acc_row_38_load_reload"   --->   Operation 24 'read' 'acc_row_38_load_reload_read' <Predicate = true> <Delay = 0.00>
ST_1 : Operation 25 [1/1] (0.00ns)   --->   "%acc_row_30_load_reload_read = read i32 @_ssdm_op_Read.ap_auto.float, i32 %acc_row_30_load_reload"   --->   Operation 25 'read' 'acc_row_30_load_reload_read' <Predicate = true> <Delay = 0.00>
ST_1 : Operation 26 [1/1] (0.00ns)   --->   "%acc_row_22_load_reload_read = read i32 @_ssdm_op_Read.ap_auto.float, i32 %acc_row_22_load_reload"   --->   Operation 26 'read' 'acc_row_22_load_reload_read' <Predicate = true> <Delay = 0.00>
ST_1 : Operation 27 [1/1] (0.00ns)   --->   "%acc_row_14_load_reload_read = read i32 @_ssdm_op_Read.ap_auto.float, i32 %acc_row_14_load_reload"   --->   Operation 27 'read' 'acc_row_14_load_reload_read' <Predicate = true> <Delay = 0.00>
ST_1 : Operation 28 [1/1] (0.00ns)   --->   "%acc_row_6_load_reload_read = read i32 @_ssdm_op_Read.ap_auto.float, i32 %acc_row_6_load_reload"   --->   Operation 28 'read' 'acc_row_6_load_reload_read' <Predicate = true> <Delay = 0.00>
ST_1 : Operation 29 [1/1] (0.00ns)   --->   "%acc_row_61_load_reload_read = read i32 @_ssdm_op_Read.ap_auto.float, i32 %acc_row_61_load_reload"   --->   Operation 29 'read' 'acc_row_61_load_reload_read' <Predicate = true> <Delay = 0.00>
ST_1 : Operation 30 [1/1] (0.00ns)   --->   "%acc_row_53_load_reload_read = read i32 @_ssdm_op_Read.ap_auto.float, i32 %acc_row_53_load_reload"   --->   Operation 30 'read' 'acc_row_53_load_reload_read' <Predicate = true> <Delay = 0.00>
ST_1 : Operation 31 [1/1] (0.00ns)   --->   "%acc_row_45_load_reload_read = read i32 @_ssdm_op_Read.ap_auto.float, i32 %acc_row_45_load_reload"   --->   Operation 31 'read' 'acc_row_45_load_reload_read' <Predicate = true> <Delay = 0.00>
ST_1 : Operation 32 [1/1] (0.00ns)   --->   "%acc_row_37_load_reload_read = read i32 @_ssdm_op_Read.ap_auto.float, i32 %acc_row_37_load_reload"   --->   Operation 32 'read' 'acc_row_37_load_reload_read' <Predicate = true> <Delay = 0.00>
ST_1 : Operation 33 [1/1] (0.00ns)   --->   "%acc_row_29_load_reload_read = read i32 @_ssdm_op_Read.ap_auto.float, i32 %acc_row_29_load_reload"   --->   Operation 33 'read' 'acc_row_29_load_reload_read' <Predicate = true> <Delay = 0.00>
ST_1 : Operation 34 [1/1] (0.00ns)   --->   "%acc_row_21_load_reload_read = read i32 @_ssdm_op_Read.ap_auto.float, i32 %acc_row_21_load_reload"   --->   Operation 34 'read' 'acc_row_21_load_reload_read' <Predicate = true> <Delay = 0.00>
ST_1 : Operation 35 [1/1] (0.00ns)   --->   "%acc_row_13_load_reload_read = read i32 @_ssdm_op_Read.ap_auto.float, i32 %acc_row_13_load_reload"   --->   Operation 35 'read' 'acc_row_13_load_reload_read' <Predicate = true> <Delay = 0.00>
ST_1 : Operation 36 [1/1] (0.00ns)   --->   "%acc_row_5_load_reload_read = read i32 @_ssdm_op_Read.ap_auto.float, i32 %acc_row_5_load_reload"   --->   Operation 36 'read' 'acc_row_5_load_reload_read' <Predicate = true> <Delay = 0.00>
ST_1 : Operation 37 [1/1] (0.00ns)   --->   "%acc_row_60_load_reload_read = read i32 @_ssdm_op_Read.ap_auto.float, i32 %acc_row_60_load_reload"   --->   Operation 37 'read' 'acc_row_60_load_reload_read' <Predicate = true> <Delay = 0.00>
ST_1 : Operation 38 [1/1] (0.00ns)   --->   "%acc_row_52_load_reload_read = read i32 @_ssdm_op_Read.ap_auto.float, i32 %acc_row_52_load_reload"   --->   Operation 38 'read' 'acc_row_52_load_reload_read' <Predicate = true> <Delay = 0.00>
ST_1 : Operation 39 [1/1] (0.00ns)   --->   "%acc_row_44_load_reload_read = read i32 @_ssdm_op_Read.ap_auto.float, i32 %acc_row_44_load_reload"   --->   Operation 39 'read' 'acc_row_44_load_reload_read' <Predicate = true> <Delay = 0.00>
ST_1 : Operation 40 [1/1] (0.00ns)   --->   "%acc_row_36_load_reload_read = read i32 @_ssdm_op_Read.ap_auto.float, i32 %acc_row_36_load_reload"   --->   Operation 40 'read' 'acc_row_36_load_reload_read' <Predicate = true> <Delay = 0.00>
ST_1 : Operation 41 [1/1] (0.00ns)   --->   "%acc_row_28_load_reload_read = read i32 @_ssdm_op_Read.ap_auto.float, i32 %acc_row_28_load_reload"   --->   Operation 41 'read' 'acc_row_28_load_reload_read' <Predicate = true> <Delay = 0.00>
ST_1 : Operation 42 [1/1] (0.00ns)   --->   "%acc_row_20_load_reload_read = read i32 @_ssdm_op_Read.ap_auto.float, i32 %acc_row_20_load_reload"   --->   Operation 42 'read' 'acc_row_20_load_reload_read' <Predicate = true> <Delay = 0.00>
ST_1 : Operation 43 [1/1] (0.00ns)   --->   "%acc_row_12_load_reload_read = read i32 @_ssdm_op_Read.ap_auto.float, i32 %acc_row_12_load_reload"   --->   Operation 43 'read' 'acc_row_12_load_reload_read' <Predicate = true> <Delay = 0.00>
ST_1 : Operation 44 [1/1] (0.00ns)   --->   "%acc_row_4_load_reload_read = read i32 @_ssdm_op_Read.ap_auto.float, i32 %acc_row_4_load_reload"   --->   Operation 44 'read' 'acc_row_4_load_reload_read' <Predicate = true> <Delay = 0.00>
ST_1 : Operation 45 [1/1] (0.00ns)   --->   "%acc_row_59_load_reload_read = read i32 @_ssdm_op_Read.ap_auto.float, i32 %acc_row_59_load_reload"   --->   Operation 45 'read' 'acc_row_59_load_reload_read' <Predicate = true> <Delay = 0.00>
ST_1 : Operation 46 [1/1] (0.00ns)   --->   "%acc_row_51_load_reload_read = read i32 @_ssdm_op_Read.ap_auto.float, i32 %acc_row_51_load_reload"   --->   Operation 46 'read' 'acc_row_51_load_reload_read' <Predicate = true> <Delay = 0.00>
ST_1 : Operation 47 [1/1] (0.00ns)   --->   "%acc_row_43_load_reload_read = read i32 @_ssdm_op_Read.ap_auto.float, i32 %acc_row_43_load_reload"   --->   Operation 47 'read' 'acc_row_43_load_reload_read' <Predicate = true> <Delay = 0.00>
ST_1 : Operation 48 [1/1] (0.00ns)   --->   "%acc_row_35_load_reload_read = read i32 @_ssdm_op_Read.ap_auto.float, i32 %acc_row_35_load_reload"   --->   Operation 48 'read' 'acc_row_35_load_reload_read' <Predicate = true> <Delay = 0.00>
ST_1 : Operation 49 [1/1] (0.00ns)   --->   "%acc_row_27_load_reload_read = read i32 @_ssdm_op_Read.ap_auto.float, i32 %acc_row_27_load_reload"   --->   Operation 49 'read' 'acc_row_27_load_reload_read' <Predicate = true> <Delay = 0.00>
ST_1 : Operation 50 [1/1] (0.00ns)   --->   "%acc_row_19_load_reload_read = read i32 @_ssdm_op_Read.ap_auto.float, i32 %acc_row_19_load_reload"   --->   Operation 50 'read' 'acc_row_19_load_reload_read' <Predicate = true> <Delay = 0.00>
ST_1 : Operation 51 [1/1] (0.00ns)   --->   "%acc_row_11_load_reload_read = read i32 @_ssdm_op_Read.ap_auto.float, i32 %acc_row_11_load_reload"   --->   Operation 51 'read' 'acc_row_11_load_reload_read' <Predicate = true> <Delay = 0.00>
ST_1 : Operation 52 [1/1] (0.00ns)   --->   "%acc_row_3_load_reload_read = read i32 @_ssdm_op_Read.ap_auto.float, i32 %acc_row_3_load_reload"   --->   Operation 52 'read' 'acc_row_3_load_reload_read' <Predicate = true> <Delay = 0.00>
ST_1 : Operation 53 [1/1] (0.00ns)   --->   "%acc_row_58_load_reload_read = read i32 @_ssdm_op_Read.ap_auto.float, i32 %acc_row_58_load_reload"   --->   Operation 53 'read' 'acc_row_58_load_reload_read' <Predicate = true> <Delay = 0.00>
ST_1 : Operation 54 [1/1] (0.00ns)   --->   "%acc_row_50_load_reload_read = read i32 @_ssdm_op_Read.ap_auto.float, i32 %acc_row_50_load_reload"   --->   Operation 54 'read' 'acc_row_50_load_reload_read' <Predicate = true> <Delay = 0.00>
ST_1 : Operation 55 [1/1] (0.00ns)   --->   "%acc_row_42_load_reload_read = read i32 @_ssdm_op_Read.ap_auto.float, i32 %acc_row_42_load_reload"   --->   Operation 55 'read' 'acc_row_42_load_reload_read' <Predicate = true> <Delay = 0.00>
ST_1 : Operation 56 [1/1] (0.00ns)   --->   "%acc_row_34_load_reload_read = read i32 @_ssdm_op_Read.ap_auto.float, i32 %acc_row_34_load_reload"   --->   Operation 56 'read' 'acc_row_34_load_reload_read' <Predicate = true> <Delay = 0.00>
ST_1 : Operation 57 [1/1] (0.00ns)   --->   "%acc_row_26_load_reload_read = read i32 @_ssdm_op_Read.ap_auto.float, i32 %acc_row_26_load_reload"   --->   Operation 57 'read' 'acc_row_26_load_reload_read' <Predicate = true> <Delay = 0.00>
ST_1 : Operation 58 [1/1] (0.00ns)   --->   "%acc_row_18_load_reload_read = read i32 @_ssdm_op_Read.ap_auto.float, i32 %acc_row_18_load_reload"   --->   Operation 58 'read' 'acc_row_18_load_reload_read' <Predicate = true> <Delay = 0.00>
ST_1 : Operation 59 [1/1] (0.00ns)   --->   "%acc_row_10_load_reload_read = read i32 @_ssdm_op_Read.ap_auto.float, i32 %acc_row_10_load_reload"   --->   Operation 59 'read' 'acc_row_10_load_reload_read' <Predicate = true> <Delay = 0.00>
ST_1 : Operation 60 [1/1] (0.00ns)   --->   "%acc_row_2_load_reload_read = read i32 @_ssdm_op_Read.ap_auto.float, i32 %acc_row_2_load_reload"   --->   Operation 60 'read' 'acc_row_2_load_reload_read' <Predicate = true> <Delay = 0.00>
ST_1 : Operation 61 [1/1] (0.00ns)   --->   "%acc_row_57_load_reload_read = read i32 @_ssdm_op_Read.ap_auto.float, i32 %acc_row_57_load_reload"   --->   Operation 61 'read' 'acc_row_57_load_reload_read' <Predicate = true> <Delay = 0.00>
ST_1 : Operation 62 [1/1] (0.00ns)   --->   "%acc_row_49_load_reload_read = read i32 @_ssdm_op_Read.ap_auto.float, i32 %acc_row_49_load_reload"   --->   Operation 62 'read' 'acc_row_49_load_reload_read' <Predicate = true> <Delay = 0.00>
ST_1 : Operation 63 [1/1] (0.00ns)   --->   "%acc_row_41_load_reload_read = read i32 @_ssdm_op_Read.ap_auto.float, i32 %acc_row_41_load_reload"   --->   Operation 63 'read' 'acc_row_41_load_reload_read' <Predicate = true> <Delay = 0.00>
ST_1 : Operation 64 [1/1] (0.00ns)   --->   "%acc_row_33_load_reload_read = read i32 @_ssdm_op_Read.ap_auto.float, i32 %acc_row_33_load_reload"   --->   Operation 64 'read' 'acc_row_33_load_reload_read' <Predicate = true> <Delay = 0.00>
ST_1 : Operation 65 [1/1] (0.00ns)   --->   "%acc_row_25_load_reload_read = read i32 @_ssdm_op_Read.ap_auto.float, i32 %acc_row_25_load_reload"   --->   Operation 65 'read' 'acc_row_25_load_reload_read' <Predicate = true> <Delay = 0.00>
ST_1 : Operation 66 [1/1] (0.00ns)   --->   "%acc_row_17_load_reload_read = read i32 @_ssdm_op_Read.ap_auto.float, i32 %acc_row_17_load_reload"   --->   Operation 66 'read' 'acc_row_17_load_reload_read' <Predicate = true> <Delay = 0.00>
ST_1 : Operation 67 [1/1] (0.00ns)   --->   "%acc_row_9_load_reload_read = read i32 @_ssdm_op_Read.ap_auto.float, i32 %acc_row_9_load_reload"   --->   Operation 67 'read' 'acc_row_9_load_reload_read' <Predicate = true> <Delay = 0.00>
ST_1 : Operation 68 [1/1] (0.00ns)   --->   "%acc_row_1_load_reload_read = read i32 @_ssdm_op_Read.ap_auto.float, i32 %acc_row_1_load_reload"   --->   Operation 68 'read' 'acc_row_1_load_reload_read' <Predicate = true> <Delay = 0.00>
ST_1 : Operation 69 [1/1] (0.00ns)   --->   "%acc_row_56_load_reload_read = read i32 @_ssdm_op_Read.ap_auto.float, i32 %acc_row_56_load_reload"   --->   Operation 69 'read' 'acc_row_56_load_reload_read' <Predicate = true> <Delay = 0.00>
ST_1 : Operation 70 [1/1] (0.00ns)   --->   "%acc_row_48_load_reload_read = read i32 @_ssdm_op_Read.ap_auto.float, i32 %acc_row_48_load_reload"   --->   Operation 70 'read' 'acc_row_48_load_reload_read' <Predicate = true> <Delay = 0.00>
ST_1 : Operation 71 [1/1] (0.00ns)   --->   "%acc_row_40_load_reload_read = read i32 @_ssdm_op_Read.ap_auto.float, i32 %acc_row_40_load_reload"   --->   Operation 71 'read' 'acc_row_40_load_reload_read' <Predicate = true> <Delay = 0.00>
ST_1 : Operation 72 [1/1] (0.00ns)   --->   "%acc_row_32_load_reload_read = read i32 @_ssdm_op_Read.ap_auto.float, i32 %acc_row_32_load_reload"   --->   Operation 72 'read' 'acc_row_32_load_reload_read' <Predicate = true> <Delay = 0.00>
ST_1 : Operation 73 [1/1] (0.00ns)   --->   "%acc_row_24_load_reload_read = read i32 @_ssdm_op_Read.ap_auto.float, i32 %acc_row_24_load_reload"   --->   Operation 73 'read' 'acc_row_24_load_reload_read' <Predicate = true> <Delay = 0.00>
ST_1 : Operation 74 [1/1] (0.00ns)   --->   "%acc_row_16_load_reload_read = read i32 @_ssdm_op_Read.ap_auto.float, i32 %acc_row_16_load_reload"   --->   Operation 74 'read' 'acc_row_16_load_reload_read' <Predicate = true> <Delay = 0.00>
ST_1 : Operation 75 [1/1] (0.00ns)   --->   "%acc_row_8_load_reload_read = read i32 @_ssdm_op_Read.ap_auto.float, i32 %acc_row_8_load_reload"   --->   Operation 75 'read' 'acc_row_8_load_reload_read' <Predicate = true> <Delay = 0.00>
ST_1 : Operation 76 [1/1] (0.00ns)   --->   "%acc_row_load_reload_read = read i32 @_ssdm_op_Read.ap_auto.float, i32 %acc_row_load_reload"   --->   Operation 76 'read' 'acc_row_load_reload_read' <Predicate = true> <Delay = 0.00>
ST_1 : Operation 77 [1/1] (0.00ns)   --->   "%cmp60_read = read i1 @_ssdm_op_Read.ap_auto.i1, i1 %cmp60"   --->   Operation 77 'read' 'cmp60_read' <Predicate = true> <Delay = 0.00>
ST_1 : Operation 78 [1/1] (0.00ns)   --->   "%bc_actual_read = read i32 @_ssdm_op_Read.ap_auto.i32, i32 %bc_actual"   --->   Operation 78 'read' 'bc_actual_read' <Predicate = true> <Delay = 0.00>
ST_1 : Operation 79 [1/1] (0.00ns)   --->   "%i_read = read i6 @_ssdm_op_Read.ap_auto.i6, i6 %i"   --->   Operation 79 'read' 'i_read' <Predicate = true> <Delay = 0.00>
ST_1 : Operation 80 [1/1] (0.36ns)   --->   "%store_ln99 = store i7 0, i7 %j" [./flashattentiongemm.h:99]   --->   Operation 80 'store' 'store_ln99' <Predicate = true> <Delay = 0.36>
ST_1 : Operation 81 [1/1] (0.00ns)   --->   "%br_ln0 = br void %for.body59"   --->   Operation 81 'br' 'br_ln0' <Predicate = true> <Delay = 0.00>
ST_1 : Operation 82 [1/1] (0.00ns)   --->   "%j_2 = load i7 %j" [./flashattentiongemm.h:99]   --->   Operation 82 'load' 'j_2' <Predicate = true> <Delay = 0.00>
ST_1 : Operation 83 [1/1] (0.00ns)   --->   "%tmp = bitselect i1 @_ssdm_op_BitSelect.i1.i7.i32, i7 %j_2, i32 6" [./flashattentiongemm.h:99]   --->   Operation 83 'bitselect' 'tmp' <Predicate = true> <Delay = 0.00>
ST_1 : Operation 84 [1/1] (0.00ns)   --->   "%br_ln99 = br i1 %tmp, void %for.body59.split_ifconv, void %for.inc71.exitStub" [./flashattentiongemm.h:99]   --->   Operation 84 'br' 'br_ln99' <Predicate = true> <Delay = 0.00>
ST_1 : Operation 85 [1/1] (0.66ns)   --->   "%add_ln99 = add i7 %j_2, i7 8" [./flashattentiongemm.h:99]   --->   Operation 85 'add' 'add_ln99' <Predicate = (!tmp)> <Delay = 0.66> <CoreInst = "Adder">   --->   Core 1 'Adder' <Latency = 0> <II = 1> <Delay = 0.66> <FuncUnit> <Opcode : 'add' 'sub'> <InPorts = 2> <OutPorts = 1>
ST_1 : Operation 86 [1/1] (0.00ns)   --->   "%zext_ln99 = zext i7 %j_2" [./flashattentiongemm.h:99]   --->   Operation 86 'zext' 'zext_ln99' <Predicate = (!tmp)> <Delay = 0.00>
ST_1 : Operation 87 [1/1] (0.00ns)   --->   "%trunc_ln99 = trunc i7 %j_2" [./flashattentiongemm.h:99]   --->   Operation 87 'trunc' 'trunc_ln99' <Predicate = (!tmp)> <Delay = 0.00>
ST_1 : Operation 88 [1/1] (0.00ns)   --->   "%specpipeline_ln100 = specpipeline void @_ssdm_op_SpecPipeline, i32 1, i32 0, i32 0, i32 0, void @empty_27" [./flashattentiongemm.h:100]   --->   Operation 88 'specpipeline' 'specpipeline_ln100' <Predicate = (!tmp)> <Delay = 0.00>
ST_1 : Operation 89 [1/1] (0.00ns)   --->   "%speclooptripcount_ln99 = speclooptripcount void @_ssdm_op_SpecLoopTripCount, i64 8, i64 8, i64 8" [./flashattentiongemm.h:99]   --->   Operation 89 'speclooptripcount' 'speclooptripcount_ln99' <Predicate = (!tmp)> <Delay = 0.00>
ST_1 : Operation 90 [1/1] (0.00ns)   --->   "%specloopname_ln99 = specloopname void @_ssdm_op_SpecLoopName, void @empty_11" [./flashattentiongemm.h:99]   --->   Operation 90 'specloopname' 'specloopname_ln99' <Predicate = (!tmp)> <Delay = 0.00>
ST_1 : Operation 91 [1/1] (0.00ns)   --->   "%lshr_ln = partselect i3 @_ssdm_op_PartSelect.i3.i7.i32.i32, i7 %j_2, i32 3, i32 5" [./flashattentiongemm.h:99]   --->   Operation 91 'partselect' 'lshr_ln' <Predicate = (!tmp)> <Delay = 0.00>
ST_1 : Operation 92 [1/1] (0.00ns)   --->   "%tmp_178 = bitconcatenate i9 @_ssdm_op_BitConcatenate.i9.i6.i3, i6 %i_read, i3 %lshr_ln" [./flashattentiongemm.h:102]   --->   Operation 92 'bitconcatenate' 'tmp_178' <Predicate = (!tmp)> <Delay = 0.00>
ST_1 : Operation 93 [1/1] (0.00ns)   --->   "%zext_ln102_7 = zext i9 %tmp_178" [./flashattentiongemm.h:102]   --->   Operation 93 'zext' 'zext_ln102_7' <Predicate = (!tmp)> <Delay = 0.00>
ST_1 : Operation 94 [1/1] (0.00ns)   --->   "%S_tile_0_addr = getelementptr i32 %S_tile_0, i64 0, i64 %zext_ln102_7" [./flashattentiongemm.h:102]   --->   Operation 94 'getelementptr' 'S_tile_0_addr' <Predicate = (!tmp)> <Delay = 0.00>
ST_1 : Operation 95 [1/1] (0.00ns)   --->   "%S_tile_1_addr = getelementptr i32 %S_tile_1, i64 0, i64 %zext_ln102_7" [./flashattentiongemm.h:102]   --->   Operation 95 'getelementptr' 'S_tile_1_addr' <Predicate = (!tmp)> <Delay = 0.00>
ST_1 : Operation 96 [1/1] (0.00ns)   --->   "%S_tile_2_addr = getelementptr i32 %S_tile_2, i64 0, i64 %zext_ln102_7" [./flashattentiongemm.h:102]   --->   Operation 96 'getelementptr' 'S_tile_2_addr' <Predicate = (!tmp)> <Delay = 0.00>
ST_1 : Operation 97 [1/1] (0.00ns)   --->   "%S_tile_3_addr = getelementptr i32 %S_tile_3, i64 0, i64 %zext_ln102_7" [./flashattentiongemm.h:102]   --->   Operation 97 'getelementptr' 'S_tile_3_addr' <Predicate = (!tmp)> <Delay = 0.00>
ST_1 : Operation 98 [1/1] (0.00ns)   --->   "%S_tile_4_addr = getelementptr i32 %S_tile_4, i64 0, i64 %zext_ln102_7" [./flashattentiongemm.h:102]   --->   Operation 98 'getelementptr' 'S_tile_4_addr' <Predicate = (!tmp)> <Delay = 0.00>
ST_1 : Operation 99 [1/1] (0.00ns)   --->   "%S_tile_5_addr = getelementptr i32 %S_tile_5, i64 0, i64 %zext_ln102_7" [./flashattentiongemm.h:102]   --->   Operation 99 'getelementptr' 'S_tile_5_addr' <Predicate = (!tmp)> <Delay = 0.00>
ST_1 : Operation 100 [1/1] (0.00ns)   --->   "%S_tile_6_addr = getelementptr i32 %S_tile_6, i64 0, i64 %zext_ln102_7" [./flashattentiongemm.h:102]   --->   Operation 100 'getelementptr' 'S_tile_6_addr' <Predicate = (!tmp)> <Delay = 0.00>
ST_1 : Operation 101 [1/1] (0.00ns)   --->   "%S_tile_7_addr = getelementptr i32 %S_tile_7, i64 0, i64 %zext_ln102_7" [./flashattentiongemm.h:102]   --->   Operation 101 'getelementptr' 'S_tile_7_addr' <Predicate = (!tmp)> <Delay = 0.00>
ST_1 : Operation 102 [1/1] (0.67ns)   --->   "%icmp_ln102 = icmp_slt  i32 %zext_ln99, i32 %bc_actual_read" [./flashattentiongemm.h:102]   --->   Operation 102 'icmp' 'icmp_ln102' <Predicate = (!tmp)> <Delay = 0.67> <CoreInst = "Cmp">   --->   Core 9 'Cmp' <Latency = 0> <II = 1> <Delay = 0.67> <FuncUnit> <Opcode : 'setle' 'setge' 'setlt' 'setgt'> <InPorts = 2> <OutPorts = 1>
ST_1 : Operation 103 [1/1] (0.00ns) (grouped into LUT with out node cond)   --->   "%and_ln102 = and i1 %cmp60_read, i1 %icmp_ln102" [./flashattentiongemm.h:102]   --->   Operation 103 'and' 'and_ln102' <Predicate = (!tmp)> <Delay = 0.00> <CoreInst = "LogicGate">   --->   Core 78 'LogicGate' <Latency = 0> <II = 1> <Delay = 0.25> <FuncUnit> <Opcode : 'and' 'or' 'xor'> <InPorts = 2> <OutPorts = 1>
ST_1 : Operation 104 [1/1] (1.16ns)   --->   "%tmp_s = sparsemux i32 @_ssdm_op_SparseMux.ap_auto.8float.float.i6, i6 0, i32 %acc_row_load_reload_read, i6 8, i32 %acc_row_8_load_reload_read, i6 16, i32 %acc_row_16_load_reload_read, i6 24, i32 %acc_row_24_load_reload_read, i6 32, i32 %acc_row_32_load_reload_read, i6 40, i32 %acc_row_40_load_reload_read, i6 48, i32 %acc_row_48_load_reload_read, i6 56, i32 %acc_row_56_load_reload_read, i32 <undef>, i6 %trunc_ln99" [./flashattentiongemm.h:102]   --->   Operation 104 'sparsemux' 'tmp_s' <Predicate = (!tmp)> <Delay = 1.16> <CoreInst = "BinarySparseMux_DontCare">   --->   Core 150 'BinarySparseMux_DontCare' <Latency = 0> <II = 1> <Delay = 1.16> <FuncUnit> <Opcode : 'sparsemux'> <InPorts = 0> <OutPorts = 1>
ST_1 : Operation 105 [1/1] (0.41ns) (out node of the LUT)   --->   "%cond = select i1 %and_ln102, i32 %tmp_s, i32 0" [./flashattentiongemm.h:102]   --->   Operation 105 'select' 'cond' <Predicate = (!tmp)> <Delay = 0.41> <CoreInst = "Sel">   --->   Core 77 'Sel' <Latency = 0> <II = 1> <Delay = 0.41> <FuncUnit> <Opcode : 'select'> <InPorts = 3> <OutPorts = 1>
ST_1 : Operation 106 [1/1] (0.42ns) (share mux size 2)   --->   "%muxLogicRAMData_to_store_ln102 = muxlogic i32 %cond"   --->   Operation 106 'muxlogic' 'muxLogicRAMData_to_store_ln102' <Predicate = (!tmp)> <Delay = 0.42>
ST_1 : Operation 107 [1/1] (0.42ns) (share mux size 2)   --->   "%muxLogicRAMAddr_to_store_ln102 = muxlogic i9 %S_tile_0_addr"   --->   Operation 107 'muxlogic' 'muxLogicRAMAddr_to_store_ln102' <Predicate = (!tmp)> <Delay = 0.42>
ST_1 : Operation 108 [1/1] ( I:0.62ns O:0.62ns ) (share mux size 3)   --->   "%store_ln102 = store i32 %cond, i9 %S_tile_0_addr" [./flashattentiongemm.h:102]   --->   Operation 108 'store' 'store_ln102' <Predicate = (!tmp)> <Delay = 0.62> <CoreInst = "RAM_2P_BRAM">   --->   Core 97 'RAM_2P_BRAM' <Latency = 1> <II = 1> <Delay = 0.86> <Storage> <Opcode : 'load' 'store'> <Ports = 2> <Width = 32> <Depth = 512> <RAM>
ST_1 : Operation 109 [1/1] (0.00ns)   --->   "%tmp_179 = partselect i5 @_ssdm_op_PartSelect.i5.i7.i32.i32, i7 %j_2, i32 1, i32 5" [./flashattentiongemm.h:99]   --->   Operation 109 'partselect' 'tmp_179' <Predicate = (!tmp)> <Delay = 0.00>
ST_1 : Operation 110 [1/1] (0.00ns)   --->   "%or_ln = bitconcatenate i6 @_ssdm_op_BitConcatenate.i6.i5.i1, i5 %tmp_179, i1 1" [./flashattentiongemm.h:99]   --->   Operation 110 'bitconcatenate' 'or_ln' <Predicate = (!tmp)> <Delay = 0.00>
ST_1 : Operation 111 [1/1] (0.00ns)   --->   "%zext_ln102 = zext i6 %or_ln" [./flashattentiongemm.h:102]   --->   Operation 111 'zext' 'zext_ln102' <Predicate = (!tmp)> <Delay = 0.00>
ST_1 : Operation 112 [1/1] (0.67ns)   --->   "%icmp_ln102_1 = icmp_slt  i32 %zext_ln102, i32 %bc_actual_read" [./flashattentiongemm.h:102]   --->   Operation 112 'icmp' 'icmp_ln102_1' <Predicate = (!tmp)> <Delay = 0.67> <CoreInst = "Cmp">   --->   Core 9 'Cmp' <Latency = 0> <II = 1> <Delay = 0.67> <FuncUnit> <Opcode : 'setle' 'setge' 'setlt' 'setgt'> <InPorts = 2> <OutPorts = 1>
ST_1 : Operation 113 [1/1] (0.00ns) (grouped into LUT with out node cond_1)   --->   "%and_ln102_1 = and i1 %cmp60_read, i1 %icmp_ln102_1" [./flashattentiongemm.h:102]   --->   Operation 113 'and' 'and_ln102_1' <Predicate = (!tmp)> <Delay = 0.00> <CoreInst = "LogicGate">   --->   Core 78 'LogicGate' <Latency = 0> <II = 1> <Delay = 0.25> <FuncUnit> <Opcode : 'and' 'or' 'xor'> <InPorts = 2> <OutPorts = 1>
ST_1 : Operation 114 [1/1] (1.16ns)   --->   "%tmp_171 = sparsemux i32 @_ssdm_op_SparseMux.ap_auto.8float.float.i6, i6 0, i32 %acc_row_1_load_reload_read, i6 8, i32 %acc_row_9_load_reload_read, i6 16, i32 %acc_row_17_load_reload_read, i6 24, i32 %acc_row_25_load_reload_read, i6 32, i32 %acc_row_33_load_reload_read, i6 40, i32 %acc_row_41_load_reload_read, i6 48, i32 %acc_row_49_load_reload_read, i6 56, i32 %acc_row_57_load_reload_read, i32 <undef>, i6 %trunc_ln99" [./flashattentiongemm.h:102]   --->   Operation 114 'sparsemux' 'tmp_171' <Predicate = (!tmp)> <Delay = 1.16> <CoreInst = "BinarySparseMux_DontCare">   --->   Core 150 'BinarySparseMux_DontCare' <Latency = 0> <II = 1> <Delay = 1.16> <FuncUnit> <Opcode : 'sparsemux'> <InPorts = 0> <OutPorts = 1>
ST_1 : Operation 115 [1/1] (0.41ns) (out node of the LUT)   --->   "%cond_1 = select i1 %and_ln102_1, i32 %tmp_171, i32 0" [./flashattentiongemm.h:102]   --->   Operation 115 'select' 'cond_1' <Predicate = (!tmp)> <Delay = 0.41> <CoreInst = "Sel">   --->   Core 77 'Sel' <Latency = 0> <II = 1> <Delay = 0.41> <FuncUnit> <Opcode : 'select'> <InPorts = 3> <OutPorts = 1>
ST_1 : Operation 116 [1/1] (0.42ns) (share mux size 2)   --->   "%muxLogicRAMData_to_store_ln102 = muxlogic i32 %cond_1"   --->   Operation 116 'muxlogic' 'muxLogicRAMData_to_store_ln102' <Predicate = (!tmp)> <Delay = 0.42>
ST_1 : Operation 117 [1/1] (0.42ns) (share mux size 2)   --->   "%muxLogicRAMAddr_to_store_ln102 = muxlogic i9 %S_tile_1_addr"   --->   Operation 117 'muxlogic' 'muxLogicRAMAddr_to_store_ln102' <Predicate = (!tmp)> <Delay = 0.42>
ST_1 : Operation 118 [1/1] ( I:0.62ns O:0.62ns ) (share mux size 3)   --->   "%store_ln102 = store i32 %cond_1, i9 %S_tile_1_addr" [./flashattentiongemm.h:102]   --->   Operation 118 'store' 'store_ln102' <Predicate = (!tmp)> <Delay = 0.62> <CoreInst = "RAM_2P_BRAM">   --->   Core 97 'RAM_2P_BRAM' <Latency = 1> <II = 1> <Delay = 0.86> <Storage> <Opcode : 'load' 'store'> <Ports = 2> <Width = 32> <Depth = 512> <RAM>
ST_1 : Operation 119 [1/1] (0.00ns)   --->   "%tmp_180 = partselect i4 @_ssdm_op_PartSelect.i4.i7.i32.i32, i7 %j_2, i32 2, i32 5" [./flashattentiongemm.h:99]   --->   Operation 119 'partselect' 'tmp_180' <Predicate = (!tmp)> <Delay = 0.00>
ST_1 : Operation 120 [1/1] (0.00ns)   --->   "%or_ln99_1 = bitconcatenate i6 @_ssdm_op_BitConcatenate.i6.i4.i2, i4 %tmp_180, i2 2" [./flashattentiongemm.h:99]   --->   Operation 120 'bitconcatenate' 'or_ln99_1' <Predicate = (!tmp)> <Delay = 0.00>
ST_1 : Operation 121 [1/1] (0.00ns)   --->   "%zext_ln102_1 = zext i6 %or_ln99_1" [./flashattentiongemm.h:102]   --->   Operation 121 'zext' 'zext_ln102_1' <Predicate = (!tmp)> <Delay = 0.00>
ST_1 : Operation 122 [1/1] (0.67ns)   --->   "%icmp_ln102_2 = icmp_slt  i32 %zext_ln102_1, i32 %bc_actual_read" [./flashattentiongemm.h:102]   --->   Operation 122 'icmp' 'icmp_ln102_2' <Predicate = (!tmp)> <Delay = 0.67> <CoreInst = "Cmp">   --->   Core 9 'Cmp' <Latency = 0> <II = 1> <Delay = 0.67> <FuncUnit> <Opcode : 'setle' 'setge' 'setlt' 'setgt'> <InPorts = 2> <OutPorts = 1>
ST_1 : Operation 123 [1/1] (0.00ns) (grouped into LUT with out node cond_2)   --->   "%and_ln102_2 = and i1 %cmp60_read, i1 %icmp_ln102_2" [./flashattentiongemm.h:102]   --->   Operation 123 'and' 'and_ln102_2' <Predicate = (!tmp)> <Delay = 0.00> <CoreInst = "LogicGate">   --->   Core 78 'LogicGate' <Latency = 0> <II = 1> <Delay = 0.25> <FuncUnit> <Opcode : 'and' 'or' 'xor'> <InPorts = 2> <OutPorts = 1>
ST_1 : Operation 124 [1/1] (1.16ns)   --->   "%tmp_172 = sparsemux i32 @_ssdm_op_SparseMux.ap_auto.8float.float.i6, i6 0, i32 %acc_row_2_load_reload_read, i6 8, i32 %acc_row_10_load_reload_read, i6 16, i32 %acc_row_18_load_reload_read, i6 24, i32 %acc_row_26_load_reload_read, i6 32, i32 %acc_row_34_load_reload_read, i6 40, i32 %acc_row_42_load_reload_read, i6 48, i32 %acc_row_50_load_reload_read, i6 56, i32 %acc_row_58_load_reload_read, i32 <undef>, i6 %trunc_ln99" [./flashattentiongemm.h:102]   --->   Operation 124 'sparsemux' 'tmp_172' <Predicate = (!tmp)> <Delay = 1.16> <CoreInst = "BinarySparseMux_DontCare">   --->   Core 150 'BinarySparseMux_DontCare' <Latency = 0> <II = 1> <Delay = 1.16> <FuncUnit> <Opcode : 'sparsemux'> <InPorts = 0> <OutPorts = 1>
ST_1 : Operation 125 [1/1] (0.41ns) (out node of the LUT)   --->   "%cond_2 = select i1 %and_ln102_2, i32 %tmp_172, i32 0" [./flashattentiongemm.h:102]   --->   Operation 125 'select' 'cond_2' <Predicate = (!tmp)> <Delay = 0.41> <CoreInst = "Sel">   --->   Core 77 'Sel' <Latency = 0> <II = 1> <Delay = 0.41> <FuncUnit> <Opcode : 'select'> <InPorts = 3> <OutPorts = 1>
ST_1 : Operation 126 [1/1] (0.42ns) (share mux size 2)   --->   "%muxLogicRAMData_to_store_ln102 = muxlogic i32 %cond_2"   --->   Operation 126 'muxlogic' 'muxLogicRAMData_to_store_ln102' <Predicate = (!tmp)> <Delay = 0.42>
ST_1 : Operation 127 [1/1] (0.42ns) (share mux size 2)   --->   "%muxLogicRAMAddr_to_store_ln102 = muxlogic i9 %S_tile_2_addr"   --->   Operation 127 'muxlogic' 'muxLogicRAMAddr_to_store_ln102' <Predicate = (!tmp)> <Delay = 0.42>
ST_1 : Operation 128 [1/1] ( I:0.62ns O:0.62ns ) (share mux size 3)   --->   "%store_ln102 = store i32 %cond_2, i9 %S_tile_2_addr" [./flashattentiongemm.h:102]   --->   Operation 128 'store' 'store_ln102' <Predicate = (!tmp)> <Delay = 0.62> <CoreInst = "RAM_2P_BRAM">   --->   Core 97 'RAM_2P_BRAM' <Latency = 1> <II = 1> <Delay = 0.86> <Storage> <Opcode : 'load' 'store'> <Ports = 2> <Width = 32> <Depth = 512> <RAM>
ST_1 : Operation 129 [1/1] (0.00ns)   --->   "%or_ln99_2 = bitconcatenate i6 @_ssdm_op_BitConcatenate.i6.i4.i2, i4 %tmp_180, i2 3" [./flashattentiongemm.h:99]   --->   Operation 129 'bitconcatenate' 'or_ln99_2' <Predicate = (!tmp)> <Delay = 0.00>
ST_1 : Operation 130 [1/1] (0.00ns)   --->   "%zext_ln102_2 = zext i6 %or_ln99_2" [./flashattentiongemm.h:102]   --->   Operation 130 'zext' 'zext_ln102_2' <Predicate = (!tmp)> <Delay = 0.00>
ST_1 : Operation 131 [1/1] (0.67ns)   --->   "%icmp_ln102_3 = icmp_slt  i32 %zext_ln102_2, i32 %bc_actual_read" [./flashattentiongemm.h:102]   --->   Operation 131 'icmp' 'icmp_ln102_3' <Predicate = (!tmp)> <Delay = 0.67> <CoreInst = "Cmp">   --->   Core 9 'Cmp' <Latency = 0> <II = 1> <Delay = 0.67> <FuncUnit> <Opcode : 'setle' 'setge' 'setlt' 'setgt'> <InPorts = 2> <OutPorts = 1>
ST_1 : Operation 132 [1/1] (0.00ns) (grouped into LUT with out node cond_3)   --->   "%and_ln102_3 = and i1 %cmp60_read, i1 %icmp_ln102_3" [./flashattentiongemm.h:102]   --->   Operation 132 'and' 'and_ln102_3' <Predicate = (!tmp)> <Delay = 0.00> <CoreInst = "LogicGate">   --->   Core 78 'LogicGate' <Latency = 0> <II = 1> <Delay = 0.25> <FuncUnit> <Opcode : 'and' 'or' 'xor'> <InPorts = 2> <OutPorts = 1>
ST_1 : Operation 133 [1/1] (1.16ns)   --->   "%tmp_173 = sparsemux i32 @_ssdm_op_SparseMux.ap_auto.8float.float.i6, i6 0, i32 %acc_row_3_load_reload_read, i6 8, i32 %acc_row_11_load_reload_read, i6 16, i32 %acc_row_19_load_reload_read, i6 24, i32 %acc_row_27_load_reload_read, i6 32, i32 %acc_row_35_load_reload_read, i6 40, i32 %acc_row_43_load_reload_read, i6 48, i32 %acc_row_51_load_reload_read, i6 56, i32 %acc_row_59_load_reload_read, i32 <undef>, i6 %trunc_ln99" [./flashattentiongemm.h:102]   --->   Operation 133 'sparsemux' 'tmp_173' <Predicate = (!tmp)> <Delay = 1.16> <CoreInst = "BinarySparseMux_DontCare">   --->   Core 150 'BinarySparseMux_DontCare' <Latency = 0> <II = 1> <Delay = 1.16> <FuncUnit> <Opcode : 'sparsemux'> <InPorts = 0> <OutPorts = 1>
ST_1 : Operation 134 [1/1] (0.41ns) (out node of the LUT)   --->   "%cond_3 = select i1 %and_ln102_3, i32 %tmp_173, i32 0" [./flashattentiongemm.h:102]   --->   Operation 134 'select' 'cond_3' <Predicate = (!tmp)> <Delay = 0.41> <CoreInst = "Sel">   --->   Core 77 'Sel' <Latency = 0> <II = 1> <Delay = 0.41> <FuncUnit> <Opcode : 'select'> <InPorts = 3> <OutPorts = 1>
ST_1 : Operation 135 [1/1] (0.42ns) (share mux size 2)   --->   "%muxLogicRAMData_to_store_ln102 = muxlogic i32 %cond_3"   --->   Operation 135 'muxlogic' 'muxLogicRAMData_to_store_ln102' <Predicate = (!tmp)> <Delay = 0.42>
ST_1 : Operation 136 [1/1] (0.42ns) (share mux size 2)   --->   "%muxLogicRAMAddr_to_store_ln102 = muxlogic i9 %S_tile_3_addr"   --->   Operation 136 'muxlogic' 'muxLogicRAMAddr_to_store_ln102' <Predicate = (!tmp)> <Delay = 0.42>
ST_1 : Operation 137 [1/1] ( I:0.62ns O:0.62ns ) (share mux size 3)   --->   "%store_ln102 = store i32 %cond_3, i9 %S_tile_3_addr" [./flashattentiongemm.h:102]   --->   Operation 137 'store' 'store_ln102' <Predicate = (!tmp)> <Delay = 0.62> <CoreInst = "RAM_2P_BRAM">   --->   Core 97 'RAM_2P_BRAM' <Latency = 1> <II = 1> <Delay = 0.86> <Storage> <Opcode : 'load' 'store'> <Ports = 2> <Width = 32> <Depth = 512> <RAM>
ST_1 : Operation 138 [1/1] (0.00ns)   --->   "%or_ln99_3 = bitconcatenate i6 @_ssdm_op_BitConcatenate.i6.i3.i3, i3 %lshr_ln, i3 4" [./flashattentiongemm.h:99]   --->   Operation 138 'bitconcatenate' 'or_ln99_3' <Predicate = (!tmp)> <Delay = 0.00>
ST_1 : Operation 139 [1/1] (0.00ns)   --->   "%zext_ln102_3 = zext i6 %or_ln99_3" [./flashattentiongemm.h:102]   --->   Operation 139 'zext' 'zext_ln102_3' <Predicate = (!tmp)> <Delay = 0.00>
ST_1 : Operation 140 [1/1] (0.67ns)   --->   "%icmp_ln102_4 = icmp_slt  i32 %zext_ln102_3, i32 %bc_actual_read" [./flashattentiongemm.h:102]   --->   Operation 140 'icmp' 'icmp_ln102_4' <Predicate = (!tmp)> <Delay = 0.67> <CoreInst = "Cmp">   --->   Core 9 'Cmp' <Latency = 0> <II = 1> <Delay = 0.67> <FuncUnit> <Opcode : 'setle' 'setge' 'setlt' 'setgt'> <InPorts = 2> <OutPorts = 1>
ST_1 : Operation 141 [1/1] (0.00ns) (grouped into LUT with out node cond_4)   --->   "%and_ln102_4 = and i1 %cmp60_read, i1 %icmp_ln102_4" [./flashattentiongemm.h:102]   --->   Operation 141 'and' 'and_ln102_4' <Predicate = (!tmp)> <Delay = 0.00> <CoreInst = "LogicGate">   --->   Core 78 'LogicGate' <Latency = 0> <II = 1> <Delay = 0.25> <FuncUnit> <Opcode : 'and' 'or' 'xor'> <InPorts = 2> <OutPorts = 1>
ST_1 : Operation 142 [1/1] (1.16ns)   --->   "%tmp_174 = sparsemux i32 @_ssdm_op_SparseMux.ap_auto.8float.float.i6, i6 0, i32 %acc_row_4_load_reload_read, i6 8, i32 %acc_row_12_load_reload_read, i6 16, i32 %acc_row_20_load_reload_read, i6 24, i32 %acc_row_28_load_reload_read, i6 32, i32 %acc_row_36_load_reload_read, i6 40, i32 %acc_row_44_load_reload_read, i6 48, i32 %acc_row_52_load_reload_read, i6 56, i32 %acc_row_60_load_reload_read, i32 <undef>, i6 %trunc_ln99" [./flashattentiongemm.h:102]   --->   Operation 142 'sparsemux' 'tmp_174' <Predicate = (!tmp)> <Delay = 1.16> <CoreInst = "BinarySparseMux_DontCare">   --->   Core 150 'BinarySparseMux_DontCare' <Latency = 0> <II = 1> <Delay = 1.16> <FuncUnit> <Opcode : 'sparsemux'> <InPorts = 0> <OutPorts = 1>
ST_1 : Operation 143 [1/1] (0.41ns) (out node of the LUT)   --->   "%cond_4 = select i1 %and_ln102_4, i32 %tmp_174, i32 0" [./flashattentiongemm.h:102]   --->   Operation 143 'select' 'cond_4' <Predicate = (!tmp)> <Delay = 0.41> <CoreInst = "Sel">   --->   Core 77 'Sel' <Latency = 0> <II = 1> <Delay = 0.41> <FuncUnit> <Opcode : 'select'> <InPorts = 3> <OutPorts = 1>
ST_1 : Operation 144 [1/1] (0.42ns) (share mux size 2)   --->   "%muxLogicRAMData_to_store_ln102 = muxlogic i32 %cond_4"   --->   Operation 144 'muxlogic' 'muxLogicRAMData_to_store_ln102' <Predicate = (!tmp)> <Delay = 0.42>
ST_1 : Operation 145 [1/1] (0.42ns) (share mux size 2)   --->   "%muxLogicRAMAddr_to_store_ln102 = muxlogic i9 %S_tile_4_addr"   --->   Operation 145 'muxlogic' 'muxLogicRAMAddr_to_store_ln102' <Predicate = (!tmp)> <Delay = 0.42>
ST_1 : Operation 146 [1/1] ( I:0.62ns O:0.62ns ) (share mux size 3)   --->   "%store_ln102 = store i32 %cond_4, i9 %S_tile_4_addr" [./flashattentiongemm.h:102]   --->   Operation 146 'store' 'store_ln102' <Predicate = (!tmp)> <Delay = 0.62> <CoreInst = "RAM_2P_BRAM">   --->   Core 97 'RAM_2P_BRAM' <Latency = 1> <II = 1> <Delay = 0.86> <Storage> <Opcode : 'load' 'store'> <Ports = 2> <Width = 32> <Depth = 512> <RAM>
ST_1 : Operation 147 [1/1] (0.00ns)   --->   "%tmp_7 = bitselect i1 @_ssdm_op_BitSelect.i1.i7.i32, i7 %j_2, i32 1" [./flashattentiongemm.h:99]   --->   Operation 147 'bitselect' 'tmp_7' <Predicate = (!tmp)> <Delay = 0.00>
ST_1 : Operation 148 [1/1] (0.00ns)   --->   "%or_ln99_4 = bitconcatenate i6 @_ssdm_op_BitConcatenate.i6.i3.i1.i1.i1, i3 %lshr_ln, i1 1, i1 %tmp_7, i1 1" [./flashattentiongemm.h:99]   --->   Operation 148 'bitconcatenate' 'or_ln99_4' <Predicate = (!tmp)> <Delay = 0.00>
ST_1 : Operation 149 [1/1] (0.00ns)   --->   "%zext_ln102_4 = zext i6 %or_ln99_4" [./flashattentiongemm.h:102]   --->   Operation 149 'zext' 'zext_ln102_4' <Predicate = (!tmp)> <Delay = 0.00>
ST_1 : Operation 150 [1/1] (0.67ns)   --->   "%icmp_ln102_5 = icmp_slt  i32 %zext_ln102_4, i32 %bc_actual_read" [./flashattentiongemm.h:102]   --->   Operation 150 'icmp' 'icmp_ln102_5' <Predicate = (!tmp)> <Delay = 0.67> <CoreInst = "Cmp">   --->   Core 9 'Cmp' <Latency = 0> <II = 1> <Delay = 0.67> <FuncUnit> <Opcode : 'setle' 'setge' 'setlt' 'setgt'> <InPorts = 2> <OutPorts = 1>
ST_1 : Operation 151 [1/1] (0.00ns) (grouped into LUT with out node cond_5)   --->   "%and_ln102_5 = and i1 %cmp60_read, i1 %icmp_ln102_5" [./flashattentiongemm.h:102]   --->   Operation 151 'and' 'and_ln102_5' <Predicate = (!tmp)> <Delay = 0.00> <CoreInst = "LogicGate">   --->   Core 78 'LogicGate' <Latency = 0> <II = 1> <Delay = 0.25> <FuncUnit> <Opcode : 'and' 'or' 'xor'> <InPorts = 2> <OutPorts = 1>
ST_1 : Operation 152 [1/1] (1.16ns)   --->   "%tmp_175 = sparsemux i32 @_ssdm_op_SparseMux.ap_auto.8float.float.i6, i6 0, i32 %acc_row_5_load_reload_read, i6 8, i32 %acc_row_13_load_reload_read, i6 16, i32 %acc_row_21_load_reload_read, i6 24, i32 %acc_row_29_load_reload_read, i6 32, i32 %acc_row_37_load_reload_read, i6 40, i32 %acc_row_45_load_reload_read, i6 48, i32 %acc_row_53_load_reload_read, i6 56, i32 %acc_row_61_load_reload_read, i32 <undef>, i6 %trunc_ln99" [./flashattentiongemm.h:102]   --->   Operation 152 'sparsemux' 'tmp_175' <Predicate = (!tmp)> <Delay = 1.16> <CoreInst = "BinarySparseMux_DontCare">   --->   Core 150 'BinarySparseMux_DontCare' <Latency = 0> <II = 1> <Delay = 1.16> <FuncUnit> <Opcode : 'sparsemux'> <InPorts = 0> <OutPorts = 1>
ST_1 : Operation 153 [1/1] (0.41ns) (out node of the LUT)   --->   "%cond_5 = select i1 %and_ln102_5, i32 %tmp_175, i32 0" [./flashattentiongemm.h:102]   --->   Operation 153 'select' 'cond_5' <Predicate = (!tmp)> <Delay = 0.41> <CoreInst = "Sel">   --->   Core 77 'Sel' <Latency = 0> <II = 1> <Delay = 0.41> <FuncUnit> <Opcode : 'select'> <InPorts = 3> <OutPorts = 1>
ST_1 : Operation 154 [1/1] (0.42ns) (share mux size 2)   --->   "%muxLogicRAMData_to_store_ln102 = muxlogic i32 %cond_5"   --->   Operation 154 'muxlogic' 'muxLogicRAMData_to_store_ln102' <Predicate = (!tmp)> <Delay = 0.42>
ST_1 : Operation 155 [1/1] (0.42ns) (share mux size 2)   --->   "%muxLogicRAMAddr_to_store_ln102 = muxlogic i9 %S_tile_5_addr"   --->   Operation 155 'muxlogic' 'muxLogicRAMAddr_to_store_ln102' <Predicate = (!tmp)> <Delay = 0.42>
ST_1 : Operation 156 [1/1] ( I:0.62ns O:0.62ns ) (share mux size 3)   --->   "%store_ln102 = store i32 %cond_5, i9 %S_tile_5_addr" [./flashattentiongemm.h:102]   --->   Operation 156 'store' 'store_ln102' <Predicate = (!tmp)> <Delay = 0.62> <CoreInst = "RAM_2P_BRAM">   --->   Core 97 'RAM_2P_BRAM' <Latency = 1> <II = 1> <Delay = 0.86> <Storage> <Opcode : 'load' 'store'> <Ports = 2> <Width = 32> <Depth = 512> <RAM>
ST_1 : Operation 157 [1/1] (0.00ns)   --->   "%or_ln99_5 = bitconcatenate i6 @_ssdm_op_BitConcatenate.i6.i3.i3, i3 %lshr_ln, i3 6" [./flashattentiongemm.h:99]   --->   Operation 157 'bitconcatenate' 'or_ln99_5' <Predicate = (!tmp)> <Delay = 0.00>
ST_1 : Operation 158 [1/1] (0.00ns)   --->   "%zext_ln102_5 = zext i6 %or_ln99_5" [./flashattentiongemm.h:102]   --->   Operation 158 'zext' 'zext_ln102_5' <Predicate = (!tmp)> <Delay = 0.00>
ST_1 : Operation 159 [1/1] (0.67ns)   --->   "%icmp_ln102_6 = icmp_slt  i32 %zext_ln102_5, i32 %bc_actual_read" [./flashattentiongemm.h:102]   --->   Operation 159 'icmp' 'icmp_ln102_6' <Predicate = (!tmp)> <Delay = 0.67> <CoreInst = "Cmp">   --->   Core 9 'Cmp' <Latency = 0> <II = 1> <Delay = 0.67> <FuncUnit> <Opcode : 'setle' 'setge' 'setlt' 'setgt'> <InPorts = 2> <OutPorts = 1>
ST_1 : Operation 160 [1/1] (0.00ns) (grouped into LUT with out node cond_6)   --->   "%and_ln102_6 = and i1 %cmp60_read, i1 %icmp_ln102_6" [./flashattentiongemm.h:102]   --->   Operation 160 'and' 'and_ln102_6' <Predicate = (!tmp)> <Delay = 0.00> <CoreInst = "LogicGate">   --->   Core 78 'LogicGate' <Latency = 0> <II = 1> <Delay = 0.25> <FuncUnit> <Opcode : 'and' 'or' 'xor'> <InPorts = 2> <OutPorts = 1>
ST_1 : Operation 161 [1/1] (1.16ns)   --->   "%tmp_176 = sparsemux i32 @_ssdm_op_SparseMux.ap_auto.8float.float.i6, i6 0, i32 %acc_row_6_load_reload_read, i6 8, i32 %acc_row_14_load_reload_read, i6 16, i32 %acc_row_22_load_reload_read, i6 24, i32 %acc_row_30_load_reload_read, i6 32, i32 %acc_row_38_load_reload_read, i6 40, i32 %acc_row_46_load_reload_read, i6 48, i32 %acc_row_54_load_reload_read, i6 56, i32 %acc_row_62_load_reload_read, i32 <undef>, i6 %trunc_ln99" [./flashattentiongemm.h:102]   --->   Operation 161 'sparsemux' 'tmp_176' <Predicate = (!tmp)> <Delay = 1.16> <CoreInst = "BinarySparseMux_DontCare">   --->   Core 150 'BinarySparseMux_DontCare' <Latency = 0> <II = 1> <Delay = 1.16> <FuncUnit> <Opcode : 'sparsemux'> <InPorts = 0> <OutPorts = 1>
ST_1 : Operation 162 [1/1] (0.41ns) (out node of the LUT)   --->   "%cond_6 = select i1 %and_ln102_6, i32 %tmp_176, i32 0" [./flashattentiongemm.h:102]   --->   Operation 162 'select' 'cond_6' <Predicate = (!tmp)> <Delay = 0.41> <CoreInst = "Sel">   --->   Core 77 'Sel' <Latency = 0> <II = 1> <Delay = 0.41> <FuncUnit> <Opcode : 'select'> <InPorts = 3> <OutPorts = 1>
ST_1 : Operation 163 [1/1] (0.42ns) (share mux size 2)   --->   "%muxLogicRAMData_to_store_ln102 = muxlogic i32 %cond_6"   --->   Operation 163 'muxlogic' 'muxLogicRAMData_to_store_ln102' <Predicate = (!tmp)> <Delay = 0.42>
ST_1 : Operation 164 [1/1] (0.42ns) (share mux size 2)   --->   "%muxLogicRAMAddr_to_store_ln102 = muxlogic i9 %S_tile_6_addr"   --->   Operation 164 'muxlogic' 'muxLogicRAMAddr_to_store_ln102' <Predicate = (!tmp)> <Delay = 0.42>
ST_1 : Operation 165 [1/1] ( I:0.62ns O:0.62ns ) (share mux size 3)   --->   "%store_ln102 = store i32 %cond_6, i9 %S_tile_6_addr" [./flashattentiongemm.h:102]   --->   Operation 165 'store' 'store_ln102' <Predicate = (!tmp)> <Delay = 0.62> <CoreInst = "RAM_2P_BRAM">   --->   Core 97 'RAM_2P_BRAM' <Latency = 1> <II = 1> <Delay = 0.86> <Storage> <Opcode : 'load' 'store'> <Ports = 2> <Width = 32> <Depth = 512> <RAM>
ST_1 : Operation 166 [1/1] (0.00ns)   --->   "%or_ln99_6 = bitconcatenate i6 @_ssdm_op_BitConcatenate.i6.i3.i3, i3 %lshr_ln, i3 7" [./flashattentiongemm.h:99]   --->   Operation 166 'bitconcatenate' 'or_ln99_6' <Predicate = (!tmp)> <Delay = 0.00>
ST_1 : Operation 167 [1/1] (0.00ns)   --->   "%zext_ln102_6 = zext i6 %or_ln99_6" [./flashattentiongemm.h:102]   --->   Operation 167 'zext' 'zext_ln102_6' <Predicate = (!tmp)> <Delay = 0.00>
ST_1 : Operation 168 [1/1] (0.67ns)   --->   "%icmp_ln102_7 = icmp_slt  i32 %zext_ln102_6, i32 %bc_actual_read" [./flashattentiongemm.h:102]   --->   Operation 168 'icmp' 'icmp_ln102_7' <Predicate = (!tmp)> <Delay = 0.67> <CoreInst = "Cmp">   --->   Core 9 'Cmp' <Latency = 0> <II = 1> <Delay = 0.67> <FuncUnit> <Opcode : 'setle' 'setge' 'setlt' 'setgt'> <InPorts = 2> <OutPorts = 1>
ST_1 : Operation 169 [1/1] (0.00ns) (grouped into LUT with out node cond_7)   --->   "%and_ln102_7 = and i1 %cmp60_read, i1 %icmp_ln102_7" [./flashattentiongemm.h:102]   --->   Operation 169 'and' 'and_ln102_7' <Predicate = (!tmp)> <Delay = 0.00> <CoreInst = "LogicGate">   --->   Core 78 'LogicGate' <Latency = 0> <II = 1> <Delay = 0.25> <FuncUnit> <Opcode : 'and' 'or' 'xor'> <InPorts = 2> <OutPorts = 1>
ST_1 : Operation 170 [1/1] (1.16ns)   --->   "%tmp_177 = sparsemux i32 @_ssdm_op_SparseMux.ap_auto.8float.float.i6, i6 0, i32 %acc_row_7_load_reload_read, i6 8, i32 %acc_row_15_load_reload_read, i6 16, i32 %acc_row_23_load_reload_read, i6 24, i32 %acc_row_31_load_reload_read, i6 32, i32 %acc_row_39_load_reload_read, i6 40, i32 %acc_row_47_load_reload_read, i6 48, i32 %acc_row_55_load_reload_read, i6 56, i32 %acc_row_63_load_reload_read, i32 <undef>, i6 %trunc_ln99" [./flashattentiongemm.h:102]   --->   Operation 170 'sparsemux' 'tmp_177' <Predicate = (!tmp)> <Delay = 1.16> <CoreInst = "BinarySparseMux_DontCare">   --->   Core 150 'BinarySparseMux_DontCare' <Latency = 0> <II = 1> <Delay = 1.16> <FuncUnit> <Opcode : 'sparsemux'> <InPorts = 0> <OutPorts = 1>
ST_1 : Operation 171 [1/1] (0.41ns) (out node of the LUT)   --->   "%cond_7 = select i1 %and_ln102_7, i32 %tmp_177, i32 0" [./flashattentiongemm.h:102]   --->   Operation 171 'select' 'cond_7' <Predicate = (!tmp)> <Delay = 0.41> <CoreInst = "Sel">   --->   Core 77 'Sel' <Latency = 0> <II = 1> <Delay = 0.41> <FuncUnit> <Opcode : 'select'> <InPorts = 3> <OutPorts = 1>
ST_1 : Operation 172 [1/1] (0.42ns) (share mux size 2)   --->   "%muxLogicRAMData_to_store_ln102 = muxlogic i32 %cond_7"   --->   Operation 172 'muxlogic' 'muxLogicRAMData_to_store_ln102' <Predicate = (!tmp)> <Delay = 0.42>
ST_1 : Operation 173 [1/1] (0.42ns) (share mux size 2)   --->   "%muxLogicRAMAddr_to_store_ln102 = muxlogic i9 %S_tile_7_addr"   --->   Operation 173 'muxlogic' 'muxLogicRAMAddr_to_store_ln102' <Predicate = (!tmp)> <Delay = 0.42>
ST_1 : Operation 174 [1/1] ( I:0.62ns O:0.62ns ) (share mux size 3)   --->   "%store_ln102 = store i32 %cond_7, i9 %S_tile_7_addr" [./flashattentiongemm.h:102]   --->   Operation 174 'store' 'store_ln102' <Predicate = (!tmp)> <Delay = 0.62> <CoreInst = "RAM_2P_BRAM">   --->   Core 97 'RAM_2P_BRAM' <Latency = 1> <II = 1> <Delay = 0.86> <Storage> <Opcode : 'load' 'store'> <Ports = 2> <Width = 32> <Depth = 512> <RAM>
ST_1 : Operation 175 [1/1] (0.36ns)   --->   "%store_ln99 = store i7 %add_ln99, i7 %j" [./flashattentiongemm.h:99]   --->   Operation 175 'store' 'store_ln99' <Predicate = (!tmp)> <Delay = 0.36>
ST_1 : Operation 176 [1/1] (0.00ns)   --->   "%br_ln99 = br void %for.body59" [./flashattentiongemm.h:99]   --->   Operation 176 'br' 'br_ln99' <Predicate = (!tmp)> <Delay = 0.00>
ST_1 : Operation 177 [1/1] (0.28ns)   --->   "%ret_ln0 = ret"   --->   Operation 177 'ret' 'ret_ln0' <Predicate = (tmp)> <Delay = 0.28>


============================================================
+ Verbose Summary: Binding
============================================================
STG Binding: 
---------------- STG Properties BEGIN ----------------
- Is combinational: 0
- Is one-state seq: 0
- Is datapath-only: 0
- Is pipelined: 0
- Is top level: 0
Port [ Return ] is wired: 1; IO mode=ap_ctrl_hs:ce=0
Port [ i]:  wired=1; compound=0; hidden=0; nouse=0; global=0; static=0; extern=0; dir=0; type=0; pingpong=0; private_global=0; IO mode=ap_none:ce=0
Port [ S_tile_0]:  wired=1; compound=1; hidden=0; nouse=0; global=0; static=0; extern=0; dir=1; type=1; pingpong=0; private_global=0; MemPort=[30]; IO mode=ap_memory:ce=0
Port [ S_tile_1]:  wired=1; compound=1; hidden=0; nouse=0; global=0; static=0; extern=0; dir=1; type=1; pingpong=0; private_global=0; MemPort=[30]; IO mode=ap_memory:ce=0
Port [ S_tile_2]:  wired=1; compound=1; hidden=0; nouse=0; global=0; static=0; extern=0; dir=1; type=1; pingpong=0; private_global=0; MemPort=[30]; IO mode=ap_memory:ce=0
Port [ S_tile_3]:  wired=1; compound=1; hidden=0; nouse=0; global=0; static=0; extern=0; dir=1; type=1; pingpong=0; private_global=0; MemPort=[30]; IO mode=ap_memory:ce=0
Port [ S_tile_4]:  wired=1; compound=1; hidden=0; nouse=0; global=0; static=0; extern=0; dir=1; type=1; pingpong=0; private_global=0; MemPort=[30]; IO mode=ap_memory:ce=0
Port [ S_tile_5]:  wired=1; compound=1; hidden=0; nouse=0; global=0; static=0; extern=0; dir=1; type=1; pingpong=0; private_global=0; MemPort=[30]; IO mode=ap_memory:ce=0
Port [ S_tile_6]:  wired=1; compound=1; hidden=0; nouse=0; global=0; static=0; extern=0; dir=1; type=1; pingpong=0; private_global=0; MemPort=[30]; IO mode=ap_memory:ce=0
Port [ S_tile_7]:  wired=1; compound=1; hidden=0; nouse=0; global=0; static=0; extern=0; dir=1; type=1; pingpong=0; private_global=0; MemPort=[30]; IO mode=ap_memory:ce=0
Port [ bc_actual]:  wired=1; compound=0; hidden=0; nouse=0; global=0; static=0; extern=0; dir=0; type=0; pingpong=0; private_global=0; IO mode=ap_none:ce=0
Port [ cmp60]:  wired=1; compound=0; hidden=0; nouse=0; global=0; static=0; extern=0; dir=0; type=0; pingpong=0; private_global=0; IO mode=ap_none:ce=0
Port [ acc_row_load_reload]:  wired=1; compound=0; hidden=0; nouse=0; global=0; static=0; extern=0; dir=0; type=0; pingpong=0; private_global=0; IO mode=ap_none:ce=0
Port [ acc_row_8_load_reload]:  wired=1; compound=0; hidden=0; nouse=0; global=0; static=0; extern=0; dir=0; type=0; pingpong=0; private_global=0; IO mode=ap_none:ce=0
Port [ acc_row_16_load_reload]:  wired=1; compound=0; hidden=0; nouse=0; global=0; static=0; extern=0; dir=0; type=0; pingpong=0; private_global=0; IO mode=ap_none:ce=0
Port [ acc_row_24_load_reload]:  wired=1; compound=0; hidden=0; nouse=0; global=0; static=0; extern=0; dir=0; type=0; pingpong=0; private_global=0; IO mode=ap_none:ce=0
Port [ acc_row_32_load_reload]:  wired=1; compound=0; hidden=0; nouse=0; global=0; static=0; extern=0; dir=0; type=0; pingpong=0; private_global=0; IO mode=ap_none:ce=0
Port [ acc_row_40_load_reload]:  wired=1; compound=0; hidden=0; nouse=0; global=0; static=0; extern=0; dir=0; type=0; pingpong=0; private_global=0; IO mode=ap_none:ce=0
Port [ acc_row_48_load_reload]:  wired=1; compound=0; hidden=0; nouse=0; global=0; static=0; extern=0; dir=0; type=0; pingpong=0; private_global=0; IO mode=ap_none:ce=0
Port [ acc_row_56_load_reload]:  wired=1; compound=0; hidden=0; nouse=0; global=0; static=0; extern=0; dir=0; type=0; pingpong=0; private_global=0; IO mode=ap_none:ce=0
Port [ acc_row_1_load_reload]:  wired=1; compound=0; hidden=0; nouse=0; global=0; static=0; extern=0; dir=0; type=0; pingpong=0; private_global=0; IO mode=ap_none:ce=0
Port [ acc_row_9_load_reload]:  wired=1; compound=0; hidden=0; nouse=0; global=0; static=0; extern=0; dir=0; type=0; pingpong=0; private_global=0; IO mode=ap_none:ce=0
Port [ acc_row_17_load_reload]:  wired=1; compound=0; hidden=0; nouse=0; global=0; static=0; extern=0; dir=0; type=0; pingpong=0; private_global=0; IO mode=ap_none:ce=0
Port [ acc_row_25_load_reload]:  wired=1; compound=0; hidden=0; nouse=0; global=0; static=0; extern=0; dir=0; type=0; pingpong=0; private_global=0; IO mode=ap_none:ce=0
Port [ acc_row_33_load_reload]:  wired=1; compound=0; hidden=0; nouse=0; global=0; static=0; extern=0; dir=0; type=0; pingpong=0; private_global=0; IO mode=ap_none:ce=0
Port [ acc_row_41_load_reload]:  wired=1; compound=0; hidden=0; nouse=0; global=0; static=0; extern=0; dir=0; type=0; pingpong=0; private_global=0; IO mode=ap_none:ce=0
Port [ acc_row_49_load_reload]:  wired=1; compound=0; hidden=0; nouse=0; global=0; static=0; extern=0; dir=0; type=0; pingpong=0; private_global=0; IO mode=ap_none:ce=0
Port [ acc_row_57_load_reload]:  wired=1; compound=0; hidden=0; nouse=0; global=0; static=0; extern=0; dir=0; type=0; pingpong=0; private_global=0; IO mode=ap_none:ce=0
Port [ acc_row_2_load_reload]:  wired=1; compound=0; hidden=0; nouse=0; global=0; static=0; extern=0; dir=0; type=0; pingpong=0; private_global=0; IO mode=ap_none:ce=0
Port [ acc_row_10_load_reload]:  wired=1; compound=0; hidden=0; nouse=0; global=0; static=0; extern=0; dir=0; type=0; pingpong=0; private_global=0; IO mode=ap_none:ce=0
Port [ acc_row_18_load_reload]:  wired=1; compound=0; hidden=0; nouse=0; global=0; static=0; extern=0; dir=0; type=0; pingpong=0; private_global=0; IO mode=ap_none:ce=0
Port [ acc_row_26_load_reload]:  wired=1; compound=0; hidden=0; nouse=0; global=0; static=0; extern=0; dir=0; type=0; pingpong=0; private_global=0; IO mode=ap_none:ce=0
Port [ acc_row_34_load_reload]:  wired=1; compound=0; hidden=0; nouse=0; global=0; static=0; extern=0; dir=0; type=0; pingpong=0; private_global=0; IO mode=ap_none:ce=0
Port [ acc_row_42_load_reload]:  wired=1; compound=0; hidden=0; nouse=0; global=0; static=0; extern=0; dir=0; type=0; pingpong=0; private_global=0; IO mode=ap_none:ce=0
Port [ acc_row_50_load_reload]:  wired=1; compound=0; hidden=0; nouse=0; global=0; static=0; extern=0; dir=0; type=0; pingpong=0; private_global=0; IO mode=ap_none:ce=0
Port [ acc_row_58_load_reload]:  wired=1; compound=0; hidden=0; nouse=0; global=0; static=0; extern=0; dir=0; type=0; pingpong=0; private_global=0; IO mode=ap_none:ce=0
Port [ acc_row_3_load_reload]:  wired=1; compound=0; hidden=0; nouse=0; global=0; static=0; extern=0; dir=0; type=0; pingpong=0; private_global=0; IO mode=ap_none:ce=0
Port [ acc_row_11_load_reload]:  wired=1; compound=0; hidden=0; nouse=0; global=0; static=0; extern=0; dir=0; type=0; pingpong=0; private_global=0; IO mode=ap_none:ce=0
Port [ acc_row_19_load_reload]:  wired=1; compound=0; hidden=0; nouse=0; global=0; static=0; extern=0; dir=0; type=0; pingpong=0; private_global=0; IO mode=ap_none:ce=0
Port [ acc_row_27_load_reload]:  wired=1; compound=0; hidden=0; nouse=0; global=0; static=0; extern=0; dir=0; type=0; pingpong=0; private_global=0; IO mode=ap_none:ce=0
Port [ acc_row_35_load_reload]:  wired=1; compound=0; hidden=0; nouse=0; global=0; static=0; extern=0; dir=0; type=0; pingpong=0; private_global=0; IO mode=ap_none:ce=0
Port [ acc_row_43_load_reload]:  wired=1; compound=0; hidden=0; nouse=0; global=0; static=0; extern=0; dir=0; type=0; pingpong=0; private_global=0; IO mode=ap_none:ce=0
Port [ acc_row_51_load_reload]:  wired=1; compound=0; hidden=0; nouse=0; global=0; static=0; extern=0; dir=0; type=0; pingpong=0; private_global=0; IO mode=ap_none:ce=0
Port [ acc_row_59_load_reload]:  wired=1; compound=0; hidden=0; nouse=0; global=0; static=0; extern=0; dir=0; type=0; pingpong=0; private_global=0; IO mode=ap_none:ce=0
Port [ acc_row_4_load_reload]:  wired=1; compound=0; hidden=0; nouse=0; global=0; static=0; extern=0; dir=0; type=0; pingpong=0; private_global=0; IO mode=ap_none:ce=0
Port [ acc_row_12_load_reload]:  wired=1; compound=0; hidden=0; nouse=0; global=0; static=0; extern=0; dir=0; type=0; pingpong=0; private_global=0; IO mode=ap_none:ce=0
Port [ acc_row_20_load_reload]:  wired=1; compound=0; hidden=0; nouse=0; global=0; static=0; extern=0; dir=0; type=0; pingpong=0; private_global=0; IO mode=ap_none:ce=0
Port [ acc_row_28_load_reload]:  wired=1; compound=0; hidden=0; nouse=0; global=0; static=0; extern=0; dir=0; type=0; pingpong=0; private_global=0; IO mode=ap_none:ce=0
Port [ acc_row_36_load_reload]:  wired=1; compound=0; hidden=0; nouse=0; global=0; static=0; extern=0; dir=0; type=0; pingpong=0; private_global=0; IO mode=ap_none:ce=0
Port [ acc_row_44_load_reload]:  wired=1; compound=0; hidden=0; nouse=0; global=0; static=0; extern=0; dir=0; type=0; pingpong=0; private_global=0; IO mode=ap_none:ce=0
Port [ acc_row_52_load_reload]:  wired=1; compound=0; hidden=0; nouse=0; global=0; static=0; extern=0; dir=0; type=0; pingpong=0; private_global=0; IO mode=ap_none:ce=0
Port [ acc_row_60_load_reload]:  wired=1; compound=0; hidden=0; nouse=0; global=0; static=0; extern=0; dir=0; type=0; pingpong=0; private_global=0; IO mode=ap_none:ce=0
Port [ acc_row_5_load_reload]:  wired=1; compound=0; hidden=0; nouse=0; global=0; static=0; extern=0; dir=0; type=0; pingpong=0; private_global=0; IO mode=ap_none:ce=0
Port [ acc_row_13_load_reload]:  wired=1; compound=0; hidden=0; nouse=0; global=0; static=0; extern=0; dir=0; type=0; pingpong=0; private_global=0; IO mode=ap_none:ce=0
Port [ acc_row_21_load_reload]:  wired=1; compound=0; hidden=0; nouse=0; global=0; static=0; extern=0; dir=0; type=0; pingpong=0; private_global=0; IO mode=ap_none:ce=0
Port [ acc_row_29_load_reload]:  wired=1; compound=0; hidden=0; nouse=0; global=0; static=0; extern=0; dir=0; type=0; pingpong=0; private_global=0; IO mode=ap_none:ce=0
Port [ acc_row_37_load_reload]:  wired=1; compound=0; hidden=0; nouse=0; global=0; static=0; extern=0; dir=0; type=0; pingpong=0; private_global=0; IO mode=ap_none:ce=0
Port [ acc_row_45_load_reload]:  wired=1; compound=0; hidden=0; nouse=0; global=0; static=0; extern=0; dir=0; type=0; pingpong=0; private_global=0; IO mode=ap_none:ce=0
Port [ acc_row_53_load_reload]:  wired=1; compound=0; hidden=0; nouse=0; global=0; static=0; extern=0; dir=0; type=0; pingpong=0; private_global=0; IO mode=ap_none:ce=0
Port [ acc_row_61_load_reload]:  wired=1; compound=0; hidden=0; nouse=0; global=0; static=0; extern=0; dir=0; type=0; pingpong=0; private_global=0; IO mode=ap_none:ce=0
Port [ acc_row_6_load_reload]:  wired=1; compound=0; hidden=0; nouse=0; global=0; static=0; extern=0; dir=0; type=0; pingpong=0; private_global=0; IO mode=ap_none:ce=0
Port [ acc_row_14_load_reload]:  wired=1; compound=0; hidden=0; nouse=0; global=0; static=0; extern=0; dir=0; type=0; pingpong=0; private_global=0; IO mode=ap_none:ce=0
Port [ acc_row_22_load_reload]:  wired=1; compound=0; hidden=0; nouse=0; global=0; static=0; extern=0; dir=0; type=0; pingpong=0; private_global=0; IO mode=ap_none:ce=0
Port [ acc_row_30_load_reload]:  wired=1; compound=0; hidden=0; nouse=0; global=0; static=0; extern=0; dir=0; type=0; pingpong=0; private_global=0; IO mode=ap_none:ce=0
Port [ acc_row_38_load_reload]:  wired=1; compound=0; hidden=0; nouse=0; global=0; static=0; extern=0; dir=0; type=0; pingpong=0; private_global=0; IO mode=ap_none:ce=0
Port [ acc_row_46_load_reload]:  wired=1; compound=0; hidden=0; nouse=0; global=0; static=0; extern=0; dir=0; type=0; pingpong=0; private_global=0; IO mode=ap_none:ce=0
Port [ acc_row_54_load_reload]:  wired=1; compound=0; hidden=0; nouse=0; global=0; static=0; extern=0; dir=0; type=0; pingpong=0; private_global=0; IO mode=ap_none:ce=0
Port [ acc_row_62_load_reload]:  wired=1; compound=0; hidden=0; nouse=0; global=0; static=0; extern=0; dir=0; type=0; pingpong=0; private_global=0; IO mode=ap_none:ce=0
Port [ acc_row_7_load_reload]:  wired=1; compound=0; hidden=0; nouse=0; global=0; static=0; extern=0; dir=0; type=0; pingpong=0; private_global=0; IO mode=ap_none:ce=0
Port [ acc_row_15_load_reload]:  wired=1; compound=0; hidden=0; nouse=0; global=0; static=0; extern=0; dir=0; type=0; pingpong=0; private_global=0; IO mode=ap_none:ce=0
Port [ acc_row_23_load_reload]:  wired=1; compound=0; hidden=0; nouse=0; global=0; static=0; extern=0; dir=0; type=0; pingpong=0; private_global=0; IO mode=ap_none:ce=0
Port [ acc_row_31_load_reload]:  wired=1; compound=0; hidden=0; nouse=0; global=0; static=0; extern=0; dir=0; type=0; pingpong=0; private_global=0; IO mode=ap_none:ce=0
Port [ acc_row_39_load_reload]:  wired=1; compound=0; hidden=0; nouse=0; global=0; static=0; extern=0; dir=0; type=0; pingpong=0; private_global=0; IO mode=ap_none:ce=0
Port [ acc_row_47_load_reload]:  wired=1; compound=0; hidden=0; nouse=0; global=0; static=0; extern=0; dir=0; type=0; pingpong=0; private_global=0; IO mode=ap_none:ce=0
Port [ acc_row_55_load_reload]:  wired=1; compound=0; hidden=0; nouse=0; global=0; static=0; extern=0; dir=0; type=0; pingpong=0; private_global=0; IO mode=ap_none:ce=0
Port [ acc_row_63_load_reload]:  wired=1; compound=0; hidden=0; nouse=0; global=0; static=0; extern=0; dir=0; type=0; pingpong=0; private_global=0; IO mode=ap_none:ce=0
---------------- STG Properties END ------------------

---------------- Datapath Model BEGIN ----------------

<LifeTime>
<method=bitvector/>
j                              (alloca           ) [ 01]
specmemcore_ln0                (specmemcore      ) [ 00]
specmemcore_ln0                (specmemcore      ) [ 00]
specmemcore_ln0                (specmemcore      ) [ 00]
specmemcore_ln0                (specmemcore      ) [ 00]
specmemcore_ln0                (specmemcore      ) [ 00]
specmemcore_ln0                (specmemcore      ) [ 00]
specmemcore_ln0                (specmemcore      ) [ 00]
specmemcore_ln0                (specmemcore      ) [ 00]
acc_row_63_load_reload_read    (read             ) [ 00]
acc_row_55_load_reload_read    (read             ) [ 00]
acc_row_47_load_reload_read    (read             ) [ 00]
acc_row_39_load_reload_read    (read             ) [ 00]
acc_row_31_load_reload_read    (read             ) [ 00]
acc_row_23_load_reload_read    (read             ) [ 00]
acc_row_15_load_reload_read    (read             ) [ 00]
acc_row_7_load_reload_read     (read             ) [ 00]
acc_row_62_load_reload_read    (read             ) [ 00]
acc_row_54_load_reload_read    (read             ) [ 00]
acc_row_46_load_reload_read    (read             ) [ 00]
acc_row_38_load_reload_read    (read             ) [ 00]
acc_row_30_load_reload_read    (read             ) [ 00]
acc_row_22_load_reload_read    (read             ) [ 00]
acc_row_14_load_reload_read    (read             ) [ 00]
acc_row_6_load_reload_read     (read             ) [ 00]
acc_row_61_load_reload_read    (read             ) [ 00]
acc_row_53_load_reload_read    (read             ) [ 00]
acc_row_45_load_reload_read    (read             ) [ 00]
acc_row_37_load_reload_read    (read             ) [ 00]
acc_row_29_load_reload_read    (read             ) [ 00]
acc_row_21_load_reload_read    (read             ) [ 00]
acc_row_13_load_reload_read    (read             ) [ 00]
acc_row_5_load_reload_read     (read             ) [ 00]
acc_row_60_load_reload_read    (read             ) [ 00]
acc_row_52_load_reload_read    (read             ) [ 00]
acc_row_44_load_reload_read    (read             ) [ 00]
acc_row_36_load_reload_read    (read             ) [ 00]
acc_row_28_load_reload_read    (read             ) [ 00]
acc_row_20_load_reload_read    (read             ) [ 00]
acc_row_12_load_reload_read    (read             ) [ 00]
acc_row_4_load_reload_read     (read             ) [ 00]
acc_row_59_load_reload_read    (read             ) [ 00]
acc_row_51_load_reload_read    (read             ) [ 00]
acc_row_43_load_reload_read    (read             ) [ 00]
acc_row_35_load_reload_read    (read             ) [ 00]
acc_row_27_load_reload_read    (read             ) [ 00]
acc_row_19_load_reload_read    (read             ) [ 00]
acc_row_11_load_reload_read    (read             ) [ 00]
acc_row_3_load_reload_read     (read             ) [ 00]
acc_row_58_load_reload_read    (read             ) [ 00]
acc_row_50_load_reload_read    (read             ) [ 00]
acc_row_42_load_reload_read    (read             ) [ 00]
acc_row_34_load_reload_read    (read             ) [ 00]
acc_row_26_load_reload_read    (read             ) [ 00]
acc_row_18_load_reload_read    (read             ) [ 00]
acc_row_10_load_reload_read    (read             ) [ 00]
acc_row_2_load_reload_read     (read             ) [ 00]
acc_row_57_load_reload_read    (read             ) [ 00]
acc_row_49_load_reload_read    (read             ) [ 00]
acc_row_41_load_reload_read    (read             ) [ 00]
acc_row_33_load_reload_read    (read             ) [ 00]
acc_row_25_load_reload_read    (read             ) [ 00]
acc_row_17_load_reload_read    (read             ) [ 00]
acc_row_9_load_reload_read     (read             ) [ 00]
acc_row_1_load_reload_read     (read             ) [ 00]
acc_row_56_load_reload_read    (read             ) [ 00]
acc_row_48_load_reload_read    (read             ) [ 00]
acc_row_40_load_reload_read    (read             ) [ 00]
acc_row_32_load_reload_read    (read             ) [ 00]
acc_row_24_load_reload_read    (read             ) [ 00]
acc_row_16_load_reload_read    (read             ) [ 00]
acc_row_8_load_reload_read     (read             ) [ 00]
acc_row_load_reload_read       (read             ) [ 00]
cmp60_read                     (read             ) [ 00]
bc_actual_read                 (read             ) [ 00]
i_read                         (read             ) [ 00]
store_ln99                     (store            ) [ 00]
br_ln0                         (br               ) [ 00]
j_2                            (load             ) [ 00]
tmp                            (bitselect        ) [ 01]
br_ln99                        (br               ) [ 00]
add_ln99                       (add              ) [ 00]
zext_ln99                      (zext             ) [ 00]
trunc_ln99                     (trunc            ) [ 00]
specpipeline_ln100             (specpipeline     ) [ 00]
speclooptripcount_ln99         (speclooptripcount) [ 00]
specloopname_ln99              (specloopname     ) [ 00]
lshr_ln                        (partselect       ) [ 00]
tmp_178                        (bitconcatenate   ) [ 00]
zext_ln102_7                   (zext             ) [ 00]
S_tile_0_addr                  (getelementptr    ) [ 00]
S_tile_1_addr                  (getelementptr    ) [ 00]
S_tile_2_addr                  (getelementptr    ) [ 00]
S_tile_3_addr                  (getelementptr    ) [ 00]
S_tile_4_addr                  (getelementptr    ) [ 00]
S_tile_5_addr                  (getelementptr    ) [ 00]
S_tile_6_addr                  (getelementptr    ) [ 00]
S_tile_7_addr                  (getelementptr    ) [ 00]
icmp_ln102                     (icmp             ) [ 00]
and_ln102                      (and              ) [ 00]
tmp_s                          (sparsemux        ) [ 00]
cond                           (select           ) [ 00]
muxLogicRAMData_to_store_ln102 (muxlogic         ) [ 00]
muxLogicRAMAddr_to_store_ln102 (muxlogic         ) [ 00]
store_ln102                    (store            ) [ 00]
tmp_179                        (partselect       ) [ 00]
or_ln                          (bitconcatenate   ) [ 00]
zext_ln102                     (zext             ) [ 00]
icmp_ln102_1                   (icmp             ) [ 00]
and_ln102_1                    (and              ) [ 00]
tmp_171                        (sparsemux        ) [ 00]
cond_1                         (select           ) [ 00]
muxLogicRAMData_to_store_ln102 (muxlogic         ) [ 00]
muxLogicRAMAddr_to_store_ln102 (muxlogic         ) [ 00]
store_ln102                    (store            ) [ 00]
tmp_180                        (partselect       ) [ 00]
or_ln99_1                      (bitconcatenate   ) [ 00]
zext_ln102_1                   (zext             ) [ 00]
icmp_ln102_2                   (icmp             ) [ 00]
and_ln102_2                    (and              ) [ 00]
tmp_172                        (sparsemux        ) [ 00]
cond_2                         (select           ) [ 00]
muxLogicRAMData_to_store_ln102 (muxlogic         ) [ 00]
muxLogicRAMAddr_to_store_ln102 (muxlogic         ) [ 00]
store_ln102                    (store            ) [ 00]
or_ln99_2                      (bitconcatenate   ) [ 00]
zext_ln102_2                   (zext             ) [ 00]
icmp_ln102_3                   (icmp             ) [ 00]
and_ln102_3                    (and              ) [ 00]
tmp_173                        (sparsemux        ) [ 00]
cond_3                         (select           ) [ 00]
muxLogicRAMData_to_store_ln102 (muxlogic         ) [ 00]
muxLogicRAMAddr_to_store_ln102 (muxlogic         ) [ 00]
store_ln102                    (store            ) [ 00]
or_ln99_3                      (bitconcatenate   ) [ 00]
zext_ln102_3                   (zext             ) [ 00]
icmp_ln102_4                   (icmp             ) [ 00]
and_ln102_4                    (and              ) [ 00]
tmp_174                        (sparsemux        ) [ 00]
cond_4                         (select           ) [ 00]
muxLogicRAMData_to_store_ln102 (muxlogic         ) [ 00]
muxLogicRAMAddr_to_store_ln102 (muxlogic         ) [ 00]
store_ln102                    (store            ) [ 00]
tmp_7                          (bitselect        ) [ 00]
or_ln99_4                      (bitconcatenate   ) [ 00]
zext_ln102_4                   (zext             ) [ 00]
icmp_ln102_5                   (icmp             ) [ 00]
and_ln102_5                    (and              ) [ 00]
tmp_175                        (sparsemux        ) [ 00]
cond_5                         (select           ) [ 00]
muxLogicRAMData_to_store_ln102 (muxlogic         ) [ 00]
muxLogicRAMAddr_to_store_ln102 (muxlogic         ) [ 00]
store_ln102                    (store            ) [ 00]
or_ln99_5                      (bitconcatenate   ) [ 00]
zext_ln102_5                   (zext             ) [ 00]
icmp_ln102_6                   (icmp             ) [ 00]
and_ln102_6                    (and              ) [ 00]
tmp_176                        (sparsemux        ) [ 00]
cond_6                         (select           ) [ 00]
muxLogicRAMData_to_store_ln102 (muxlogic         ) [ 00]
muxLogicRAMAddr_to_store_ln102 (muxlogic         ) [ 00]
store_ln102                    (store            ) [ 00]
or_ln99_6                      (bitconcatenate   ) [ 00]
zext_ln102_6                   (zext             ) [ 00]
icmp_ln102_7                   (icmp             ) [ 00]
and_ln102_7                    (and              ) [ 00]
tmp_177                        (sparsemux        ) [ 00]
cond_7                         (select           ) [ 00]
muxLogicRAMData_to_store_ln102 (muxlogic         ) [ 00]
muxLogicRAMAddr_to_store_ln102 (muxlogic         ) [ 00]
store_ln102                    (store            ) [ 00]
store_ln99                     (store            ) [ 00]
br_ln99                        (br               ) [ 00]
ret_ln0                        (ret              ) [ 00]
</LifeTime>

<model>

<comp_list>
<comp id="0" class="1000" name="i">
<pin_list>
<pin id="1" dir="1" index="0" bw="1" slack="0"/>
</pin_list>
<bind>
<StgValue><ssdm name="i"/></StgValue>
</bind>
</comp>

<comp id="2" class="1000" name="S_tile_0">
<pin_list>
<pin id="3" dir="1" index="0" bw="1" slack="0"/>
</pin_list>
<bind>
<StgValue><ssdm name="S_tile_0"/><MemPortTyVec>3 0 </MemPortTyVec>
</StgValue>
</bind>
</comp>

<comp id="4" class="1000" name="S_tile_1">
<pin_list>
<pin id="5" dir="1" index="0" bw="1" slack="0"/>
</pin_list>
<bind>
<StgValue><ssdm name="S_tile_1"/><MemPortTyVec>3 0 </MemPortTyVec>
</StgValue>
</bind>
</comp>

<comp id="6" class="1000" name="S_tile_2">
<pin_list>
<pin id="7" dir="1" index="0" bw="1" slack="0"/>
</pin_list>
<bind>
<StgValue><ssdm name="S_tile_2"/><MemPortTyVec>3 0 </MemPortTyVec>
</StgValue>
</bind>
</comp>

<comp id="8" class="1000" name="S_tile_3">
<pin_list>
<pin id="9" dir="1" index="0" bw="1" slack="0"/>
</pin_list>
<bind>
<StgValue><ssdm name="S_tile_3"/><MemPortTyVec>3 0 </MemPortTyVec>
</StgValue>
</bind>
</comp>

<comp id="10" class="1000" name="S_tile_4">
<pin_list>
<pin id="11" dir="1" index="0" bw="1" slack="0"/>
</pin_list>
<bind>
<StgValue><ssdm name="S_tile_4"/><MemPortTyVec>3 0 </MemPortTyVec>
</StgValue>
</bind>
</comp>

<comp id="12" class="1000" name="S_tile_5">
<pin_list>
<pin id="13" dir="1" index="0" bw="1" slack="0"/>
</pin_list>
<bind>
<StgValue><ssdm name="S_tile_5"/><MemPortTyVec>3 0 </MemPortTyVec>
</StgValue>
</bind>
</comp>

<comp id="14" class="1000" name="S_tile_6">
<pin_list>
<pin id="15" dir="1" index="0" bw="1" slack="0"/>
</pin_list>
<bind>
<StgValue><ssdm name="S_tile_6"/><MemPortTyVec>3 0 </MemPortTyVec>
</StgValue>
</bind>
</comp>

<comp id="16" class="1000" name="S_tile_7">
<pin_list>
<pin id="17" dir="1" index="0" bw="1" slack="0"/>
</pin_list>
<bind>
<StgValue><ssdm name="S_tile_7"/><MemPortTyVec>3 0 </MemPortTyVec>
</StgValue>
</bind>
</comp>

<comp id="18" class="1000" name="bc_actual">
<pin_list>
<pin id="19" dir="1" index="0" bw="1" slack="0"/>
</pin_list>
<bind>
<StgValue><ssdm name="bc_actual"/></StgValue>
</bind>
</comp>

<comp id="20" class="1000" name="cmp60">
<pin_list>
<pin id="21" dir="1" index="0" bw="1" slack="0"/>
</pin_list>
<bind>
<StgValue><ssdm name="cmp60"/></StgValue>
</bind>
</comp>

<comp id="22" class="1000" name="acc_row_load_reload">
<pin_list>
<pin id="23" dir="1" index="0" bw="1" slack="0"/>
</pin_list>
<bind>
<StgValue><ssdm name="acc_row_load_reload"/></StgValue>
</bind>
</comp>

<comp id="24" class="1000" name="acc_row_8_load_reload">
<pin_list>
<pin id="25" dir="1" index="0" bw="1" slack="0"/>
</pin_list>
<bind>
<StgValue><ssdm name="acc_row_8_load_reload"/></StgValue>
</bind>
</comp>

<comp id="26" class="1000" name="acc_row_16_load_reload">
<pin_list>
<pin id="27" dir="1" index="0" bw="1" slack="0"/>
</pin_list>
<bind>
<StgValue><ssdm name="acc_row_16_load_reload"/></StgValue>
</bind>
</comp>

<comp id="28" class="1000" name="acc_row_24_load_reload">
<pin_list>
<pin id="29" dir="1" index="0" bw="1" slack="0"/>
</pin_list>
<bind>
<StgValue><ssdm name="acc_row_24_load_reload"/></StgValue>
</bind>
</comp>

<comp id="30" class="1000" name="acc_row_32_load_reload">
<pin_list>
<pin id="31" dir="1" index="0" bw="1" slack="0"/>
</pin_list>
<bind>
<StgValue><ssdm name="acc_row_32_load_reload"/></StgValue>
</bind>
</comp>

<comp id="32" class="1000" name="acc_row_40_load_reload">
<pin_list>
<pin id="33" dir="1" index="0" bw="1" slack="0"/>
</pin_list>
<bind>
<StgValue><ssdm name="acc_row_40_load_reload"/></StgValue>
</bind>
</comp>

<comp id="34" class="1000" name="acc_row_48_load_reload">
<pin_list>
<pin id="35" dir="1" index="0" bw="1" slack="0"/>
</pin_list>
<bind>
<StgValue><ssdm name="acc_row_48_load_reload"/></StgValue>
</bind>
</comp>

<comp id="36" class="1000" name="acc_row_56_load_reload">
<pin_list>
<pin id="37" dir="1" index="0" bw="1" slack="0"/>
</pin_list>
<bind>
<StgValue><ssdm name="acc_row_56_load_reload"/></StgValue>
</bind>
</comp>

<comp id="38" class="1000" name="acc_row_1_load_reload">
<pin_list>
<pin id="39" dir="1" index="0" bw="1" slack="0"/>
</pin_list>
<bind>
<StgValue><ssdm name="acc_row_1_load_reload"/></StgValue>
</bind>
</comp>

<comp id="40" class="1000" name="acc_row_9_load_reload">
<pin_list>
<pin id="41" dir="1" index="0" bw="1" slack="0"/>
</pin_list>
<bind>
<StgValue><ssdm name="acc_row_9_load_reload"/></StgValue>
</bind>
</comp>

<comp id="42" class="1000" name="acc_row_17_load_reload">
<pin_list>
<pin id="43" dir="1" index="0" bw="1" slack="0"/>
</pin_list>
<bind>
<StgValue><ssdm name="acc_row_17_load_reload"/></StgValue>
</bind>
</comp>

<comp id="44" class="1000" name="acc_row_25_load_reload">
<pin_list>
<pin id="45" dir="1" index="0" bw="1" slack="0"/>
</pin_list>
<bind>
<StgValue><ssdm name="acc_row_25_load_reload"/></StgValue>
</bind>
</comp>

<comp id="46" class="1000" name="acc_row_33_load_reload">
<pin_list>
<pin id="47" dir="1" index="0" bw="1" slack="0"/>
</pin_list>
<bind>
<StgValue><ssdm name="acc_row_33_load_reload"/></StgValue>
</bind>
</comp>

<comp id="48" class="1000" name="acc_row_41_load_reload">
<pin_list>
<pin id="49" dir="1" index="0" bw="1" slack="0"/>
</pin_list>
<bind>
<StgValue><ssdm name="acc_row_41_load_reload"/></StgValue>
</bind>
</comp>

<comp id="50" class="1000" name="acc_row_49_load_reload">
<pin_list>
<pin id="51" dir="1" index="0" bw="1" slack="0"/>
</pin_list>
<bind>
<StgValue><ssdm name="acc_row_49_load_reload"/></StgValue>
</bind>
</comp>

<comp id="52" class="1000" name="acc_row_57_load_reload">
<pin_list>
<pin id="53" dir="1" index="0" bw="1" slack="0"/>
</pin_list>
<bind>
<StgValue><ssdm name="acc_row_57_load_reload"/></StgValue>
</bind>
</comp>

<comp id="54" class="1000" name="acc_row_2_load_reload">
<pin_list>
<pin id="55" dir="1" index="0" bw="1" slack="0"/>
</pin_list>
<bind>
<StgValue><ssdm name="acc_row_2_load_reload"/></StgValue>
</bind>
</comp>

<comp id="56" class="1000" name="acc_row_10_load_reload">
<pin_list>
<pin id="57" dir="1" index="0" bw="1" slack="0"/>
</pin_list>
<bind>
<StgValue><ssdm name="acc_row_10_load_reload"/></StgValue>
</bind>
</comp>

<comp id="58" class="1000" name="acc_row_18_load_reload">
<pin_list>
<pin id="59" dir="1" index="0" bw="1" slack="0"/>
</pin_list>
<bind>
<StgValue><ssdm name="acc_row_18_load_reload"/></StgValue>
</bind>
</comp>

<comp id="60" class="1000" name="acc_row_26_load_reload">
<pin_list>
<pin id="61" dir="1" index="0" bw="1" slack="0"/>
</pin_list>
<bind>
<StgValue><ssdm name="acc_row_26_load_reload"/></StgValue>
</bind>
</comp>

<comp id="62" class="1000" name="acc_row_34_load_reload">
<pin_list>
<pin id="63" dir="1" index="0" bw="1" slack="0"/>
</pin_list>
<bind>
<StgValue><ssdm name="acc_row_34_load_reload"/></StgValue>
</bind>
</comp>

<comp id="64" class="1000" name="acc_row_42_load_reload">
<pin_list>
<pin id="65" dir="1" index="0" bw="1" slack="0"/>
</pin_list>
<bind>
<StgValue><ssdm name="acc_row_42_load_reload"/></StgValue>
</bind>
</comp>

<comp id="66" class="1000" name="acc_row_50_load_reload">
<pin_list>
<pin id="67" dir="1" index="0" bw="1" slack="0"/>
</pin_list>
<bind>
<StgValue><ssdm name="acc_row_50_load_reload"/></StgValue>
</bind>
</comp>

<comp id="68" class="1000" name="acc_row_58_load_reload">
<pin_list>
<pin id="69" dir="1" index="0" bw="1" slack="0"/>
</pin_list>
<bind>
<StgValue><ssdm name="acc_row_58_load_reload"/></StgValue>
</bind>
</comp>

<comp id="70" class="1000" name="acc_row_3_load_reload">
<pin_list>
<pin id="71" dir="1" index="0" bw="1" slack="0"/>
</pin_list>
<bind>
<StgValue><ssdm name="acc_row_3_load_reload"/></StgValue>
</bind>
</comp>

<comp id="72" class="1000" name="acc_row_11_load_reload">
<pin_list>
<pin id="73" dir="1" index="0" bw="1" slack="0"/>
</pin_list>
<bind>
<StgValue><ssdm name="acc_row_11_load_reload"/></StgValue>
</bind>
</comp>

<comp id="74" class="1000" name="acc_row_19_load_reload">
<pin_list>
<pin id="75" dir="1" index="0" bw="1" slack="0"/>
</pin_list>
<bind>
<StgValue><ssdm name="acc_row_19_load_reload"/></StgValue>
</bind>
</comp>

<comp id="76" class="1000" name="acc_row_27_load_reload">
<pin_list>
<pin id="77" dir="1" index="0" bw="1" slack="0"/>
</pin_list>
<bind>
<StgValue><ssdm name="acc_row_27_load_reload"/></StgValue>
</bind>
</comp>

<comp id="78" class="1000" name="acc_row_35_load_reload">
<pin_list>
<pin id="79" dir="1" index="0" bw="1" slack="0"/>
</pin_list>
<bind>
<StgValue><ssdm name="acc_row_35_load_reload"/></StgValue>
</bind>
</comp>

<comp id="80" class="1000" name="acc_row_43_load_reload">
<pin_list>
<pin id="81" dir="1" index="0" bw="1" slack="0"/>
</pin_list>
<bind>
<StgValue><ssdm name="acc_row_43_load_reload"/></StgValue>
</bind>
</comp>

<comp id="82" class="1000" name="acc_row_51_load_reload">
<pin_list>
<pin id="83" dir="1" index="0" bw="1" slack="0"/>
</pin_list>
<bind>
<StgValue><ssdm name="acc_row_51_load_reload"/></StgValue>
</bind>
</comp>

<comp id="84" class="1000" name="acc_row_59_load_reload">
<pin_list>
<pin id="85" dir="1" index="0" bw="1" slack="0"/>
</pin_list>
<bind>
<StgValue><ssdm name="acc_row_59_load_reload"/></StgValue>
</bind>
</comp>

<comp id="86" class="1000" name="acc_row_4_load_reload">
<pin_list>
<pin id="87" dir="1" index="0" bw="1" slack="0"/>
</pin_list>
<bind>
<StgValue><ssdm name="acc_row_4_load_reload"/></StgValue>
</bind>
</comp>

<comp id="88" class="1000" name="acc_row_12_load_reload">
<pin_list>
<pin id="89" dir="1" index="0" bw="1" slack="0"/>
</pin_list>
<bind>
<StgValue><ssdm name="acc_row_12_load_reload"/></StgValue>
</bind>
</comp>

<comp id="90" class="1000" name="acc_row_20_load_reload">
<pin_list>
<pin id="91" dir="1" index="0" bw="1" slack="0"/>
</pin_list>
<bind>
<StgValue><ssdm name="acc_row_20_load_reload"/></StgValue>
</bind>
</comp>

<comp id="92" class="1000" name="acc_row_28_load_reload">
<pin_list>
<pin id="93" dir="1" index="0" bw="1" slack="0"/>
</pin_list>
<bind>
<StgValue><ssdm name="acc_row_28_load_reload"/></StgValue>
</bind>
</comp>

<comp id="94" class="1000" name="acc_row_36_load_reload">
<pin_list>
<pin id="95" dir="1" index="0" bw="1" slack="0"/>
</pin_list>
<bind>
<StgValue><ssdm name="acc_row_36_load_reload"/></StgValue>
</bind>
</comp>

<comp id="96" class="1000" name="acc_row_44_load_reload">
<pin_list>
<pin id="97" dir="1" index="0" bw="1" slack="0"/>
</pin_list>
<bind>
<StgValue><ssdm name="acc_row_44_load_reload"/></StgValue>
</bind>
</comp>

<comp id="98" class="1000" name="acc_row_52_load_reload">
<pin_list>
<pin id="99" dir="1" index="0" bw="1" slack="0"/>
</pin_list>
<bind>
<StgValue><ssdm name="acc_row_52_load_reload"/></StgValue>
</bind>
</comp>

<comp id="100" class="1000" name="acc_row_60_load_reload">
<pin_list>
<pin id="101" dir="1" index="0" bw="1" slack="0"/>
</pin_list>
<bind>
<StgValue><ssdm name="acc_row_60_load_reload"/></StgValue>
</bind>
</comp>

<comp id="102" class="1000" name="acc_row_5_load_reload">
<pin_list>
<pin id="103" dir="1" index="0" bw="1" slack="0"/>
</pin_list>
<bind>
<StgValue><ssdm name="acc_row_5_load_reload"/></StgValue>
</bind>
</comp>

<comp id="104" class="1000" name="acc_row_13_load_reload">
<pin_list>
<pin id="105" dir="1" index="0" bw="1" slack="0"/>
</pin_list>
<bind>
<StgValue><ssdm name="acc_row_13_load_reload"/></StgValue>
</bind>
</comp>

<comp id="106" class="1000" name="acc_row_21_load_reload">
<pin_list>
<pin id="107" dir="1" index="0" bw="1" slack="0"/>
</pin_list>
<bind>
<StgValue><ssdm name="acc_row_21_load_reload"/></StgValue>
</bind>
</comp>

<comp id="108" class="1000" name="acc_row_29_load_reload">
<pin_list>
<pin id="109" dir="1" index="0" bw="1" slack="0"/>
</pin_list>
<bind>
<StgValue><ssdm name="acc_row_29_load_reload"/></StgValue>
</bind>
</comp>

<comp id="110" class="1000" name="acc_row_37_load_reload">
<pin_list>
<pin id="111" dir="1" index="0" bw="1" slack="0"/>
</pin_list>
<bind>
<StgValue><ssdm name="acc_row_37_load_reload"/></StgValue>
</bind>
</comp>

<comp id="112" class="1000" name="acc_row_45_load_reload">
<pin_list>
<pin id="113" dir="1" index="0" bw="1" slack="0"/>
</pin_list>
<bind>
<StgValue><ssdm name="acc_row_45_load_reload"/></StgValue>
</bind>
</comp>

<comp id="114" class="1000" name="acc_row_53_load_reload">
<pin_list>
<pin id="115" dir="1" index="0" bw="1" slack="0"/>
</pin_list>
<bind>
<StgValue><ssdm name="acc_row_53_load_reload"/></StgValue>
</bind>
</comp>

<comp id="116" class="1000" name="acc_row_61_load_reload">
<pin_list>
<pin id="117" dir="1" index="0" bw="1" slack="0"/>
</pin_list>
<bind>
<StgValue><ssdm name="acc_row_61_load_reload"/></StgValue>
</bind>
</comp>

<comp id="118" class="1000" name="acc_row_6_load_reload">
<pin_list>
<pin id="119" dir="1" index="0" bw="1" slack="0"/>
</pin_list>
<bind>
<StgValue><ssdm name="acc_row_6_load_reload"/></StgValue>
</bind>
</comp>

<comp id="120" class="1000" name="acc_row_14_load_reload">
<pin_list>
<pin id="121" dir="1" index="0" bw="1" slack="0"/>
</pin_list>
<bind>
<StgValue><ssdm name="acc_row_14_load_reload"/></StgValue>
</bind>
</comp>

<comp id="122" class="1000" name="acc_row_22_load_reload">
<pin_list>
<pin id="123" dir="1" index="0" bw="1" slack="0"/>
</pin_list>
<bind>
<StgValue><ssdm name="acc_row_22_load_reload"/></StgValue>
</bind>
</comp>

<comp id="124" class="1000" name="acc_row_30_load_reload">
<pin_list>
<pin id="125" dir="1" index="0" bw="1" slack="0"/>
</pin_list>
<bind>
<StgValue><ssdm name="acc_row_30_load_reload"/></StgValue>
</bind>
</comp>

<comp id="126" class="1000" name="acc_row_38_load_reload">
<pin_list>
<pin id="127" dir="1" index="0" bw="1" slack="0"/>
</pin_list>
<bind>
<StgValue><ssdm name="acc_row_38_load_reload"/></StgValue>
</bind>
</comp>

<comp id="128" class="1000" name="acc_row_46_load_reload">
<pin_list>
<pin id="129" dir="1" index="0" bw="1" slack="0"/>
</pin_list>
<bind>
<StgValue><ssdm name="acc_row_46_load_reload"/></StgValue>
</bind>
</comp>

<comp id="130" class="1000" name="acc_row_54_load_reload">
<pin_list>
<pin id="131" dir="1" index="0" bw="1" slack="0"/>
</pin_list>
<bind>
<StgValue><ssdm name="acc_row_54_load_reload"/></StgValue>
</bind>
</comp>

<comp id="132" class="1000" name="acc_row_62_load_reload">
<pin_list>
<pin id="133" dir="1" index="0" bw="1" slack="0"/>
</pin_list>
<bind>
<StgValue><ssdm name="acc_row_62_load_reload"/></StgValue>
</bind>
</comp>

<comp id="134" class="1000" name="acc_row_7_load_reload">
<pin_list>
<pin id="135" dir="1" index="0" bw="1" slack="0"/>
</pin_list>
<bind>
<StgValue><ssdm name="acc_row_7_load_reload"/></StgValue>
</bind>
</comp>

<comp id="136" class="1000" name="acc_row_15_load_reload">
<pin_list>
<pin id="137" dir="1" index="0" bw="1" slack="0"/>
</pin_list>
<bind>
<StgValue><ssdm name="acc_row_15_load_reload"/></StgValue>
</bind>
</comp>

<comp id="138" class="1000" name="acc_row_23_load_reload">
<pin_list>
<pin id="139" dir="1" index="0" bw="1" slack="0"/>
</pin_list>
<bind>
<StgValue><ssdm name="acc_row_23_load_reload"/></StgValue>
</bind>
</comp>

<comp id="140" class="1000" name="acc_row_31_load_reload">
<pin_list>
<pin id="141" dir="1" index="0" bw="1" slack="0"/>
</pin_list>
<bind>
<StgValue><ssdm name="acc_row_31_load_reload"/></StgValue>
</bind>
</comp>

<comp id="142" class="1000" name="acc_row_39_load_reload">
<pin_list>
<pin id="143" dir="1" index="0" bw="1" slack="0"/>
</pin_list>
<bind>
<StgValue><ssdm name="acc_row_39_load_reload"/></StgValue>
</bind>
</comp>

<comp id="144" class="1000" name="acc_row_47_load_reload">
<pin_list>
<pin id="145" dir="1" index="0" bw="1" slack="0"/>
</pin_list>
<bind>
<StgValue><ssdm name="acc_row_47_load_reload"/></StgValue>
</bind>
</comp>

<comp id="146" class="1000" name="acc_row_55_load_reload">
<pin_list>
<pin id="147" dir="1" index="0" bw="1" slack="0"/>
</pin_list>
<bind>
<StgValue><ssdm name="acc_row_55_load_reload"/></StgValue>
</bind>
</comp>

<comp id="148" class="1000" name="acc_row_63_load_reload">
<pin_list>
<pin id="149" dir="1" index="0" bw="1" slack="0"/>
</pin_list>
<bind>
<StgValue><ssdm name="acc_row_63_load_reload"/></StgValue>
</bind>
</comp>

<comp id="150" class="1001" name="const_150">
<pin_list>
<pin id="151" dir="1" index="0" bw="1" slack="0"/>
</pin_list>
<bind>
<StgValue><ssdm name=""/></StgValue>
</bind>
</comp>

<comp id="152" class="1001" name="const_152">
<pin_list>
<pin id="153" dir="1" index="0" bw="1" slack="2147483647"/>
</pin_list>
<bind>
<StgValue><ssdm name="_ssdm_op_SpecMemCore"/></StgValue>
</bind>
</comp>

<comp id="154" class="1001" name="const_154">
<pin_list>
<pin id="155" dir="1" index="0" bw="1" slack="2147483647"/>
</pin_list>
<bind>
<StgValue><ssdm name=""/></StgValue>
</bind>
</comp>

<comp id="156" class="1001" name="const_156">
<pin_list>
<pin id="157" dir="1" index="0" bw="1" slack="2147483647"/>
</pin_list>
<bind>
<StgValue><ssdm name=""/></StgValue>
</bind>
</comp>

<comp id="158" class="1001" name="const_158">
<pin_list>
<pin id="159" dir="1" index="0" bw="1" slack="2147483647"/>
</pin_list>
<bind>
<StgValue><ssdm name=""/></StgValue>
</bind>
</comp>

<comp id="160" class="1001" name="const_160">
<pin_list>
<pin id="161" dir="1" index="0" bw="1" slack="0"/>
</pin_list>
<bind>
<StgValue><ssdm name="_ssdm_op_Read.ap_auto.float"/></StgValue>
</bind>
</comp>

<comp id="162" class="1001" name="const_162">
<pin_list>
<pin id="163" dir="1" index="0" bw="1" slack="0"/>
</pin_list>
<bind>
<StgValue><ssdm name="_ssdm_op_Read.ap_auto.i1"/></StgValue>
</bind>
</comp>

<comp id="164" class="1001" name="const_164">
<pin_list>
<pin id="165" dir="1" index="0" bw="1" slack="0"/>
</pin_list>
<bind>
<StgValue><ssdm name="_ssdm_op_Read.ap_auto.i32"/></StgValue>
</bind>
</comp>

<comp id="166" class="1001" name="const_166">
<pin_list>
<pin id="167" dir="1" index="0" bw="1" slack="0"/>
</pin_list>
<bind>
<StgValue><ssdm name="_ssdm_op_Read.ap_auto.i6"/></StgValue>
</bind>
</comp>

<comp id="168" class="1001" name="const_168">
<pin_list>
<pin id="169" dir="1" index="0" bw="1" slack="0"/>
</pin_list>
<bind>
<StgValue><ssdm name=""/></StgValue>
</bind>
</comp>

<comp id="170" class="1001" name="const_170">
<pin_list>
<pin id="171" dir="1" index="0" bw="1" slack="0"/>
</pin_list>
<bind>
<StgValue><ssdm name="_ssdm_op_BitSelect.i1.i7.i32"/></StgValue>
</bind>
</comp>

<comp id="172" class="1001" name="const_172">
<pin_list>
<pin id="173" dir="1" index="0" bw="1" slack="0"/>
</pin_list>
<bind>
<StgValue><ssdm name=""/></StgValue>
</bind>
</comp>

<comp id="174" class="1001" name="const_174">
<pin_list>
<pin id="175" dir="1" index="0" bw="1" slack="0"/>
</pin_list>
<bind>
<StgValue><ssdm name=""/></StgValue>
</bind>
</comp>

<comp id="176" class="1001" name="const_176">
<pin_list>
<pin id="177" dir="1" index="0" bw="1" slack="2147483647"/>
</pin_list>
<bind>
<StgValue><ssdm name="_ssdm_op_SpecPipeline"/></StgValue>
</bind>
</comp>

<comp id="178" class="1001" name="const_178">
<pin_list>
<pin id="179" dir="1" index="0" bw="1" slack="2147483647"/>
</pin_list>
<bind>
<StgValue><ssdm name=""/></StgValue>
</bind>
</comp>

<comp id="180" class="1001" name="const_180">
<pin_list>
<pin id="181" dir="1" index="0" bw="1" slack="2147483647"/>
</pin_list>
<bind>
<StgValue><ssdm name="empty_27"/></StgValue>
</bind>
</comp>

<comp id="182" class="1001" name="const_182">
<pin_list>
<pin id="183" dir="1" index="0" bw="1" slack="2147483647"/>
</pin_list>
<bind>
<StgValue><ssdm name="_ssdm_op_SpecLoopTripCount"/></StgValue>
</bind>
</comp>

<comp id="184" class="1001" name="const_184">
<pin_list>
<pin id="185" dir="1" index="0" bw="1" slack="2147483647"/>
</pin_list>
<bind>
<StgValue><ssdm name=""/></StgValue>
</bind>
</comp>

<comp id="186" class="1001" name="const_186">
<pin_list>
<pin id="187" dir="1" index="0" bw="1" slack="2147483647"/>
</pin_list>
<bind>
<StgValue><ssdm name="_ssdm_op_SpecLoopName"/></StgValue>
</bind>
</comp>

<comp id="188" class="1001" name="const_188">
<pin_list>
<pin id="189" dir="1" index="0" bw="1" slack="2147483647"/>
</pin_list>
<bind>
<StgValue><ssdm name="empty_11"/></StgValue>
</bind>
</comp>

<comp id="190" class="1001" name="const_190">
<pin_list>
<pin id="191" dir="1" index="0" bw="1" slack="0"/>
</pin_list>
<bind>
<StgValue><ssdm name="_ssdm_op_PartSelect.i3.i7.i32.i32"/></StgValue>
</bind>
</comp>

<comp id="192" class="1001" name="const_192">
<pin_list>
<pin id="193" dir="1" index="0" bw="1" slack="0"/>
</pin_list>
<bind>
<StgValue><ssdm name=""/></StgValue>
</bind>
</comp>

<comp id="194" class="1001" name="const_194">
<pin_list>
<pin id="195" dir="1" index="0" bw="1" slack="0"/>
</pin_list>
<bind>
<StgValue><ssdm name=""/></StgValue>
</bind>
</comp>

<comp id="196" class="1001" name="const_196">
<pin_list>
<pin id="197" dir="1" index="0" bw="1" slack="0"/>
</pin_list>
<bind>
<StgValue><ssdm name="_ssdm_op_BitConcatenate.i9.i6.i3"/></StgValue>
</bind>
</comp>

<comp id="198" class="1001" name="const_198">
<pin_list>
<pin id="199" dir="1" index="0" bw="1" slack="0"/>
</pin_list>
<bind>
<StgValue><ssdm name=""/></StgValue>
</bind>
</comp>

<comp id="200" class="1001" name="const_200">
<pin_list>
<pin id="201" dir="1" index="0" bw="1" slack="0"/>
</pin_list>
<bind>
<StgValue><ssdm name="_ssdm_op_SparseMux.ap_auto.8float.float.i6"/></StgValue>
</bind>
</comp>

<comp id="202" class="1001" name="const_202">
<pin_list>
<pin id="203" dir="1" index="0" bw="1" slack="0"/>
</pin_list>
<bind>
<StgValue><ssdm name=""/></StgValue>
</bind>
</comp>

<comp id="204" class="1001" name="const_204">
<pin_list>
<pin id="205" dir="1" index="0" bw="1" slack="0"/>
</pin_list>
<bind>
<StgValue><ssdm name=""/></StgValue>
</bind>
</comp>

<comp id="206" class="1001" name="const_206">
<pin_list>
<pin id="207" dir="1" index="0" bw="1" slack="0"/>
</pin_list>
<bind>
<StgValue><ssdm name=""/></StgValue>
</bind>
</comp>

<comp id="208" class="1001" name="const_208">
<pin_list>
<pin id="209" dir="1" index="0" bw="1" slack="0"/>
</pin_list>
<bind>
<StgValue><ssdm name=""/></StgValue>
</bind>
</comp>

<comp id="210" class="1001" name="const_210">
<pin_list>
<pin id="211" dir="1" index="0" bw="1" slack="0"/>
</pin_list>
<bind>
<StgValue><ssdm name=""/></StgValue>
</bind>
</comp>

<comp id="212" class="1001" name="const_212">
<pin_list>
<pin id="213" dir="1" index="0" bw="1" slack="0"/>
</pin_list>
<bind>
<StgValue><ssdm name=""/></StgValue>
</bind>
</comp>

<comp id="214" class="1001" name="const_214">
<pin_list>
<pin id="215" dir="1" index="0" bw="1" slack="0"/>
</pin_list>
<bind>
<StgValue><ssdm name=""/></StgValue>
</bind>
</comp>

<comp id="216" class="1001" name="const_216">
<pin_list>
<pin id="217" dir="1" index="0" bw="1" slack="0"/>
</pin_list>
<bind>
<StgValue><ssdm name=""/></StgValue>
</bind>
</comp>

<comp id="218" class="1001" name="const_218">
<pin_list>
<pin id="219" dir="1" index="0" bw="1" slack="0"/>
</pin_list>
<bind>
<StgValue><ssdm name=""/></StgValue>
</bind>
</comp>

<comp id="220" class="1001" name="const_220">
<pin_list>
<pin id="221" dir="1" index="0" bw="1" slack="0"/>
</pin_list>
<bind>
<StgValue><ssdm name=""/></StgValue>
</bind>
</comp>

<comp id="222" class="1001" name="const_222">
<pin_list>
<pin id="223" dir="1" index="0" bw="1" slack="0"/>
</pin_list>
<bind>
<StgValue><ssdm name="_ssdm_op_PartSelect.i5.i7.i32.i32"/></StgValue>
</bind>
</comp>

<comp id="224" class="1001" name="const_224">
<pin_list>
<pin id="225" dir="1" index="0" bw="1" slack="0"/>
</pin_list>
<bind>
<StgValue><ssdm name="_ssdm_op_BitConcatenate.i6.i5.i1"/></StgValue>
</bind>
</comp>

<comp id="226" class="1001" name="const_226">
<pin_list>
<pin id="227" dir="1" index="0" bw="1" slack="0"/>
</pin_list>
<bind>
<StgValue><ssdm name=""/></StgValue>
</bind>
</comp>

<comp id="228" class="1001" name="const_228">
<pin_list>
<pin id="229" dir="1" index="0" bw="1" slack="0"/>
</pin_list>
<bind>
<StgValue><ssdm name="_ssdm_op_PartSelect.i4.i7.i32.i32"/></StgValue>
</bind>
</comp>

<comp id="230" class="1001" name="const_230">
<pin_list>
<pin id="231" dir="1" index="0" bw="1" slack="0"/>
</pin_list>
<bind>
<StgValue><ssdm name=""/></StgValue>
</bind>
</comp>

<comp id="232" class="1001" name="const_232">
<pin_list>
<pin id="233" dir="1" index="0" bw="1" slack="0"/>
</pin_list>
<bind>
<StgValue><ssdm name="_ssdm_op_BitConcatenate.i6.i4.i2"/></StgValue>
</bind>
</comp>

<comp id="234" class="1001" name="const_234">
<pin_list>
<pin id="235" dir="1" index="0" bw="1" slack="0"/>
</pin_list>
<bind>
<StgValue><ssdm name=""/></StgValue>
</bind>
</comp>

<comp id="236" class="1001" name="const_236">
<pin_list>
<pin id="237" dir="1" index="0" bw="1" slack="0"/>
</pin_list>
<bind>
<StgValue><ssdm name=""/></StgValue>
</bind>
</comp>

<comp id="238" class="1001" name="const_238">
<pin_list>
<pin id="239" dir="1" index="0" bw="1" slack="0"/>
</pin_list>
<bind>
<StgValue><ssdm name="_ssdm_op_BitConcatenate.i6.i3.i3"/></StgValue>
</bind>
</comp>

<comp id="240" class="1001" name="const_240">
<pin_list>
<pin id="241" dir="1" index="0" bw="1" slack="0"/>
</pin_list>
<bind>
<StgValue><ssdm name=""/></StgValue>
</bind>
</comp>

<comp id="242" class="1001" name="const_242">
<pin_list>
<pin id="243" dir="1" index="0" bw="1" slack="0"/>
</pin_list>
<bind>
<StgValue><ssdm name="_ssdm_op_BitConcatenate.i6.i3.i1.i1.i1"/></StgValue>
</bind>
</comp>

<comp id="244" class="1001" name="const_244">
<pin_list>
<pin id="245" dir="1" index="0" bw="1" slack="0"/>
</pin_list>
<bind>
<StgValue><ssdm name=""/></StgValue>
</bind>
</comp>

<comp id="246" class="1001" name="const_246">
<pin_list>
<pin id="247" dir="1" index="0" bw="1" slack="0"/>
</pin_list>
<bind>
<StgValue><ssdm name=""/></StgValue>
</bind>
</comp>

<comp id="248" class="1004" name="j_fu_248">
<pin_list>
<pin id="249" dir="0" index="0" bw="1" slack="0"/>
<pin id="250" dir="1" index="1" bw="7" slack="0"/>
</pin_list>
<bind>
<opcode="alloca(26) " fcode="alloca"/>
<opset="j/1 "/>
</bind>
</comp>

<comp id="252" class="1004" name="acc_row_63_load_reload_read_read_fu_252">
<pin_list>
<pin id="253" dir="0" index="0" bw="32" slack="0"/>
<pin id="254" dir="0" index="1" bw="32" slack="0"/>
<pin id="255" dir="1" index="2" bw="32" slack="0"/>
</pin_list>
<bind>
<opcode="read(1150) " fcode="read"/>
<opset="acc_row_63_load_reload_read/1 "/>
</bind>
</comp>

<comp id="258" class="1004" name="acc_row_55_load_reload_read_read_fu_258">
<pin_list>
<pin id="259" dir="0" index="0" bw="32" slack="0"/>
<pin id="260" dir="0" index="1" bw="32" slack="0"/>
<pin id="261" dir="1" index="2" bw="32" slack="0"/>
</pin_list>
<bind>
<opcode="read(1150) " fcode="read"/>
<opset="acc_row_55_load_reload_read/1 "/>
</bind>
</comp>

<comp id="264" class="1004" name="acc_row_47_load_reload_read_read_fu_264">
<pin_list>
<pin id="265" dir="0" index="0" bw="32" slack="0"/>
<pin id="266" dir="0" index="1" bw="32" slack="0"/>
<pin id="267" dir="1" index="2" bw="32" slack="0"/>
</pin_list>
<bind>
<opcode="read(1150) " fcode="read"/>
<opset="acc_row_47_load_reload_read/1 "/>
</bind>
</comp>

<comp id="270" class="1004" name="acc_row_39_load_reload_read_read_fu_270">
<pin_list>
<pin id="271" dir="0" index="0" bw="32" slack="0"/>
<pin id="272" dir="0" index="1" bw="32" slack="0"/>
<pin id="273" dir="1" index="2" bw="32" slack="0"/>
</pin_list>
<bind>
<opcode="read(1150) " fcode="read"/>
<opset="acc_row_39_load_reload_read/1 "/>
</bind>
</comp>

<comp id="276" class="1004" name="acc_row_31_load_reload_read_read_fu_276">
<pin_list>
<pin id="277" dir="0" index="0" bw="32" slack="0"/>
<pin id="278" dir="0" index="1" bw="32" slack="0"/>
<pin id="279" dir="1" index="2" bw="32" slack="0"/>
</pin_list>
<bind>
<opcode="read(1150) " fcode="read"/>
<opset="acc_row_31_load_reload_read/1 "/>
</bind>
</comp>

<comp id="282" class="1004" name="acc_row_23_load_reload_read_read_fu_282">
<pin_list>
<pin id="283" dir="0" index="0" bw="32" slack="0"/>
<pin id="284" dir="0" index="1" bw="32" slack="0"/>
<pin id="285" dir="1" index="2" bw="32" slack="0"/>
</pin_list>
<bind>
<opcode="read(1150) " fcode="read"/>
<opset="acc_row_23_load_reload_read/1 "/>
</bind>
</comp>

<comp id="288" class="1004" name="acc_row_15_load_reload_read_read_fu_288">
<pin_list>
<pin id="289" dir="0" index="0" bw="32" slack="0"/>
<pin id="290" dir="0" index="1" bw="32" slack="0"/>
<pin id="291" dir="1" index="2" bw="32" slack="0"/>
</pin_list>
<bind>
<opcode="read(1150) " fcode="read"/>
<opset="acc_row_15_load_reload_read/1 "/>
</bind>
</comp>

<comp id="294" class="1004" name="acc_row_7_load_reload_read_read_fu_294">
<pin_list>
<pin id="295" dir="0" index="0" bw="32" slack="0"/>
<pin id="296" dir="0" index="1" bw="32" slack="0"/>
<pin id="297" dir="1" index="2" bw="32" slack="0"/>
</pin_list>
<bind>
<opcode="read(1150) " fcode="read"/>
<opset="acc_row_7_load_reload_read/1 "/>
</bind>
</comp>

<comp id="300" class="1004" name="acc_row_62_load_reload_read_read_fu_300">
<pin_list>
<pin id="301" dir="0" index="0" bw="32" slack="0"/>
<pin id="302" dir="0" index="1" bw="32" slack="0"/>
<pin id="303" dir="1" index="2" bw="32" slack="0"/>
</pin_list>
<bind>
<opcode="read(1150) " fcode="read"/>
<opset="acc_row_62_load_reload_read/1 "/>
</bind>
</comp>

<comp id="306" class="1004" name="acc_row_54_load_reload_read_read_fu_306">
<pin_list>
<pin id="307" dir="0" index="0" bw="32" slack="0"/>
<pin id="308" dir="0" index="1" bw="32" slack="0"/>
<pin id="309" dir="1" index="2" bw="32" slack="0"/>
</pin_list>
<bind>
<opcode="read(1150) " fcode="read"/>
<opset="acc_row_54_load_reload_read/1 "/>
</bind>
</comp>

<comp id="312" class="1004" name="acc_row_46_load_reload_read_read_fu_312">
<pin_list>
<pin id="313" dir="0" index="0" bw="32" slack="0"/>
<pin id="314" dir="0" index="1" bw="32" slack="0"/>
<pin id="315" dir="1" index="2" bw="32" slack="0"/>
</pin_list>
<bind>
<opcode="read(1150) " fcode="read"/>
<opset="acc_row_46_load_reload_read/1 "/>
</bind>
</comp>

<comp id="318" class="1004" name="acc_row_38_load_reload_read_read_fu_318">
<pin_list>
<pin id="319" dir="0" index="0" bw="32" slack="0"/>
<pin id="320" dir="0" index="1" bw="32" slack="0"/>
<pin id="321" dir="1" index="2" bw="32" slack="0"/>
</pin_list>
<bind>
<opcode="read(1150) " fcode="read"/>
<opset="acc_row_38_load_reload_read/1 "/>
</bind>
</comp>

<comp id="324" class="1004" name="acc_row_30_load_reload_read_read_fu_324">
<pin_list>
<pin id="325" dir="0" index="0" bw="32" slack="0"/>
<pin id="326" dir="0" index="1" bw="32" slack="0"/>
<pin id="327" dir="1" index="2" bw="32" slack="0"/>
</pin_list>
<bind>
<opcode="read(1150) " fcode="read"/>
<opset="acc_row_30_load_reload_read/1 "/>
</bind>
</comp>

<comp id="330" class="1004" name="acc_row_22_load_reload_read_read_fu_330">
<pin_list>
<pin id="331" dir="0" index="0" bw="32" slack="0"/>
<pin id="332" dir="0" index="1" bw="32" slack="0"/>
<pin id="333" dir="1" index="2" bw="32" slack="0"/>
</pin_list>
<bind>
<opcode="read(1150) " fcode="read"/>
<opset="acc_row_22_load_reload_read/1 "/>
</bind>
</comp>

<comp id="336" class="1004" name="acc_row_14_load_reload_read_read_fu_336">
<pin_list>
<pin id="337" dir="0" index="0" bw="32" slack="0"/>
<pin id="338" dir="0" index="1" bw="32" slack="0"/>
<pin id="339" dir="1" index="2" bw="32" slack="0"/>
</pin_list>
<bind>
<opcode="read(1150) " fcode="read"/>
<opset="acc_row_14_load_reload_read/1 "/>
</bind>
</comp>

<comp id="342" class="1004" name="acc_row_6_load_reload_read_read_fu_342">
<pin_list>
<pin id="343" dir="0" index="0" bw="32" slack="0"/>
<pin id="344" dir="0" index="1" bw="32" slack="0"/>
<pin id="345" dir="1" index="2" bw="32" slack="0"/>
</pin_list>
<bind>
<opcode="read(1150) " fcode="read"/>
<opset="acc_row_6_load_reload_read/1 "/>
</bind>
</comp>

<comp id="348" class="1004" name="acc_row_61_load_reload_read_read_fu_348">
<pin_list>
<pin id="349" dir="0" index="0" bw="32" slack="0"/>
<pin id="350" dir="0" index="1" bw="32" slack="0"/>
<pin id="351" dir="1" index="2" bw="32" slack="0"/>
</pin_list>
<bind>
<opcode="read(1150) " fcode="read"/>
<opset="acc_row_61_load_reload_read/1 "/>
</bind>
</comp>

<comp id="354" class="1004" name="acc_row_53_load_reload_read_read_fu_354">
<pin_list>
<pin id="355" dir="0" index="0" bw="32" slack="0"/>
<pin id="356" dir="0" index="1" bw="32" slack="0"/>
<pin id="357" dir="1" index="2" bw="32" slack="0"/>
</pin_list>
<bind>
<opcode="read(1150) " fcode="read"/>
<opset="acc_row_53_load_reload_read/1 "/>
</bind>
</comp>

<comp id="360" class="1004" name="acc_row_45_load_reload_read_read_fu_360">
<pin_list>
<pin id="361" dir="0" index="0" bw="32" slack="0"/>
<pin id="362" dir="0" index="1" bw="32" slack="0"/>
<pin id="363" dir="1" index="2" bw="32" slack="0"/>
</pin_list>
<bind>
<opcode="read(1150) " fcode="read"/>
<opset="acc_row_45_load_reload_read/1 "/>
</bind>
</comp>

<comp id="366" class="1004" name="acc_row_37_load_reload_read_read_fu_366">
<pin_list>
<pin id="367" dir="0" index="0" bw="32" slack="0"/>
<pin id="368" dir="0" index="1" bw="32" slack="0"/>
<pin id="369" dir="1" index="2" bw="32" slack="0"/>
</pin_list>
<bind>
<opcode="read(1150) " fcode="read"/>
<opset="acc_row_37_load_reload_read/1 "/>
</bind>
</comp>

<comp id="372" class="1004" name="acc_row_29_load_reload_read_read_fu_372">
<pin_list>
<pin id="373" dir="0" index="0" bw="32" slack="0"/>
<pin id="374" dir="0" index="1" bw="32" slack="0"/>
<pin id="375" dir="1" index="2" bw="32" slack="0"/>
</pin_list>
<bind>
<opcode="read(1150) " fcode="read"/>
<opset="acc_row_29_load_reload_read/1 "/>
</bind>
</comp>

<comp id="378" class="1004" name="acc_row_21_load_reload_read_read_fu_378">
<pin_list>
<pin id="379" dir="0" index="0" bw="32" slack="0"/>
<pin id="380" dir="0" index="1" bw="32" slack="0"/>
<pin id="381" dir="1" index="2" bw="32" slack="0"/>
</pin_list>
<bind>
<opcode="read(1150) " fcode="read"/>
<opset="acc_row_21_load_reload_read/1 "/>
</bind>
</comp>

<comp id="384" class="1004" name="acc_row_13_load_reload_read_read_fu_384">
<pin_list>
<pin id="385" dir="0" index="0" bw="32" slack="0"/>
<pin id="386" dir="0" index="1" bw="32" slack="0"/>
<pin id="387" dir="1" index="2" bw="32" slack="0"/>
</pin_list>
<bind>
<opcode="read(1150) " fcode="read"/>
<opset="acc_row_13_load_reload_read/1 "/>
</bind>
</comp>

<comp id="390" class="1004" name="acc_row_5_load_reload_read_read_fu_390">
<pin_list>
<pin id="391" dir="0" index="0" bw="32" slack="0"/>
<pin id="392" dir="0" index="1" bw="32" slack="0"/>
<pin id="393" dir="1" index="2" bw="32" slack="0"/>
</pin_list>
<bind>
<opcode="read(1150) " fcode="read"/>
<opset="acc_row_5_load_reload_read/1 "/>
</bind>
</comp>

<comp id="396" class="1004" name="acc_row_60_load_reload_read_read_fu_396">
<pin_list>
<pin id="397" dir="0" index="0" bw="32" slack="0"/>
<pin id="398" dir="0" index="1" bw="32" slack="0"/>
<pin id="399" dir="1" index="2" bw="32" slack="0"/>
</pin_list>
<bind>
<opcode="read(1150) " fcode="read"/>
<opset="acc_row_60_load_reload_read/1 "/>
</bind>
</comp>

<comp id="402" class="1004" name="acc_row_52_load_reload_read_read_fu_402">
<pin_list>
<pin id="403" dir="0" index="0" bw="32" slack="0"/>
<pin id="404" dir="0" index="1" bw="32" slack="0"/>
<pin id="405" dir="1" index="2" bw="32" slack="0"/>
</pin_list>
<bind>
<opcode="read(1150) " fcode="read"/>
<opset="acc_row_52_load_reload_read/1 "/>
</bind>
</comp>

<comp id="408" class="1004" name="acc_row_44_load_reload_read_read_fu_408">
<pin_list>
<pin id="409" dir="0" index="0" bw="32" slack="0"/>
<pin id="410" dir="0" index="1" bw="32" slack="0"/>
<pin id="411" dir="1" index="2" bw="32" slack="0"/>
</pin_list>
<bind>
<opcode="read(1150) " fcode="read"/>
<opset="acc_row_44_load_reload_read/1 "/>
</bind>
</comp>

<comp id="414" class="1004" name="acc_row_36_load_reload_read_read_fu_414">
<pin_list>
<pin id="415" dir="0" index="0" bw="32" slack="0"/>
<pin id="416" dir="0" index="1" bw="32" slack="0"/>
<pin id="417" dir="1" index="2" bw="32" slack="0"/>
</pin_list>
<bind>
<opcode="read(1150) " fcode="read"/>
<opset="acc_row_36_load_reload_read/1 "/>
</bind>
</comp>

<comp id="420" class="1004" name="acc_row_28_load_reload_read_read_fu_420">
<pin_list>
<pin id="421" dir="0" index="0" bw="32" slack="0"/>
<pin id="422" dir="0" index="1" bw="32" slack="0"/>
<pin id="423" dir="1" index="2" bw="32" slack="0"/>
</pin_list>
<bind>
<opcode="read(1150) " fcode="read"/>
<opset="acc_row_28_load_reload_read/1 "/>
</bind>
</comp>

<comp id="426" class="1004" name="acc_row_20_load_reload_read_read_fu_426">
<pin_list>
<pin id="427" dir="0" index="0" bw="32" slack="0"/>
<pin id="428" dir="0" index="1" bw="32" slack="0"/>
<pin id="429" dir="1" index="2" bw="32" slack="0"/>
</pin_list>
<bind>
<opcode="read(1150) " fcode="read"/>
<opset="acc_row_20_load_reload_read/1 "/>
</bind>
</comp>

<comp id="432" class="1004" name="acc_row_12_load_reload_read_read_fu_432">
<pin_list>
<pin id="433" dir="0" index="0" bw="32" slack="0"/>
<pin id="434" dir="0" index="1" bw="32" slack="0"/>
<pin id="435" dir="1" index="2" bw="32" slack="0"/>
</pin_list>
<bind>
<opcode="read(1150) " fcode="read"/>
<opset="acc_row_12_load_reload_read/1 "/>
</bind>
</comp>

<comp id="438" class="1004" name="acc_row_4_load_reload_read_read_fu_438">
<pin_list>
<pin id="439" dir="0" index="0" bw="32" slack="0"/>
<pin id="440" dir="0" index="1" bw="32" slack="0"/>
<pin id="441" dir="1" index="2" bw="32" slack="0"/>
</pin_list>
<bind>
<opcode="read(1150) " fcode="read"/>
<opset="acc_row_4_load_reload_read/1 "/>
</bind>
</comp>

<comp id="444" class="1004" name="acc_row_59_load_reload_read_read_fu_444">
<pin_list>
<pin id="445" dir="0" index="0" bw="32" slack="0"/>
<pin id="446" dir="0" index="1" bw="32" slack="0"/>
<pin id="447" dir="1" index="2" bw="32" slack="0"/>
</pin_list>
<bind>
<opcode="read(1150) " fcode="read"/>
<opset="acc_row_59_load_reload_read/1 "/>
</bind>
</comp>

<comp id="450" class="1004" name="acc_row_51_load_reload_read_read_fu_450">
<pin_list>
<pin id="451" dir="0" index="0" bw="32" slack="0"/>
<pin id="452" dir="0" index="1" bw="32" slack="0"/>
<pin id="453" dir="1" index="2" bw="32" slack="0"/>
</pin_list>
<bind>
<opcode="read(1150) " fcode="read"/>
<opset="acc_row_51_load_reload_read/1 "/>
</bind>
</comp>

<comp id="456" class="1004" name="acc_row_43_load_reload_read_read_fu_456">
<pin_list>
<pin id="457" dir="0" index="0" bw="32" slack="0"/>
<pin id="458" dir="0" index="1" bw="32" slack="0"/>
<pin id="459" dir="1" index="2" bw="32" slack="0"/>
</pin_list>
<bind>
<opcode="read(1150) " fcode="read"/>
<opset="acc_row_43_load_reload_read/1 "/>
</bind>
</comp>

<comp id="462" class="1004" name="acc_row_35_load_reload_read_read_fu_462">
<pin_list>
<pin id="463" dir="0" index="0" bw="32" slack="0"/>
<pin id="464" dir="0" index="1" bw="32" slack="0"/>
<pin id="465" dir="1" index="2" bw="32" slack="0"/>
</pin_list>
<bind>
<opcode="read(1150) " fcode="read"/>
<opset="acc_row_35_load_reload_read/1 "/>
</bind>
</comp>

<comp id="468" class="1004" name="acc_row_27_load_reload_read_read_fu_468">
<pin_list>
<pin id="469" dir="0" index="0" bw="32" slack="0"/>
<pin id="470" dir="0" index="1" bw="32" slack="0"/>
<pin id="471" dir="1" index="2" bw="32" slack="0"/>
</pin_list>
<bind>
<opcode="read(1150) " fcode="read"/>
<opset="acc_row_27_load_reload_read/1 "/>
</bind>
</comp>

<comp id="474" class="1004" name="acc_row_19_load_reload_read_read_fu_474">
<pin_list>
<pin id="475" dir="0" index="0" bw="32" slack="0"/>
<pin id="476" dir="0" index="1" bw="32" slack="0"/>
<pin id="477" dir="1" index="2" bw="32" slack="0"/>
</pin_list>
<bind>
<opcode="read(1150) " fcode="read"/>
<opset="acc_row_19_load_reload_read/1 "/>
</bind>
</comp>

<comp id="480" class="1004" name="acc_row_11_load_reload_read_read_fu_480">
<pin_list>
<pin id="481" dir="0" index="0" bw="32" slack="0"/>
<pin id="482" dir="0" index="1" bw="32" slack="0"/>
<pin id="483" dir="1" index="2" bw="32" slack="0"/>
</pin_list>
<bind>
<opcode="read(1150) " fcode="read"/>
<opset="acc_row_11_load_reload_read/1 "/>
</bind>
</comp>

<comp id="486" class="1004" name="acc_row_3_load_reload_read_read_fu_486">
<pin_list>
<pin id="487" dir="0" index="0" bw="32" slack="0"/>
<pin id="488" dir="0" index="1" bw="32" slack="0"/>
<pin id="489" dir="1" index="2" bw="32" slack="0"/>
</pin_list>
<bind>
<opcode="read(1150) " fcode="read"/>
<opset="acc_row_3_load_reload_read/1 "/>
</bind>
</comp>

<comp id="492" class="1004" name="acc_row_58_load_reload_read_read_fu_492">
<pin_list>
<pin id="493" dir="0" index="0" bw="32" slack="0"/>
<pin id="494" dir="0" index="1" bw="32" slack="0"/>
<pin id="495" dir="1" index="2" bw="32" slack="0"/>
</pin_list>
<bind>
<opcode="read(1150) " fcode="read"/>
<opset="acc_row_58_load_reload_read/1 "/>
</bind>
</comp>

<comp id="498" class="1004" name="acc_row_50_load_reload_read_read_fu_498">
<pin_list>
<pin id="499" dir="0" index="0" bw="32" slack="0"/>
<pin id="500" dir="0" index="1" bw="32" slack="0"/>
<pin id="501" dir="1" index="2" bw="32" slack="0"/>
</pin_list>
<bind>
<opcode="read(1150) " fcode="read"/>
<opset="acc_row_50_load_reload_read/1 "/>
</bind>
</comp>

<comp id="504" class="1004" name="acc_row_42_load_reload_read_read_fu_504">
<pin_list>
<pin id="505" dir="0" index="0" bw="32" slack="0"/>
<pin id="506" dir="0" index="1" bw="32" slack="0"/>
<pin id="507" dir="1" index="2" bw="32" slack="0"/>
</pin_list>
<bind>
<opcode="read(1150) " fcode="read"/>
<opset="acc_row_42_load_reload_read/1 "/>
</bind>
</comp>

<comp id="510" class="1004" name="acc_row_34_load_reload_read_read_fu_510">
<pin_list>
<pin id="511" dir="0" index="0" bw="32" slack="0"/>
<pin id="512" dir="0" index="1" bw="32" slack="0"/>
<pin id="513" dir="1" index="2" bw="32" slack="0"/>
</pin_list>
<bind>
<opcode="read(1150) " fcode="read"/>
<opset="acc_row_34_load_reload_read/1 "/>
</bind>
</comp>

<comp id="516" class="1004" name="acc_row_26_load_reload_read_read_fu_516">
<pin_list>
<pin id="517" dir="0" index="0" bw="32" slack="0"/>
<pin id="518" dir="0" index="1" bw="32" slack="0"/>
<pin id="519" dir="1" index="2" bw="32" slack="0"/>
</pin_list>
<bind>
<opcode="read(1150) " fcode="read"/>
<opset="acc_row_26_load_reload_read/1 "/>
</bind>
</comp>

<comp id="522" class="1004" name="acc_row_18_load_reload_read_read_fu_522">
<pin_list>
<pin id="523" dir="0" index="0" bw="32" slack="0"/>
<pin id="524" dir="0" index="1" bw="32" slack="0"/>
<pin id="525" dir="1" index="2" bw="32" slack="0"/>
</pin_list>
<bind>
<opcode="read(1150) " fcode="read"/>
<opset="acc_row_18_load_reload_read/1 "/>
</bind>
</comp>

<comp id="528" class="1004" name="acc_row_10_load_reload_read_read_fu_528">
<pin_list>
<pin id="529" dir="0" index="0" bw="32" slack="0"/>
<pin id="530" dir="0" index="1" bw="32" slack="0"/>
<pin id="531" dir="1" index="2" bw="32" slack="0"/>
</pin_list>
<bind>
<opcode="read(1150) " fcode="read"/>
<opset="acc_row_10_load_reload_read/1 "/>
</bind>
</comp>

<comp id="534" class="1004" name="acc_row_2_load_reload_read_read_fu_534">
<pin_list>
<pin id="535" dir="0" index="0" bw="32" slack="0"/>
<pin id="536" dir="0" index="1" bw="32" slack="0"/>
<pin id="537" dir="1" index="2" bw="32" slack="0"/>
</pin_list>
<bind>
<opcode="read(1150) " fcode="read"/>
<opset="acc_row_2_load_reload_read/1 "/>
</bind>
</comp>

<comp id="540" class="1004" name="acc_row_57_load_reload_read_read_fu_540">
<pin_list>
<pin id="541" dir="0" index="0" bw="32" slack="0"/>
<pin id="542" dir="0" index="1" bw="32" slack="0"/>
<pin id="543" dir="1" index="2" bw="32" slack="0"/>
</pin_list>
<bind>
<opcode="read(1150) " fcode="read"/>
<opset="acc_row_57_load_reload_read/1 "/>
</bind>
</comp>

<comp id="546" class="1004" name="acc_row_49_load_reload_read_read_fu_546">
<pin_list>
<pin id="547" dir="0" index="0" bw="32" slack="0"/>
<pin id="548" dir="0" index="1" bw="32" slack="0"/>
<pin id="549" dir="1" index="2" bw="32" slack="0"/>
</pin_list>
<bind>
<opcode="read(1150) " fcode="read"/>
<opset="acc_row_49_load_reload_read/1 "/>
</bind>
</comp>

<comp id="552" class="1004" name="acc_row_41_load_reload_read_read_fu_552">
<pin_list>
<pin id="553" dir="0" index="0" bw="32" slack="0"/>
<pin id="554" dir="0" index="1" bw="32" slack="0"/>
<pin id="555" dir="1" index="2" bw="32" slack="0"/>
</pin_list>
<bind>
<opcode="read(1150) " fcode="read"/>
<opset="acc_row_41_load_reload_read/1 "/>
</bind>
</comp>

<comp id="558" class="1004" name="acc_row_33_load_reload_read_read_fu_558">
<pin_list>
<pin id="559" dir="0" index="0" bw="32" slack="0"/>
<pin id="560" dir="0" index="1" bw="32" slack="0"/>
<pin id="561" dir="1" index="2" bw="32" slack="0"/>
</pin_list>
<bind>
<opcode="read(1150) " fcode="read"/>
<opset="acc_row_33_load_reload_read/1 "/>
</bind>
</comp>

<comp id="564" class="1004" name="acc_row_25_load_reload_read_read_fu_564">
<pin_list>
<pin id="565" dir="0" index="0" bw="32" slack="0"/>
<pin id="566" dir="0" index="1" bw="32" slack="0"/>
<pin id="567" dir="1" index="2" bw="32" slack="0"/>
</pin_list>
<bind>
<opcode="read(1150) " fcode="read"/>
<opset="acc_row_25_load_reload_read/1 "/>
</bind>
</comp>

<comp id="570" class="1004" name="acc_row_17_load_reload_read_read_fu_570">
<pin_list>
<pin id="571" dir="0" index="0" bw="32" slack="0"/>
<pin id="572" dir="0" index="1" bw="32" slack="0"/>
<pin id="573" dir="1" index="2" bw="32" slack="0"/>
</pin_list>
<bind>
<opcode="read(1150) " fcode="read"/>
<opset="acc_row_17_load_reload_read/1 "/>
</bind>
</comp>

<comp id="576" class="1004" name="acc_row_9_load_reload_read_read_fu_576">
<pin_list>
<pin id="577" dir="0" index="0" bw="32" slack="0"/>
<pin id="578" dir="0" index="1" bw="32" slack="0"/>
<pin id="579" dir="1" index="2" bw="32" slack="0"/>
</pin_list>
<bind>
<opcode="read(1150) " fcode="read"/>
<opset="acc_row_9_load_reload_read/1 "/>
</bind>
</comp>

<comp id="582" class="1004" name="acc_row_1_load_reload_read_read_fu_582">
<pin_list>
<pin id="583" dir="0" index="0" bw="32" slack="0"/>
<pin id="584" dir="0" index="1" bw="32" slack="0"/>
<pin id="585" dir="1" index="2" bw="32" slack="0"/>
</pin_list>
<bind>
<opcode="read(1150) " fcode="read"/>
<opset="acc_row_1_load_reload_read/1 "/>
</bind>
</comp>

<comp id="588" class="1004" name="acc_row_56_load_reload_read_read_fu_588">
<pin_list>
<pin id="589" dir="0" index="0" bw="32" slack="0"/>
<pin id="590" dir="0" index="1" bw="32" slack="0"/>
<pin id="591" dir="1" index="2" bw="32" slack="0"/>
</pin_list>
<bind>
<opcode="read(1150) " fcode="read"/>
<opset="acc_row_56_load_reload_read/1 "/>
</bind>
</comp>

<comp id="594" class="1004" name="acc_row_48_load_reload_read_read_fu_594">
<pin_list>
<pin id="595" dir="0" index="0" bw="32" slack="0"/>
<pin id="596" dir="0" index="1" bw="32" slack="0"/>
<pin id="597" dir="1" index="2" bw="32" slack="0"/>
</pin_list>
<bind>
<opcode="read(1150) " fcode="read"/>
<opset="acc_row_48_load_reload_read/1 "/>
</bind>
</comp>

<comp id="600" class="1004" name="acc_row_40_load_reload_read_read_fu_600">
<pin_list>
<pin id="601" dir="0" index="0" bw="32" slack="0"/>
<pin id="602" dir="0" index="1" bw="32" slack="0"/>
<pin id="603" dir="1" index="2" bw="32" slack="0"/>
</pin_list>
<bind>
<opcode="read(1150) " fcode="read"/>
<opset="acc_row_40_load_reload_read/1 "/>
</bind>
</comp>

<comp id="606" class="1004" name="acc_row_32_load_reload_read_read_fu_606">
<pin_list>
<pin id="607" dir="0" index="0" bw="32" slack="0"/>
<pin id="608" dir="0" index="1" bw="32" slack="0"/>
<pin id="609" dir="1" index="2" bw="32" slack="0"/>
</pin_list>
<bind>
<opcode="read(1150) " fcode="read"/>
<opset="acc_row_32_load_reload_read/1 "/>
</bind>
</comp>

<comp id="612" class="1004" name="acc_row_24_load_reload_read_read_fu_612">
<pin_list>
<pin id="613" dir="0" index="0" bw="32" slack="0"/>
<pin id="614" dir="0" index="1" bw="32" slack="0"/>
<pin id="615" dir="1" index="2" bw="32" slack="0"/>
</pin_list>
<bind>
<opcode="read(1150) " fcode="read"/>
<opset="acc_row_24_load_reload_read/1 "/>
</bind>
</comp>

<comp id="618" class="1004" name="acc_row_16_load_reload_read_read_fu_618">
<pin_list>
<pin id="619" dir="0" index="0" bw="32" slack="0"/>
<pin id="620" dir="0" index="1" bw="32" slack="0"/>
<pin id="621" dir="1" index="2" bw="32" slack="0"/>
</pin_list>
<bind>
<opcode="read(1150) " fcode="read"/>
<opset="acc_row_16_load_reload_read/1 "/>
</bind>
</comp>

<comp id="624" class="1004" name="acc_row_8_load_reload_read_read_fu_624">
<pin_list>
<pin id="625" dir="0" index="0" bw="32" slack="0"/>
<pin id="626" dir="0" index="1" bw="32" slack="0"/>
<pin id="627" dir="1" index="2" bw="32" slack="0"/>
</pin_list>
<bind>
<opcode="read(1150) " fcode="read"/>
<opset="acc_row_8_load_reload_read/1 "/>
</bind>
</comp>

<comp id="630" class="1004" name="acc_row_load_reload_read_read_fu_630">
<pin_list>
<pin id="631" dir="0" index="0" bw="32" slack="0"/>
<pin id="632" dir="0" index="1" bw="32" slack="0"/>
<pin id="633" dir="1" index="2" bw="32" slack="0"/>
</pin_list>
<bind>
<opcode="read(1150) " fcode="read"/>
<opset="acc_row_load_reload_read/1 "/>
</bind>
</comp>

<comp id="636" class="1004" name="cmp60_read_read_fu_636">
<pin_list>
<pin id="637" dir="0" index="0" bw="1" slack="0"/>
<pin id="638" dir="0" index="1" bw="1" slack="0"/>
<pin id="639" dir="1" index="2" bw="1" slack="0"/>
</pin_list>
<bind>
<opcode="read(1150) " fcode="read"/>
<opset="cmp60_read/1 "/>
</bind>
</comp>

<comp id="642" class="1004" name="bc_actual_read_read_fu_642">
<pin_list>
<pin id="643" dir="0" index="0" bw="32" slack="0"/>
<pin id="644" dir="0" index="1" bw="32" slack="0"/>
<pin id="645" dir="1" index="2" bw="32" slack="0"/>
</pin_list>
<bind>
<opcode="read(1150) " fcode="read"/>
<opset="bc_actual_read/1 "/>
</bind>
</comp>

<comp id="648" class="1004" name="i_read_read_fu_648">
<pin_list>
<pin id="649" dir="0" index="0" bw="6" slack="0"/>
<pin id="650" dir="0" index="1" bw="6" slack="0"/>
<pin id="651" dir="1" index="2" bw="6" slack="0"/>
</pin_list>
<bind>
<opcode="read(1150) " fcode="read"/>
<opset="i_read/1 "/>
</bind>
</comp>

<comp id="654" class="1004" name="S_tile_0_addr_gep_fu_654">
<pin_list>
<pin id="655" dir="0" index="0" bw="32" slack="0"/>
<pin id="656" dir="0" index="1" bw="1" slack="0"/>
<pin id="657" dir="0" index="2" bw="9" slack="0"/>
<pin id="658" dir="1" index="3" bw="9" slack="0"/>
</pin_list>
<bind>
<opcode="getelementptr(29) " fcode="getelementptr"/>
<opset="S_tile_0_addr/1 "/>
</bind>
</comp>

<comp id="661" class="1004" name="S_tile_1_addr_gep_fu_661">
<pin_list>
<pin id="662" dir="0" index="0" bw="32" slack="0"/>
<pin id="663" dir="0" index="1" bw="1" slack="0"/>
<pin id="664" dir="0" index="2" bw="9" slack="0"/>
<pin id="665" dir="1" index="3" bw="9" slack="0"/>
</pin_list>
<bind>
<opcode="getelementptr(29) " fcode="getelementptr"/>
<opset="S_tile_1_addr/1 "/>
</bind>
</comp>

<comp id="668" class="1004" name="S_tile_2_addr_gep_fu_668">
<pin_list>
<pin id="669" dir="0" index="0" bw="32" slack="0"/>
<pin id="670" dir="0" index="1" bw="1" slack="0"/>
<pin id="671" dir="0" index="2" bw="9" slack="0"/>
<pin id="672" dir="1" index="3" bw="9" slack="0"/>
</pin_list>
<bind>
<opcode="getelementptr(29) " fcode="getelementptr"/>
<opset="S_tile_2_addr/1 "/>
</bind>
</comp>

<comp id="675" class="1004" name="S_tile_3_addr_gep_fu_675">
<pin_list>
<pin id="676" dir="0" index="0" bw="32" slack="0"/>
<pin id="677" dir="0" index="1" bw="1" slack="0"/>
<pin id="678" dir="0" index="2" bw="9" slack="0"/>
<pin id="679" dir="1" index="3" bw="9" slack="0"/>
</pin_list>
<bind>
<opcode="getelementptr(29) " fcode="getelementptr"/>
<opset="S_tile_3_addr/1 "/>
</bind>
</comp>

<comp id="682" class="1004" name="S_tile_4_addr_gep_fu_682">
<pin_list>
<pin id="683" dir="0" index="0" bw="32" slack="0"/>
<pin id="684" dir="0" index="1" bw="1" slack="0"/>
<pin id="685" dir="0" index="2" bw="9" slack="0"/>
<pin id="686" dir="1" index="3" bw="9" slack="0"/>
</pin_list>
<bind>
<opcode="getelementptr(29) " fcode="getelementptr"/>
<opset="S_tile_4_addr/1 "/>
</bind>
</comp>

<comp id="689" class="1004" name="S_tile_5_addr_gep_fu_689">
<pin_list>
<pin id="690" dir="0" index="0" bw="32" slack="0"/>
<pin id="691" dir="0" index="1" bw="1" slack="0"/>
<pin id="692" dir="0" index="2" bw="9" slack="0"/>
<pin id="693" dir="1" index="3" bw="9" slack="0"/>
</pin_list>
<bind>
<opcode="getelementptr(29) " fcode="getelementptr"/>
<opset="S_tile_5_addr/1 "/>
</bind>
</comp>

<comp id="696" class="1004" name="S_tile_6_addr_gep_fu_696">
<pin_list>
<pin id="697" dir="0" index="0" bw="32" slack="0"/>
<pin id="698" dir="0" index="1" bw="1" slack="0"/>
<pin id="699" dir="0" index="2" bw="9" slack="0"/>
<pin id="700" dir="1" index="3" bw="9" slack="0"/>
</pin_list>
<bind>
<opcode="getelementptr(29) " fcode="getelementptr"/>
<opset="S_tile_6_addr/1 "/>
</bind>
</comp>

<comp id="703" class="1004" name="S_tile_7_addr_gep_fu_703">
<pin_list>
<pin id="704" dir="0" index="0" bw="32" slack="0"/>
<pin id="705" dir="0" index="1" bw="1" slack="0"/>
<pin id="706" dir="0" index="2" bw="9" slack="0"/>
<pin id="707" dir="1" index="3" bw="9" slack="0"/>
</pin_list>
<bind>
<opcode="getelementptr(29) " fcode="getelementptr"/>
<opset="S_tile_7_addr/1 "/>
</bind>
</comp>

<comp id="710" class="1004" name="store_ln102_access_fu_710">
<pin_list>
<pin id="711" dir="0" index="0" bw="9" slack="2147483647"/>
<pin id="712" dir="0" index="1" bw="32" slack="2147483647"/>
<pin id="713" dir="0" index="2" bw="0" slack="0"/>
<pin id="715" dir="0" index="4" bw="9" slack="0"/>
<pin id="716" dir="0" index="5" bw="32" slack="2147483647"/>
<pin id="717" dir="0" index="6" bw="0" slack="2147483647"/>
<pin id="714" dir="1" index="3" bw="32" slack="2147483647"/>
<pin id="718" dir="1" index="7" bw="32" slack="2147483647"/>
</pin_list>
<bind>
<opcode="store(28) " fcode="store"/>
<opset="store_ln102/1 "/>
</bind>
</comp>

<comp id="720" class="1004" name="store_ln102_access_fu_720">
<pin_list>
<pin id="721" dir="0" index="0" bw="9" slack="2147483647"/>
<pin id="722" dir="0" index="1" bw="32" slack="2147483647"/>
<pin id="723" dir="0" index="2" bw="0" slack="0"/>
<pin id="725" dir="0" index="4" bw="9" slack="0"/>
<pin id="726" dir="0" index="5" bw="32" slack="2147483647"/>
<pin id="727" dir="0" index="6" bw="0" slack="2147483647"/>
<pin id="724" dir="1" index="3" bw="32" slack="2147483647"/>
<pin id="728" dir="1" index="7" bw="32" slack="2147483647"/>
</pin_list>
<bind>
<opcode="store(28) " fcode="store"/>
<opset="store_ln102/1 "/>
</bind>
</comp>

<comp id="730" class="1004" name="store_ln102_access_fu_730">
<pin_list>
<pin id="731" dir="0" index="0" bw="9" slack="2147483647"/>
<pin id="732" dir="0" index="1" bw="32" slack="2147483647"/>
<pin id="733" dir="0" index="2" bw="0" slack="0"/>
<pin id="735" dir="0" index="4" bw="9" slack="0"/>
<pin id="736" dir="0" index="5" bw="32" slack="2147483647"/>
<pin id="737" dir="0" index="6" bw="0" slack="2147483647"/>
<pin id="734" dir="1" index="3" bw="32" slack="2147483647"/>
<pin id="738" dir="1" index="7" bw="32" slack="2147483647"/>
</pin_list>
<bind>
<opcode="store(28) " fcode="store"/>
<opset="store_ln102/1 "/>
</bind>
</comp>

<comp id="740" class="1004" name="store_ln102_access_fu_740">
<pin_list>
<pin id="741" dir="0" index="0" bw="9" slack="2147483647"/>
<pin id="742" dir="0" index="1" bw="32" slack="2147483647"/>
<pin id="743" dir="0" index="2" bw="0" slack="0"/>
<pin id="745" dir="0" index="4" bw="9" slack="0"/>
<pin id="746" dir="0" index="5" bw="32" slack="2147483647"/>
<pin id="747" dir="0" index="6" bw="0" slack="2147483647"/>
<pin id="744" dir="1" index="3" bw="32" slack="2147483647"/>
<pin id="748" dir="1" index="7" bw="32" slack="2147483647"/>
</pin_list>
<bind>
<opcode="store(28) " fcode="store"/>
<opset="store_ln102/1 "/>
</bind>
</comp>

<comp id="750" class="1004" name="store_ln102_access_fu_750">
<pin_list>
<pin id="751" dir="0" index="0" bw="9" slack="2147483647"/>
<pin id="752" dir="0" index="1" bw="32" slack="2147483647"/>
<pin id="753" dir="0" index="2" bw="0" slack="0"/>
<pin id="755" dir="0" index="4" bw="9" slack="0"/>
<pin id="756" dir="0" index="5" bw="32" slack="2147483647"/>
<pin id="757" dir="0" index="6" bw="0" slack="2147483647"/>
<pin id="754" dir="1" index="3" bw="32" slack="2147483647"/>
<pin id="758" dir="1" index="7" bw="32" slack="2147483647"/>
</pin_list>
<bind>
<opcode="store(28) " fcode="store"/>
<opset="store_ln102/1 "/>
</bind>
</comp>

<comp id="760" class="1004" name="store_ln102_access_fu_760">
<pin_list>
<pin id="761" dir="0" index="0" bw="9" slack="2147483647"/>
<pin id="762" dir="0" index="1" bw="32" slack="2147483647"/>
<pin id="763" dir="0" index="2" bw="0" slack="0"/>
<pin id="765" dir="0" index="4" bw="9" slack="0"/>
<pin id="766" dir="0" index="5" bw="32" slack="2147483647"/>
<pin id="767" dir="0" index="6" bw="0" slack="2147483647"/>
<pin id="764" dir="1" index="3" bw="32" slack="2147483647"/>
<pin id="768" dir="1" index="7" bw="32" slack="2147483647"/>
</pin_list>
<bind>
<opcode="store(28) " fcode="store"/>
<opset="store_ln102/1 "/>
</bind>
</comp>

<comp id="770" class="1004" name="store_ln102_access_fu_770">
<pin_list>
<pin id="771" dir="0" index="0" bw="9" slack="2147483647"/>
<pin id="772" dir="0" index="1" bw="32" slack="2147483647"/>
<pin id="773" dir="0" index="2" bw="0" slack="0"/>
<pin id="775" dir="0" index="4" bw="9" slack="0"/>
<pin id="776" dir="0" index="5" bw="32" slack="2147483647"/>
<pin id="777" dir="0" index="6" bw="0" slack="2147483647"/>
<pin id="774" dir="1" index="3" bw="32" slack="2147483647"/>
<pin id="778" dir="1" index="7" bw="32" slack="2147483647"/>
</pin_list>
<bind>
<opcode="store(28) " fcode="store"/>
<opset="store_ln102/1 "/>
</bind>
</comp>

<comp id="780" class="1004" name="store_ln102_access_fu_780">
<pin_list>
<pin id="781" dir="0" index="0" bw="9" slack="2147483647"/>
<pin id="782" dir="0" index="1" bw="32" slack="2147483647"/>
<pin id="783" dir="0" index="2" bw="0" slack="0"/>
<pin id="785" dir="0" index="4" bw="9" slack="0"/>
<pin id="786" dir="0" index="5" bw="32" slack="2147483647"/>
<pin id="787" dir="0" index="6" bw="0" slack="2147483647"/>
<pin id="784" dir="1" index="3" bw="32" slack="2147483647"/>
<pin id="788" dir="1" index="7" bw="32" slack="2147483647"/>
</pin_list>
<bind>
<opcode="store(28) " fcode="store"/>
<opset="store_ln102/1 "/>
</bind>
</comp>

<comp id="790" class="1004" name="store_ln99_store_fu_790">
<pin_list>
<pin id="791" dir="0" index="0" bw="1" slack="0"/>
<pin id="792" dir="0" index="1" bw="7" slack="0"/>
<pin id="793" dir="1" index="2" bw="0" slack="2147483647"/>
</pin_list>
<bind>
<opcode="store(28) " fcode="store"/>
<opset="store_ln99/1 "/>
</bind>
</comp>

<comp id="795" class="1004" name="j_2_load_fu_795">
<pin_list>
<pin id="796" dir="0" index="0" bw="7" slack="0"/>
<pin id="797" dir="1" index="1" bw="7" slack="0"/>
</pin_list>
<bind>
<opcode="load(27) " fcode="load"/>
<opset="j_2/1 "/>
</bind>
</comp>

<comp id="798" class="1004" name="tmp_fu_798">
<pin_list>
<pin id="799" dir="0" index="0" bw="1" slack="0"/>
<pin id="800" dir="0" index="1" bw="7" slack="0"/>
<pin id="801" dir="0" index="2" bw="4" slack="0"/>
<pin id="802" dir="1" index="3" bw="1" slack="2147483647"/>
</pin_list>
<bind>
<opcode="bitselect(1000) " fcode="bitselect"/>
<opset="tmp/1 "/>
</bind>
</comp>

<comp id="806" class="1004" name="add_ln99_fu_806">
<pin_list>
<pin id="807" dir="0" index="0" bw="7" slack="0"/>
<pin id="808" dir="0" index="1" bw="5" slack="0"/>
<pin id="809" dir="1" index="2" bw="7" slack="0"/>
</pin_list>
<bind>
<opcode="add(8) " fcode="add"/>
<opset="add_ln99/1 "/>
</bind>
</comp>

<comp id="812" class="1004" name="zext_ln99_fu_812">
<pin_list>
<pin id="813" dir="0" index="0" bw="7" slack="0"/>
<pin id="814" dir="1" index="1" bw="32" slack="0"/>
</pin_list>
<bind>
<opcode="zext(34) " fcode="zext"/>
<opset="zext_ln99/1 "/>
</bind>
</comp>

<comp id="816" class="1004" name="trunc_ln99_fu_816">
<pin_list>
<pin id="817" dir="0" index="0" bw="7" slack="0"/>
<pin id="818" dir="1" index="1" bw="6" slack="0"/>
</pin_list>
<bind>
<opcode="trunc(33) " fcode="trunc"/>
<opset="trunc_ln99/1 "/>
</bind>
</comp>

<comp id="820" class="1004" name="lshr_ln_fu_820">
<pin_list>
<pin id="821" dir="0" index="0" bw="3" slack="0"/>
<pin id="822" dir="0" index="1" bw="7" slack="0"/>
<pin id="823" dir="0" index="2" bw="3" slack="0"/>
<pin id="824" dir="0" index="3" bw="4" slack="0"/>
<pin id="825" dir="1" index="4" bw="3" slack="0"/>
</pin_list>
<bind>
<opcode="partselect(1002) " fcode="partselect"/>
<opset="lshr_ln/1 "/>
</bind>
</comp>

<comp id="830" class="1004" name="tmp_178_fu_830">
<pin_list>
<pin id="831" dir="0" index="0" bw="9" slack="0"/>
<pin id="832" dir="0" index="1" bw="6" slack="0"/>
<pin id="833" dir="0" index="2" bw="3" slack="0"/>
<pin id="834" dir="1" index="3" bw="9" slack="0"/>
</pin_list>
<bind>
<opcode="bitconcatenate(1004) " fcode="bitconcatenate"/>
<opset="tmp_178/1 "/>
</bind>
</comp>

<comp id="838" class="1004" name="zext_ln102_7_fu_838">
<pin_list>
<pin id="839" dir="0" index="0" bw="9" slack="0"/>
<pin id="840" dir="1" index="1" bw="64" slack="0"/>
</pin_list>
<bind>
<opcode="zext(34) " fcode="zext"/>
<opset="zext_ln102_7/1 "/>
</bind>
</comp>

<comp id="850" class="1004" name="icmp_ln102_fu_850">
<pin_list>
<pin id="851" dir="0" index="0" bw="7" slack="0"/>
<pin id="852" dir="0" index="1" bw="32" slack="0"/>
<pin id="853" dir="1" index="2" bw="1" slack="0"/>
</pin_list>
<bind>
<opcode="icmp(45) " fcode="icmp"/>
<opset="icmp_ln102/1 "/>
</bind>
</comp>

<comp id="856" class="1004" name="and_ln102_fu_856">
<pin_list>
<pin id="857" dir="0" index="0" bw="1" slack="0"/>
<pin id="858" dir="0" index="1" bw="1" slack="0"/>
<pin id="859" dir="1" index="2" bw="1" slack="0"/>
</pin_list>
<bind>
<opcode="and(23) " fcode="and"/>
<opset="and_ln102/1 "/>
</bind>
</comp>

<comp id="862" class="1004" name="tmp_s_fu_862">
<pin_list>
<pin id="863" dir="0" index="0" bw="32" slack="0"/>
<pin id="864" dir="0" index="1" bw="6" slack="0"/>
<pin id="865" dir="0" index="2" bw="32" slack="0"/>
<pin id="866" dir="0" index="3" bw="6" slack="0"/>
<pin id="867" dir="0" index="4" bw="32" slack="0"/>
<pin id="868" dir="0" index="5" bw="6" slack="0"/>
<pin id="869" dir="0" index="6" bw="32" slack="0"/>
<pin id="870" dir="0" index="7" bw="6" slack="0"/>
<pin id="871" dir="0" index="8" bw="32" slack="0"/>
<pin id="872" dir="0" index="9" bw="6" slack="0"/>
<pin id="873" dir="0" index="10" bw="32" slack="0"/>
<pin id="874" dir="0" index="11" bw="6" slack="0"/>
<pin id="875" dir="0" index="12" bw="32" slack="0"/>
<pin id="876" dir="0" index="13" bw="6" slack="0"/>
<pin id="877" dir="0" index="14" bw="32" slack="0"/>
<pin id="878" dir="0" index="15" bw="6" slack="0"/>
<pin id="879" dir="0" index="16" bw="32" slack="0"/>
<pin id="880" dir="0" index="17" bw="32" slack="0"/>
<pin id="881" dir="0" index="18" bw="6" slack="0"/>
<pin id="882" dir="1" index="19" bw="32" slack="0"/>
</pin_list>
<bind>
<opcode="sparsemux(1197) " fcode="sparsemux"/>
<opset="tmp_s/1 "/>
</bind>
</comp>

<comp id="902" class="1004" name="cond_fu_902">
<pin_list>
<pin id="903" dir="0" index="0" bw="1" slack="0"/>
<pin id="904" dir="0" index="1" bw="32" slack="0"/>
<pin id="905" dir="0" index="2" bw="32" slack="0"/>
<pin id="906" dir="1" index="3" bw="32" slack="0"/>
</pin_list>
<bind>
<opcode="select(49) " fcode="select"/>
<opset="cond/1 "/>
</bind>
</comp>

<comp id="911" class="1004" name="muxLogicRAMData_to_store_ln102_fu_911">
<pin_list>
<pin id="912" dir="0" index="0" bw="32" slack="0"/>
<pin id="913" dir="1" index="1" bw="0" slack="2147483647"/>
</pin_list>
<bind>
<opcode="muxlogic(592) " fcode="muxlogic"/>
<opset="muxLogicRAMData_to_store_ln102/1 "/>
</bind>
</comp>

<comp id="915" class="1004" name="muxLogicRAMAddr_to_store_ln102_fu_915">
<pin_list>
<pin id="916" dir="0" index="0" bw="9" slack="0"/>
<pin id="917" dir="1" index="1" bw="0" slack="2147483647"/>
</pin_list>
<bind>
<opcode="muxlogic(592) " fcode="muxlogic"/>
<opset="muxLogicRAMAddr_to_store_ln102/1 "/>
</bind>
</comp>

<comp id="919" class="1004" name="tmp_179_fu_919">
<pin_list>
<pin id="920" dir="0" index="0" bw="5" slack="0"/>
<pin id="921" dir="0" index="1" bw="7" slack="0"/>
<pin id="922" dir="0" index="2" bw="1" slack="0"/>
<pin id="923" dir="0" index="3" bw="4" slack="0"/>
<pin id="924" dir="1" index="4" bw="5" slack="0"/>
</pin_list>
<bind>
<opcode="partselect(1002) " fcode="partselect"/>
<opset="tmp_179/1 "/>
</bind>
</comp>

<comp id="929" class="1004" name="or_ln_fu_929">
<pin_list>
<pin id="930" dir="0" index="0" bw="6" slack="0"/>
<pin id="931" dir="0" index="1" bw="5" slack="0"/>
<pin id="932" dir="0" index="2" bw="1" slack="0"/>
<pin id="933" dir="1" index="3" bw="6" slack="0"/>
</pin_list>
<bind>
<opcode="bitconcatenate(1004) " fcode="bitconcatenate"/>
<opset="or_ln/1 "/>
</bind>
</comp>

<comp id="937" class="1004" name="zext_ln102_fu_937">
<pin_list>
<pin id="938" dir="0" index="0" bw="6" slack="0"/>
<pin id="939" dir="1" index="1" bw="32" slack="0"/>
</pin_list>
<bind>
<opcode="zext(34) " fcode="zext"/>
<opset="zext_ln102/1 "/>
</bind>
</comp>

<comp id="941" class="1004" name="icmp_ln102_1_fu_941">
<pin_list>
<pin id="942" dir="0" index="0" bw="6" slack="0"/>
<pin id="943" dir="0" index="1" bw="32" slack="0"/>
<pin id="944" dir="1" index="2" bw="1" slack="0"/>
</pin_list>
<bind>
<opcode="icmp(45) " fcode="icmp"/>
<opset="icmp_ln102_1/1 "/>
</bind>
</comp>

<comp id="947" class="1004" name="and_ln102_1_fu_947">
<pin_list>
<pin id="948" dir="0" index="0" bw="1" slack="0"/>
<pin id="949" dir="0" index="1" bw="1" slack="0"/>
<pin id="950" dir="1" index="2" bw="1" slack="0"/>
</pin_list>
<bind>
<opcode="and(23) " fcode="and"/>
<opset="and_ln102_1/1 "/>
</bind>
</comp>

<comp id="953" class="1004" name="tmp_171_fu_953">
<pin_list>
<pin id="954" dir="0" index="0" bw="32" slack="0"/>
<pin id="955" dir="0" index="1" bw="6" slack="0"/>
<pin id="956" dir="0" index="2" bw="32" slack="0"/>
<pin id="957" dir="0" index="3" bw="6" slack="0"/>
<pin id="958" dir="0" index="4" bw="32" slack="0"/>
<pin id="959" dir="0" index="5" bw="6" slack="0"/>
<pin id="960" dir="0" index="6" bw="32" slack="0"/>
<pin id="961" dir="0" index="7" bw="6" slack="0"/>
<pin id="962" dir="0" index="8" bw="32" slack="0"/>
<pin id="963" dir="0" index="9" bw="6" slack="0"/>
<pin id="964" dir="0" index="10" bw="32" slack="0"/>
<pin id="965" dir="0" index="11" bw="6" slack="0"/>
<pin id="966" dir="0" index="12" bw="32" slack="0"/>
<pin id="967" dir="0" index="13" bw="6" slack="0"/>
<pin id="968" dir="0" index="14" bw="32" slack="0"/>
<pin id="969" dir="0" index="15" bw="6" slack="0"/>
<pin id="970" dir="0" index="16" bw="32" slack="0"/>
<pin id="971" dir="0" index="17" bw="32" slack="0"/>
<pin id="972" dir="0" index="18" bw="6" slack="0"/>
<pin id="973" dir="1" index="19" bw="32" slack="0"/>
</pin_list>
<bind>
<opcode="sparsemux(1197) " fcode="sparsemux"/>
<opset="tmp_171/1 "/>
</bind>
</comp>

<comp id="993" class="1004" name="cond_1_fu_993">
<pin_list>
<pin id="994" dir="0" index="0" bw="1" slack="0"/>
<pin id="995" dir="0" index="1" bw="32" slack="0"/>
<pin id="996" dir="0" index="2" bw="32" slack="0"/>
<pin id="997" dir="1" index="3" bw="32" slack="0"/>
</pin_list>
<bind>
<opcode="select(49) " fcode="select"/>
<opset="cond_1/1 "/>
</bind>
</comp>

<comp id="1002" class="1004" name="muxLogicRAMData_to_store_ln102_fu_1002">
<pin_list>
<pin id="1003" dir="0" index="0" bw="32" slack="0"/>
<pin id="1004" dir="1" index="1" bw="0" slack="2147483647"/>
</pin_list>
<bind>
<opcode="muxlogic(592) " fcode="muxlogic"/>
<opset="muxLogicRAMData_to_store_ln102/1 "/>
</bind>
</comp>

<comp id="1006" class="1004" name="muxLogicRAMAddr_to_store_ln102_fu_1006">
<pin_list>
<pin id="1007" dir="0" index="0" bw="9" slack="0"/>
<pin id="1008" dir="1" index="1" bw="0" slack="2147483647"/>
</pin_list>
<bind>
<opcode="muxlogic(592) " fcode="muxlogic"/>
<opset="muxLogicRAMAddr_to_store_ln102/1 "/>
</bind>
</comp>

<comp id="1010" class="1004" name="tmp_180_fu_1010">
<pin_list>
<pin id="1011" dir="0" index="0" bw="4" slack="0"/>
<pin id="1012" dir="0" index="1" bw="7" slack="0"/>
<pin id="1013" dir="0" index="2" bw="3" slack="0"/>
<pin id="1014" dir="0" index="3" bw="4" slack="0"/>
<pin id="1015" dir="1" index="4" bw="4" slack="0"/>
</pin_list>
<bind>
<opcode="partselect(1002) " fcode="partselect"/>
<opset="tmp_180/1 "/>
</bind>
</comp>

<comp id="1020" class="1004" name="or_ln99_1_fu_1020">
<pin_list>
<pin id="1021" dir="0" index="0" bw="6" slack="0"/>
<pin id="1022" dir="0" index="1" bw="4" slack="0"/>
<pin id="1023" dir="0" index="2" bw="2" slack="0"/>
<pin id="1024" dir="1" index="3" bw="6" slack="0"/>
</pin_list>
<bind>
<opcode="bitconcatenate(1004) " fcode="bitconcatenate"/>
<opset="or_ln99_1/1 "/>
</bind>
</comp>

<comp id="1028" class="1004" name="zext_ln102_1_fu_1028">
<pin_list>
<pin id="1029" dir="0" index="0" bw="6" slack="0"/>
<pin id="1030" dir="1" index="1" bw="32" slack="0"/>
</pin_list>
<bind>
<opcode="zext(34) " fcode="zext"/>
<opset="zext_ln102_1/1 "/>
</bind>
</comp>

<comp id="1032" class="1004" name="icmp_ln102_2_fu_1032">
<pin_list>
<pin id="1033" dir="0" index="0" bw="6" slack="0"/>
<pin id="1034" dir="0" index="1" bw="32" slack="0"/>
<pin id="1035" dir="1" index="2" bw="1" slack="0"/>
</pin_list>
<bind>
<opcode="icmp(45) " fcode="icmp"/>
<opset="icmp_ln102_2/1 "/>
</bind>
</comp>

<comp id="1038" class="1004" name="and_ln102_2_fu_1038">
<pin_list>
<pin id="1039" dir="0" index="0" bw="1" slack="0"/>
<pin id="1040" dir="0" index="1" bw="1" slack="0"/>
<pin id="1041" dir="1" index="2" bw="1" slack="0"/>
</pin_list>
<bind>
<opcode="and(23) " fcode="and"/>
<opset="and_ln102_2/1 "/>
</bind>
</comp>

<comp id="1044" class="1004" name="tmp_172_fu_1044">
<pin_list>
<pin id="1045" dir="0" index="0" bw="32" slack="0"/>
<pin id="1046" dir="0" index="1" bw="6" slack="0"/>
<pin id="1047" dir="0" index="2" bw="32" slack="0"/>
<pin id="1048" dir="0" index="3" bw="6" slack="0"/>
<pin id="1049" dir="0" index="4" bw="32" slack="0"/>
<pin id="1050" dir="0" index="5" bw="6" slack="0"/>
<pin id="1051" dir="0" index="6" bw="32" slack="0"/>
<pin id="1052" dir="0" index="7" bw="6" slack="0"/>
<pin id="1053" dir="0" index="8" bw="32" slack="0"/>
<pin id="1054" dir="0" index="9" bw="6" slack="0"/>
<pin id="1055" dir="0" index="10" bw="32" slack="0"/>
<pin id="1056" dir="0" index="11" bw="6" slack="0"/>
<pin id="1057" dir="0" index="12" bw="32" slack="0"/>
<pin id="1058" dir="0" index="13" bw="6" slack="0"/>
<pin id="1059" dir="0" index="14" bw="32" slack="0"/>
<pin id="1060" dir="0" index="15" bw="6" slack="0"/>
<pin id="1061" dir="0" index="16" bw="32" slack="0"/>
<pin id="1062" dir="0" index="17" bw="32" slack="0"/>
<pin id="1063" dir="0" index="18" bw="6" slack="0"/>
<pin id="1064" dir="1" index="19" bw="32" slack="0"/>
</pin_list>
<bind>
<opcode="sparsemux(1197) " fcode="sparsemux"/>
<opset="tmp_172/1 "/>
</bind>
</comp>

<comp id="1084" class="1004" name="cond_2_fu_1084">
<pin_list>
<pin id="1085" dir="0" index="0" bw="1" slack="0"/>
<pin id="1086" dir="0" index="1" bw="32" slack="0"/>
<pin id="1087" dir="0" index="2" bw="32" slack="0"/>
<pin id="1088" dir="1" index="3" bw="32" slack="0"/>
</pin_list>
<bind>
<opcode="select(49) " fcode="select"/>
<opset="cond_2/1 "/>
</bind>
</comp>

<comp id="1093" class="1004" name="muxLogicRAMData_to_store_ln102_fu_1093">
<pin_list>
<pin id="1094" dir="0" index="0" bw="32" slack="0"/>
<pin id="1095" dir="1" index="1" bw="0" slack="2147483647"/>
</pin_list>
<bind>
<opcode="muxlogic(592) " fcode="muxlogic"/>
<opset="muxLogicRAMData_to_store_ln102/1 "/>
</bind>
</comp>

<comp id="1097" class="1004" name="muxLogicRAMAddr_to_store_ln102_fu_1097">
<pin_list>
<pin id="1098" dir="0" index="0" bw="9" slack="0"/>
<pin id="1099" dir="1" index="1" bw="0" slack="2147483647"/>
</pin_list>
<bind>
<opcode="muxlogic(592) " fcode="muxlogic"/>
<opset="muxLogicRAMAddr_to_store_ln102/1 "/>
</bind>
</comp>

<comp id="1101" class="1004" name="or_ln99_2_fu_1101">
<pin_list>
<pin id="1102" dir="0" index="0" bw="6" slack="0"/>
<pin id="1103" dir="0" index="1" bw="4" slack="0"/>
<pin id="1104" dir="0" index="2" bw="1" slack="0"/>
<pin id="1105" dir="1" index="3" bw="6" slack="0"/>
</pin_list>
<bind>
<opcode="bitconcatenate(1004) " fcode="bitconcatenate"/>
<opset="or_ln99_2/1 "/>
</bind>
</comp>

<comp id="1109" class="1004" name="zext_ln102_2_fu_1109">
<pin_list>
<pin id="1110" dir="0" index="0" bw="6" slack="0"/>
<pin id="1111" dir="1" index="1" bw="32" slack="0"/>
</pin_list>
<bind>
<opcode="zext(34) " fcode="zext"/>
<opset="zext_ln102_2/1 "/>
</bind>
</comp>

<comp id="1113" class="1004" name="icmp_ln102_3_fu_1113">
<pin_list>
<pin id="1114" dir="0" index="0" bw="6" slack="0"/>
<pin id="1115" dir="0" index="1" bw="32" slack="0"/>
<pin id="1116" dir="1" index="2" bw="1" slack="0"/>
</pin_list>
<bind>
<opcode="icmp(45) " fcode="icmp"/>
<opset="icmp_ln102_3/1 "/>
</bind>
</comp>

<comp id="1119" class="1004" name="and_ln102_3_fu_1119">
<pin_list>
<pin id="1120" dir="0" index="0" bw="1" slack="0"/>
<pin id="1121" dir="0" index="1" bw="1" slack="0"/>
<pin id="1122" dir="1" index="2" bw="1" slack="0"/>
</pin_list>
<bind>
<opcode="and(23) " fcode="and"/>
<opset="and_ln102_3/1 "/>
</bind>
</comp>

<comp id="1125" class="1004" name="tmp_173_fu_1125">
<pin_list>
<pin id="1126" dir="0" index="0" bw="32" slack="0"/>
<pin id="1127" dir="0" index="1" bw="6" slack="0"/>
<pin id="1128" dir="0" index="2" bw="32" slack="0"/>
<pin id="1129" dir="0" index="3" bw="6" slack="0"/>
<pin id="1130" dir="0" index="4" bw="32" slack="0"/>
<pin id="1131" dir="0" index="5" bw="6" slack="0"/>
<pin id="1132" dir="0" index="6" bw="32" slack="0"/>
<pin id="1133" dir="0" index="7" bw="6" slack="0"/>
<pin id="1134" dir="0" index="8" bw="32" slack="0"/>
<pin id="1135" dir="0" index="9" bw="6" slack="0"/>
<pin id="1136" dir="0" index="10" bw="32" slack="0"/>
<pin id="1137" dir="0" index="11" bw="6" slack="0"/>
<pin id="1138" dir="0" index="12" bw="32" slack="0"/>
<pin id="1139" dir="0" index="13" bw="6" slack="0"/>
<pin id="1140" dir="0" index="14" bw="32" slack="0"/>
<pin id="1141" dir="0" index="15" bw="6" slack="0"/>
<pin id="1142" dir="0" index="16" bw="32" slack="0"/>
<pin id="1143" dir="0" index="17" bw="32" slack="0"/>
<pin id="1144" dir="0" index="18" bw="6" slack="0"/>
<pin id="1145" dir="1" index="19" bw="32" slack="0"/>
</pin_list>
<bind>
<opcode="sparsemux(1197) " fcode="sparsemux"/>
<opset="tmp_173/1 "/>
</bind>
</comp>

<comp id="1165" class="1004" name="cond_3_fu_1165">
<pin_list>
<pin id="1166" dir="0" index="0" bw="1" slack="0"/>
<pin id="1167" dir="0" index="1" bw="32" slack="0"/>
<pin id="1168" dir="0" index="2" bw="32" slack="0"/>
<pin id="1169" dir="1" index="3" bw="32" slack="0"/>
</pin_list>
<bind>
<opcode="select(49) " fcode="select"/>
<opset="cond_3/1 "/>
</bind>
</comp>

<comp id="1174" class="1004" name="muxLogicRAMData_to_store_ln102_fu_1174">
<pin_list>
<pin id="1175" dir="0" index="0" bw="32" slack="0"/>
<pin id="1176" dir="1" index="1" bw="0" slack="2147483647"/>
</pin_list>
<bind>
<opcode="muxlogic(592) " fcode="muxlogic"/>
<opset="muxLogicRAMData_to_store_ln102/1 "/>
</bind>
</comp>

<comp id="1178" class="1004" name="muxLogicRAMAddr_to_store_ln102_fu_1178">
<pin_list>
<pin id="1179" dir="0" index="0" bw="9" slack="0"/>
<pin id="1180" dir="1" index="1" bw="0" slack="2147483647"/>
</pin_list>
<bind>
<opcode="muxlogic(592) " fcode="muxlogic"/>
<opset="muxLogicRAMAddr_to_store_ln102/1 "/>
</bind>
</comp>

<comp id="1182" class="1004" name="or_ln99_3_fu_1182">
<pin_list>
<pin id="1183" dir="0" index="0" bw="6" slack="0"/>
<pin id="1184" dir="0" index="1" bw="3" slack="0"/>
<pin id="1185" dir="0" index="2" bw="3" slack="0"/>
<pin id="1186" dir="1" index="3" bw="6" slack="0"/>
</pin_list>
<bind>
<opcode="bitconcatenate(1004) " fcode="bitconcatenate"/>
<opset="or_ln99_3/1 "/>
</bind>
</comp>

<comp id="1190" class="1004" name="zext_ln102_3_fu_1190">
<pin_list>
<pin id="1191" dir="0" index="0" bw="6" slack="0"/>
<pin id="1192" dir="1" index="1" bw="32" slack="0"/>
</pin_list>
<bind>
<opcode="zext(34) " fcode="zext"/>
<opset="zext_ln102_3/1 "/>
</bind>
</comp>

<comp id="1194" class="1004" name="icmp_ln102_4_fu_1194">
<pin_list>
<pin id="1195" dir="0" index="0" bw="6" slack="0"/>
<pin id="1196" dir="0" index="1" bw="32" slack="0"/>
<pin id="1197" dir="1" index="2" bw="1" slack="0"/>
</pin_list>
<bind>
<opcode="icmp(45) " fcode="icmp"/>
<opset="icmp_ln102_4/1 "/>
</bind>
</comp>

<comp id="1200" class="1004" name="and_ln102_4_fu_1200">
<pin_list>
<pin id="1201" dir="0" index="0" bw="1" slack="0"/>
<pin id="1202" dir="0" index="1" bw="1" slack="0"/>
<pin id="1203" dir="1" index="2" bw="1" slack="0"/>
</pin_list>
<bind>
<opcode="and(23) " fcode="and"/>
<opset="and_ln102_4/1 "/>
</bind>
</comp>

<comp id="1206" class="1004" name="tmp_174_fu_1206">
<pin_list>
<pin id="1207" dir="0" index="0" bw="32" slack="0"/>
<pin id="1208" dir="0" index="1" bw="6" slack="0"/>
<pin id="1209" dir="0" index="2" bw="32" slack="0"/>
<pin id="1210" dir="0" index="3" bw="6" slack="0"/>
<pin id="1211" dir="0" index="4" bw="32" slack="0"/>
<pin id="1212" dir="0" index="5" bw="6" slack="0"/>
<pin id="1213" dir="0" index="6" bw="32" slack="0"/>
<pin id="1214" dir="0" index="7" bw="6" slack="0"/>
<pin id="1215" dir="0" index="8" bw="32" slack="0"/>
<pin id="1216" dir="0" index="9" bw="6" slack="0"/>
<pin id="1217" dir="0" index="10" bw="32" slack="0"/>
<pin id="1218" dir="0" index="11" bw="6" slack="0"/>
<pin id="1219" dir="0" index="12" bw="32" slack="0"/>
<pin id="1220" dir="0" index="13" bw="6" slack="0"/>
<pin id="1221" dir="0" index="14" bw="32" slack="0"/>
<pin id="1222" dir="0" index="15" bw="6" slack="0"/>
<pin id="1223" dir="0" index="16" bw="32" slack="0"/>
<pin id="1224" dir="0" index="17" bw="32" slack="0"/>
<pin id="1225" dir="0" index="18" bw="6" slack="0"/>
<pin id="1226" dir="1" index="19" bw="32" slack="0"/>
</pin_list>
<bind>
<opcode="sparsemux(1197) " fcode="sparsemux"/>
<opset="tmp_174/1 "/>
</bind>
</comp>

<comp id="1246" class="1004" name="cond_4_fu_1246">
<pin_list>
<pin id="1247" dir="0" index="0" bw="1" slack="0"/>
<pin id="1248" dir="0" index="1" bw="32" slack="0"/>
<pin id="1249" dir="0" index="2" bw="32" slack="0"/>
<pin id="1250" dir="1" index="3" bw="32" slack="0"/>
</pin_list>
<bind>
<opcode="select(49) " fcode="select"/>
<opset="cond_4/1 "/>
</bind>
</comp>

<comp id="1255" class="1004" name="muxLogicRAMData_to_store_ln102_fu_1255">
<pin_list>
<pin id="1256" dir="0" index="0" bw="32" slack="0"/>
<pin id="1257" dir="1" index="1" bw="0" slack="2147483647"/>
</pin_list>
<bind>
<opcode="muxlogic(592) " fcode="muxlogic"/>
<opset="muxLogicRAMData_to_store_ln102/1 "/>
</bind>
</comp>

<comp id="1259" class="1004" name="muxLogicRAMAddr_to_store_ln102_fu_1259">
<pin_list>
<pin id="1260" dir="0" index="0" bw="9" slack="0"/>
<pin id="1261" dir="1" index="1" bw="0" slack="2147483647"/>
</pin_list>
<bind>
<opcode="muxlogic(592) " fcode="muxlogic"/>
<opset="muxLogicRAMAddr_to_store_ln102/1 "/>
</bind>
</comp>

<comp id="1263" class="1004" name="tmp_7_fu_1263">
<pin_list>
<pin id="1264" dir="0" index="0" bw="1" slack="0"/>
<pin id="1265" dir="0" index="1" bw="7" slack="0"/>
<pin id="1266" dir="0" index="2" bw="1" slack="0"/>
<pin id="1267" dir="1" index="3" bw="1" slack="0"/>
</pin_list>
<bind>
<opcode="bitselect(1000) " fcode="bitselect"/>
<opset="tmp_7/1 "/>
</bind>
</comp>

<comp id="1271" class="1004" name="or_ln99_4_fu_1271">
<pin_list>
<pin id="1272" dir="0" index="0" bw="6" slack="0"/>
<pin id="1273" dir="0" index="1" bw="3" slack="0"/>
<pin id="1274" dir="0" index="2" bw="1" slack="0"/>
<pin id="1275" dir="0" index="3" bw="1" slack="0"/>
<pin id="1276" dir="0" index="4" bw="1" slack="0"/>
<pin id="1277" dir="1" index="5" bw="6" slack="0"/>
</pin_list>
<bind>
<opcode="bitconcatenate(1004) " fcode="bitconcatenate"/>
<opset="or_ln99_4/1 "/>
</bind>
</comp>

<comp id="1283" class="1004" name="zext_ln102_4_fu_1283">
<pin_list>
<pin id="1284" dir="0" index="0" bw="6" slack="0"/>
<pin id="1285" dir="1" index="1" bw="32" slack="0"/>
</pin_list>
<bind>
<opcode="zext(34) " fcode="zext"/>
<opset="zext_ln102_4/1 "/>
</bind>
</comp>

<comp id="1287" class="1004" name="icmp_ln102_5_fu_1287">
<pin_list>
<pin id="1288" dir="0" index="0" bw="6" slack="0"/>
<pin id="1289" dir="0" index="1" bw="32" slack="0"/>
<pin id="1290" dir="1" index="2" bw="1" slack="0"/>
</pin_list>
<bind>
<opcode="icmp(45) " fcode="icmp"/>
<opset="icmp_ln102_5/1 "/>
</bind>
</comp>

<comp id="1293" class="1004" name="and_ln102_5_fu_1293">
<pin_list>
<pin id="1294" dir="0" index="0" bw="1" slack="0"/>
<pin id="1295" dir="0" index="1" bw="1" slack="0"/>
<pin id="1296" dir="1" index="2" bw="1" slack="0"/>
</pin_list>
<bind>
<opcode="and(23) " fcode="and"/>
<opset="and_ln102_5/1 "/>
</bind>
</comp>

<comp id="1299" class="1004" name="tmp_175_fu_1299">
<pin_list>
<pin id="1300" dir="0" index="0" bw="32" slack="0"/>
<pin id="1301" dir="0" index="1" bw="6" slack="0"/>
<pin id="1302" dir="0" index="2" bw="32" slack="0"/>
<pin id="1303" dir="0" index="3" bw="6" slack="0"/>
<pin id="1304" dir="0" index="4" bw="32" slack="0"/>
<pin id="1305" dir="0" index="5" bw="6" slack="0"/>
<pin id="1306" dir="0" index="6" bw="32" slack="0"/>
<pin id="1307" dir="0" index="7" bw="6" slack="0"/>
<pin id="1308" dir="0" index="8" bw="32" slack="0"/>
<pin id="1309" dir="0" index="9" bw="6" slack="0"/>
<pin id="1310" dir="0" index="10" bw="32" slack="0"/>
<pin id="1311" dir="0" index="11" bw="6" slack="0"/>
<pin id="1312" dir="0" index="12" bw="32" slack="0"/>
<pin id="1313" dir="0" index="13" bw="6" slack="0"/>
<pin id="1314" dir="0" index="14" bw="32" slack="0"/>
<pin id="1315" dir="0" index="15" bw="6" slack="0"/>
<pin id="1316" dir="0" index="16" bw="32" slack="0"/>
<pin id="1317" dir="0" index="17" bw="32" slack="0"/>
<pin id="1318" dir="0" index="18" bw="6" slack="0"/>
<pin id="1319" dir="1" index="19" bw="32" slack="0"/>
</pin_list>
<bind>
<opcode="sparsemux(1197) " fcode="sparsemux"/>
<opset="tmp_175/1 "/>
</bind>
</comp>

<comp id="1339" class="1004" name="cond_5_fu_1339">
<pin_list>
<pin id="1340" dir="0" index="0" bw="1" slack="0"/>
<pin id="1341" dir="0" index="1" bw="32" slack="0"/>
<pin id="1342" dir="0" index="2" bw="32" slack="0"/>
<pin id="1343" dir="1" index="3" bw="32" slack="0"/>
</pin_list>
<bind>
<opcode="select(49) " fcode="select"/>
<opset="cond_5/1 "/>
</bind>
</comp>

<comp id="1348" class="1004" name="muxLogicRAMData_to_store_ln102_fu_1348">
<pin_list>
<pin id="1349" dir="0" index="0" bw="32" slack="0"/>
<pin id="1350" dir="1" index="1" bw="0" slack="2147483647"/>
</pin_list>
<bind>
<opcode="muxlogic(592) " fcode="muxlogic"/>
<opset="muxLogicRAMData_to_store_ln102/1 "/>
</bind>
</comp>

<comp id="1352" class="1004" name="muxLogicRAMAddr_to_store_ln102_fu_1352">
<pin_list>
<pin id="1353" dir="0" index="0" bw="9" slack="0"/>
<pin id="1354" dir="1" index="1" bw="0" slack="2147483647"/>
</pin_list>
<bind>
<opcode="muxlogic(592) " fcode="muxlogic"/>
<opset="muxLogicRAMAddr_to_store_ln102/1 "/>
</bind>
</comp>

<comp id="1356" class="1004" name="or_ln99_5_fu_1356">
<pin_list>
<pin id="1357" dir="0" index="0" bw="6" slack="0"/>
<pin id="1358" dir="0" index="1" bw="3" slack="0"/>
<pin id="1359" dir="0" index="2" bw="2" slack="0"/>
<pin id="1360" dir="1" index="3" bw="6" slack="0"/>
</pin_list>
<bind>
<opcode="bitconcatenate(1004) " fcode="bitconcatenate"/>
<opset="or_ln99_5/1 "/>
</bind>
</comp>

<comp id="1364" class="1004" name="zext_ln102_5_fu_1364">
<pin_list>
<pin id="1365" dir="0" index="0" bw="6" slack="0"/>
<pin id="1366" dir="1" index="1" bw="32" slack="0"/>
</pin_list>
<bind>
<opcode="zext(34) " fcode="zext"/>
<opset="zext_ln102_5/1 "/>
</bind>
</comp>

<comp id="1368" class="1004" name="icmp_ln102_6_fu_1368">
<pin_list>
<pin id="1369" dir="0" index="0" bw="6" slack="0"/>
<pin id="1370" dir="0" index="1" bw="32" slack="0"/>
<pin id="1371" dir="1" index="2" bw="1" slack="0"/>
</pin_list>
<bind>
<opcode="icmp(45) " fcode="icmp"/>
<opset="icmp_ln102_6/1 "/>
</bind>
</comp>

<comp id="1374" class="1004" name="and_ln102_6_fu_1374">
<pin_list>
<pin id="1375" dir="0" index="0" bw="1" slack="0"/>
<pin id="1376" dir="0" index="1" bw="1" slack="0"/>
<pin id="1377" dir="1" index="2" bw="1" slack="0"/>
</pin_list>
<bind>
<opcode="and(23) " fcode="and"/>
<opset="and_ln102_6/1 "/>
</bind>
</comp>

<comp id="1380" class="1004" name="tmp_176_fu_1380">
<pin_list>
<pin id="1381" dir="0" index="0" bw="32" slack="0"/>
<pin id="1382" dir="0" index="1" bw="6" slack="0"/>
<pin id="1383" dir="0" index="2" bw="32" slack="0"/>
<pin id="1384" dir="0" index="3" bw="6" slack="0"/>
<pin id="1385" dir="0" index="4" bw="32" slack="0"/>
<pin id="1386" dir="0" index="5" bw="6" slack="0"/>
<pin id="1387" dir="0" index="6" bw="32" slack="0"/>
<pin id="1388" dir="0" index="7" bw="6" slack="0"/>
<pin id="1389" dir="0" index="8" bw="32" slack="0"/>
<pin id="1390" dir="0" index="9" bw="6" slack="0"/>
<pin id="1391" dir="0" index="10" bw="32" slack="0"/>
<pin id="1392" dir="0" index="11" bw="6" slack="0"/>
<pin id="1393" dir="0" index="12" bw="32" slack="0"/>
<pin id="1394" dir="0" index="13" bw="6" slack="0"/>
<pin id="1395" dir="0" index="14" bw="32" slack="0"/>
<pin id="1396" dir="0" index="15" bw="6" slack="0"/>
<pin id="1397" dir="0" index="16" bw="32" slack="0"/>
<pin id="1398" dir="0" index="17" bw="32" slack="0"/>
<pin id="1399" dir="0" index="18" bw="6" slack="0"/>
<pin id="1400" dir="1" index="19" bw="32" slack="0"/>
</pin_list>
<bind>
<opcode="sparsemux(1197) " fcode="sparsemux"/>
<opset="tmp_176/1 "/>
</bind>
</comp>

<comp id="1420" class="1004" name="cond_6_fu_1420">
<pin_list>
<pin id="1421" dir="0" index="0" bw="1" slack="0"/>
<pin id="1422" dir="0" index="1" bw="32" slack="0"/>
<pin id="1423" dir="0" index="2" bw="32" slack="0"/>
<pin id="1424" dir="1" index="3" bw="32" slack="0"/>
</pin_list>
<bind>
<opcode="select(49) " fcode="select"/>
<opset="cond_6/1 "/>
</bind>
</comp>

<comp id="1429" class="1004" name="muxLogicRAMData_to_store_ln102_fu_1429">
<pin_list>
<pin id="1430" dir="0" index="0" bw="32" slack="0"/>
<pin id="1431" dir="1" index="1" bw="0" slack="2147483647"/>
</pin_list>
<bind>
<opcode="muxlogic(592) " fcode="muxlogic"/>
<opset="muxLogicRAMData_to_store_ln102/1 "/>
</bind>
</comp>

<comp id="1433" class="1004" name="muxLogicRAMAddr_to_store_ln102_fu_1433">
<pin_list>
<pin id="1434" dir="0" index="0" bw="9" slack="0"/>
<pin id="1435" dir="1" index="1" bw="0" slack="2147483647"/>
</pin_list>
<bind>
<opcode="muxlogic(592) " fcode="muxlogic"/>
<opset="muxLogicRAMAddr_to_store_ln102/1 "/>
</bind>
</comp>

<comp id="1437" class="1004" name="or_ln99_6_fu_1437">
<pin_list>
<pin id="1438" dir="0" index="0" bw="6" slack="0"/>
<pin id="1439" dir="0" index="1" bw="3" slack="0"/>
<pin id="1440" dir="0" index="2" bw="1" slack="0"/>
<pin id="1441" dir="1" index="3" bw="6" slack="0"/>
</pin_list>
<bind>
<opcode="bitconcatenate(1004) " fcode="bitconcatenate"/>
<opset="or_ln99_6/1 "/>
</bind>
</comp>

<comp id="1445" class="1004" name="zext_ln102_6_fu_1445">
<pin_list>
<pin id="1446" dir="0" index="0" bw="6" slack="0"/>
<pin id="1447" dir="1" index="1" bw="32" slack="0"/>
</pin_list>
<bind>
<opcode="zext(34) " fcode="zext"/>
<opset="zext_ln102_6/1 "/>
</bind>
</comp>

<comp id="1449" class="1004" name="icmp_ln102_7_fu_1449">
<pin_list>
<pin id="1450" dir="0" index="0" bw="6" slack="0"/>
<pin id="1451" dir="0" index="1" bw="32" slack="0"/>
<pin id="1452" dir="1" index="2" bw="1" slack="0"/>
</pin_list>
<bind>
<opcode="icmp(45) " fcode="icmp"/>
<opset="icmp_ln102_7/1 "/>
</bind>
</comp>

<comp id="1455" class="1004" name="and_ln102_7_fu_1455">
<pin_list>
<pin id="1456" dir="0" index="0" bw="1" slack="0"/>
<pin id="1457" dir="0" index="1" bw="1" slack="0"/>
<pin id="1458" dir="1" index="2" bw="1" slack="0"/>
</pin_list>
<bind>
<opcode="and(23) " fcode="and"/>
<opset="and_ln102_7/1 "/>
</bind>
</comp>

<comp id="1461" class="1004" name="tmp_177_fu_1461">
<pin_list>
<pin id="1462" dir="0" index="0" bw="32" slack="0"/>
<pin id="1463" dir="0" index="1" bw="6" slack="0"/>
<pin id="1464" dir="0" index="2" bw="32" slack="0"/>
<pin id="1465" dir="0" index="3" bw="6" slack="0"/>
<pin id="1466" dir="0" index="4" bw="32" slack="0"/>
<pin id="1467" dir="0" index="5" bw="6" slack="0"/>
<pin id="1468" dir="0" index="6" bw="32" slack="0"/>
<pin id="1469" dir="0" index="7" bw="6" slack="0"/>
<pin id="1470" dir="0" index="8" bw="32" slack="0"/>
<pin id="1471" dir="0" index="9" bw="6" slack="0"/>
<pin id="1472" dir="0" index="10" bw="32" slack="0"/>
<pin id="1473" dir="0" index="11" bw="6" slack="0"/>
<pin id="1474" dir="0" index="12" bw="32" slack="0"/>
<pin id="1475" dir="0" index="13" bw="6" slack="0"/>
<pin id="1476" dir="0" index="14" bw="32" slack="0"/>
<pin id="1477" dir="0" index="15" bw="6" slack="0"/>
<pin id="1478" dir="0" index="16" bw="32" slack="0"/>
<pin id="1479" dir="0" index="17" bw="32" slack="0"/>
<pin id="1480" dir="0" index="18" bw="6" slack="0"/>
<pin id="1481" dir="1" index="19" bw="32" slack="0"/>
</pin_list>
<bind>
<opcode="sparsemux(1197) " fcode="sparsemux"/>
<opset="tmp_177/1 "/>
</bind>
</comp>

<comp id="1501" class="1004" name="cond_7_fu_1501">
<pin_list>
<pin id="1502" dir="0" index="0" bw="1" slack="0"/>
<pin id="1503" dir="0" index="1" bw="32" slack="0"/>
<pin id="1504" dir="0" index="2" bw="32" slack="0"/>
<pin id="1505" dir="1" index="3" bw="32" slack="0"/>
</pin_list>
<bind>
<opcode="select(49) " fcode="select"/>
<opset="cond_7/1 "/>
</bind>
</comp>

<comp id="1510" class="1004" name="muxLogicRAMData_to_store_ln102_fu_1510">
<pin_list>
<pin id="1511" dir="0" index="0" bw="32" slack="0"/>
<pin id="1512" dir="1" index="1" bw="0" slack="2147483647"/>
</pin_list>
<bind>
<opcode="muxlogic(592) " fcode="muxlogic"/>
<opset="muxLogicRAMData_to_store_ln102/1 "/>
</bind>
</comp>

<comp id="1514" class="1004" name="muxLogicRAMAddr_to_store_ln102_fu_1514">
<pin_list>
<pin id="1515" dir="0" index="0" bw="9" slack="0"/>
<pin id="1516" dir="1" index="1" bw="0" slack="2147483647"/>
</pin_list>
<bind>
<opcode="muxlogic(592) " fcode="muxlogic"/>
<opset="muxLogicRAMAddr_to_store_ln102/1 "/>
</bind>
</comp>

<comp id="1518" class="1004" name="store_ln99_store_fu_1518">
<pin_list>
<pin id="1519" dir="0" index="0" bw="7" slack="0"/>
<pin id="1520" dir="0" index="1" bw="7" slack="0"/>
<pin id="1521" dir="1" index="2" bw="0" slack="2147483647"/>
</pin_list>
<bind>
<opcode="store(28) " fcode="store"/>
<opset="store_ln99/1 "/>
</bind>
</comp>

<comp id="1523" class="1005" name="j_reg_1523">
<pin_list>
<pin id="1524" dir="0" index="0" bw="7" slack="0"/>
<pin id="1525" dir="1" index="1" bw="7" slack="0"/>
</pin_list>
<bind>
<opset="j "/>
</bind>
</comp>

</comp_list>

<net_list>
<net id="251"><net_src comp="150" pin="0"/><net_sink comp="248" pin=0"/></net>

<net id="256"><net_src comp="160" pin="0"/><net_sink comp="252" pin=0"/></net>

<net id="257"><net_src comp="148" pin="0"/><net_sink comp="252" pin=1"/></net>

<net id="262"><net_src comp="160" pin="0"/><net_sink comp="258" pin=0"/></net>

<net id="263"><net_src comp="146" pin="0"/><net_sink comp="258" pin=1"/></net>

<net id="268"><net_src comp="160" pin="0"/><net_sink comp="264" pin=0"/></net>

<net id="269"><net_src comp="144" pin="0"/><net_sink comp="264" pin=1"/></net>

<net id="274"><net_src comp="160" pin="0"/><net_sink comp="270" pin=0"/></net>

<net id="275"><net_src comp="142" pin="0"/><net_sink comp="270" pin=1"/></net>

<net id="280"><net_src comp="160" pin="0"/><net_sink comp="276" pin=0"/></net>

<net id="281"><net_src comp="140" pin="0"/><net_sink comp="276" pin=1"/></net>

<net id="286"><net_src comp="160" pin="0"/><net_sink comp="282" pin=0"/></net>

<net id="287"><net_src comp="138" pin="0"/><net_sink comp="282" pin=1"/></net>

<net id="292"><net_src comp="160" pin="0"/><net_sink comp="288" pin=0"/></net>

<net id="293"><net_src comp="136" pin="0"/><net_sink comp="288" pin=1"/></net>

<net id="298"><net_src comp="160" pin="0"/><net_sink comp="294" pin=0"/></net>

<net id="299"><net_src comp="134" pin="0"/><net_sink comp="294" pin=1"/></net>

<net id="304"><net_src comp="160" pin="0"/><net_sink comp="300" pin=0"/></net>

<net id="305"><net_src comp="132" pin="0"/><net_sink comp="300" pin=1"/></net>

<net id="310"><net_src comp="160" pin="0"/><net_sink comp="306" pin=0"/></net>

<net id="311"><net_src comp="130" pin="0"/><net_sink comp="306" pin=1"/></net>

<net id="316"><net_src comp="160" pin="0"/><net_sink comp="312" pin=0"/></net>

<net id="317"><net_src comp="128" pin="0"/><net_sink comp="312" pin=1"/></net>

<net id="322"><net_src comp="160" pin="0"/><net_sink comp="318" pin=0"/></net>

<net id="323"><net_src comp="126" pin="0"/><net_sink comp="318" pin=1"/></net>

<net id="328"><net_src comp="160" pin="0"/><net_sink comp="324" pin=0"/></net>

<net id="329"><net_src comp="124" pin="0"/><net_sink comp="324" pin=1"/></net>

<net id="334"><net_src comp="160" pin="0"/><net_sink comp="330" pin=0"/></net>

<net id="335"><net_src comp="122" pin="0"/><net_sink comp="330" pin=1"/></net>

<net id="340"><net_src comp="160" pin="0"/><net_sink comp="336" pin=0"/></net>

<net id="341"><net_src comp="120" pin="0"/><net_sink comp="336" pin=1"/></net>

<net id="346"><net_src comp="160" pin="0"/><net_sink comp="342" pin=0"/></net>

<net id="347"><net_src comp="118" pin="0"/><net_sink comp="342" pin=1"/></net>

<net id="352"><net_src comp="160" pin="0"/><net_sink comp="348" pin=0"/></net>

<net id="353"><net_src comp="116" pin="0"/><net_sink comp="348" pin=1"/></net>

<net id="358"><net_src comp="160" pin="0"/><net_sink comp="354" pin=0"/></net>

<net id="359"><net_src comp="114" pin="0"/><net_sink comp="354" pin=1"/></net>

<net id="364"><net_src comp="160" pin="0"/><net_sink comp="360" pin=0"/></net>

<net id="365"><net_src comp="112" pin="0"/><net_sink comp="360" pin=1"/></net>

<net id="370"><net_src comp="160" pin="0"/><net_sink comp="366" pin=0"/></net>

<net id="371"><net_src comp="110" pin="0"/><net_sink comp="366" pin=1"/></net>

<net id="376"><net_src comp="160" pin="0"/><net_sink comp="372" pin=0"/></net>

<net id="377"><net_src comp="108" pin="0"/><net_sink comp="372" pin=1"/></net>

<net id="382"><net_src comp="160" pin="0"/><net_sink comp="378" pin=0"/></net>

<net id="383"><net_src comp="106" pin="0"/><net_sink comp="378" pin=1"/></net>

<net id="388"><net_src comp="160" pin="0"/><net_sink comp="384" pin=0"/></net>

<net id="389"><net_src comp="104" pin="0"/><net_sink comp="384" pin=1"/></net>

<net id="394"><net_src comp="160" pin="0"/><net_sink comp="390" pin=0"/></net>

<net id="395"><net_src comp="102" pin="0"/><net_sink comp="390" pin=1"/></net>

<net id="400"><net_src comp="160" pin="0"/><net_sink comp="396" pin=0"/></net>

<net id="401"><net_src comp="100" pin="0"/><net_sink comp="396" pin=1"/></net>

<net id="406"><net_src comp="160" pin="0"/><net_sink comp="402" pin=0"/></net>

<net id="407"><net_src comp="98" pin="0"/><net_sink comp="402" pin=1"/></net>

<net id="412"><net_src comp="160" pin="0"/><net_sink comp="408" pin=0"/></net>

<net id="413"><net_src comp="96" pin="0"/><net_sink comp="408" pin=1"/></net>

<net id="418"><net_src comp="160" pin="0"/><net_sink comp="414" pin=0"/></net>

<net id="419"><net_src comp="94" pin="0"/><net_sink comp="414" pin=1"/></net>

<net id="424"><net_src comp="160" pin="0"/><net_sink comp="420" pin=0"/></net>

<net id="425"><net_src comp="92" pin="0"/><net_sink comp="420" pin=1"/></net>

<net id="430"><net_src comp="160" pin="0"/><net_sink comp="426" pin=0"/></net>

<net id="431"><net_src comp="90" pin="0"/><net_sink comp="426" pin=1"/></net>

<net id="436"><net_src comp="160" pin="0"/><net_sink comp="432" pin=0"/></net>

<net id="437"><net_src comp="88" pin="0"/><net_sink comp="432" pin=1"/></net>

<net id="442"><net_src comp="160" pin="0"/><net_sink comp="438" pin=0"/></net>

<net id="443"><net_src comp="86" pin="0"/><net_sink comp="438" pin=1"/></net>

<net id="448"><net_src comp="160" pin="0"/><net_sink comp="444" pin=0"/></net>

<net id="449"><net_src comp="84" pin="0"/><net_sink comp="444" pin=1"/></net>

<net id="454"><net_src comp="160" pin="0"/><net_sink comp="450" pin=0"/></net>

<net id="455"><net_src comp="82" pin="0"/><net_sink comp="450" pin=1"/></net>

<net id="460"><net_src comp="160" pin="0"/><net_sink comp="456" pin=0"/></net>

<net id="461"><net_src comp="80" pin="0"/><net_sink comp="456" pin=1"/></net>

<net id="466"><net_src comp="160" pin="0"/><net_sink comp="462" pin=0"/></net>

<net id="467"><net_src comp="78" pin="0"/><net_sink comp="462" pin=1"/></net>

<net id="472"><net_src comp="160" pin="0"/><net_sink comp="468" pin=0"/></net>

<net id="473"><net_src comp="76" pin="0"/><net_sink comp="468" pin=1"/></net>

<net id="478"><net_src comp="160" pin="0"/><net_sink comp="474" pin=0"/></net>

<net id="479"><net_src comp="74" pin="0"/><net_sink comp="474" pin=1"/></net>

<net id="484"><net_src comp="160" pin="0"/><net_sink comp="480" pin=0"/></net>

<net id="485"><net_src comp="72" pin="0"/><net_sink comp="480" pin=1"/></net>

<net id="490"><net_src comp="160" pin="0"/><net_sink comp="486" pin=0"/></net>

<net id="491"><net_src comp="70" pin="0"/><net_sink comp="486" pin=1"/></net>

<net id="496"><net_src comp="160" pin="0"/><net_sink comp="492" pin=0"/></net>

<net id="497"><net_src comp="68" pin="0"/><net_sink comp="492" pin=1"/></net>

<net id="502"><net_src comp="160" pin="0"/><net_sink comp="498" pin=0"/></net>

<net id="503"><net_src comp="66" pin="0"/><net_sink comp="498" pin=1"/></net>

<net id="508"><net_src comp="160" pin="0"/><net_sink comp="504" pin=0"/></net>

<net id="509"><net_src comp="64" pin="0"/><net_sink comp="504" pin=1"/></net>

<net id="514"><net_src comp="160" pin="0"/><net_sink comp="510" pin=0"/></net>

<net id="515"><net_src comp="62" pin="0"/><net_sink comp="510" pin=1"/></net>

<net id="520"><net_src comp="160" pin="0"/><net_sink comp="516" pin=0"/></net>

<net id="521"><net_src comp="60" pin="0"/><net_sink comp="516" pin=1"/></net>

<net id="526"><net_src comp="160" pin="0"/><net_sink comp="522" pin=0"/></net>

<net id="527"><net_src comp="58" pin="0"/><net_sink comp="522" pin=1"/></net>

<net id="532"><net_src comp="160" pin="0"/><net_sink comp="528" pin=0"/></net>

<net id="533"><net_src comp="56" pin="0"/><net_sink comp="528" pin=1"/></net>

<net id="538"><net_src comp="160" pin="0"/><net_sink comp="534" pin=0"/></net>

<net id="539"><net_src comp="54" pin="0"/><net_sink comp="534" pin=1"/></net>

<net id="544"><net_src comp="160" pin="0"/><net_sink comp="540" pin=0"/></net>

<net id="545"><net_src comp="52" pin="0"/><net_sink comp="540" pin=1"/></net>

<net id="550"><net_src comp="160" pin="0"/><net_sink comp="546" pin=0"/></net>

<net id="551"><net_src comp="50" pin="0"/><net_sink comp="546" pin=1"/></net>

<net id="556"><net_src comp="160" pin="0"/><net_sink comp="552" pin=0"/></net>

<net id="557"><net_src comp="48" pin="0"/><net_sink comp="552" pin=1"/></net>

<net id="562"><net_src comp="160" pin="0"/><net_sink comp="558" pin=0"/></net>

<net id="563"><net_src comp="46" pin="0"/><net_sink comp="558" pin=1"/></net>

<net id="568"><net_src comp="160" pin="0"/><net_sink comp="564" pin=0"/></net>

<net id="569"><net_src comp="44" pin="0"/><net_sink comp="564" pin=1"/></net>

<net id="574"><net_src comp="160" pin="0"/><net_sink comp="570" pin=0"/></net>

<net id="575"><net_src comp="42" pin="0"/><net_sink comp="570" pin=1"/></net>

<net id="580"><net_src comp="160" pin="0"/><net_sink comp="576" pin=0"/></net>

<net id="581"><net_src comp="40" pin="0"/><net_sink comp="576" pin=1"/></net>

<net id="586"><net_src comp="160" pin="0"/><net_sink comp="582" pin=0"/></net>

<net id="587"><net_src comp="38" pin="0"/><net_sink comp="582" pin=1"/></net>

<net id="592"><net_src comp="160" pin="0"/><net_sink comp="588" pin=0"/></net>

<net id="593"><net_src comp="36" pin="0"/><net_sink comp="588" pin=1"/></net>

<net id="598"><net_src comp="160" pin="0"/><net_sink comp="594" pin=0"/></net>

<net id="599"><net_src comp="34" pin="0"/><net_sink comp="594" pin=1"/></net>

<net id="604"><net_src comp="160" pin="0"/><net_sink comp="600" pin=0"/></net>

<net id="605"><net_src comp="32" pin="0"/><net_sink comp="600" pin=1"/></net>

<net id="610"><net_src comp="160" pin="0"/><net_sink comp="606" pin=0"/></net>

<net id="611"><net_src comp="30" pin="0"/><net_sink comp="606" pin=1"/></net>

<net id="616"><net_src comp="160" pin="0"/><net_sink comp="612" pin=0"/></net>

<net id="617"><net_src comp="28" pin="0"/><net_sink comp="612" pin=1"/></net>

<net id="622"><net_src comp="160" pin="0"/><net_sink comp="618" pin=0"/></net>

<net id="623"><net_src comp="26" pin="0"/><net_sink comp="618" pin=1"/></net>

<net id="628"><net_src comp="160" pin="0"/><net_sink comp="624" pin=0"/></net>

<net id="629"><net_src comp="24" pin="0"/><net_sink comp="624" pin=1"/></net>

<net id="634"><net_src comp="160" pin="0"/><net_sink comp="630" pin=0"/></net>

<net id="635"><net_src comp="22" pin="0"/><net_sink comp="630" pin=1"/></net>

<net id="640"><net_src comp="162" pin="0"/><net_sink comp="636" pin=0"/></net>

<net id="641"><net_src comp="20" pin="0"/><net_sink comp="636" pin=1"/></net>

<net id="646"><net_src comp="164" pin="0"/><net_sink comp="642" pin=0"/></net>

<net id="647"><net_src comp="18" pin="0"/><net_sink comp="642" pin=1"/></net>

<net id="652"><net_src comp="166" pin="0"/><net_sink comp="648" pin=0"/></net>

<net id="653"><net_src comp="0" pin="0"/><net_sink comp="648" pin=1"/></net>

<net id="659"><net_src comp="2" pin="0"/><net_sink comp="654" pin=0"/></net>

<net id="660"><net_src comp="198" pin="0"/><net_sink comp="654" pin=1"/></net>

<net id="666"><net_src comp="4" pin="0"/><net_sink comp="661" pin=0"/></net>

<net id="667"><net_src comp="198" pin="0"/><net_sink comp="661" pin=1"/></net>

<net id="673"><net_src comp="6" pin="0"/><net_sink comp="668" pin=0"/></net>

<net id="674"><net_src comp="198" pin="0"/><net_sink comp="668" pin=1"/></net>

<net id="680"><net_src comp="8" pin="0"/><net_sink comp="675" pin=0"/></net>

<net id="681"><net_src comp="198" pin="0"/><net_sink comp="675" pin=1"/></net>

<net id="687"><net_src comp="10" pin="0"/><net_sink comp="682" pin=0"/></net>

<net id="688"><net_src comp="198" pin="0"/><net_sink comp="682" pin=1"/></net>

<net id="694"><net_src comp="12" pin="0"/><net_sink comp="689" pin=0"/></net>

<net id="695"><net_src comp="198" pin="0"/><net_sink comp="689" pin=1"/></net>

<net id="701"><net_src comp="14" pin="0"/><net_sink comp="696" pin=0"/></net>

<net id="702"><net_src comp="198" pin="0"/><net_sink comp="696" pin=1"/></net>

<net id="708"><net_src comp="16" pin="0"/><net_sink comp="703" pin=0"/></net>

<net id="709"><net_src comp="198" pin="0"/><net_sink comp="703" pin=1"/></net>

<net id="719"><net_src comp="654" pin="3"/><net_sink comp="710" pin=2"/></net>

<net id="729"><net_src comp="661" pin="3"/><net_sink comp="720" pin=2"/></net>

<net id="739"><net_src comp="668" pin="3"/><net_sink comp="730" pin=2"/></net>

<net id="749"><net_src comp="675" pin="3"/><net_sink comp="740" pin=2"/></net>

<net id="759"><net_src comp="682" pin="3"/><net_sink comp="750" pin=2"/></net>

<net id="769"><net_src comp="689" pin="3"/><net_sink comp="760" pin=2"/></net>

<net id="779"><net_src comp="696" pin="3"/><net_sink comp="770" pin=2"/></net>

<net id="789"><net_src comp="703" pin="3"/><net_sink comp="780" pin=2"/></net>

<net id="794"><net_src comp="168" pin="0"/><net_sink comp="790" pin=0"/></net>

<net id="803"><net_src comp="170" pin="0"/><net_sink comp="798" pin=0"/></net>

<net id="804"><net_src comp="795" pin="1"/><net_sink comp="798" pin=1"/></net>

<net id="805"><net_src comp="172" pin="0"/><net_sink comp="798" pin=2"/></net>

<net id="810"><net_src comp="795" pin="1"/><net_sink comp="806" pin=0"/></net>

<net id="811"><net_src comp="174" pin="0"/><net_sink comp="806" pin=1"/></net>

<net id="815"><net_src comp="795" pin="1"/><net_sink comp="812" pin=0"/></net>

<net id="819"><net_src comp="795" pin="1"/><net_sink comp="816" pin=0"/></net>

<net id="826"><net_src comp="190" pin="0"/><net_sink comp="820" pin=0"/></net>

<net id="827"><net_src comp="795" pin="1"/><net_sink comp="820" pin=1"/></net>

<net id="828"><net_src comp="192" pin="0"/><net_sink comp="820" pin=2"/></net>

<net id="829"><net_src comp="194" pin="0"/><net_sink comp="820" pin=3"/></net>

<net id="835"><net_src comp="196" pin="0"/><net_sink comp="830" pin=0"/></net>

<net id="836"><net_src comp="648" pin="2"/><net_sink comp="830" pin=1"/></net>

<net id="837"><net_src comp="820" pin="4"/><net_sink comp="830" pin=2"/></net>

<net id="841"><net_src comp="830" pin="3"/><net_sink comp="838" pin=0"/></net>

<net id="842"><net_src comp="838" pin="1"/><net_sink comp="654" pin=2"/></net>

<net id="843"><net_src comp="838" pin="1"/><net_sink comp="661" pin=2"/></net>

<net id="844"><net_src comp="838" pin="1"/><net_sink comp="668" pin=2"/></net>

<net id="845"><net_src comp="838" pin="1"/><net_sink comp="675" pin=2"/></net>

<net id="846"><net_src comp="838" pin="1"/><net_sink comp="682" pin=2"/></net>

<net id="847"><net_src comp="838" pin="1"/><net_sink comp="689" pin=2"/></net>

<net id="848"><net_src comp="838" pin="1"/><net_sink comp="696" pin=2"/></net>

<net id="849"><net_src comp="838" pin="1"/><net_sink comp="703" pin=2"/></net>

<net id="854"><net_src comp="812" pin="1"/><net_sink comp="850" pin=0"/></net>

<net id="855"><net_src comp="642" pin="2"/><net_sink comp="850" pin=1"/></net>

<net id="860"><net_src comp="636" pin="2"/><net_sink comp="856" pin=0"/></net>

<net id="861"><net_src comp="850" pin="2"/><net_sink comp="856" pin=1"/></net>

<net id="883"><net_src comp="200" pin="0"/><net_sink comp="862" pin=0"/></net>

<net id="884"><net_src comp="202" pin="0"/><net_sink comp="862" pin=1"/></net>

<net id="885"><net_src comp="630" pin="2"/><net_sink comp="862" pin=2"/></net>

<net id="886"><net_src comp="204" pin="0"/><net_sink comp="862" pin=3"/></net>

<net id="887"><net_src comp="624" pin="2"/><net_sink comp="862" pin=4"/></net>

<net id="888"><net_src comp="206" pin="0"/><net_sink comp="862" pin=5"/></net>

<net id="889"><net_src comp="618" pin="2"/><net_sink comp="862" pin=6"/></net>

<net id="890"><net_src comp="208" pin="0"/><net_sink comp="862" pin=7"/></net>

<net id="891"><net_src comp="612" pin="2"/><net_sink comp="862" pin=8"/></net>

<net id="892"><net_src comp="210" pin="0"/><net_sink comp="862" pin=9"/></net>

<net id="893"><net_src comp="606" pin="2"/><net_sink comp="862" pin=10"/></net>

<net id="894"><net_src comp="212" pin="0"/><net_sink comp="862" pin=11"/></net>

<net id="895"><net_src comp="600" pin="2"/><net_sink comp="862" pin=12"/></net>

<net id="896"><net_src comp="214" pin="0"/><net_sink comp="862" pin=13"/></net>

<net id="897"><net_src comp="594" pin="2"/><net_sink comp="862" pin=14"/></net>

<net id="898"><net_src comp="216" pin="0"/><net_sink comp="862" pin=15"/></net>

<net id="899"><net_src comp="588" pin="2"/><net_sink comp="862" pin=16"/></net>

<net id="900"><net_src comp="218" pin="0"/><net_sink comp="862" pin=17"/></net>

<net id="901"><net_src comp="816" pin="1"/><net_sink comp="862" pin=18"/></net>

<net id="907"><net_src comp="856" pin="2"/><net_sink comp="902" pin=0"/></net>

<net id="908"><net_src comp="862" pin="19"/><net_sink comp="902" pin=1"/></net>

<net id="909"><net_src comp="220" pin="0"/><net_sink comp="902" pin=2"/></net>

<net id="910"><net_src comp="902" pin="3"/><net_sink comp="710" pin=4"/></net>

<net id="914"><net_src comp="902" pin="3"/><net_sink comp="911" pin=0"/></net>

<net id="918"><net_src comp="654" pin="3"/><net_sink comp="915" pin=0"/></net>

<net id="925"><net_src comp="222" pin="0"/><net_sink comp="919" pin=0"/></net>

<net id="926"><net_src comp="795" pin="1"/><net_sink comp="919" pin=1"/></net>

<net id="927"><net_src comp="150" pin="0"/><net_sink comp="919" pin=2"/></net>

<net id="928"><net_src comp="194" pin="0"/><net_sink comp="919" pin=3"/></net>

<net id="934"><net_src comp="224" pin="0"/><net_sink comp="929" pin=0"/></net>

<net id="935"><net_src comp="919" pin="4"/><net_sink comp="929" pin=1"/></net>

<net id="936"><net_src comp="226" pin="0"/><net_sink comp="929" pin=2"/></net>

<net id="940"><net_src comp="929" pin="3"/><net_sink comp="937" pin=0"/></net>

<net id="945"><net_src comp="937" pin="1"/><net_sink comp="941" pin=0"/></net>

<net id="946"><net_src comp="642" pin="2"/><net_sink comp="941" pin=1"/></net>

<net id="951"><net_src comp="636" pin="2"/><net_sink comp="947" pin=0"/></net>

<net id="952"><net_src comp="941" pin="2"/><net_sink comp="947" pin=1"/></net>

<net id="974"><net_src comp="200" pin="0"/><net_sink comp="953" pin=0"/></net>

<net id="975"><net_src comp="202" pin="0"/><net_sink comp="953" pin=1"/></net>

<net id="976"><net_src comp="582" pin="2"/><net_sink comp="953" pin=2"/></net>

<net id="977"><net_src comp="204" pin="0"/><net_sink comp="953" pin=3"/></net>

<net id="978"><net_src comp="576" pin="2"/><net_sink comp="953" pin=4"/></net>

<net id="979"><net_src comp="206" pin="0"/><net_sink comp="953" pin=5"/></net>

<net id="980"><net_src comp="570" pin="2"/><net_sink comp="953" pin=6"/></net>

<net id="981"><net_src comp="208" pin="0"/><net_sink comp="953" pin=7"/></net>

<net id="982"><net_src comp="564" pin="2"/><net_sink comp="953" pin=8"/></net>

<net id="983"><net_src comp="210" pin="0"/><net_sink comp="953" pin=9"/></net>

<net id="984"><net_src comp="558" pin="2"/><net_sink comp="953" pin=10"/></net>

<net id="985"><net_src comp="212" pin="0"/><net_sink comp="953" pin=11"/></net>

<net id="986"><net_src comp="552" pin="2"/><net_sink comp="953" pin=12"/></net>

<net id="987"><net_src comp="214" pin="0"/><net_sink comp="953" pin=13"/></net>

<net id="988"><net_src comp="546" pin="2"/><net_sink comp="953" pin=14"/></net>

<net id="989"><net_src comp="216" pin="0"/><net_sink comp="953" pin=15"/></net>

<net id="990"><net_src comp="540" pin="2"/><net_sink comp="953" pin=16"/></net>

<net id="991"><net_src comp="218" pin="0"/><net_sink comp="953" pin=17"/></net>

<net id="992"><net_src comp="816" pin="1"/><net_sink comp="953" pin=18"/></net>

<net id="998"><net_src comp="947" pin="2"/><net_sink comp="993" pin=0"/></net>

<net id="999"><net_src comp="953" pin="19"/><net_sink comp="993" pin=1"/></net>

<net id="1000"><net_src comp="220" pin="0"/><net_sink comp="993" pin=2"/></net>

<net id="1001"><net_src comp="993" pin="3"/><net_sink comp="720" pin=4"/></net>

<net id="1005"><net_src comp="993" pin="3"/><net_sink comp="1002" pin=0"/></net>

<net id="1009"><net_src comp="661" pin="3"/><net_sink comp="1006" pin=0"/></net>

<net id="1016"><net_src comp="228" pin="0"/><net_sink comp="1010" pin=0"/></net>

<net id="1017"><net_src comp="795" pin="1"/><net_sink comp="1010" pin=1"/></net>

<net id="1018"><net_src comp="230" pin="0"/><net_sink comp="1010" pin=2"/></net>

<net id="1019"><net_src comp="194" pin="0"/><net_sink comp="1010" pin=3"/></net>

<net id="1025"><net_src comp="232" pin="0"/><net_sink comp="1020" pin=0"/></net>

<net id="1026"><net_src comp="1010" pin="4"/><net_sink comp="1020" pin=1"/></net>

<net id="1027"><net_src comp="234" pin="0"/><net_sink comp="1020" pin=2"/></net>

<net id="1031"><net_src comp="1020" pin="3"/><net_sink comp="1028" pin=0"/></net>

<net id="1036"><net_src comp="1028" pin="1"/><net_sink comp="1032" pin=0"/></net>

<net id="1037"><net_src comp="642" pin="2"/><net_sink comp="1032" pin=1"/></net>

<net id="1042"><net_src comp="636" pin="2"/><net_sink comp="1038" pin=0"/></net>

<net id="1043"><net_src comp="1032" pin="2"/><net_sink comp="1038" pin=1"/></net>

<net id="1065"><net_src comp="200" pin="0"/><net_sink comp="1044" pin=0"/></net>

<net id="1066"><net_src comp="202" pin="0"/><net_sink comp="1044" pin=1"/></net>

<net id="1067"><net_src comp="534" pin="2"/><net_sink comp="1044" pin=2"/></net>

<net id="1068"><net_src comp="204" pin="0"/><net_sink comp="1044" pin=3"/></net>

<net id="1069"><net_src comp="528" pin="2"/><net_sink comp="1044" pin=4"/></net>

<net id="1070"><net_src comp="206" pin="0"/><net_sink comp="1044" pin=5"/></net>

<net id="1071"><net_src comp="522" pin="2"/><net_sink comp="1044" pin=6"/></net>

<net id="1072"><net_src comp="208" pin="0"/><net_sink comp="1044" pin=7"/></net>

<net id="1073"><net_src comp="516" pin="2"/><net_sink comp="1044" pin=8"/></net>

<net id="1074"><net_src comp="210" pin="0"/><net_sink comp="1044" pin=9"/></net>

<net id="1075"><net_src comp="510" pin="2"/><net_sink comp="1044" pin=10"/></net>

<net id="1076"><net_src comp="212" pin="0"/><net_sink comp="1044" pin=11"/></net>

<net id="1077"><net_src comp="504" pin="2"/><net_sink comp="1044" pin=12"/></net>

<net id="1078"><net_src comp="214" pin="0"/><net_sink comp="1044" pin=13"/></net>

<net id="1079"><net_src comp="498" pin="2"/><net_sink comp="1044" pin=14"/></net>

<net id="1080"><net_src comp="216" pin="0"/><net_sink comp="1044" pin=15"/></net>

<net id="1081"><net_src comp="492" pin="2"/><net_sink comp="1044" pin=16"/></net>

<net id="1082"><net_src comp="218" pin="0"/><net_sink comp="1044" pin=17"/></net>

<net id="1083"><net_src comp="816" pin="1"/><net_sink comp="1044" pin=18"/></net>

<net id="1089"><net_src comp="1038" pin="2"/><net_sink comp="1084" pin=0"/></net>

<net id="1090"><net_src comp="1044" pin="19"/><net_sink comp="1084" pin=1"/></net>

<net id="1091"><net_src comp="220" pin="0"/><net_sink comp="1084" pin=2"/></net>

<net id="1092"><net_src comp="1084" pin="3"/><net_sink comp="730" pin=4"/></net>

<net id="1096"><net_src comp="1084" pin="3"/><net_sink comp="1093" pin=0"/></net>

<net id="1100"><net_src comp="668" pin="3"/><net_sink comp="1097" pin=0"/></net>

<net id="1106"><net_src comp="232" pin="0"/><net_sink comp="1101" pin=0"/></net>

<net id="1107"><net_src comp="1010" pin="4"/><net_sink comp="1101" pin=1"/></net>

<net id="1108"><net_src comp="236" pin="0"/><net_sink comp="1101" pin=2"/></net>

<net id="1112"><net_src comp="1101" pin="3"/><net_sink comp="1109" pin=0"/></net>

<net id="1117"><net_src comp="1109" pin="1"/><net_sink comp="1113" pin=0"/></net>

<net id="1118"><net_src comp="642" pin="2"/><net_sink comp="1113" pin=1"/></net>

<net id="1123"><net_src comp="636" pin="2"/><net_sink comp="1119" pin=0"/></net>

<net id="1124"><net_src comp="1113" pin="2"/><net_sink comp="1119" pin=1"/></net>

<net id="1146"><net_src comp="200" pin="0"/><net_sink comp="1125" pin=0"/></net>

<net id="1147"><net_src comp="202" pin="0"/><net_sink comp="1125" pin=1"/></net>

<net id="1148"><net_src comp="486" pin="2"/><net_sink comp="1125" pin=2"/></net>

<net id="1149"><net_src comp="204" pin="0"/><net_sink comp="1125" pin=3"/></net>

<net id="1150"><net_src comp="480" pin="2"/><net_sink comp="1125" pin=4"/></net>

<net id="1151"><net_src comp="206" pin="0"/><net_sink comp="1125" pin=5"/></net>

<net id="1152"><net_src comp="474" pin="2"/><net_sink comp="1125" pin=6"/></net>

<net id="1153"><net_src comp="208" pin="0"/><net_sink comp="1125" pin=7"/></net>

<net id="1154"><net_src comp="468" pin="2"/><net_sink comp="1125" pin=8"/></net>

<net id="1155"><net_src comp="210" pin="0"/><net_sink comp="1125" pin=9"/></net>

<net id="1156"><net_src comp="462" pin="2"/><net_sink comp="1125" pin=10"/></net>

<net id="1157"><net_src comp="212" pin="0"/><net_sink comp="1125" pin=11"/></net>

<net id="1158"><net_src comp="456" pin="2"/><net_sink comp="1125" pin=12"/></net>

<net id="1159"><net_src comp="214" pin="0"/><net_sink comp="1125" pin=13"/></net>

<net id="1160"><net_src comp="450" pin="2"/><net_sink comp="1125" pin=14"/></net>

<net id="1161"><net_src comp="216" pin="0"/><net_sink comp="1125" pin=15"/></net>

<net id="1162"><net_src comp="444" pin="2"/><net_sink comp="1125" pin=16"/></net>

<net id="1163"><net_src comp="218" pin="0"/><net_sink comp="1125" pin=17"/></net>

<net id="1164"><net_src comp="816" pin="1"/><net_sink comp="1125" pin=18"/></net>

<net id="1170"><net_src comp="1119" pin="2"/><net_sink comp="1165" pin=0"/></net>

<net id="1171"><net_src comp="1125" pin="19"/><net_sink comp="1165" pin=1"/></net>

<net id="1172"><net_src comp="220" pin="0"/><net_sink comp="1165" pin=2"/></net>

<net id="1173"><net_src comp="1165" pin="3"/><net_sink comp="740" pin=4"/></net>

<net id="1177"><net_src comp="1165" pin="3"/><net_sink comp="1174" pin=0"/></net>

<net id="1181"><net_src comp="675" pin="3"/><net_sink comp="1178" pin=0"/></net>

<net id="1187"><net_src comp="238" pin="0"/><net_sink comp="1182" pin=0"/></net>

<net id="1188"><net_src comp="820" pin="4"/><net_sink comp="1182" pin=1"/></net>

<net id="1189"><net_src comp="240" pin="0"/><net_sink comp="1182" pin=2"/></net>

<net id="1193"><net_src comp="1182" pin="3"/><net_sink comp="1190" pin=0"/></net>

<net id="1198"><net_src comp="1190" pin="1"/><net_sink comp="1194" pin=0"/></net>

<net id="1199"><net_src comp="642" pin="2"/><net_sink comp="1194" pin=1"/></net>

<net id="1204"><net_src comp="636" pin="2"/><net_sink comp="1200" pin=0"/></net>

<net id="1205"><net_src comp="1194" pin="2"/><net_sink comp="1200" pin=1"/></net>

<net id="1227"><net_src comp="200" pin="0"/><net_sink comp="1206" pin=0"/></net>

<net id="1228"><net_src comp="202" pin="0"/><net_sink comp="1206" pin=1"/></net>

<net id="1229"><net_src comp="438" pin="2"/><net_sink comp="1206" pin=2"/></net>

<net id="1230"><net_src comp="204" pin="0"/><net_sink comp="1206" pin=3"/></net>

<net id="1231"><net_src comp="432" pin="2"/><net_sink comp="1206" pin=4"/></net>

<net id="1232"><net_src comp="206" pin="0"/><net_sink comp="1206" pin=5"/></net>

<net id="1233"><net_src comp="426" pin="2"/><net_sink comp="1206" pin=6"/></net>

<net id="1234"><net_src comp="208" pin="0"/><net_sink comp="1206" pin=7"/></net>

<net id="1235"><net_src comp="420" pin="2"/><net_sink comp="1206" pin=8"/></net>

<net id="1236"><net_src comp="210" pin="0"/><net_sink comp="1206" pin=9"/></net>

<net id="1237"><net_src comp="414" pin="2"/><net_sink comp="1206" pin=10"/></net>

<net id="1238"><net_src comp="212" pin="0"/><net_sink comp="1206" pin=11"/></net>

<net id="1239"><net_src comp="408" pin="2"/><net_sink comp="1206" pin=12"/></net>

<net id="1240"><net_src comp="214" pin="0"/><net_sink comp="1206" pin=13"/></net>

<net id="1241"><net_src comp="402" pin="2"/><net_sink comp="1206" pin=14"/></net>

<net id="1242"><net_src comp="216" pin="0"/><net_sink comp="1206" pin=15"/></net>

<net id="1243"><net_src comp="396" pin="2"/><net_sink comp="1206" pin=16"/></net>

<net id="1244"><net_src comp="218" pin="0"/><net_sink comp="1206" pin=17"/></net>

<net id="1245"><net_src comp="816" pin="1"/><net_sink comp="1206" pin=18"/></net>

<net id="1251"><net_src comp="1200" pin="2"/><net_sink comp="1246" pin=0"/></net>

<net id="1252"><net_src comp="1206" pin="19"/><net_sink comp="1246" pin=1"/></net>

<net id="1253"><net_src comp="220" pin="0"/><net_sink comp="1246" pin=2"/></net>

<net id="1254"><net_src comp="1246" pin="3"/><net_sink comp="750" pin=4"/></net>

<net id="1258"><net_src comp="1246" pin="3"/><net_sink comp="1255" pin=0"/></net>

<net id="1262"><net_src comp="682" pin="3"/><net_sink comp="1259" pin=0"/></net>

<net id="1268"><net_src comp="170" pin="0"/><net_sink comp="1263" pin=0"/></net>

<net id="1269"><net_src comp="795" pin="1"/><net_sink comp="1263" pin=1"/></net>

<net id="1270"><net_src comp="150" pin="0"/><net_sink comp="1263" pin=2"/></net>

<net id="1278"><net_src comp="242" pin="0"/><net_sink comp="1271" pin=0"/></net>

<net id="1279"><net_src comp="820" pin="4"/><net_sink comp="1271" pin=1"/></net>

<net id="1280"><net_src comp="226" pin="0"/><net_sink comp="1271" pin=2"/></net>

<net id="1281"><net_src comp="1263" pin="3"/><net_sink comp="1271" pin=3"/></net>

<net id="1282"><net_src comp="226" pin="0"/><net_sink comp="1271" pin=4"/></net>

<net id="1286"><net_src comp="1271" pin="5"/><net_sink comp="1283" pin=0"/></net>

<net id="1291"><net_src comp="1283" pin="1"/><net_sink comp="1287" pin=0"/></net>

<net id="1292"><net_src comp="642" pin="2"/><net_sink comp="1287" pin=1"/></net>

<net id="1297"><net_src comp="636" pin="2"/><net_sink comp="1293" pin=0"/></net>

<net id="1298"><net_src comp="1287" pin="2"/><net_sink comp="1293" pin=1"/></net>

<net id="1320"><net_src comp="200" pin="0"/><net_sink comp="1299" pin=0"/></net>

<net id="1321"><net_src comp="202" pin="0"/><net_sink comp="1299" pin=1"/></net>

<net id="1322"><net_src comp="390" pin="2"/><net_sink comp="1299" pin=2"/></net>

<net id="1323"><net_src comp="204" pin="0"/><net_sink comp="1299" pin=3"/></net>

<net id="1324"><net_src comp="384" pin="2"/><net_sink comp="1299" pin=4"/></net>

<net id="1325"><net_src comp="206" pin="0"/><net_sink comp="1299" pin=5"/></net>

<net id="1326"><net_src comp="378" pin="2"/><net_sink comp="1299" pin=6"/></net>

<net id="1327"><net_src comp="208" pin="0"/><net_sink comp="1299" pin=7"/></net>

<net id="1328"><net_src comp="372" pin="2"/><net_sink comp="1299" pin=8"/></net>

<net id="1329"><net_src comp="210" pin="0"/><net_sink comp="1299" pin=9"/></net>

<net id="1330"><net_src comp="366" pin="2"/><net_sink comp="1299" pin=10"/></net>

<net id="1331"><net_src comp="212" pin="0"/><net_sink comp="1299" pin=11"/></net>

<net id="1332"><net_src comp="360" pin="2"/><net_sink comp="1299" pin=12"/></net>

<net id="1333"><net_src comp="214" pin="0"/><net_sink comp="1299" pin=13"/></net>

<net id="1334"><net_src comp="354" pin="2"/><net_sink comp="1299" pin=14"/></net>

<net id="1335"><net_src comp="216" pin="0"/><net_sink comp="1299" pin=15"/></net>

<net id="1336"><net_src comp="348" pin="2"/><net_sink comp="1299" pin=16"/></net>

<net id="1337"><net_src comp="218" pin="0"/><net_sink comp="1299" pin=17"/></net>

<net id="1338"><net_src comp="816" pin="1"/><net_sink comp="1299" pin=18"/></net>

<net id="1344"><net_src comp="1293" pin="2"/><net_sink comp="1339" pin=0"/></net>

<net id="1345"><net_src comp="1299" pin="19"/><net_sink comp="1339" pin=1"/></net>

<net id="1346"><net_src comp="220" pin="0"/><net_sink comp="1339" pin=2"/></net>

<net id="1347"><net_src comp="1339" pin="3"/><net_sink comp="760" pin=4"/></net>

<net id="1351"><net_src comp="1339" pin="3"/><net_sink comp="1348" pin=0"/></net>

<net id="1355"><net_src comp="689" pin="3"/><net_sink comp="1352" pin=0"/></net>

<net id="1361"><net_src comp="238" pin="0"/><net_sink comp="1356" pin=0"/></net>

<net id="1362"><net_src comp="820" pin="4"/><net_sink comp="1356" pin=1"/></net>

<net id="1363"><net_src comp="244" pin="0"/><net_sink comp="1356" pin=2"/></net>

<net id="1367"><net_src comp="1356" pin="3"/><net_sink comp="1364" pin=0"/></net>

<net id="1372"><net_src comp="1364" pin="1"/><net_sink comp="1368" pin=0"/></net>

<net id="1373"><net_src comp="642" pin="2"/><net_sink comp="1368" pin=1"/></net>

<net id="1378"><net_src comp="636" pin="2"/><net_sink comp="1374" pin=0"/></net>

<net id="1379"><net_src comp="1368" pin="2"/><net_sink comp="1374" pin=1"/></net>

<net id="1401"><net_src comp="200" pin="0"/><net_sink comp="1380" pin=0"/></net>

<net id="1402"><net_src comp="202" pin="0"/><net_sink comp="1380" pin=1"/></net>

<net id="1403"><net_src comp="342" pin="2"/><net_sink comp="1380" pin=2"/></net>

<net id="1404"><net_src comp="204" pin="0"/><net_sink comp="1380" pin=3"/></net>

<net id="1405"><net_src comp="336" pin="2"/><net_sink comp="1380" pin=4"/></net>

<net id="1406"><net_src comp="206" pin="0"/><net_sink comp="1380" pin=5"/></net>

<net id="1407"><net_src comp="330" pin="2"/><net_sink comp="1380" pin=6"/></net>

<net id="1408"><net_src comp="208" pin="0"/><net_sink comp="1380" pin=7"/></net>

<net id="1409"><net_src comp="324" pin="2"/><net_sink comp="1380" pin=8"/></net>

<net id="1410"><net_src comp="210" pin="0"/><net_sink comp="1380" pin=9"/></net>

<net id="1411"><net_src comp="318" pin="2"/><net_sink comp="1380" pin=10"/></net>

<net id="1412"><net_src comp="212" pin="0"/><net_sink comp="1380" pin=11"/></net>

<net id="1413"><net_src comp="312" pin="2"/><net_sink comp="1380" pin=12"/></net>

<net id="1414"><net_src comp="214" pin="0"/><net_sink comp="1380" pin=13"/></net>

<net id="1415"><net_src comp="306" pin="2"/><net_sink comp="1380" pin=14"/></net>

<net id="1416"><net_src comp="216" pin="0"/><net_sink comp="1380" pin=15"/></net>

<net id="1417"><net_src comp="300" pin="2"/><net_sink comp="1380" pin=16"/></net>

<net id="1418"><net_src comp="218" pin="0"/><net_sink comp="1380" pin=17"/></net>

<net id="1419"><net_src comp="816" pin="1"/><net_sink comp="1380" pin=18"/></net>

<net id="1425"><net_src comp="1374" pin="2"/><net_sink comp="1420" pin=0"/></net>

<net id="1426"><net_src comp="1380" pin="19"/><net_sink comp="1420" pin=1"/></net>

<net id="1427"><net_src comp="220" pin="0"/><net_sink comp="1420" pin=2"/></net>

<net id="1428"><net_src comp="1420" pin="3"/><net_sink comp="770" pin=4"/></net>

<net id="1432"><net_src comp="1420" pin="3"/><net_sink comp="1429" pin=0"/></net>

<net id="1436"><net_src comp="696" pin="3"/><net_sink comp="1433" pin=0"/></net>

<net id="1442"><net_src comp="238" pin="0"/><net_sink comp="1437" pin=0"/></net>

<net id="1443"><net_src comp="820" pin="4"/><net_sink comp="1437" pin=1"/></net>

<net id="1444"><net_src comp="246" pin="0"/><net_sink comp="1437" pin=2"/></net>

<net id="1448"><net_src comp="1437" pin="3"/><net_sink comp="1445" pin=0"/></net>

<net id="1453"><net_src comp="1445" pin="1"/><net_sink comp="1449" pin=0"/></net>

<net id="1454"><net_src comp="642" pin="2"/><net_sink comp="1449" pin=1"/></net>

<net id="1459"><net_src comp="636" pin="2"/><net_sink comp="1455" pin=0"/></net>

<net id="1460"><net_src comp="1449" pin="2"/><net_sink comp="1455" pin=1"/></net>

<net id="1482"><net_src comp="200" pin="0"/><net_sink comp="1461" pin=0"/></net>

<net id="1483"><net_src comp="202" pin="0"/><net_sink comp="1461" pin=1"/></net>

<net id="1484"><net_src comp="294" pin="2"/><net_sink comp="1461" pin=2"/></net>

<net id="1485"><net_src comp="204" pin="0"/><net_sink comp="1461" pin=3"/></net>

<net id="1486"><net_src comp="288" pin="2"/><net_sink comp="1461" pin=4"/></net>

<net id="1487"><net_src comp="206" pin="0"/><net_sink comp="1461" pin=5"/></net>

<net id="1488"><net_src comp="282" pin="2"/><net_sink comp="1461" pin=6"/></net>

<net id="1489"><net_src comp="208" pin="0"/><net_sink comp="1461" pin=7"/></net>

<net id="1490"><net_src comp="276" pin="2"/><net_sink comp="1461" pin=8"/></net>

<net id="1491"><net_src comp="210" pin="0"/><net_sink comp="1461" pin=9"/></net>

<net id="1492"><net_src comp="270" pin="2"/><net_sink comp="1461" pin=10"/></net>

<net id="1493"><net_src comp="212" pin="0"/><net_sink comp="1461" pin=11"/></net>

<net id="1494"><net_src comp="264" pin="2"/><net_sink comp="1461" pin=12"/></net>

<net id="1495"><net_src comp="214" pin="0"/><net_sink comp="1461" pin=13"/></net>

<net id="1496"><net_src comp="258" pin="2"/><net_sink comp="1461" pin=14"/></net>

<net id="1497"><net_src comp="216" pin="0"/><net_sink comp="1461" pin=15"/></net>

<net id="1498"><net_src comp="252" pin="2"/><net_sink comp="1461" pin=16"/></net>

<net id="1499"><net_src comp="218" pin="0"/><net_sink comp="1461" pin=17"/></net>

<net id="1500"><net_src comp="816" pin="1"/><net_sink comp="1461" pin=18"/></net>

<net id="1506"><net_src comp="1455" pin="2"/><net_sink comp="1501" pin=0"/></net>

<net id="1507"><net_src comp="1461" pin="19"/><net_sink comp="1501" pin=1"/></net>

<net id="1508"><net_src comp="220" pin="0"/><net_sink comp="1501" pin=2"/></net>

<net id="1509"><net_src comp="1501" pin="3"/><net_sink comp="780" pin=4"/></net>

<net id="1513"><net_src comp="1501" pin="3"/><net_sink comp="1510" pin=0"/></net>

<net id="1517"><net_src comp="703" pin="3"/><net_sink comp="1514" pin=0"/></net>

<net id="1522"><net_src comp="806" pin="2"/><net_sink comp="1518" pin=0"/></net>

<net id="1526"><net_src comp="248" pin="1"/><net_sink comp="1523" pin=0"/></net>

<net id="1527"><net_src comp="1523" pin="1"/><net_sink comp="790" pin=1"/></net>

<net id="1528"><net_src comp="1523" pin="1"/><net_sink comp="795" pin=0"/></net>

<net id="1529"><net_src comp="1523" pin="1"/><net_sink comp="1518" pin=1"/></net>

</net_list>

</model> 
---------------- Datapath Model END ------------------

* FSMD analyzer results:
  - Output states:
	Port: S_tile_0 | {1 }
	Port: S_tile_1 | {1 }
	Port: S_tile_2 | {1 }
	Port: S_tile_3 | {1 }
	Port: S_tile_4 | {1 }
	Port: S_tile_5 | {1 }
	Port: S_tile_6 | {1 }
	Port: S_tile_7 | {1 }
 - Input state : 
	Port: gemm_qkt_Pipeline_STORE_S_ROW : i | {1 }
	Port: gemm_qkt_Pipeline_STORE_S_ROW : bc_actual | {1 }
	Port: gemm_qkt_Pipeline_STORE_S_ROW : cmp60 | {1 }
	Port: gemm_qkt_Pipeline_STORE_S_ROW : acc_row_load_reload | {1 }
	Port: gemm_qkt_Pipeline_STORE_S_ROW : acc_row_8_load_reload | {1 }
	Port: gemm_qkt_Pipeline_STORE_S_ROW : acc_row_16_load_reload | {1 }
	Port: gemm_qkt_Pipeline_STORE_S_ROW : acc_row_24_load_reload | {1 }
	Port: gemm_qkt_Pipeline_STORE_S_ROW : acc_row_32_load_reload | {1 }
	Port: gemm_qkt_Pipeline_STORE_S_ROW : acc_row_40_load_reload | {1 }
	Port: gemm_qkt_Pipeline_STORE_S_ROW : acc_row_48_load_reload | {1 }
	Port: gemm_qkt_Pipeline_STORE_S_ROW : acc_row_56_load_reload | {1 }
	Port: gemm_qkt_Pipeline_STORE_S_ROW : acc_row_1_load_reload | {1 }
	Port: gemm_qkt_Pipeline_STORE_S_ROW : acc_row_9_load_reload | {1 }
	Port: gemm_qkt_Pipeline_STORE_S_ROW : acc_row_17_load_reload | {1 }
	Port: gemm_qkt_Pipeline_STORE_S_ROW : acc_row_25_load_reload | {1 }
	Port: gemm_qkt_Pipeline_STORE_S_ROW : acc_row_33_load_reload | {1 }
	Port: gemm_qkt_Pipeline_STORE_S_ROW : acc_row_41_load_reload | {1 }
	Port: gemm_qkt_Pipeline_STORE_S_ROW : acc_row_49_load_reload | {1 }
	Port: gemm_qkt_Pipeline_STORE_S_ROW : acc_row_57_load_reload | {1 }
	Port: gemm_qkt_Pipeline_STORE_S_ROW : acc_row_2_load_reload | {1 }
	Port: gemm_qkt_Pipeline_STORE_S_ROW : acc_row_10_load_reload | {1 }
	Port: gemm_qkt_Pipeline_STORE_S_ROW : acc_row_18_load_reload | {1 }
	Port: gemm_qkt_Pipeline_STORE_S_ROW : acc_row_26_load_reload | {1 }
	Port: gemm_qkt_Pipeline_STORE_S_ROW : acc_row_34_load_reload | {1 }
	Port: gemm_qkt_Pipeline_STORE_S_ROW : acc_row_42_load_reload | {1 }
	Port: gemm_qkt_Pipeline_STORE_S_ROW : acc_row_50_load_reload | {1 }
	Port: gemm_qkt_Pipeline_STORE_S_ROW : acc_row_58_load_reload | {1 }
	Port: gemm_qkt_Pipeline_STORE_S_ROW : acc_row_3_load_reload | {1 }
	Port: gemm_qkt_Pipeline_STORE_S_ROW : acc_row_11_load_reload | {1 }
	Port: gemm_qkt_Pipeline_STORE_S_ROW : acc_row_19_load_reload | {1 }
	Port: gemm_qkt_Pipeline_STORE_S_ROW : acc_row_27_load_reload | {1 }
	Port: gemm_qkt_Pipeline_STORE_S_ROW : acc_row_35_load_reload | {1 }
	Port: gemm_qkt_Pipeline_STORE_S_ROW : acc_row_43_load_reload | {1 }
	Port: gemm_qkt_Pipeline_STORE_S_ROW : acc_row_51_load_reload | {1 }
	Port: gemm_qkt_Pipeline_STORE_S_ROW : acc_row_59_load_reload | {1 }
	Port: gemm_qkt_Pipeline_STORE_S_ROW : acc_row_4_load_reload | {1 }
	Port: gemm_qkt_Pipeline_STORE_S_ROW : acc_row_12_load_reload | {1 }
	Port: gemm_qkt_Pipeline_STORE_S_ROW : acc_row_20_load_reload | {1 }
	Port: gemm_qkt_Pipeline_STORE_S_ROW : acc_row_28_load_reload | {1 }
	Port: gemm_qkt_Pipeline_STORE_S_ROW : acc_row_36_load_reload | {1 }
	Port: gemm_qkt_Pipeline_STORE_S_ROW : acc_row_44_load_reload | {1 }
	Port: gemm_qkt_Pipeline_STORE_S_ROW : acc_row_52_load_reload | {1 }
	Port: gemm_qkt_Pipeline_STORE_S_ROW : acc_row_60_load_reload | {1 }
	Port: gemm_qkt_Pipeline_STORE_S_ROW : acc_row_5_load_reload | {1 }
	Port: gemm_qkt_Pipeline_STORE_S_ROW : acc_row_13_load_reload | {1 }
	Port: gemm_qkt_Pipeline_STORE_S_ROW : acc_row_21_load_reload | {1 }
	Port: gemm_qkt_Pipeline_STORE_S_ROW : acc_row_29_load_reload | {1 }
	Port: gemm_qkt_Pipeline_STORE_S_ROW : acc_row_37_load_reload | {1 }
	Port: gemm_qkt_Pipeline_STORE_S_ROW : acc_row_45_load_reload | {1 }
	Port: gemm_qkt_Pipeline_STORE_S_ROW : acc_row_53_load_reload | {1 }
	Port: gemm_qkt_Pipeline_STORE_S_ROW : acc_row_61_load_reload | {1 }
	Port: gemm_qkt_Pipeline_STORE_S_ROW : acc_row_6_load_reload | {1 }
	Port: gemm_qkt_Pipeline_STORE_S_ROW : acc_row_14_load_reload | {1 }
	Port: gemm_qkt_Pipeline_STORE_S_ROW : acc_row_22_load_reload | {1 }
	Port: gemm_qkt_Pipeline_STORE_S_ROW : acc_row_30_load_reload | {1 }
	Port: gemm_qkt_Pipeline_STORE_S_ROW : acc_row_38_load_reload | {1 }
	Port: gemm_qkt_Pipeline_STORE_S_ROW : acc_row_46_load_reload | {1 }
	Port: gemm_qkt_Pipeline_STORE_S_ROW : acc_row_54_load_reload | {1 }
	Port: gemm_qkt_Pipeline_STORE_S_ROW : acc_row_62_load_reload | {1 }
	Port: gemm_qkt_Pipeline_STORE_S_ROW : acc_row_7_load_reload | {1 }
	Port: gemm_qkt_Pipeline_STORE_S_ROW : acc_row_15_load_reload | {1 }
	Port: gemm_qkt_Pipeline_STORE_S_ROW : acc_row_23_load_reload | {1 }
	Port: gemm_qkt_Pipeline_STORE_S_ROW : acc_row_31_load_reload | {1 }
	Port: gemm_qkt_Pipeline_STORE_S_ROW : acc_row_39_load_reload | {1 }
	Port: gemm_qkt_Pipeline_STORE_S_ROW : acc_row_47_load_reload | {1 }
	Port: gemm_qkt_Pipeline_STORE_S_ROW : acc_row_55_load_reload | {1 }
	Port: gemm_qkt_Pipeline_STORE_S_ROW : acc_row_63_load_reload | {1 }
  - Chain level:
	State 1
		store_ln99 : 1
		j_2 : 1
		tmp : 2
		br_ln99 : 3
		add_ln99 : 2
		zext_ln99 : 2
		trunc_ln99 : 2
		lshr_ln : 2
		tmp_178 : 3
		zext_ln102_7 : 4
		S_tile_0_addr : 5
		S_tile_1_addr : 5
		S_tile_2_addr : 5
		S_tile_3_addr : 5
		S_tile_4_addr : 5
		S_tile_5_addr : 5
		S_tile_6_addr : 5
		S_tile_7_addr : 5
		icmp_ln102 : 3
		and_ln102 : 4
		tmp_s : 3
		cond : 4
		muxLogicRAMData_to_store_ln102 : 5
		muxLogicRAMAddr_to_store_ln102 : 6
		store_ln102 : 6
		tmp_179 : 2
		or_ln : 3
		zext_ln102 : 4
		icmp_ln102_1 : 5
		and_ln102_1 : 6
		tmp_171 : 3
		cond_1 : 6
		muxLogicRAMData_to_store_ln102 : 7
		muxLogicRAMAddr_to_store_ln102 : 6
		store_ln102 : 7
		tmp_180 : 2
		or_ln99_1 : 3
		zext_ln102_1 : 4
		icmp_ln102_2 : 5
		and_ln102_2 : 6
		tmp_172 : 3
		cond_2 : 6
		muxLogicRAMData_to_store_ln102 : 7
		muxLogicRAMAddr_to_store_ln102 : 6
		store_ln102 : 7
		or_ln99_2 : 3
		zext_ln102_2 : 4
		icmp_ln102_3 : 5
		and_ln102_3 : 6
		tmp_173 : 3
		cond_3 : 6
		muxLogicRAMData_to_store_ln102 : 7
		muxLogicRAMAddr_to_store_ln102 : 6
		store_ln102 : 7
		or_ln99_3 : 3
		zext_ln102_3 : 4
		icmp_ln102_4 : 5
		and_ln102_4 : 6
		tmp_174 : 3
		cond_4 : 6
		muxLogicRAMData_to_store_ln102 : 7
		muxLogicRAMAddr_to_store_ln102 : 6
		store_ln102 : 7
		tmp_7 : 2
		or_ln99_4 : 3
		zext_ln102_4 : 4
		icmp_ln102_5 : 5
		and_ln102_5 : 6
		tmp_175 : 3
		cond_5 : 6
		muxLogicRAMData_to_store_ln102 : 7
		muxLogicRAMAddr_to_store_ln102 : 6
		store_ln102 : 7
		or_ln99_5 : 3
		zext_ln102_5 : 4
		icmp_ln102_6 : 5
		and_ln102_6 : 6
		tmp_176 : 3
		cond_6 : 6
		muxLogicRAMData_to_store_ln102 : 7
		muxLogicRAMAddr_to_store_ln102 : 6
		store_ln102 : 7
		or_ln99_6 : 3
		zext_ln102_6 : 4
		icmp_ln102_7 : 5
		and_ln102_7 : 6
		tmp_177 : 3
		cond_7 : 6
		muxLogicRAMData_to_store_ln102 : 7
		muxLogicRAMAddr_to_store_ln102 : 6
		store_ln102 : 7
		store_ln99 : 3


============================================================
+ Verbose Summary: Datapath Resource usage 
============================================================

* Functional unit list:
|----------|-----------------------------------------|---------|---------|
| Operation|             Functional Unit             |    FF   |   LUT   |
|----------|-----------------------------------------|---------|---------|
|          |               tmp_s_fu_862              |    0    |   672   |
|          |              tmp_171_fu_953             |    0    |   672   |
|          |             tmp_172_fu_1044             |    0    |   672   |
| sparsemux|             tmp_173_fu_1125             |    0    |   672   |
|          |             tmp_174_fu_1206             |    0    |   672   |
|          |             tmp_175_fu_1299             |    0    |   672   |
|          |             tmp_176_fu_1380             |    0    |   672   |
|          |             tmp_177_fu_1461             |    0    |   672   |
|----------|-----------------------------------------|---------|---------|
|          |               cond_fu_902               |    0    |    29   |
|          |              cond_1_fu_993              |    0    |    29   |
|          |              cond_2_fu_1084             |    0    |    29   |
|  select  |              cond_3_fu_1165             |    0    |    29   |
|          |              cond_4_fu_1246             |    0    |    29   |
|          |              cond_5_fu_1339             |    0    |    29   |
|          |              cond_6_fu_1420             |    0    |    29   |
|          |              cond_7_fu_1501             |    0    |    29   |
|----------|-----------------------------------------|---------|---------|
|          |            icmp_ln102_fu_850            |    0    |    16   |
|          |           icmp_ln102_1_fu_941           |    0    |    16   |
|          |           icmp_ln102_2_fu_1032          |    0    |    16   |
|   icmp   |           icmp_ln102_3_fu_1113          |    0    |    16   |
|          |           icmp_ln102_4_fu_1194          |    0    |    16   |
|          |           icmp_ln102_5_fu_1287          |    0    |    16   |
|          |           icmp_ln102_6_fu_1368          |    0    |    16   |
|          |           icmp_ln102_7_fu_1449          |    0    |    16   |
|----------|-----------------------------------------|---------|---------|
|          |             and_ln102_fu_856            |    0    |    2    |
|          |            and_ln102_1_fu_947           |    0    |    2    |
|          |           and_ln102_2_fu_1038           |    0    |    2    |
|    and   |           and_ln102_3_fu_1119           |    0    |    2    |
|          |           and_ln102_4_fu_1200           |    0    |    2    |
|          |           and_ln102_5_fu_1293           |    0    |    2    |
|          |           and_ln102_6_fu_1374           |    0    |    2    |
|          |           and_ln102_7_fu_1455           |    0    |    2    |
|----------|-----------------------------------------|---------|---------|
|    add   |             add_ln99_fu_806             |    0    |    8    |
|----------|-----------------------------------------|---------|---------|
|          | acc_row_63_load_reload_read_read_fu_252 |    0    |    0    |
|          | acc_row_55_load_reload_read_read_fu_258 |    0    |    0    |
|          | acc_row_47_load_reload_read_read_fu_264 |    0    |    0    |
|          | acc_row_39_load_reload_read_read_fu_270 |    0    |    0    |
|          | acc_row_31_load_reload_read_read_fu_276 |    0    |    0    |
|          | acc_row_23_load_reload_read_read_fu_282 |    0    |    0    |
|          | acc_row_15_load_reload_read_read_fu_288 |    0    |    0    |
|          |  acc_row_7_load_reload_read_read_fu_294 |    0    |    0    |
|          | acc_row_62_load_reload_read_read_fu_300 |    0    |    0    |
|          | acc_row_54_load_reload_read_read_fu_306 |    0    |    0    |
|          | acc_row_46_load_reload_read_read_fu_312 |    0    |    0    |
|          | acc_row_38_load_reload_read_read_fu_318 |    0    |    0    |
|          | acc_row_30_load_reload_read_read_fu_324 |    0    |    0    |
|          | acc_row_22_load_reload_read_read_fu_330 |    0    |    0    |
|          | acc_row_14_load_reload_read_read_fu_336 |    0    |    0    |
|          |  acc_row_6_load_reload_read_read_fu_342 |    0    |    0    |
|          | acc_row_61_load_reload_read_read_fu_348 |    0    |    0    |
|          | acc_row_53_load_reload_read_read_fu_354 |    0    |    0    |
|          | acc_row_45_load_reload_read_read_fu_360 |    0    |    0    |
|          | acc_row_37_load_reload_read_read_fu_366 |    0    |    0    |
|          | acc_row_29_load_reload_read_read_fu_372 |    0    |    0    |
|          | acc_row_21_load_reload_read_read_fu_378 |    0    |    0    |
|          | acc_row_13_load_reload_read_read_fu_384 |    0    |    0    |
|          |  acc_row_5_load_reload_read_read_fu_390 |    0    |    0    |
|          | acc_row_60_load_reload_read_read_fu_396 |    0    |    0    |
|          | acc_row_52_load_reload_read_read_fu_402 |    0    |    0    |
|          | acc_row_44_load_reload_read_read_fu_408 |    0    |    0    |
|          | acc_row_36_load_reload_read_read_fu_414 |    0    |    0    |
|          | acc_row_28_load_reload_read_read_fu_420 |    0    |    0    |
|          | acc_row_20_load_reload_read_read_fu_426 |    0    |    0    |
|          | acc_row_12_load_reload_read_read_fu_432 |    0    |    0    |
|          |  acc_row_4_load_reload_read_read_fu_438 |    0    |    0    |
|          | acc_row_59_load_reload_read_read_fu_444 |    0    |    0    |
|   read   | acc_row_51_load_reload_read_read_fu_450 |    0    |    0    |
|          | acc_row_43_load_reload_read_read_fu_456 |    0    |    0    |
|          | acc_row_35_load_reload_read_read_fu_462 |    0    |    0    |
|          | acc_row_27_load_reload_read_read_fu_468 |    0    |    0    |
|          | acc_row_19_load_reload_read_read_fu_474 |    0    |    0    |
|          | acc_row_11_load_reload_read_read_fu_480 |    0    |    0    |
|          |  acc_row_3_load_reload_read_read_fu_486 |    0    |    0    |
|          | acc_row_58_load_reload_read_read_fu_492 |    0    |    0    |
|          | acc_row_50_load_reload_read_read_fu_498 |    0    |    0    |
|          | acc_row_42_load_reload_read_read_fu_504 |    0    |    0    |
|          | acc_row_34_load_reload_read_read_fu_510 |    0    |    0    |
|          | acc_row_26_load_reload_read_read_fu_516 |    0    |    0    |
|          | acc_row_18_load_reload_read_read_fu_522 |    0    |    0    |
|          | acc_row_10_load_reload_read_read_fu_528 |    0    |    0    |
|          |  acc_row_2_load_reload_read_read_fu_534 |    0    |    0    |
|          | acc_row_57_load_reload_read_read_fu_540 |    0    |    0    |
|          | acc_row_49_load_reload_read_read_fu_546 |    0    |    0    |
|          | acc_row_41_load_reload_read_read_fu_552 |    0    |    0    |
|          | acc_row_33_load_reload_read_read_fu_558 |    0    |    0    |
|          | acc_row_25_load_reload_read_read_fu_564 |    0    |    0    |
|          | acc_row_17_load_reload_read_read_fu_570 |    0    |    0    |
|          |  acc_row_9_load_reload_read_read_fu_576 |    0    |    0    |
|          |  acc_row_1_load_reload_read_read_fu_582 |    0    |    0    |
|          | acc_row_56_load_reload_read_read_fu_588 |    0    |    0    |
|          | acc_row_48_load_reload_read_read_fu_594 |    0    |    0    |
|          | acc_row_40_load_reload_read_read_fu_600 |    0    |    0    |
|          | acc_row_32_load_reload_read_read_fu_606 |    0    |    0    |
|          | acc_row_24_load_reload_read_read_fu_612 |    0    |    0    |
|          | acc_row_16_load_reload_read_read_fu_618 |    0    |    0    |
|          |  acc_row_8_load_reload_read_read_fu_624 |    0    |    0    |
|          |   acc_row_load_reload_read_read_fu_630  |    0    |    0    |
|          |          cmp60_read_read_fu_636         |    0    |    0    |
|          |        bc_actual_read_read_fu_642       |    0    |    0    |
|          |            i_read_read_fu_648           |    0    |    0    |
|----------|-----------------------------------------|---------|---------|
| bitselect|                tmp_fu_798               |    0    |    0    |
|          |              tmp_7_fu_1263              |    0    |    0    |
|----------|-----------------------------------------|---------|---------|
|          |             zext_ln99_fu_812            |    0    |    0    |
|          |           zext_ln102_7_fu_838           |    0    |    0    |
|          |            zext_ln102_fu_937            |    0    |    0    |
|          |           zext_ln102_1_fu_1028          |    0    |    0    |
|   zext   |           zext_ln102_2_fu_1109          |    0    |    0    |
|          |           zext_ln102_3_fu_1190          |    0    |    0    |
|          |           zext_ln102_4_fu_1283          |    0    |    0    |
|          |           zext_ln102_5_fu_1364          |    0    |    0    |
|          |           zext_ln102_6_fu_1445          |    0    |    0    |
|----------|-----------------------------------------|---------|---------|
|   trunc  |            trunc_ln99_fu_816            |    0    |    0    |
|----------|-----------------------------------------|---------|---------|
|          |              lshr_ln_fu_820             |    0    |    0    |
|partselect|              tmp_179_fu_919             |    0    |    0    |
|          |             tmp_180_fu_1010             |    0    |    0    |
|----------|-----------------------------------------|---------|---------|
|          |              tmp_178_fu_830             |    0    |    0    |
|          |               or_ln_fu_929              |    0    |    0    |
|          |            or_ln99_1_fu_1020            |    0    |    0    |
|bitconcatenate|            or_ln99_2_fu_1101            |    0    |    0    |
|          |            or_ln99_3_fu_1182            |    0    |    0    |
|          |            or_ln99_4_fu_1271            |    0    |    0    |
|          |            or_ln99_5_fu_1356            |    0    |    0    |
|          |            or_ln99_6_fu_1437            |    0    |    0    |
|----------|-----------------------------------------|---------|---------|
|          |  muxLogicRAMData_to_store_ln102_fu_911  |    0    |    0    |
|          |  muxLogicRAMAddr_to_store_ln102_fu_915  |    0    |    0    |
|          |  muxLogicRAMData_to_store_ln102_fu_1002 |    0    |    0    |
|          |  muxLogicRAMAddr_to_store_ln102_fu_1006 |    0    |    0    |
|          |  muxLogicRAMData_to_store_ln102_fu_1093 |    0    |    0    |
|          |  muxLogicRAMAddr_to_store_ln102_fu_1097 |    0    |    0    |
|          |  muxLogicRAMData_to_store_ln102_fu_1174 |    0    |    0    |
| muxlogic |  muxLogicRAMAddr_to_store_ln102_fu_1178 |    0    |    0    |
|          |  muxLogicRAMData_to_store_ln102_fu_1255 |    0    |    0    |
|          |  muxLogicRAMAddr_to_store_ln102_fu_1259 |    0    |    0    |
|          |  muxLogicRAMData_to_store_ln102_fu_1348 |    0    |    0    |
|          |  muxLogicRAMAddr_to_store_ln102_fu_1352 |    0    |    0    |
|          |  muxLogicRAMData_to_store_ln102_fu_1429 |    0    |    0    |
|          |  muxLogicRAMAddr_to_store_ln102_fu_1433 |    0    |    0    |
|          |  muxLogicRAMData_to_store_ln102_fu_1510 |    0    |    0    |
|          |  muxLogicRAMAddr_to_store_ln102_fu_1514 |    0    |    0    |
|----------|-----------------------------------------|---------|---------|
|   Total  |                                         |    0    |   5760  |
|----------|-----------------------------------------|---------|---------|

Memories:
N/A

* Register list:
+----------+--------+
|          |   FF   |
+----------+--------+
|j_reg_1523|    7   |
+----------+--------+
|   Total  |    7   |
+----------+--------+

* Multiplexer (MUX) list: 
|--------|------|------|------|--------|
|  Comp  |  Pin | Size |  BW  | S x BW |
|--------|------|------|------|--------|
|  Total |      |      |      |    0   |
|--------|------|------|------|--------|



* Summary:
+-----------+--------+--------+
|           |   FF   |   LUT  |
+-----------+--------+--------+
|  Function |    0   |  5760  |
|   Memory  |    -   |    -   |
|Multiplexer|    -   |    -   |
|  Register |    7   |    -   |
+-----------+--------+--------+
|   Total   |    7   |  5760  |
+-----------+--------+--------+
