

================================================================
== Vitis HLS Report for 'gemm_qkt'
================================================================
* Date:           Sun Mar 22 18:06:51 2026

* Version:        2025.1 (Build 6135595 on May 21 2025)
* Project:        FlashAtt1
* Solution:       hls (Vivado IP Flow Target)
* Product family: versalhbm
* Target device:  xcvh1582-lsva4737-2LHP-e-S


================================================================
== Performance Estimates
================================================================
+ Timing: 
    * Summary: 
    +--------+----------+----------+------------+
    |  Clock |  Target  | Estimated| Uncertainty|
    +--------+----------+----------+------------+
    |ap_clk  |  10.00 ns|  7.283 ns|     2.70 ns|
    +--------+----------+----------+------------+

+ Latency: 
    * Summary: 
    +---------+---------+----------+----------+-------+-------+---------+
    |  Latency (cycles) |  Latency (absolute) |    Interval   | Pipeline|
    |   min   |   max   |    min   |    max   |  min  |  max  |   Type  |
    +---------+---------+----------+----------+-------+-------+---------+
    |    34817|    34817|  0.348 ms|  0.348 ms|  34817|  34817|       no|
    +---------+---------+----------+----------+-------+-------+---------+

    + Detail: 
        * Instance: 
        +-------------------------------------------------------+--------------------------------------------+---------+---------+----------+----------+-----+-----+------------------------------------------------+
        |                                                       |                                            |  Latency (cycles) |  Latency (absolute) |  Interval |                    Pipeline                    |
        |                        Instance                       |                   Module                   |   min   |   max   |    min   |    max   | min | max |                      Type                      |
        +-------------------------------------------------------+--------------------------------------------+---------+---------+----------+----------+-----+-----+------------------------------------------------+
        |grp_gemm_qkt_Pipeline_GEMM_QKT_KK_GEMM_QKT_COL_fu_394  |gemm_qkt_Pipeline_GEMM_QKT_KK_GEMM_QKT_COL  |      530|      530|  5.300 us|  5.300 us|  513|  513|  loop auto-rewind stp (delay=0 clock cycles(s))|
        |grp_gemm_qkt_Pipeline_STORE_S_ROW_fu_527               |gemm_qkt_Pipeline_STORE_S_ROW               |       10|       10|  0.100 us|  0.100 us|    9|    9|  loop auto-rewind stp (delay=0 clock cycles(s))|
        +-------------------------------------------------------+--------------------------------------------+---------+---------+----------+----------+-----+-----+------------------------------------------------+

        * Loop: 
        +----------------+---------+---------+----------+-----------+-----------+------+----------+
        |                |  Latency (cycles) | Iteration|  Initiation Interval  | Trip |          |
        |    Loop Name   |   min   |   max   |  Latency |  achieved |   target  | Count| Pipelined|
        +----------------+---------+---------+----------+-----------+-----------+------+----------+
        |- GEMM_QKT_ROW  |    34816|    34816|       544|          -|          -|    64|        no|
        +----------------+---------+---------+----------+-----------+-----------+------+----------+



================================================================
== Utilization Estimates
================================================================
* Summary: 
+---------------------+---------+------+---------+---------+------+
|         Name        | BRAM_18K|  DSP |    FF   |   LUT   | URAM |
+---------------------+---------+------+---------+---------+------+
|DSP                  |        -|     -|        -|        -|     -|
|Expression           |        -|     -|        0|       27|     -|
|FIFO                 |        -|     -|        -|        -|     -|
|Instance             |        -|    17|     2995|     8667|     -|
|Memory               |        -|     -|        -|        -|     -|
|Multiplexer          |        -|     -|        0|       11|     -|
|Register             |        -|     -|       27|        -|     -|
+---------------------+---------+------+---------+---------+------+
|Total                |        0|    17|     3022|     8705|     0|
+---------------------+---------+------+---------+---------+------+
|Available SLR        |     2541|  3696|  1753984|   876992|   650|
+---------------------+---------+------+---------+---------+------+
|Utilization SLR (%)  |        0|    ~0|       ~0|       ~0|     0|
+---------------------+---------+------+---------+---------+------+
|Available            |     5082|  7392|  3507968|  1753984|  1301|
+---------------------+---------+------+---------+---------+------+
|Utilization (%)      |        0|    ~0|       ~0|       ~0|     0|
+---------------------+---------+------+---------+---------+------+

+ Detail: 
    * Instance: 
    +-------------------------------------------------------+--------------------------------------------+---------+----+------+------+-----+
    |                        Instance                       |                   Module                   | BRAM_18K| DSP|  FF  |  LUT | URAM|
    +-------------------------------------------------------+--------------------------------------------+---------+----+------+------+-----+
    |grp_gemm_qkt_Pipeline_GEMM_QKT_KK_GEMM_QKT_COL_fu_394  |gemm_qkt_Pipeline_GEMM_QKT_KK_GEMM_QKT_COL  |        0|  17|  2986|  2890|    0|
    |grp_gemm_qkt_Pipeline_STORE_S_ROW_fu_527               |gemm_qkt_Pipeline_STORE_S_ROW               |        0|   0|     9|  5777|    0|
    +-------------------------------------------------------+--------------------------------------------+---------+----+------+------+-----+
    |Total                                                  |                                            |        0|  17|  2995|  8667|    0|
    +-------------------------------------------------------+--------------------------------------------+---------+----+------+------+-----+

    * DSP: 
    N/A

    * Memory: 
    N/A

    * FIFO: 
    N/A

    * Expression: 
    +---------------------+----------+----+---+----+------------+------------+
    |    Variable Name    | Operation| DSP| FF| LUT| Bitwidth P0| Bitwidth P1|
    +---------------------+----------+----+---+----+------------+------------+
    |add_ln51_fu_622_p2   |         +|   0|  0|   8|           7|           1|
    |cmp60_fu_651_p2      |      icmp|   0|  0|  16|          32|          32|
    |icmp_ln51_fu_628_p2  |      icmp|   0|  0|   3|           7|           8|
    +---------------------+----------+----+---+----+------------+------------+
    |Total                |          |   0|  0|  27|          46|          41|
    +---------------------+----------+----+---+----+------------+------------+

    * Multiplexer: 
    +-----------+----+-----------+-----+-----------+
    |    Name   | LUT| Input Size| Bits| Total Bits|
    +-----------+----+-----------+-----+-----------+
    |ap_NS_fsm  |   3|          6|    1|          6|
    |i_fu_122   |   8|          2|    7|         14|
    +-----------+----+-----------+-----+-----------+
    |Total      |  11|          8|    8|         20|
    +-----------+----+-----------+-----+-----------+

    * Register: 
    +--------------------------------------------------------------------+---+----+-----+-----------+
    |                                Name                                | FF| LUT| Bits| Const Bits|
    +--------------------------------------------------------------------+---+----+-----+-----------+
    |ap_CS_fsm                                                           |  5|   0|    5|          0|
    |cmp60_reg_1331                                                      |  1|   0|    1|          0|
    |grp_gemm_qkt_Pipeline_GEMM_QKT_KK_GEMM_QKT_COL_fu_394_ap_start_reg  |  1|   0|    1|          0|
    |grp_gemm_qkt_Pipeline_STORE_S_ROW_fu_527_ap_start_reg               |  1|   0|    1|          0|
    |i_fu_122                                                            |  7|   0|    7|          0|
    |tmp_s_reg_1326                                                      |  6|   0|    9|          3|
    |trunc_ln51_reg_1321                                                 |  6|   0|    6|          0|
    +--------------------------------------------------------------------+---+----+-----+-----------+
    |Total                                                               | 27|   0|   30|          3|
    +--------------------------------------------------------------------+---+----+-----+-----------+



================================================================
== Interface
================================================================
* Summary: 
+--------------------+-----+-----+------------+--------------+--------------+
|      RTL Ports     | Dir | Bits|  Protocol  | Source Object|    C Type    |
+--------------------+-----+-----+------------+--------------+--------------+
|ap_clk              |   in|    1|  ap_ctrl_hs|      gemm_qkt|  return value|
|ap_rst              |   in|    1|  ap_ctrl_hs|      gemm_qkt|  return value|
|ap_start            |   in|    1|  ap_ctrl_hs|      gemm_qkt|  return value|
|ap_done             |  out|    1|  ap_ctrl_hs|      gemm_qkt|  return value|
|ap_idle             |  out|    1|  ap_ctrl_hs|      gemm_qkt|  return value|
|ap_ready            |  out|    1|  ap_ctrl_hs|      gemm_qkt|  return value|
|Q_tile_0_address0   |  out|    9|   ap_memory|      Q_tile_0|         array|
|Q_tile_0_ce0        |  out|    1|   ap_memory|      Q_tile_0|         array|
|Q_tile_0_q0         |   in|   16|   ap_memory|      Q_tile_0|         array|
|Q_tile_1_address0   |  out|    9|   ap_memory|      Q_tile_1|         array|
|Q_tile_1_ce0        |  out|    1|   ap_memory|      Q_tile_1|         array|
|Q_tile_1_q0         |   in|   16|   ap_memory|      Q_tile_1|         array|
|Q_tile_2_address0   |  out|    9|   ap_memory|      Q_tile_2|         array|
|Q_tile_2_ce0        |  out|    1|   ap_memory|      Q_tile_2|         array|
|Q_tile_2_q0         |   in|   16|   ap_memory|      Q_tile_2|         array|
|Q_tile_3_address0   |  out|    9|   ap_memory|      Q_tile_3|         array|
|Q_tile_3_ce0        |  out|    1|   ap_memory|      Q_tile_3|         array|
|Q_tile_3_q0         |   in|   16|   ap_memory|      Q_tile_3|         array|
|Q_tile_4_address0   |  out|    9|   ap_memory|      Q_tile_4|         array|
|Q_tile_4_ce0        |  out|    1|   ap_memory|      Q_tile_4|         array|
|Q_tile_4_q0         |   in|   16|   ap_memory|      Q_tile_4|         array|
|Q_tile_5_address0   |  out|    9|   ap_memory|      Q_tile_5|         array|
|Q_tile_5_ce0        |  out|    1|   ap_memory|      Q_tile_5|         array|
|Q_tile_5_q0         |   in|   16|   ap_memory|      Q_tile_5|         array|
|Q_tile_6_address0   |  out|    9|   ap_memory|      Q_tile_6|         array|
|Q_tile_6_ce0        |  out|    1|   ap_memory|      Q_tile_6|         array|
|Q_tile_6_q0         |   in|   16|   ap_memory|      Q_tile_6|         array|
|Q_tile_7_address0   |  out|    9|   ap_memory|      Q_tile_7|         array|
|Q_tile_7_ce0        |  out|    1|   ap_memory|      Q_tile_7|         array|
|Q_tile_7_q0         |   in|   16|   ap_memory|      Q_tile_7|         array|
|Q_tile_8_address0   |  out|    9|   ap_memory|      Q_tile_8|         array|
|Q_tile_8_ce0        |  out|    1|   ap_memory|      Q_tile_8|         array|
|Q_tile_8_q0         |   in|   16|   ap_memory|      Q_tile_8|         array|
|Q_tile_9_address0   |  out|    9|   ap_memory|      Q_tile_9|         array|
|Q_tile_9_ce0        |  out|    1|   ap_memory|      Q_tile_9|         array|
|Q_tile_9_q0         |   in|   16|   ap_memory|      Q_tile_9|         array|
|Q_tile_10_address0  |  out|    9|   ap_memory|     Q_tile_10|         array|
|Q_tile_10_ce0       |  out|    1|   ap_memory|     Q_tile_10|         array|
|Q_tile_10_q0        |   in|   16|   ap_memory|     Q_tile_10|         array|
|Q_tile_11_address0  |  out|    9|   ap_memory|     Q_tile_11|         array|
|Q_tile_11_ce0       |  out|    1|   ap_memory|     Q_tile_11|         array|
|Q_tile_11_q0        |   in|   16|   ap_memory|     Q_tile_11|         array|
|Q_tile_12_address0  |  out|    9|   ap_memory|     Q_tile_12|         array|
|Q_tile_12_ce0       |  out|    1|   ap_memory|     Q_tile_12|         array|
|Q_tile_12_q0        |   in|   16|   ap_memory|     Q_tile_12|         array|
|Q_tile_13_address0  |  out|    9|   ap_memory|     Q_tile_13|         array|
|Q_tile_13_ce0       |  out|    1|   ap_memory|     Q_tile_13|         array|
|Q_tile_13_q0        |   in|   16|   ap_memory|     Q_tile_13|         array|
|Q_tile_14_address0  |  out|    9|   ap_memory|     Q_tile_14|         array|
|Q_tile_14_ce0       |  out|    1|   ap_memory|     Q_tile_14|         array|
|Q_tile_14_q0        |   in|   16|   ap_memory|     Q_tile_14|         array|
|Q_tile_15_address0  |  out|    9|   ap_memory|     Q_tile_15|         array|
|Q_tile_15_ce0       |  out|    1|   ap_memory|     Q_tile_15|         array|
|Q_tile_15_q0        |   in|   16|   ap_memory|     Q_tile_15|         array|
|K_tile_0_address0   |  out|    9|   ap_memory|      K_tile_0|         array|
|K_tile_0_ce0        |  out|    1|   ap_memory|      K_tile_0|         array|
|K_tile_0_q0         |   in|   16|   ap_memory|      K_tile_0|         array|
|K_tile_1_address0   |  out|    9|   ap_memory|      K_tile_1|         array|
|K_tile_1_ce0        |  out|    1|   ap_memory|      K_tile_1|         array|
|K_tile_1_q0         |   in|   16|   ap_memory|      K_tile_1|         array|
|K_tile_2_address0   |  out|    9|   ap_memory|      K_tile_2|         array|
|K_tile_2_ce0        |  out|    1|   ap_memory|      K_tile_2|         array|
|K_tile_2_q0         |   in|   16|   ap_memory|      K_tile_2|         array|
|K_tile_3_address0   |  out|    9|   ap_memory|      K_tile_3|         array|
|K_tile_3_ce0        |  out|    1|   ap_memory|      K_tile_3|         array|
|K_tile_3_q0         |   in|   16|   ap_memory|      K_tile_3|         array|
|K_tile_4_address0   |  out|    9|   ap_memory|      K_tile_4|         array|
|K_tile_4_ce0        |  out|    1|   ap_memory|      K_tile_4|         array|
|K_tile_4_q0         |   in|   16|   ap_memory|      K_tile_4|         array|
|K_tile_5_address0   |  out|    9|   ap_memory|      K_tile_5|         array|
|K_tile_5_ce0        |  out|    1|   ap_memory|      K_tile_5|         array|
|K_tile_5_q0         |   in|   16|   ap_memory|      K_tile_5|         array|
|K_tile_6_address0   |  out|    9|   ap_memory|      K_tile_6|         array|
|K_tile_6_ce0        |  out|    1|   ap_memory|      K_tile_6|         array|
|K_tile_6_q0         |   in|   16|   ap_memory|      K_tile_6|         array|
|K_tile_7_address0   |  out|    9|   ap_memory|      K_tile_7|         array|
|K_tile_7_ce0        |  out|    1|   ap_memory|      K_tile_7|         array|
|K_tile_7_q0         |   in|   16|   ap_memory|      K_tile_7|         array|
|K_tile_8_address0   |  out|    9|   ap_memory|      K_tile_8|         array|
|K_tile_8_ce0        |  out|    1|   ap_memory|      K_tile_8|         array|
|K_tile_8_q0         |   in|   16|   ap_memory|      K_tile_8|         array|
|K_tile_9_address0   |  out|    9|   ap_memory|      K_tile_9|         array|
|K_tile_9_ce0        |  out|    1|   ap_memory|      K_tile_9|         array|
|K_tile_9_q0         |   in|   16|   ap_memory|      K_tile_9|         array|
|K_tile_10_address0  |  out|    9|   ap_memory|     K_tile_10|         array|
|K_tile_10_ce0       |  out|    1|   ap_memory|     K_tile_10|         array|
|K_tile_10_q0        |   in|   16|   ap_memory|     K_tile_10|         array|
|K_tile_11_address0  |  out|    9|   ap_memory|     K_tile_11|         array|
|K_tile_11_ce0       |  out|    1|   ap_memory|     K_tile_11|         array|
|K_tile_11_q0        |   in|   16|   ap_memory|     K_tile_11|         array|
|K_tile_12_address0  |  out|    9|   ap_memory|     K_tile_12|         array|
|K_tile_12_ce0       |  out|    1|   ap_memory|     K_tile_12|         array|
|K_tile_12_q0        |   in|   16|   ap_memory|     K_tile_12|         array|
|K_tile_13_address0  |  out|    9|   ap_memory|     K_tile_13|         array|
|K_tile_13_ce0       |  out|    1|   ap_memory|     K_tile_13|         array|
|K_tile_13_q0        |   in|   16|   ap_memory|     K_tile_13|         array|
|K_tile_14_address0  |  out|    9|   ap_memory|     K_tile_14|         array|
|K_tile_14_ce0       |  out|    1|   ap_memory|     K_tile_14|         array|
|K_tile_14_q0        |   in|   16|   ap_memory|     K_tile_14|         array|
|K_tile_15_address0  |  out|    9|   ap_memory|     K_tile_15|         array|
|K_tile_15_ce0       |  out|    1|   ap_memory|     K_tile_15|         array|
|K_tile_15_q0        |   in|   16|   ap_memory|     K_tile_15|         array|
|S_tile_0_address1   |  out|    9|   ap_memory|      S_tile_0|         array|
|S_tile_0_ce1        |  out|    1|   ap_memory|      S_tile_0|         array|
|S_tile_0_we1        |  out|    1|   ap_memory|      S_tile_0|         array|
|S_tile_0_d1         |  out|   32|   ap_memory|      S_tile_0|         array|
|S_tile_1_address1   |  out|    9|   ap_memory|      S_tile_1|         array|
|S_tile_1_ce1        |  out|    1|   ap_memory|      S_tile_1|         array|
|S_tile_1_we1        |  out|    1|   ap_memory|      S_tile_1|         array|
|S_tile_1_d1         |  out|   32|   ap_memory|      S_tile_1|         array|
|S_tile_2_address1   |  out|    9|   ap_memory|      S_tile_2|         array|
|S_tile_2_ce1        |  out|    1|   ap_memory|      S_tile_2|         array|
|S_tile_2_we1        |  out|    1|   ap_memory|      S_tile_2|         array|
|S_tile_2_d1         |  out|   32|   ap_memory|      S_tile_2|         array|
|S_tile_3_address1   |  out|    9|   ap_memory|      S_tile_3|         array|
|S_tile_3_ce1        |  out|    1|   ap_memory|      S_tile_3|         array|
|S_tile_3_we1        |  out|    1|   ap_memory|      S_tile_3|         array|
|S_tile_3_d1         |  out|   32|   ap_memory|      S_tile_3|         array|
|S_tile_4_address1   |  out|    9|   ap_memory|      S_tile_4|         array|
|S_tile_4_ce1        |  out|    1|   ap_memory|      S_tile_4|         array|
|S_tile_4_we1        |  out|    1|   ap_memory|      S_tile_4|         array|
|S_tile_4_d1         |  out|   32|   ap_memory|      S_tile_4|         array|
|S_tile_5_address1   |  out|    9|   ap_memory|      S_tile_5|         array|
|S_tile_5_ce1        |  out|    1|   ap_memory|      S_tile_5|         array|
|S_tile_5_we1        |  out|    1|   ap_memory|      S_tile_5|         array|
|S_tile_5_d1         |  out|   32|   ap_memory|      S_tile_5|         array|
|S_tile_6_address1   |  out|    9|   ap_memory|      S_tile_6|         array|
|S_tile_6_ce1        |  out|    1|   ap_memory|      S_tile_6|         array|
|S_tile_6_we1        |  out|    1|   ap_memory|      S_tile_6|         array|
|S_tile_6_d1         |  out|   32|   ap_memory|      S_tile_6|         array|
|S_tile_7_address1   |  out|    9|   ap_memory|      S_tile_7|         array|
|S_tile_7_ce1        |  out|    1|   ap_memory|      S_tile_7|         array|
|S_tile_7_we1        |  out|    1|   ap_memory|      S_tile_7|         array|
|S_tile_7_d1         |  out|   32|   ap_memory|      S_tile_7|         array|
|br_actual           |   in|   32|     ap_none|     br_actual|        scalar|
|bc_actual           |   in|   32|     ap_none|     bc_actual|        scalar|
+--------------------+-----+-----+------------+--------------+--------------+

============================================================
+ Verbose Summary: Synthesis Manager
============================================================
InlineROM: 1
ExposeGlobal: 0
============================================================
+ Verbose Summary: CDFG Model
============================================================
IsTopModel: 0
ResetActiveHigh: 1
IsCombinational: 2
IsDatapathOnly: 2
HasWiredReturn: 1
HasMFsm: 0
HasVarLatency: 1
IsPipeline: 0
IsRtlPipelined: 0
IsInstanceOverlapped: 0
IsDontTouch: 0
HasImplIP: 0
IsGatedGlobalClock: 0


============================================================
+ Verbose Summary: Schedule
============================================================
* Number of FSM states : 5
* Pipeline : 0
* Dataflow Pipeline: 0

* FSM state transitions: 
1 --> 2 
2 --> 3 
3 --> 4 
4 --> 5 
5 --> 2 

* FSM state operations: 

State 1 <SV = 0> <Delay = 0.36>
ST_1 : Operation 6 [1/1] (0.00ns)   --->   "%i = alloca i32 1" [./flashattentiongemm.h:51]   --->   Operation 6 'alloca' 'i' <Predicate = true> <Delay = 0.00>
ST_1 : Operation 7 [1/1] (0.00ns)   --->   "%bc_actual_read = read i32 @_ssdm_op_Read.ap_auto.i32, i32 %bc_actual"   --->   Operation 7 'read' 'bc_actual_read' <Predicate = true> <Delay = 0.00>
ST_1 : Operation 8 [1/1] (0.00ns)   --->   "%br_actual_read = read i32 @_ssdm_op_Read.ap_auto.i32, i32 %br_actual"   --->   Operation 8 'read' 'br_actual_read' <Predicate = true> <Delay = 0.00>
ST_1 : Operation 9 [1/1] (0.00ns)   --->   "%acc_row_63_load_loc = alloca i64 1"   --->   Operation 9 'alloca' 'acc_row_63_load_loc' <Predicate = true> <Delay = 0.00>
ST_1 : Operation 10 [1/1] (0.00ns)   --->   "%acc_row_62_load_loc = alloca i64 1"   --->   Operation 10 'alloca' 'acc_row_62_load_loc' <Predicate = true> <Delay = 0.00>
ST_1 : Operation 11 [1/1] (0.00ns)   --->   "%acc_row_61_load_loc = alloca i64 1"   --->   Operation 11 'alloca' 'acc_row_61_load_loc' <Predicate = true> <Delay = 0.00>
ST_1 : Operation 12 [1/1] (0.00ns)   --->   "%acc_row_60_load_loc = alloca i64 1"   --->   Operation 12 'alloca' 'acc_row_60_load_loc' <Predicate = true> <Delay = 0.00>
ST_1 : Operation 13 [1/1] (0.00ns)   --->   "%acc_row_59_load_loc = alloca i64 1"   --->   Operation 13 'alloca' 'acc_row_59_load_loc' <Predicate = true> <Delay = 0.00>
ST_1 : Operation 14 [1/1] (0.00ns)   --->   "%acc_row_58_load_loc = alloca i64 1"   --->   Operation 14 'alloca' 'acc_row_58_load_loc' <Predicate = true> <Delay = 0.00>
ST_1 : Operation 15 [1/1] (0.00ns)   --->   "%acc_row_57_load_loc = alloca i64 1"   --->   Operation 15 'alloca' 'acc_row_57_load_loc' <Predicate = true> <Delay = 0.00>
ST_1 : Operation 16 [1/1] (0.00ns)   --->   "%acc_row_56_load_loc = alloca i64 1"   --->   Operation 16 'alloca' 'acc_row_56_load_loc' <Predicate = true> <Delay = 0.00>
ST_1 : Operation 17 [1/1] (0.00ns)   --->   "%acc_row_55_load_loc = alloca i64 1"   --->   Operation 17 'alloca' 'acc_row_55_load_loc' <Predicate = true> <Delay = 0.00>
ST_1 : Operation 18 [1/1] (0.00ns)   --->   "%acc_row_54_load_loc = alloca i64 1"   --->   Operation 18 'alloca' 'acc_row_54_load_loc' <Predicate = true> <Delay = 0.00>
ST_1 : Operation 19 [1/1] (0.00ns)   --->   "%acc_row_53_load_loc = alloca i64 1"   --->   Operation 19 'alloca' 'acc_row_53_load_loc' <Predicate = true> <Delay = 0.00>
ST_1 : Operation 20 [1/1] (0.00ns)   --->   "%acc_row_52_load_loc = alloca i64 1"   --->   Operation 20 'alloca' 'acc_row_52_load_loc' <Predicate = true> <Delay = 0.00>
ST_1 : Operation 21 [1/1] (0.00ns)   --->   "%acc_row_51_load_loc = alloca i64 1"   --->   Operation 21 'alloca' 'acc_row_51_load_loc' <Predicate = true> <Delay = 0.00>
ST_1 : Operation 22 [1/1] (0.00ns)   --->   "%acc_row_50_load_loc = alloca i64 1"   --->   Operation 22 'alloca' 'acc_row_50_load_loc' <Predicate = true> <Delay = 0.00>
ST_1 : Operation 23 [1/1] (0.00ns)   --->   "%acc_row_49_load_loc = alloca i64 1"   --->   Operation 23 'alloca' 'acc_row_49_load_loc' <Predicate = true> <Delay = 0.00>
ST_1 : Operation 24 [1/1] (0.00ns)   --->   "%acc_row_48_load_loc = alloca i64 1"   --->   Operation 24 'alloca' 'acc_row_48_load_loc' <Predicate = true> <Delay = 0.00>
ST_1 : Operation 25 [1/1] (0.00ns)   --->   "%acc_row_47_load_loc = alloca i64 1"   --->   Operation 25 'alloca' 'acc_row_47_load_loc' <Predicate = true> <Delay = 0.00>
ST_1 : Operation 26 [1/1] (0.00ns)   --->   "%acc_row_46_load_loc = alloca i64 1"   --->   Operation 26 'alloca' 'acc_row_46_load_loc' <Predicate = true> <Delay = 0.00>
ST_1 : Operation 27 [1/1] (0.00ns)   --->   "%acc_row_45_load_loc = alloca i64 1"   --->   Operation 27 'alloca' 'acc_row_45_load_loc' <Predicate = true> <Delay = 0.00>
ST_1 : Operation 28 [1/1] (0.00ns)   --->   "%acc_row_44_load_loc = alloca i64 1"   --->   Operation 28 'alloca' 'acc_row_44_load_loc' <Predicate = true> <Delay = 0.00>
ST_1 : Operation 29 [1/1] (0.00ns)   --->   "%acc_row_43_load_loc = alloca i64 1"   --->   Operation 29 'alloca' 'acc_row_43_load_loc' <Predicate = true> <Delay = 0.00>
ST_1 : Operation 30 [1/1] (0.00ns)   --->   "%acc_row_42_load_loc = alloca i64 1"   --->   Operation 30 'alloca' 'acc_row_42_load_loc' <Predicate = true> <Delay = 0.00>
ST_1 : Operation 31 [1/1] (0.00ns)   --->   "%acc_row_41_load_loc = alloca i64 1"   --->   Operation 31 'alloca' 'acc_row_41_load_loc' <Predicate = true> <Delay = 0.00>
ST_1 : Operation 32 [1/1] (0.00ns)   --->   "%acc_row_40_load_loc = alloca i64 1"   --->   Operation 32 'alloca' 'acc_row_40_load_loc' <Predicate = true> <Delay = 0.00>
ST_1 : Operation 33 [1/1] (0.00ns)   --->   "%acc_row_39_load_loc = alloca i64 1"   --->   Operation 33 'alloca' 'acc_row_39_load_loc' <Predicate = true> <Delay = 0.00>
ST_1 : Operation 34 [1/1] (0.00ns)   --->   "%acc_row_38_load_loc = alloca i64 1"   --->   Operation 34 'alloca' 'acc_row_38_load_loc' <Predicate = true> <Delay = 0.00>
ST_1 : Operation 35 [1/1] (0.00ns)   --->   "%acc_row_37_load_loc = alloca i64 1"   --->   Operation 35 'alloca' 'acc_row_37_load_loc' <Predicate = true> <Delay = 0.00>
ST_1 : Operation 36 [1/1] (0.00ns)   --->   "%acc_row_36_load_loc = alloca i64 1"   --->   Operation 36 'alloca' 'acc_row_36_load_loc' <Predicate = true> <Delay = 0.00>
ST_1 : Operation 37 [1/1] (0.00ns)   --->   "%acc_row_35_load_loc = alloca i64 1"   --->   Operation 37 'alloca' 'acc_row_35_load_loc' <Predicate = true> <Delay = 0.00>
ST_1 : Operation 38 [1/1] (0.00ns)   --->   "%acc_row_34_load_loc = alloca i64 1"   --->   Operation 38 'alloca' 'acc_row_34_load_loc' <Predicate = true> <Delay = 0.00>
ST_1 : Operation 39 [1/1] (0.00ns)   --->   "%acc_row_33_load_loc = alloca i64 1"   --->   Operation 39 'alloca' 'acc_row_33_load_loc' <Predicate = true> <Delay = 0.00>
ST_1 : Operation 40 [1/1] (0.00ns)   --->   "%acc_row_32_load_loc = alloca i64 1"   --->   Operation 40 'alloca' 'acc_row_32_load_loc' <Predicate = true> <Delay = 0.00>
ST_1 : Operation 41 [1/1] (0.00ns)   --->   "%acc_row_31_load_loc = alloca i64 1"   --->   Operation 41 'alloca' 'acc_row_31_load_loc' <Predicate = true> <Delay = 0.00>
ST_1 : Operation 42 [1/1] (0.00ns)   --->   "%acc_row_30_load_loc = alloca i64 1"   --->   Operation 42 'alloca' 'acc_row_30_load_loc' <Predicate = true> <Delay = 0.00>
ST_1 : Operation 43 [1/1] (0.00ns)   --->   "%acc_row_29_load_loc = alloca i64 1"   --->   Operation 43 'alloca' 'acc_row_29_load_loc' <Predicate = true> <Delay = 0.00>
ST_1 : Operation 44 [1/1] (0.00ns)   --->   "%acc_row_28_load_loc = alloca i64 1"   --->   Operation 44 'alloca' 'acc_row_28_load_loc' <Predicate = true> <Delay = 0.00>
ST_1 : Operation 45 [1/1] (0.00ns)   --->   "%acc_row_27_load_loc = alloca i64 1"   --->   Operation 45 'alloca' 'acc_row_27_load_loc' <Predicate = true> <Delay = 0.00>
ST_1 : Operation 46 [1/1] (0.00ns)   --->   "%acc_row_26_load_loc = alloca i64 1"   --->   Operation 46 'alloca' 'acc_row_26_load_loc' <Predicate = true> <Delay = 0.00>
ST_1 : Operation 47 [1/1] (0.00ns)   --->   "%acc_row_25_load_loc = alloca i64 1"   --->   Operation 47 'alloca' 'acc_row_25_load_loc' <Predicate = true> <Delay = 0.00>
ST_1 : Operation 48 [1/1] (0.00ns)   --->   "%acc_row_24_load_loc = alloca i64 1"   --->   Operation 48 'alloca' 'acc_row_24_load_loc' <Predicate = true> <Delay = 0.00>
ST_1 : Operation 49 [1/1] (0.00ns)   --->   "%acc_row_23_load_loc = alloca i64 1"   --->   Operation 49 'alloca' 'acc_row_23_load_loc' <Predicate = true> <Delay = 0.00>
ST_1 : Operation 50 [1/1] (0.00ns)   --->   "%acc_row_22_load_loc = alloca i64 1"   --->   Operation 50 'alloca' 'acc_row_22_load_loc' <Predicate = true> <Delay = 0.00>
ST_1 : Operation 51 [1/1] (0.00ns)   --->   "%acc_row_21_load_loc = alloca i64 1"   --->   Operation 51 'alloca' 'acc_row_21_load_loc' <Predicate = true> <Delay = 0.00>
ST_1 : Operation 52 [1/1] (0.00ns)   --->   "%acc_row_20_load_loc = alloca i64 1"   --->   Operation 52 'alloca' 'acc_row_20_load_loc' <Predicate = true> <Delay = 0.00>
ST_1 : Operation 53 [1/1] (0.00ns)   --->   "%acc_row_19_load_loc = alloca i64 1"   --->   Operation 53 'alloca' 'acc_row_19_load_loc' <Predicate = true> <Delay = 0.00>
ST_1 : Operation 54 [1/1] (0.00ns)   --->   "%acc_row_18_load_loc = alloca i64 1"   --->   Operation 54 'alloca' 'acc_row_18_load_loc' <Predicate = true> <Delay = 0.00>
ST_1 : Operation 55 [1/1] (0.00ns)   --->   "%acc_row_17_load_loc = alloca i64 1"   --->   Operation 55 'alloca' 'acc_row_17_load_loc' <Predicate = true> <Delay = 0.00>
ST_1 : Operation 56 [1/1] (0.00ns)   --->   "%acc_row_16_load_loc = alloca i64 1"   --->   Operation 56 'alloca' 'acc_row_16_load_loc' <Predicate = true> <Delay = 0.00>
ST_1 : Operation 57 [1/1] (0.00ns)   --->   "%acc_row_15_load_loc = alloca i64 1"   --->   Operation 57 'alloca' 'acc_row_15_load_loc' <Predicate = true> <Delay = 0.00>
ST_1 : Operation 58 [1/1] (0.00ns)   --->   "%acc_row_14_load_loc = alloca i64 1"   --->   Operation 58 'alloca' 'acc_row_14_load_loc' <Predicate = true> <Delay = 0.00>
ST_1 : Operation 59 [1/1] (0.00ns)   --->   "%acc_row_13_load_loc = alloca i64 1"   --->   Operation 59 'alloca' 'acc_row_13_load_loc' <Predicate = true> <Delay = 0.00>
ST_1 : Operation 60 [1/1] (0.00ns)   --->   "%acc_row_12_load_loc = alloca i64 1"   --->   Operation 60 'alloca' 'acc_row_12_load_loc' <Predicate = true> <Delay = 0.00>
ST_1 : Operation 61 [1/1] (0.00ns)   --->   "%acc_row_11_load_loc = alloca i64 1"   --->   Operation 61 'alloca' 'acc_row_11_load_loc' <Predicate = true> <Delay = 0.00>
ST_1 : Operation 62 [1/1] (0.00ns)   --->   "%acc_row_10_load_loc = alloca i64 1"   --->   Operation 62 'alloca' 'acc_row_10_load_loc' <Predicate = true> <Delay = 0.00>
ST_1 : Operation 63 [1/1] (0.00ns)   --->   "%acc_row_9_load_loc = alloca i64 1"   --->   Operation 63 'alloca' 'acc_row_9_load_loc' <Predicate = true> <Delay = 0.00>
ST_1 : Operation 64 [1/1] (0.00ns)   --->   "%acc_row_8_load_loc = alloca i64 1"   --->   Operation 64 'alloca' 'acc_row_8_load_loc' <Predicate = true> <Delay = 0.00>
ST_1 : Operation 65 [1/1] (0.00ns)   --->   "%acc_row_7_load_loc = alloca i64 1"   --->   Operation 65 'alloca' 'acc_row_7_load_loc' <Predicate = true> <Delay = 0.00>
ST_1 : Operation 66 [1/1] (0.00ns)   --->   "%acc_row_6_load_loc = alloca i64 1"   --->   Operation 66 'alloca' 'acc_row_6_load_loc' <Predicate = true> <Delay = 0.00>
ST_1 : Operation 67 [1/1] (0.00ns)   --->   "%acc_row_5_load_loc = alloca i64 1"   --->   Operation 67 'alloca' 'acc_row_5_load_loc' <Predicate = true> <Delay = 0.00>
ST_1 : Operation 68 [1/1] (0.00ns)   --->   "%acc_row_4_load_loc = alloca i64 1"   --->   Operation 68 'alloca' 'acc_row_4_load_loc' <Predicate = true> <Delay = 0.00>
ST_1 : Operation 69 [1/1] (0.00ns)   --->   "%acc_row_3_load_loc = alloca i64 1"   --->   Operation 69 'alloca' 'acc_row_3_load_loc' <Predicate = true> <Delay = 0.00>
ST_1 : Operation 70 [1/1] (0.00ns)   --->   "%acc_row_2_load_loc = alloca i64 1"   --->   Operation 70 'alloca' 'acc_row_2_load_loc' <Predicate = true> <Delay = 0.00>
ST_1 : Operation 71 [1/1] (0.00ns)   --->   "%acc_row_1_load_loc = alloca i64 1"   --->   Operation 71 'alloca' 'acc_row_1_load_loc' <Predicate = true> <Delay = 0.00>
ST_1 : Operation 72 [1/1] (0.00ns)   --->   "%acc_row_load_loc = alloca i64 1"   --->   Operation 72 'alloca' 'acc_row_load_loc' <Predicate = true> <Delay = 0.00>
ST_1 : Operation 73 [1/1] (0.00ns)   --->   "%specmemcore_ln0 = specmemcore void @_ssdm_op_SpecMemCore, i32 %S_tile_0, i64 666, i64 22, i64 18446744073709551615"   --->   Operation 73 'specmemcore' 'specmemcore_ln0' <Predicate = true> <Delay = 0.00>
ST_1 : Operation 74 [1/1] (0.00ns)   --->   "%specmemcore_ln0 = specmemcore void @_ssdm_op_SpecMemCore, i32 %S_tile_1, i64 666, i64 22, i64 18446744073709551615"   --->   Operation 74 'specmemcore' 'specmemcore_ln0' <Predicate = true> <Delay = 0.00>
ST_1 : Operation 75 [1/1] (0.00ns)   --->   "%specmemcore_ln0 = specmemcore void @_ssdm_op_SpecMemCore, i32 %S_tile_2, i64 666, i64 22, i64 18446744073709551615"   --->   Operation 75 'specmemcore' 'specmemcore_ln0' <Predicate = true> <Delay = 0.00>
ST_1 : Operation 76 [1/1] (0.00ns)   --->   "%specmemcore_ln0 = specmemcore void @_ssdm_op_SpecMemCore, i32 %S_tile_3, i64 666, i64 22, i64 18446744073709551615"   --->   Operation 76 'specmemcore' 'specmemcore_ln0' <Predicate = true> <Delay = 0.00>
ST_1 : Operation 77 [1/1] (0.00ns)   --->   "%specmemcore_ln0 = specmemcore void @_ssdm_op_SpecMemCore, i32 %S_tile_4, i64 666, i64 22, i64 18446744073709551615"   --->   Operation 77 'specmemcore' 'specmemcore_ln0' <Predicate = true> <Delay = 0.00>
ST_1 : Operation 78 [1/1] (0.00ns)   --->   "%specmemcore_ln0 = specmemcore void @_ssdm_op_SpecMemCore, i32 %S_tile_5, i64 666, i64 22, i64 18446744073709551615"   --->   Operation 78 'specmemcore' 'specmemcore_ln0' <Predicate = true> <Delay = 0.00>
ST_1 : Operation 79 [1/1] (0.00ns)   --->   "%specmemcore_ln0 = specmemcore void @_ssdm_op_SpecMemCore, i32 %S_tile_6, i64 666, i64 22, i64 18446744073709551615"   --->   Operation 79 'specmemcore' 'specmemcore_ln0' <Predicate = true> <Delay = 0.00>
ST_1 : Operation 80 [1/1] (0.00ns)   --->   "%specmemcore_ln0 = specmemcore void @_ssdm_op_SpecMemCore, i32 %S_tile_7, i64 666, i64 22, i64 18446744073709551615"   --->   Operation 80 'specmemcore' 'specmemcore_ln0' <Predicate = true> <Delay = 0.00>
ST_1 : Operation 81 [1/1] (0.00ns)   --->   "%specmemcore_ln0 = specmemcore void @_ssdm_op_SpecMemCore, i16 %Q_tile_0, i64 666, i64 22, i64 18446744073709551615"   --->   Operation 81 'specmemcore' 'specmemcore_ln0' <Predicate = true> <Delay = 0.00>
ST_1 : Operation 82 [1/1] (0.00ns)   --->   "%specmemcore_ln0 = specmemcore void @_ssdm_op_SpecMemCore, i16 %Q_tile_1, i64 666, i64 22, i64 18446744073709551615"   --->   Operation 82 'specmemcore' 'specmemcore_ln0' <Predicate = true> <Delay = 0.00>
ST_1 : Operation 83 [1/1] (0.00ns)   --->   "%specmemcore_ln0 = specmemcore void @_ssdm_op_SpecMemCore, i16 %Q_tile_2, i64 666, i64 22, i64 18446744073709551615"   --->   Operation 83 'specmemcore' 'specmemcore_ln0' <Predicate = true> <Delay = 0.00>
ST_1 : Operation 84 [1/1] (0.00ns)   --->   "%specmemcore_ln0 = specmemcore void @_ssdm_op_SpecMemCore, i16 %Q_tile_3, i64 666, i64 22, i64 18446744073709551615"   --->   Operation 84 'specmemcore' 'specmemcore_ln0' <Predicate = true> <Delay = 0.00>
ST_1 : Operation 85 [1/1] (0.00ns)   --->   "%specmemcore_ln0 = specmemcore void @_ssdm_op_SpecMemCore, i16 %Q_tile_4, i64 666, i64 22, i64 18446744073709551615"   --->   Operation 85 'specmemcore' 'specmemcore_ln0' <Predicate = true> <Delay = 0.00>
ST_1 : Operation 86 [1/1] (0.00ns)   --->   "%specmemcore_ln0 = specmemcore void @_ssdm_op_SpecMemCore, i16 %Q_tile_5, i64 666, i64 22, i64 18446744073709551615"   --->   Operation 86 'specmemcore' 'specmemcore_ln0' <Predicate = true> <Delay = 0.00>
ST_1 : Operation 87 [1/1] (0.00ns)   --->   "%specmemcore_ln0 = specmemcore void @_ssdm_op_SpecMemCore, i16 %Q_tile_6, i64 666, i64 22, i64 18446744073709551615"   --->   Operation 87 'specmemcore' 'specmemcore_ln0' <Predicate = true> <Delay = 0.00>
ST_1 : Operation 88 [1/1] (0.00ns)   --->   "%specmemcore_ln0 = specmemcore void @_ssdm_op_SpecMemCore, i16 %Q_tile_7, i64 666, i64 22, i64 18446744073709551615"   --->   Operation 88 'specmemcore' 'specmemcore_ln0' <Predicate = true> <Delay = 0.00>
ST_1 : Operation 89 [1/1] (0.00ns)   --->   "%specmemcore_ln0 = specmemcore void @_ssdm_op_SpecMemCore, i16 %Q_tile_8, i64 666, i64 22, i64 18446744073709551615"   --->   Operation 89 'specmemcore' 'specmemcore_ln0' <Predicate = true> <Delay = 0.00>
ST_1 : Operation 90 [1/1] (0.00ns)   --->   "%specmemcore_ln0 = specmemcore void @_ssdm_op_SpecMemCore, i16 %Q_tile_9, i64 666, i64 22, i64 18446744073709551615"   --->   Operation 90 'specmemcore' 'specmemcore_ln0' <Predicate = true> <Delay = 0.00>
ST_1 : Operation 91 [1/1] (0.00ns)   --->   "%specmemcore_ln0 = specmemcore void @_ssdm_op_SpecMemCore, i16 %Q_tile_10, i64 666, i64 22, i64 18446744073709551615"   --->   Operation 91 'specmemcore' 'specmemcore_ln0' <Predicate = true> <Delay = 0.00>
ST_1 : Operation 92 [1/1] (0.00ns)   --->   "%specmemcore_ln0 = specmemcore void @_ssdm_op_SpecMemCore, i16 %Q_tile_11, i64 666, i64 22, i64 18446744073709551615"   --->   Operation 92 'specmemcore' 'specmemcore_ln0' <Predicate = true> <Delay = 0.00>
ST_1 : Operation 93 [1/1] (0.00ns)   --->   "%specmemcore_ln0 = specmemcore void @_ssdm_op_SpecMemCore, i16 %Q_tile_12, i64 666, i64 22, i64 18446744073709551615"   --->   Operation 93 'specmemcore' 'specmemcore_ln0' <Predicate = true> <Delay = 0.00>
ST_1 : Operation 94 [1/1] (0.00ns)   --->   "%specmemcore_ln0 = specmemcore void @_ssdm_op_SpecMemCore, i16 %Q_tile_13, i64 666, i64 22, i64 18446744073709551615"   --->   Operation 94 'specmemcore' 'specmemcore_ln0' <Predicate = true> <Delay = 0.00>
ST_1 : Operation 95 [1/1] (0.00ns)   --->   "%specmemcore_ln0 = specmemcore void @_ssdm_op_SpecMemCore, i16 %Q_tile_14, i64 666, i64 22, i64 18446744073709551615"   --->   Operation 95 'specmemcore' 'specmemcore_ln0' <Predicate = true> <Delay = 0.00>
ST_1 : Operation 96 [1/1] (0.00ns)   --->   "%specmemcore_ln0 = specmemcore void @_ssdm_op_SpecMemCore, i16 %Q_tile_15, i64 666, i64 22, i64 18446744073709551615"   --->   Operation 96 'specmemcore' 'specmemcore_ln0' <Predicate = true> <Delay = 0.00>
ST_1 : Operation 97 [1/1] (0.00ns)   --->   "%specmemcore_ln0 = specmemcore void @_ssdm_op_SpecMemCore, i16 %K_tile_0, i64 666, i64 24, i64 18446744073709551615"   --->   Operation 97 'specmemcore' 'specmemcore_ln0' <Predicate = true> <Delay = 0.00>
ST_1 : Operation 98 [1/1] (0.00ns)   --->   "%specmemcore_ln0 = specmemcore void @_ssdm_op_SpecMemCore, i16 %K_tile_1, i64 666, i64 24, i64 18446744073709551615"   --->   Operation 98 'specmemcore' 'specmemcore_ln0' <Predicate = true> <Delay = 0.00>
ST_1 : Operation 99 [1/1] (0.00ns)   --->   "%specmemcore_ln0 = specmemcore void @_ssdm_op_SpecMemCore, i16 %K_tile_2, i64 666, i64 24, i64 18446744073709551615"   --->   Operation 99 'specmemcore' 'specmemcore_ln0' <Predicate = true> <Delay = 0.00>
ST_1 : Operation 100 [1/1] (0.00ns)   --->   "%specmemcore_ln0 = specmemcore void @_ssdm_op_SpecMemCore, i16 %K_tile_3, i64 666, i64 24, i64 18446744073709551615"   --->   Operation 100 'specmemcore' 'specmemcore_ln0' <Predicate = true> <Delay = 0.00>
ST_1 : Operation 101 [1/1] (0.00ns)   --->   "%specmemcore_ln0 = specmemcore void @_ssdm_op_SpecMemCore, i16 %K_tile_4, i64 666, i64 24, i64 18446744073709551615"   --->   Operation 101 'specmemcore' 'specmemcore_ln0' <Predicate = true> <Delay = 0.00>
ST_1 : Operation 102 [1/1] (0.00ns)   --->   "%specmemcore_ln0 = specmemcore void @_ssdm_op_SpecMemCore, i16 %K_tile_5, i64 666, i64 24, i64 18446744073709551615"   --->   Operation 102 'specmemcore' 'specmemcore_ln0' <Predicate = true> <Delay = 0.00>
ST_1 : Operation 103 [1/1] (0.00ns)   --->   "%specmemcore_ln0 = specmemcore void @_ssdm_op_SpecMemCore, i16 %K_tile_6, i64 666, i64 24, i64 18446744073709551615"   --->   Operation 103 'specmemcore' 'specmemcore_ln0' <Predicate = true> <Delay = 0.00>
ST_1 : Operation 104 [1/1] (0.00ns)   --->   "%specmemcore_ln0 = specmemcore void @_ssdm_op_SpecMemCore, i16 %K_tile_7, i64 666, i64 24, i64 18446744073709551615"   --->   Operation 104 'specmemcore' 'specmemcore_ln0' <Predicate = true> <Delay = 0.00>
ST_1 : Operation 105 [1/1] (0.00ns)   --->   "%specmemcore_ln0 = specmemcore void @_ssdm_op_SpecMemCore, i16 %K_tile_8, i64 666, i64 24, i64 18446744073709551615"   --->   Operation 105 'specmemcore' 'specmemcore_ln0' <Predicate = true> <Delay = 0.00>
ST_1 : Operation 106 [1/1] (0.00ns)   --->   "%specmemcore_ln0 = specmemcore void @_ssdm_op_SpecMemCore, i16 %K_tile_9, i64 666, i64 24, i64 18446744073709551615"   --->   Operation 106 'specmemcore' 'specmemcore_ln0' <Predicate = true> <Delay = 0.00>
ST_1 : Operation 107 [1/1] (0.00ns)   --->   "%specmemcore_ln0 = specmemcore void @_ssdm_op_SpecMemCore, i16 %K_tile_10, i64 666, i64 24, i64 18446744073709551615"   --->   Operation 107 'specmemcore' 'specmemcore_ln0' <Predicate = true> <Delay = 0.00>
ST_1 : Operation 108 [1/1] (0.00ns)   --->   "%specmemcore_ln0 = specmemcore void @_ssdm_op_SpecMemCore, i16 %K_tile_11, i64 666, i64 24, i64 18446744073709551615"   --->   Operation 108 'specmemcore' 'specmemcore_ln0' <Predicate = true> <Delay = 0.00>
ST_1 : Operation 109 [1/1] (0.00ns)   --->   "%specmemcore_ln0 = specmemcore void @_ssdm_op_SpecMemCore, i16 %K_tile_12, i64 666, i64 24, i64 18446744073709551615"   --->   Operation 109 'specmemcore' 'specmemcore_ln0' <Predicate = true> <Delay = 0.00>
ST_1 : Operation 110 [1/1] (0.00ns)   --->   "%specmemcore_ln0 = specmemcore void @_ssdm_op_SpecMemCore, i16 %K_tile_13, i64 666, i64 24, i64 18446744073709551615"   --->   Operation 110 'specmemcore' 'specmemcore_ln0' <Predicate = true> <Delay = 0.00>
ST_1 : Operation 111 [1/1] (0.00ns)   --->   "%specmemcore_ln0 = specmemcore void @_ssdm_op_SpecMemCore, i16 %K_tile_14, i64 666, i64 24, i64 18446744073709551615"   --->   Operation 111 'specmemcore' 'specmemcore_ln0' <Predicate = true> <Delay = 0.00>
ST_1 : Operation 112 [1/1] (0.00ns)   --->   "%specmemcore_ln0 = specmemcore void @_ssdm_op_SpecMemCore, i16 %K_tile_15, i64 666, i64 24, i64 18446744073709551615"   --->   Operation 112 'specmemcore' 'specmemcore_ln0' <Predicate = true> <Delay = 0.00>
ST_1 : Operation 113 [1/1] (0.36ns)   --->   "%store_ln51 = store i7 0, i7 %i" [./flashattentiongemm.h:51]   --->   Operation 113 'store' 'store_ln51' <Predicate = true> <Delay = 0.36>
ST_1 : Operation 114 [1/1] (0.00ns)   --->   "%br_ln51 = br void %INIT_ACC" [./flashattentiongemm.h:51]   --->   Operation 114 'br' 'br_ln51' <Predicate = true> <Delay = 0.00>

State 2 <SV = 1> <Delay = 1.26>
ST_2 : Operation 115 [1/1] (0.00ns)   --->   "%i_6 = load i7 %i" [./flashattentiongemm.h:51]   --->   Operation 115 'load' 'i_6' <Predicate = true> <Delay = 0.00>
ST_2 : Operation 116 [1/1] (0.66ns)   --->   "%add_ln51 = add i7 %i_6, i7 1" [./flashattentiongemm.h:51]   --->   Operation 116 'add' 'add_ln51' <Predicate = true> <Delay = 0.66> <CoreInst = "Adder">   --->   Core 1 'Adder' <Latency = 0> <II = 1> <Delay = 0.66> <FuncUnit> <Opcode : 'add' 'sub'> <InPorts = 2> <OutPorts = 1>
ST_2 : Operation 117 [1/1] (0.57ns)   --->   "%icmp_ln51 = icmp_eq  i7 %i_6, i7 64" [./flashattentiongemm.h:51]   --->   Operation 117 'icmp' 'icmp_ln51' <Predicate = true> <Delay = 0.57> <CoreInst = "ICmp_EQ">   --->   Core 156 'ICmp_EQ' <Latency = 0> <II = 1> <Delay = 0.55> <FuncUnit> <Opcode : 'seteq' 'setne'> <InPorts = 2> <OutPorts = 1>
ST_2 : Operation 118 [1/1] (0.00ns)   --->   "%br_ln51 = br i1 %icmp_ln51, void %INIT_ACC.split, void %for.end73" [./flashattentiongemm.h:51]   --->   Operation 118 'br' 'br_ln51' <Predicate = true> <Delay = 0.00>
ST_2 : Operation 119 [1/1] (0.00ns)   --->   "%trunc_ln51 = trunc i7 %i_6" [./flashattentiongemm.h:51]   --->   Operation 119 'trunc' 'trunc_ln51' <Predicate = (!icmp_ln51)> <Delay = 0.00>
ST_2 : Operation 120 [1/1] (0.00ns)   --->   "%tmp_s = bitconcatenate i9 @_ssdm_op_BitConcatenate.i9.i6.i3, i6 %trunc_ln51, i3 0" [./flashattentiongemm.h:73]   --->   Operation 120 'bitconcatenate' 'tmp_s' <Predicate = (!icmp_ln51)> <Delay = 0.00>
ST_2 : Operation 121 [1/1] (0.00ns)   --->   "%zext_ln51 = zext i7 %i_6" [./flashattentiongemm.h:51]   --->   Operation 121 'zext' 'zext_ln51' <Predicate = (!icmp_ln51)> <Delay = 0.00>
ST_2 : Operation 122 [2/2] (0.69ns)   --->   "%call_ln73 = call void @gemm_qkt_Pipeline_GEMM_QKT_KK_GEMM_QKT_COL, i9 %tmp_s, i16 %Q_tile_0, i16 %Q_tile_1, i16 %Q_tile_2, i16 %Q_tile_3, i16 %Q_tile_4, i16 %Q_tile_5, i16 %Q_tile_6, i16 %Q_tile_7, i16 %Q_tile_8, i16 %Q_tile_9, i16 %Q_tile_10, i16 %Q_tile_11, i16 %Q_tile_12, i16 %Q_tile_13, i16 %Q_tile_14, i16 %Q_tile_15, i16 %K_tile_0, i16 %K_tile_1, i16 %K_tile_2, i16 %K_tile_3, i16 %K_tile_4, i16 %K_tile_5, i16 %K_tile_6, i16 %K_tile_7, i16 %K_tile_8, i16 %K_tile_9, i16 %K_tile_10, i16 %K_tile_11, i16 %K_tile_12, i16 %K_tile_13, i16 %K_tile_14, i16 %K_tile_15, i32 %acc_row_load_loc, i32 %acc_row_1_load_loc, i32 %acc_row_2_load_loc, i32 %acc_row_3_load_loc, i32 %acc_row_4_load_loc, i32 %acc_row_5_load_loc, i32 %acc_row_6_load_loc, i32 %acc_row_7_load_loc, i32 %acc_row_8_load_loc, i32 %acc_row_9_load_loc, i32 %acc_row_10_load_loc, i32 %acc_row_11_load_loc, i32 %acc_row_12_load_loc, i32 %acc_row_13_load_loc, i32 %acc_row_14_load_loc, i32 %acc_row_15_load_loc, i32 %acc_row_16_load_loc, i32 %acc_row_17_load_loc, i32 %acc_row_18_load_loc, i32 %acc_row_19_load_loc, i32 %acc_row_20_load_loc, i32 %acc_row_21_load_loc, i32 %acc_row_22_load_loc, i32 %acc_row_23_load_loc, i32 %acc_row_24_load_loc, i32 %acc_row_25_load_loc, i32 %acc_row_26_load_loc, i32 %acc_row_27_load_loc, i32 %acc_row_28_load_loc, i32 %acc_row_29_load_loc, i32 %acc_row_30_load_loc, i32 %acc_row_31_load_loc, i32 %acc_row_32_load_loc, i32 %acc_row_33_load_loc, i32 %acc_row_34_load_loc, i32 %acc_row_35_load_loc, i32 %acc_row_36_load_loc, i32 %acc_row_37_load_loc, i32 %acc_row_38_load_loc, i32 %acc_row_39_load_loc, i32 %acc_row_40_load_loc, i32 %acc_row_41_load_loc, i32 %acc_row_42_load_loc, i32 %acc_row_43_load_loc, i32 %acc_row_44_load_loc, i32 %acc_row_45_load_loc, i32 %acc_row_46_load_loc, i32 %acc_row_47_load_loc, i32 %acc_row_48_load_loc, i32 %acc_row_49_load_loc, i32 %acc_row_50_load_loc, i32 %acc_row_51_load_loc, i32 %acc_row_52_load_loc, i32 %acc_row_53_load_loc, i32 %acc_row_54_load_loc, i32 %acc_row_55_load_loc, i32 %acc_row_56_load_loc, i32 %acc_row_57_load_loc, i32 %acc_row_58_load_loc, i32 %acc_row_59_load_loc, i32 %acc_row_60_load_loc, i32 %acc_row_61_load_loc, i32 %acc_row_62_load_loc, i32 %acc_row_63_load_loc" [./flashattentiongemm.h:73]   --->   Operation 122 'call' 'call_ln73' <Predicate = (!icmp_ln51)> <Delay = 0.69> <CoreType = "Generic">   --->   Generic Core
ST_2 : Operation 123 [1/1] (0.67ns)   --->   "%cmp60 = icmp_slt  i32 %zext_ln51, i32 %br_actual_read" [./flashattentiongemm.h:51]   --->   Operation 123 'icmp' 'cmp60' <Predicate = (!icmp_ln51)> <Delay = 0.67> <CoreInst = "Cmp">   --->   Core 9 'Cmp' <Latency = 0> <II = 1> <Delay = 0.67> <FuncUnit> <Opcode : 'setle' 'setge' 'setlt' 'setgt'> <InPorts = 2> <OutPorts = 1>
ST_2 : Operation 124 [1/1] (0.36ns)   --->   "%store_ln51 = store i7 %add_ln51, i7 %i" [./flashattentiongemm.h:51]   --->   Operation 124 'store' 'store_ln51' <Predicate = (!icmp_ln51)> <Delay = 0.36>
ST_2 : Operation 125 [1/1] (0.00ns)   --->   "%ret_ln105 = ret" [./flashattentiongemm.h:105]   --->   Operation 125 'ret' 'ret_ln105' <Predicate = (icmp_ln51)> <Delay = 0.00>

State 3 <SV = 2> <Delay = 0.00>
ST_3 : Operation 126 [1/2] (0.00ns)   --->   "%call_ln73 = call void @gemm_qkt_Pipeline_GEMM_QKT_KK_GEMM_QKT_COL, i9 %tmp_s, i16 %Q_tile_0, i16 %Q_tile_1, i16 %Q_tile_2, i16 %Q_tile_3, i16 %Q_tile_4, i16 %Q_tile_5, i16 %Q_tile_6, i16 %Q_tile_7, i16 %Q_tile_8, i16 %Q_tile_9, i16 %Q_tile_10, i16 %Q_tile_11, i16 %Q_tile_12, i16 %Q_tile_13, i16 %Q_tile_14, i16 %Q_tile_15, i16 %K_tile_0, i16 %K_tile_1, i16 %K_tile_2, i16 %K_tile_3, i16 %K_tile_4, i16 %K_tile_5, i16 %K_tile_6, i16 %K_tile_7, i16 %K_tile_8, i16 %K_tile_9, i16 %K_tile_10, i16 %K_tile_11, i16 %K_tile_12, i16 %K_tile_13, i16 %K_tile_14, i16 %K_tile_15, i32 %acc_row_load_loc, i32 %acc_row_1_load_loc, i32 %acc_row_2_load_loc, i32 %acc_row_3_load_loc, i32 %acc_row_4_load_loc, i32 %acc_row_5_load_loc, i32 %acc_row_6_load_loc, i32 %acc_row_7_load_loc, i32 %acc_row_8_load_loc, i32 %acc_row_9_load_loc, i32 %acc_row_10_load_loc, i32 %acc_row_11_load_loc, i32 %acc_row_12_load_loc, i32 %acc_row_13_load_loc, i32 %acc_row_14_load_loc, i32 %acc_row_15_load_loc, i32 %acc_row_16_load_loc, i32 %acc_row_17_load_loc, i32 %acc_row_18_load_loc, i32 %acc_row_19_load_loc, i32 %acc_row_20_load_loc, i32 %acc_row_21_load_loc, i32 %acc_row_22_load_loc, i32 %acc_row_23_load_loc, i32 %acc_row_24_load_loc, i32 %acc_row_25_load_loc, i32 %acc_row_26_load_loc, i32 %acc_row_27_load_loc, i32 %acc_row_28_load_loc, i32 %acc_row_29_load_loc, i32 %acc_row_30_load_loc, i32 %acc_row_31_load_loc, i32 %acc_row_32_load_loc, i32 %acc_row_33_load_loc, i32 %acc_row_34_load_loc, i32 %acc_row_35_load_loc, i32 %acc_row_36_load_loc, i32 %acc_row_37_load_loc, i32 %acc_row_38_load_loc, i32 %acc_row_39_load_loc, i32 %acc_row_40_load_loc, i32 %acc_row_41_load_loc, i32 %acc_row_42_load_loc, i32 %acc_row_43_load_loc, i32 %acc_row_44_load_loc, i32 %acc_row_45_load_loc, i32 %acc_row_46_load_loc, i32 %acc_row_47_load_loc, i32 %acc_row_48_load_loc, i32 %acc_row_49_load_loc, i32 %acc_row_50_load_loc, i32 %acc_row_51_load_loc, i32 %acc_row_52_load_loc, i32 %acc_row_53_load_loc, i32 %acc_row_54_load_loc, i32 %acc_row_55_load_loc, i32 %acc_row_56_load_loc, i32 %acc_row_57_load_loc, i32 %acc_row_58_load_loc, i32 %acc_row_59_load_loc, i32 %acc_row_60_load_loc, i32 %acc_row_61_load_loc, i32 %acc_row_62_load_loc, i32 %acc_row_63_load_loc" [./flashattentiongemm.h:73]   --->   Operation 126 'call' 'call_ln73' <Predicate = true> <Delay = 0.00> <CoreType = "Generic">   --->   Generic Core

State 4 <SV = 3> <Delay = 2.62>
ST_4 : Operation 127 [1/1] (0.00ns)   --->   "%acc_row_load = load i32 %acc_row_load_loc"   --->   Operation 127 'load' 'acc_row_load' <Predicate = true> <Delay = 0.00>
ST_4 : Operation 128 [1/1] (0.00ns)   --->   "%acc_row_1_load = load i32 %acc_row_1_load_loc"   --->   Operation 128 'load' 'acc_row_1_load' <Predicate = true> <Delay = 0.00>
ST_4 : Operation 129 [1/1] (0.00ns)   --->   "%acc_row_2_load = load i32 %acc_row_2_load_loc"   --->   Operation 129 'load' 'acc_row_2_load' <Predicate = true> <Delay = 0.00>
ST_4 : Operation 130 [1/1] (0.00ns)   --->   "%acc_row_3_load = load i32 %acc_row_3_load_loc"   --->   Operation 130 'load' 'acc_row_3_load' <Predicate = true> <Delay = 0.00>
ST_4 : Operation 131 [1/1] (0.00ns)   --->   "%acc_row_4_load = load i32 %acc_row_4_load_loc"   --->   Operation 131 'load' 'acc_row_4_load' <Predicate = true> <Delay = 0.00>
ST_4 : Operation 132 [1/1] (0.00ns)   --->   "%acc_row_5_load = load i32 %acc_row_5_load_loc"   --->   Operation 132 'load' 'acc_row_5_load' <Predicate = true> <Delay = 0.00>
ST_4 : Operation 133 [1/1] (0.00ns)   --->   "%acc_row_6_load = load i32 %acc_row_6_load_loc"   --->   Operation 133 'load' 'acc_row_6_load' <Predicate = true> <Delay = 0.00>
ST_4 : Operation 134 [1/1] (0.00ns)   --->   "%acc_row_7_load = load i32 %acc_row_7_load_loc"   --->   Operation 134 'load' 'acc_row_7_load' <Predicate = true> <Delay = 0.00>
ST_4 : Operation 135 [1/1] (0.00ns)   --->   "%acc_row_8_load = load i32 %acc_row_8_load_loc"   --->   Operation 135 'load' 'acc_row_8_load' <Predicate = true> <Delay = 0.00>
ST_4 : Operation 136 [1/1] (0.00ns)   --->   "%acc_row_9_load = load i32 %acc_row_9_load_loc"   --->   Operation 136 'load' 'acc_row_9_load' <Predicate = true> <Delay = 0.00>
ST_4 : Operation 137 [1/1] (0.00ns)   --->   "%acc_row_10_load = load i32 %acc_row_10_load_loc"   --->   Operation 137 'load' 'acc_row_10_load' <Predicate = true> <Delay = 0.00>
ST_4 : Operation 138 [1/1] (0.00ns)   --->   "%acc_row_11_load = load i32 %acc_row_11_load_loc"   --->   Operation 138 'load' 'acc_row_11_load' <Predicate = true> <Delay = 0.00>
ST_4 : Operation 139 [1/1] (0.00ns)   --->   "%acc_row_12_load = load i32 %acc_row_12_load_loc"   --->   Operation 139 'load' 'acc_row_12_load' <Predicate = true> <Delay = 0.00>
ST_4 : Operation 140 [1/1] (0.00ns)   --->   "%acc_row_13_load = load i32 %acc_row_13_load_loc"   --->   Operation 140 'load' 'acc_row_13_load' <Predicate = true> <Delay = 0.00>
ST_4 : Operation 141 [1/1] (0.00ns)   --->   "%acc_row_14_load = load i32 %acc_row_14_load_loc"   --->   Operation 141 'load' 'acc_row_14_load' <Predicate = true> <Delay = 0.00>
ST_4 : Operation 142 [1/1] (0.00ns)   --->   "%acc_row_15_load = load i32 %acc_row_15_load_loc"   --->   Operation 142 'load' 'acc_row_15_load' <Predicate = true> <Delay = 0.00>
ST_4 : Operation 143 [1/1] (0.00ns)   --->   "%acc_row_16_load = load i32 %acc_row_16_load_loc"   --->   Operation 143 'load' 'acc_row_16_load' <Predicate = true> <Delay = 0.00>
ST_4 : Operation 144 [1/1] (0.00ns)   --->   "%acc_row_17_load = load i32 %acc_row_17_load_loc"   --->   Operation 144 'load' 'acc_row_17_load' <Predicate = true> <Delay = 0.00>
ST_4 : Operation 145 [1/1] (0.00ns)   --->   "%acc_row_18_load = load i32 %acc_row_18_load_loc"   --->   Operation 145 'load' 'acc_row_18_load' <Predicate = true> <Delay = 0.00>
ST_4 : Operation 146 [1/1] (0.00ns)   --->   "%acc_row_19_load = load i32 %acc_row_19_load_loc"   --->   Operation 146 'load' 'acc_row_19_load' <Predicate = true> <Delay = 0.00>
ST_4 : Operation 147 [1/1] (0.00ns)   --->   "%acc_row_20_load = load i32 %acc_row_20_load_loc"   --->   Operation 147 'load' 'acc_row_20_load' <Predicate = true> <Delay = 0.00>
ST_4 : Operation 148 [1/1] (0.00ns)   --->   "%acc_row_21_load = load i32 %acc_row_21_load_loc"   --->   Operation 148 'load' 'acc_row_21_load' <Predicate = true> <Delay = 0.00>
ST_4 : Operation 149 [1/1] (0.00ns)   --->   "%acc_row_22_load = load i32 %acc_row_22_load_loc"   --->   Operation 149 'load' 'acc_row_22_load' <Predicate = true> <Delay = 0.00>
ST_4 : Operation 150 [1/1] (0.00ns)   --->   "%acc_row_23_load = load i32 %acc_row_23_load_loc"   --->   Operation 150 'load' 'acc_row_23_load' <Predicate = true> <Delay = 0.00>
ST_4 : Operation 151 [1/1] (0.00ns)   --->   "%acc_row_24_load = load i32 %acc_row_24_load_loc"   --->   Operation 151 'load' 'acc_row_24_load' <Predicate = true> <Delay = 0.00>
ST_4 : Operation 152 [1/1] (0.00ns)   --->   "%acc_row_25_load = load i32 %acc_row_25_load_loc"   --->   Operation 152 'load' 'acc_row_25_load' <Predicate = true> <Delay = 0.00>
ST_4 : Operation 153 [1/1] (0.00ns)   --->   "%acc_row_26_load = load i32 %acc_row_26_load_loc"   --->   Operation 153 'load' 'acc_row_26_load' <Predicate = true> <Delay = 0.00>
ST_4 : Operation 154 [1/1] (0.00ns)   --->   "%acc_row_27_load = load i32 %acc_row_27_load_loc"   --->   Operation 154 'load' 'acc_row_27_load' <Predicate = true> <Delay = 0.00>
ST_4 : Operation 155 [1/1] (0.00ns)   --->   "%acc_row_28_load = load i32 %acc_row_28_load_loc"   --->   Operation 155 'load' 'acc_row_28_load' <Predicate = true> <Delay = 0.00>
ST_4 : Operation 156 [1/1] (0.00ns)   --->   "%acc_row_29_load = load i32 %acc_row_29_load_loc"   --->   Operation 156 'load' 'acc_row_29_load' <Predicate = true> <Delay = 0.00>
ST_4 : Operation 157 [1/1] (0.00ns)   --->   "%acc_row_30_load = load i32 %acc_row_30_load_loc"   --->   Operation 157 'load' 'acc_row_30_load' <Predicate = true> <Delay = 0.00>
ST_4 : Operation 158 [1/1] (0.00ns)   --->   "%acc_row_31_load = load i32 %acc_row_31_load_loc"   --->   Operation 158 'load' 'acc_row_31_load' <Predicate = true> <Delay = 0.00>
ST_4 : Operation 159 [1/1] (0.00ns)   --->   "%acc_row_32_load = load i32 %acc_row_32_load_loc"   --->   Operation 159 'load' 'acc_row_32_load' <Predicate = true> <Delay = 0.00>
ST_4 : Operation 160 [1/1] (0.00ns)   --->   "%acc_row_33_load = load i32 %acc_row_33_load_loc"   --->   Operation 160 'load' 'acc_row_33_load' <Predicate = true> <Delay = 0.00>
ST_4 : Operation 161 [1/1] (0.00ns)   --->   "%acc_row_34_load = load i32 %acc_row_34_load_loc"   --->   Operation 161 'load' 'acc_row_34_load' <Predicate = true> <Delay = 0.00>
ST_4 : Operation 162 [1/1] (0.00ns)   --->   "%acc_row_35_load = load i32 %acc_row_35_load_loc"   --->   Operation 162 'load' 'acc_row_35_load' <Predicate = true> <Delay = 0.00>
ST_4 : Operation 163 [1/1] (0.00ns)   --->   "%acc_row_36_load = load i32 %acc_row_36_load_loc"   --->   Operation 163 'load' 'acc_row_36_load' <Predicate = true> <Delay = 0.00>
ST_4 : Operation 164 [1/1] (0.00ns)   --->   "%acc_row_37_load = load i32 %acc_row_37_load_loc"   --->   Operation 164 'load' 'acc_row_37_load' <Predicate = true> <Delay = 0.00>
ST_4 : Operation 165 [1/1] (0.00ns)   --->   "%acc_row_38_load = load i32 %acc_row_38_load_loc"   --->   Operation 165 'load' 'acc_row_38_load' <Predicate = true> <Delay = 0.00>
ST_4 : Operation 166 [1/1] (0.00ns)   --->   "%acc_row_39_load = load i32 %acc_row_39_load_loc"   --->   Operation 166 'load' 'acc_row_39_load' <Predicate = true> <Delay = 0.00>
ST_4 : Operation 167 [1/1] (0.00ns)   --->   "%acc_row_40_load = load i32 %acc_row_40_load_loc"   --->   Operation 167 'load' 'acc_row_40_load' <Predicate = true> <Delay = 0.00>
ST_4 : Operation 168 [1/1] (0.00ns)   --->   "%acc_row_41_load = load i32 %acc_row_41_load_loc"   --->   Operation 168 'load' 'acc_row_41_load' <Predicate = true> <Delay = 0.00>
ST_4 : Operation 169 [1/1] (0.00ns)   --->   "%acc_row_42_load = load i32 %acc_row_42_load_loc"   --->   Operation 169 'load' 'acc_row_42_load' <Predicate = true> <Delay = 0.00>
ST_4 : Operation 170 [1/1] (0.00ns)   --->   "%acc_row_43_load = load i32 %acc_row_43_load_loc"   --->   Operation 170 'load' 'acc_row_43_load' <Predicate = true> <Delay = 0.00>
ST_4 : Operation 171 [1/1] (0.00ns)   --->   "%acc_row_44_load = load i32 %acc_row_44_load_loc"   --->   Operation 171 'load' 'acc_row_44_load' <Predicate = true> <Delay = 0.00>
ST_4 : Operation 172 [1/1] (0.00ns)   --->   "%acc_row_45_load = load i32 %acc_row_45_load_loc"   --->   Operation 172 'load' 'acc_row_45_load' <Predicate = true> <Delay = 0.00>
ST_4 : Operation 173 [1/1] (0.00ns)   --->   "%acc_row_46_load = load i32 %acc_row_46_load_loc"   --->   Operation 173 'load' 'acc_row_46_load' <Predicate = true> <Delay = 0.00>
ST_4 : Operation 174 [1/1] (0.00ns)   --->   "%acc_row_47_load = load i32 %acc_row_47_load_loc"   --->   Operation 174 'load' 'acc_row_47_load' <Predicate = true> <Delay = 0.00>
ST_4 : Operation 175 [1/1] (0.00ns)   --->   "%acc_row_48_load = load i32 %acc_row_48_load_loc"   --->   Operation 175 'load' 'acc_row_48_load' <Predicate = true> <Delay = 0.00>
ST_4 : Operation 176 [1/1] (0.00ns)   --->   "%acc_row_49_load = load i32 %acc_row_49_load_loc"   --->   Operation 176 'load' 'acc_row_49_load' <Predicate = true> <Delay = 0.00>
ST_4 : Operation 177 [1/1] (0.00ns)   --->   "%acc_row_50_load = load i32 %acc_row_50_load_loc"   --->   Operation 177 'load' 'acc_row_50_load' <Predicate = true> <Delay = 0.00>
ST_4 : Operation 178 [1/1] (0.00ns)   --->   "%acc_row_51_load = load i32 %acc_row_51_load_loc"   --->   Operation 178 'load' 'acc_row_51_load' <Predicate = true> <Delay = 0.00>
ST_4 : Operation 179 [1/1] (0.00ns)   --->   "%acc_row_52_load = load i32 %acc_row_52_load_loc"   --->   Operation 179 'load' 'acc_row_52_load' <Predicate = true> <Delay = 0.00>
ST_4 : Operation 180 [1/1] (0.00ns)   --->   "%acc_row_53_load = load i32 %acc_row_53_load_loc"   --->   Operation 180 'load' 'acc_row_53_load' <Predicate = true> <Delay = 0.00>
ST_4 : Operation 181 [1/1] (0.00ns)   --->   "%acc_row_54_load = load i32 %acc_row_54_load_loc"   --->   Operation 181 'load' 'acc_row_54_load' <Predicate = true> <Delay = 0.00>
ST_4 : Operation 182 [1/1] (0.00ns)   --->   "%acc_row_55_load = load i32 %acc_row_55_load_loc"   --->   Operation 182 'load' 'acc_row_55_load' <Predicate = true> <Delay = 0.00>
ST_4 : Operation 183 [1/1] (0.00ns)   --->   "%acc_row_56_load = load i32 %acc_row_56_load_loc"   --->   Operation 183 'load' 'acc_row_56_load' <Predicate = true> <Delay = 0.00>
ST_4 : Operation 184 [1/1] (0.00ns)   --->   "%acc_row_57_load = load i32 %acc_row_57_load_loc"   --->   Operation 184 'load' 'acc_row_57_load' <Predicate = true> <Delay = 0.00>
ST_4 : Operation 185 [1/1] (0.00ns)   --->   "%acc_row_58_load = load i32 %acc_row_58_load_loc"   --->   Operation 185 'load' 'acc_row_58_load' <Predicate = true> <Delay = 0.00>
ST_4 : Operation 186 [1/1] (0.00ns)   --->   "%acc_row_59_load = load i32 %acc_row_59_load_loc"   --->   Operation 186 'load' 'acc_row_59_load' <Predicate = true> <Delay = 0.00>
ST_4 : Operation 187 [1/1] (0.00ns)   --->   "%acc_row_60_load = load i32 %acc_row_60_load_loc"   --->   Operation 187 'load' 'acc_row_60_load' <Predicate = true> <Delay = 0.00>
ST_4 : Operation 188 [1/1] (0.00ns)   --->   "%acc_row_61_load = load i32 %acc_row_61_load_loc"   --->   Operation 188 'load' 'acc_row_61_load' <Predicate = true> <Delay = 0.00>
ST_4 : Operation 189 [1/1] (0.00ns)   --->   "%acc_row_62_load = load i32 %acc_row_62_load_loc"   --->   Operation 189 'load' 'acc_row_62_load' <Predicate = true> <Delay = 0.00>
ST_4 : Operation 190 [1/1] (0.00ns)   --->   "%acc_row_63_load = load i32 %acc_row_63_load_loc"   --->   Operation 190 'load' 'acc_row_63_load' <Predicate = true> <Delay = 0.00>
ST_4 : Operation 191 [2/2] (2.62ns)   --->   "%call_ln51 = call void @gemm_qkt_Pipeline_STORE_S_ROW, i6 %trunc_ln51, i32 %S_tile_0, i32 %S_tile_1, i32 %S_tile_2, i32 %S_tile_3, i32 %S_tile_4, i32 %S_tile_5, i32 %S_tile_6, i32 %S_tile_7, i32 %bc_actual_read, i1 %cmp60, i32 %acc_row_load, i32 %acc_row_8_load, i32 %acc_row_16_load, i32 %acc_row_24_load, i32 %acc_row_32_load, i32 %acc_row_40_load, i32 %acc_row_48_load, i32 %acc_row_56_load, i32 %acc_row_1_load, i32 %acc_row_9_load, i32 %acc_row_17_load, i32 %acc_row_25_load, i32 %acc_row_33_load, i32 %acc_row_41_load, i32 %acc_row_49_load, i32 %acc_row_57_load, i32 %acc_row_2_load, i32 %acc_row_10_load, i32 %acc_row_18_load, i32 %acc_row_26_load, i32 %acc_row_34_load, i32 %acc_row_42_load, i32 %acc_row_50_load, i32 %acc_row_58_load, i32 %acc_row_3_load, i32 %acc_row_11_load, i32 %acc_row_19_load, i32 %acc_row_27_load, i32 %acc_row_35_load, i32 %acc_row_43_load, i32 %acc_row_51_load, i32 %acc_row_59_load, i32 %acc_row_4_load, i32 %acc_row_12_load, i32 %acc_row_20_load, i32 %acc_row_28_load, i32 %acc_row_36_load, i32 %acc_row_44_load, i32 %acc_row_52_load, i32 %acc_row_60_load, i32 %acc_row_5_load, i32 %acc_row_13_load, i32 %acc_row_21_load, i32 %acc_row_29_load, i32 %acc_row_37_load, i32 %acc_row_45_load, i32 %acc_row_53_load, i32 %acc_row_61_load, i32 %acc_row_6_load, i32 %acc_row_14_load, i32 %acc_row_22_load, i32 %acc_row_30_load, i32 %acc_row_38_load, i32 %acc_row_46_load, i32 %acc_row_54_load, i32 %acc_row_62_load, i32 %acc_row_7_load, i32 %acc_row_15_load, i32 %acc_row_23_load, i32 %acc_row_31_load, i32 %acc_row_39_load, i32 %acc_row_47_load, i32 %acc_row_55_load, i32 %acc_row_63_load" [./flashattentiongemm.h:51]   --->   Operation 191 'call' 'call_ln51' <Predicate = true> <Delay = 2.62> <CoreType = "Generic">   --->   Generic Core

State 5 <SV = 4> <Delay = 0.64>
ST_5 : Operation 192 [1/1] (0.00ns)   --->   "%speclooptripcount_ln54 = speclooptripcount void @_ssdm_op_SpecLoopTripCount, i64 64, i64 64, i64 64" [./flashattentiongemm.h:54]   --->   Operation 192 'speclooptripcount' 'speclooptripcount_ln54' <Predicate = true> <Delay = 0.00>
ST_5 : Operation 193 [1/1] (0.00ns)   --->   "%specloopname_ln51 = specloopname void @_ssdm_op_SpecLoopName, void @empty_12" [./flashattentiongemm.h:51]   --->   Operation 193 'specloopname' 'specloopname_ln51' <Predicate = true> <Delay = 0.00>
ST_5 : Operation 194 [1/2] (0.64ns)   --->   "%call_ln51 = call void @gemm_qkt_Pipeline_STORE_S_ROW, i6 %trunc_ln51, i32 %S_tile_0, i32 %S_tile_1, i32 %S_tile_2, i32 %S_tile_3, i32 %S_tile_4, i32 %S_tile_5, i32 %S_tile_6, i32 %S_tile_7, i32 %bc_actual_read, i1 %cmp60, i32 %acc_row_load, i32 %acc_row_8_load, i32 %acc_row_16_load, i32 %acc_row_24_load, i32 %acc_row_32_load, i32 %acc_row_40_load, i32 %acc_row_48_load, i32 %acc_row_56_load, i32 %acc_row_1_load, i32 %acc_row_9_load, i32 %acc_row_17_load, i32 %acc_row_25_load, i32 %acc_row_33_load, i32 %acc_row_41_load, i32 %acc_row_49_load, i32 %acc_row_57_load, i32 %acc_row_2_load, i32 %acc_row_10_load, i32 %acc_row_18_load, i32 %acc_row_26_load, i32 %acc_row_34_load, i32 %acc_row_42_load, i32 %acc_row_50_load, i32 %acc_row_58_load, i32 %acc_row_3_load, i32 %acc_row_11_load, i32 %acc_row_19_load, i32 %acc_row_27_load, i32 %acc_row_35_load, i32 %acc_row_43_load, i32 %acc_row_51_load, i32 %acc_row_59_load, i32 %acc_row_4_load, i32 %acc_row_12_load, i32 %acc_row_20_load, i32 %acc_row_28_load, i32 %acc_row_36_load, i32 %acc_row_44_load, i32 %acc_row_52_load, i32 %acc_row_60_load, i32 %acc_row_5_load, i32 %acc_row_13_load, i32 %acc_row_21_load, i32 %acc_row_29_load, i32 %acc_row_37_load, i32 %acc_row_45_load, i32 %acc_row_53_load, i32 %acc_row_61_load, i32 %acc_row_6_load, i32 %acc_row_14_load, i32 %acc_row_22_load, i32 %acc_row_30_load, i32 %acc_row_38_load, i32 %acc_row_46_load, i32 %acc_row_54_load, i32 %acc_row_62_load, i32 %acc_row_7_load, i32 %acc_row_15_load, i32 %acc_row_23_load, i32 %acc_row_31_load, i32 %acc_row_39_load, i32 %acc_row_47_load, i32 %acc_row_55_load, i32 %acc_row_63_load" [./flashattentiongemm.h:51]   --->   Operation 194 'call' 'call_ln51' <Predicate = true> <Delay = 0.64> <CoreType = "Generic">   --->   Generic Core
ST_5 : Operation 195 [1/1] (0.00ns)   --->   "%br_ln51 = br void %INIT_ACC" [./flashattentiongemm.h:51]   --->   Operation 195 'br' 'br_ln51' <Predicate = true> <Delay = 0.00>


============================================================
+ Verbose Summary: Binding
============================================================
STG Binding: 
---------------- STG Properties BEGIN ----------------
- Is combinational: 0
- Is one-state seq: 0
- Is datapath-only: 0
- Is pipelined: 0
- Is top level: 0
Port [ Return ] is wired: 1; IO mode=ap_ctrl_hs:ce=0
Port [ Q_tile_0]:  wired=1; compound=1; hidden=0; nouse=0; global=0; static=0; extern=0; dir=0; type=1; pingpong=0; private_global=0; MemPort=[13]; IO mode=ap_memory:ce=0
Port [ Q_tile_1]:  wired=1; compound=1; hidden=0; nouse=0; global=0; static=0; extern=0; dir=0; type=1; pingpong=0; private_global=0; MemPort=[13]; IO mode=ap_memory:ce=0
Port [ Q_tile_2]:  wired=1; compound=1; hidden=0; nouse=0; global=0; static=0; extern=0; dir=0; type=1; pingpong=0; private_global=0; MemPort=[13]; IO mode=ap_memory:ce=0
Port [ Q_tile_3]:  wired=1; compound=1; hidden=0; nouse=0; global=0; static=0; extern=0; dir=0; type=1; pingpong=0; private_global=0; MemPort=[13]; IO mode=ap_memory:ce=0
Port [ Q_tile_4]:  wired=1; compound=1; hidden=0; nouse=0; global=0; static=0; extern=0; dir=0; type=1; pingpong=0; private_global=0; MemPort=[13]; IO mode=ap_memory:ce=0
Port [ Q_tile_5]:  wired=1; compound=1; hidden=0; nouse=0; global=0; static=0; extern=0; dir=0; type=1; pingpong=0; private_global=0; MemPort=[13]; IO mode=ap_memory:ce=0
Port [ Q_tile_6]:  wired=1; compound=1; hidden=0; nouse=0; global=0; static=0; extern=0; dir=0; type=1; pingpong=0; private_global=0; MemPort=[13]; IO mode=ap_memory:ce=0
Port [ Q_tile_7]:  wired=1; compound=1; hidden=0; nouse=0; global=0; static=0; extern=0; dir=0; type=1; pingpong=0; private_global=0; MemPort=[13]; IO mode=ap_memory:ce=0
Port [ Q_tile_8]:  wired=1; compound=1; hidden=0; nouse=0; global=0; static=0; extern=0; dir=0; type=1; pingpong=0; private_global=0; MemPort=[13]; IO mode=ap_memory:ce=0
Port [ Q_tile_9]:  wired=1; compound=1; hidden=0; nouse=0; global=0; static=0; extern=0; dir=0; type=1; pingpong=0; private_global=0; MemPort=[13]; IO mode=ap_memory:ce=0
Port [ Q_tile_10]:  wired=1; compound=1; hidden=0; nouse=0; global=0; static=0; extern=0; dir=0; type=1; pingpong=0; private_global=0; MemPort=[13]; IO mode=ap_memory:ce=0
Port [ Q_tile_11]:  wired=1; compound=1; hidden=0; nouse=0; global=0; static=0; extern=0; dir=0; type=1; pingpong=0; private_global=0; MemPort=[13]; IO mode=ap_memory:ce=0
Port [ Q_tile_12]:  wired=1; compound=1; hidden=0; nouse=0; global=0; static=0; extern=0; dir=0; type=1; pingpong=0; private_global=0; MemPort=[13]; IO mode=ap_memory:ce=0
Port [ Q_tile_13]:  wired=1; compound=1; hidden=0; nouse=0; global=0; static=0; extern=0; dir=0; type=1; pingpong=0; private_global=0; MemPort=[13]; IO mode=ap_memory:ce=0
Port [ Q_tile_14]:  wired=1; compound=1; hidden=0; nouse=0; global=0; static=0; extern=0; dir=0; type=1; pingpong=0; private_global=0; MemPort=[13]; IO mode=ap_memory:ce=0
Port [ Q_tile_15]:  wired=1; compound=1; hidden=0; nouse=0; global=0; static=0; extern=0; dir=0; type=1; pingpong=0; private_global=0; MemPort=[13]; IO mode=ap_memory:ce=0
Port [ K_tile_0]:  wired=1; compound=1; hidden=0; nouse=0; global=0; static=0; extern=0; dir=0; type=1; pingpong=0; private_global=0; MemPort=[13]; IO mode=ap_memory:ce=0
Port [ K_tile_1]:  wired=1; compound=1; hidden=0; nouse=0; global=0; static=0; extern=0; dir=0; type=1; pingpong=0; private_global=0; MemPort=[13]; IO mode=ap_memory:ce=0
Port [ K_tile_2]:  wired=1; compound=1; hidden=0; nouse=0; global=0; static=0; extern=0; dir=0; type=1; pingpong=0; private_global=0; MemPort=[13]; IO mode=ap_memory:ce=0
Port [ K_tile_3]:  wired=1; compound=1; hidden=0; nouse=0; global=0; static=0; extern=0; dir=0; type=1; pingpong=0; private_global=0; MemPort=[13]; IO mode=ap_memory:ce=0
Port [ K_tile_4]:  wired=1; compound=1; hidden=0; nouse=0; global=0; static=0; extern=0; dir=0; type=1; pingpong=0; private_global=0; MemPort=[13]; IO mode=ap_memory:ce=0
Port [ K_tile_5]:  wired=1; compound=1; hidden=0; nouse=0; global=0; static=0; extern=0; dir=0; type=1; pingpong=0; private_global=0; MemPort=[13]; IO mode=ap_memory:ce=0
Port [ K_tile_6]:  wired=1; compound=1; hidden=0; nouse=0; global=0; static=0; extern=0; dir=0; type=1; pingpong=0; private_global=0; MemPort=[13]; IO mode=ap_memory:ce=0
Port [ K_tile_7]:  wired=1; compound=1; hidden=0; nouse=0; global=0; static=0; extern=0; dir=0; type=1; pingpong=0; private_global=0; MemPort=[13]; IO mode=ap_memory:ce=0
Port [ K_tile_8]:  wired=1; compound=1; hidden=0; nouse=0; global=0; static=0; extern=0; dir=0; type=1; pingpong=0; private_global=0; MemPort=[13]; IO mode=ap_memory:ce=0
Port [ K_tile_9]:  wired=1; compound=1; hidden=0; nouse=0; global=0; static=0; extern=0; dir=0; type=1; pingpong=0; private_global=0; MemPort=[13]; IO mode=ap_memory:ce=0
Port [ K_tile_10]:  wired=1; compound=1; hidden=0; nouse=0; global=0; static=0; extern=0; dir=0; type=1; pingpong=0; private_global=0; MemPort=[13]; IO mode=ap_memory:ce=0
Port [ K_tile_11]:  wired=1; compound=1; hidden=0; nouse=0; global=0; static=0; extern=0; dir=0; type=1; pingpong=0; private_global=0; MemPort=[13]; IO mode=ap_memory:ce=0
Port [ K_tile_12]:  wired=1; compound=1; hidden=0; nouse=0; global=0; static=0; extern=0; dir=0; type=1; pingpong=0; private_global=0; MemPort=[13]; IO mode=ap_memory:ce=0
Port [ K_tile_13]:  wired=1; compound=1; hidden=0; nouse=0; global=0; static=0; extern=0; dir=0; type=1; pingpong=0; private_global=0; MemPort=[13]; IO mode=ap_memory:ce=0
Port [ K_tile_14]:  wired=1; compound=1; hidden=0; nouse=0; global=0; static=0; extern=0; dir=0; type=1; pingpong=0; private_global=0; MemPort=[13]; IO mode=ap_memory:ce=0
Port [ K_tile_15]:  wired=1; compound=1; hidden=0; nouse=0; global=0; static=0; extern=0; dir=0; type=1; pingpong=0; private_global=0; MemPort=[13]; IO mode=ap_memory:ce=0
Port [ S_tile_0]:  wired=1; compound=1; hidden=0; nouse=0; global=0; static=0; extern=0; dir=1; type=1; pingpong=0; private_global=0; MemPort=[30]; IO mode=ap_memory:ce=0
Port [ S_tile_1]:  wired=1; compound=1; hidden=0; nouse=0; global=0; static=0; extern=0; dir=1; type=1; pingpong=0; private_global=0; MemPort=[30]; IO mode=ap_memory:ce=0
Port [ S_tile_2]:  wired=1; compound=1; hidden=0; nouse=0; global=0; static=0; extern=0; dir=1; type=1; pingpong=0; private_global=0; MemPort=[30]; IO mode=ap_memory:ce=0
Port [ S_tile_3]:  wired=1; compound=1; hidden=0; nouse=0; global=0; static=0; extern=0; dir=1; type=1; pingpong=0; private_global=0; MemPort=[30]; IO mode=ap_memory:ce=0
Port [ S_tile_4]:  wired=1; compound=1; hidden=0; nouse=0; global=0; static=0; extern=0; dir=1; type=1; pingpong=0; private_global=0; MemPort=[30]; IO mode=ap_memory:ce=0
Port [ S_tile_5]:  wired=1; compound=1; hidden=0; nouse=0; global=0; static=0; extern=0; dir=1; type=1; pingpong=0; private_global=0; MemPort=[30]; IO mode=ap_memory:ce=0
Port [ S_tile_6]:  wired=1; compound=1; hidden=0; nouse=0; global=0; static=0; extern=0; dir=1; type=1; pingpong=0; private_global=0; MemPort=[30]; IO mode=ap_memory:ce=0
Port [ S_tile_7]:  wired=1; compound=1; hidden=0; nouse=0; global=0; static=0; extern=0; dir=1; type=1; pingpong=0; private_global=0; MemPort=[30]; IO mode=ap_memory:ce=0
Port [ br_actual]:  wired=1; compound=0; hidden=0; nouse=0; global=0; static=0; extern=0; dir=0; type=0; pingpong=0; private_global=0; IO mode=ap_none:ce=0
Port [ bc_actual]:  wired=1; compound=0; hidden=0; nouse=0; global=0; static=0; extern=0; dir=0; type=0; pingpong=0; private_global=0; IO mode=ap_none:ce=0
---------------- STG Properties END ------------------

---------------- Datapath Model BEGIN ----------------

<LifeTime>
<method=bitvector/>
i                      (alloca           ) [ 011111]
bc_actual_read         (read             ) [ 001111]
br_actual_read         (read             ) [ 001111]
acc_row_63_load_loc    (alloca           ) [ 001111]
acc_row_62_load_loc    (alloca           ) [ 001111]
acc_row_61_load_loc    (alloca           ) [ 001111]
acc_row_60_load_loc    (alloca           ) [ 001111]
acc_row_59_load_loc    (alloca           ) [ 001111]
acc_row_58_load_loc    (alloca           ) [ 001111]
acc_row_57_load_loc    (alloca           ) [ 001111]
acc_row_56_load_loc    (alloca           ) [ 001111]
acc_row_55_load_loc    (alloca           ) [ 001111]
acc_row_54_load_loc    (alloca           ) [ 001111]
acc_row_53_load_loc    (alloca           ) [ 001111]
acc_row_52_load_loc    (alloca           ) [ 001111]
acc_row_51_load_loc    (alloca           ) [ 001111]
acc_row_50_load_loc    (alloca           ) [ 001111]
acc_row_49_load_loc    (alloca           ) [ 001111]
acc_row_48_load_loc    (alloca           ) [ 001111]
acc_row_47_load_loc    (alloca           ) [ 001111]
acc_row_46_load_loc    (alloca           ) [ 001111]
acc_row_45_load_loc    (alloca           ) [ 001111]
acc_row_44_load_loc    (alloca           ) [ 001111]
acc_row_43_load_loc    (alloca           ) [ 001111]
acc_row_42_load_loc    (alloca           ) [ 001111]
acc_row_41_load_loc    (alloca           ) [ 001111]
acc_row_40_load_loc    (alloca           ) [ 001111]
acc_row_39_load_loc    (alloca           ) [ 001111]
acc_row_38_load_loc    (alloca           ) [ 001111]
acc_row_37_load_loc    (alloca           ) [ 001111]
acc_row_36_load_loc    (alloca           ) [ 001111]
acc_row_35_load_loc    (alloca           ) [ 001111]
acc_row_34_load_loc    (alloca           ) [ 001111]
acc_row_33_load_loc    (alloca           ) [ 001111]
acc_row_32_load_loc    (alloca           ) [ 001111]
acc_row_31_load_loc    (alloca           ) [ 001111]
acc_row_30_load_loc    (alloca           ) [ 001111]
acc_row_29_load_loc    (alloca           ) [ 001111]
acc_row_28_load_loc    (alloca           ) [ 001111]
acc_row_27_load_loc    (alloca           ) [ 001111]
acc_row_26_load_loc    (alloca           ) [ 001111]
acc_row_25_load_loc    (alloca           ) [ 001111]
acc_row_24_load_loc    (alloca           ) [ 001111]
acc_row_23_load_loc    (alloca           ) [ 001111]
acc_row_22_load_loc    (alloca           ) [ 001111]
acc_row_21_load_loc    (alloca           ) [ 001111]
acc_row_20_load_loc    (alloca           ) [ 001111]
acc_row_19_load_loc    (alloca           ) [ 001111]
acc_row_18_load_loc    (alloca           ) [ 001111]
acc_row_17_load_loc    (alloca           ) [ 001111]
acc_row_16_load_loc    (alloca           ) [ 001111]
acc_row_15_load_loc    (alloca           ) [ 001111]
acc_row_14_load_loc    (alloca           ) [ 001111]
acc_row_13_load_loc    (alloca           ) [ 001111]
acc_row_12_load_loc    (alloca           ) [ 001111]
acc_row_11_load_loc    (alloca           ) [ 001111]
acc_row_10_load_loc    (alloca           ) [ 001111]
acc_row_9_load_loc     (alloca           ) [ 001111]
acc_row_8_load_loc     (alloca           ) [ 001111]
acc_row_7_load_loc     (alloca           ) [ 001111]
acc_row_6_load_loc     (alloca           ) [ 001111]
acc_row_5_load_loc     (alloca           ) [ 001111]
acc_row_4_load_loc     (alloca           ) [ 001111]
acc_row_3_load_loc     (alloca           ) [ 001111]
acc_row_2_load_loc     (alloca           ) [ 001111]
acc_row_1_load_loc     (alloca           ) [ 001111]
acc_row_load_loc       (alloca           ) [ 001111]
specmemcore_ln0        (specmemcore      ) [ 000000]
specmemcore_ln0        (specmemcore      ) [ 000000]
specmemcore_ln0        (specmemcore      ) [ 000000]
specmemcore_ln0        (specmemcore      ) [ 000000]
specmemcore_ln0        (specmemcore      ) [ 000000]
specmemcore_ln0        (specmemcore      ) [ 000000]
specmemcore_ln0        (specmemcore      ) [ 000000]
specmemcore_ln0        (specmemcore      ) [ 000000]
specmemcore_ln0        (specmemcore      ) [ 000000]
specmemcore_ln0        (specmemcore      ) [ 000000]
specmemcore_ln0        (specmemcore      ) [ 000000]
specmemcore_ln0        (specmemcore      ) [ 000000]
specmemcore_ln0        (specmemcore      ) [ 000000]
specmemcore_ln0        (specmemcore      ) [ 000000]
specmemcore_ln0        (specmemcore      ) [ 000000]
specmemcore_ln0        (specmemcore      ) [ 000000]
specmemcore_ln0        (specmemcore      ) [ 000000]
specmemcore_ln0        (specmemcore      ) [ 000000]
specmemcore_ln0        (specmemcore      ) [ 000000]
specmemcore_ln0        (specmemcore      ) [ 000000]
specmemcore_ln0        (specmemcore      ) [ 000000]
specmemcore_ln0        (specmemcore      ) [ 000000]
specmemcore_ln0        (specmemcore      ) [ 000000]
specmemcore_ln0        (specmemcore      ) [ 000000]
specmemcore_ln0        (specmemcore      ) [ 000000]
specmemcore_ln0        (specmemcore      ) [ 000000]
specmemcore_ln0        (specmemcore      ) [ 000000]
specmemcore_ln0        (specmemcore      ) [ 000000]
specmemcore_ln0        (specmemcore      ) [ 000000]
specmemcore_ln0        (specmemcore      ) [ 000000]
specmemcore_ln0        (specmemcore      ) [ 000000]
specmemcore_ln0        (specmemcore      ) [ 000000]
specmemcore_ln0        (specmemcore      ) [ 000000]
specmemcore_ln0        (specmemcore      ) [ 000000]
specmemcore_ln0        (specmemcore      ) [ 000000]
specmemcore_ln0        (specmemcore      ) [ 000000]
specmemcore_ln0        (specmemcore      ) [ 000000]
specmemcore_ln0        (specmemcore      ) [ 000000]
specmemcore_ln0        (specmemcore      ) [ 000000]
specmemcore_ln0        (specmemcore      ) [ 000000]
store_ln51             (store            ) [ 000000]
br_ln51                (br               ) [ 000000]
i_6                    (load             ) [ 000000]
add_ln51               (add              ) [ 000000]
icmp_ln51              (icmp             ) [ 001111]
br_ln51                (br               ) [ 000000]
trunc_ln51             (trunc            ) [ 000111]
tmp_s                  (bitconcatenate   ) [ 000100]
zext_ln51              (zext             ) [ 000000]
cmp60                  (icmp             ) [ 000111]
store_ln51             (store            ) [ 000000]
ret_ln105              (ret              ) [ 000000]
call_ln73              (call             ) [ 000000]
acc_row_load           (load             ) [ 000001]
acc_row_1_load         (load             ) [ 000001]
acc_row_2_load         (load             ) [ 000001]
acc_row_3_load         (load             ) [ 000001]
acc_row_4_load         (load             ) [ 000001]
acc_row_5_load         (load             ) [ 000001]
acc_row_6_load         (load             ) [ 000001]
acc_row_7_load         (load             ) [ 000001]
acc_row_8_load         (load             ) [ 000001]
acc_row_9_load         (load             ) [ 000001]
acc_row_10_load        (load             ) [ 000001]
acc_row_11_load        (load             ) [ 000001]
acc_row_12_load        (load             ) [ 000001]
acc_row_13_load        (load             ) [ 000001]
acc_row_14_load        (load             ) [ 000001]
acc_row_15_load        (load             ) [ 000001]
acc_row_16_load        (load             ) [ 000001]
acc_row_17_load        (load             ) [ 000001]
acc_row_18_load        (load             ) [ 000001]
acc_row_19_load        (load             ) [ 000001]
acc_row_20_load        (load             ) [ 000001]
acc_row_21_load        (load             ) [ 000001]
acc_row_22_load        (load             ) [ 000001]
acc_row_23_load        (load             ) [ 000001]
acc_row_24_load        (load             ) [ 000001]
acc_row_25_load        (load             ) [ 000001]
acc_row_26_load        (load             ) [ 000001]
acc_row_27_load        (load             ) [ 000001]
acc_row_28_load        (load             ) [ 000001]
acc_row_29_load        (load             ) [ 000001]
acc_row_30_load        (load             ) [ 000001]
acc_row_31_load        (load             ) [ 000001]
acc_row_32_load        (load             ) [ 000001]
acc_row_33_load        (load             ) [ 000001]
acc_row_34_load        (load             ) [ 000001]
acc_row_35_load        (load             ) [ 000001]
acc_row_36_load        (load             ) [ 000001]
acc_row_37_load        (load             ) [ 000001]
acc_row_38_load        (load             ) [ 000001]
acc_row_39_load        (load             ) [ 000001]
acc_row_40_load        (load             ) [ 000001]
acc_row_41_load        (load             ) [ 000001]
acc_row_42_load        (load             ) [ 000001]
acc_row_43_load        (load             ) [ 000001]
acc_row_44_load        (load             ) [ 000001]
acc_row_45_load        (load             ) [ 000001]
acc_row_46_load        (load             ) [ 000001]
acc_row_47_load        (load             ) [ 000001]
acc_row_48_load        (load             ) [ 000001]
acc_row_49_load        (load             ) [ 000001]
acc_row_50_load        (load             ) [ 000001]
acc_row_51_load        (load             ) [ 000001]
acc_row_52_load        (load             ) [ 000001]
acc_row_53_load        (load             ) [ 000001]
acc_row_54_load        (load             ) [ 000001]
acc_row_55_load        (load             ) [ 000001]
acc_row_56_load        (load             ) [ 000001]
acc_row_57_load        (load             ) [ 000001]
acc_row_58_load        (load             ) [ 000001]
acc_row_59_load        (load             ) [ 000001]
acc_row_60_load        (load             ) [ 000001]
acc_row_61_load        (load             ) [ 000001]
acc_row_62_load        (load             ) [ 000001]
acc_row_63_load        (load             ) [ 000001]
speclooptripcount_ln54 (speclooptripcount) [ 000000]
specloopname_ln51      (specloopname     ) [ 000000]
call_ln51              (call             ) [ 000000]
br_ln51                (br               ) [ 000000]
</LifeTime>

<model>

<comp_list>
<comp id="0" class="1000" name="Q_tile_0">
<pin_list>
<pin id="1" dir="1" index="0" bw="1" slack="0"/>
</pin_list>
<bind>
<StgValue><ssdm name="Q_tile_0"/><MemPortTyVec>1 3 </MemPortTyVec>
</StgValue>
</bind>
</comp>

<comp id="2" class="1000" name="Q_tile_1">
<pin_list>
<pin id="3" dir="1" index="0" bw="1" slack="0"/>
</pin_list>
<bind>
<StgValue><ssdm name="Q_tile_1"/><MemPortTyVec>1 3 </MemPortTyVec>
</StgValue>
</bind>
</comp>

<comp id="4" class="1000" name="Q_tile_2">
<pin_list>
<pin id="5" dir="1" index="0" bw="1" slack="0"/>
</pin_list>
<bind>
<StgValue><ssdm name="Q_tile_2"/><MemPortTyVec>1 3 </MemPortTyVec>
</StgValue>
</bind>
</comp>

<comp id="6" class="1000" name="Q_tile_3">
<pin_list>
<pin id="7" dir="1" index="0" bw="1" slack="0"/>
</pin_list>
<bind>
<StgValue><ssdm name="Q_tile_3"/><MemPortTyVec>1 3 </MemPortTyVec>
</StgValue>
</bind>
</comp>

<comp id="8" class="1000" name="Q_tile_4">
<pin_list>
<pin id="9" dir="1" index="0" bw="1" slack="0"/>
</pin_list>
<bind>
<StgValue><ssdm name="Q_tile_4"/><MemPortTyVec>1 3 </MemPortTyVec>
</StgValue>
</bind>
</comp>

<comp id="10" class="1000" name="Q_tile_5">
<pin_list>
<pin id="11" dir="1" index="0" bw="1" slack="0"/>
</pin_list>
<bind>
<StgValue><ssdm name="Q_tile_5"/><MemPortTyVec>1 3 </MemPortTyVec>
</StgValue>
</bind>
</comp>

<comp id="12" class="1000" name="Q_tile_6">
<pin_list>
<pin id="13" dir="1" index="0" bw="1" slack="0"/>
</pin_list>
<bind>
<StgValue><ssdm name="Q_tile_6"/><MemPortTyVec>1 3 </MemPortTyVec>
</StgValue>
</bind>
</comp>

<comp id="14" class="1000" name="Q_tile_7">
<pin_list>
<pin id="15" dir="1" index="0" bw="1" slack="0"/>
</pin_list>
<bind>
<StgValue><ssdm name="Q_tile_7"/><MemPortTyVec>1 3 </MemPortTyVec>
</StgValue>
</bind>
</comp>

<comp id="16" class="1000" name="Q_tile_8">
<pin_list>
<pin id="17" dir="1" index="0" bw="1" slack="0"/>
</pin_list>
<bind>
<StgValue><ssdm name="Q_tile_8"/><MemPortTyVec>1 3 </MemPortTyVec>
</StgValue>
</bind>
</comp>

<comp id="18" class="1000" name="Q_tile_9">
<pin_list>
<pin id="19" dir="1" index="0" bw="1" slack="0"/>
</pin_list>
<bind>
<StgValue><ssdm name="Q_tile_9"/><MemPortTyVec>1 3 </MemPortTyVec>
</StgValue>
</bind>
</comp>

<comp id="20" class="1000" name="Q_tile_10">
<pin_list>
<pin id="21" dir="1" index="0" bw="1" slack="0"/>
</pin_list>
<bind>
<StgValue><ssdm name="Q_tile_10"/><MemPortTyVec>1 3 </MemPortTyVec>
</StgValue>
</bind>
</comp>

<comp id="22" class="1000" name="Q_tile_11">
<pin_list>
<pin id="23" dir="1" index="0" bw="1" slack="0"/>
</pin_list>
<bind>
<StgValue><ssdm name="Q_tile_11"/><MemPortTyVec>1 3 </MemPortTyVec>
</StgValue>
</bind>
</comp>

<comp id="24" class="1000" name="Q_tile_12">
<pin_list>
<pin id="25" dir="1" index="0" bw="1" slack="0"/>
</pin_list>
<bind>
<StgValue><ssdm name="Q_tile_12"/><MemPortTyVec>1 3 </MemPortTyVec>
</StgValue>
</bind>
</comp>

<comp id="26" class="1000" name="Q_tile_13">
<pin_list>
<pin id="27" dir="1" index="0" bw="1" slack="0"/>
</pin_list>
<bind>
<StgValue><ssdm name="Q_tile_13"/><MemPortTyVec>1 3 </MemPortTyVec>
</StgValue>
</bind>
</comp>

<comp id="28" class="1000" name="Q_tile_14">
<pin_list>
<pin id="29" dir="1" index="0" bw="1" slack="0"/>
</pin_list>
<bind>
<StgValue><ssdm name="Q_tile_14"/><MemPortTyVec>1 3 </MemPortTyVec>
</StgValue>
</bind>
</comp>

<comp id="30" class="1000" name="Q_tile_15">
<pin_list>
<pin id="31" dir="1" index="0" bw="1" slack="0"/>
</pin_list>
<bind>
<StgValue><ssdm name="Q_tile_15"/><MemPortTyVec>1 3 </MemPortTyVec>
</StgValue>
</bind>
</comp>

<comp id="32" class="1000" name="K_tile_0">
<pin_list>
<pin id="33" dir="1" index="0" bw="1" slack="0"/>
</pin_list>
<bind>
<StgValue><ssdm name="K_tile_0"/><MemPortTyVec>1 3 </MemPortTyVec>
</StgValue>
</bind>
</comp>

<comp id="34" class="1000" name="K_tile_1">
<pin_list>
<pin id="35" dir="1" index="0" bw="1" slack="0"/>
</pin_list>
<bind>
<StgValue><ssdm name="K_tile_1"/><MemPortTyVec>1 3 </MemPortTyVec>
</StgValue>
</bind>
</comp>

<comp id="36" class="1000" name="K_tile_2">
<pin_list>
<pin id="37" dir="1" index="0" bw="1" slack="0"/>
</pin_list>
<bind>
<StgValue><ssdm name="K_tile_2"/><MemPortTyVec>1 3 </MemPortTyVec>
</StgValue>
</bind>
</comp>

<comp id="38" class="1000" name="K_tile_3">
<pin_list>
<pin id="39" dir="1" index="0" bw="1" slack="0"/>
</pin_list>
<bind>
<StgValue><ssdm name="K_tile_3"/><MemPortTyVec>1 3 </MemPortTyVec>
</StgValue>
</bind>
</comp>

<comp id="40" class="1000" name="K_tile_4">
<pin_list>
<pin id="41" dir="1" index="0" bw="1" slack="0"/>
</pin_list>
<bind>
<StgValue><ssdm name="K_tile_4"/><MemPortTyVec>1 3 </MemPortTyVec>
</StgValue>
</bind>
</comp>

<comp id="42" class="1000" name="K_tile_5">
<pin_list>
<pin id="43" dir="1" index="0" bw="1" slack="0"/>
</pin_list>
<bind>
<StgValue><ssdm name="K_tile_5"/><MemPortTyVec>1 3 </MemPortTyVec>
</StgValue>
</bind>
</comp>

<comp id="44" class="1000" name="K_tile_6">
<pin_list>
<pin id="45" dir="1" index="0" bw="1" slack="0"/>
</pin_list>
<bind>
<StgValue><ssdm name="K_tile_6"/><MemPortTyVec>1 3 </MemPortTyVec>
</StgValue>
</bind>
</comp>

<comp id="46" class="1000" name="K_tile_7">
<pin_list>
<pin id="47" dir="1" index="0" bw="1" slack="0"/>
</pin_list>
<bind>
<StgValue><ssdm name="K_tile_7"/><MemPortTyVec>1 3 </MemPortTyVec>
</StgValue>
</bind>
</comp>

<comp id="48" class="1000" name="K_tile_8">
<pin_list>
<pin id="49" dir="1" index="0" bw="1" slack="0"/>
</pin_list>
<bind>
<StgValue><ssdm name="K_tile_8"/><MemPortTyVec>1 3 </MemPortTyVec>
</StgValue>
</bind>
</comp>

<comp id="50" class="1000" name="K_tile_9">
<pin_list>
<pin id="51" dir="1" index="0" bw="1" slack="0"/>
</pin_list>
<bind>
<StgValue><ssdm name="K_tile_9"/><MemPortTyVec>1 3 </MemPortTyVec>
</StgValue>
</bind>
</comp>

<comp id="52" class="1000" name="K_tile_10">
<pin_list>
<pin id="53" dir="1" index="0" bw="1" slack="0"/>
</pin_list>
<bind>
<StgValue><ssdm name="K_tile_10"/><MemPortTyVec>1 3 </MemPortTyVec>
</StgValue>
</bind>
</comp>

<comp id="54" class="1000" name="K_tile_11">
<pin_list>
<pin id="55" dir="1" index="0" bw="1" slack="0"/>
</pin_list>
<bind>
<StgValue><ssdm name="K_tile_11"/><MemPortTyVec>1 3 </MemPortTyVec>
</StgValue>
</bind>
</comp>

<comp id="56" class="1000" name="K_tile_12">
<pin_list>
<pin id="57" dir="1" index="0" bw="1" slack="0"/>
</pin_list>
<bind>
<StgValue><ssdm name="K_tile_12"/><MemPortTyVec>1 3 </MemPortTyVec>
</StgValue>
</bind>
</comp>

<comp id="58" class="1000" name="K_tile_13">
<pin_list>
<pin id="59" dir="1" index="0" bw="1" slack="0"/>
</pin_list>
<bind>
<StgValue><ssdm name="K_tile_13"/><MemPortTyVec>1 3 </MemPortTyVec>
</StgValue>
</bind>
</comp>

<comp id="60" class="1000" name="K_tile_14">
<pin_list>
<pin id="61" dir="1" index="0" bw="1" slack="0"/>
</pin_list>
<bind>
<StgValue><ssdm name="K_tile_14"/><MemPortTyVec>1 3 </MemPortTyVec>
</StgValue>
</bind>
</comp>

<comp id="62" class="1000" name="K_tile_15">
<pin_list>
<pin id="63" dir="1" index="0" bw="1" slack="0"/>
</pin_list>
<bind>
<StgValue><ssdm name="K_tile_15"/><MemPortTyVec>1 3 </MemPortTyVec>
</StgValue>
</bind>
</comp>

<comp id="64" class="1000" name="S_tile_0">
<pin_list>
<pin id="65" dir="1" index="0" bw="1" slack="0"/>
</pin_list>
<bind>
<StgValue><ssdm name="S_tile_0"/><MemPortTyVec>3 0 </MemPortTyVec>
</StgValue>
</bind>
</comp>

<comp id="66" class="1000" name="S_tile_1">
<pin_list>
<pin id="67" dir="1" index="0" bw="1" slack="0"/>
</pin_list>
<bind>
<StgValue><ssdm name="S_tile_1"/><MemPortTyVec>3 0 </MemPortTyVec>
</StgValue>
</bind>
</comp>

<comp id="68" class="1000" name="S_tile_2">
<pin_list>
<pin id="69" dir="1" index="0" bw="1" slack="0"/>
</pin_list>
<bind>
<StgValue><ssdm name="S_tile_2"/><MemPortTyVec>3 0 </MemPortTyVec>
</StgValue>
</bind>
</comp>

<comp id="70" class="1000" name="S_tile_3">
<pin_list>
<pin id="71" dir="1" index="0" bw="1" slack="0"/>
</pin_list>
<bind>
<StgValue><ssdm name="S_tile_3"/><MemPortTyVec>3 0 </MemPortTyVec>
</StgValue>
</bind>
</comp>

<comp id="72" class="1000" name="S_tile_4">
<pin_list>
<pin id="73" dir="1" index="0" bw="1" slack="0"/>
</pin_list>
<bind>
<StgValue><ssdm name="S_tile_4"/><MemPortTyVec>3 0 </MemPortTyVec>
</StgValue>
</bind>
</comp>

<comp id="74" class="1000" name="S_tile_5">
<pin_list>
<pin id="75" dir="1" index="0" bw="1" slack="0"/>
</pin_list>
<bind>
<StgValue><ssdm name="S_tile_5"/><MemPortTyVec>3 0 </MemPortTyVec>
</StgValue>
</bind>
</comp>

<comp id="76" class="1000" name="S_tile_6">
<pin_list>
<pin id="77" dir="1" index="0" bw="1" slack="0"/>
</pin_list>
<bind>
<StgValue><ssdm name="S_tile_6"/><MemPortTyVec>3 0 </MemPortTyVec>
</StgValue>
</bind>
</comp>

<comp id="78" class="1000" name="S_tile_7">
<pin_list>
<pin id="79" dir="1" index="0" bw="1" slack="0"/>
</pin_list>
<bind>
<StgValue><ssdm name="S_tile_7"/><MemPortTyVec>3 0 </MemPortTyVec>
</StgValue>
</bind>
</comp>

<comp id="80" class="1000" name="br_actual">
<pin_list>
<pin id="81" dir="1" index="0" bw="1" slack="0"/>
</pin_list>
<bind>
<StgValue><ssdm name="br_actual"/></StgValue>
</bind>
</comp>

<comp id="82" class="1000" name="bc_actual">
<pin_list>
<pin id="83" dir="1" index="0" bw="1" slack="0"/>
</pin_list>
<bind>
<StgValue><ssdm name="bc_actual"/></StgValue>
</bind>
</comp>

<comp id="84" class="1001" name="const_84">
<pin_list>
<pin id="85" dir="1" index="0" bw="1" slack="0"/>
</pin_list>
<bind>
<StgValue><ssdm name=""/></StgValue>
</bind>
</comp>

<comp id="86" class="1001" name="const_86">
<pin_list>
<pin id="87" dir="1" index="0" bw="1" slack="0"/>
</pin_list>
<bind>
<StgValue><ssdm name="_ssdm_op_Read.ap_auto.i32"/></StgValue>
</bind>
</comp>

<comp id="88" class="1001" name="const_88">
<pin_list>
<pin id="89" dir="1" index="0" bw="1" slack="0"/>
</pin_list>
<bind>
<StgValue><ssdm name=""/></StgValue>
</bind>
</comp>

<comp id="90" class="1001" name="const_90">
<pin_list>
<pin id="91" dir="1" index="0" bw="1" slack="2147483647"/>
</pin_list>
<bind>
<StgValue><ssdm name="_ssdm_op_SpecMemCore"/></StgValue>
</bind>
</comp>

<comp id="92" class="1001" name="const_92">
<pin_list>
<pin id="93" dir="1" index="0" bw="1" slack="2147483647"/>
</pin_list>
<bind>
<StgValue><ssdm name=""/></StgValue>
</bind>
</comp>

<comp id="94" class="1001" name="const_94">
<pin_list>
<pin id="95" dir="1" index="0" bw="1" slack="2147483647"/>
</pin_list>
<bind>
<StgValue><ssdm name=""/></StgValue>
</bind>
</comp>

<comp id="96" class="1001" name="const_96">
<pin_list>
<pin id="97" dir="1" index="0" bw="1" slack="2147483647"/>
</pin_list>
<bind>
<StgValue><ssdm name=""/></StgValue>
</bind>
</comp>

<comp id="98" class="1001" name="const_98">
<pin_list>
<pin id="99" dir="1" index="0" bw="1" slack="2147483647"/>
</pin_list>
<bind>
<StgValue><ssdm name=""/></StgValue>
</bind>
</comp>

<comp id="100" class="1001" name="const_100">
<pin_list>
<pin id="101" dir="1" index="0" bw="1" slack="0"/>
</pin_list>
<bind>
<StgValue><ssdm name=""/></StgValue>
</bind>
</comp>

<comp id="102" class="1001" name="const_102">
<pin_list>
<pin id="103" dir="1" index="0" bw="1" slack="0"/>
</pin_list>
<bind>
<StgValue><ssdm name=""/></StgValue>
</bind>
</comp>

<comp id="104" class="1001" name="const_104">
<pin_list>
<pin id="105" dir="1" index="0" bw="1" slack="0"/>
</pin_list>
<bind>
<StgValue><ssdm name=""/></StgValue>
</bind>
</comp>

<comp id="106" class="1001" name="const_106">
<pin_list>
<pin id="107" dir="1" index="0" bw="1" slack="0"/>
</pin_list>
<bind>
<StgValue><ssdm name="_ssdm_op_BitConcatenate.i9.i6.i3"/></StgValue>
</bind>
</comp>

<comp id="108" class="1001" name="const_108">
<pin_list>
<pin id="109" dir="1" index="0" bw="1" slack="0"/>
</pin_list>
<bind>
<StgValue><ssdm name=""/></StgValue>
</bind>
</comp>

<comp id="110" class="1001" name="const_110">
<pin_list>
<pin id="111" dir="1" index="0" bw="1" slack="0"/>
</pin_list>
<bind>
<StgValue><ssdm name="gemm_qkt_Pipeline_GEMM_QKT_KK_GEMM_QKT_COL"/></StgValue>
</bind>
</comp>

<comp id="112" class="1001" name="const_112">
<pin_list>
<pin id="113" dir="1" index="0" bw="1" slack="0"/>
</pin_list>
<bind>
<StgValue><ssdm name="gemm_qkt_Pipeline_STORE_S_ROW"/></StgValue>
</bind>
</comp>

<comp id="114" class="1001" name="const_114">
<pin_list>
<pin id="115" dir="1" index="0" bw="1" slack="2147483647"/>
</pin_list>
<bind>
<StgValue><ssdm name="_ssdm_op_SpecLoopTripCount"/></StgValue>
</bind>
</comp>

<comp id="116" class="1001" name="const_116">
<pin_list>
<pin id="117" dir="1" index="0" bw="1" slack="2147483647"/>
</pin_list>
<bind>
<StgValue><ssdm name=""/></StgValue>
</bind>
</comp>

<comp id="118" class="1001" name="const_118">
<pin_list>
<pin id="119" dir="1" index="0" bw="1" slack="2147483647"/>
</pin_list>
<bind>
<StgValue><ssdm name="_ssdm_op_SpecLoopName"/></StgValue>
</bind>
</comp>

<comp id="120" class="1001" name="const_120">
<pin_list>
<pin id="121" dir="1" index="0" bw="1" slack="2147483647"/>
</pin_list>
<bind>
<StgValue><ssdm name="empty_12"/></StgValue>
</bind>
</comp>

<comp id="122" class="1004" name="i_fu_122">
<pin_list>
<pin id="123" dir="0" index="0" bw="1" slack="0"/>
<pin id="124" dir="1" index="1" bw="7" slack="0"/>
</pin_list>
<bind>
<opcode="alloca(26) " fcode="alloca"/>
<opset="i/1 "/>
</bind>
</comp>

<comp id="126" class="1004" name="acc_row_63_load_loc_fu_126">
<pin_list>
<pin id="127" dir="0" index="0" bw="1" slack="0"/>
<pin id="128" dir="1" index="1" bw="32" slack="1"/>
</pin_list>
<bind>
<opcode="alloca(26) " fcode="alloca"/>
<opset="acc_row_63_load_loc/1 "/>
</bind>
</comp>

<comp id="130" class="1004" name="acc_row_62_load_loc_fu_130">
<pin_list>
<pin id="131" dir="0" index="0" bw="1" slack="0"/>
<pin id="132" dir="1" index="1" bw="32" slack="1"/>
</pin_list>
<bind>
<opcode="alloca(26) " fcode="alloca"/>
<opset="acc_row_62_load_loc/1 "/>
</bind>
</comp>

<comp id="134" class="1004" name="acc_row_61_load_loc_fu_134">
<pin_list>
<pin id="135" dir="0" index="0" bw="1" slack="0"/>
<pin id="136" dir="1" index="1" bw="32" slack="1"/>
</pin_list>
<bind>
<opcode="alloca(26) " fcode="alloca"/>
<opset="acc_row_61_load_loc/1 "/>
</bind>
</comp>

<comp id="138" class="1004" name="acc_row_60_load_loc_fu_138">
<pin_list>
<pin id="139" dir="0" index="0" bw="1" slack="0"/>
<pin id="140" dir="1" index="1" bw="32" slack="1"/>
</pin_list>
<bind>
<opcode="alloca(26) " fcode="alloca"/>
<opset="acc_row_60_load_loc/1 "/>
</bind>
</comp>

<comp id="142" class="1004" name="acc_row_59_load_loc_fu_142">
<pin_list>
<pin id="143" dir="0" index="0" bw="1" slack="0"/>
<pin id="144" dir="1" index="1" bw="32" slack="1"/>
</pin_list>
<bind>
<opcode="alloca(26) " fcode="alloca"/>
<opset="acc_row_59_load_loc/1 "/>
</bind>
</comp>

<comp id="146" class="1004" name="acc_row_58_load_loc_fu_146">
<pin_list>
<pin id="147" dir="0" index="0" bw="1" slack="0"/>
<pin id="148" dir="1" index="1" bw="32" slack="1"/>
</pin_list>
<bind>
<opcode="alloca(26) " fcode="alloca"/>
<opset="acc_row_58_load_loc/1 "/>
</bind>
</comp>

<comp id="150" class="1004" name="acc_row_57_load_loc_fu_150">
<pin_list>
<pin id="151" dir="0" index="0" bw="1" slack="0"/>
<pin id="152" dir="1" index="1" bw="32" slack="1"/>
</pin_list>
<bind>
<opcode="alloca(26) " fcode="alloca"/>
<opset="acc_row_57_load_loc/1 "/>
</bind>
</comp>

<comp id="154" class="1004" name="acc_row_56_load_loc_fu_154">
<pin_list>
<pin id="155" dir="0" index="0" bw="1" slack="0"/>
<pin id="156" dir="1" index="1" bw="32" slack="1"/>
</pin_list>
<bind>
<opcode="alloca(26) " fcode="alloca"/>
<opset="acc_row_56_load_loc/1 "/>
</bind>
</comp>

<comp id="158" class="1004" name="acc_row_55_load_loc_fu_158">
<pin_list>
<pin id="159" dir="0" index="0" bw="1" slack="0"/>
<pin id="160" dir="1" index="1" bw="32" slack="1"/>
</pin_list>
<bind>
<opcode="alloca(26) " fcode="alloca"/>
<opset="acc_row_55_load_loc/1 "/>
</bind>
</comp>

<comp id="162" class="1004" name="acc_row_54_load_loc_fu_162">
<pin_list>
<pin id="163" dir="0" index="0" bw="1" slack="0"/>
<pin id="164" dir="1" index="1" bw="32" slack="1"/>
</pin_list>
<bind>
<opcode="alloca(26) " fcode="alloca"/>
<opset="acc_row_54_load_loc/1 "/>
</bind>
</comp>

<comp id="166" class="1004" name="acc_row_53_load_loc_fu_166">
<pin_list>
<pin id="167" dir="0" index="0" bw="1" slack="0"/>
<pin id="168" dir="1" index="1" bw="32" slack="1"/>
</pin_list>
<bind>
<opcode="alloca(26) " fcode="alloca"/>
<opset="acc_row_53_load_loc/1 "/>
</bind>
</comp>

<comp id="170" class="1004" name="acc_row_52_load_loc_fu_170">
<pin_list>
<pin id="171" dir="0" index="0" bw="1" slack="0"/>
<pin id="172" dir="1" index="1" bw="32" slack="1"/>
</pin_list>
<bind>
<opcode="alloca(26) " fcode="alloca"/>
<opset="acc_row_52_load_loc/1 "/>
</bind>
</comp>

<comp id="174" class="1004" name="acc_row_51_load_loc_fu_174">
<pin_list>
<pin id="175" dir="0" index="0" bw="1" slack="0"/>
<pin id="176" dir="1" index="1" bw="32" slack="1"/>
</pin_list>
<bind>
<opcode="alloca(26) " fcode="alloca"/>
<opset="acc_row_51_load_loc/1 "/>
</bind>
</comp>

<comp id="178" class="1004" name="acc_row_50_load_loc_fu_178">
<pin_list>
<pin id="179" dir="0" index="0" bw="1" slack="0"/>
<pin id="180" dir="1" index="1" bw="32" slack="1"/>
</pin_list>
<bind>
<opcode="alloca(26) " fcode="alloca"/>
<opset="acc_row_50_load_loc/1 "/>
</bind>
</comp>

<comp id="182" class="1004" name="acc_row_49_load_loc_fu_182">
<pin_list>
<pin id="183" dir="0" index="0" bw="1" slack="0"/>
<pin id="184" dir="1" index="1" bw="32" slack="1"/>
</pin_list>
<bind>
<opcode="alloca(26) " fcode="alloca"/>
<opset="acc_row_49_load_loc/1 "/>
</bind>
</comp>

<comp id="186" class="1004" name="acc_row_48_load_loc_fu_186">
<pin_list>
<pin id="187" dir="0" index="0" bw="1" slack="0"/>
<pin id="188" dir="1" index="1" bw="32" slack="1"/>
</pin_list>
<bind>
<opcode="alloca(26) " fcode="alloca"/>
<opset="acc_row_48_load_loc/1 "/>
</bind>
</comp>

<comp id="190" class="1004" name="acc_row_47_load_loc_fu_190">
<pin_list>
<pin id="191" dir="0" index="0" bw="1" slack="0"/>
<pin id="192" dir="1" index="1" bw="32" slack="1"/>
</pin_list>
<bind>
<opcode="alloca(26) " fcode="alloca"/>
<opset="acc_row_47_load_loc/1 "/>
</bind>
</comp>

<comp id="194" class="1004" name="acc_row_46_load_loc_fu_194">
<pin_list>
<pin id="195" dir="0" index="0" bw="1" slack="0"/>
<pin id="196" dir="1" index="1" bw="32" slack="1"/>
</pin_list>
<bind>
<opcode="alloca(26) " fcode="alloca"/>
<opset="acc_row_46_load_loc/1 "/>
</bind>
</comp>

<comp id="198" class="1004" name="acc_row_45_load_loc_fu_198">
<pin_list>
<pin id="199" dir="0" index="0" bw="1" slack="0"/>
<pin id="200" dir="1" index="1" bw="32" slack="1"/>
</pin_list>
<bind>
<opcode="alloca(26) " fcode="alloca"/>
<opset="acc_row_45_load_loc/1 "/>
</bind>
</comp>

<comp id="202" class="1004" name="acc_row_44_load_loc_fu_202">
<pin_list>
<pin id="203" dir="0" index="0" bw="1" slack="0"/>
<pin id="204" dir="1" index="1" bw="32" slack="1"/>
</pin_list>
<bind>
<opcode="alloca(26) " fcode="alloca"/>
<opset="acc_row_44_load_loc/1 "/>
</bind>
</comp>

<comp id="206" class="1004" name="acc_row_43_load_loc_fu_206">
<pin_list>
<pin id="207" dir="0" index="0" bw="1" slack="0"/>
<pin id="208" dir="1" index="1" bw="32" slack="1"/>
</pin_list>
<bind>
<opcode="alloca(26) " fcode="alloca"/>
<opset="acc_row_43_load_loc/1 "/>
</bind>
</comp>

<comp id="210" class="1004" name="acc_row_42_load_loc_fu_210">
<pin_list>
<pin id="211" dir="0" index="0" bw="1" slack="0"/>
<pin id="212" dir="1" index="1" bw="32" slack="1"/>
</pin_list>
<bind>
<opcode="alloca(26) " fcode="alloca"/>
<opset="acc_row_42_load_loc/1 "/>
</bind>
</comp>

<comp id="214" class="1004" name="acc_row_41_load_loc_fu_214">
<pin_list>
<pin id="215" dir="0" index="0" bw="1" slack="0"/>
<pin id="216" dir="1" index="1" bw="32" slack="1"/>
</pin_list>
<bind>
<opcode="alloca(26) " fcode="alloca"/>
<opset="acc_row_41_load_loc/1 "/>
</bind>
</comp>

<comp id="218" class="1004" name="acc_row_40_load_loc_fu_218">
<pin_list>
<pin id="219" dir="0" index="0" bw="1" slack="0"/>
<pin id="220" dir="1" index="1" bw="32" slack="1"/>
</pin_list>
<bind>
<opcode="alloca(26) " fcode="alloca"/>
<opset="acc_row_40_load_loc/1 "/>
</bind>
</comp>

<comp id="222" class="1004" name="acc_row_39_load_loc_fu_222">
<pin_list>
<pin id="223" dir="0" index="0" bw="1" slack="0"/>
<pin id="224" dir="1" index="1" bw="32" slack="1"/>
</pin_list>
<bind>
<opcode="alloca(26) " fcode="alloca"/>
<opset="acc_row_39_load_loc/1 "/>
</bind>
</comp>

<comp id="226" class="1004" name="acc_row_38_load_loc_fu_226">
<pin_list>
<pin id="227" dir="0" index="0" bw="1" slack="0"/>
<pin id="228" dir="1" index="1" bw="32" slack="1"/>
</pin_list>
<bind>
<opcode="alloca(26) " fcode="alloca"/>
<opset="acc_row_38_load_loc/1 "/>
</bind>
</comp>

<comp id="230" class="1004" name="acc_row_37_load_loc_fu_230">
<pin_list>
<pin id="231" dir="0" index="0" bw="1" slack="0"/>
<pin id="232" dir="1" index="1" bw="32" slack="1"/>
</pin_list>
<bind>
<opcode="alloca(26) " fcode="alloca"/>
<opset="acc_row_37_load_loc/1 "/>
</bind>
</comp>

<comp id="234" class="1004" name="acc_row_36_load_loc_fu_234">
<pin_list>
<pin id="235" dir="0" index="0" bw="1" slack="0"/>
<pin id="236" dir="1" index="1" bw="32" slack="1"/>
</pin_list>
<bind>
<opcode="alloca(26) " fcode="alloca"/>
<opset="acc_row_36_load_loc/1 "/>
</bind>
</comp>

<comp id="238" class="1004" name="acc_row_35_load_loc_fu_238">
<pin_list>
<pin id="239" dir="0" index="0" bw="1" slack="0"/>
<pin id="240" dir="1" index="1" bw="32" slack="1"/>
</pin_list>
<bind>
<opcode="alloca(26) " fcode="alloca"/>
<opset="acc_row_35_load_loc/1 "/>
</bind>
</comp>

<comp id="242" class="1004" name="acc_row_34_load_loc_fu_242">
<pin_list>
<pin id="243" dir="0" index="0" bw="1" slack="0"/>
<pin id="244" dir="1" index="1" bw="32" slack="1"/>
</pin_list>
<bind>
<opcode="alloca(26) " fcode="alloca"/>
<opset="acc_row_34_load_loc/1 "/>
</bind>
</comp>

<comp id="246" class="1004" name="acc_row_33_load_loc_fu_246">
<pin_list>
<pin id="247" dir="0" index="0" bw="1" slack="0"/>
<pin id="248" dir="1" index="1" bw="32" slack="1"/>
</pin_list>
<bind>
<opcode="alloca(26) " fcode="alloca"/>
<opset="acc_row_33_load_loc/1 "/>
</bind>
</comp>

<comp id="250" class="1004" name="acc_row_32_load_loc_fu_250">
<pin_list>
<pin id="251" dir="0" index="0" bw="1" slack="0"/>
<pin id="252" dir="1" index="1" bw="32" slack="1"/>
</pin_list>
<bind>
<opcode="alloca(26) " fcode="alloca"/>
<opset="acc_row_32_load_loc/1 "/>
</bind>
</comp>

<comp id="254" class="1004" name="acc_row_31_load_loc_fu_254">
<pin_list>
<pin id="255" dir="0" index="0" bw="1" slack="0"/>
<pin id="256" dir="1" index="1" bw="32" slack="1"/>
</pin_list>
<bind>
<opcode="alloca(26) " fcode="alloca"/>
<opset="acc_row_31_load_loc/1 "/>
</bind>
</comp>

<comp id="258" class="1004" name="acc_row_30_load_loc_fu_258">
<pin_list>
<pin id="259" dir="0" index="0" bw="1" slack="0"/>
<pin id="260" dir="1" index="1" bw="32" slack="1"/>
</pin_list>
<bind>
<opcode="alloca(26) " fcode="alloca"/>
<opset="acc_row_30_load_loc/1 "/>
</bind>
</comp>

<comp id="262" class="1004" name="acc_row_29_load_loc_fu_262">
<pin_list>
<pin id="263" dir="0" index="0" bw="1" slack="0"/>
<pin id="264" dir="1" index="1" bw="32" slack="1"/>
</pin_list>
<bind>
<opcode="alloca(26) " fcode="alloca"/>
<opset="acc_row_29_load_loc/1 "/>
</bind>
</comp>

<comp id="266" class="1004" name="acc_row_28_load_loc_fu_266">
<pin_list>
<pin id="267" dir="0" index="0" bw="1" slack="0"/>
<pin id="268" dir="1" index="1" bw="32" slack="1"/>
</pin_list>
<bind>
<opcode="alloca(26) " fcode="alloca"/>
<opset="acc_row_28_load_loc/1 "/>
</bind>
</comp>

<comp id="270" class="1004" name="acc_row_27_load_loc_fu_270">
<pin_list>
<pin id="271" dir="0" index="0" bw="1" slack="0"/>
<pin id="272" dir="1" index="1" bw="32" slack="1"/>
</pin_list>
<bind>
<opcode="alloca(26) " fcode="alloca"/>
<opset="acc_row_27_load_loc/1 "/>
</bind>
</comp>

<comp id="274" class="1004" name="acc_row_26_load_loc_fu_274">
<pin_list>
<pin id="275" dir="0" index="0" bw="1" slack="0"/>
<pin id="276" dir="1" index="1" bw="32" slack="1"/>
</pin_list>
<bind>
<opcode="alloca(26) " fcode="alloca"/>
<opset="acc_row_26_load_loc/1 "/>
</bind>
</comp>

<comp id="278" class="1004" name="acc_row_25_load_loc_fu_278">
<pin_list>
<pin id="279" dir="0" index="0" bw="1" slack="0"/>
<pin id="280" dir="1" index="1" bw="32" slack="1"/>
</pin_list>
<bind>
<opcode="alloca(26) " fcode="alloca"/>
<opset="acc_row_25_load_loc/1 "/>
</bind>
</comp>

<comp id="282" class="1004" name="acc_row_24_load_loc_fu_282">
<pin_list>
<pin id="283" dir="0" index="0" bw="1" slack="0"/>
<pin id="284" dir="1" index="1" bw="32" slack="1"/>
</pin_list>
<bind>
<opcode="alloca(26) " fcode="alloca"/>
<opset="acc_row_24_load_loc/1 "/>
</bind>
</comp>

<comp id="286" class="1004" name="acc_row_23_load_loc_fu_286">
<pin_list>
<pin id="287" dir="0" index="0" bw="1" slack="0"/>
<pin id="288" dir="1" index="1" bw="32" slack="1"/>
</pin_list>
<bind>
<opcode="alloca(26) " fcode="alloca"/>
<opset="acc_row_23_load_loc/1 "/>
</bind>
</comp>

<comp id="290" class="1004" name="acc_row_22_load_loc_fu_290">
<pin_list>
<pin id="291" dir="0" index="0" bw="1" slack="0"/>
<pin id="292" dir="1" index="1" bw="32" slack="1"/>
</pin_list>
<bind>
<opcode="alloca(26) " fcode="alloca"/>
<opset="acc_row_22_load_loc/1 "/>
</bind>
</comp>

<comp id="294" class="1004" name="acc_row_21_load_loc_fu_294">
<pin_list>
<pin id="295" dir="0" index="0" bw="1" slack="0"/>
<pin id="296" dir="1" index="1" bw="32" slack="1"/>
</pin_list>
<bind>
<opcode="alloca(26) " fcode="alloca"/>
<opset="acc_row_21_load_loc/1 "/>
</bind>
</comp>

<comp id="298" class="1004" name="acc_row_20_load_loc_fu_298">
<pin_list>
<pin id="299" dir="0" index="0" bw="1" slack="0"/>
<pin id="300" dir="1" index="1" bw="32" slack="1"/>
</pin_list>
<bind>
<opcode="alloca(26) " fcode="alloca"/>
<opset="acc_row_20_load_loc/1 "/>
</bind>
</comp>

<comp id="302" class="1004" name="acc_row_19_load_loc_fu_302">
<pin_list>
<pin id="303" dir="0" index="0" bw="1" slack="0"/>
<pin id="304" dir="1" index="1" bw="32" slack="1"/>
</pin_list>
<bind>
<opcode="alloca(26) " fcode="alloca"/>
<opset="acc_row_19_load_loc/1 "/>
</bind>
</comp>

<comp id="306" class="1004" name="acc_row_18_load_loc_fu_306">
<pin_list>
<pin id="307" dir="0" index="0" bw="1" slack="0"/>
<pin id="308" dir="1" index="1" bw="32" slack="1"/>
</pin_list>
<bind>
<opcode="alloca(26) " fcode="alloca"/>
<opset="acc_row_18_load_loc/1 "/>
</bind>
</comp>

<comp id="310" class="1004" name="acc_row_17_load_loc_fu_310">
<pin_list>
<pin id="311" dir="0" index="0" bw="1" slack="0"/>
<pin id="312" dir="1" index="1" bw="32" slack="1"/>
</pin_list>
<bind>
<opcode="alloca(26) " fcode="alloca"/>
<opset="acc_row_17_load_loc/1 "/>
</bind>
</comp>

<comp id="314" class="1004" name="acc_row_16_load_loc_fu_314">
<pin_list>
<pin id="315" dir="0" index="0" bw="1" slack="0"/>
<pin id="316" dir="1" index="1" bw="32" slack="1"/>
</pin_list>
<bind>
<opcode="alloca(26) " fcode="alloca"/>
<opset="acc_row_16_load_loc/1 "/>
</bind>
</comp>

<comp id="318" class="1004" name="acc_row_15_load_loc_fu_318">
<pin_list>
<pin id="319" dir="0" index="0" bw="1" slack="0"/>
<pin id="320" dir="1" index="1" bw="32" slack="1"/>
</pin_list>
<bind>
<opcode="alloca(26) " fcode="alloca"/>
<opset="acc_row_15_load_loc/1 "/>
</bind>
</comp>

<comp id="322" class="1004" name="acc_row_14_load_loc_fu_322">
<pin_list>
<pin id="323" dir="0" index="0" bw="1" slack="0"/>
<pin id="324" dir="1" index="1" bw="32" slack="1"/>
</pin_list>
<bind>
<opcode="alloca(26) " fcode="alloca"/>
<opset="acc_row_14_load_loc/1 "/>
</bind>
</comp>

<comp id="326" class="1004" name="acc_row_13_load_loc_fu_326">
<pin_list>
<pin id="327" dir="0" index="0" bw="1" slack="0"/>
<pin id="328" dir="1" index="1" bw="32" slack="1"/>
</pin_list>
<bind>
<opcode="alloca(26) " fcode="alloca"/>
<opset="acc_row_13_load_loc/1 "/>
</bind>
</comp>

<comp id="330" class="1004" name="acc_row_12_load_loc_fu_330">
<pin_list>
<pin id="331" dir="0" index="0" bw="1" slack="0"/>
<pin id="332" dir="1" index="1" bw="32" slack="1"/>
</pin_list>
<bind>
<opcode="alloca(26) " fcode="alloca"/>
<opset="acc_row_12_load_loc/1 "/>
</bind>
</comp>

<comp id="334" class="1004" name="acc_row_11_load_loc_fu_334">
<pin_list>
<pin id="335" dir="0" index="0" bw="1" slack="0"/>
<pin id="336" dir="1" index="1" bw="32" slack="1"/>
</pin_list>
<bind>
<opcode="alloca(26) " fcode="alloca"/>
<opset="acc_row_11_load_loc/1 "/>
</bind>
</comp>

<comp id="338" class="1004" name="acc_row_10_load_loc_fu_338">
<pin_list>
<pin id="339" dir="0" index="0" bw="1" slack="0"/>
<pin id="340" dir="1" index="1" bw="32" slack="1"/>
</pin_list>
<bind>
<opcode="alloca(26) " fcode="alloca"/>
<opset="acc_row_10_load_loc/1 "/>
</bind>
</comp>

<comp id="342" class="1004" name="acc_row_9_load_loc_fu_342">
<pin_list>
<pin id="343" dir="0" index="0" bw="1" slack="0"/>
<pin id="344" dir="1" index="1" bw="32" slack="1"/>
</pin_list>
<bind>
<opcode="alloca(26) " fcode="alloca"/>
<opset="acc_row_9_load_loc/1 "/>
</bind>
</comp>

<comp id="346" class="1004" name="acc_row_8_load_loc_fu_346">
<pin_list>
<pin id="347" dir="0" index="0" bw="1" slack="0"/>
<pin id="348" dir="1" index="1" bw="32" slack="1"/>
</pin_list>
<bind>
<opcode="alloca(26) " fcode="alloca"/>
<opset="acc_row_8_load_loc/1 "/>
</bind>
</comp>

<comp id="350" class="1004" name="acc_row_7_load_loc_fu_350">
<pin_list>
<pin id="351" dir="0" index="0" bw="1" slack="0"/>
<pin id="352" dir="1" index="1" bw="32" slack="1"/>
</pin_list>
<bind>
<opcode="alloca(26) " fcode="alloca"/>
<opset="acc_row_7_load_loc/1 "/>
</bind>
</comp>

<comp id="354" class="1004" name="acc_row_6_load_loc_fu_354">
<pin_list>
<pin id="355" dir="0" index="0" bw="1" slack="0"/>
<pin id="356" dir="1" index="1" bw="32" slack="1"/>
</pin_list>
<bind>
<opcode="alloca(26) " fcode="alloca"/>
<opset="acc_row_6_load_loc/1 "/>
</bind>
</comp>

<comp id="358" class="1004" name="acc_row_5_load_loc_fu_358">
<pin_list>
<pin id="359" dir="0" index="0" bw="1" slack="0"/>
<pin id="360" dir="1" index="1" bw="32" slack="1"/>
</pin_list>
<bind>
<opcode="alloca(26) " fcode="alloca"/>
<opset="acc_row_5_load_loc/1 "/>
</bind>
</comp>

<comp id="362" class="1004" name="acc_row_4_load_loc_fu_362">
<pin_list>
<pin id="363" dir="0" index="0" bw="1" slack="0"/>
<pin id="364" dir="1" index="1" bw="32" slack="1"/>
</pin_list>
<bind>
<opcode="alloca(26) " fcode="alloca"/>
<opset="acc_row_4_load_loc/1 "/>
</bind>
</comp>

<comp id="366" class="1004" name="acc_row_3_load_loc_fu_366">
<pin_list>
<pin id="367" dir="0" index="0" bw="1" slack="0"/>
<pin id="368" dir="1" index="1" bw="32" slack="1"/>
</pin_list>
<bind>
<opcode="alloca(26) " fcode="alloca"/>
<opset="acc_row_3_load_loc/1 "/>
</bind>
</comp>

<comp id="370" class="1004" name="acc_row_2_load_loc_fu_370">
<pin_list>
<pin id="371" dir="0" index="0" bw="1" slack="0"/>
<pin id="372" dir="1" index="1" bw="32" slack="1"/>
</pin_list>
<bind>
<opcode="alloca(26) " fcode="alloca"/>
<opset="acc_row_2_load_loc/1 "/>
</bind>
</comp>

<comp id="374" class="1004" name="acc_row_1_load_loc_fu_374">
<pin_list>
<pin id="375" dir="0" index="0" bw="1" slack="0"/>
<pin id="376" dir="1" index="1" bw="32" slack="1"/>
</pin_list>
<bind>
<opcode="alloca(26) " fcode="alloca"/>
<opset="acc_row_1_load_loc/1 "/>
</bind>
</comp>

<comp id="378" class="1004" name="acc_row_load_loc_fu_378">
<pin_list>
<pin id="379" dir="0" index="0" bw="1" slack="0"/>
<pin id="380" dir="1" index="1" bw="32" slack="1"/>
</pin_list>
<bind>
<opcode="alloca(26) " fcode="alloca"/>
<opset="acc_row_load_loc/1 "/>
</bind>
</comp>

<comp id="382" class="1004" name="bc_actual_read_read_fu_382">
<pin_list>
<pin id="383" dir="0" index="0" bw="32" slack="0"/>
<pin id="384" dir="0" index="1" bw="32" slack="0"/>
<pin id="385" dir="1" index="2" bw="32" slack="3"/>
</pin_list>
<bind>
<opcode="read(1150) " fcode="read"/>
<opset="bc_actual_read/1 "/>
</bind>
</comp>

<comp id="388" class="1004" name="br_actual_read_read_fu_388">
<pin_list>
<pin id="389" dir="0" index="0" bw="32" slack="0"/>
<pin id="390" dir="0" index="1" bw="32" slack="0"/>
<pin id="391" dir="1" index="2" bw="32" slack="1"/>
</pin_list>
<bind>
<opcode="read(1150) " fcode="read"/>
<opset="br_actual_read/1 "/>
</bind>
</comp>

<comp id="394" class="1004" name="grp_gemm_qkt_Pipeline_GEMM_QKT_KK_GEMM_QKT_COL_fu_394">
<pin_list>
<pin id="395" dir="0" index="0" bw="0" slack="0"/>
<pin id="396" dir="0" index="1" bw="9" slack="0"/>
<pin id="397" dir="0" index="2" bw="16" slack="0"/>
<pin id="398" dir="0" index="3" bw="16" slack="0"/>
<pin id="399" dir="0" index="4" bw="16" slack="0"/>
<pin id="400" dir="0" index="5" bw="16" slack="0"/>
<pin id="401" dir="0" index="6" bw="16" slack="0"/>
<pin id="402" dir="0" index="7" bw="16" slack="0"/>
<pin id="403" dir="0" index="8" bw="16" slack="0"/>
<pin id="404" dir="0" index="9" bw="16" slack="0"/>
<pin id="405" dir="0" index="10" bw="16" slack="0"/>
<pin id="406" dir="0" index="11" bw="16" slack="0"/>
<pin id="407" dir="0" index="12" bw="16" slack="0"/>
<pin id="408" dir="0" index="13" bw="16" slack="0"/>
<pin id="409" dir="0" index="14" bw="16" slack="0"/>
<pin id="410" dir="0" index="15" bw="16" slack="0"/>
<pin id="411" dir="0" index="16" bw="16" slack="0"/>
<pin id="412" dir="0" index="17" bw="16" slack="0"/>
<pin id="413" dir="0" index="18" bw="16" slack="0"/>
<pin id="414" dir="0" index="19" bw="16" slack="0"/>
<pin id="415" dir="0" index="20" bw="16" slack="0"/>
<pin id="416" dir="0" index="21" bw="16" slack="0"/>
<pin id="417" dir="0" index="22" bw="16" slack="0"/>
<pin id="418" dir="0" index="23" bw="16" slack="0"/>
<pin id="419" dir="0" index="24" bw="16" slack="0"/>
<pin id="420" dir="0" index="25" bw="16" slack="0"/>
<pin id="421" dir="0" index="26" bw="16" slack="0"/>
<pin id="422" dir="0" index="27" bw="16" slack="0"/>
<pin id="423" dir="0" index="28" bw="16" slack="0"/>
<pin id="424" dir="0" index="29" bw="16" slack="0"/>
<pin id="425" dir="0" index="30" bw="16" slack="0"/>
<pin id="426" dir="0" index="31" bw="16" slack="0"/>
<pin id="427" dir="0" index="32" bw="16" slack="0"/>
<pin id="428" dir="0" index="33" bw="16" slack="0"/>
<pin id="429" dir="0" index="34" bw="32" slack="1"/>
<pin id="430" dir="0" index="35" bw="32" slack="1"/>
<pin id="431" dir="0" index="36" bw="32" slack="1"/>
<pin id="432" dir="0" index="37" bw="32" slack="1"/>
<pin id="433" dir="0" index="38" bw="32" slack="1"/>
<pin id="434" dir="0" index="39" bw="32" slack="1"/>
<pin id="435" dir="0" index="40" bw="32" slack="1"/>
<pin id="436" dir="0" index="41" bw="32" slack="1"/>
<pin id="437" dir="0" index="42" bw="32" slack="1"/>
<pin id="438" dir="0" index="43" bw="32" slack="1"/>
<pin id="439" dir="0" index="44" bw="32" slack="1"/>
<pin id="440" dir="0" index="45" bw="32" slack="1"/>
<pin id="441" dir="0" index="46" bw="32" slack="1"/>
<pin id="442" dir="0" index="47" bw="32" slack="1"/>
<pin id="443" dir="0" index="48" bw="32" slack="1"/>
<pin id="444" dir="0" index="49" bw="32" slack="1"/>
<pin id="445" dir="0" index="50" bw="32" slack="1"/>
<pin id="446" dir="0" index="51" bw="32" slack="1"/>
<pin id="447" dir="0" index="52" bw="32" slack="1"/>
<pin id="448" dir="0" index="53" bw="32" slack="1"/>
<pin id="449" dir="0" index="54" bw="32" slack="1"/>
<pin id="450" dir="0" index="55" bw="32" slack="1"/>
<pin id="451" dir="0" index="56" bw="32" slack="1"/>
<pin id="452" dir="0" index="57" bw="32" slack="1"/>
<pin id="453" dir="0" index="58" bw="32" slack="1"/>
<pin id="454" dir="0" index="59" bw="32" slack="1"/>
<pin id="455" dir="0" index="60" bw="32" slack="1"/>
<pin id="456" dir="0" index="61" bw="32" slack="1"/>
<pin id="457" dir="0" index="62" bw="32" slack="1"/>
<pin id="458" dir="0" index="63" bw="32" slack="1"/>
<pin id="459" dir="0" index="64" bw="32" slack="1"/>
<pin id="460" dir="0" index="65" bw="32" slack="1"/>
<pin id="461" dir="0" index="66" bw="32" slack="1"/>
<pin id="462" dir="0" index="67" bw="32" slack="1"/>
<pin id="463" dir="0" index="68" bw="32" slack="1"/>
<pin id="464" dir="0" index="69" bw="32" slack="1"/>
<pin id="465" dir="0" index="70" bw="32" slack="1"/>
<pin id="466" dir="0" index="71" bw="32" slack="1"/>
<pin id="467" dir="0" index="72" bw="32" slack="1"/>
<pin id="468" dir="0" index="73" bw="32" slack="1"/>
<pin id="469" dir="0" index="74" bw="32" slack="1"/>
<pin id="470" dir="0" index="75" bw="32" slack="1"/>
<pin id="471" dir="0" index="76" bw="32" slack="1"/>
<pin id="472" dir="0" index="77" bw="32" slack="1"/>
<pin id="473" dir="0" index="78" bw="32" slack="1"/>
<pin id="474" dir="0" index="79" bw="32" slack="1"/>
<pin id="475" dir="0" index="80" bw="32" slack="1"/>
<pin id="476" dir="0" index="81" bw="32" slack="1"/>
<pin id="477" dir="0" index="82" bw="32" slack="1"/>
<pin id="478" dir="0" index="83" bw="32" slack="1"/>
<pin id="479" dir="0" index="84" bw="32" slack="1"/>
<pin id="480" dir="0" index="85" bw="32" slack="1"/>
<pin id="481" dir="0" index="86" bw="32" slack="1"/>
<pin id="482" dir="0" index="87" bw="32" slack="1"/>
<pin id="483" dir="0" index="88" bw="32" slack="1"/>
<pin id="484" dir="0" index="89" bw="32" slack="1"/>
<pin id="485" dir="0" index="90" bw="32" slack="1"/>
<pin id="486" dir="0" index="91" bw="32" slack="1"/>
<pin id="487" dir="0" index="92" bw="32" slack="1"/>
<pin id="488" dir="0" index="93" bw="32" slack="1"/>
<pin id="489" dir="0" index="94" bw="32" slack="1"/>
<pin id="490" dir="0" index="95" bw="32" slack="1"/>
<pin id="491" dir="0" index="96" bw="32" slack="1"/>
<pin id="492" dir="0" index="97" bw="32" slack="1"/>
<pin id="493" dir="1" index="98" bw="0" slack="2147483647"/>
</pin_list>
<bind>
<opcode="call(48) " fcode="call"/>
<opset="call_ln73/2 "/>
</bind>
</comp>

<comp id="527" class="1004" name="grp_gemm_qkt_Pipeline_STORE_S_ROW_fu_527">
<pin_list>
<pin id="528" dir="0" index="0" bw="0" slack="0"/>
<pin id="529" dir="0" index="1" bw="6" slack="2"/>
<pin id="530" dir="0" index="2" bw="32" slack="0"/>
<pin id="531" dir="0" index="3" bw="32" slack="0"/>
<pin id="532" dir="0" index="4" bw="32" slack="0"/>
<pin id="533" dir="0" index="5" bw="32" slack="0"/>
<pin id="534" dir="0" index="6" bw="32" slack="0"/>
<pin id="535" dir="0" index="7" bw="32" slack="0"/>
<pin id="536" dir="0" index="8" bw="32" slack="0"/>
<pin id="537" dir="0" index="9" bw="32" slack="0"/>
<pin id="538" dir="0" index="10" bw="32" slack="3"/>
<pin id="539" dir="0" index="11" bw="1" slack="2"/>
<pin id="540" dir="0" index="12" bw="32" slack="0"/>
<pin id="541" dir="0" index="13" bw="32" slack="0"/>
<pin id="542" dir="0" index="14" bw="32" slack="0"/>
<pin id="543" dir="0" index="15" bw="32" slack="0"/>
<pin id="544" dir="0" index="16" bw="32" slack="0"/>
<pin id="545" dir="0" index="17" bw="32" slack="0"/>
<pin id="546" dir="0" index="18" bw="32" slack="0"/>
<pin id="547" dir="0" index="19" bw="32" slack="0"/>
<pin id="548" dir="0" index="20" bw="32" slack="0"/>
<pin id="549" dir="0" index="21" bw="32" slack="0"/>
<pin id="550" dir="0" index="22" bw="32" slack="0"/>
<pin id="551" dir="0" index="23" bw="32" slack="0"/>
<pin id="552" dir="0" index="24" bw="32" slack="0"/>
<pin id="553" dir="0" index="25" bw="32" slack="0"/>
<pin id="554" dir="0" index="26" bw="32" slack="0"/>
<pin id="555" dir="0" index="27" bw="32" slack="0"/>
<pin id="556" dir="0" index="28" bw="32" slack="0"/>
<pin id="557" dir="0" index="29" bw="32" slack="0"/>
<pin id="558" dir="0" index="30" bw="32" slack="0"/>
<pin id="559" dir="0" index="31" bw="32" slack="0"/>
<pin id="560" dir="0" index="32" bw="32" slack="0"/>
<pin id="561" dir="0" index="33" bw="32" slack="0"/>
<pin id="562" dir="0" index="34" bw="32" slack="0"/>
<pin id="563" dir="0" index="35" bw="32" slack="0"/>
<pin id="564" dir="0" index="36" bw="32" slack="0"/>
<pin id="565" dir="0" index="37" bw="32" slack="0"/>
<pin id="566" dir="0" index="38" bw="32" slack="0"/>
<pin id="567" dir="0" index="39" bw="32" slack="0"/>
<pin id="568" dir="0" index="40" bw="32" slack="0"/>
<pin id="569" dir="0" index="41" bw="32" slack="0"/>
<pin id="570" dir="0" index="42" bw="32" slack="0"/>
<pin id="571" dir="0" index="43" bw="32" slack="0"/>
<pin id="572" dir="0" index="44" bw="32" slack="0"/>
<pin id="573" dir="0" index="45" bw="32" slack="0"/>
<pin id="574" dir="0" index="46" bw="32" slack="0"/>
<pin id="575" dir="0" index="47" bw="32" slack="0"/>
<pin id="576" dir="0" index="48" bw="32" slack="0"/>
<pin id="577" dir="0" index="49" bw="32" slack="0"/>
<pin id="578" dir="0" index="50" bw="32" slack="0"/>
<pin id="579" dir="0" index="51" bw="32" slack="0"/>
<pin id="580" dir="0" index="52" bw="32" slack="0"/>
<pin id="581" dir="0" index="53" bw="32" slack="0"/>
<pin id="582" dir="0" index="54" bw="32" slack="0"/>
<pin id="583" dir="0" index="55" bw="32" slack="0"/>
<pin id="584" dir="0" index="56" bw="32" slack="0"/>
<pin id="585" dir="0" index="57" bw="32" slack="0"/>
<pin id="586" dir="0" index="58" bw="32" slack="0"/>
<pin id="587" dir="0" index="59" bw="32" slack="0"/>
<pin id="588" dir="0" index="60" bw="32" slack="0"/>
<pin id="589" dir="0" index="61" bw="32" slack="0"/>
<pin id="590" dir="0" index="62" bw="32" slack="0"/>
<pin id="591" dir="0" index="63" bw="32" slack="0"/>
<pin id="592" dir="0" index="64" bw="32" slack="0"/>
<pin id="593" dir="0" index="65" bw="32" slack="0"/>
<pin id="594" dir="0" index="66" bw="32" slack="0"/>
<pin id="595" dir="0" index="67" bw="32" slack="0"/>
<pin id="596" dir="0" index="68" bw="32" slack="0"/>
<pin id="597" dir="0" index="69" bw="32" slack="0"/>
<pin id="598" dir="0" index="70" bw="32" slack="0"/>
<pin id="599" dir="0" index="71" bw="32" slack="0"/>
<pin id="600" dir="0" index="72" bw="32" slack="0"/>
<pin id="601" dir="0" index="73" bw="32" slack="0"/>
<pin id="602" dir="0" index="74" bw="32" slack="0"/>
<pin id="603" dir="0" index="75" bw="32" slack="0"/>
<pin id="604" dir="1" index="76" bw="0" slack="2147483647"/>
</pin_list>
<bind>
<opcode="call(48) " fcode="call"/>
<opset="call_ln51/4 "/>
</bind>
</comp>

<comp id="614" class="1004" name="store_ln51_store_fu_614">
<pin_list>
<pin id="615" dir="0" index="0" bw="1" slack="0"/>
<pin id="616" dir="0" index="1" bw="7" slack="0"/>
<pin id="617" dir="1" index="2" bw="0" slack="2147483647"/>
</pin_list>
<bind>
<opcode="store(28) " fcode="store"/>
<opset="store_ln51/1 "/>
</bind>
</comp>

<comp id="619" class="1004" name="i_6_load_fu_619">
<pin_list>
<pin id="620" dir="0" index="0" bw="7" slack="1"/>
<pin id="621" dir="1" index="1" bw="7" slack="0"/>
</pin_list>
<bind>
<opcode="load(27) " fcode="load"/>
<opset="i_6/2 "/>
</bind>
</comp>

<comp id="622" class="1004" name="add_ln51_fu_622">
<pin_list>
<pin id="623" dir="0" index="0" bw="7" slack="0"/>
<pin id="624" dir="0" index="1" bw="1" slack="0"/>
<pin id="625" dir="1" index="2" bw="7" slack="0"/>
</pin_list>
<bind>
<opcode="add(8) " fcode="add"/>
<opset="add_ln51/2 "/>
</bind>
</comp>

<comp id="628" class="1004" name="icmp_ln51_fu_628">
<pin_list>
<pin id="629" dir="0" index="0" bw="7" slack="0"/>
<pin id="630" dir="0" index="1" bw="7" slack="0"/>
<pin id="631" dir="1" index="2" bw="1" slack="2147483647"/>
</pin_list>
<bind>
<opcode="icmp(45) " fcode="icmp"/>
<opset="icmp_ln51/2 "/>
</bind>
</comp>

<comp id="634" class="1004" name="trunc_ln51_fu_634">
<pin_list>
<pin id="635" dir="0" index="0" bw="7" slack="0"/>
<pin id="636" dir="1" index="1" bw="6" slack="0"/>
</pin_list>
<bind>
<opcode="trunc(33) " fcode="trunc"/>
<opset="trunc_ln51/2 "/>
</bind>
</comp>

<comp id="638" class="1004" name="tmp_s_fu_638">
<pin_list>
<pin id="639" dir="0" index="0" bw="9" slack="0"/>
<pin id="640" dir="0" index="1" bw="6" slack="0"/>
<pin id="641" dir="0" index="2" bw="1" slack="0"/>
<pin id="642" dir="1" index="3" bw="9" slack="0"/>
</pin_list>
<bind>
<opcode="bitconcatenate(1004) " fcode="bitconcatenate"/>
<opset="tmp_s/2 "/>
</bind>
</comp>

<comp id="647" class="1004" name="zext_ln51_fu_647">
<pin_list>
<pin id="648" dir="0" index="0" bw="7" slack="0"/>
<pin id="649" dir="1" index="1" bw="32" slack="0"/>
</pin_list>
<bind>
<opcode="zext(34) " fcode="zext"/>
<opset="zext_ln51/2 "/>
</bind>
</comp>

<comp id="651" class="1004" name="cmp60_fu_651">
<pin_list>
<pin id="652" dir="0" index="0" bw="32" slack="0"/>
<pin id="653" dir="0" index="1" bw="32" slack="1"/>
<pin id="654" dir="1" index="2" bw="1" slack="2"/>
</pin_list>
<bind>
<opcode="icmp(45) " fcode="icmp"/>
<opset="cmp60/2 "/>
</bind>
</comp>

<comp id="656" class="1004" name="store_ln51_store_fu_656">
<pin_list>
<pin id="657" dir="0" index="0" bw="7" slack="0"/>
<pin id="658" dir="0" index="1" bw="7" slack="1"/>
<pin id="659" dir="1" index="2" bw="0" slack="2147483647"/>
</pin_list>
<bind>
<opcode="store(28) " fcode="store"/>
<opset="store_ln51/2 "/>
</bind>
</comp>

<comp id="661" class="1004" name="acc_row_load_load_fu_661">
<pin_list>
<pin id="662" dir="0" index="0" bw="32" slack="3"/>
<pin id="663" dir="1" index="1" bw="32" slack="0"/>
</pin_list>
<bind>
<opcode="load(27) " fcode="load"/>
<opset="acc_row_load/4 "/>
</bind>
</comp>

<comp id="665" class="1004" name="acc_row_1_load_load_fu_665">
<pin_list>
<pin id="666" dir="0" index="0" bw="32" slack="3"/>
<pin id="667" dir="1" index="1" bw="32" slack="0"/>
</pin_list>
<bind>
<opcode="load(27) " fcode="load"/>
<opset="acc_row_1_load/4 "/>
</bind>
</comp>

<comp id="669" class="1004" name="acc_row_2_load_load_fu_669">
<pin_list>
<pin id="670" dir="0" index="0" bw="32" slack="3"/>
<pin id="671" dir="1" index="1" bw="32" slack="0"/>
</pin_list>
<bind>
<opcode="load(27) " fcode="load"/>
<opset="acc_row_2_load/4 "/>
</bind>
</comp>

<comp id="673" class="1004" name="acc_row_3_load_load_fu_673">
<pin_list>
<pin id="674" dir="0" index="0" bw="32" slack="3"/>
<pin id="675" dir="1" index="1" bw="32" slack="0"/>
</pin_list>
<bind>
<opcode="load(27) " fcode="load"/>
<opset="acc_row_3_load/4 "/>
</bind>
</comp>

<comp id="677" class="1004" name="acc_row_4_load_load_fu_677">
<pin_list>
<pin id="678" dir="0" index="0" bw="32" slack="3"/>
<pin id="679" dir="1" index="1" bw="32" slack="0"/>
</pin_list>
<bind>
<opcode="load(27) " fcode="load"/>
<opset="acc_row_4_load/4 "/>
</bind>
</comp>

<comp id="681" class="1004" name="acc_row_5_load_load_fu_681">
<pin_list>
<pin id="682" dir="0" index="0" bw="32" slack="3"/>
<pin id="683" dir="1" index="1" bw="32" slack="0"/>
</pin_list>
<bind>
<opcode="load(27) " fcode="load"/>
<opset="acc_row_5_load/4 "/>
</bind>
</comp>

<comp id="685" class="1004" name="acc_row_6_load_load_fu_685">
<pin_list>
<pin id="686" dir="0" index="0" bw="32" slack="3"/>
<pin id="687" dir="1" index="1" bw="32" slack="0"/>
</pin_list>
<bind>
<opcode="load(27) " fcode="load"/>
<opset="acc_row_6_load/4 "/>
</bind>
</comp>

<comp id="689" class="1004" name="acc_row_7_load_load_fu_689">
<pin_list>
<pin id="690" dir="0" index="0" bw="32" slack="3"/>
<pin id="691" dir="1" index="1" bw="32" slack="0"/>
</pin_list>
<bind>
<opcode="load(27) " fcode="load"/>
<opset="acc_row_7_load/4 "/>
</bind>
</comp>

<comp id="693" class="1004" name="acc_row_8_load_load_fu_693">
<pin_list>
<pin id="694" dir="0" index="0" bw="32" slack="3"/>
<pin id="695" dir="1" index="1" bw="32" slack="0"/>
</pin_list>
<bind>
<opcode="load(27) " fcode="load"/>
<opset="acc_row_8_load/4 "/>
</bind>
</comp>

<comp id="697" class="1004" name="acc_row_9_load_load_fu_697">
<pin_list>
<pin id="698" dir="0" index="0" bw="32" slack="3"/>
<pin id="699" dir="1" index="1" bw="32" slack="0"/>
</pin_list>
<bind>
<opcode="load(27) " fcode="load"/>
<opset="acc_row_9_load/4 "/>
</bind>
</comp>

<comp id="701" class="1004" name="acc_row_10_load_load_fu_701">
<pin_list>
<pin id="702" dir="0" index="0" bw="32" slack="3"/>
<pin id="703" dir="1" index="1" bw="32" slack="0"/>
</pin_list>
<bind>
<opcode="load(27) " fcode="load"/>
<opset="acc_row_10_load/4 "/>
</bind>
</comp>

<comp id="705" class="1004" name="acc_row_11_load_load_fu_705">
<pin_list>
<pin id="706" dir="0" index="0" bw="32" slack="3"/>
<pin id="707" dir="1" index="1" bw="32" slack="0"/>
</pin_list>
<bind>
<opcode="load(27) " fcode="load"/>
<opset="acc_row_11_load/4 "/>
</bind>
</comp>

<comp id="709" class="1004" name="acc_row_12_load_load_fu_709">
<pin_list>
<pin id="710" dir="0" index="0" bw="32" slack="3"/>
<pin id="711" dir="1" index="1" bw="32" slack="0"/>
</pin_list>
<bind>
<opcode="load(27) " fcode="load"/>
<opset="acc_row_12_load/4 "/>
</bind>
</comp>

<comp id="713" class="1004" name="acc_row_13_load_load_fu_713">
<pin_list>
<pin id="714" dir="0" index="0" bw="32" slack="3"/>
<pin id="715" dir="1" index="1" bw="32" slack="0"/>
</pin_list>
<bind>
<opcode="load(27) " fcode="load"/>
<opset="acc_row_13_load/4 "/>
</bind>
</comp>

<comp id="717" class="1004" name="acc_row_14_load_load_fu_717">
<pin_list>
<pin id="718" dir="0" index="0" bw="32" slack="3"/>
<pin id="719" dir="1" index="1" bw="32" slack="0"/>
</pin_list>
<bind>
<opcode="load(27) " fcode="load"/>
<opset="acc_row_14_load/4 "/>
</bind>
</comp>

<comp id="721" class="1004" name="acc_row_15_load_load_fu_721">
<pin_list>
<pin id="722" dir="0" index="0" bw="32" slack="3"/>
<pin id="723" dir="1" index="1" bw="32" slack="0"/>
</pin_list>
<bind>
<opcode="load(27) " fcode="load"/>
<opset="acc_row_15_load/4 "/>
</bind>
</comp>

<comp id="725" class="1004" name="acc_row_16_load_load_fu_725">
<pin_list>
<pin id="726" dir="0" index="0" bw="32" slack="3"/>
<pin id="727" dir="1" index="1" bw="32" slack="0"/>
</pin_list>
<bind>
<opcode="load(27) " fcode="load"/>
<opset="acc_row_16_load/4 "/>
</bind>
</comp>

<comp id="729" class="1004" name="acc_row_17_load_load_fu_729">
<pin_list>
<pin id="730" dir="0" index="0" bw="32" slack="3"/>
<pin id="731" dir="1" index="1" bw="32" slack="0"/>
</pin_list>
<bind>
<opcode="load(27) " fcode="load"/>
<opset="acc_row_17_load/4 "/>
</bind>
</comp>

<comp id="733" class="1004" name="acc_row_18_load_load_fu_733">
<pin_list>
<pin id="734" dir="0" index="0" bw="32" slack="3"/>
<pin id="735" dir="1" index="1" bw="32" slack="0"/>
</pin_list>
<bind>
<opcode="load(27) " fcode="load"/>
<opset="acc_row_18_load/4 "/>
</bind>
</comp>

<comp id="737" class="1004" name="acc_row_19_load_load_fu_737">
<pin_list>
<pin id="738" dir="0" index="0" bw="32" slack="3"/>
<pin id="739" dir="1" index="1" bw="32" slack="0"/>
</pin_list>
<bind>
<opcode="load(27) " fcode="load"/>
<opset="acc_row_19_load/4 "/>
</bind>
</comp>

<comp id="741" class="1004" name="acc_row_20_load_load_fu_741">
<pin_list>
<pin id="742" dir="0" index="0" bw="32" slack="3"/>
<pin id="743" dir="1" index="1" bw="32" slack="0"/>
</pin_list>
<bind>
<opcode="load(27) " fcode="load"/>
<opset="acc_row_20_load/4 "/>
</bind>
</comp>

<comp id="745" class="1004" name="acc_row_21_load_load_fu_745">
<pin_list>
<pin id="746" dir="0" index="0" bw="32" slack="3"/>
<pin id="747" dir="1" index="1" bw="32" slack="0"/>
</pin_list>
<bind>
<opcode="load(27) " fcode="load"/>
<opset="acc_row_21_load/4 "/>
</bind>
</comp>

<comp id="749" class="1004" name="acc_row_22_load_load_fu_749">
<pin_list>
<pin id="750" dir="0" index="0" bw="32" slack="3"/>
<pin id="751" dir="1" index="1" bw="32" slack="0"/>
</pin_list>
<bind>
<opcode="load(27) " fcode="load"/>
<opset="acc_row_22_load/4 "/>
</bind>
</comp>

<comp id="753" class="1004" name="acc_row_23_load_load_fu_753">
<pin_list>
<pin id="754" dir="0" index="0" bw="32" slack="3"/>
<pin id="755" dir="1" index="1" bw="32" slack="0"/>
</pin_list>
<bind>
<opcode="load(27) " fcode="load"/>
<opset="acc_row_23_load/4 "/>
</bind>
</comp>

<comp id="757" class="1004" name="acc_row_24_load_load_fu_757">
<pin_list>
<pin id="758" dir="0" index="0" bw="32" slack="3"/>
<pin id="759" dir="1" index="1" bw="32" slack="0"/>
</pin_list>
<bind>
<opcode="load(27) " fcode="load"/>
<opset="acc_row_24_load/4 "/>
</bind>
</comp>

<comp id="761" class="1004" name="acc_row_25_load_load_fu_761">
<pin_list>
<pin id="762" dir="0" index="0" bw="32" slack="3"/>
<pin id="763" dir="1" index="1" bw="32" slack="0"/>
</pin_list>
<bind>
<opcode="load(27) " fcode="load"/>
<opset="acc_row_25_load/4 "/>
</bind>
</comp>

<comp id="765" class="1004" name="acc_row_26_load_load_fu_765">
<pin_list>
<pin id="766" dir="0" index="0" bw="32" slack="3"/>
<pin id="767" dir="1" index="1" bw="32" slack="0"/>
</pin_list>
<bind>
<opcode="load(27) " fcode="load"/>
<opset="acc_row_26_load/4 "/>
</bind>
</comp>

<comp id="769" class="1004" name="acc_row_27_load_load_fu_769">
<pin_list>
<pin id="770" dir="0" index="0" bw="32" slack="3"/>
<pin id="771" dir="1" index="1" bw="32" slack="0"/>
</pin_list>
<bind>
<opcode="load(27) " fcode="load"/>
<opset="acc_row_27_load/4 "/>
</bind>
</comp>

<comp id="773" class="1004" name="acc_row_28_load_load_fu_773">
<pin_list>
<pin id="774" dir="0" index="0" bw="32" slack="3"/>
<pin id="775" dir="1" index="1" bw="32" slack="0"/>
</pin_list>
<bind>
<opcode="load(27) " fcode="load"/>
<opset="acc_row_28_load/4 "/>
</bind>
</comp>

<comp id="777" class="1004" name="acc_row_29_load_load_fu_777">
<pin_list>
<pin id="778" dir="0" index="0" bw="32" slack="3"/>
<pin id="779" dir="1" index="1" bw="32" slack="0"/>
</pin_list>
<bind>
<opcode="load(27) " fcode="load"/>
<opset="acc_row_29_load/4 "/>
</bind>
</comp>

<comp id="781" class="1004" name="acc_row_30_load_load_fu_781">
<pin_list>
<pin id="782" dir="0" index="0" bw="32" slack="3"/>
<pin id="783" dir="1" index="1" bw="32" slack="0"/>
</pin_list>
<bind>
<opcode="load(27) " fcode="load"/>
<opset="acc_row_30_load/4 "/>
</bind>
</comp>

<comp id="785" class="1004" name="acc_row_31_load_load_fu_785">
<pin_list>
<pin id="786" dir="0" index="0" bw="32" slack="3"/>
<pin id="787" dir="1" index="1" bw="32" slack="0"/>
</pin_list>
<bind>
<opcode="load(27) " fcode="load"/>
<opset="acc_row_31_load/4 "/>
</bind>
</comp>

<comp id="789" class="1004" name="acc_row_32_load_load_fu_789">
<pin_list>
<pin id="790" dir="0" index="0" bw="32" slack="3"/>
<pin id="791" dir="1" index="1" bw="32" slack="0"/>
</pin_list>
<bind>
<opcode="load(27) " fcode="load"/>
<opset="acc_row_32_load/4 "/>
</bind>
</comp>

<comp id="793" class="1004" name="acc_row_33_load_load_fu_793">
<pin_list>
<pin id="794" dir="0" index="0" bw="32" slack="3"/>
<pin id="795" dir="1" index="1" bw="32" slack="0"/>
</pin_list>
<bind>
<opcode="load(27) " fcode="load"/>
<opset="acc_row_33_load/4 "/>
</bind>
</comp>

<comp id="797" class="1004" name="acc_row_34_load_load_fu_797">
<pin_list>
<pin id="798" dir="0" index="0" bw="32" slack="3"/>
<pin id="799" dir="1" index="1" bw="32" slack="0"/>
</pin_list>
<bind>
<opcode="load(27) " fcode="load"/>
<opset="acc_row_34_load/4 "/>
</bind>
</comp>

<comp id="801" class="1004" name="acc_row_35_load_load_fu_801">
<pin_list>
<pin id="802" dir="0" index="0" bw="32" slack="3"/>
<pin id="803" dir="1" index="1" bw="32" slack="0"/>
</pin_list>
<bind>
<opcode="load(27) " fcode="load"/>
<opset="acc_row_35_load/4 "/>
</bind>
</comp>

<comp id="805" class="1004" name="acc_row_36_load_load_fu_805">
<pin_list>
<pin id="806" dir="0" index="0" bw="32" slack="3"/>
<pin id="807" dir="1" index="1" bw="32" slack="0"/>
</pin_list>
<bind>
<opcode="load(27) " fcode="load"/>
<opset="acc_row_36_load/4 "/>
</bind>
</comp>

<comp id="809" class="1004" name="acc_row_37_load_load_fu_809">
<pin_list>
<pin id="810" dir="0" index="0" bw="32" slack="3"/>
<pin id="811" dir="1" index="1" bw="32" slack="0"/>
</pin_list>
<bind>
<opcode="load(27) " fcode="load"/>
<opset="acc_row_37_load/4 "/>
</bind>
</comp>

<comp id="813" class="1004" name="acc_row_38_load_load_fu_813">
<pin_list>
<pin id="814" dir="0" index="0" bw="32" slack="3"/>
<pin id="815" dir="1" index="1" bw="32" slack="0"/>
</pin_list>
<bind>
<opcode="load(27) " fcode="load"/>
<opset="acc_row_38_load/4 "/>
</bind>
</comp>

<comp id="817" class="1004" name="acc_row_39_load_load_fu_817">
<pin_list>
<pin id="818" dir="0" index="0" bw="32" slack="3"/>
<pin id="819" dir="1" index="1" bw="32" slack="0"/>
</pin_list>
<bind>
<opcode="load(27) " fcode="load"/>
<opset="acc_row_39_load/4 "/>
</bind>
</comp>

<comp id="821" class="1004" name="acc_row_40_load_load_fu_821">
<pin_list>
<pin id="822" dir="0" index="0" bw="32" slack="3"/>
<pin id="823" dir="1" index="1" bw="32" slack="0"/>
</pin_list>
<bind>
<opcode="load(27) " fcode="load"/>
<opset="acc_row_40_load/4 "/>
</bind>
</comp>

<comp id="825" class="1004" name="acc_row_41_load_load_fu_825">
<pin_list>
<pin id="826" dir="0" index="0" bw="32" slack="3"/>
<pin id="827" dir="1" index="1" bw="32" slack="0"/>
</pin_list>
<bind>
<opcode="load(27) " fcode="load"/>
<opset="acc_row_41_load/4 "/>
</bind>
</comp>

<comp id="829" class="1004" name="acc_row_42_load_load_fu_829">
<pin_list>
<pin id="830" dir="0" index="0" bw="32" slack="3"/>
<pin id="831" dir="1" index="1" bw="32" slack="0"/>
</pin_list>
<bind>
<opcode="load(27) " fcode="load"/>
<opset="acc_row_42_load/4 "/>
</bind>
</comp>

<comp id="833" class="1004" name="acc_row_43_load_load_fu_833">
<pin_list>
<pin id="834" dir="0" index="0" bw="32" slack="3"/>
<pin id="835" dir="1" index="1" bw="32" slack="0"/>
</pin_list>
<bind>
<opcode="load(27) " fcode="load"/>
<opset="acc_row_43_load/4 "/>
</bind>
</comp>

<comp id="837" class="1004" name="acc_row_44_load_load_fu_837">
<pin_list>
<pin id="838" dir="0" index="0" bw="32" slack="3"/>
<pin id="839" dir="1" index="1" bw="32" slack="0"/>
</pin_list>
<bind>
<opcode="load(27) " fcode="load"/>
<opset="acc_row_44_load/4 "/>
</bind>
</comp>

<comp id="841" class="1004" name="acc_row_45_load_load_fu_841">
<pin_list>
<pin id="842" dir="0" index="0" bw="32" slack="3"/>
<pin id="843" dir="1" index="1" bw="32" slack="0"/>
</pin_list>
<bind>
<opcode="load(27) " fcode="load"/>
<opset="acc_row_45_load/4 "/>
</bind>
</comp>

<comp id="845" class="1004" name="acc_row_46_load_load_fu_845">
<pin_list>
<pin id="846" dir="0" index="0" bw="32" slack="3"/>
<pin id="847" dir="1" index="1" bw="32" slack="0"/>
</pin_list>
<bind>
<opcode="load(27) " fcode="load"/>
<opset="acc_row_46_load/4 "/>
</bind>
</comp>

<comp id="849" class="1004" name="acc_row_47_load_load_fu_849">
<pin_list>
<pin id="850" dir="0" index="0" bw="32" slack="3"/>
<pin id="851" dir="1" index="1" bw="32" slack="0"/>
</pin_list>
<bind>
<opcode="load(27) " fcode="load"/>
<opset="acc_row_47_load/4 "/>
</bind>
</comp>

<comp id="853" class="1004" name="acc_row_48_load_load_fu_853">
<pin_list>
<pin id="854" dir="0" index="0" bw="32" slack="3"/>
<pin id="855" dir="1" index="1" bw="32" slack="0"/>
</pin_list>
<bind>
<opcode="load(27) " fcode="load"/>
<opset="acc_row_48_load/4 "/>
</bind>
</comp>

<comp id="857" class="1004" name="acc_row_49_load_load_fu_857">
<pin_list>
<pin id="858" dir="0" index="0" bw="32" slack="3"/>
<pin id="859" dir="1" index="1" bw="32" slack="0"/>
</pin_list>
<bind>
<opcode="load(27) " fcode="load"/>
<opset="acc_row_49_load/4 "/>
</bind>
</comp>

<comp id="861" class="1004" name="acc_row_50_load_load_fu_861">
<pin_list>
<pin id="862" dir="0" index="0" bw="32" slack="3"/>
<pin id="863" dir="1" index="1" bw="32" slack="0"/>
</pin_list>
<bind>
<opcode="load(27) " fcode="load"/>
<opset="acc_row_50_load/4 "/>
</bind>
</comp>

<comp id="865" class="1004" name="acc_row_51_load_load_fu_865">
<pin_list>
<pin id="866" dir="0" index="0" bw="32" slack="3"/>
<pin id="867" dir="1" index="1" bw="32" slack="0"/>
</pin_list>
<bind>
<opcode="load(27) " fcode="load"/>
<opset="acc_row_51_load/4 "/>
</bind>
</comp>

<comp id="869" class="1004" name="acc_row_52_load_load_fu_869">
<pin_list>
<pin id="870" dir="0" index="0" bw="32" slack="3"/>
<pin id="871" dir="1" index="1" bw="32" slack="0"/>
</pin_list>
<bind>
<opcode="load(27) " fcode="load"/>
<opset="acc_row_52_load/4 "/>
</bind>
</comp>

<comp id="873" class="1004" name="acc_row_53_load_load_fu_873">
<pin_list>
<pin id="874" dir="0" index="0" bw="32" slack="3"/>
<pin id="875" dir="1" index="1" bw="32" slack="0"/>
</pin_list>
<bind>
<opcode="load(27) " fcode="load"/>
<opset="acc_row_53_load/4 "/>
</bind>
</comp>

<comp id="877" class="1004" name="acc_row_54_load_load_fu_877">
<pin_list>
<pin id="878" dir="0" index="0" bw="32" slack="3"/>
<pin id="879" dir="1" index="1" bw="32" slack="0"/>
</pin_list>
<bind>
<opcode="load(27) " fcode="load"/>
<opset="acc_row_54_load/4 "/>
</bind>
</comp>

<comp id="881" class="1004" name="acc_row_55_load_load_fu_881">
<pin_list>
<pin id="882" dir="0" index="0" bw="32" slack="3"/>
<pin id="883" dir="1" index="1" bw="32" slack="0"/>
</pin_list>
<bind>
<opcode="load(27) " fcode="load"/>
<opset="acc_row_55_load/4 "/>
</bind>
</comp>

<comp id="885" class="1004" name="acc_row_56_load_load_fu_885">
<pin_list>
<pin id="886" dir="0" index="0" bw="32" slack="3"/>
<pin id="887" dir="1" index="1" bw="32" slack="0"/>
</pin_list>
<bind>
<opcode="load(27) " fcode="load"/>
<opset="acc_row_56_load/4 "/>
</bind>
</comp>

<comp id="889" class="1004" name="acc_row_57_load_load_fu_889">
<pin_list>
<pin id="890" dir="0" index="0" bw="32" slack="3"/>
<pin id="891" dir="1" index="1" bw="32" slack="0"/>
</pin_list>
<bind>
<opcode="load(27) " fcode="load"/>
<opset="acc_row_57_load/4 "/>
</bind>
</comp>

<comp id="893" class="1004" name="acc_row_58_load_load_fu_893">
<pin_list>
<pin id="894" dir="0" index="0" bw="32" slack="3"/>
<pin id="895" dir="1" index="1" bw="32" slack="0"/>
</pin_list>
<bind>
<opcode="load(27) " fcode="load"/>
<opset="acc_row_58_load/4 "/>
</bind>
</comp>

<comp id="897" class="1004" name="acc_row_59_load_load_fu_897">
<pin_list>
<pin id="898" dir="0" index="0" bw="32" slack="3"/>
<pin id="899" dir="1" index="1" bw="32" slack="0"/>
</pin_list>
<bind>
<opcode="load(27) " fcode="load"/>
<opset="acc_row_59_load/4 "/>
</bind>
</comp>

<comp id="901" class="1004" name="acc_row_60_load_load_fu_901">
<pin_list>
<pin id="902" dir="0" index="0" bw="32" slack="3"/>
<pin id="903" dir="1" index="1" bw="32" slack="0"/>
</pin_list>
<bind>
<opcode="load(27) " fcode="load"/>
<opset="acc_row_60_load/4 "/>
</bind>
</comp>

<comp id="905" class="1004" name="acc_row_61_load_load_fu_905">
<pin_list>
<pin id="906" dir="0" index="0" bw="32" slack="3"/>
<pin id="907" dir="1" index="1" bw="32" slack="0"/>
</pin_list>
<bind>
<opcode="load(27) " fcode="load"/>
<opset="acc_row_61_load/4 "/>
</bind>
</comp>

<comp id="909" class="1004" name="acc_row_62_load_load_fu_909">
<pin_list>
<pin id="910" dir="0" index="0" bw="32" slack="3"/>
<pin id="911" dir="1" index="1" bw="32" slack="0"/>
</pin_list>
<bind>
<opcode="load(27) " fcode="load"/>
<opset="acc_row_62_load/4 "/>
</bind>
</comp>

<comp id="913" class="1004" name="acc_row_63_load_load_fu_913">
<pin_list>
<pin id="914" dir="0" index="0" bw="32" slack="3"/>
<pin id="915" dir="1" index="1" bw="32" slack="0"/>
</pin_list>
<bind>
<opcode="load(27) " fcode="load"/>
<opset="acc_row_63_load/4 "/>
</bind>
</comp>

<comp id="917" class="1005" name="i_reg_917">
<pin_list>
<pin id="918" dir="0" index="0" bw="7" slack="0"/>
<pin id="919" dir="1" index="1" bw="7" slack="0"/>
</pin_list>
<bind>
<opset="i "/>
</bind>
</comp>

<comp id="924" class="1005" name="bc_actual_read_reg_924">
<pin_list>
<pin id="925" dir="0" index="0" bw="32" slack="3"/>
<pin id="926" dir="1" index="1" bw="32" slack="3"/>
</pin_list>
<bind>
<opset="bc_actual_read "/>
</bind>
</comp>

<comp id="929" class="1005" name="br_actual_read_reg_929">
<pin_list>
<pin id="930" dir="0" index="0" bw="32" slack="1"/>
<pin id="931" dir="1" index="1" bw="32" slack="1"/>
</pin_list>
<bind>
<opset="br_actual_read "/>
</bind>
</comp>

<comp id="934" class="1005" name="acc_row_63_load_loc_reg_934">
<pin_list>
<pin id="935" dir="0" index="0" bw="32" slack="1"/>
<pin id="936" dir="1" index="1" bw="32" slack="1"/>
</pin_list>
<bind>
<opset="acc_row_63_load_loc "/>
</bind>
</comp>

<comp id="940" class="1005" name="acc_row_62_load_loc_reg_940">
<pin_list>
<pin id="941" dir="0" index="0" bw="32" slack="1"/>
<pin id="942" dir="1" index="1" bw="32" slack="1"/>
</pin_list>
<bind>
<opset="acc_row_62_load_loc "/>
</bind>
</comp>

<comp id="946" class="1005" name="acc_row_61_load_loc_reg_946">
<pin_list>
<pin id="947" dir="0" index="0" bw="32" slack="1"/>
<pin id="948" dir="1" index="1" bw="32" slack="1"/>
</pin_list>
<bind>
<opset="acc_row_61_load_loc "/>
</bind>
</comp>

<comp id="952" class="1005" name="acc_row_60_load_loc_reg_952">
<pin_list>
<pin id="953" dir="0" index="0" bw="32" slack="1"/>
<pin id="954" dir="1" index="1" bw="32" slack="1"/>
</pin_list>
<bind>
<opset="acc_row_60_load_loc "/>
</bind>
</comp>

<comp id="958" class="1005" name="acc_row_59_load_loc_reg_958">
<pin_list>
<pin id="959" dir="0" index="0" bw="32" slack="1"/>
<pin id="960" dir="1" index="1" bw="32" slack="1"/>
</pin_list>
<bind>
<opset="acc_row_59_load_loc "/>
</bind>
</comp>

<comp id="964" class="1005" name="acc_row_58_load_loc_reg_964">
<pin_list>
<pin id="965" dir="0" index="0" bw="32" slack="1"/>
<pin id="966" dir="1" index="1" bw="32" slack="1"/>
</pin_list>
<bind>
<opset="acc_row_58_load_loc "/>
</bind>
</comp>

<comp id="970" class="1005" name="acc_row_57_load_loc_reg_970">
<pin_list>
<pin id="971" dir="0" index="0" bw="32" slack="1"/>
<pin id="972" dir="1" index="1" bw="32" slack="1"/>
</pin_list>
<bind>
<opset="acc_row_57_load_loc "/>
</bind>
</comp>

<comp id="976" class="1005" name="acc_row_56_load_loc_reg_976">
<pin_list>
<pin id="977" dir="0" index="0" bw="32" slack="1"/>
<pin id="978" dir="1" index="1" bw="32" slack="1"/>
</pin_list>
<bind>
<opset="acc_row_56_load_loc "/>
</bind>
</comp>

<comp id="982" class="1005" name="acc_row_55_load_loc_reg_982">
<pin_list>
<pin id="983" dir="0" index="0" bw="32" slack="1"/>
<pin id="984" dir="1" index="1" bw="32" slack="1"/>
</pin_list>
<bind>
<opset="acc_row_55_load_loc "/>
</bind>
</comp>

<comp id="988" class="1005" name="acc_row_54_load_loc_reg_988">
<pin_list>
<pin id="989" dir="0" index="0" bw="32" slack="1"/>
<pin id="990" dir="1" index="1" bw="32" slack="1"/>
</pin_list>
<bind>
<opset="acc_row_54_load_loc "/>
</bind>
</comp>

<comp id="994" class="1005" name="acc_row_53_load_loc_reg_994">
<pin_list>
<pin id="995" dir="0" index="0" bw="32" slack="1"/>
<pin id="996" dir="1" index="1" bw="32" slack="1"/>
</pin_list>
<bind>
<opset="acc_row_53_load_loc "/>
</bind>
</comp>

<comp id="1000" class="1005" name="acc_row_52_load_loc_reg_1000">
<pin_list>
<pin id="1001" dir="0" index="0" bw="32" slack="1"/>
<pin id="1002" dir="1" index="1" bw="32" slack="1"/>
</pin_list>
<bind>
<opset="acc_row_52_load_loc "/>
</bind>
</comp>

<comp id="1006" class="1005" name="acc_row_51_load_loc_reg_1006">
<pin_list>
<pin id="1007" dir="0" index="0" bw="32" slack="1"/>
<pin id="1008" dir="1" index="1" bw="32" slack="1"/>
</pin_list>
<bind>
<opset="acc_row_51_load_loc "/>
</bind>
</comp>

<comp id="1012" class="1005" name="acc_row_50_load_loc_reg_1012">
<pin_list>
<pin id="1013" dir="0" index="0" bw="32" slack="1"/>
<pin id="1014" dir="1" index="1" bw="32" slack="1"/>
</pin_list>
<bind>
<opset="acc_row_50_load_loc "/>
</bind>
</comp>

<comp id="1018" class="1005" name="acc_row_49_load_loc_reg_1018">
<pin_list>
<pin id="1019" dir="0" index="0" bw="32" slack="1"/>
<pin id="1020" dir="1" index="1" bw="32" slack="1"/>
</pin_list>
<bind>
<opset="acc_row_49_load_loc "/>
</bind>
</comp>

<comp id="1024" class="1005" name="acc_row_48_load_loc_reg_1024">
<pin_list>
<pin id="1025" dir="0" index="0" bw="32" slack="1"/>
<pin id="1026" dir="1" index="1" bw="32" slack="1"/>
</pin_list>
<bind>
<opset="acc_row_48_load_loc "/>
</bind>
</comp>

<comp id="1030" class="1005" name="acc_row_47_load_loc_reg_1030">
<pin_list>
<pin id="1031" dir="0" index="0" bw="32" slack="1"/>
<pin id="1032" dir="1" index="1" bw="32" slack="1"/>
</pin_list>
<bind>
<opset="acc_row_47_load_loc "/>
</bind>
</comp>

<comp id="1036" class="1005" name="acc_row_46_load_loc_reg_1036">
<pin_list>
<pin id="1037" dir="0" index="0" bw="32" slack="1"/>
<pin id="1038" dir="1" index="1" bw="32" slack="1"/>
</pin_list>
<bind>
<opset="acc_row_46_load_loc "/>
</bind>
</comp>

<comp id="1042" class="1005" name="acc_row_45_load_loc_reg_1042">
<pin_list>
<pin id="1043" dir="0" index="0" bw="32" slack="1"/>
<pin id="1044" dir="1" index="1" bw="32" slack="1"/>
</pin_list>
<bind>
<opset="acc_row_45_load_loc "/>
</bind>
</comp>

<comp id="1048" class="1005" name="acc_row_44_load_loc_reg_1048">
<pin_list>
<pin id="1049" dir="0" index="0" bw="32" slack="1"/>
<pin id="1050" dir="1" index="1" bw="32" slack="1"/>
</pin_list>
<bind>
<opset="acc_row_44_load_loc "/>
</bind>
</comp>

<comp id="1054" class="1005" name="acc_row_43_load_loc_reg_1054">
<pin_list>
<pin id="1055" dir="0" index="0" bw="32" slack="1"/>
<pin id="1056" dir="1" index="1" bw="32" slack="1"/>
</pin_list>
<bind>
<opset="acc_row_43_load_loc "/>
</bind>
</comp>

<comp id="1060" class="1005" name="acc_row_42_load_loc_reg_1060">
<pin_list>
<pin id="1061" dir="0" index="0" bw="32" slack="1"/>
<pin id="1062" dir="1" index="1" bw="32" slack="1"/>
</pin_list>
<bind>
<opset="acc_row_42_load_loc "/>
</bind>
</comp>

<comp id="1066" class="1005" name="acc_row_41_load_loc_reg_1066">
<pin_list>
<pin id="1067" dir="0" index="0" bw="32" slack="1"/>
<pin id="1068" dir="1" index="1" bw="32" slack="1"/>
</pin_list>
<bind>
<opset="acc_row_41_load_loc "/>
</bind>
</comp>

<comp id="1072" class="1005" name="acc_row_40_load_loc_reg_1072">
<pin_list>
<pin id="1073" dir="0" index="0" bw="32" slack="1"/>
<pin id="1074" dir="1" index="1" bw="32" slack="1"/>
</pin_list>
<bind>
<opset="acc_row_40_load_loc "/>
</bind>
</comp>

<comp id="1078" class="1005" name="acc_row_39_load_loc_reg_1078">
<pin_list>
<pin id="1079" dir="0" index="0" bw="32" slack="1"/>
<pin id="1080" dir="1" index="1" bw="32" slack="1"/>
</pin_list>
<bind>
<opset="acc_row_39_load_loc "/>
</bind>
</comp>

<comp id="1084" class="1005" name="acc_row_38_load_loc_reg_1084">
<pin_list>
<pin id="1085" dir="0" index="0" bw="32" slack="1"/>
<pin id="1086" dir="1" index="1" bw="32" slack="1"/>
</pin_list>
<bind>
<opset="acc_row_38_load_loc "/>
</bind>
</comp>

<comp id="1090" class="1005" name="acc_row_37_load_loc_reg_1090">
<pin_list>
<pin id="1091" dir="0" index="0" bw="32" slack="1"/>
<pin id="1092" dir="1" index="1" bw="32" slack="1"/>
</pin_list>
<bind>
<opset="acc_row_37_load_loc "/>
</bind>
</comp>

<comp id="1096" class="1005" name="acc_row_36_load_loc_reg_1096">
<pin_list>
<pin id="1097" dir="0" index="0" bw="32" slack="1"/>
<pin id="1098" dir="1" index="1" bw="32" slack="1"/>
</pin_list>
<bind>
<opset="acc_row_36_load_loc "/>
</bind>
</comp>

<comp id="1102" class="1005" name="acc_row_35_load_loc_reg_1102">
<pin_list>
<pin id="1103" dir="0" index="0" bw="32" slack="1"/>
<pin id="1104" dir="1" index="1" bw="32" slack="1"/>
</pin_list>
<bind>
<opset="acc_row_35_load_loc "/>
</bind>
</comp>

<comp id="1108" class="1005" name="acc_row_34_load_loc_reg_1108">
<pin_list>
<pin id="1109" dir="0" index="0" bw="32" slack="1"/>
<pin id="1110" dir="1" index="1" bw="32" slack="1"/>
</pin_list>
<bind>
<opset="acc_row_34_load_loc "/>
</bind>
</comp>

<comp id="1114" class="1005" name="acc_row_33_load_loc_reg_1114">
<pin_list>
<pin id="1115" dir="0" index="0" bw="32" slack="1"/>
<pin id="1116" dir="1" index="1" bw="32" slack="1"/>
</pin_list>
<bind>
<opset="acc_row_33_load_loc "/>
</bind>
</comp>

<comp id="1120" class="1005" name="acc_row_32_load_loc_reg_1120">
<pin_list>
<pin id="1121" dir="0" index="0" bw="32" slack="1"/>
<pin id="1122" dir="1" index="1" bw="32" slack="1"/>
</pin_list>
<bind>
<opset="acc_row_32_load_loc "/>
</bind>
</comp>

<comp id="1126" class="1005" name="acc_row_31_load_loc_reg_1126">
<pin_list>
<pin id="1127" dir="0" index="0" bw="32" slack="1"/>
<pin id="1128" dir="1" index="1" bw="32" slack="1"/>
</pin_list>
<bind>
<opset="acc_row_31_load_loc "/>
</bind>
</comp>

<comp id="1132" class="1005" name="acc_row_30_load_loc_reg_1132">
<pin_list>
<pin id="1133" dir="0" index="0" bw="32" slack="1"/>
<pin id="1134" dir="1" index="1" bw="32" slack="1"/>
</pin_list>
<bind>
<opset="acc_row_30_load_loc "/>
</bind>
</comp>

<comp id="1138" class="1005" name="acc_row_29_load_loc_reg_1138">
<pin_list>
<pin id="1139" dir="0" index="0" bw="32" slack="1"/>
<pin id="1140" dir="1" index="1" bw="32" slack="1"/>
</pin_list>
<bind>
<opset="acc_row_29_load_loc "/>
</bind>
</comp>

<comp id="1144" class="1005" name="acc_row_28_load_loc_reg_1144">
<pin_list>
<pin id="1145" dir="0" index="0" bw="32" slack="1"/>
<pin id="1146" dir="1" index="1" bw="32" slack="1"/>
</pin_list>
<bind>
<opset="acc_row_28_load_loc "/>
</bind>
</comp>

<comp id="1150" class="1005" name="acc_row_27_load_loc_reg_1150">
<pin_list>
<pin id="1151" dir="0" index="0" bw="32" slack="1"/>
<pin id="1152" dir="1" index="1" bw="32" slack="1"/>
</pin_list>
<bind>
<opset="acc_row_27_load_loc "/>
</bind>
</comp>

<comp id="1156" class="1005" name="acc_row_26_load_loc_reg_1156">
<pin_list>
<pin id="1157" dir="0" index="0" bw="32" slack="1"/>
<pin id="1158" dir="1" index="1" bw="32" slack="1"/>
</pin_list>
<bind>
<opset="acc_row_26_load_loc "/>
</bind>
</comp>

<comp id="1162" class="1005" name="acc_row_25_load_loc_reg_1162">
<pin_list>
<pin id="1163" dir="0" index="0" bw="32" slack="1"/>
<pin id="1164" dir="1" index="1" bw="32" slack="1"/>
</pin_list>
<bind>
<opset="acc_row_25_load_loc "/>
</bind>
</comp>

<comp id="1168" class="1005" name="acc_row_24_load_loc_reg_1168">
<pin_list>
<pin id="1169" dir="0" index="0" bw="32" slack="1"/>
<pin id="1170" dir="1" index="1" bw="32" slack="1"/>
</pin_list>
<bind>
<opset="acc_row_24_load_loc "/>
</bind>
</comp>

<comp id="1174" class="1005" name="acc_row_23_load_loc_reg_1174">
<pin_list>
<pin id="1175" dir="0" index="0" bw="32" slack="1"/>
<pin id="1176" dir="1" index="1" bw="32" slack="1"/>
</pin_list>
<bind>
<opset="acc_row_23_load_loc "/>
</bind>
</comp>

<comp id="1180" class="1005" name="acc_row_22_load_loc_reg_1180">
<pin_list>
<pin id="1181" dir="0" index="0" bw="32" slack="1"/>
<pin id="1182" dir="1" index="1" bw="32" slack="1"/>
</pin_list>
<bind>
<opset="acc_row_22_load_loc "/>
</bind>
</comp>

<comp id="1186" class="1005" name="acc_row_21_load_loc_reg_1186">
<pin_list>
<pin id="1187" dir="0" index="0" bw="32" slack="1"/>
<pin id="1188" dir="1" index="1" bw="32" slack="1"/>
</pin_list>
<bind>
<opset="acc_row_21_load_loc "/>
</bind>
</comp>

<comp id="1192" class="1005" name="acc_row_20_load_loc_reg_1192">
<pin_list>
<pin id="1193" dir="0" index="0" bw="32" slack="1"/>
<pin id="1194" dir="1" index="1" bw="32" slack="1"/>
</pin_list>
<bind>
<opset="acc_row_20_load_loc "/>
</bind>
</comp>

<comp id="1198" class="1005" name="acc_row_19_load_loc_reg_1198">
<pin_list>
<pin id="1199" dir="0" index="0" bw="32" slack="1"/>
<pin id="1200" dir="1" index="1" bw="32" slack="1"/>
</pin_list>
<bind>
<opset="acc_row_19_load_loc "/>
</bind>
</comp>

<comp id="1204" class="1005" name="acc_row_18_load_loc_reg_1204">
<pin_list>
<pin id="1205" dir="0" index="0" bw="32" slack="1"/>
<pin id="1206" dir="1" index="1" bw="32" slack="1"/>
</pin_list>
<bind>
<opset="acc_row_18_load_loc "/>
</bind>
</comp>

<comp id="1210" class="1005" name="acc_row_17_load_loc_reg_1210">
<pin_list>
<pin id="1211" dir="0" index="0" bw="32" slack="1"/>
<pin id="1212" dir="1" index="1" bw="32" slack="1"/>
</pin_list>
<bind>
<opset="acc_row_17_load_loc "/>
</bind>
</comp>

<comp id="1216" class="1005" name="acc_row_16_load_loc_reg_1216">
<pin_list>
<pin id="1217" dir="0" index="0" bw="32" slack="1"/>
<pin id="1218" dir="1" index="1" bw="32" slack="1"/>
</pin_list>
<bind>
<opset="acc_row_16_load_loc "/>
</bind>
</comp>

<comp id="1222" class="1005" name="acc_row_15_load_loc_reg_1222">
<pin_list>
<pin id="1223" dir="0" index="0" bw="32" slack="1"/>
<pin id="1224" dir="1" index="1" bw="32" slack="1"/>
</pin_list>
<bind>
<opset="acc_row_15_load_loc "/>
</bind>
</comp>

<comp id="1228" class="1005" name="acc_row_14_load_loc_reg_1228">
<pin_list>
<pin id="1229" dir="0" index="0" bw="32" slack="1"/>
<pin id="1230" dir="1" index="1" bw="32" slack="1"/>
</pin_list>
<bind>
<opset="acc_row_14_load_loc "/>
</bind>
</comp>

<comp id="1234" class="1005" name="acc_row_13_load_loc_reg_1234">
<pin_list>
<pin id="1235" dir="0" index="0" bw="32" slack="1"/>
<pin id="1236" dir="1" index="1" bw="32" slack="1"/>
</pin_list>
<bind>
<opset="acc_row_13_load_loc "/>
</bind>
</comp>

<comp id="1240" class="1005" name="acc_row_12_load_loc_reg_1240">
<pin_list>
<pin id="1241" dir="0" index="0" bw="32" slack="1"/>
<pin id="1242" dir="1" index="1" bw="32" slack="1"/>
</pin_list>
<bind>
<opset="acc_row_12_load_loc "/>
</bind>
</comp>

<comp id="1246" class="1005" name="acc_row_11_load_loc_reg_1246">
<pin_list>
<pin id="1247" dir="0" index="0" bw="32" slack="1"/>
<pin id="1248" dir="1" index="1" bw="32" slack="1"/>
</pin_list>
<bind>
<opset="acc_row_11_load_loc "/>
</bind>
</comp>

<comp id="1252" class="1005" name="acc_row_10_load_loc_reg_1252">
<pin_list>
<pin id="1253" dir="0" index="0" bw="32" slack="1"/>
<pin id="1254" dir="1" index="1" bw="32" slack="1"/>
</pin_list>
<bind>
<opset="acc_row_10_load_loc "/>
</bind>
</comp>

<comp id="1258" class="1005" name="acc_row_9_load_loc_reg_1258">
<pin_list>
<pin id="1259" dir="0" index="0" bw="32" slack="1"/>
<pin id="1260" dir="1" index="1" bw="32" slack="1"/>
</pin_list>
<bind>
<opset="acc_row_9_load_loc "/>
</bind>
</comp>

<comp id="1264" class="1005" name="acc_row_8_load_loc_reg_1264">
<pin_list>
<pin id="1265" dir="0" index="0" bw="32" slack="1"/>
<pin id="1266" dir="1" index="1" bw="32" slack="1"/>
</pin_list>
<bind>
<opset="acc_row_8_load_loc "/>
</bind>
</comp>

<comp id="1270" class="1005" name="acc_row_7_load_loc_reg_1270">
<pin_list>
<pin id="1271" dir="0" index="0" bw="32" slack="1"/>
<pin id="1272" dir="1" index="1" bw="32" slack="1"/>
</pin_list>
<bind>
<opset="acc_row_7_load_loc "/>
</bind>
</comp>

<comp id="1276" class="1005" name="acc_row_6_load_loc_reg_1276">
<pin_list>
<pin id="1277" dir="0" index="0" bw="32" slack="1"/>
<pin id="1278" dir="1" index="1" bw="32" slack="1"/>
</pin_list>
<bind>
<opset="acc_row_6_load_loc "/>
</bind>
</comp>

<comp id="1282" class="1005" name="acc_row_5_load_loc_reg_1282">
<pin_list>
<pin id="1283" dir="0" index="0" bw="32" slack="1"/>
<pin id="1284" dir="1" index="1" bw="32" slack="1"/>
</pin_list>
<bind>
<opset="acc_row_5_load_loc "/>
</bind>
</comp>

<comp id="1288" class="1005" name="acc_row_4_load_loc_reg_1288">
<pin_list>
<pin id="1289" dir="0" index="0" bw="32" slack="1"/>
<pin id="1290" dir="1" index="1" bw="32" slack="1"/>
</pin_list>
<bind>
<opset="acc_row_4_load_loc "/>
</bind>
</comp>

<comp id="1294" class="1005" name="acc_row_3_load_loc_reg_1294">
<pin_list>
<pin id="1295" dir="0" index="0" bw="32" slack="1"/>
<pin id="1296" dir="1" index="1" bw="32" slack="1"/>
</pin_list>
<bind>
<opset="acc_row_3_load_loc "/>
</bind>
</comp>

<comp id="1300" class="1005" name="acc_row_2_load_loc_reg_1300">
<pin_list>
<pin id="1301" dir="0" index="0" bw="32" slack="1"/>
<pin id="1302" dir="1" index="1" bw="32" slack="1"/>
</pin_list>
<bind>
<opset="acc_row_2_load_loc "/>
</bind>
</comp>

<comp id="1306" class="1005" name="acc_row_1_load_loc_reg_1306">
<pin_list>
<pin id="1307" dir="0" index="0" bw="32" slack="1"/>
<pin id="1308" dir="1" index="1" bw="32" slack="1"/>
</pin_list>
<bind>
<opset="acc_row_1_load_loc "/>
</bind>
</comp>

<comp id="1312" class="1005" name="acc_row_load_loc_reg_1312">
<pin_list>
<pin id="1313" dir="0" index="0" bw="32" slack="1"/>
<pin id="1314" dir="1" index="1" bw="32" slack="1"/>
</pin_list>
<bind>
<opset="acc_row_load_loc "/>
</bind>
</comp>

<comp id="1321" class="1005" name="trunc_ln51_reg_1321">
<pin_list>
<pin id="1322" dir="0" index="0" bw="6" slack="2"/>
<pin id="1323" dir="1" index="1" bw="6" slack="2"/>
</pin_list>
<bind>
<opset="trunc_ln51 "/>
</bind>
</comp>

<comp id="1326" class="1005" name="tmp_s_reg_1326">
<pin_list>
<pin id="1327" dir="0" index="0" bw="9" slack="1"/>
<pin id="1328" dir="1" index="1" bw="9" slack="1"/>
</pin_list>
<bind>
<opset="tmp_s "/>
</bind>
</comp>

<comp id="1331" class="1005" name="cmp60_reg_1331">
<pin_list>
<pin id="1332" dir="0" index="0" bw="1" slack="2"/>
<pin id="1333" dir="1" index="1" bw="1" slack="2"/>
</pin_list>
<bind>
<opset="cmp60 "/>
</bind>
</comp>

</comp_list>

<net_list>
<net id="125"><net_src comp="84" pin="0"/><net_sink comp="122" pin=0"/></net>

<net id="129"><net_src comp="88" pin="0"/><net_sink comp="126" pin=0"/></net>

<net id="133"><net_src comp="88" pin="0"/><net_sink comp="130" pin=0"/></net>

<net id="137"><net_src comp="88" pin="0"/><net_sink comp="134" pin=0"/></net>

<net id="141"><net_src comp="88" pin="0"/><net_sink comp="138" pin=0"/></net>

<net id="145"><net_src comp="88" pin="0"/><net_sink comp="142" pin=0"/></net>

<net id="149"><net_src comp="88" pin="0"/><net_sink comp="146" pin=0"/></net>

<net id="153"><net_src comp="88" pin="0"/><net_sink comp="150" pin=0"/></net>

<net id="157"><net_src comp="88" pin="0"/><net_sink comp="154" pin=0"/></net>

<net id="161"><net_src comp="88" pin="0"/><net_sink comp="158" pin=0"/></net>

<net id="165"><net_src comp="88" pin="0"/><net_sink comp="162" pin=0"/></net>

<net id="169"><net_src comp="88" pin="0"/><net_sink comp="166" pin=0"/></net>

<net id="173"><net_src comp="88" pin="0"/><net_sink comp="170" pin=0"/></net>

<net id="177"><net_src comp="88" pin="0"/><net_sink comp="174" pin=0"/></net>

<net id="181"><net_src comp="88" pin="0"/><net_sink comp="178" pin=0"/></net>

<net id="185"><net_src comp="88" pin="0"/><net_sink comp="182" pin=0"/></net>

<net id="189"><net_src comp="88" pin="0"/><net_sink comp="186" pin=0"/></net>

<net id="193"><net_src comp="88" pin="0"/><net_sink comp="190" pin=0"/></net>

<net id="197"><net_src comp="88" pin="0"/><net_sink comp="194" pin=0"/></net>

<net id="201"><net_src comp="88" pin="0"/><net_sink comp="198" pin=0"/></net>

<net id="205"><net_src comp="88" pin="0"/><net_sink comp="202" pin=0"/></net>

<net id="209"><net_src comp="88" pin="0"/><net_sink comp="206" pin=0"/></net>

<net id="213"><net_src comp="88" pin="0"/><net_sink comp="210" pin=0"/></net>

<net id="217"><net_src comp="88" pin="0"/><net_sink comp="214" pin=0"/></net>

<net id="221"><net_src comp="88" pin="0"/><net_sink comp="218" pin=0"/></net>

<net id="225"><net_src comp="88" pin="0"/><net_sink comp="222" pin=0"/></net>

<net id="229"><net_src comp="88" pin="0"/><net_sink comp="226" pin=0"/></net>

<net id="233"><net_src comp="88" pin="0"/><net_sink comp="230" pin=0"/></net>

<net id="237"><net_src comp="88" pin="0"/><net_sink comp="234" pin=0"/></net>

<net id="241"><net_src comp="88" pin="0"/><net_sink comp="238" pin=0"/></net>

<net id="245"><net_src comp="88" pin="0"/><net_sink comp="242" pin=0"/></net>

<net id="249"><net_src comp="88" pin="0"/><net_sink comp="246" pin=0"/></net>

<net id="253"><net_src comp="88" pin="0"/><net_sink comp="250" pin=0"/></net>

<net id="257"><net_src comp="88" pin="0"/><net_sink comp="254" pin=0"/></net>

<net id="261"><net_src comp="88" pin="0"/><net_sink comp="258" pin=0"/></net>

<net id="265"><net_src comp="88" pin="0"/><net_sink comp="262" pin=0"/></net>

<net id="269"><net_src comp="88" pin="0"/><net_sink comp="266" pin=0"/></net>

<net id="273"><net_src comp="88" pin="0"/><net_sink comp="270" pin=0"/></net>

<net id="277"><net_src comp="88" pin="0"/><net_sink comp="274" pin=0"/></net>

<net id="281"><net_src comp="88" pin="0"/><net_sink comp="278" pin=0"/></net>

<net id="285"><net_src comp="88" pin="0"/><net_sink comp="282" pin=0"/></net>

<net id="289"><net_src comp="88" pin="0"/><net_sink comp="286" pin=0"/></net>

<net id="293"><net_src comp="88" pin="0"/><net_sink comp="290" pin=0"/></net>

<net id="297"><net_src comp="88" pin="0"/><net_sink comp="294" pin=0"/></net>

<net id="301"><net_src comp="88" pin="0"/><net_sink comp="298" pin=0"/></net>

<net id="305"><net_src comp="88" pin="0"/><net_sink comp="302" pin=0"/></net>

<net id="309"><net_src comp="88" pin="0"/><net_sink comp="306" pin=0"/></net>

<net id="313"><net_src comp="88" pin="0"/><net_sink comp="310" pin=0"/></net>

<net id="317"><net_src comp="88" pin="0"/><net_sink comp="314" pin=0"/></net>

<net id="321"><net_src comp="88" pin="0"/><net_sink comp="318" pin=0"/></net>

<net id="325"><net_src comp="88" pin="0"/><net_sink comp="322" pin=0"/></net>

<net id="329"><net_src comp="88" pin="0"/><net_sink comp="326" pin=0"/></net>

<net id="333"><net_src comp="88" pin="0"/><net_sink comp="330" pin=0"/></net>

<net id="337"><net_src comp="88" pin="0"/><net_sink comp="334" pin=0"/></net>

<net id="341"><net_src comp="88" pin="0"/><net_sink comp="338" pin=0"/></net>

<net id="345"><net_src comp="88" pin="0"/><net_sink comp="342" pin=0"/></net>

<net id="349"><net_src comp="88" pin="0"/><net_sink comp="346" pin=0"/></net>

<net id="353"><net_src comp="88" pin="0"/><net_sink comp="350" pin=0"/></net>

<net id="357"><net_src comp="88" pin="0"/><net_sink comp="354" pin=0"/></net>

<net id="361"><net_src comp="88" pin="0"/><net_sink comp="358" pin=0"/></net>

<net id="365"><net_src comp="88" pin="0"/><net_sink comp="362" pin=0"/></net>

<net id="369"><net_src comp="88" pin="0"/><net_sink comp="366" pin=0"/></net>

<net id="373"><net_src comp="88" pin="0"/><net_sink comp="370" pin=0"/></net>

<net id="377"><net_src comp="88" pin="0"/><net_sink comp="374" pin=0"/></net>

<net id="381"><net_src comp="88" pin="0"/><net_sink comp="378" pin=0"/></net>

<net id="386"><net_src comp="86" pin="0"/><net_sink comp="382" pin=0"/></net>

<net id="387"><net_src comp="82" pin="0"/><net_sink comp="382" pin=1"/></net>

<net id="392"><net_src comp="86" pin="0"/><net_sink comp="388" pin=0"/></net>

<net id="393"><net_src comp="80" pin="0"/><net_sink comp="388" pin=1"/></net>

<net id="494"><net_src comp="110" pin="0"/><net_sink comp="394" pin=0"/></net>

<net id="495"><net_src comp="0" pin="0"/><net_sink comp="394" pin=2"/></net>

<net id="496"><net_src comp="2" pin="0"/><net_sink comp="394" pin=3"/></net>

<net id="497"><net_src comp="4" pin="0"/><net_sink comp="394" pin=4"/></net>

<net id="498"><net_src comp="6" pin="0"/><net_sink comp="394" pin=5"/></net>

<net id="499"><net_src comp="8" pin="0"/><net_sink comp="394" pin=6"/></net>

<net id="500"><net_src comp="10" pin="0"/><net_sink comp="394" pin=7"/></net>

<net id="501"><net_src comp="12" pin="0"/><net_sink comp="394" pin=8"/></net>

<net id="502"><net_src comp="14" pin="0"/><net_sink comp="394" pin=9"/></net>

<net id="503"><net_src comp="16" pin="0"/><net_sink comp="394" pin=10"/></net>

<net id="504"><net_src comp="18" pin="0"/><net_sink comp="394" pin=11"/></net>

<net id="505"><net_src comp="20" pin="0"/><net_sink comp="394" pin=12"/></net>

<net id="506"><net_src comp="22" pin="0"/><net_sink comp="394" pin=13"/></net>

<net id="507"><net_src comp="24" pin="0"/><net_sink comp="394" pin=14"/></net>

<net id="508"><net_src comp="26" pin="0"/><net_sink comp="394" pin=15"/></net>

<net id="509"><net_src comp="28" pin="0"/><net_sink comp="394" pin=16"/></net>

<net id="510"><net_src comp="30" pin="0"/><net_sink comp="394" pin=17"/></net>

<net id="511"><net_src comp="32" pin="0"/><net_sink comp="394" pin=18"/></net>

<net id="512"><net_src comp="34" pin="0"/><net_sink comp="394" pin=19"/></net>

<net id="513"><net_src comp="36" pin="0"/><net_sink comp="394" pin=20"/></net>

<net id="514"><net_src comp="38" pin="0"/><net_sink comp="394" pin=21"/></net>

<net id="515"><net_src comp="40" pin="0"/><net_sink comp="394" pin=22"/></net>

<net id="516"><net_src comp="42" pin="0"/><net_sink comp="394" pin=23"/></net>

<net id="517"><net_src comp="44" pin="0"/><net_sink comp="394" pin=24"/></net>

<net id="518"><net_src comp="46" pin="0"/><net_sink comp="394" pin=25"/></net>

<net id="519"><net_src comp="48" pin="0"/><net_sink comp="394" pin=26"/></net>

<net id="520"><net_src comp="50" pin="0"/><net_sink comp="394" pin=27"/></net>

<net id="521"><net_src comp="52" pin="0"/><net_sink comp="394" pin=28"/></net>

<net id="522"><net_src comp="54" pin="0"/><net_sink comp="394" pin=29"/></net>

<net id="523"><net_src comp="56" pin="0"/><net_sink comp="394" pin=30"/></net>

<net id="524"><net_src comp="58" pin="0"/><net_sink comp="394" pin=31"/></net>

<net id="525"><net_src comp="60" pin="0"/><net_sink comp="394" pin=32"/></net>

<net id="526"><net_src comp="62" pin="0"/><net_sink comp="394" pin=33"/></net>

<net id="605"><net_src comp="112" pin="0"/><net_sink comp="527" pin=0"/></net>

<net id="606"><net_src comp="64" pin="0"/><net_sink comp="527" pin=2"/></net>

<net id="607"><net_src comp="66" pin="0"/><net_sink comp="527" pin=3"/></net>

<net id="608"><net_src comp="68" pin="0"/><net_sink comp="527" pin=4"/></net>

<net id="609"><net_src comp="70" pin="0"/><net_sink comp="527" pin=5"/></net>

<net id="610"><net_src comp="72" pin="0"/><net_sink comp="527" pin=6"/></net>

<net id="611"><net_src comp="74" pin="0"/><net_sink comp="527" pin=7"/></net>

<net id="612"><net_src comp="76" pin="0"/><net_sink comp="527" pin=8"/></net>

<net id="613"><net_src comp="78" pin="0"/><net_sink comp="527" pin=9"/></net>

<net id="618"><net_src comp="100" pin="0"/><net_sink comp="614" pin=0"/></net>

<net id="626"><net_src comp="619" pin="1"/><net_sink comp="622" pin=0"/></net>

<net id="627"><net_src comp="102" pin="0"/><net_sink comp="622" pin=1"/></net>

<net id="632"><net_src comp="619" pin="1"/><net_sink comp="628" pin=0"/></net>

<net id="633"><net_src comp="104" pin="0"/><net_sink comp="628" pin=1"/></net>

<net id="637"><net_src comp="619" pin="1"/><net_sink comp="634" pin=0"/></net>

<net id="643"><net_src comp="106" pin="0"/><net_sink comp="638" pin=0"/></net>

<net id="644"><net_src comp="634" pin="1"/><net_sink comp="638" pin=1"/></net>

<net id="645"><net_src comp="108" pin="0"/><net_sink comp="638" pin=2"/></net>

<net id="646"><net_src comp="638" pin="3"/><net_sink comp="394" pin=1"/></net>

<net id="650"><net_src comp="619" pin="1"/><net_sink comp="647" pin=0"/></net>

<net id="655"><net_src comp="647" pin="1"/><net_sink comp="651" pin=0"/></net>

<net id="660"><net_src comp="622" pin="2"/><net_sink comp="656" pin=0"/></net>

<net id="664"><net_src comp="661" pin="1"/><net_sink comp="527" pin=12"/></net>

<net id="668"><net_src comp="665" pin="1"/><net_sink comp="527" pin=20"/></net>

<net id="672"><net_src comp="669" pin="1"/><net_sink comp="527" pin=28"/></net>

<net id="676"><net_src comp="673" pin="1"/><net_sink comp="527" pin=36"/></net>

<net id="680"><net_src comp="677" pin="1"/><net_sink comp="527" pin=44"/></net>

<net id="684"><net_src comp="681" pin="1"/><net_sink comp="527" pin=52"/></net>

<net id="688"><net_src comp="685" pin="1"/><net_sink comp="527" pin=60"/></net>

<net id="692"><net_src comp="689" pin="1"/><net_sink comp="527" pin=68"/></net>

<net id="696"><net_src comp="693" pin="1"/><net_sink comp="527" pin=13"/></net>

<net id="700"><net_src comp="697" pin="1"/><net_sink comp="527" pin=21"/></net>

<net id="704"><net_src comp="701" pin="1"/><net_sink comp="527" pin=29"/></net>

<net id="708"><net_src comp="705" pin="1"/><net_sink comp="527" pin=37"/></net>

<net id="712"><net_src comp="709" pin="1"/><net_sink comp="527" pin=45"/></net>

<net id="716"><net_src comp="713" pin="1"/><net_sink comp="527" pin=53"/></net>

<net id="720"><net_src comp="717" pin="1"/><net_sink comp="527" pin=61"/></net>

<net id="724"><net_src comp="721" pin="1"/><net_sink comp="527" pin=69"/></net>

<net id="728"><net_src comp="725" pin="1"/><net_sink comp="527" pin=14"/></net>

<net id="732"><net_src comp="729" pin="1"/><net_sink comp="527" pin=22"/></net>

<net id="736"><net_src comp="733" pin="1"/><net_sink comp="527" pin=30"/></net>

<net id="740"><net_src comp="737" pin="1"/><net_sink comp="527" pin=38"/></net>

<net id="744"><net_src comp="741" pin="1"/><net_sink comp="527" pin=46"/></net>

<net id="748"><net_src comp="745" pin="1"/><net_sink comp="527" pin=54"/></net>

<net id="752"><net_src comp="749" pin="1"/><net_sink comp="527" pin=62"/></net>

<net id="756"><net_src comp="753" pin="1"/><net_sink comp="527" pin=70"/></net>

<net id="760"><net_src comp="757" pin="1"/><net_sink comp="527" pin=15"/></net>

<net id="764"><net_src comp="761" pin="1"/><net_sink comp="527" pin=23"/></net>

<net id="768"><net_src comp="765" pin="1"/><net_sink comp="527" pin=31"/></net>

<net id="772"><net_src comp="769" pin="1"/><net_sink comp="527" pin=39"/></net>

<net id="776"><net_src comp="773" pin="1"/><net_sink comp="527" pin=47"/></net>

<net id="780"><net_src comp="777" pin="1"/><net_sink comp="527" pin=55"/></net>

<net id="784"><net_src comp="781" pin="1"/><net_sink comp="527" pin=63"/></net>

<net id="788"><net_src comp="785" pin="1"/><net_sink comp="527" pin=71"/></net>

<net id="792"><net_src comp="789" pin="1"/><net_sink comp="527" pin=16"/></net>

<net id="796"><net_src comp="793" pin="1"/><net_sink comp="527" pin=24"/></net>

<net id="800"><net_src comp="797" pin="1"/><net_sink comp="527" pin=32"/></net>

<net id="804"><net_src comp="801" pin="1"/><net_sink comp="527" pin=40"/></net>

<net id="808"><net_src comp="805" pin="1"/><net_sink comp="527" pin=48"/></net>

<net id="812"><net_src comp="809" pin="1"/><net_sink comp="527" pin=56"/></net>

<net id="816"><net_src comp="813" pin="1"/><net_sink comp="527" pin=64"/></net>

<net id="820"><net_src comp="817" pin="1"/><net_sink comp="527" pin=72"/></net>

<net id="824"><net_src comp="821" pin="1"/><net_sink comp="527" pin=17"/></net>

<net id="828"><net_src comp="825" pin="1"/><net_sink comp="527" pin=25"/></net>

<net id="832"><net_src comp="829" pin="1"/><net_sink comp="527" pin=33"/></net>

<net id="836"><net_src comp="833" pin="1"/><net_sink comp="527" pin=41"/></net>

<net id="840"><net_src comp="837" pin="1"/><net_sink comp="527" pin=49"/></net>

<net id="844"><net_src comp="841" pin="1"/><net_sink comp="527" pin=57"/></net>

<net id="848"><net_src comp="845" pin="1"/><net_sink comp="527" pin=65"/></net>

<net id="852"><net_src comp="849" pin="1"/><net_sink comp="527" pin=73"/></net>

<net id="856"><net_src comp="853" pin="1"/><net_sink comp="527" pin=18"/></net>

<net id="860"><net_src comp="857" pin="1"/><net_sink comp="527" pin=26"/></net>

<net id="864"><net_src comp="861" pin="1"/><net_sink comp="527" pin=34"/></net>

<net id="868"><net_src comp="865" pin="1"/><net_sink comp="527" pin=42"/></net>

<net id="872"><net_src comp="869" pin="1"/><net_sink comp="527" pin=50"/></net>

<net id="876"><net_src comp="873" pin="1"/><net_sink comp="527" pin=58"/></net>

<net id="880"><net_src comp="877" pin="1"/><net_sink comp="527" pin=66"/></net>

<net id="884"><net_src comp="881" pin="1"/><net_sink comp="527" pin=74"/></net>

<net id="888"><net_src comp="885" pin="1"/><net_sink comp="527" pin=19"/></net>

<net id="892"><net_src comp="889" pin="1"/><net_sink comp="527" pin=27"/></net>

<net id="896"><net_src comp="893" pin="1"/><net_sink comp="527" pin=35"/></net>

<net id="900"><net_src comp="897" pin="1"/><net_sink comp="527" pin=43"/></net>

<net id="904"><net_src comp="901" pin="1"/><net_sink comp="527" pin=51"/></net>

<net id="908"><net_src comp="905" pin="1"/><net_sink comp="527" pin=59"/></net>

<net id="912"><net_src comp="909" pin="1"/><net_sink comp="527" pin=67"/></net>

<net id="916"><net_src comp="913" pin="1"/><net_sink comp="527" pin=75"/></net>

<net id="920"><net_src comp="122" pin="1"/><net_sink comp="917" pin=0"/></net>

<net id="921"><net_src comp="917" pin="1"/><net_sink comp="614" pin=1"/></net>

<net id="922"><net_src comp="917" pin="1"/><net_sink comp="619" pin=0"/></net>

<net id="923"><net_src comp="917" pin="1"/><net_sink comp="656" pin=1"/></net>

<net id="927"><net_src comp="382" pin="2"/><net_sink comp="924" pin=0"/></net>

<net id="928"><net_src comp="924" pin="1"/><net_sink comp="527" pin=10"/></net>

<net id="932"><net_src comp="388" pin="2"/><net_sink comp="929" pin=0"/></net>

<net id="933"><net_src comp="929" pin="1"/><net_sink comp="651" pin=1"/></net>

<net id="937"><net_src comp="126" pin="1"/><net_sink comp="934" pin=0"/></net>

<net id="938"><net_src comp="934" pin="1"/><net_sink comp="394" pin=97"/></net>

<net id="939"><net_src comp="934" pin="1"/><net_sink comp="913" pin=0"/></net>

<net id="943"><net_src comp="130" pin="1"/><net_sink comp="940" pin=0"/></net>

<net id="944"><net_src comp="940" pin="1"/><net_sink comp="394" pin=96"/></net>

<net id="945"><net_src comp="940" pin="1"/><net_sink comp="909" pin=0"/></net>

<net id="949"><net_src comp="134" pin="1"/><net_sink comp="946" pin=0"/></net>

<net id="950"><net_src comp="946" pin="1"/><net_sink comp="394" pin=95"/></net>

<net id="951"><net_src comp="946" pin="1"/><net_sink comp="905" pin=0"/></net>

<net id="955"><net_src comp="138" pin="1"/><net_sink comp="952" pin=0"/></net>

<net id="956"><net_src comp="952" pin="1"/><net_sink comp="394" pin=94"/></net>

<net id="957"><net_src comp="952" pin="1"/><net_sink comp="901" pin=0"/></net>

<net id="961"><net_src comp="142" pin="1"/><net_sink comp="958" pin=0"/></net>

<net id="962"><net_src comp="958" pin="1"/><net_sink comp="394" pin=93"/></net>

<net id="963"><net_src comp="958" pin="1"/><net_sink comp="897" pin=0"/></net>

<net id="967"><net_src comp="146" pin="1"/><net_sink comp="964" pin=0"/></net>

<net id="968"><net_src comp="964" pin="1"/><net_sink comp="394" pin=92"/></net>

<net id="969"><net_src comp="964" pin="1"/><net_sink comp="893" pin=0"/></net>

<net id="973"><net_src comp="150" pin="1"/><net_sink comp="970" pin=0"/></net>

<net id="974"><net_src comp="970" pin="1"/><net_sink comp="394" pin=91"/></net>

<net id="975"><net_src comp="970" pin="1"/><net_sink comp="889" pin=0"/></net>

<net id="979"><net_src comp="154" pin="1"/><net_sink comp="976" pin=0"/></net>

<net id="980"><net_src comp="976" pin="1"/><net_sink comp="394" pin=90"/></net>

<net id="981"><net_src comp="976" pin="1"/><net_sink comp="885" pin=0"/></net>

<net id="985"><net_src comp="158" pin="1"/><net_sink comp="982" pin=0"/></net>

<net id="986"><net_src comp="982" pin="1"/><net_sink comp="394" pin=89"/></net>

<net id="987"><net_src comp="982" pin="1"/><net_sink comp="881" pin=0"/></net>

<net id="991"><net_src comp="162" pin="1"/><net_sink comp="988" pin=0"/></net>

<net id="992"><net_src comp="988" pin="1"/><net_sink comp="394" pin=88"/></net>

<net id="993"><net_src comp="988" pin="1"/><net_sink comp="877" pin=0"/></net>

<net id="997"><net_src comp="166" pin="1"/><net_sink comp="994" pin=0"/></net>

<net id="998"><net_src comp="994" pin="1"/><net_sink comp="394" pin=87"/></net>

<net id="999"><net_src comp="994" pin="1"/><net_sink comp="873" pin=0"/></net>

<net id="1003"><net_src comp="170" pin="1"/><net_sink comp="1000" pin=0"/></net>

<net id="1004"><net_src comp="1000" pin="1"/><net_sink comp="394" pin=86"/></net>

<net id="1005"><net_src comp="1000" pin="1"/><net_sink comp="869" pin=0"/></net>

<net id="1009"><net_src comp="174" pin="1"/><net_sink comp="1006" pin=0"/></net>

<net id="1010"><net_src comp="1006" pin="1"/><net_sink comp="394" pin=85"/></net>

<net id="1011"><net_src comp="1006" pin="1"/><net_sink comp="865" pin=0"/></net>

<net id="1015"><net_src comp="178" pin="1"/><net_sink comp="1012" pin=0"/></net>

<net id="1016"><net_src comp="1012" pin="1"/><net_sink comp="394" pin=84"/></net>

<net id="1017"><net_src comp="1012" pin="1"/><net_sink comp="861" pin=0"/></net>

<net id="1021"><net_src comp="182" pin="1"/><net_sink comp="1018" pin=0"/></net>

<net id="1022"><net_src comp="1018" pin="1"/><net_sink comp="394" pin=83"/></net>

<net id="1023"><net_src comp="1018" pin="1"/><net_sink comp="857" pin=0"/></net>

<net id="1027"><net_src comp="186" pin="1"/><net_sink comp="1024" pin=0"/></net>

<net id="1028"><net_src comp="1024" pin="1"/><net_sink comp="394" pin=82"/></net>

<net id="1029"><net_src comp="1024" pin="1"/><net_sink comp="853" pin=0"/></net>

<net id="1033"><net_src comp="190" pin="1"/><net_sink comp="1030" pin=0"/></net>

<net id="1034"><net_src comp="1030" pin="1"/><net_sink comp="394" pin=81"/></net>

<net id="1035"><net_src comp="1030" pin="1"/><net_sink comp="849" pin=0"/></net>

<net id="1039"><net_src comp="194" pin="1"/><net_sink comp="1036" pin=0"/></net>

<net id="1040"><net_src comp="1036" pin="1"/><net_sink comp="394" pin=80"/></net>

<net id="1041"><net_src comp="1036" pin="1"/><net_sink comp="845" pin=0"/></net>

<net id="1045"><net_src comp="198" pin="1"/><net_sink comp="1042" pin=0"/></net>

<net id="1046"><net_src comp="1042" pin="1"/><net_sink comp="394" pin=79"/></net>

<net id="1047"><net_src comp="1042" pin="1"/><net_sink comp="841" pin=0"/></net>

<net id="1051"><net_src comp="202" pin="1"/><net_sink comp="1048" pin=0"/></net>

<net id="1052"><net_src comp="1048" pin="1"/><net_sink comp="394" pin=78"/></net>

<net id="1053"><net_src comp="1048" pin="1"/><net_sink comp="837" pin=0"/></net>

<net id="1057"><net_src comp="206" pin="1"/><net_sink comp="1054" pin=0"/></net>

<net id="1058"><net_src comp="1054" pin="1"/><net_sink comp="394" pin=77"/></net>

<net id="1059"><net_src comp="1054" pin="1"/><net_sink comp="833" pin=0"/></net>

<net id="1063"><net_src comp="210" pin="1"/><net_sink comp="1060" pin=0"/></net>

<net id="1064"><net_src comp="1060" pin="1"/><net_sink comp="394" pin=76"/></net>

<net id="1065"><net_src comp="1060" pin="1"/><net_sink comp="829" pin=0"/></net>

<net id="1069"><net_src comp="214" pin="1"/><net_sink comp="1066" pin=0"/></net>

<net id="1070"><net_src comp="1066" pin="1"/><net_sink comp="394" pin=75"/></net>

<net id="1071"><net_src comp="1066" pin="1"/><net_sink comp="825" pin=0"/></net>

<net id="1075"><net_src comp="218" pin="1"/><net_sink comp="1072" pin=0"/></net>

<net id="1076"><net_src comp="1072" pin="1"/><net_sink comp="394" pin=74"/></net>

<net id="1077"><net_src comp="1072" pin="1"/><net_sink comp="821" pin=0"/></net>

<net id="1081"><net_src comp="222" pin="1"/><net_sink comp="1078" pin=0"/></net>

<net id="1082"><net_src comp="1078" pin="1"/><net_sink comp="394" pin=73"/></net>

<net id="1083"><net_src comp="1078" pin="1"/><net_sink comp="817" pin=0"/></net>

<net id="1087"><net_src comp="226" pin="1"/><net_sink comp="1084" pin=0"/></net>

<net id="1088"><net_src comp="1084" pin="1"/><net_sink comp="394" pin=72"/></net>

<net id="1089"><net_src comp="1084" pin="1"/><net_sink comp="813" pin=0"/></net>

<net id="1093"><net_src comp="230" pin="1"/><net_sink comp="1090" pin=0"/></net>

<net id="1094"><net_src comp="1090" pin="1"/><net_sink comp="394" pin=71"/></net>

<net id="1095"><net_src comp="1090" pin="1"/><net_sink comp="809" pin=0"/></net>

<net id="1099"><net_src comp="234" pin="1"/><net_sink comp="1096" pin=0"/></net>

<net id="1100"><net_src comp="1096" pin="1"/><net_sink comp="394" pin=70"/></net>

<net id="1101"><net_src comp="1096" pin="1"/><net_sink comp="805" pin=0"/></net>

<net id="1105"><net_src comp="238" pin="1"/><net_sink comp="1102" pin=0"/></net>

<net id="1106"><net_src comp="1102" pin="1"/><net_sink comp="394" pin=69"/></net>

<net id="1107"><net_src comp="1102" pin="1"/><net_sink comp="801" pin=0"/></net>

<net id="1111"><net_src comp="242" pin="1"/><net_sink comp="1108" pin=0"/></net>

<net id="1112"><net_src comp="1108" pin="1"/><net_sink comp="394" pin=68"/></net>

<net id="1113"><net_src comp="1108" pin="1"/><net_sink comp="797" pin=0"/></net>

<net id="1117"><net_src comp="246" pin="1"/><net_sink comp="1114" pin=0"/></net>

<net id="1118"><net_src comp="1114" pin="1"/><net_sink comp="394" pin=67"/></net>

<net id="1119"><net_src comp="1114" pin="1"/><net_sink comp="793" pin=0"/></net>

<net id="1123"><net_src comp="250" pin="1"/><net_sink comp="1120" pin=0"/></net>

<net id="1124"><net_src comp="1120" pin="1"/><net_sink comp="394" pin=66"/></net>

<net id="1125"><net_src comp="1120" pin="1"/><net_sink comp="789" pin=0"/></net>

<net id="1129"><net_src comp="254" pin="1"/><net_sink comp="1126" pin=0"/></net>

<net id="1130"><net_src comp="1126" pin="1"/><net_sink comp="394" pin=65"/></net>

<net id="1131"><net_src comp="1126" pin="1"/><net_sink comp="785" pin=0"/></net>

<net id="1135"><net_src comp="258" pin="1"/><net_sink comp="1132" pin=0"/></net>

<net id="1136"><net_src comp="1132" pin="1"/><net_sink comp="394" pin=64"/></net>

<net id="1137"><net_src comp="1132" pin="1"/><net_sink comp="781" pin=0"/></net>

<net id="1141"><net_src comp="262" pin="1"/><net_sink comp="1138" pin=0"/></net>

<net id="1142"><net_src comp="1138" pin="1"/><net_sink comp="394" pin=63"/></net>

<net id="1143"><net_src comp="1138" pin="1"/><net_sink comp="777" pin=0"/></net>

<net id="1147"><net_src comp="266" pin="1"/><net_sink comp="1144" pin=0"/></net>

<net id="1148"><net_src comp="1144" pin="1"/><net_sink comp="394" pin=62"/></net>

<net id="1149"><net_src comp="1144" pin="1"/><net_sink comp="773" pin=0"/></net>

<net id="1153"><net_src comp="270" pin="1"/><net_sink comp="1150" pin=0"/></net>

<net id="1154"><net_src comp="1150" pin="1"/><net_sink comp="394" pin=61"/></net>

<net id="1155"><net_src comp="1150" pin="1"/><net_sink comp="769" pin=0"/></net>

<net id="1159"><net_src comp="274" pin="1"/><net_sink comp="1156" pin=0"/></net>

<net id="1160"><net_src comp="1156" pin="1"/><net_sink comp="394" pin=60"/></net>

<net id="1161"><net_src comp="1156" pin="1"/><net_sink comp="765" pin=0"/></net>

<net id="1165"><net_src comp="278" pin="1"/><net_sink comp="1162" pin=0"/></net>

<net id="1166"><net_src comp="1162" pin="1"/><net_sink comp="394" pin=59"/></net>

<net id="1167"><net_src comp="1162" pin="1"/><net_sink comp="761" pin=0"/></net>

<net id="1171"><net_src comp="282" pin="1"/><net_sink comp="1168" pin=0"/></net>

<net id="1172"><net_src comp="1168" pin="1"/><net_sink comp="394" pin=58"/></net>

<net id="1173"><net_src comp="1168" pin="1"/><net_sink comp="757" pin=0"/></net>

<net id="1177"><net_src comp="286" pin="1"/><net_sink comp="1174" pin=0"/></net>

<net id="1178"><net_src comp="1174" pin="1"/><net_sink comp="394" pin=57"/></net>

<net id="1179"><net_src comp="1174" pin="1"/><net_sink comp="753" pin=0"/></net>

<net id="1183"><net_src comp="290" pin="1"/><net_sink comp="1180" pin=0"/></net>

<net id="1184"><net_src comp="1180" pin="1"/><net_sink comp="394" pin=56"/></net>

<net id="1185"><net_src comp="1180" pin="1"/><net_sink comp="749" pin=0"/></net>

<net id="1189"><net_src comp="294" pin="1"/><net_sink comp="1186" pin=0"/></net>

<net id="1190"><net_src comp="1186" pin="1"/><net_sink comp="394" pin=55"/></net>

<net id="1191"><net_src comp="1186" pin="1"/><net_sink comp="745" pin=0"/></net>

<net id="1195"><net_src comp="298" pin="1"/><net_sink comp="1192" pin=0"/></net>

<net id="1196"><net_src comp="1192" pin="1"/><net_sink comp="394" pin=54"/></net>

<net id="1197"><net_src comp="1192" pin="1"/><net_sink comp="741" pin=0"/></net>

<net id="1201"><net_src comp="302" pin="1"/><net_sink comp="1198" pin=0"/></net>

<net id="1202"><net_src comp="1198" pin="1"/><net_sink comp="394" pin=53"/></net>

<net id="1203"><net_src comp="1198" pin="1"/><net_sink comp="737" pin=0"/></net>

<net id="1207"><net_src comp="306" pin="1"/><net_sink comp="1204" pin=0"/></net>

<net id="1208"><net_src comp="1204" pin="1"/><net_sink comp="394" pin=52"/></net>

<net id="1209"><net_src comp="1204" pin="1"/><net_sink comp="733" pin=0"/></net>

<net id="1213"><net_src comp="310" pin="1"/><net_sink comp="1210" pin=0"/></net>

<net id="1214"><net_src comp="1210" pin="1"/><net_sink comp="394" pin=51"/></net>

<net id="1215"><net_src comp="1210" pin="1"/><net_sink comp="729" pin=0"/></net>

<net id="1219"><net_src comp="314" pin="1"/><net_sink comp="1216" pin=0"/></net>

<net id="1220"><net_src comp="1216" pin="1"/><net_sink comp="394" pin=50"/></net>

<net id="1221"><net_src comp="1216" pin="1"/><net_sink comp="725" pin=0"/></net>

<net id="1225"><net_src comp="318" pin="1"/><net_sink comp="1222" pin=0"/></net>

<net id="1226"><net_src comp="1222" pin="1"/><net_sink comp="394" pin=49"/></net>

<net id="1227"><net_src comp="1222" pin="1"/><net_sink comp="721" pin=0"/></net>

<net id="1231"><net_src comp="322" pin="1"/><net_sink comp="1228" pin=0"/></net>

<net id="1232"><net_src comp="1228" pin="1"/><net_sink comp="394" pin=48"/></net>

<net id="1233"><net_src comp="1228" pin="1"/><net_sink comp="717" pin=0"/></net>

<net id="1237"><net_src comp="326" pin="1"/><net_sink comp="1234" pin=0"/></net>

<net id="1238"><net_src comp="1234" pin="1"/><net_sink comp="394" pin=47"/></net>

<net id="1239"><net_src comp="1234" pin="1"/><net_sink comp="713" pin=0"/></net>

<net id="1243"><net_src comp="330" pin="1"/><net_sink comp="1240" pin=0"/></net>

<net id="1244"><net_src comp="1240" pin="1"/><net_sink comp="394" pin=46"/></net>

<net id="1245"><net_src comp="1240" pin="1"/><net_sink comp="709" pin=0"/></net>

<net id="1249"><net_src comp="334" pin="1"/><net_sink comp="1246" pin=0"/></net>

<net id="1250"><net_src comp="1246" pin="1"/><net_sink comp="394" pin=45"/></net>

<net id="1251"><net_src comp="1246" pin="1"/><net_sink comp="705" pin=0"/></net>

<net id="1255"><net_src comp="338" pin="1"/><net_sink comp="1252" pin=0"/></net>

<net id="1256"><net_src comp="1252" pin="1"/><net_sink comp="394" pin=44"/></net>

<net id="1257"><net_src comp="1252" pin="1"/><net_sink comp="701" pin=0"/></net>

<net id="1261"><net_src comp="342" pin="1"/><net_sink comp="1258" pin=0"/></net>

<net id="1262"><net_src comp="1258" pin="1"/><net_sink comp="394" pin=43"/></net>

<net id="1263"><net_src comp="1258" pin="1"/><net_sink comp="697" pin=0"/></net>

<net id="1267"><net_src comp="346" pin="1"/><net_sink comp="1264" pin=0"/></net>

<net id="1268"><net_src comp="1264" pin="1"/><net_sink comp="394" pin=42"/></net>

<net id="1269"><net_src comp="1264" pin="1"/><net_sink comp="693" pin=0"/></net>

<net id="1273"><net_src comp="350" pin="1"/><net_sink comp="1270" pin=0"/></net>

<net id="1274"><net_src comp="1270" pin="1"/><net_sink comp="394" pin=41"/></net>

<net id="1275"><net_src comp="1270" pin="1"/><net_sink comp="689" pin=0"/></net>

<net id="1279"><net_src comp="354" pin="1"/><net_sink comp="1276" pin=0"/></net>

<net id="1280"><net_src comp="1276" pin="1"/><net_sink comp="394" pin=40"/></net>

<net id="1281"><net_src comp="1276" pin="1"/><net_sink comp="685" pin=0"/></net>

<net id="1285"><net_src comp="358" pin="1"/><net_sink comp="1282" pin=0"/></net>

<net id="1286"><net_src comp="1282" pin="1"/><net_sink comp="394" pin=39"/></net>

<net id="1287"><net_src comp="1282" pin="1"/><net_sink comp="681" pin=0"/></net>

<net id="1291"><net_src comp="362" pin="1"/><net_sink comp="1288" pin=0"/></net>

<net id="1292"><net_src comp="1288" pin="1"/><net_sink comp="394" pin=38"/></net>

<net id="1293"><net_src comp="1288" pin="1"/><net_sink comp="677" pin=0"/></net>

<net id="1297"><net_src comp="366" pin="1"/><net_sink comp="1294" pin=0"/></net>

<net id="1298"><net_src comp="1294" pin="1"/><net_sink comp="394" pin=37"/></net>

<net id="1299"><net_src comp="1294" pin="1"/><net_sink comp="673" pin=0"/></net>

<net id="1303"><net_src comp="370" pin="1"/><net_sink comp="1300" pin=0"/></net>

<net id="1304"><net_src comp="1300" pin="1"/><net_sink comp="394" pin=36"/></net>

<net id="1305"><net_src comp="1300" pin="1"/><net_sink comp="669" pin=0"/></net>

<net id="1309"><net_src comp="374" pin="1"/><net_sink comp="1306" pin=0"/></net>

<net id="1310"><net_src comp="1306" pin="1"/><net_sink comp="394" pin=35"/></net>

<net id="1311"><net_src comp="1306" pin="1"/><net_sink comp="665" pin=0"/></net>

<net id="1315"><net_src comp="378" pin="1"/><net_sink comp="1312" pin=0"/></net>

<net id="1316"><net_src comp="1312" pin="1"/><net_sink comp="394" pin=34"/></net>

<net id="1317"><net_src comp="1312" pin="1"/><net_sink comp="661" pin=0"/></net>

<net id="1324"><net_src comp="634" pin="1"/><net_sink comp="1321" pin=0"/></net>

<net id="1325"><net_src comp="1321" pin="1"/><net_sink comp="527" pin=1"/></net>

<net id="1329"><net_src comp="638" pin="3"/><net_sink comp="1326" pin=0"/></net>

<net id="1330"><net_src comp="1326" pin="1"/><net_sink comp="394" pin=1"/></net>

<net id="1334"><net_src comp="651" pin="2"/><net_sink comp="1331" pin=0"/></net>

<net id="1335"><net_src comp="1331" pin="1"/><net_sink comp="527" pin=11"/></net>

</net_list>

</model> 
---------------- Datapath Model END ------------------

* FSMD analyzer results:
  - Output states:
	Port: S_tile_0 | {4 5 }
	Port: S_tile_1 | {4 5 }
	Port: S_tile_2 | {4 5 }
	Port: S_tile_3 | {4 5 }
	Port: S_tile_4 | {4 5 }
	Port: S_tile_5 | {4 5 }
	Port: S_tile_6 | {4 5 }
	Port: S_tile_7 | {4 5 }
 - Input state : 
	Port: gemm_qkt : Q_tile_0 | {2 3 }
	Port: gemm_qkt : Q_tile_1 | {2 3 }
	Port: gemm_qkt : Q_tile_2 | {2 3 }
	Port: gemm_qkt : Q_tile_3 | {2 3 }
	Port: gemm_qkt : Q_tile_4 | {2 3 }
	Port: gemm_qkt : Q_tile_5 | {2 3 }
	Port: gemm_qkt : Q_tile_6 | {2 3 }
	Port: gemm_qkt : Q_tile_7 | {2 3 }
	Port: gemm_qkt : Q_tile_8 | {2 3 }
	Port: gemm_qkt : Q_tile_9 | {2 3 }
	Port: gemm_qkt : Q_tile_10 | {2 3 }
	Port: gemm_qkt : Q_tile_11 | {2 3 }
	Port: gemm_qkt : Q_tile_12 | {2 3 }
	Port: gemm_qkt : Q_tile_13 | {2 3 }
	Port: gemm_qkt : Q_tile_14 | {2 3 }
	Port: gemm_qkt : Q_tile_15 | {2 3 }
	Port: gemm_qkt : K_tile_0 | {2 3 }
	Port: gemm_qkt : K_tile_1 | {2 3 }
	Port: gemm_qkt : K_tile_2 | {2 3 }
	Port: gemm_qkt : K_tile_3 | {2 3 }
	Port: gemm_qkt : K_tile_4 | {2 3 }
	Port: gemm_qkt : K_tile_5 | {2 3 }
	Port: gemm_qkt : K_tile_6 | {2 3 }
	Port: gemm_qkt : K_tile_7 | {2 3 }
	Port: gemm_qkt : K_tile_8 | {2 3 }
	Port: gemm_qkt : K_tile_9 | {2 3 }
	Port: gemm_qkt : K_tile_10 | {2 3 }
	Port: gemm_qkt : K_tile_11 | {2 3 }
	Port: gemm_qkt : K_tile_12 | {2 3 }
	Port: gemm_qkt : K_tile_13 | {2 3 }
	Port: gemm_qkt : K_tile_14 | {2 3 }
	Port: gemm_qkt : K_tile_15 | {2 3 }
	Port: gemm_qkt : br_actual | {1 }
	Port: gemm_qkt : bc_actual | {1 }
  - Chain level:
	State 1
		store_ln51 : 1
	State 2
		add_ln51 : 1
		icmp_ln51 : 1
		br_ln51 : 2
		trunc_ln51 : 1
		tmp_s : 2
		zext_ln51 : 1
		call_ln73 : 3
		cmp60 : 2
		store_ln51 : 2
	State 3
	State 4
		call_ln51 : 1
	State 5


============================================================
+ Verbose Summary: Datapath Resource usage 
============================================================

* Functional unit list:
|----------|-------------------------------------------------------|---------|---------|---------|---------|
| Operation|                    Functional Unit                    |   DSP   |  Delay  |    FF   |   LUT   |
|----------|-------------------------------------------------------|---------|---------|---------|---------|
|   call   | grp_gemm_qkt_Pipeline_GEMM_QKT_KK_GEMM_QKT_COL_fu_394 |    17   |  12.576 |   3285  |   1260  |
|          |        grp_gemm_qkt_Pipeline_STORE_S_ROW_fu_527       |    0    |    0    |    7    |   5760  |
|----------|-------------------------------------------------------|---------|---------|---------|---------|
|   icmp   |                    icmp_ln51_fu_628                   |    0    |    0    |    0    |    3    |
|          |                      cmp60_fu_651                     |    0    |    0    |    0    |    16   |
|----------|-------------------------------------------------------|---------|---------|---------|---------|
|    add   |                    add_ln51_fu_622                    |    0    |    0    |    0    |    8    |
|----------|-------------------------------------------------------|---------|---------|---------|---------|
|   read   |               bc_actual_read_read_fu_382              |    0    |    0    |    0    |    0    |
|          |               br_actual_read_read_fu_388              |    0    |    0    |    0    |    0    |
|----------|-------------------------------------------------------|---------|---------|---------|---------|
|   trunc  |                   trunc_ln51_fu_634                   |    0    |    0    |    0    |    0    |
|----------|-------------------------------------------------------|---------|---------|---------|---------|
|bitconcatenate|                      tmp_s_fu_638                     |    0    |    0    |    0    |    0    |
|----------|-------------------------------------------------------|---------|---------|---------|---------|
|   zext   |                    zext_ln51_fu_647                   |    0    |    0    |    0    |    0    |
|----------|-------------------------------------------------------|---------|---------|---------|---------|
|   Total  |                                                       |    17   |  12.576 |   3292  |   7047  |
|----------|-------------------------------------------------------|---------|---------|---------|---------|

Memories:
N/A

* Register list:
+----------------------------+--------+
|                            |   FF   |
+----------------------------+--------+
|acc_row_10_load_loc_reg_1252|   32   |
|acc_row_11_load_loc_reg_1246|   32   |
|acc_row_12_load_loc_reg_1240|   32   |
|acc_row_13_load_loc_reg_1234|   32   |
|acc_row_14_load_loc_reg_1228|   32   |
|acc_row_15_load_loc_reg_1222|   32   |
|acc_row_16_load_loc_reg_1216|   32   |
|acc_row_17_load_loc_reg_1210|   32   |
|acc_row_18_load_loc_reg_1204|   32   |
|acc_row_19_load_loc_reg_1198|   32   |
| acc_row_1_load_loc_reg_1306|   32   |
|acc_row_20_load_loc_reg_1192|   32   |
|acc_row_21_load_loc_reg_1186|   32   |
|acc_row_22_load_loc_reg_1180|   32   |
|acc_row_23_load_loc_reg_1174|   32   |
|acc_row_24_load_loc_reg_1168|   32   |
|acc_row_25_load_loc_reg_1162|   32   |
|acc_row_26_load_loc_reg_1156|   32   |
|acc_row_27_load_loc_reg_1150|   32   |
|acc_row_28_load_loc_reg_1144|   32   |
|acc_row_29_load_loc_reg_1138|   32   |
| acc_row_2_load_loc_reg_1300|   32   |
|acc_row_30_load_loc_reg_1132|   32   |
|acc_row_31_load_loc_reg_1126|   32   |
|acc_row_32_load_loc_reg_1120|   32   |
|acc_row_33_load_loc_reg_1114|   32   |
|acc_row_34_load_loc_reg_1108|   32   |
|acc_row_35_load_loc_reg_1102|   32   |
|acc_row_36_load_loc_reg_1096|   32   |
|acc_row_37_load_loc_reg_1090|   32   |
|acc_row_38_load_loc_reg_1084|   32   |
|acc_row_39_load_loc_reg_1078|   32   |
| acc_row_3_load_loc_reg_1294|   32   |
|acc_row_40_load_loc_reg_1072|   32   |
|acc_row_41_load_loc_reg_1066|   32   |
|acc_row_42_load_loc_reg_1060|   32   |
|acc_row_43_load_loc_reg_1054|   32   |
|acc_row_44_load_loc_reg_1048|   32   |
|acc_row_45_load_loc_reg_1042|   32   |
|acc_row_46_load_loc_reg_1036|   32   |
|acc_row_47_load_loc_reg_1030|   32   |
|acc_row_48_load_loc_reg_1024|   32   |
|acc_row_49_load_loc_reg_1018|   32   |
| acc_row_4_load_loc_reg_1288|   32   |
|acc_row_50_load_loc_reg_1012|   32   |
|acc_row_51_load_loc_reg_1006|   32   |
|acc_row_52_load_loc_reg_1000|   32   |
| acc_row_53_load_loc_reg_994|   32   |
| acc_row_54_load_loc_reg_988|   32   |
| acc_row_55_load_loc_reg_982|   32   |
| acc_row_56_load_loc_reg_976|   32   |
| acc_row_57_load_loc_reg_970|   32   |
| acc_row_58_load_loc_reg_964|   32   |
| acc_row_59_load_loc_reg_958|   32   |
| acc_row_5_load_loc_reg_1282|   32   |
| acc_row_60_load_loc_reg_952|   32   |
| acc_row_61_load_loc_reg_946|   32   |
| acc_row_62_load_loc_reg_940|   32   |
| acc_row_63_load_loc_reg_934|   32   |
| acc_row_6_load_loc_reg_1276|   32   |
| acc_row_7_load_loc_reg_1270|   32   |
| acc_row_8_load_loc_reg_1264|   32   |
| acc_row_9_load_loc_reg_1258|   32   |
|  acc_row_load_loc_reg_1312 |   32   |
|   bc_actual_read_reg_924   |   32   |
|   br_actual_read_reg_929   |   32   |
|       cmp60_reg_1331       |    1   |
|          i_reg_917         |    7   |
|       tmp_s_reg_1326       |    9   |
|     trunc_ln51_reg_1321    |    6   |
+----------------------------+--------+
|            Total           |  2135  |
+----------------------------+--------+

* Multiplexer (MUX) list: 
|-------------------------------------------------------|------|------|------|--------||---------||---------||---------|
|                          Comp                         |  Pin | Size |  BW  | S x BW ||  Delay  ||    FF   ||   LUT   |
|-------------------------------------------------------|------|------|------|--------||---------||---------||---------|
| grp_gemm_qkt_Pipeline_GEMM_QKT_KK_GEMM_QKT_COL_fu_394 |  p1  |   2  |   9  |   18   ||    0    ||    16   |
|-------------------------------------------------------|------|------|------|--------||---------||---------||---------|
|                         Total                         |      |      |      |   18   ||  0.393  ||    0    ||    16   |
|-------------------------------------------------------|------|------|------|--------||---------||---------||---------|



* Summary:
+-----------+--------+--------+--------+--------+
|           |   DSP  |  Delay |   FF   |   LUT  |
+-----------+--------+--------+--------+--------+
|  Function |   17   |   12   |  3292  |  7047  |
|   Memory  |    -   |    -   |    -   |    -   |
|Multiplexer|    -   |    0   |    0   |   16   |
|  Register |    -   |    -   |  2135  |    -   |
+-----------+--------+--------+--------+--------+
|   Total   |   17   |   12   |  5427  |  7063  |
+-----------+--------+--------+--------+--------+
