

================================================================
== Vitis HLS Report for 'load_tile_fp16_bc_Pipeline_LOAD_KV_ROWS_LOAD_KV_BEATS'
================================================================
* Date:           Sun Mar 22 18:06:37 2026

* Version:        2025.1 (Build 6135595 on May 21 2025)
* Project:        FlashAtt1
* Solution:       hls (Vivado IP Flow Target)
* Product family: versalhbm
* Target device:  xcvh1582-lsva4737-2LHP-e-S


================================================================
== Performance Estimates
================================================================
+ Timing: 
    * Summary: 
    +--------+----------+----------+------------+
    |  Clock |  Target  | Estimated| Uncertainty|
    +--------+----------+----------+------------+
    |ap_clk  |  10.00 ns|  2.457 ns|     2.70 ns|
    +--------+----------+----------+------------+

+ Latency: 
    * Summary: 
    +---------+---------+----------+----------+-----+-----+------------------------------------------------+
    |  Latency (cycles) |  Latency (absolute) |  Interval |                    Pipeline                    |
    |   min   |   max   |    min   |    max   | min | max |                      Type                      |
    +---------+---------+----------+----------+-----+-----+------------------------------------------------+
    |        ?|        ?|         ?|         ?|    0|    0|  loop auto-rewind stp (delay=0 clock cycles(s))|
    +---------+---------+----------+----------+-----+-----+------------------------------------------------+

    + Detail: 
        * Instance: 
        N/A

        * Loop: 
        +------------------------------+---------+---------+----------+-----------+-----------+------+----------+
        |                              |  Latency (cycles) | Iteration|  Initiation Interval  | Trip |          |
        |           Loop Name          |   min   |   max   |  Latency |  achieved |   target  | Count| Pipelined|
        +------------------------------+---------+---------+----------+-----------+-----------+------+----------+
        |- LOAD_KV_ROWS_LOAD_KV_BEATS  |        ?|        ?|         3|          2|          1|     ?|       yes|
        +------------------------------+---------+---------+----------+-----------+-----------+------+----------+



================================================================
== Utilization Estimates
================================================================
* Summary: 
+---------------------+---------+------+---------+---------+------+
|         Name        | BRAM_18K|  DSP |    FF   |   LUT   | URAM |
+---------------------+---------+------+---------+---------+------+
|DSP                  |        -|     -|        -|        -|     -|
|Expression           |        -|     -|        0|      124|     -|
|FIFO                 |        -|     -|        -|        -|     -|
|Instance             |        -|     -|        -|        -|     -|
|Memory               |        -|     -|        -|        -|     -|
|Multiplexer          |        -|     -|        0|      620|     -|
|Register             |        -|     -|      338|        -|     -|
+---------------------+---------+------+---------+---------+------+
|Total                |        0|     0|      338|      744|     0|
+---------------------+---------+------+---------+---------+------+
|Available SLR        |     2541|  3696|  1753984|   876992|   650|
+---------------------+---------+------+---------+---------+------+
|Utilization SLR (%)  |        0|     0|       ~0|       ~0|     0|
+---------------------+---------+------+---------+---------+------+
|Available            |     5082|  7392|  3507968|  1753984|  1301|
+---------------------+---------+------+---------+---------+------+
|Utilization (%)      |        0|     0|       ~0|       ~0|     0|
+---------------------+---------+------+---------+---------+------+

+ Detail: 
    * Instance: 
    N/A

    * DSP: 
    N/A

    * Memory: 
    N/A

    * FIFO: 
    N/A

    * Expression: 
    +---------------------------------------+----------+----+---+----+------------+------------+
    |             Variable Name             | Operation| DSP| FF| LUT| Bitwidth P0| Bitwidth P1|
    +---------------------------------------+----------+----+---+----+------------+------------+
    |add_ln158_1_fu_641_p2                  |         +|   0|  0|  31|          31|           1|
    |add_ln158_fu_613_p2                    |         +|   0|  0|  33|          33|           1|
    |add_ln162_fu_1169_p2                   |         +|   0|  0|   6|           3|           1|
    |ap_block_pp0_stage0_11001_grp1         |       and|   0|  0|   2|           1|           1|
    |ap_block_state3_pp0_stage0_iter1_grp1  |       and|   0|  0|   2|           1|           1|
    |ap_condition_871                       |       and|   0|  0|   2|           1|           1|
    |icmp_ln158_fu_619_p2                   |      icmp|   0|  0|  13|          33|          33|
    |icmp_ln162_fu_647_p2                   |      icmp|   0|  0|   2|           3|           4|
    |select_ln158_1_fu_661_p3               |    select|   0|  0|  28|           1|          31|
    |select_ln158_fu_653_p3                 |    select|   0|  0|   3|           1|           1|
    |ap_enable_pp0                          |       xor|   0|  0|   2|           1|           2|
    +---------------------------------------+----------+----+---+----+------------+------------+
    |Total                                  |          |   0|  0| 124|         109|          77|
    +---------------------------------------+----------+----+---+----+------------+------------+

    * Multiplexer: 
    +-------------------------+----+-----------+-----+-----------+
    |           Name          | LUT| Input Size| Bits| Total Bits|
    +-------------------------+----+-----------+-----+-----------+
    |ap_NS_fsm                |   1|          3|    1|          3|
    |ap_done_int              |   1|          2|    1|          2|
    |ap_enable_reg_pp0_iter0  |   1|          2|    1|          2|
    |ap_enable_reg_pp0_iter1  |   1|          2|    1|          2|
    |b_fu_162                 |   8|          2|    3|          6|
    |gmem_K_blk_n_R           |   1|          2|    1|          2|
    |indvar_flatten_fu_170    |  63|          2|   33|         66|
    |r_fu_166                 |  32|          2|   31|         62|
    |tile_0_address1_local    |  16|          3|    9|         27|
    |tile_0_d1_local          |  16|          3|   16|         48|
    |tile_10_address1_local   |  16|          3|    9|         27|
    |tile_10_d1_local         |  16|          3|   16|         48|
    |tile_11_address1_local   |  16|          3|    9|         27|
    |tile_11_d1_local         |  16|          3|   16|         48|
    |tile_12_address1_local   |  16|          3|    9|         27|
    |tile_12_d1_local         |  16|          3|   16|         48|
    |tile_13_address1_local   |  16|          3|    9|         27|
    |tile_13_d1_local         |  16|          3|   16|         48|
    |tile_14_address1_local   |  16|          3|    9|         27|
    |tile_14_d1_local         |  16|          3|   16|         48|
    |tile_15_address1_local   |  16|          3|    9|         27|
    |tile_15_d1_local         |  16|          3|   16|         48|
    |tile_1_address1_local    |  16|          3|    9|         27|
    |tile_1_d1_local          |  16|          3|   16|         48|
    |tile_2_address1_local    |  16|          3|    9|         27|
    |tile_2_d1_local          |  16|          3|   16|         48|
    |tile_3_address1_local    |  16|          3|    9|         27|
    |tile_3_d1_local          |  16|          3|   16|         48|
    |tile_4_address1_local    |  16|          3|    9|         27|
    |tile_4_d1_local          |  16|          3|   16|         48|
    |tile_5_address1_local    |  16|          3|    9|         27|
    |tile_5_d1_local          |  16|          3|   16|         48|
    |tile_6_address1_local    |  16|          3|    9|         27|
    |tile_6_d1_local          |  16|          3|   16|         48|
    |tile_7_address1_local    |  16|          3|    9|         27|
    |tile_7_d1_local          |  16|          3|   16|         48|
    |tile_8_address1_local    |  16|          3|    9|         27|
    |tile_8_d1_local          |  16|          3|   16|         48|
    |tile_9_address1_local    |  16|          3|    9|         27|
    |tile_9_d1_local          |  16|          3|   16|         48|
    +-------------------------+----+-----------+-----+-----------+
    |Total                    | 620|        113|  472|       1345|
    +-------------------------+----+-----------+-----+-----------+

    * Register: 
    +-------------------------------------------+----+----+-----+-----------+
    |                    Name                   | FF | LUT| Bits| Const Bits|
    +-------------------------------------------+----+----+-----+-----------+
    |ap_CS_fsm                                  |   2|   0|    2|          0|
    |ap_block_pp0_stage0_subdone_grp0_done_reg  |   1|   0|    1|          0|
    |ap_done_reg                                |   1|   0|    1|          0|
    |ap_enable_reg_pp0_iter0_reg                |   1|   0|    1|          0|
    |ap_enable_reg_pp0_iter1                    |   1|   0|    1|          0|
    |b_fu_162                                   |   3|   0|    3|          0|
    |icmp_ln158_reg_1436                        |   1|   0|    1|          0|
    |indvar_flatten_fu_170                      |  33|   0|   33|          0|
    |r_fu_166                                   |  31|   0|   31|          0|
    |tmp_29_reg_1445                            |  16|   0|   16|          0|
    |tmp_30_reg_1450                            |  16|   0|   16|          0|
    |tmp_31_reg_1455                            |  16|   0|   16|          0|
    |tmp_32_reg_1460                            |  16|   0|   16|          0|
    |tmp_33_reg_1465                            |  16|   0|   16|          0|
    |tmp_34_reg_1470                            |  16|   0|   16|          0|
    |tmp_35_reg_1475                            |  16|   0|   16|          0|
    |tmp_36_reg_1480                            |  16|   0|   16|          0|
    |tmp_37_reg_1485                            |  16|   0|   16|          0|
    |tmp_38_reg_1490                            |  16|   0|   16|          0|
    |tmp_39_reg_1495                            |  16|   0|   16|          0|
    |tmp_40_reg_1500                            |  16|   0|   16|          0|
    |tmp_41_reg_1505                            |  16|   0|   16|          0|
    |tmp_42_reg_1510                            |  16|   0|   16|          0|
    |tmp_43_reg_1515                            |  16|   0|   16|          0|
    |tmp_44_reg_1520                            |  16|   0|   16|          0|
    |trunc_ln163_reg_1440                       |   6|   0|    6|          0|
    |trunc_ln173_reg_1525                       |   2|   0|    2|          0|
    +-------------------------------------------+----+----+-----+-----------+
    |Total                                      | 338|   0|  338|          0|
    +-------------------------------------------+----+----+-----+-----------+



================================================================
== Interface
================================================================
* Summary: 
+-------------------------+-----+-----+------------+-------------------------------------------------------+--------------+
|        RTL Ports        | Dir | Bits|  Protocol  |                     Source Object                     |    C Type    |
+-------------------------+-----+-----+------------+-------------------------------------------------------+--------------+
|ap_clk                   |   in|    1|  ap_ctrl_hs|  load_tile_fp16_bc_Pipeline_LOAD_KV_ROWS_LOAD_KV_BEATS|  return value|
|ap_rst                   |   in|    1|  ap_ctrl_hs|  load_tile_fp16_bc_Pipeline_LOAD_KV_ROWS_LOAD_KV_BEATS|  return value|
|ap_start                 |   in|    1|  ap_ctrl_hs|  load_tile_fp16_bc_Pipeline_LOAD_KV_ROWS_LOAD_KV_BEATS|  return value|
|ap_done                  |  out|    1|  ap_ctrl_hs|  load_tile_fp16_bc_Pipeline_LOAD_KV_ROWS_LOAD_KV_BEATS|  return value|
|ap_idle                  |  out|    1|  ap_ctrl_hs|  load_tile_fp16_bc_Pipeline_LOAD_KV_ROWS_LOAD_KV_BEATS|  return value|
|ap_ready                 |  out|    1|  ap_ctrl_hs|  load_tile_fp16_bc_Pipeline_LOAD_KV_ROWS_LOAD_KV_BEATS|  return value|
|tmp_47                   |   in|   33|     ap_none|                                                 tmp_47|        scalar|
|m_axi_gmem_K_0_AWVALID   |  out|    1|       m_axi|                                                 gmem_K|       pointer|
|m_axi_gmem_K_0_AWREADY   |   in|    1|       m_axi|                                                 gmem_K|       pointer|
|m_axi_gmem_K_0_AWADDR    |  out|   64|       m_axi|                                                 gmem_K|       pointer|
|m_axi_gmem_K_0_AWID      |  out|    1|       m_axi|                                                 gmem_K|       pointer|
|m_axi_gmem_K_0_AWLEN     |  out|   32|       m_axi|                                                 gmem_K|       pointer|
|m_axi_gmem_K_0_AWSIZE    |  out|    3|       m_axi|                                                 gmem_K|       pointer|
|m_axi_gmem_K_0_AWBURST   |  out|    2|       m_axi|                                                 gmem_K|       pointer|
|m_axi_gmem_K_0_AWLOCK    |  out|    2|       m_axi|                                                 gmem_K|       pointer|
|m_axi_gmem_K_0_AWCACHE   |  out|    4|       m_axi|                                                 gmem_K|       pointer|
|m_axi_gmem_K_0_AWPROT    |  out|    3|       m_axi|                                                 gmem_K|       pointer|
|m_axi_gmem_K_0_AWQOS     |  out|    4|       m_axi|                                                 gmem_K|       pointer|
|m_axi_gmem_K_0_AWREGION  |  out|    4|       m_axi|                                                 gmem_K|       pointer|
|m_axi_gmem_K_0_AWUSER    |  out|    1|       m_axi|                                                 gmem_K|       pointer|
|m_axi_gmem_K_0_WVALID    |  out|    1|       m_axi|                                                 gmem_K|       pointer|
|m_axi_gmem_K_0_WREADY    |   in|    1|       m_axi|                                                 gmem_K|       pointer|
|m_axi_gmem_K_0_WDATA     |  out|  512|       m_axi|                                                 gmem_K|       pointer|
|m_axi_gmem_K_0_WSTRB     |  out|   64|       m_axi|                                                 gmem_K|       pointer|
|m_axi_gmem_K_0_WLAST     |  out|    1|       m_axi|                                                 gmem_K|       pointer|
|m_axi_gmem_K_0_WID       |  out|    1|       m_axi|                                                 gmem_K|       pointer|
|m_axi_gmem_K_0_WUSER     |  out|    1|       m_axi|                                                 gmem_K|       pointer|
|m_axi_gmem_K_0_ARVALID   |  out|    1|       m_axi|                                                 gmem_K|       pointer|
|m_axi_gmem_K_0_ARREADY   |   in|    1|       m_axi|                                                 gmem_K|       pointer|
|m_axi_gmem_K_0_ARADDR    |  out|   64|       m_axi|                                                 gmem_K|       pointer|
|m_axi_gmem_K_0_ARID      |  out|    1|       m_axi|                                                 gmem_K|       pointer|
|m_axi_gmem_K_0_ARLEN     |  out|   32|       m_axi|                                                 gmem_K|       pointer|
|m_axi_gmem_K_0_ARSIZE    |  out|    3|       m_axi|                                                 gmem_K|       pointer|
|m_axi_gmem_K_0_ARBURST   |  out|    2|       m_axi|                                                 gmem_K|       pointer|
|m_axi_gmem_K_0_ARLOCK    |  out|    2|       m_axi|                                                 gmem_K|       pointer|
|m_axi_gmem_K_0_ARCACHE   |  out|    4|       m_axi|                                                 gmem_K|       pointer|
|m_axi_gmem_K_0_ARPROT    |  out|    3|       m_axi|                                                 gmem_K|       pointer|
|m_axi_gmem_K_0_ARQOS     |  out|    4|       m_axi|                                                 gmem_K|       pointer|
|m_axi_gmem_K_0_ARREGION  |  out|    4|       m_axi|                                                 gmem_K|       pointer|
|m_axi_gmem_K_0_ARUSER    |  out|    1|       m_axi|                                                 gmem_K|       pointer|
|m_axi_gmem_K_0_RVALID    |   in|    1|       m_axi|                                                 gmem_K|       pointer|
|m_axi_gmem_K_0_RREADY    |  out|    1|       m_axi|                                                 gmem_K|       pointer|
|m_axi_gmem_K_0_RDATA     |   in|  512|       m_axi|                                                 gmem_K|       pointer|
|m_axi_gmem_K_0_RLAST     |   in|    1|       m_axi|                                                 gmem_K|       pointer|
|m_axi_gmem_K_0_RID       |   in|    1|       m_axi|                                                 gmem_K|       pointer|
|m_axi_gmem_K_0_RFIFONUM  |   in|   11|       m_axi|                                                 gmem_K|       pointer|
|m_axi_gmem_K_0_RUSER     |   in|    1|       m_axi|                                                 gmem_K|       pointer|
|m_axi_gmem_K_0_RRESP     |   in|    2|       m_axi|                                                 gmem_K|       pointer|
|m_axi_gmem_K_0_BVALID    |   in|    1|       m_axi|                                                 gmem_K|       pointer|
|m_axi_gmem_K_0_BREADY    |  out|    1|       m_axi|                                                 gmem_K|       pointer|
|m_axi_gmem_K_0_BRESP     |   in|    2|       m_axi|                                                 gmem_K|       pointer|
|m_axi_gmem_K_0_BID       |   in|    1|       m_axi|                                                 gmem_K|       pointer|
|m_axi_gmem_K_0_BUSER     |   in|    1|       m_axi|                                                 gmem_K|       pointer|
|sext_ln158_2             |   in|   58|     ap_none|                                           sext_ln158_2|        scalar|
|tile_15_address1         |  out|    9|   ap_memory|                                                tile_15|         array|
|tile_15_ce1              |  out|    1|   ap_memory|                                                tile_15|         array|
|tile_15_we1              |  out|    1|   ap_memory|                                                tile_15|         array|
|tile_15_d1               |  out|   16|   ap_memory|                                                tile_15|         array|
|tile_14_address1         |  out|    9|   ap_memory|                                                tile_14|         array|
|tile_14_ce1              |  out|    1|   ap_memory|                                                tile_14|         array|
|tile_14_we1              |  out|    1|   ap_memory|                                                tile_14|         array|
|tile_14_d1               |  out|   16|   ap_memory|                                                tile_14|         array|
|tile_13_address1         |  out|    9|   ap_memory|                                                tile_13|         array|
|tile_13_ce1              |  out|    1|   ap_memory|                                                tile_13|         array|
|tile_13_we1              |  out|    1|   ap_memory|                                                tile_13|         array|
|tile_13_d1               |  out|   16|   ap_memory|                                                tile_13|         array|
|tile_12_address1         |  out|    9|   ap_memory|                                                tile_12|         array|
|tile_12_ce1              |  out|    1|   ap_memory|                                                tile_12|         array|
|tile_12_we1              |  out|    1|   ap_memory|                                                tile_12|         array|
|tile_12_d1               |  out|   16|   ap_memory|                                                tile_12|         array|
|tile_11_address1         |  out|    9|   ap_memory|                                                tile_11|         array|
|tile_11_ce1              |  out|    1|   ap_memory|                                                tile_11|         array|
|tile_11_we1              |  out|    1|   ap_memory|                                                tile_11|         array|
|tile_11_d1               |  out|   16|   ap_memory|                                                tile_11|         array|
|tile_10_address1         |  out|    9|   ap_memory|                                                tile_10|         array|
|tile_10_ce1              |  out|    1|   ap_memory|                                                tile_10|         array|
|tile_10_we1              |  out|    1|   ap_memory|                                                tile_10|         array|
|tile_10_d1               |  out|   16|   ap_memory|                                                tile_10|         array|
|tile_9_address1          |  out|    9|   ap_memory|                                                 tile_9|         array|
|tile_9_ce1               |  out|    1|   ap_memory|                                                 tile_9|         array|
|tile_9_we1               |  out|    1|   ap_memory|                                                 tile_9|         array|
|tile_9_d1                |  out|   16|   ap_memory|                                                 tile_9|         array|
|tile_8_address1          |  out|    9|   ap_memory|                                                 tile_8|         array|
|tile_8_ce1               |  out|    1|   ap_memory|                                                 tile_8|         array|
|tile_8_we1               |  out|    1|   ap_memory|                                                 tile_8|         array|
|tile_8_d1                |  out|   16|   ap_memory|                                                 tile_8|         array|
|tile_7_address1          |  out|    9|   ap_memory|                                                 tile_7|         array|
|tile_7_ce1               |  out|    1|   ap_memory|                                                 tile_7|         array|
|tile_7_we1               |  out|    1|   ap_memory|                                                 tile_7|         array|
|tile_7_d1                |  out|   16|   ap_memory|                                                 tile_7|         array|
|tile_6_address1          |  out|    9|   ap_memory|                                                 tile_6|         array|
|tile_6_ce1               |  out|    1|   ap_memory|                                                 tile_6|         array|
|tile_6_we1               |  out|    1|   ap_memory|                                                 tile_6|         array|
|tile_6_d1                |  out|   16|   ap_memory|                                                 tile_6|         array|
|tile_5_address1          |  out|    9|   ap_memory|                                                 tile_5|         array|
|tile_5_ce1               |  out|    1|   ap_memory|                                                 tile_5|         array|
|tile_5_we1               |  out|    1|   ap_memory|                                                 tile_5|         array|
|tile_5_d1                |  out|   16|   ap_memory|                                                 tile_5|         array|
|tile_4_address1          |  out|    9|   ap_memory|                                                 tile_4|         array|
|tile_4_ce1               |  out|    1|   ap_memory|                                                 tile_4|         array|
|tile_4_we1               |  out|    1|   ap_memory|                                                 tile_4|         array|
|tile_4_d1                |  out|   16|   ap_memory|                                                 tile_4|         array|
|tile_3_address1          |  out|    9|   ap_memory|                                                 tile_3|         array|
|tile_3_ce1               |  out|    1|   ap_memory|                                                 tile_3|         array|
|tile_3_we1               |  out|    1|   ap_memory|                                                 tile_3|         array|
|tile_3_d1                |  out|   16|   ap_memory|                                                 tile_3|         array|
|tile_2_address1          |  out|    9|   ap_memory|                                                 tile_2|         array|
|tile_2_ce1               |  out|    1|   ap_memory|                                                 tile_2|         array|
|tile_2_we1               |  out|    1|   ap_memory|                                                 tile_2|         array|
|tile_2_d1                |  out|   16|   ap_memory|                                                 tile_2|         array|
|tile_1_address1          |  out|    9|   ap_memory|                                                 tile_1|         array|
|tile_1_ce1               |  out|    1|   ap_memory|                                                 tile_1|         array|
|tile_1_we1               |  out|    1|   ap_memory|                                                 tile_1|         array|
|tile_1_d1                |  out|   16|   ap_memory|                                                 tile_1|         array|
|tile_0_address1          |  out|    9|   ap_memory|                                                 tile_0|         array|
|tile_0_ce1               |  out|    1|   ap_memory|                                                 tile_0|         array|
|tile_0_we1               |  out|    1|   ap_memory|                                                 tile_0|         array|
|tile_0_d1                |  out|   16|   ap_memory|                                                 tile_0|         array|
+-------------------------+-----+-----+------------+-------------------------------------------------------+--------------+

============================================================
+ Verbose Summary: Synthesis Manager
============================================================
InlineROM: 1
ExposeGlobal: 0
============================================================
+ Verbose Summary: CDFG Model
============================================================
IsTopModel: 0
ResetActiveHigh: 1
IsCombinational: 2
IsDatapathOnly: 2
HasWiredReturn: 1
HasMFsm: 2
HasVarLatency: 1
IsPipeline: 0
IsRtlPipelined: 0
IsInstanceOverlapped: 0
IsDontTouch: 0
HasImplIP: 0
IsGatedGlobalClock: 0

+ Individual pipeline summary: 
  * Pipeline-0: initiation interval (II) = 2, depth = 4


============================================================
+ Verbose Summary: Schedule
============================================================
* Number of FSM states : 4
* Pipeline : 1
  Pipeline-0 : II = 2, D = 4, States = { 1 2 3 4 }
* Dataflow Pipeline: 0

* FSM state transitions: 
1 --> 2 
2 --> 3 
3 --> 4 
4 --> 

* FSM state operations: 

State 1 <SV = 0> <Delay = 0.46>
ST_1 : Operation 6 [1/1] (0.00ns)   --->   "%b = alloca i32 1" [./flashattentionmemory.h:162]   --->   Operation 6 'alloca' 'b' <Predicate = true> <Delay = 0.00>
ST_1 : Operation 7 [1/1] (0.00ns)   --->   "%r = alloca i32 1" [./flashattentionmemory.h:158]   --->   Operation 7 'alloca' 'r' <Predicate = true> <Delay = 0.00>
ST_1 : Operation 8 [1/1] (0.00ns)   --->   "%indvar_flatten = alloca i32 1"   --->   Operation 8 'alloca' 'indvar_flatten' <Predicate = true> <Delay = 0.00>
ST_1 : Operation 9 [1/1] (0.00ns)   --->   "%sext_ln158_2_read = read i58 @_ssdm_op_Read.ap_auto.i58, i58 %sext_ln158_2"   --->   Operation 9 'read' 'sext_ln158_2_read' <Predicate = true> <Delay = 0.00>
ST_1 : Operation 10 [1/1] (0.00ns)   --->   "%tmp_47_read = read i33 @_ssdm_op_Read.ap_auto.i33, i33 %tmp_47"   --->   Operation 10 'read' 'tmp_47_read' <Predicate = true> <Delay = 0.00>
ST_1 : Operation 11 [1/1] (0.00ns)   --->   "%sext_ln158_2_cast = sext i58 %sext_ln158_2_read"   --->   Operation 11 'sext' 'sext_ln158_2_cast' <Predicate = true> <Delay = 0.00>
ST_1 : Operation 12 [1/1] (0.00ns)   --->   "%specmemcore_ln0 = specmemcore void @_ssdm_op_SpecMemCore, i16 %tile_15, i64 666, i64 24, i64 18446744073709551615"   --->   Operation 12 'specmemcore' 'specmemcore_ln0' <Predicate = true> <Delay = 0.00>
ST_1 : Operation 13 [1/1] (0.00ns)   --->   "%specmemcore_ln0 = specmemcore void @_ssdm_op_SpecMemCore, i16 %tile_14, i64 666, i64 24, i64 18446744073709551615"   --->   Operation 13 'specmemcore' 'specmemcore_ln0' <Predicate = true> <Delay = 0.00>
ST_1 : Operation 14 [1/1] (0.00ns)   --->   "%specmemcore_ln0 = specmemcore void @_ssdm_op_SpecMemCore, i16 %tile_13, i64 666, i64 24, i64 18446744073709551615"   --->   Operation 14 'specmemcore' 'specmemcore_ln0' <Predicate = true> <Delay = 0.00>
ST_1 : Operation 15 [1/1] (0.00ns)   --->   "%specmemcore_ln0 = specmemcore void @_ssdm_op_SpecMemCore, i16 %tile_12, i64 666, i64 24, i64 18446744073709551615"   --->   Operation 15 'specmemcore' 'specmemcore_ln0' <Predicate = true> <Delay = 0.00>
ST_1 : Operation 16 [1/1] (0.00ns)   --->   "%specmemcore_ln0 = specmemcore void @_ssdm_op_SpecMemCore, i16 %tile_11, i64 666, i64 24, i64 18446744073709551615"   --->   Operation 16 'specmemcore' 'specmemcore_ln0' <Predicate = true> <Delay = 0.00>
ST_1 : Operation 17 [1/1] (0.00ns)   --->   "%specmemcore_ln0 = specmemcore void @_ssdm_op_SpecMemCore, i16 %tile_10, i64 666, i64 24, i64 18446744073709551615"   --->   Operation 17 'specmemcore' 'specmemcore_ln0' <Predicate = true> <Delay = 0.00>
ST_1 : Operation 18 [1/1] (0.00ns)   --->   "%specmemcore_ln0 = specmemcore void @_ssdm_op_SpecMemCore, i16 %tile_9, i64 666, i64 24, i64 18446744073709551615"   --->   Operation 18 'specmemcore' 'specmemcore_ln0' <Predicate = true> <Delay = 0.00>
ST_1 : Operation 19 [1/1] (0.00ns)   --->   "%specmemcore_ln0 = specmemcore void @_ssdm_op_SpecMemCore, i16 %tile_8, i64 666, i64 24, i64 18446744073709551615"   --->   Operation 19 'specmemcore' 'specmemcore_ln0' <Predicate = true> <Delay = 0.00>
ST_1 : Operation 20 [1/1] (0.00ns)   --->   "%specmemcore_ln0 = specmemcore void @_ssdm_op_SpecMemCore, i16 %tile_7, i64 666, i64 24, i64 18446744073709551615"   --->   Operation 20 'specmemcore' 'specmemcore_ln0' <Predicate = true> <Delay = 0.00>
ST_1 : Operation 21 [1/1] (0.00ns)   --->   "%specmemcore_ln0 = specmemcore void @_ssdm_op_SpecMemCore, i16 %tile_6, i64 666, i64 24, i64 18446744073709551615"   --->   Operation 21 'specmemcore' 'specmemcore_ln0' <Predicate = true> <Delay = 0.00>
ST_1 : Operation 22 [1/1] (0.00ns)   --->   "%specmemcore_ln0 = specmemcore void @_ssdm_op_SpecMemCore, i16 %tile_5, i64 666, i64 24, i64 18446744073709551615"   --->   Operation 22 'specmemcore' 'specmemcore_ln0' <Predicate = true> <Delay = 0.00>
ST_1 : Operation 23 [1/1] (0.00ns)   --->   "%specmemcore_ln0 = specmemcore void @_ssdm_op_SpecMemCore, i16 %tile_4, i64 666, i64 24, i64 18446744073709551615"   --->   Operation 23 'specmemcore' 'specmemcore_ln0' <Predicate = true> <Delay = 0.00>
ST_1 : Operation 24 [1/1] (0.00ns)   --->   "%specmemcore_ln0 = specmemcore void @_ssdm_op_SpecMemCore, i16 %tile_3, i64 666, i64 24, i64 18446744073709551615"   --->   Operation 24 'specmemcore' 'specmemcore_ln0' <Predicate = true> <Delay = 0.00>
ST_1 : Operation 25 [1/1] (0.00ns)   --->   "%specmemcore_ln0 = specmemcore void @_ssdm_op_SpecMemCore, i16 %tile_2, i64 666, i64 24, i64 18446744073709551615"   --->   Operation 25 'specmemcore' 'specmemcore_ln0' <Predicate = true> <Delay = 0.00>
ST_1 : Operation 26 [1/1] (0.00ns)   --->   "%specmemcore_ln0 = specmemcore void @_ssdm_op_SpecMemCore, i16 %tile_1, i64 666, i64 24, i64 18446744073709551615"   --->   Operation 26 'specmemcore' 'specmemcore_ln0' <Predicate = true> <Delay = 0.00>
ST_1 : Operation 27 [1/1] (0.00ns)   --->   "%specmemcore_ln0 = specmemcore void @_ssdm_op_SpecMemCore, i16 %tile_0, i64 666, i64 24, i64 18446744073709551615"   --->   Operation 27 'specmemcore' 'specmemcore_ln0' <Predicate = true> <Delay = 0.00>
ST_1 : Operation 28 [1/1] (0.00ns)   --->   "%specinterface_ln0 = specinterface void @_ssdm_op_SpecInterface, i512 %gmem_K, void @empty_21, i32 0, i32 0, void @empty_27, i32 64, i32 65536, void @empty_29, void @empty_28, void @empty_27, i32 16, i32 16, i32 64, i32 16, void @empty_27, void @empty_27, i32 4294967295, i32 0, i32 0"   --->   Operation 28 'specinterface' 'specinterface_ln0' <Predicate = true> <Delay = 0.00>
ST_1 : Operation 29 [1/1] (0.46ns)   --->   "%store_ln0 = store i33 0, i33 %indvar_flatten"   --->   Operation 29 'store' 'store_ln0' <Predicate = true> <Delay = 0.46>
ST_1 : Operation 30 [1/1] (0.42ns)   --->   "%store_ln158 = store i31 0, i31 %r" [./flashattentionmemory.h:158]   --->   Operation 30 'store' 'store_ln158' <Predicate = true> <Delay = 0.42>
ST_1 : Operation 31 [1/1] (0.36ns)   --->   "%store_ln162 = store i3 0, i3 %b" [./flashattentionmemory.h:162]   --->   Operation 31 'store' 'store_ln162' <Predicate = true> <Delay = 0.36>
ST_1 : Operation 32 [1/1] (0.00ns)   --->   "%br_ln0 = br void %for.body4"   --->   Operation 32 'br' 'br_ln0' <Predicate = true> <Delay = 0.00>

State 2 <SV = 1> <Delay = 1.31>
ST_2 : Operation 33 [1/1] (0.00ns)   --->   "%indvar_flatten_load = load i33 %indvar_flatten" [./flashattentionmemory.h:158]   --->   Operation 33 'load' 'indvar_flatten_load' <Predicate = true> <Delay = 0.00>
ST_2 : Operation 34 [1/1] (0.85ns)   --->   "%add_ln158 = add i33 %indvar_flatten_load, i33 1" [./flashattentionmemory.h:158]   --->   Operation 34 'add' 'add_ln158' <Predicate = true> <Delay = 0.85> <CoreInst = "Adder">   --->   Core 1 'Adder' <Latency = 0> <II = 1> <Delay = 0.85> <FuncUnit> <Opcode : 'add' 'sub'> <InPorts = 2> <OutPorts = 1>
ST_2 : Operation 35 [1/1] (0.71ns)   --->   "%icmp_ln158 = icmp_eq  i33 %indvar_flatten_load, i33 %tmp_47_read" [./flashattentionmemory.h:158]   --->   Operation 35 'icmp' 'icmp_ln158' <Predicate = true> <Delay = 0.71> <CoreInst = "ICmp_EQ">   --->   Core 156 'ICmp_EQ' <Latency = 0> <II = 1> <Delay = 0.71> <FuncUnit> <Opcode : 'seteq' 'setne'> <InPorts = 2> <OutPorts = 1>
ST_2 : Operation 36 [1/1] (0.00ns)   --->   "%br_ln158 = br i1 %icmp_ln158, void %for.inc22, void %VITIS_LOOP_181_2.preheader.exitStub" [./flashattentionmemory.h:158]   --->   Operation 36 'br' 'br_ln158' <Predicate = true> <Delay = 0.00>
ST_2 : Operation 37 [1/1] (0.46ns)   --->   "%store_ln158 = store i33 %add_ln158, i33 %indvar_flatten" [./flashattentionmemory.h:158]   --->   Operation 37 'store' 'store_ln158' <Predicate = (!icmp_ln158)> <Delay = 0.46>
ST_2 : Operation 251 [1/1] (0.28ns)   --->   "%ret_ln0 = ret"   --->   Operation 251 'ret' 'ret_ln0' <Predicate = (icmp_ln158)> <Delay = 0.28>

State 3 <SV = 2> <Delay = 2.45>
ST_3 : Operation 38 [1/1] (0.00ns)   --->   "%b_load = load i3 %b" [./flashattentionmemory.h:162]   --->   Operation 38 'load' 'b_load' <Predicate = (!icmp_ln158)> <Delay = 0.00>
ST_3 : Operation 39 [1/1] (0.00ns)   --->   "%r_load = load i31 %r" [./flashattentionmemory.h:158]   --->   Operation 39 'load' 'r_load' <Predicate = (!icmp_ln158)> <Delay = 0.00>
ST_3 : Operation 40 [1/1] (0.00ns)   --->   "%gmem_K_addr = getelementptr i512 %gmem_K, i64 %sext_ln158_2_cast" [./flashattentionmemory.h:158]   --->   Operation 40 'getelementptr' 'gmem_K_addr' <Predicate = (!icmp_ln158)> <Delay = 0.00>
ST_3 : Operation 41 [1/1] (0.85ns)   --->   "%add_ln158_1 = add i31 %r_load, i31 1" [./flashattentionmemory.h:158]   --->   Operation 41 'add' 'add_ln158_1' <Predicate = (!icmp_ln158)> <Delay = 0.85> <CoreInst = "Adder">   --->   Core 1 'Adder' <Latency = 0> <II = 1> <Delay = 0.85> <FuncUnit> <Opcode : 'add' 'sub'> <InPorts = 2> <OutPorts = 1>
ST_3 : Operation 42 [1/1] (0.36ns)   --->   "%icmp_ln162 = icmp_eq  i3 %b_load, i3 4" [./flashattentionmemory.h:162]   --->   Operation 42 'icmp' 'icmp_ln162' <Predicate = (!icmp_ln158)> <Delay = 0.36> <CoreInst = "ICmp_EQ">   --->   Core 156 'ICmp_EQ' <Latency = 0> <II = 1> <Delay = 0.43> <FuncUnit> <Opcode : 'seteq' 'setne'> <InPorts = 2> <OutPorts = 1>
ST_3 : Operation 43 [1/1] (0.28ns)   --->   "%select_ln158 = select i1 %icmp_ln162, i3 0, i3 %b_load" [./flashattentionmemory.h:158]   --->   Operation 43 'select' 'select_ln158' <Predicate = (!icmp_ln158)> <Delay = 0.28> <CoreInst = "Sel">   --->   Core 77 'Sel' <Latency = 0> <II = 1> <Delay = 0.28> <FuncUnit> <Opcode : 'select'> <InPorts = 3> <OutPorts = 1>
ST_3 : Operation 44 [1/1] (0.41ns)   --->   "%select_ln158_1 = select i1 %icmp_ln162, i31 %add_ln158_1, i31 %r_load" [./flashattentionmemory.h:158]   --->   Operation 44 'select' 'select_ln158_1' <Predicate = (!icmp_ln158)> <Delay = 0.41> <CoreInst = "Sel">   --->   Core 77 'Sel' <Latency = 0> <II = 1> <Delay = 0.41> <FuncUnit> <Opcode : 'select'> <InPorts = 3> <OutPorts = 1>
ST_3 : Operation 45 [1/1] (0.00ns)   --->   "%trunc_ln163 = trunc i31 %select_ln158_1" [./flashattentionmemory.h:163]   --->   Operation 45 'trunc' 'trunc_ln163' <Predicate = (!icmp_ln158)> <Delay = 0.00>
ST_3 : Operation 46 [1/1] (0.00ns)   --->   "%muxLogicAXIMCE_to_word = muxlogic"   --->   Operation 46 'muxlogic' 'muxLogicAXIMCE_to_word' <Predicate = (!icmp_ln158)> <Delay = 0.00>
ST_3 : Operation 47 [1/1] (1.19ns)   --->   "%word = read i512 @_ssdm_op_Read.m_axi.p1i512, i64 %gmem_K_addr" [./flashattentionmemory.h:158]   --->   Operation 47 'read' 'word' <Predicate = (!icmp_ln158)> <Delay = 1.19> <CoreInst = "m_axi">   --->   Core 123 'm_axi' <Latency = 0> <II = 1> <Delay = 1.51> <Adapter> <Opcode : 'read' 'write' 'readreq' 'writereq' 'writeresp'>
ST_3 : Operation 48 [1/1] (0.00ns)   --->   "%trunc_ln67 = trunc i512 %word" [./flashattentionmemory.h:67->./flashattentionmemory.h:167]   --->   Operation 48 'trunc' 'trunc_ln67' <Predicate = (!icmp_ln158)> <Delay = 0.00>
ST_3 : Operation 49 [1/1] (0.00ns)   --->   "%vals = bitcast i16 %trunc_ln67" [./flashattentionmemory.h:67->./flashattentionmemory.h:167]   --->   Operation 49 'bitcast' 'vals' <Predicate = (!icmp_ln158)> <Delay = 0.00>
ST_3 : Operation 50 [1/1] (0.00ns)   --->   "%tmp_s = partselect i16 @_ssdm_op_PartSelect.i16.i512.i32, i512 %word, i32 16" [./flashattentionmemory.h:67->./flashattentionmemory.h:167]   --->   Operation 50 'partselect' 'tmp_s' <Predicate = (!icmp_ln158)> <Delay = 0.00>
ST_3 : Operation 51 [1/1] (0.00ns)   --->   "%vals_1 = bitcast i16 %tmp_s" [./flashattentionmemory.h:67->./flashattentionmemory.h:167]   --->   Operation 51 'bitcast' 'vals_1' <Predicate = (!icmp_ln158)> <Delay = 0.00>
ST_3 : Operation 52 [1/1] (0.00ns)   --->   "%tmp_15 = partselect i16 @_ssdm_op_PartSelect.i16.i512.i32, i512 %word, i32 32" [./flashattentionmemory.h:67->./flashattentionmemory.h:167]   --->   Operation 52 'partselect' 'tmp_15' <Predicate = (!icmp_ln158)> <Delay = 0.00>
ST_3 : Operation 53 [1/1] (0.00ns)   --->   "%vals_2 = bitcast i16 %tmp_15" [./flashattentionmemory.h:67->./flashattentionmemory.h:167]   --->   Operation 53 'bitcast' 'vals_2' <Predicate = (!icmp_ln158)> <Delay = 0.00>
ST_3 : Operation 54 [1/1] (0.00ns)   --->   "%tmp_16 = partselect i16 @_ssdm_op_PartSelect.i16.i512.i32, i512 %word, i32 48" [./flashattentionmemory.h:67->./flashattentionmemory.h:167]   --->   Operation 54 'partselect' 'tmp_16' <Predicate = (!icmp_ln158)> <Delay = 0.00>
ST_3 : Operation 55 [1/1] (0.00ns)   --->   "%vals_3 = bitcast i16 %tmp_16" [./flashattentionmemory.h:67->./flashattentionmemory.h:167]   --->   Operation 55 'bitcast' 'vals_3' <Predicate = (!icmp_ln158)> <Delay = 0.00>
ST_3 : Operation 56 [1/1] (0.00ns)   --->   "%tmp_17 = partselect i16 @_ssdm_op_PartSelect.i16.i512.i32, i512 %word, i32 64" [./flashattentionmemory.h:67->./flashattentionmemory.h:167]   --->   Operation 56 'partselect' 'tmp_17' <Predicate = (!icmp_ln158)> <Delay = 0.00>
ST_3 : Operation 57 [1/1] (0.00ns)   --->   "%vals_4 = bitcast i16 %tmp_17" [./flashattentionmemory.h:67->./flashattentionmemory.h:167]   --->   Operation 57 'bitcast' 'vals_4' <Predicate = (!icmp_ln158)> <Delay = 0.00>
ST_3 : Operation 58 [1/1] (0.00ns)   --->   "%tmp_18 = partselect i16 @_ssdm_op_PartSelect.i16.i512.i32, i512 %word, i32 80" [./flashattentionmemory.h:67->./flashattentionmemory.h:167]   --->   Operation 58 'partselect' 'tmp_18' <Predicate = (!icmp_ln158)> <Delay = 0.00>
ST_3 : Operation 59 [1/1] (0.00ns)   --->   "%vals_5 = bitcast i16 %tmp_18" [./flashattentionmemory.h:67->./flashattentionmemory.h:167]   --->   Operation 59 'bitcast' 'vals_5' <Predicate = (!icmp_ln158)> <Delay = 0.00>
ST_3 : Operation 60 [1/1] (0.00ns)   --->   "%tmp_19 = partselect i16 @_ssdm_op_PartSelect.i16.i512.i32, i512 %word, i32 96" [./flashattentionmemory.h:67->./flashattentionmemory.h:167]   --->   Operation 60 'partselect' 'tmp_19' <Predicate = (!icmp_ln158)> <Delay = 0.00>
ST_3 : Operation 61 [1/1] (0.00ns)   --->   "%vals_6 = bitcast i16 %tmp_19" [./flashattentionmemory.h:67->./flashattentionmemory.h:167]   --->   Operation 61 'bitcast' 'vals_6' <Predicate = (!icmp_ln158)> <Delay = 0.00>
ST_3 : Operation 62 [1/1] (0.00ns)   --->   "%tmp_20 = partselect i16 @_ssdm_op_PartSelect.i16.i512.i32, i512 %word, i32 112" [./flashattentionmemory.h:67->./flashattentionmemory.h:167]   --->   Operation 62 'partselect' 'tmp_20' <Predicate = (!icmp_ln158)> <Delay = 0.00>
ST_3 : Operation 63 [1/1] (0.00ns)   --->   "%vals_7 = bitcast i16 %tmp_20" [./flashattentionmemory.h:67->./flashattentionmemory.h:167]   --->   Operation 63 'bitcast' 'vals_7' <Predicate = (!icmp_ln158)> <Delay = 0.00>
ST_3 : Operation 64 [1/1] (0.00ns)   --->   "%tmp_21 = partselect i16 @_ssdm_op_PartSelect.i16.i512.i32, i512 %word, i32 128" [./flashattentionmemory.h:67->./flashattentionmemory.h:167]   --->   Operation 64 'partselect' 'tmp_21' <Predicate = (!icmp_ln158)> <Delay = 0.00>
ST_3 : Operation 65 [1/1] (0.00ns)   --->   "%vals_8 = bitcast i16 %tmp_21" [./flashattentionmemory.h:67->./flashattentionmemory.h:167]   --->   Operation 65 'bitcast' 'vals_8' <Predicate = (!icmp_ln158)> <Delay = 0.00>
ST_3 : Operation 66 [1/1] (0.00ns)   --->   "%tmp_22 = partselect i16 @_ssdm_op_PartSelect.i16.i512.i32, i512 %word, i32 144" [./flashattentionmemory.h:67->./flashattentionmemory.h:167]   --->   Operation 66 'partselect' 'tmp_22' <Predicate = (!icmp_ln158)> <Delay = 0.00>
ST_3 : Operation 67 [1/1] (0.00ns)   --->   "%vals_9 = bitcast i16 %tmp_22" [./flashattentionmemory.h:67->./flashattentionmemory.h:167]   --->   Operation 67 'bitcast' 'vals_9' <Predicate = (!icmp_ln158)> <Delay = 0.00>
ST_3 : Operation 68 [1/1] (0.00ns)   --->   "%tmp_23 = partselect i16 @_ssdm_op_PartSelect.i16.i512.i32, i512 %word, i32 160" [./flashattentionmemory.h:67->./flashattentionmemory.h:167]   --->   Operation 68 'partselect' 'tmp_23' <Predicate = (!icmp_ln158)> <Delay = 0.00>
ST_3 : Operation 69 [1/1] (0.00ns)   --->   "%vals_10 = bitcast i16 %tmp_23" [./flashattentionmemory.h:67->./flashattentionmemory.h:167]   --->   Operation 69 'bitcast' 'vals_10' <Predicate = (!icmp_ln158)> <Delay = 0.00>
ST_3 : Operation 70 [1/1] (0.00ns)   --->   "%tmp_24 = partselect i16 @_ssdm_op_PartSelect.i16.i512.i32, i512 %word, i32 176" [./flashattentionmemory.h:67->./flashattentionmemory.h:167]   --->   Operation 70 'partselect' 'tmp_24' <Predicate = (!icmp_ln158)> <Delay = 0.00>
ST_3 : Operation 71 [1/1] (0.00ns)   --->   "%vals_11 = bitcast i16 %tmp_24" [./flashattentionmemory.h:67->./flashattentionmemory.h:167]   --->   Operation 71 'bitcast' 'vals_11' <Predicate = (!icmp_ln158)> <Delay = 0.00>
ST_3 : Operation 72 [1/1] (0.00ns)   --->   "%tmp_25 = partselect i16 @_ssdm_op_PartSelect.i16.i512.i32, i512 %word, i32 192" [./flashattentionmemory.h:67->./flashattentionmemory.h:167]   --->   Operation 72 'partselect' 'tmp_25' <Predicate = (!icmp_ln158)> <Delay = 0.00>
ST_3 : Operation 73 [1/1] (0.00ns)   --->   "%vals_12 = bitcast i16 %tmp_25" [./flashattentionmemory.h:67->./flashattentionmemory.h:167]   --->   Operation 73 'bitcast' 'vals_12' <Predicate = (!icmp_ln158)> <Delay = 0.00>
ST_3 : Operation 74 [1/1] (0.00ns)   --->   "%tmp_26 = partselect i16 @_ssdm_op_PartSelect.i16.i512.i32, i512 %word, i32 208" [./flashattentionmemory.h:67->./flashattentionmemory.h:167]   --->   Operation 74 'partselect' 'tmp_26' <Predicate = (!icmp_ln158)> <Delay = 0.00>
ST_3 : Operation 75 [1/1] (0.00ns)   --->   "%vals_13 = bitcast i16 %tmp_26" [./flashattentionmemory.h:67->./flashattentionmemory.h:167]   --->   Operation 75 'bitcast' 'vals_13' <Predicate = (!icmp_ln158)> <Delay = 0.00>
ST_3 : Operation 76 [1/1] (0.00ns)   --->   "%tmp_27 = partselect i16 @_ssdm_op_PartSelect.i16.i512.i32, i512 %word, i32 224" [./flashattentionmemory.h:67->./flashattentionmemory.h:167]   --->   Operation 76 'partselect' 'tmp_27' <Predicate = (!icmp_ln158)> <Delay = 0.00>
ST_3 : Operation 77 [1/1] (0.00ns)   --->   "%vals_14 = bitcast i16 %tmp_27" [./flashattentionmemory.h:67->./flashattentionmemory.h:167]   --->   Operation 77 'bitcast' 'vals_14' <Predicate = (!icmp_ln158)> <Delay = 0.00>
ST_3 : Operation 78 [1/1] (0.00ns)   --->   "%tmp_28 = partselect i16 @_ssdm_op_PartSelect.i16.i512.i32, i512 %word, i32 240" [./flashattentionmemory.h:67->./flashattentionmemory.h:167]   --->   Operation 78 'partselect' 'tmp_28' <Predicate = (!icmp_ln158)> <Delay = 0.00>
ST_3 : Operation 79 [1/1] (0.00ns)   --->   "%vals_15 = bitcast i16 %tmp_28" [./flashattentionmemory.h:67->./flashattentionmemory.h:167]   --->   Operation 79 'bitcast' 'vals_15' <Predicate = (!icmp_ln158)> <Delay = 0.00>
ST_3 : Operation 80 [1/1] (0.00ns)   --->   "%tmp_29 = partselect i16 @_ssdm_op_PartSelect.i16.i512.i32, i512 %word, i32 256" [./flashattentionmemory.h:67->./flashattentionmemory.h:167]   --->   Operation 80 'partselect' 'tmp_29' <Predicate = (!icmp_ln158)> <Delay = 0.00>
ST_3 : Operation 81 [1/1] (0.00ns)   --->   "%tmp_30 = partselect i16 @_ssdm_op_PartSelect.i16.i512.i32, i512 %word, i32 272" [./flashattentionmemory.h:67->./flashattentionmemory.h:167]   --->   Operation 81 'partselect' 'tmp_30' <Predicate = (!icmp_ln158)> <Delay = 0.00>
ST_3 : Operation 82 [1/1] (0.00ns)   --->   "%tmp_31 = partselect i16 @_ssdm_op_PartSelect.i16.i512.i32, i512 %word, i32 288" [./flashattentionmemory.h:67->./flashattentionmemory.h:167]   --->   Operation 82 'partselect' 'tmp_31' <Predicate = (!icmp_ln158)> <Delay = 0.00>
ST_3 : Operation 83 [1/1] (0.00ns)   --->   "%tmp_32 = partselect i16 @_ssdm_op_PartSelect.i16.i512.i32, i512 %word, i32 304" [./flashattentionmemory.h:67->./flashattentionmemory.h:167]   --->   Operation 83 'partselect' 'tmp_32' <Predicate = (!icmp_ln158)> <Delay = 0.00>
ST_3 : Operation 84 [1/1] (0.00ns)   --->   "%tmp_33 = partselect i16 @_ssdm_op_PartSelect.i16.i512.i32, i512 %word, i32 320" [./flashattentionmemory.h:67->./flashattentionmemory.h:167]   --->   Operation 84 'partselect' 'tmp_33' <Predicate = (!icmp_ln158)> <Delay = 0.00>
ST_3 : Operation 85 [1/1] (0.00ns)   --->   "%tmp_34 = partselect i16 @_ssdm_op_PartSelect.i16.i512.i32, i512 %word, i32 336" [./flashattentionmemory.h:67->./flashattentionmemory.h:167]   --->   Operation 85 'partselect' 'tmp_34' <Predicate = (!icmp_ln158)> <Delay = 0.00>
ST_3 : Operation 86 [1/1] (0.00ns)   --->   "%tmp_35 = partselect i16 @_ssdm_op_PartSelect.i16.i512.i32, i512 %word, i32 352" [./flashattentionmemory.h:67->./flashattentionmemory.h:167]   --->   Operation 86 'partselect' 'tmp_35' <Predicate = (!icmp_ln158)> <Delay = 0.00>
ST_3 : Operation 87 [1/1] (0.00ns)   --->   "%tmp_36 = partselect i16 @_ssdm_op_PartSelect.i16.i512.i32, i512 %word, i32 368" [./flashattentionmemory.h:67->./flashattentionmemory.h:167]   --->   Operation 87 'partselect' 'tmp_36' <Predicate = (!icmp_ln158)> <Delay = 0.00>
ST_3 : Operation 88 [1/1] (0.00ns)   --->   "%tmp_37 = partselect i16 @_ssdm_op_PartSelect.i16.i512.i32, i512 %word, i32 384" [./flashattentionmemory.h:67->./flashattentionmemory.h:167]   --->   Operation 88 'partselect' 'tmp_37' <Predicate = (!icmp_ln158)> <Delay = 0.00>
ST_3 : Operation 89 [1/1] (0.00ns)   --->   "%tmp_38 = partselect i16 @_ssdm_op_PartSelect.i16.i512.i32, i512 %word, i32 400" [./flashattentionmemory.h:67->./flashattentionmemory.h:167]   --->   Operation 89 'partselect' 'tmp_38' <Predicate = (!icmp_ln158)> <Delay = 0.00>
ST_3 : Operation 90 [1/1] (0.00ns)   --->   "%tmp_39 = partselect i16 @_ssdm_op_PartSelect.i16.i512.i32, i512 %word, i32 416" [./flashattentionmemory.h:67->./flashattentionmemory.h:167]   --->   Operation 90 'partselect' 'tmp_39' <Predicate = (!icmp_ln158)> <Delay = 0.00>
ST_3 : Operation 91 [1/1] (0.00ns)   --->   "%tmp_40 = partselect i16 @_ssdm_op_PartSelect.i16.i512.i32, i512 %word, i32 432" [./flashattentionmemory.h:67->./flashattentionmemory.h:167]   --->   Operation 91 'partselect' 'tmp_40' <Predicate = (!icmp_ln158)> <Delay = 0.00>
ST_3 : Operation 92 [1/1] (0.00ns)   --->   "%tmp_41 = partselect i16 @_ssdm_op_PartSelect.i16.i512.i32, i512 %word, i32 448" [./flashattentionmemory.h:67->./flashattentionmemory.h:167]   --->   Operation 92 'partselect' 'tmp_41' <Predicate = (!icmp_ln158)> <Delay = 0.00>
ST_3 : Operation 93 [1/1] (0.00ns)   --->   "%tmp_42 = partselect i16 @_ssdm_op_PartSelect.i16.i512.i32, i512 %word, i32 464" [./flashattentionmemory.h:67->./flashattentionmemory.h:167]   --->   Operation 93 'partselect' 'tmp_42' <Predicate = (!icmp_ln158)> <Delay = 0.00>
ST_3 : Operation 94 [1/1] (0.00ns)   --->   "%tmp_43 = partselect i16 @_ssdm_op_PartSelect.i16.i512.i32, i512 %word, i32 480" [./flashattentionmemory.h:67->./flashattentionmemory.h:167]   --->   Operation 94 'partselect' 'tmp_43' <Predicate = (!icmp_ln158)> <Delay = 0.00>
ST_3 : Operation 95 [1/1] (0.00ns)   --->   "%tmp_44 = partselect i16 @_ssdm_op_PartSelect.i16.i512.i32, i512 %word, i32 496" [./flashattentionmemory.h:67->./flashattentionmemory.h:167]   --->   Operation 95 'partselect' 'tmp_44' <Predicate = (!icmp_ln158)> <Delay = 0.00>
ST_3 : Operation 96 [1/1] (0.00ns)   --->   "%trunc_ln173 = trunc i3 %select_ln158" [./flashattentionmemory.h:173]   --->   Operation 96 'trunc' 'trunc_ln173' <Predicate = (!icmp_ln158)> <Delay = 0.00>
ST_3 : Operation 97 [1/1] (0.00ns)   --->   "%tmp_45 = bitconcatenate i9 @_ssdm_op_BitConcatenate.i9.i6.i2.i1, i6 %trunc_ln163, i2 %trunc_ln173, i1 0" [./flashattentionmemory.h:173]   --->   Operation 97 'bitconcatenate' 'tmp_45' <Predicate = (!icmp_ln158)> <Delay = 0.00>
ST_3 : Operation 98 [1/1] (0.00ns)   --->   "%zext_ln173 = zext i9 %tmp_45" [./flashattentionmemory.h:173]   --->   Operation 98 'zext' 'zext_ln173' <Predicate = (!icmp_ln158)> <Delay = 0.00>
ST_3 : Operation 99 [1/1] (0.00ns)   --->   "%tile_0_addr = getelementptr i16 %tile_0, i64 0, i64 %zext_ln173" [./flashattentionmemory.h:173]   --->   Operation 99 'getelementptr' 'tile_0_addr' <Predicate = (!icmp_ln158)> <Delay = 0.00>
ST_3 : Operation 100 [1/1] (0.00ns)   --->   "%tile_1_addr = getelementptr i16 %tile_1, i64 0, i64 %zext_ln173" [./flashattentionmemory.h:173]   --->   Operation 100 'getelementptr' 'tile_1_addr' <Predicate = (!icmp_ln158)> <Delay = 0.00>
ST_3 : Operation 101 [1/1] (0.00ns)   --->   "%tile_2_addr = getelementptr i16 %tile_2, i64 0, i64 %zext_ln173" [./flashattentionmemory.h:173]   --->   Operation 101 'getelementptr' 'tile_2_addr' <Predicate = (!icmp_ln158)> <Delay = 0.00>
ST_3 : Operation 102 [1/1] (0.00ns)   --->   "%tile_3_addr = getelementptr i16 %tile_3, i64 0, i64 %zext_ln173" [./flashattentionmemory.h:173]   --->   Operation 102 'getelementptr' 'tile_3_addr' <Predicate = (!icmp_ln158)> <Delay = 0.00>
ST_3 : Operation 103 [1/1] (0.00ns)   --->   "%tile_4_addr = getelementptr i16 %tile_4, i64 0, i64 %zext_ln173" [./flashattentionmemory.h:173]   --->   Operation 103 'getelementptr' 'tile_4_addr' <Predicate = (!icmp_ln158)> <Delay = 0.00>
ST_3 : Operation 104 [1/1] (0.00ns)   --->   "%tile_5_addr = getelementptr i16 %tile_5, i64 0, i64 %zext_ln173" [./flashattentionmemory.h:173]   --->   Operation 104 'getelementptr' 'tile_5_addr' <Predicate = (!icmp_ln158)> <Delay = 0.00>
ST_3 : Operation 105 [1/1] (0.00ns)   --->   "%tile_6_addr = getelementptr i16 %tile_6, i64 0, i64 %zext_ln173" [./flashattentionmemory.h:173]   --->   Operation 105 'getelementptr' 'tile_6_addr' <Predicate = (!icmp_ln158)> <Delay = 0.00>
ST_3 : Operation 106 [1/1] (0.00ns)   --->   "%tile_7_addr = getelementptr i16 %tile_7, i64 0, i64 %zext_ln173" [./flashattentionmemory.h:173]   --->   Operation 106 'getelementptr' 'tile_7_addr' <Predicate = (!icmp_ln158)> <Delay = 0.00>
ST_3 : Operation 107 [1/1] (0.00ns)   --->   "%tile_8_addr = getelementptr i16 %tile_8, i64 0, i64 %zext_ln173" [./flashattentionmemory.h:173]   --->   Operation 107 'getelementptr' 'tile_8_addr' <Predicate = (!icmp_ln158)> <Delay = 0.00>
ST_3 : Operation 108 [1/1] (0.00ns)   --->   "%tile_9_addr = getelementptr i16 %tile_9, i64 0, i64 %zext_ln173" [./flashattentionmemory.h:173]   --->   Operation 108 'getelementptr' 'tile_9_addr' <Predicate = (!icmp_ln158)> <Delay = 0.00>
ST_3 : Operation 109 [1/1] (0.00ns)   --->   "%tile_10_addr = getelementptr i16 %tile_10, i64 0, i64 %zext_ln173" [./flashattentionmemory.h:173]   --->   Operation 109 'getelementptr' 'tile_10_addr' <Predicate = (!icmp_ln158)> <Delay = 0.00>
ST_3 : Operation 110 [1/1] (0.00ns)   --->   "%tile_11_addr = getelementptr i16 %tile_11, i64 0, i64 %zext_ln173" [./flashattentionmemory.h:173]   --->   Operation 110 'getelementptr' 'tile_11_addr' <Predicate = (!icmp_ln158)> <Delay = 0.00>
ST_3 : Operation 111 [1/1] (0.00ns)   --->   "%tile_12_addr = getelementptr i16 %tile_12, i64 0, i64 %zext_ln173" [./flashattentionmemory.h:173]   --->   Operation 111 'getelementptr' 'tile_12_addr' <Predicate = (!icmp_ln158)> <Delay = 0.00>
ST_3 : Operation 112 [1/1] (0.00ns)   --->   "%tile_13_addr = getelementptr i16 %tile_13, i64 0, i64 %zext_ln173" [./flashattentionmemory.h:173]   --->   Operation 112 'getelementptr' 'tile_13_addr' <Predicate = (!icmp_ln158)> <Delay = 0.00>
ST_3 : Operation 113 [1/1] (0.00ns)   --->   "%tile_14_addr = getelementptr i16 %tile_14, i64 0, i64 %zext_ln173" [./flashattentionmemory.h:173]   --->   Operation 113 'getelementptr' 'tile_14_addr' <Predicate = (!icmp_ln158)> <Delay = 0.00>
ST_3 : Operation 114 [1/1] (0.00ns)   --->   "%tile_15_addr = getelementptr i16 %tile_15, i64 0, i64 %zext_ln173" [./flashattentionmemory.h:173]   --->   Operation 114 'getelementptr' 'tile_15_addr' <Predicate = (!icmp_ln158)> <Delay = 0.00>
ST_3 : Operation 115 [1/1] (0.40ns) (share mux size 3)   --->   "%muxLogicRAMData_to_store_ln173 = muxlogic i16 %vals"   --->   Operation 115 'muxlogic' 'muxLogicRAMData_to_store_ln173' <Predicate = (!icmp_ln158)> <Delay = 0.40>
ST_3 : Operation 116 [1/1] (0.40ns) (share mux size 3)   --->   "%muxLogicRAMAddr_to_store_ln173 = muxlogic i9 %tile_0_addr"   --->   Operation 116 'muxlogic' 'muxLogicRAMAddr_to_store_ln173' <Predicate = (!icmp_ln158)> <Delay = 0.40>
ST_3 : Operation 117 [1/1] ( I:0.78ns O:0.78ns ) (share mux size 5)   --->   "%store_ln173 = store i16 %vals, i9 %tile_0_addr" [./flashattentionmemory.h:173]   --->   Operation 117 'store' 'store_ln173' <Predicate = (!icmp_ln158)> <Delay = 0.78> <CoreInst = "RAM_2P_URAM">   --->   Core 98 'RAM_2P_URAM' <Latency = 1> <II = 1> <Delay = 1.69> <Storage> <Opcode : 'load' 'store'> <Ports = 2> <Width = 16> <Depth = 512> <RAM>
ST_3 : Operation 118 [1/1] (0.40ns) (share mux size 3)   --->   "%muxLogicRAMData_to_store_ln173 = muxlogic i16 %vals_1"   --->   Operation 118 'muxlogic' 'muxLogicRAMData_to_store_ln173' <Predicate = (!icmp_ln158)> <Delay = 0.40>
ST_3 : Operation 119 [1/1] (0.40ns) (share mux size 3)   --->   "%muxLogicRAMAddr_to_store_ln173 = muxlogic i9 %tile_1_addr"   --->   Operation 119 'muxlogic' 'muxLogicRAMAddr_to_store_ln173' <Predicate = (!icmp_ln158)> <Delay = 0.40>
ST_3 : Operation 120 [1/1] ( I:0.78ns O:0.78ns ) (share mux size 5)   --->   "%store_ln173 = store i16 %vals_1, i9 %tile_1_addr" [./flashattentionmemory.h:173]   --->   Operation 120 'store' 'store_ln173' <Predicate = (!icmp_ln158)> <Delay = 0.78> <CoreInst = "RAM_2P_URAM">   --->   Core 98 'RAM_2P_URAM' <Latency = 1> <II = 1> <Delay = 1.69> <Storage> <Opcode : 'load' 'store'> <Ports = 2> <Width = 16> <Depth = 512> <RAM>
ST_3 : Operation 121 [1/1] (0.40ns) (share mux size 3)   --->   "%muxLogicRAMData_to_store_ln173 = muxlogic i16 %vals_2"   --->   Operation 121 'muxlogic' 'muxLogicRAMData_to_store_ln173' <Predicate = (!icmp_ln158)> <Delay = 0.40>
ST_3 : Operation 122 [1/1] (0.40ns) (share mux size 3)   --->   "%muxLogicRAMAddr_to_store_ln173 = muxlogic i9 %tile_2_addr"   --->   Operation 122 'muxlogic' 'muxLogicRAMAddr_to_store_ln173' <Predicate = (!icmp_ln158)> <Delay = 0.40>
ST_3 : Operation 123 [1/1] ( I:0.78ns O:0.78ns ) (share mux size 5)   --->   "%store_ln173 = store i16 %vals_2, i9 %tile_2_addr" [./flashattentionmemory.h:173]   --->   Operation 123 'store' 'store_ln173' <Predicate = (!icmp_ln158)> <Delay = 0.78> <CoreInst = "RAM_2P_URAM">   --->   Core 98 'RAM_2P_URAM' <Latency = 1> <II = 1> <Delay = 1.69> <Storage> <Opcode : 'load' 'store'> <Ports = 2> <Width = 16> <Depth = 512> <RAM>
ST_3 : Operation 124 [1/1] (0.40ns) (share mux size 3)   --->   "%muxLogicRAMData_to_store_ln173 = muxlogic i16 %vals_3"   --->   Operation 124 'muxlogic' 'muxLogicRAMData_to_store_ln173' <Predicate = (!icmp_ln158)> <Delay = 0.40>
ST_3 : Operation 125 [1/1] (0.40ns) (share mux size 3)   --->   "%muxLogicRAMAddr_to_store_ln173 = muxlogic i9 %tile_3_addr"   --->   Operation 125 'muxlogic' 'muxLogicRAMAddr_to_store_ln173' <Predicate = (!icmp_ln158)> <Delay = 0.40>
ST_3 : Operation 126 [1/1] ( I:0.78ns O:0.78ns ) (share mux size 5)   --->   "%store_ln173 = store i16 %vals_3, i9 %tile_3_addr" [./flashattentionmemory.h:173]   --->   Operation 126 'store' 'store_ln173' <Predicate = (!icmp_ln158)> <Delay = 0.78> <CoreInst = "RAM_2P_URAM">   --->   Core 98 'RAM_2P_URAM' <Latency = 1> <II = 1> <Delay = 1.69> <Storage> <Opcode : 'load' 'store'> <Ports = 2> <Width = 16> <Depth = 512> <RAM>
ST_3 : Operation 127 [1/1] (0.40ns) (share mux size 3)   --->   "%muxLogicRAMData_to_store_ln173 = muxlogic i16 %vals_4"   --->   Operation 127 'muxlogic' 'muxLogicRAMData_to_store_ln173' <Predicate = (!icmp_ln158)> <Delay = 0.40>
ST_3 : Operation 128 [1/1] (0.40ns) (share mux size 3)   --->   "%muxLogicRAMAddr_to_store_ln173 = muxlogic i9 %tile_4_addr"   --->   Operation 128 'muxlogic' 'muxLogicRAMAddr_to_store_ln173' <Predicate = (!icmp_ln158)> <Delay = 0.40>
ST_3 : Operation 129 [1/1] ( I:0.78ns O:0.78ns ) (share mux size 5)   --->   "%store_ln173 = store i16 %vals_4, i9 %tile_4_addr" [./flashattentionmemory.h:173]   --->   Operation 129 'store' 'store_ln173' <Predicate = (!icmp_ln158)> <Delay = 0.78> <CoreInst = "RAM_2P_URAM">   --->   Core 98 'RAM_2P_URAM' <Latency = 1> <II = 1> <Delay = 1.69> <Storage> <Opcode : 'load' 'store'> <Ports = 2> <Width = 16> <Depth = 512> <RAM>
ST_3 : Operation 130 [1/1] (0.40ns) (share mux size 3)   --->   "%muxLogicRAMData_to_store_ln173 = muxlogic i16 %vals_5"   --->   Operation 130 'muxlogic' 'muxLogicRAMData_to_store_ln173' <Predicate = (!icmp_ln158)> <Delay = 0.40>
ST_3 : Operation 131 [1/1] (0.40ns) (share mux size 3)   --->   "%muxLogicRAMAddr_to_store_ln173 = muxlogic i9 %tile_5_addr"   --->   Operation 131 'muxlogic' 'muxLogicRAMAddr_to_store_ln173' <Predicate = (!icmp_ln158)> <Delay = 0.40>
ST_3 : Operation 132 [1/1] ( I:0.78ns O:0.78ns ) (share mux size 5)   --->   "%store_ln173 = store i16 %vals_5, i9 %tile_5_addr" [./flashattentionmemory.h:173]   --->   Operation 132 'store' 'store_ln173' <Predicate = (!icmp_ln158)> <Delay = 0.78> <CoreInst = "RAM_2P_URAM">   --->   Core 98 'RAM_2P_URAM' <Latency = 1> <II = 1> <Delay = 1.69> <Storage> <Opcode : 'load' 'store'> <Ports = 2> <Width = 16> <Depth = 512> <RAM>
ST_3 : Operation 133 [1/1] (0.40ns) (share mux size 3)   --->   "%muxLogicRAMData_to_store_ln173 = muxlogic i16 %vals_6"   --->   Operation 133 'muxlogic' 'muxLogicRAMData_to_store_ln173' <Predicate = (!icmp_ln158)> <Delay = 0.40>
ST_3 : Operation 134 [1/1] (0.40ns) (share mux size 3)   --->   "%muxLogicRAMAddr_to_store_ln173 = muxlogic i9 %tile_6_addr"   --->   Operation 134 'muxlogic' 'muxLogicRAMAddr_to_store_ln173' <Predicate = (!icmp_ln158)> <Delay = 0.40>
ST_3 : Operation 135 [1/1] ( I:0.78ns O:0.78ns ) (share mux size 5)   --->   "%store_ln173 = store i16 %vals_6, i9 %tile_6_addr" [./flashattentionmemory.h:173]   --->   Operation 135 'store' 'store_ln173' <Predicate = (!icmp_ln158)> <Delay = 0.78> <CoreInst = "RAM_2P_URAM">   --->   Core 98 'RAM_2P_URAM' <Latency = 1> <II = 1> <Delay = 1.69> <Storage> <Opcode : 'load' 'store'> <Ports = 2> <Width = 16> <Depth = 512> <RAM>
ST_3 : Operation 136 [1/1] (0.40ns) (share mux size 3)   --->   "%muxLogicRAMData_to_store_ln173 = muxlogic i16 %vals_7"   --->   Operation 136 'muxlogic' 'muxLogicRAMData_to_store_ln173' <Predicate = (!icmp_ln158)> <Delay = 0.40>
ST_3 : Operation 137 [1/1] (0.40ns) (share mux size 3)   --->   "%muxLogicRAMAddr_to_store_ln173 = muxlogic i9 %tile_7_addr"   --->   Operation 137 'muxlogic' 'muxLogicRAMAddr_to_store_ln173' <Predicate = (!icmp_ln158)> <Delay = 0.40>
ST_3 : Operation 138 [1/1] ( I:0.78ns O:0.78ns ) (share mux size 5)   --->   "%store_ln173 = store i16 %vals_7, i9 %tile_7_addr" [./flashattentionmemory.h:173]   --->   Operation 138 'store' 'store_ln173' <Predicate = (!icmp_ln158)> <Delay = 0.78> <CoreInst = "RAM_2P_URAM">   --->   Core 98 'RAM_2P_URAM' <Latency = 1> <II = 1> <Delay = 1.69> <Storage> <Opcode : 'load' 'store'> <Ports = 2> <Width = 16> <Depth = 512> <RAM>
ST_3 : Operation 139 [1/1] (0.40ns) (share mux size 3)   --->   "%muxLogicRAMData_to_store_ln173 = muxlogic i16 %vals_8"   --->   Operation 139 'muxlogic' 'muxLogicRAMData_to_store_ln173' <Predicate = (!icmp_ln158)> <Delay = 0.40>
ST_3 : Operation 140 [1/1] (0.40ns) (share mux size 3)   --->   "%muxLogicRAMAddr_to_store_ln173 = muxlogic i9 %tile_8_addr"   --->   Operation 140 'muxlogic' 'muxLogicRAMAddr_to_store_ln173' <Predicate = (!icmp_ln158)> <Delay = 0.40>
ST_3 : Operation 141 [1/1] ( I:0.78ns O:0.78ns ) (share mux size 5)   --->   "%store_ln173 = store i16 %vals_8, i9 %tile_8_addr" [./flashattentionmemory.h:173]   --->   Operation 141 'store' 'store_ln173' <Predicate = (!icmp_ln158)> <Delay = 0.78> <CoreInst = "RAM_2P_URAM">   --->   Core 98 'RAM_2P_URAM' <Latency = 1> <II = 1> <Delay = 1.69> <Storage> <Opcode : 'load' 'store'> <Ports = 2> <Width = 16> <Depth = 512> <RAM>
ST_3 : Operation 142 [1/1] (0.40ns) (share mux size 3)   --->   "%muxLogicRAMData_to_store_ln173 = muxlogic i16 %vals_9"   --->   Operation 142 'muxlogic' 'muxLogicRAMData_to_store_ln173' <Predicate = (!icmp_ln158)> <Delay = 0.40>
ST_3 : Operation 143 [1/1] (0.40ns) (share mux size 3)   --->   "%muxLogicRAMAddr_to_store_ln173 = muxlogic i9 %tile_9_addr"   --->   Operation 143 'muxlogic' 'muxLogicRAMAddr_to_store_ln173' <Predicate = (!icmp_ln158)> <Delay = 0.40>
ST_3 : Operation 144 [1/1] ( I:0.78ns O:0.78ns ) (share mux size 5)   --->   "%store_ln173 = store i16 %vals_9, i9 %tile_9_addr" [./flashattentionmemory.h:173]   --->   Operation 144 'store' 'store_ln173' <Predicate = (!icmp_ln158)> <Delay = 0.78> <CoreInst = "RAM_2P_URAM">   --->   Core 98 'RAM_2P_URAM' <Latency = 1> <II = 1> <Delay = 1.69> <Storage> <Opcode : 'load' 'store'> <Ports = 2> <Width = 16> <Depth = 512> <RAM>
ST_3 : Operation 145 [1/1] (0.40ns) (share mux size 3)   --->   "%muxLogicRAMData_to_store_ln173 = muxlogic i16 %vals_10"   --->   Operation 145 'muxlogic' 'muxLogicRAMData_to_store_ln173' <Predicate = (!icmp_ln158)> <Delay = 0.40>
ST_3 : Operation 146 [1/1] (0.40ns) (share mux size 3)   --->   "%muxLogicRAMAddr_to_store_ln173 = muxlogic i9 %tile_10_addr"   --->   Operation 146 'muxlogic' 'muxLogicRAMAddr_to_store_ln173' <Predicate = (!icmp_ln158)> <Delay = 0.40>
ST_3 : Operation 147 [1/1] ( I:0.78ns O:0.78ns ) (share mux size 5)   --->   "%store_ln173 = store i16 %vals_10, i9 %tile_10_addr" [./flashattentionmemory.h:173]   --->   Operation 147 'store' 'store_ln173' <Predicate = (!icmp_ln158)> <Delay = 0.78> <CoreInst = "RAM_2P_URAM">   --->   Core 98 'RAM_2P_URAM' <Latency = 1> <II = 1> <Delay = 1.69> <Storage> <Opcode : 'load' 'store'> <Ports = 2> <Width = 16> <Depth = 512> <RAM>
ST_3 : Operation 148 [1/1] (0.40ns) (share mux size 3)   --->   "%muxLogicRAMData_to_store_ln173 = muxlogic i16 %vals_11"   --->   Operation 148 'muxlogic' 'muxLogicRAMData_to_store_ln173' <Predicate = (!icmp_ln158)> <Delay = 0.40>
ST_3 : Operation 149 [1/1] (0.40ns) (share mux size 3)   --->   "%muxLogicRAMAddr_to_store_ln173 = muxlogic i9 %tile_11_addr"   --->   Operation 149 'muxlogic' 'muxLogicRAMAddr_to_store_ln173' <Predicate = (!icmp_ln158)> <Delay = 0.40>
ST_3 : Operation 150 [1/1] ( I:0.78ns O:0.78ns ) (share mux size 5)   --->   "%store_ln173 = store i16 %vals_11, i9 %tile_11_addr" [./flashattentionmemory.h:173]   --->   Operation 150 'store' 'store_ln173' <Predicate = (!icmp_ln158)> <Delay = 0.78> <CoreInst = "RAM_2P_URAM">   --->   Core 98 'RAM_2P_URAM' <Latency = 1> <II = 1> <Delay = 1.69> <Storage> <Opcode : 'load' 'store'> <Ports = 2> <Width = 16> <Depth = 512> <RAM>
ST_3 : Operation 151 [1/1] (0.40ns) (share mux size 3)   --->   "%muxLogicRAMData_to_store_ln173 = muxlogic i16 %vals_12"   --->   Operation 151 'muxlogic' 'muxLogicRAMData_to_store_ln173' <Predicate = (!icmp_ln158)> <Delay = 0.40>
ST_3 : Operation 152 [1/1] (0.40ns) (share mux size 3)   --->   "%muxLogicRAMAddr_to_store_ln173 = muxlogic i9 %tile_12_addr"   --->   Operation 152 'muxlogic' 'muxLogicRAMAddr_to_store_ln173' <Predicate = (!icmp_ln158)> <Delay = 0.40>
ST_3 : Operation 153 [1/1] ( I:0.78ns O:0.78ns ) (share mux size 5)   --->   "%store_ln173 = store i16 %vals_12, i9 %tile_12_addr" [./flashattentionmemory.h:173]   --->   Operation 153 'store' 'store_ln173' <Predicate = (!icmp_ln158)> <Delay = 0.78> <CoreInst = "RAM_2P_URAM">   --->   Core 98 'RAM_2P_URAM' <Latency = 1> <II = 1> <Delay = 1.69> <Storage> <Opcode : 'load' 'store'> <Ports = 2> <Width = 16> <Depth = 512> <RAM>
ST_3 : Operation 154 [1/1] (0.40ns) (share mux size 3)   --->   "%muxLogicRAMData_to_store_ln173 = muxlogic i16 %vals_13"   --->   Operation 154 'muxlogic' 'muxLogicRAMData_to_store_ln173' <Predicate = (!icmp_ln158)> <Delay = 0.40>
ST_3 : Operation 155 [1/1] (0.40ns) (share mux size 3)   --->   "%muxLogicRAMAddr_to_store_ln173 = muxlogic i9 %tile_13_addr"   --->   Operation 155 'muxlogic' 'muxLogicRAMAddr_to_store_ln173' <Predicate = (!icmp_ln158)> <Delay = 0.40>
ST_3 : Operation 156 [1/1] ( I:0.78ns O:0.78ns ) (share mux size 5)   --->   "%store_ln173 = store i16 %vals_13, i9 %tile_13_addr" [./flashattentionmemory.h:173]   --->   Operation 156 'store' 'store_ln173' <Predicate = (!icmp_ln158)> <Delay = 0.78> <CoreInst = "RAM_2P_URAM">   --->   Core 98 'RAM_2P_URAM' <Latency = 1> <II = 1> <Delay = 1.69> <Storage> <Opcode : 'load' 'store'> <Ports = 2> <Width = 16> <Depth = 512> <RAM>
ST_3 : Operation 157 [1/1] (0.40ns) (share mux size 3)   --->   "%muxLogicRAMData_to_store_ln173 = muxlogic i16 %vals_14"   --->   Operation 157 'muxlogic' 'muxLogicRAMData_to_store_ln173' <Predicate = (!icmp_ln158)> <Delay = 0.40>
ST_3 : Operation 158 [1/1] (0.40ns) (share mux size 3)   --->   "%muxLogicRAMAddr_to_store_ln173 = muxlogic i9 %tile_14_addr"   --->   Operation 158 'muxlogic' 'muxLogicRAMAddr_to_store_ln173' <Predicate = (!icmp_ln158)> <Delay = 0.40>
ST_3 : Operation 159 [1/1] ( I:0.78ns O:0.78ns ) (share mux size 5)   --->   "%store_ln173 = store i16 %vals_14, i9 %tile_14_addr" [./flashattentionmemory.h:173]   --->   Operation 159 'store' 'store_ln173' <Predicate = (!icmp_ln158)> <Delay = 0.78> <CoreInst = "RAM_2P_URAM">   --->   Core 98 'RAM_2P_URAM' <Latency = 1> <II = 1> <Delay = 1.69> <Storage> <Opcode : 'load' 'store'> <Ports = 2> <Width = 16> <Depth = 512> <RAM>
ST_3 : Operation 160 [1/1] (0.40ns) (share mux size 3)   --->   "%muxLogicRAMData_to_store_ln173 = muxlogic i16 %vals_15"   --->   Operation 160 'muxlogic' 'muxLogicRAMData_to_store_ln173' <Predicate = (!icmp_ln158)> <Delay = 0.40>
ST_3 : Operation 161 [1/1] (0.40ns) (share mux size 3)   --->   "%muxLogicRAMAddr_to_store_ln173 = muxlogic i9 %tile_15_addr"   --->   Operation 161 'muxlogic' 'muxLogicRAMAddr_to_store_ln173' <Predicate = (!icmp_ln158)> <Delay = 0.40>
ST_3 : Operation 162 [1/1] ( I:0.78ns O:0.78ns ) (share mux size 5)   --->   "%store_ln173 = store i16 %vals_15, i9 %tile_15_addr" [./flashattentionmemory.h:173]   --->   Operation 162 'store' 'store_ln173' <Predicate = (!icmp_ln158)> <Delay = 0.78> <CoreInst = "RAM_2P_URAM">   --->   Core 98 'RAM_2P_URAM' <Latency = 1> <II = 1> <Delay = 1.69> <Storage> <Opcode : 'load' 'store'> <Ports = 2> <Width = 16> <Depth = 512> <RAM>
ST_3 : Operation 163 [1/1] (0.66ns)   --->   "%add_ln162 = add i3 %select_ln158, i3 1" [./flashattentionmemory.h:162]   --->   Operation 163 'add' 'add_ln162' <Predicate = (!icmp_ln158)> <Delay = 0.66> <CoreInst = "Adder">   --->   Core 1 'Adder' <Latency = 0> <II = 1> <Delay = 0.66> <FuncUnit> <Opcode : 'add' 'sub'> <InPorts = 2> <OutPorts = 1>
ST_3 : Operation 164 [1/1] (0.42ns)   --->   "%store_ln158 = store i31 %select_ln158_1, i31 %r" [./flashattentionmemory.h:158]   --->   Operation 164 'store' 'store_ln158' <Predicate = (!icmp_ln158)> <Delay = 0.42>
ST_3 : Operation 165 [1/1] (0.36ns)   --->   "%store_ln162 = store i3 %add_ln162, i3 %b" [./flashattentionmemory.h:162]   --->   Operation 165 'store' 'store_ln162' <Predicate = (!icmp_ln158)> <Delay = 0.36>

State 4 <SV = 3> <Delay = 1.19>
ST_4 : Operation 166 [1/1] (0.00ns)   --->   "%specloopname_ln0 = specloopname void @_ssdm_op_SpecLoopName, void @LOAD_KV_ROWS_LOAD_KV_BEATS_str"   --->   Operation 166 'specloopname' 'specloopname_ln0' <Predicate = true> <Delay = 0.00>
ST_4 : Operation 167 [1/1] (0.00ns)   --->   "%specpipeline_ln163 = specpipeline void @_ssdm_op_SpecPipeline, i32 1, i32 0, i32 0, i32 0, void @empty_27" [./flashattentionmemory.h:163]   --->   Operation 167 'specpipeline' 'specpipeline_ln163' <Predicate = true> <Delay = 0.00>
ST_4 : Operation 168 [1/1] (0.00ns)   --->   "%vals_16 = bitcast i16 %tmp_29" [./flashattentionmemory.h:67->./flashattentionmemory.h:167]   --->   Operation 168 'bitcast' 'vals_16' <Predicate = true> <Delay = 0.00>
ST_4 : Operation 169 [1/1] (0.00ns)   --->   "%vals_17 = bitcast i16 %tmp_30" [./flashattentionmemory.h:67->./flashattentionmemory.h:167]   --->   Operation 169 'bitcast' 'vals_17' <Predicate = true> <Delay = 0.00>
ST_4 : Operation 170 [1/1] (0.00ns)   --->   "%vals_18 = bitcast i16 %tmp_31" [./flashattentionmemory.h:67->./flashattentionmemory.h:167]   --->   Operation 170 'bitcast' 'vals_18' <Predicate = true> <Delay = 0.00>
ST_4 : Operation 171 [1/1] (0.00ns)   --->   "%vals_19 = bitcast i16 %tmp_32" [./flashattentionmemory.h:67->./flashattentionmemory.h:167]   --->   Operation 171 'bitcast' 'vals_19' <Predicate = true> <Delay = 0.00>
ST_4 : Operation 172 [1/1] (0.00ns)   --->   "%vals_20 = bitcast i16 %tmp_33" [./flashattentionmemory.h:67->./flashattentionmemory.h:167]   --->   Operation 172 'bitcast' 'vals_20' <Predicate = true> <Delay = 0.00>
ST_4 : Operation 173 [1/1] (0.00ns)   --->   "%vals_21 = bitcast i16 %tmp_34" [./flashattentionmemory.h:67->./flashattentionmemory.h:167]   --->   Operation 173 'bitcast' 'vals_21' <Predicate = true> <Delay = 0.00>
ST_4 : Operation 174 [1/1] (0.00ns)   --->   "%vals_22 = bitcast i16 %tmp_35" [./flashattentionmemory.h:67->./flashattentionmemory.h:167]   --->   Operation 174 'bitcast' 'vals_22' <Predicate = true> <Delay = 0.00>
ST_4 : Operation 175 [1/1] (0.00ns)   --->   "%vals_23 = bitcast i16 %tmp_36" [./flashattentionmemory.h:67->./flashattentionmemory.h:167]   --->   Operation 175 'bitcast' 'vals_23' <Predicate = true> <Delay = 0.00>
ST_4 : Operation 176 [1/1] (0.00ns)   --->   "%vals_24 = bitcast i16 %tmp_37" [./flashattentionmemory.h:67->./flashattentionmemory.h:167]   --->   Operation 176 'bitcast' 'vals_24' <Predicate = true> <Delay = 0.00>
ST_4 : Operation 177 [1/1] (0.00ns)   --->   "%vals_25 = bitcast i16 %tmp_38" [./flashattentionmemory.h:67->./flashattentionmemory.h:167]   --->   Operation 177 'bitcast' 'vals_25' <Predicate = true> <Delay = 0.00>
ST_4 : Operation 178 [1/1] (0.00ns)   --->   "%vals_26 = bitcast i16 %tmp_39" [./flashattentionmemory.h:67->./flashattentionmemory.h:167]   --->   Operation 178 'bitcast' 'vals_26' <Predicate = true> <Delay = 0.00>
ST_4 : Operation 179 [1/1] (0.00ns)   --->   "%vals_27 = bitcast i16 %tmp_40" [./flashattentionmemory.h:67->./flashattentionmemory.h:167]   --->   Operation 179 'bitcast' 'vals_27' <Predicate = true> <Delay = 0.00>
ST_4 : Operation 180 [1/1] (0.00ns)   --->   "%vals_28 = bitcast i16 %tmp_41" [./flashattentionmemory.h:67->./flashattentionmemory.h:167]   --->   Operation 180 'bitcast' 'vals_28' <Predicate = true> <Delay = 0.00>
ST_4 : Operation 181 [1/1] (0.00ns)   --->   "%vals_29 = bitcast i16 %tmp_42" [./flashattentionmemory.h:67->./flashattentionmemory.h:167]   --->   Operation 181 'bitcast' 'vals_29' <Predicate = true> <Delay = 0.00>
ST_4 : Operation 182 [1/1] (0.00ns)   --->   "%vals_30 = bitcast i16 %tmp_43" [./flashattentionmemory.h:67->./flashattentionmemory.h:167]   --->   Operation 182 'bitcast' 'vals_30' <Predicate = true> <Delay = 0.00>
ST_4 : Operation 183 [1/1] (0.00ns)   --->   "%vals_31 = bitcast i16 %tmp_44" [./flashattentionmemory.h:67->./flashattentionmemory.h:167]   --->   Operation 183 'bitcast' 'vals_31' <Predicate = true> <Delay = 0.00>
ST_4 : Operation 184 [1/1] (0.00ns)   --->   "%tmp_46 = bitconcatenate i9 @_ssdm_op_BitConcatenate.i9.i6.i2.i1, i6 %trunc_ln163, i2 %trunc_ln173, i1 1" [./flashattentionmemory.h:173]   --->   Operation 184 'bitconcatenate' 'tmp_46' <Predicate = true> <Delay = 0.00>
ST_4 : Operation 185 [1/1] (0.00ns)   --->   "%zext_ln173_1 = zext i9 %tmp_46" [./flashattentionmemory.h:173]   --->   Operation 185 'zext' 'zext_ln173_1' <Predicate = true> <Delay = 0.00>
ST_4 : Operation 186 [1/1] (0.00ns)   --->   "%tile_0_addr_2 = getelementptr i16 %tile_0, i64 0, i64 %zext_ln173_1" [./flashattentionmemory.h:173]   --->   Operation 186 'getelementptr' 'tile_0_addr_2' <Predicate = true> <Delay = 0.00>
ST_4 : Operation 187 [1/1] (0.00ns)   --->   "%tile_1_addr_2 = getelementptr i16 %tile_1, i64 0, i64 %zext_ln173_1" [./flashattentionmemory.h:173]   --->   Operation 187 'getelementptr' 'tile_1_addr_2' <Predicate = true> <Delay = 0.00>
ST_4 : Operation 188 [1/1] (0.00ns)   --->   "%tile_2_addr_2 = getelementptr i16 %tile_2, i64 0, i64 %zext_ln173_1" [./flashattentionmemory.h:173]   --->   Operation 188 'getelementptr' 'tile_2_addr_2' <Predicate = true> <Delay = 0.00>
ST_4 : Operation 189 [1/1] (0.00ns)   --->   "%tile_3_addr_2 = getelementptr i16 %tile_3, i64 0, i64 %zext_ln173_1" [./flashattentionmemory.h:173]   --->   Operation 189 'getelementptr' 'tile_3_addr_2' <Predicate = true> <Delay = 0.00>
ST_4 : Operation 190 [1/1] (0.00ns)   --->   "%tile_4_addr_2 = getelementptr i16 %tile_4, i64 0, i64 %zext_ln173_1" [./flashattentionmemory.h:173]   --->   Operation 190 'getelementptr' 'tile_4_addr_2' <Predicate = true> <Delay = 0.00>
ST_4 : Operation 191 [1/1] (0.00ns)   --->   "%tile_5_addr_2 = getelementptr i16 %tile_5, i64 0, i64 %zext_ln173_1" [./flashattentionmemory.h:173]   --->   Operation 191 'getelementptr' 'tile_5_addr_2' <Predicate = true> <Delay = 0.00>
ST_4 : Operation 192 [1/1] (0.00ns)   --->   "%tile_6_addr_2 = getelementptr i16 %tile_6, i64 0, i64 %zext_ln173_1" [./flashattentionmemory.h:173]   --->   Operation 192 'getelementptr' 'tile_6_addr_2' <Predicate = true> <Delay = 0.00>
ST_4 : Operation 193 [1/1] (0.00ns)   --->   "%tile_7_addr_2 = getelementptr i16 %tile_7, i64 0, i64 %zext_ln173_1" [./flashattentionmemory.h:173]   --->   Operation 193 'getelementptr' 'tile_7_addr_2' <Predicate = true> <Delay = 0.00>
ST_4 : Operation 194 [1/1] (0.00ns)   --->   "%tile_8_addr_2 = getelementptr i16 %tile_8, i64 0, i64 %zext_ln173_1" [./flashattentionmemory.h:173]   --->   Operation 194 'getelementptr' 'tile_8_addr_2' <Predicate = true> <Delay = 0.00>
ST_4 : Operation 195 [1/1] (0.00ns)   --->   "%tile_9_addr_2 = getelementptr i16 %tile_9, i64 0, i64 %zext_ln173_1" [./flashattentionmemory.h:173]   --->   Operation 195 'getelementptr' 'tile_9_addr_2' <Predicate = true> <Delay = 0.00>
ST_4 : Operation 196 [1/1] (0.00ns)   --->   "%tile_10_addr_2 = getelementptr i16 %tile_10, i64 0, i64 %zext_ln173_1" [./flashattentionmemory.h:173]   --->   Operation 196 'getelementptr' 'tile_10_addr_2' <Predicate = true> <Delay = 0.00>
ST_4 : Operation 197 [1/1] (0.00ns)   --->   "%tile_11_addr_2 = getelementptr i16 %tile_11, i64 0, i64 %zext_ln173_1" [./flashattentionmemory.h:173]   --->   Operation 197 'getelementptr' 'tile_11_addr_2' <Predicate = true> <Delay = 0.00>
ST_4 : Operation 198 [1/1] (0.00ns)   --->   "%tile_12_addr_2 = getelementptr i16 %tile_12, i64 0, i64 %zext_ln173_1" [./flashattentionmemory.h:173]   --->   Operation 198 'getelementptr' 'tile_12_addr_2' <Predicate = true> <Delay = 0.00>
ST_4 : Operation 199 [1/1] (0.00ns)   --->   "%tile_13_addr_2 = getelementptr i16 %tile_13, i64 0, i64 %zext_ln173_1" [./flashattentionmemory.h:173]   --->   Operation 199 'getelementptr' 'tile_13_addr_2' <Predicate = true> <Delay = 0.00>
ST_4 : Operation 200 [1/1] (0.00ns)   --->   "%tile_14_addr_2 = getelementptr i16 %tile_14, i64 0, i64 %zext_ln173_1" [./flashattentionmemory.h:173]   --->   Operation 200 'getelementptr' 'tile_14_addr_2' <Predicate = true> <Delay = 0.00>
ST_4 : Operation 201 [1/1] (0.00ns)   --->   "%tile_15_addr_2 = getelementptr i16 %tile_15, i64 0, i64 %zext_ln173_1" [./flashattentionmemory.h:173]   --->   Operation 201 'getelementptr' 'tile_15_addr_2' <Predicate = true> <Delay = 0.00>
ST_4 : Operation 202 [1/1] (0.40ns) (share mux size 3)   --->   "%muxLogicRAMData_to_store_ln173 = muxlogic i16 %vals_16"   --->   Operation 202 'muxlogic' 'muxLogicRAMData_to_store_ln173' <Predicate = true> <Delay = 0.40>
ST_4 : Operation 203 [1/1] (0.40ns) (share mux size 3)   --->   "%muxLogicRAMAddr_to_store_ln173 = muxlogic i9 %tile_0_addr_2"   --->   Operation 203 'muxlogic' 'muxLogicRAMAddr_to_store_ln173' <Predicate = true> <Delay = 0.40>
ST_4 : Operation 204 [1/1] ( I:0.78ns O:0.78ns ) (share mux size 5)   --->   "%store_ln173 = store i16 %vals_16, i9 %tile_0_addr_2" [./flashattentionmemory.h:173]   --->   Operation 204 'store' 'store_ln173' <Predicate = true> <Delay = 0.78> <CoreInst = "RAM_2P_URAM">   --->   Core 98 'RAM_2P_URAM' <Latency = 1> <II = 1> <Delay = 1.69> <Storage> <Opcode : 'load' 'store'> <Ports = 2> <Width = 16> <Depth = 512> <RAM>
ST_4 : Operation 205 [1/1] (0.40ns) (share mux size 3)   --->   "%muxLogicRAMData_to_store_ln173 = muxlogic i16 %vals_17"   --->   Operation 205 'muxlogic' 'muxLogicRAMData_to_store_ln173' <Predicate = true> <Delay = 0.40>
ST_4 : Operation 206 [1/1] (0.40ns) (share mux size 3)   --->   "%muxLogicRAMAddr_to_store_ln173 = muxlogic i9 %tile_1_addr_2"   --->   Operation 206 'muxlogic' 'muxLogicRAMAddr_to_store_ln173' <Predicate = true> <Delay = 0.40>
ST_4 : Operation 207 [1/1] ( I:0.78ns O:0.78ns ) (share mux size 5)   --->   "%store_ln173 = store i16 %vals_17, i9 %tile_1_addr_2" [./flashattentionmemory.h:173]   --->   Operation 207 'store' 'store_ln173' <Predicate = true> <Delay = 0.78> <CoreInst = "RAM_2P_URAM">   --->   Core 98 'RAM_2P_URAM' <Latency = 1> <II = 1> <Delay = 1.69> <Storage> <Opcode : 'load' 'store'> <Ports = 2> <Width = 16> <Depth = 512> <RAM>
ST_4 : Operation 208 [1/1] (0.40ns) (share mux size 3)   --->   "%muxLogicRAMData_to_store_ln173 = muxlogic i16 %vals_18"   --->   Operation 208 'muxlogic' 'muxLogicRAMData_to_store_ln173' <Predicate = true> <Delay = 0.40>
ST_4 : Operation 209 [1/1] (0.40ns) (share mux size 3)   --->   "%muxLogicRAMAddr_to_store_ln173 = muxlogic i9 %tile_2_addr_2"   --->   Operation 209 'muxlogic' 'muxLogicRAMAddr_to_store_ln173' <Predicate = true> <Delay = 0.40>
ST_4 : Operation 210 [1/1] ( I:0.78ns O:0.78ns ) (share mux size 5)   --->   "%store_ln173 = store i16 %vals_18, i9 %tile_2_addr_2" [./flashattentionmemory.h:173]   --->   Operation 210 'store' 'store_ln173' <Predicate = true> <Delay = 0.78> <CoreInst = "RAM_2P_URAM">   --->   Core 98 'RAM_2P_URAM' <Latency = 1> <II = 1> <Delay = 1.69> <Storage> <Opcode : 'load' 'store'> <Ports = 2> <Width = 16> <Depth = 512> <RAM>
ST_4 : Operation 211 [1/1] (0.40ns) (share mux size 3)   --->   "%muxLogicRAMData_to_store_ln173 = muxlogic i16 %vals_19"   --->   Operation 211 'muxlogic' 'muxLogicRAMData_to_store_ln173' <Predicate = true> <Delay = 0.40>
ST_4 : Operation 212 [1/1] (0.40ns) (share mux size 3)   --->   "%muxLogicRAMAddr_to_store_ln173 = muxlogic i9 %tile_3_addr_2"   --->   Operation 212 'muxlogic' 'muxLogicRAMAddr_to_store_ln173' <Predicate = true> <Delay = 0.40>
ST_4 : Operation 213 [1/1] ( I:0.78ns O:0.78ns ) (share mux size 5)   --->   "%store_ln173 = store i16 %vals_19, i9 %tile_3_addr_2" [./flashattentionmemory.h:173]   --->   Operation 213 'store' 'store_ln173' <Predicate = true> <Delay = 0.78> <CoreInst = "RAM_2P_URAM">   --->   Core 98 'RAM_2P_URAM' <Latency = 1> <II = 1> <Delay = 1.69> <Storage> <Opcode : 'load' 'store'> <Ports = 2> <Width = 16> <Depth = 512> <RAM>
ST_4 : Operation 214 [1/1] (0.40ns) (share mux size 3)   --->   "%muxLogicRAMData_to_store_ln173 = muxlogic i16 %vals_20"   --->   Operation 214 'muxlogic' 'muxLogicRAMData_to_store_ln173' <Predicate = true> <Delay = 0.40>
ST_4 : Operation 215 [1/1] (0.40ns) (share mux size 3)   --->   "%muxLogicRAMAddr_to_store_ln173 = muxlogic i9 %tile_4_addr_2"   --->   Operation 215 'muxlogic' 'muxLogicRAMAddr_to_store_ln173' <Predicate = true> <Delay = 0.40>
ST_4 : Operation 216 [1/1] ( I:0.78ns O:0.78ns ) (share mux size 5)   --->   "%store_ln173 = store i16 %vals_20, i9 %tile_4_addr_2" [./flashattentionmemory.h:173]   --->   Operation 216 'store' 'store_ln173' <Predicate = true> <Delay = 0.78> <CoreInst = "RAM_2P_URAM">   --->   Core 98 'RAM_2P_URAM' <Latency = 1> <II = 1> <Delay = 1.69> <Storage> <Opcode : 'load' 'store'> <Ports = 2> <Width = 16> <Depth = 512> <RAM>
ST_4 : Operation 217 [1/1] (0.40ns) (share mux size 3)   --->   "%muxLogicRAMData_to_store_ln173 = muxlogic i16 %vals_21"   --->   Operation 217 'muxlogic' 'muxLogicRAMData_to_store_ln173' <Predicate = true> <Delay = 0.40>
ST_4 : Operation 218 [1/1] (0.40ns) (share mux size 3)   --->   "%muxLogicRAMAddr_to_store_ln173 = muxlogic i9 %tile_5_addr_2"   --->   Operation 218 'muxlogic' 'muxLogicRAMAddr_to_store_ln173' <Predicate = true> <Delay = 0.40>
ST_4 : Operation 219 [1/1] ( I:0.78ns O:0.78ns ) (share mux size 5)   --->   "%store_ln173 = store i16 %vals_21, i9 %tile_5_addr_2" [./flashattentionmemory.h:173]   --->   Operation 219 'store' 'store_ln173' <Predicate = true> <Delay = 0.78> <CoreInst = "RAM_2P_URAM">   --->   Core 98 'RAM_2P_URAM' <Latency = 1> <II = 1> <Delay = 1.69> <Storage> <Opcode : 'load' 'store'> <Ports = 2> <Width = 16> <Depth = 512> <RAM>
ST_4 : Operation 220 [1/1] (0.40ns) (share mux size 3)   --->   "%muxLogicRAMData_to_store_ln173 = muxlogic i16 %vals_22"   --->   Operation 220 'muxlogic' 'muxLogicRAMData_to_store_ln173' <Predicate = true> <Delay = 0.40>
ST_4 : Operation 221 [1/1] (0.40ns) (share mux size 3)   --->   "%muxLogicRAMAddr_to_store_ln173 = muxlogic i9 %tile_6_addr_2"   --->   Operation 221 'muxlogic' 'muxLogicRAMAddr_to_store_ln173' <Predicate = true> <Delay = 0.40>
ST_4 : Operation 222 [1/1] ( I:0.78ns O:0.78ns ) (share mux size 5)   --->   "%store_ln173 = store i16 %vals_22, i9 %tile_6_addr_2" [./flashattentionmemory.h:173]   --->   Operation 222 'store' 'store_ln173' <Predicate = true> <Delay = 0.78> <CoreInst = "RAM_2P_URAM">   --->   Core 98 'RAM_2P_URAM' <Latency = 1> <II = 1> <Delay = 1.69> <Storage> <Opcode : 'load' 'store'> <Ports = 2> <Width = 16> <Depth = 512> <RAM>
ST_4 : Operation 223 [1/1] (0.40ns) (share mux size 3)   --->   "%muxLogicRAMData_to_store_ln173 = muxlogic i16 %vals_23"   --->   Operation 223 'muxlogic' 'muxLogicRAMData_to_store_ln173' <Predicate = true> <Delay = 0.40>
ST_4 : Operation 224 [1/1] (0.40ns) (share mux size 3)   --->   "%muxLogicRAMAddr_to_store_ln173 = muxlogic i9 %tile_7_addr_2"   --->   Operation 224 'muxlogic' 'muxLogicRAMAddr_to_store_ln173' <Predicate = true> <Delay = 0.40>
ST_4 : Operation 225 [1/1] ( I:0.78ns O:0.78ns ) (share mux size 5)   --->   "%store_ln173 = store i16 %vals_23, i9 %tile_7_addr_2" [./flashattentionmemory.h:173]   --->   Operation 225 'store' 'store_ln173' <Predicate = true> <Delay = 0.78> <CoreInst = "RAM_2P_URAM">   --->   Core 98 'RAM_2P_URAM' <Latency = 1> <II = 1> <Delay = 1.69> <Storage> <Opcode : 'load' 'store'> <Ports = 2> <Width = 16> <Depth = 512> <RAM>
ST_4 : Operation 226 [1/1] (0.40ns) (share mux size 3)   --->   "%muxLogicRAMData_to_store_ln173 = muxlogic i16 %vals_24"   --->   Operation 226 'muxlogic' 'muxLogicRAMData_to_store_ln173' <Predicate = true> <Delay = 0.40>
ST_4 : Operation 227 [1/1] (0.40ns) (share mux size 3)   --->   "%muxLogicRAMAddr_to_store_ln173 = muxlogic i9 %tile_8_addr_2"   --->   Operation 227 'muxlogic' 'muxLogicRAMAddr_to_store_ln173' <Predicate = true> <Delay = 0.40>
ST_4 : Operation 228 [1/1] ( I:0.78ns O:0.78ns ) (share mux size 5)   --->   "%store_ln173 = store i16 %vals_24, i9 %tile_8_addr_2" [./flashattentionmemory.h:173]   --->   Operation 228 'store' 'store_ln173' <Predicate = true> <Delay = 0.78> <CoreInst = "RAM_2P_URAM">   --->   Core 98 'RAM_2P_URAM' <Latency = 1> <II = 1> <Delay = 1.69> <Storage> <Opcode : 'load' 'store'> <Ports = 2> <Width = 16> <Depth = 512> <RAM>
ST_4 : Operation 229 [1/1] (0.40ns) (share mux size 3)   --->   "%muxLogicRAMData_to_store_ln173 = muxlogic i16 %vals_25"   --->   Operation 229 'muxlogic' 'muxLogicRAMData_to_store_ln173' <Predicate = true> <Delay = 0.40>
ST_4 : Operation 230 [1/1] (0.40ns) (share mux size 3)   --->   "%muxLogicRAMAddr_to_store_ln173 = muxlogic i9 %tile_9_addr_2"   --->   Operation 230 'muxlogic' 'muxLogicRAMAddr_to_store_ln173' <Predicate = true> <Delay = 0.40>
ST_4 : Operation 231 [1/1] ( I:0.78ns O:0.78ns ) (share mux size 5)   --->   "%store_ln173 = store i16 %vals_25, i9 %tile_9_addr_2" [./flashattentionmemory.h:173]   --->   Operation 231 'store' 'store_ln173' <Predicate = true> <Delay = 0.78> <CoreInst = "RAM_2P_URAM">   --->   Core 98 'RAM_2P_URAM' <Latency = 1> <II = 1> <Delay = 1.69> <Storage> <Opcode : 'load' 'store'> <Ports = 2> <Width = 16> <Depth = 512> <RAM>
ST_4 : Operation 232 [1/1] (0.40ns) (share mux size 3)   --->   "%muxLogicRAMData_to_store_ln173 = muxlogic i16 %vals_26"   --->   Operation 232 'muxlogic' 'muxLogicRAMData_to_store_ln173' <Predicate = true> <Delay = 0.40>
ST_4 : Operation 233 [1/1] (0.40ns) (share mux size 3)   --->   "%muxLogicRAMAddr_to_store_ln173 = muxlogic i9 %tile_10_addr_2"   --->   Operation 233 'muxlogic' 'muxLogicRAMAddr_to_store_ln173' <Predicate = true> <Delay = 0.40>
ST_4 : Operation 234 [1/1] ( I:0.78ns O:0.78ns ) (share mux size 5)   --->   "%store_ln173 = store i16 %vals_26, i9 %tile_10_addr_2" [./flashattentionmemory.h:173]   --->   Operation 234 'store' 'store_ln173' <Predicate = true> <Delay = 0.78> <CoreInst = "RAM_2P_URAM">   --->   Core 98 'RAM_2P_URAM' <Latency = 1> <II = 1> <Delay = 1.69> <Storage> <Opcode : 'load' 'store'> <Ports = 2> <Width = 16> <Depth = 512> <RAM>
ST_4 : Operation 235 [1/1] (0.40ns) (share mux size 3)   --->   "%muxLogicRAMData_to_store_ln173 = muxlogic i16 %vals_27"   --->   Operation 235 'muxlogic' 'muxLogicRAMData_to_store_ln173' <Predicate = true> <Delay = 0.40>
ST_4 : Operation 236 [1/1] (0.40ns) (share mux size 3)   --->   "%muxLogicRAMAddr_to_store_ln173 = muxlogic i9 %tile_11_addr_2"   --->   Operation 236 'muxlogic' 'muxLogicRAMAddr_to_store_ln173' <Predicate = true> <Delay = 0.40>
ST_4 : Operation 237 [1/1] ( I:0.78ns O:0.78ns ) (share mux size 5)   --->   "%store_ln173 = store i16 %vals_27, i9 %tile_11_addr_2" [./flashattentionmemory.h:173]   --->   Operation 237 'store' 'store_ln173' <Predicate = true> <Delay = 0.78> <CoreInst = "RAM_2P_URAM">   --->   Core 98 'RAM_2P_URAM' <Latency = 1> <II = 1> <Delay = 1.69> <Storage> <Opcode : 'load' 'store'> <Ports = 2> <Width = 16> <Depth = 512> <RAM>
ST_4 : Operation 238 [1/1] (0.40ns) (share mux size 3)   --->   "%muxLogicRAMData_to_store_ln173 = muxlogic i16 %vals_28"   --->   Operation 238 'muxlogic' 'muxLogicRAMData_to_store_ln173' <Predicate = true> <Delay = 0.40>
ST_4 : Operation 239 [1/1] (0.40ns) (share mux size 3)   --->   "%muxLogicRAMAddr_to_store_ln173 = muxlogic i9 %tile_12_addr_2"   --->   Operation 239 'muxlogic' 'muxLogicRAMAddr_to_store_ln173' <Predicate = true> <Delay = 0.40>
ST_4 : Operation 240 [1/1] ( I:0.78ns O:0.78ns ) (share mux size 5)   --->   "%store_ln173 = store i16 %vals_28, i9 %tile_12_addr_2" [./flashattentionmemory.h:173]   --->   Operation 240 'store' 'store_ln173' <Predicate = true> <Delay = 0.78> <CoreInst = "RAM_2P_URAM">   --->   Core 98 'RAM_2P_URAM' <Latency = 1> <II = 1> <Delay = 1.69> <Storage> <Opcode : 'load' 'store'> <Ports = 2> <Width = 16> <Depth = 512> <RAM>
ST_4 : Operation 241 [1/1] (0.40ns) (share mux size 3)   --->   "%muxLogicRAMData_to_store_ln173 = muxlogic i16 %vals_29"   --->   Operation 241 'muxlogic' 'muxLogicRAMData_to_store_ln173' <Predicate = true> <Delay = 0.40>
ST_4 : Operation 242 [1/1] (0.40ns) (share mux size 3)   --->   "%muxLogicRAMAddr_to_store_ln173 = muxlogic i9 %tile_13_addr_2"   --->   Operation 242 'muxlogic' 'muxLogicRAMAddr_to_store_ln173' <Predicate = true> <Delay = 0.40>
ST_4 : Operation 243 [1/1] ( I:0.78ns O:0.78ns ) (share mux size 5)   --->   "%store_ln173 = store i16 %vals_29, i9 %tile_13_addr_2" [./flashattentionmemory.h:173]   --->   Operation 243 'store' 'store_ln173' <Predicate = true> <Delay = 0.78> <CoreInst = "RAM_2P_URAM">   --->   Core 98 'RAM_2P_URAM' <Latency = 1> <II = 1> <Delay = 1.69> <Storage> <Opcode : 'load' 'store'> <Ports = 2> <Width = 16> <Depth = 512> <RAM>
ST_4 : Operation 244 [1/1] (0.40ns) (share mux size 3)   --->   "%muxLogicRAMData_to_store_ln173 = muxlogic i16 %vals_30"   --->   Operation 244 'muxlogic' 'muxLogicRAMData_to_store_ln173' <Predicate = true> <Delay = 0.40>
ST_4 : Operation 245 [1/1] (0.40ns) (share mux size 3)   --->   "%muxLogicRAMAddr_to_store_ln173 = muxlogic i9 %tile_14_addr_2"   --->   Operation 245 'muxlogic' 'muxLogicRAMAddr_to_store_ln173' <Predicate = true> <Delay = 0.40>
ST_4 : Operation 246 [1/1] ( I:0.78ns O:0.78ns ) (share mux size 5)   --->   "%store_ln173 = store i16 %vals_30, i9 %tile_14_addr_2" [./flashattentionmemory.h:173]   --->   Operation 246 'store' 'store_ln173' <Predicate = true> <Delay = 0.78> <CoreInst = "RAM_2P_URAM">   --->   Core 98 'RAM_2P_URAM' <Latency = 1> <II = 1> <Delay = 1.69> <Storage> <Opcode : 'load' 'store'> <Ports = 2> <Width = 16> <Depth = 512> <RAM>
ST_4 : Operation 247 [1/1] (0.40ns) (share mux size 3)   --->   "%muxLogicRAMData_to_store_ln173 = muxlogic i16 %vals_31"   --->   Operation 247 'muxlogic' 'muxLogicRAMData_to_store_ln173' <Predicate = true> <Delay = 0.40>
ST_4 : Operation 248 [1/1] (0.40ns) (share mux size 3)   --->   "%muxLogicRAMAddr_to_store_ln173 = muxlogic i9 %tile_15_addr_2"   --->   Operation 248 'muxlogic' 'muxLogicRAMAddr_to_store_ln173' <Predicate = true> <Delay = 0.40>
ST_4 : Operation 249 [1/1] ( I:0.78ns O:0.78ns ) (share mux size 5)   --->   "%store_ln173 = store i16 %vals_31, i9 %tile_15_addr_2" [./flashattentionmemory.h:173]   --->   Operation 249 'store' 'store_ln173' <Predicate = true> <Delay = 0.78> <CoreInst = "RAM_2P_URAM">   --->   Core 98 'RAM_2P_URAM' <Latency = 1> <II = 1> <Delay = 1.69> <Storage> <Opcode : 'load' 'store'> <Ports = 2> <Width = 16> <Depth = 512> <RAM>
ST_4 : Operation 250 [1/1] (0.00ns)   --->   "%br_ln162 = br void %for.body4" [./flashattentionmemory.h:162]   --->   Operation 250 'br' 'br_ln162' <Predicate = true> <Delay = 0.00>


============================================================
+ Verbose Summary: Binding
============================================================
STG Binding: 
---------------- STG Properties BEGIN ----------------
- Is combinational: 0
- Is one-state seq: 0
- Is datapath-only: 0
- Is pipelined: 0
- Is top level: 0
Port [ Return ] is wired: 1; IO mode=ap_ctrl_hs:ce=0
Port [ tmp_47]:  wired=1; compound=0; hidden=0; nouse=0; global=0; static=0; extern=0; dir=0; type=0; pingpong=0; private_global=0; IO mode=ap_none:ce=0
Port [ gmem_K]:  wired=1; compound=1; hidden=0; nouse=0; global=0; static=0; extern=0; dir=0; type=4; pingpong=0; private_global=0; IO mode=m_axi:ce=0
Port [ sext_ln158_2]:  wired=1; compound=0; hidden=0; nouse=0; global=0; static=0; extern=0; dir=0; type=0; pingpong=0; private_global=0; IO mode=ap_none:ce=0
Port [ tile_15]:  wired=1; compound=1; hidden=0; nouse=0; global=0; static=0; extern=0; dir=1; type=1; pingpong=0; private_global=0; MemPort=[30]; IO mode=ap_memory:ce=0
Port [ tile_14]:  wired=1; compound=1; hidden=0; nouse=0; global=0; static=0; extern=0; dir=1; type=1; pingpong=0; private_global=0; MemPort=[30]; IO mode=ap_memory:ce=0
Port [ tile_13]:  wired=1; compound=1; hidden=0; nouse=0; global=0; static=0; extern=0; dir=1; type=1; pingpong=0; private_global=0; MemPort=[30]; IO mode=ap_memory:ce=0
Port [ tile_12]:  wired=1; compound=1; hidden=0; nouse=0; global=0; static=0; extern=0; dir=1; type=1; pingpong=0; private_global=0; MemPort=[30]; IO mode=ap_memory:ce=0
Port [ tile_11]:  wired=1; compound=1; hidden=0; nouse=0; global=0; static=0; extern=0; dir=1; type=1; pingpong=0; private_global=0; MemPort=[30]; IO mode=ap_memory:ce=0
Port [ tile_10]:  wired=1; compound=1; hidden=0; nouse=0; global=0; static=0; extern=0; dir=1; type=1; pingpong=0; private_global=0; MemPort=[30]; IO mode=ap_memory:ce=0
Port [ tile_9]:  wired=1; compound=1; hidden=0; nouse=0; global=0; static=0; extern=0; dir=1; type=1; pingpong=0; private_global=0; MemPort=[30]; IO mode=ap_memory:ce=0
Port [ tile_8]:  wired=1; compound=1; hidden=0; nouse=0; global=0; static=0; extern=0; dir=1; type=1; pingpong=0; private_global=0; MemPort=[30]; IO mode=ap_memory:ce=0
Port [ tile_7]:  wired=1; compound=1; hidden=0; nouse=0; global=0; static=0; extern=0; dir=1; type=1; pingpong=0; private_global=0; MemPort=[30]; IO mode=ap_memory:ce=0
Port [ tile_6]:  wired=1; compound=1; hidden=0; nouse=0; global=0; static=0; extern=0; dir=1; type=1; pingpong=0; private_global=0; MemPort=[30]; IO mode=ap_memory:ce=0
Port [ tile_5]:  wired=1; compound=1; hidden=0; nouse=0; global=0; static=0; extern=0; dir=1; type=1; pingpong=0; private_global=0; MemPort=[30]; IO mode=ap_memory:ce=0
Port [ tile_4]:  wired=1; compound=1; hidden=0; nouse=0; global=0; static=0; extern=0; dir=1; type=1; pingpong=0; private_global=0; MemPort=[30]; IO mode=ap_memory:ce=0
Port [ tile_3]:  wired=1; compound=1; hidden=0; nouse=0; global=0; static=0; extern=0; dir=1; type=1; pingpong=0; private_global=0; MemPort=[30]; IO mode=ap_memory:ce=0
Port [ tile_2]:  wired=1; compound=1; hidden=0; nouse=0; global=0; static=0; extern=0; dir=1; type=1; pingpong=0; private_global=0; MemPort=[30]; IO mode=ap_memory:ce=0
Port [ tile_1]:  wired=1; compound=1; hidden=0; nouse=0; global=0; static=0; extern=0; dir=1; type=1; pingpong=0; private_global=0; MemPort=[30]; IO mode=ap_memory:ce=0
Port [ tile_0]:  wired=1; compound=1; hidden=0; nouse=0; global=0; static=0; extern=0; dir=1; type=1; pingpong=0; private_global=0; MemPort=[30]; IO mode=ap_memory:ce=0
---------------- STG Properties END ------------------

---------------- Datapath Model BEGIN ----------------

<LifeTime>
<method=bitvector/>
b                              (alloca        ) [ 01110]
r                              (alloca        ) [ 01110]
indvar_flatten                 (alloca        ) [ 01100]
sext_ln158_2_read              (read          ) [ 00000]
tmp_47_read                    (read          ) [ 00100]
sext_ln158_2_cast              (sext          ) [ 01110]
specmemcore_ln0                (specmemcore   ) [ 00000]
specmemcore_ln0                (specmemcore   ) [ 00000]
specmemcore_ln0                (specmemcore   ) [ 00000]
specmemcore_ln0                (specmemcore   ) [ 00000]
specmemcore_ln0                (specmemcore   ) [ 00000]
specmemcore_ln0                (specmemcore   ) [ 00000]
specmemcore_ln0                (specmemcore   ) [ 00000]
specmemcore_ln0                (specmemcore   ) [ 00000]
specmemcore_ln0                (specmemcore   ) [ 00000]
specmemcore_ln0                (specmemcore   ) [ 00000]
specmemcore_ln0                (specmemcore   ) [ 00000]
specmemcore_ln0                (specmemcore   ) [ 00000]
specmemcore_ln0                (specmemcore   ) [ 00000]
specmemcore_ln0                (specmemcore   ) [ 00000]
specmemcore_ln0                (specmemcore   ) [ 00000]
specmemcore_ln0                (specmemcore   ) [ 00000]
specinterface_ln0              (specinterface ) [ 00000]
store_ln0                      (store         ) [ 00000]
store_ln158                    (store         ) [ 00000]
store_ln162                    (store         ) [ 00000]
br_ln0                         (br            ) [ 00000]
indvar_flatten_load            (load          ) [ 00000]
add_ln158                      (add           ) [ 00000]
icmp_ln158                     (icmp          ) [ 01110]
br_ln158                       (br            ) [ 00000]
store_ln158                    (store         ) [ 00000]
b_load                         (load          ) [ 00000]
r_load                         (load          ) [ 00000]
gmem_K_addr                    (getelementptr ) [ 00000]
add_ln158_1                    (add           ) [ 00000]
icmp_ln162                     (icmp          ) [ 00000]
select_ln158                   (select        ) [ 00000]
select_ln158_1                 (select        ) [ 00000]
trunc_ln163                    (trunc         ) [ 00101]
muxLogicAXIMCE_to_word         (muxlogic      ) [ 00000]
word                           (read          ) [ 00000]
trunc_ln67                     (trunc         ) [ 00000]
vals                           (bitcast       ) [ 00000]
tmp_s                          (partselect    ) [ 00000]
vals_1                         (bitcast       ) [ 00000]
tmp_15                         (partselect    ) [ 00000]
vals_2                         (bitcast       ) [ 00000]
tmp_16                         (partselect    ) [ 00000]
vals_3                         (bitcast       ) [ 00000]
tmp_17                         (partselect    ) [ 00000]
vals_4                         (bitcast       ) [ 00000]
tmp_18                         (partselect    ) [ 00000]
vals_5                         (bitcast       ) [ 00000]
tmp_19                         (partselect    ) [ 00000]
vals_6                         (bitcast       ) [ 00000]
tmp_20                         (partselect    ) [ 00000]
vals_7                         (bitcast       ) [ 00000]
tmp_21                         (partselect    ) [ 00000]
vals_8                         (bitcast       ) [ 00000]
tmp_22                         (partselect    ) [ 00000]
vals_9                         (bitcast       ) [ 00000]
tmp_23                         (partselect    ) [ 00000]
vals_10                        (bitcast       ) [ 00000]
tmp_24                         (partselect    ) [ 00000]
vals_11                        (bitcast       ) [ 00000]
tmp_25                         (partselect    ) [ 00000]
vals_12                        (bitcast       ) [ 00000]
tmp_26                         (partselect    ) [ 00000]
vals_13                        (bitcast       ) [ 00000]
tmp_27                         (partselect    ) [ 00000]
vals_14                        (bitcast       ) [ 00000]
tmp_28                         (partselect    ) [ 00000]
vals_15                        (bitcast       ) [ 00000]
tmp_29                         (partselect    ) [ 00101]
tmp_30                         (partselect    ) [ 00101]
tmp_31                         (partselect    ) [ 00101]
tmp_32                         (partselect    ) [ 00101]
tmp_33                         (partselect    ) [ 00101]
tmp_34                         (partselect    ) [ 00101]
tmp_35                         (partselect    ) [ 00101]
tmp_36                         (partselect    ) [ 00101]
tmp_37                         (partselect    ) [ 00101]
tmp_38                         (partselect    ) [ 00101]
tmp_39                         (partselect    ) [ 00101]
tmp_40                         (partselect    ) [ 00101]
tmp_41                         (partselect    ) [ 00101]
tmp_42                         (partselect    ) [ 00101]
tmp_43                         (partselect    ) [ 00101]
tmp_44                         (partselect    ) [ 00101]
trunc_ln173                    (trunc         ) [ 00101]
tmp_45                         (bitconcatenate) [ 00000]
zext_ln173                     (zext          ) [ 00000]
tile_0_addr                    (getelementptr ) [ 00000]
tile_1_addr                    (getelementptr ) [ 00000]
tile_2_addr                    (getelementptr ) [ 00000]
tile_3_addr                    (getelementptr ) [ 00000]
tile_4_addr                    (getelementptr ) [ 00000]
tile_5_addr                    (getelementptr ) [ 00000]
tile_6_addr                    (getelementptr ) [ 00000]
tile_7_addr                    (getelementptr ) [ 00000]
tile_8_addr                    (getelementptr ) [ 00000]
tile_9_addr                    (getelementptr ) [ 00000]
tile_10_addr                   (getelementptr ) [ 00000]
tile_11_addr                   (getelementptr ) [ 00000]
tile_12_addr                   (getelementptr ) [ 00000]
tile_13_addr                   (getelementptr ) [ 00000]
tile_14_addr                   (getelementptr ) [ 00000]
tile_15_addr                   (getelementptr ) [ 00000]
muxLogicRAMData_to_store_ln173 (muxlogic      ) [ 00000]
muxLogicRAMAddr_to_store_ln173 (muxlogic      ) [ 00000]
store_ln173                    (store         ) [ 00000]
muxLogicRAMData_to_store_ln173 (muxlogic      ) [ 00000]
muxLogicRAMAddr_to_store_ln173 (muxlogic      ) [ 00000]
store_ln173                    (store         ) [ 00000]
muxLogicRAMData_to_store_ln173 (muxlogic      ) [ 00000]
muxLogicRAMAddr_to_store_ln173 (muxlogic      ) [ 00000]
store_ln173                    (store         ) [ 00000]
muxLogicRAMData_to_store_ln173 (muxlogic      ) [ 00000]
muxLogicRAMAddr_to_store_ln173 (muxlogic      ) [ 00000]
store_ln173                    (store         ) [ 00000]
muxLogicRAMData_to_store_ln173 (muxlogic      ) [ 00000]
muxLogicRAMAddr_to_store_ln173 (muxlogic      ) [ 00000]
store_ln173                    (store         ) [ 00000]
muxLogicRAMData_to_store_ln173 (muxlogic      ) [ 00000]
muxLogicRAMAddr_to_store_ln173 (muxlogic      ) [ 00000]
store_ln173                    (store         ) [ 00000]
muxLogicRAMData_to_store_ln173 (muxlogic      ) [ 00000]
muxLogicRAMAddr_to_store_ln173 (muxlogic      ) [ 00000]
store_ln173                    (store         ) [ 00000]
muxLogicRAMData_to_store_ln173 (muxlogic      ) [ 00000]
muxLogicRAMAddr_to_store_ln173 (muxlogic      ) [ 00000]
store_ln173                    (store         ) [ 00000]
muxLogicRAMData_to_store_ln173 (muxlogic      ) [ 00000]
muxLogicRAMAddr_to_store_ln173 (muxlogic      ) [ 00000]
store_ln173                    (store         ) [ 00000]
muxLogicRAMData_to_store_ln173 (muxlogic      ) [ 00000]
muxLogicRAMAddr_to_store_ln173 (muxlogic      ) [ 00000]
store_ln173                    (store         ) [ 00000]
muxLogicRAMData_to_store_ln173 (muxlogic      ) [ 00000]
muxLogicRAMAddr_to_store_ln173 (muxlogic      ) [ 00000]
store_ln173                    (store         ) [ 00000]
muxLogicRAMData_to_store_ln173 (muxlogic      ) [ 00000]
muxLogicRAMAddr_to_store_ln173 (muxlogic      ) [ 00000]
store_ln173                    (store         ) [ 00000]
muxLogicRAMData_to_store_ln173 (muxlogic      ) [ 00000]
muxLogicRAMAddr_to_store_ln173 (muxlogic      ) [ 00000]
store_ln173                    (store         ) [ 00000]
muxLogicRAMData_to_store_ln173 (muxlogic      ) [ 00000]
muxLogicRAMAddr_to_store_ln173 (muxlogic      ) [ 00000]
store_ln173                    (store         ) [ 00000]
muxLogicRAMData_to_store_ln173 (muxlogic      ) [ 00000]
muxLogicRAMAddr_to_store_ln173 (muxlogic      ) [ 00000]
store_ln173                    (store         ) [ 00000]
muxLogicRAMData_to_store_ln173 (muxlogic      ) [ 00000]
muxLogicRAMAddr_to_store_ln173 (muxlogic      ) [ 00000]
store_ln173                    (store         ) [ 00000]
add_ln162                      (add           ) [ 00000]
store_ln158                    (store         ) [ 00000]
store_ln162                    (store         ) [ 00000]
specloopname_ln0               (specloopname  ) [ 00000]
specpipeline_ln163             (specpipeline  ) [ 00000]
vals_16                        (bitcast       ) [ 00000]
vals_17                        (bitcast       ) [ 00000]
vals_18                        (bitcast       ) [ 00000]
vals_19                        (bitcast       ) [ 00000]
vals_20                        (bitcast       ) [ 00000]
vals_21                        (bitcast       ) [ 00000]
vals_22                        (bitcast       ) [ 00000]
vals_23                        (bitcast       ) [ 00000]
vals_24                        (bitcast       ) [ 00000]
vals_25                        (bitcast       ) [ 00000]
vals_26                        (bitcast       ) [ 00000]
vals_27                        (bitcast       ) [ 00000]
vals_28                        (bitcast       ) [ 00000]
vals_29                        (bitcast       ) [ 00000]
vals_30                        (bitcast       ) [ 00000]
vals_31                        (bitcast       ) [ 00000]
tmp_46                         (bitconcatenate) [ 00000]
zext_ln173_1                   (zext          ) [ 00000]
tile_0_addr_2                  (getelementptr ) [ 00000]
tile_1_addr_2                  (getelementptr ) [ 00000]
tile_2_addr_2                  (getelementptr ) [ 00000]
tile_3_addr_2                  (getelementptr ) [ 00000]
tile_4_addr_2                  (getelementptr ) [ 00000]
tile_5_addr_2                  (getelementptr ) [ 00000]
tile_6_addr_2                  (getelementptr ) [ 00000]
tile_7_addr_2                  (getelementptr ) [ 00000]
tile_8_addr_2                  (getelementptr ) [ 00000]
tile_9_addr_2                  (getelementptr ) [ 00000]
tile_10_addr_2                 (getelementptr ) [ 00000]
tile_11_addr_2                 (getelementptr ) [ 00000]
tile_12_addr_2                 (getelementptr ) [ 00000]
tile_13_addr_2                 (getelementptr ) [ 00000]
tile_14_addr_2                 (getelementptr ) [ 00000]
tile_15_addr_2                 (getelementptr ) [ 00000]
muxLogicRAMData_to_store_ln173 (muxlogic      ) [ 00000]
muxLogicRAMAddr_to_store_ln173 (muxlogic      ) [ 00000]
store_ln173                    (store         ) [ 00000]
muxLogicRAMData_to_store_ln173 (muxlogic      ) [ 00000]
muxLogicRAMAddr_to_store_ln173 (muxlogic      ) [ 00000]
store_ln173                    (store         ) [ 00000]
muxLogicRAMData_to_store_ln173 (muxlogic      ) [ 00000]
muxLogicRAMAddr_to_store_ln173 (muxlogic      ) [ 00000]
store_ln173                    (store         ) [ 00000]
muxLogicRAMData_to_store_ln173 (muxlogic      ) [ 00000]
muxLogicRAMAddr_to_store_ln173 (muxlogic      ) [ 00000]
store_ln173                    (store         ) [ 00000]
muxLogicRAMData_to_store_ln173 (muxlogic      ) [ 00000]
muxLogicRAMAddr_to_store_ln173 (muxlogic      ) [ 00000]
store_ln173                    (store         ) [ 00000]
muxLogicRAMData_to_store_ln173 (muxlogic      ) [ 00000]
muxLogicRAMAddr_to_store_ln173 (muxlogic      ) [ 00000]
store_ln173                    (store         ) [ 00000]
muxLogicRAMData_to_store_ln173 (muxlogic      ) [ 00000]
muxLogicRAMAddr_to_store_ln173 (muxlogic      ) [ 00000]
store_ln173                    (store         ) [ 00000]
muxLogicRAMData_to_store_ln173 (muxlogic      ) [ 00000]
muxLogicRAMAddr_to_store_ln173 (muxlogic      ) [ 00000]
store_ln173                    (store         ) [ 00000]
muxLogicRAMData_to_store_ln173 (muxlogic      ) [ 00000]
muxLogicRAMAddr_to_store_ln173 (muxlogic      ) [ 00000]
store_ln173                    (store         ) [ 00000]
muxLogicRAMData_to_store_ln173 (muxlogic      ) [ 00000]
muxLogicRAMAddr_to_store_ln173 (muxlogic      ) [ 00000]
store_ln173                    (store         ) [ 00000]
muxLogicRAMData_to_store_ln173 (muxlogic      ) [ 00000]
muxLogicRAMAddr_to_store_ln173 (muxlogic      ) [ 00000]
store_ln173                    (store         ) [ 00000]
muxLogicRAMData_to_store_ln173 (muxlogic      ) [ 00000]
muxLogicRAMAddr_to_store_ln173 (muxlogic      ) [ 00000]
store_ln173                    (store         ) [ 00000]
muxLogicRAMData_to_store_ln173 (muxlogic      ) [ 00000]
muxLogicRAMAddr_to_store_ln173 (muxlogic      ) [ 00000]
store_ln173                    (store         ) [ 00000]
muxLogicRAMData_to_store_ln173 (muxlogic      ) [ 00000]
muxLogicRAMAddr_to_store_ln173 (muxlogic      ) [ 00000]
store_ln173                    (store         ) [ 00000]
muxLogicRAMData_to_store_ln173 (muxlogic      ) [ 00000]
muxLogicRAMAddr_to_store_ln173 (muxlogic      ) [ 00000]
store_ln173                    (store         ) [ 00000]
muxLogicRAMData_to_store_ln173 (muxlogic      ) [ 00000]
muxLogicRAMAddr_to_store_ln173 (muxlogic      ) [ 00000]
store_ln173                    (store         ) [ 00000]
br_ln162                       (br            ) [ 00000]
ret_ln0                        (ret           ) [ 00000]
</LifeTime>

<model>

<comp_list>
<comp id="0" class="1000" name="tmp_47">
<pin_list>
<pin id="1" dir="1" index="0" bw="1" slack="0"/>
</pin_list>
<bind>
<StgValue><ssdm name="tmp_47"/></StgValue>
</bind>
</comp>

<comp id="2" class="1000" name="gmem_K">
<pin_list>
<pin id="3" dir="1" index="0" bw="1" slack="0"/>
</pin_list>
<bind>
<StgValue><ssdm name="gmem_K"/><MemPortTyVec>0 </MemPortTyVec>
</StgValue>
</bind>
</comp>

<comp id="4" class="1000" name="sext_ln158_2">
<pin_list>
<pin id="5" dir="1" index="0" bw="1" slack="0"/>
</pin_list>
<bind>
<StgValue><ssdm name="sext_ln158_2"/></StgValue>
</bind>
</comp>

<comp id="6" class="1000" name="tile_15">
<pin_list>
<pin id="7" dir="1" index="0" bw="1" slack="0"/>
</pin_list>
<bind>
<StgValue><ssdm name="tile_15"/><MemPortTyVec>3 0 </MemPortTyVec>
</StgValue>
</bind>
</comp>

<comp id="8" class="1000" name="tile_14">
<pin_list>
<pin id="9" dir="1" index="0" bw="1" slack="0"/>
</pin_list>
<bind>
<StgValue><ssdm name="tile_14"/><MemPortTyVec>3 0 </MemPortTyVec>
</StgValue>
</bind>
</comp>

<comp id="10" class="1000" name="tile_13">
<pin_list>
<pin id="11" dir="1" index="0" bw="1" slack="0"/>
</pin_list>
<bind>
<StgValue><ssdm name="tile_13"/><MemPortTyVec>3 0 </MemPortTyVec>
</StgValue>
</bind>
</comp>

<comp id="12" class="1000" name="tile_12">
<pin_list>
<pin id="13" dir="1" index="0" bw="1" slack="0"/>
</pin_list>
<bind>
<StgValue><ssdm name="tile_12"/><MemPortTyVec>3 0 </MemPortTyVec>
</StgValue>
</bind>
</comp>

<comp id="14" class="1000" name="tile_11">
<pin_list>
<pin id="15" dir="1" index="0" bw="1" slack="0"/>
</pin_list>
<bind>
<StgValue><ssdm name="tile_11"/><MemPortTyVec>3 0 </MemPortTyVec>
</StgValue>
</bind>
</comp>

<comp id="16" class="1000" name="tile_10">
<pin_list>
<pin id="17" dir="1" index="0" bw="1" slack="0"/>
</pin_list>
<bind>
<StgValue><ssdm name="tile_10"/><MemPortTyVec>3 0 </MemPortTyVec>
</StgValue>
</bind>
</comp>

<comp id="18" class="1000" name="tile_9">
<pin_list>
<pin id="19" dir="1" index="0" bw="1" slack="0"/>
</pin_list>
<bind>
<StgValue><ssdm name="tile_9"/><MemPortTyVec>3 0 </MemPortTyVec>
</StgValue>
</bind>
</comp>

<comp id="20" class="1000" name="tile_8">
<pin_list>
<pin id="21" dir="1" index="0" bw="1" slack="0"/>
</pin_list>
<bind>
<StgValue><ssdm name="tile_8"/><MemPortTyVec>3 0 </MemPortTyVec>
</StgValue>
</bind>
</comp>

<comp id="22" class="1000" name="tile_7">
<pin_list>
<pin id="23" dir="1" index="0" bw="1" slack="0"/>
</pin_list>
<bind>
<StgValue><ssdm name="tile_7"/><MemPortTyVec>3 0 </MemPortTyVec>
</StgValue>
</bind>
</comp>

<comp id="24" class="1000" name="tile_6">
<pin_list>
<pin id="25" dir="1" index="0" bw="1" slack="0"/>
</pin_list>
<bind>
<StgValue><ssdm name="tile_6"/><MemPortTyVec>3 0 </MemPortTyVec>
</StgValue>
</bind>
</comp>

<comp id="26" class="1000" name="tile_5">
<pin_list>
<pin id="27" dir="1" index="0" bw="1" slack="0"/>
</pin_list>
<bind>
<StgValue><ssdm name="tile_5"/><MemPortTyVec>3 0 </MemPortTyVec>
</StgValue>
</bind>
</comp>

<comp id="28" class="1000" name="tile_4">
<pin_list>
<pin id="29" dir="1" index="0" bw="1" slack="0"/>
</pin_list>
<bind>
<StgValue><ssdm name="tile_4"/><MemPortTyVec>3 0 </MemPortTyVec>
</StgValue>
</bind>
</comp>

<comp id="30" class="1000" name="tile_3">
<pin_list>
<pin id="31" dir="1" index="0" bw="1" slack="0"/>
</pin_list>
<bind>
<StgValue><ssdm name="tile_3"/><MemPortTyVec>3 0 </MemPortTyVec>
</StgValue>
</bind>
</comp>

<comp id="32" class="1000" name="tile_2">
<pin_list>
<pin id="33" dir="1" index="0" bw="1" slack="0"/>
</pin_list>
<bind>
<StgValue><ssdm name="tile_2"/><MemPortTyVec>3 0 </MemPortTyVec>
</StgValue>
</bind>
</comp>

<comp id="34" class="1000" name="tile_1">
<pin_list>
<pin id="35" dir="1" index="0" bw="1" slack="0"/>
</pin_list>
<bind>
<StgValue><ssdm name="tile_1"/><MemPortTyVec>3 0 </MemPortTyVec>
</StgValue>
</bind>
</comp>

<comp id="36" class="1000" name="tile_0">
<pin_list>
<pin id="37" dir="1" index="0" bw="1" slack="0"/>
</pin_list>
<bind>
<StgValue><ssdm name="tile_0"/><MemPortTyVec>3 0 </MemPortTyVec>
</StgValue>
</bind>
</comp>

<comp id="38" class="1001" name="const_38">
<pin_list>
<pin id="39" dir="1" index="0" bw="1" slack="0"/>
</pin_list>
<bind>
<StgValue><ssdm name=""/></StgValue>
</bind>
</comp>

<comp id="40" class="1001" name="const_40">
<pin_list>
<pin id="41" dir="1" index="0" bw="1" slack="0"/>
</pin_list>
<bind>
<StgValue><ssdm name="_ssdm_op_Read.ap_auto.i58"/></StgValue>
</bind>
</comp>

<comp id="42" class="1001" name="const_42">
<pin_list>
<pin id="43" dir="1" index="0" bw="1" slack="0"/>
</pin_list>
<bind>
<StgValue><ssdm name="_ssdm_op_Read.ap_auto.i33"/></StgValue>
</bind>
</comp>

<comp id="44" class="1001" name="const_44">
<pin_list>
<pin id="45" dir="1" index="0" bw="1" slack="2147483647"/>
</pin_list>
<bind>
<StgValue><ssdm name="_ssdm_op_SpecMemCore"/></StgValue>
</bind>
</comp>

<comp id="46" class="1001" name="const_46">
<pin_list>
<pin id="47" dir="1" index="0" bw="1" slack="2147483647"/>
</pin_list>
<bind>
<StgValue><ssdm name=""/></StgValue>
</bind>
</comp>

<comp id="48" class="1001" name="const_48">
<pin_list>
<pin id="49" dir="1" index="0" bw="1" slack="2147483647"/>
</pin_list>
<bind>
<StgValue><ssdm name=""/></StgValue>
</bind>
</comp>

<comp id="50" class="1001" name="const_50">
<pin_list>
<pin id="51" dir="1" index="0" bw="1" slack="2147483647"/>
</pin_list>
<bind>
<StgValue><ssdm name=""/></StgValue>
</bind>
</comp>

<comp id="52" class="1001" name="const_52">
<pin_list>
<pin id="53" dir="1" index="0" bw="1" slack="2147483647"/>
</pin_list>
<bind>
<StgValue><ssdm name="_ssdm_op_SpecInterface"/></StgValue>
</bind>
</comp>

<comp id="54" class="1001" name="const_54">
<pin_list>
<pin id="55" dir="1" index="0" bw="1" slack="2147483647"/>
</pin_list>
<bind>
<StgValue><ssdm name="empty_21"/></StgValue>
</bind>
</comp>

<comp id="56" class="1001" name="const_56">
<pin_list>
<pin id="57" dir="1" index="0" bw="1" slack="2147483647"/>
</pin_list>
<bind>
<StgValue><ssdm name=""/></StgValue>
</bind>
</comp>

<comp id="58" class="1001" name="const_58">
<pin_list>
<pin id="59" dir="1" index="0" bw="1" slack="2147483647"/>
</pin_list>
<bind>
<StgValue><ssdm name="empty_27"/></StgValue>
</bind>
</comp>

<comp id="60" class="1001" name="const_60">
<pin_list>
<pin id="61" dir="1" index="0" bw="1" slack="0"/>
</pin_list>
<bind>
<StgValue><ssdm name=""/></StgValue>
</bind>
</comp>

<comp id="62" class="1001" name="const_62">
<pin_list>
<pin id="63" dir="1" index="0" bw="1" slack="2147483647"/>
</pin_list>
<bind>
<StgValue><ssdm name=""/></StgValue>
</bind>
</comp>

<comp id="64" class="1001" name="const_64">
<pin_list>
<pin id="65" dir="1" index="0" bw="1" slack="2147483647"/>
</pin_list>
<bind>
<StgValue><ssdm name="empty_29"/></StgValue>
</bind>
</comp>

<comp id="66" class="1001" name="const_66">
<pin_list>
<pin id="67" dir="1" index="0" bw="1" slack="2147483647"/>
</pin_list>
<bind>
<StgValue><ssdm name="empty_28"/></StgValue>
</bind>
</comp>

<comp id="68" class="1001" name="const_68">
<pin_list>
<pin id="69" dir="1" index="0" bw="1" slack="0"/>
</pin_list>
<bind>
<StgValue><ssdm name=""/></StgValue>
</bind>
</comp>

<comp id="70" class="1001" name="const_70">
<pin_list>
<pin id="71" dir="1" index="0" bw="1" slack="2147483647"/>
</pin_list>
<bind>
<StgValue><ssdm name=""/></StgValue>
</bind>
</comp>

<comp id="72" class="1001" name="const_72">
<pin_list>
<pin id="73" dir="1" index="0" bw="1" slack="0"/>
</pin_list>
<bind>
<StgValue><ssdm name=""/></StgValue>
</bind>
</comp>

<comp id="74" class="1001" name="const_74">
<pin_list>
<pin id="75" dir="1" index="0" bw="1" slack="0"/>
</pin_list>
<bind>
<StgValue><ssdm name=""/></StgValue>
</bind>
</comp>

<comp id="76" class="1001" name="const_76">
<pin_list>
<pin id="77" dir="1" index="0" bw="1" slack="0"/>
</pin_list>
<bind>
<StgValue><ssdm name=""/></StgValue>
</bind>
</comp>

<comp id="78" class="1001" name="const_78">
<pin_list>
<pin id="79" dir="1" index="0" bw="1" slack="0"/>
</pin_list>
<bind>
<StgValue><ssdm name=""/></StgValue>
</bind>
</comp>

<comp id="80" class="1001" name="const_80">
<pin_list>
<pin id="81" dir="1" index="0" bw="1" slack="0"/>
</pin_list>
<bind>
<StgValue><ssdm name=""/></StgValue>
</bind>
</comp>

<comp id="82" class="1001" name="const_82">
<pin_list>
<pin id="83" dir="1" index="0" bw="1" slack="0"/>
</pin_list>
<bind>
<StgValue><ssdm name=""/></StgValue>
</bind>
</comp>

<comp id="84" class="1001" name="const_84">
<pin_list>
<pin id="85" dir="1" index="0" bw="1" slack="0"/>
</pin_list>
<bind>
<StgValue><ssdm name="_ssdm_op_Read.m_axi.p1i512"/></StgValue>
</bind>
</comp>

<comp id="86" class="1001" name="const_86">
<pin_list>
<pin id="87" dir="1" index="0" bw="1" slack="0"/>
</pin_list>
<bind>
<StgValue><ssdm name="_ssdm_op_PartSelect.i16.i512.i32"/></StgValue>
</bind>
</comp>

<comp id="88" class="1001" name="const_88">
<pin_list>
<pin id="89" dir="1" index="0" bw="1" slack="0"/>
</pin_list>
<bind>
<StgValue><ssdm name=""/></StgValue>
</bind>
</comp>

<comp id="90" class="1001" name="const_90">
<pin_list>
<pin id="91" dir="1" index="0" bw="1" slack="0"/>
</pin_list>
<bind>
<StgValue><ssdm name=""/></StgValue>
</bind>
</comp>

<comp id="92" class="1001" name="const_92">
<pin_list>
<pin id="93" dir="1" index="0" bw="1" slack="0"/>
</pin_list>
<bind>
<StgValue><ssdm name=""/></StgValue>
</bind>
</comp>

<comp id="94" class="1001" name="const_94">
<pin_list>
<pin id="95" dir="1" index="0" bw="1" slack="0"/>
</pin_list>
<bind>
<StgValue><ssdm name=""/></StgValue>
</bind>
</comp>

<comp id="96" class="1001" name="const_96">
<pin_list>
<pin id="97" dir="1" index="0" bw="1" slack="0"/>
</pin_list>
<bind>
<StgValue><ssdm name=""/></StgValue>
</bind>
</comp>

<comp id="98" class="1001" name="const_98">
<pin_list>
<pin id="99" dir="1" index="0" bw="1" slack="0"/>
</pin_list>
<bind>
<StgValue><ssdm name=""/></StgValue>
</bind>
</comp>

<comp id="100" class="1001" name="const_100">
<pin_list>
<pin id="101" dir="1" index="0" bw="1" slack="0"/>
</pin_list>
<bind>
<StgValue><ssdm name=""/></StgValue>
</bind>
</comp>

<comp id="102" class="1001" name="const_102">
<pin_list>
<pin id="103" dir="1" index="0" bw="1" slack="0"/>
</pin_list>
<bind>
<StgValue><ssdm name=""/></StgValue>
</bind>
</comp>

<comp id="104" class="1001" name="const_104">
<pin_list>
<pin id="105" dir="1" index="0" bw="1" slack="0"/>
</pin_list>
<bind>
<StgValue><ssdm name=""/></StgValue>
</bind>
</comp>

<comp id="106" class="1001" name="const_106">
<pin_list>
<pin id="107" dir="1" index="0" bw="1" slack="0"/>
</pin_list>
<bind>
<StgValue><ssdm name=""/></StgValue>
</bind>
</comp>

<comp id="108" class="1001" name="const_108">
<pin_list>
<pin id="109" dir="1" index="0" bw="1" slack="0"/>
</pin_list>
<bind>
<StgValue><ssdm name=""/></StgValue>
</bind>
</comp>

<comp id="110" class="1001" name="const_110">
<pin_list>
<pin id="111" dir="1" index="0" bw="1" slack="0"/>
</pin_list>
<bind>
<StgValue><ssdm name=""/></StgValue>
</bind>
</comp>

<comp id="112" class="1001" name="const_112">
<pin_list>
<pin id="113" dir="1" index="0" bw="1" slack="0"/>
</pin_list>
<bind>
<StgValue><ssdm name=""/></StgValue>
</bind>
</comp>

<comp id="114" class="1001" name="const_114">
<pin_list>
<pin id="115" dir="1" index="0" bw="1" slack="0"/>
</pin_list>
<bind>
<StgValue><ssdm name=""/></StgValue>
</bind>
</comp>

<comp id="116" class="1001" name="const_116">
<pin_list>
<pin id="117" dir="1" index="0" bw="1" slack="0"/>
</pin_list>
<bind>
<StgValue><ssdm name=""/></StgValue>
</bind>
</comp>

<comp id="118" class="1001" name="const_118">
<pin_list>
<pin id="119" dir="1" index="0" bw="1" slack="0"/>
</pin_list>
<bind>
<StgValue><ssdm name=""/></StgValue>
</bind>
</comp>

<comp id="120" class="1001" name="const_120">
<pin_list>
<pin id="121" dir="1" index="0" bw="1" slack="0"/>
</pin_list>
<bind>
<StgValue><ssdm name=""/></StgValue>
</bind>
</comp>

<comp id="122" class="1001" name="const_122">
<pin_list>
<pin id="123" dir="1" index="0" bw="1" slack="0"/>
</pin_list>
<bind>
<StgValue><ssdm name=""/></StgValue>
</bind>
</comp>

<comp id="124" class="1001" name="const_124">
<pin_list>
<pin id="125" dir="1" index="0" bw="1" slack="0"/>
</pin_list>
<bind>
<StgValue><ssdm name=""/></StgValue>
</bind>
</comp>

<comp id="126" class="1001" name="const_126">
<pin_list>
<pin id="127" dir="1" index="0" bw="1" slack="0"/>
</pin_list>
<bind>
<StgValue><ssdm name=""/></StgValue>
</bind>
</comp>

<comp id="128" class="1001" name="const_128">
<pin_list>
<pin id="129" dir="1" index="0" bw="1" slack="0"/>
</pin_list>
<bind>
<StgValue><ssdm name=""/></StgValue>
</bind>
</comp>

<comp id="130" class="1001" name="const_130">
<pin_list>
<pin id="131" dir="1" index="0" bw="1" slack="0"/>
</pin_list>
<bind>
<StgValue><ssdm name=""/></StgValue>
</bind>
</comp>

<comp id="132" class="1001" name="const_132">
<pin_list>
<pin id="133" dir="1" index="0" bw="1" slack="0"/>
</pin_list>
<bind>
<StgValue><ssdm name=""/></StgValue>
</bind>
</comp>

<comp id="134" class="1001" name="const_134">
<pin_list>
<pin id="135" dir="1" index="0" bw="1" slack="0"/>
</pin_list>
<bind>
<StgValue><ssdm name=""/></StgValue>
</bind>
</comp>

<comp id="136" class="1001" name="const_136">
<pin_list>
<pin id="137" dir="1" index="0" bw="1" slack="0"/>
</pin_list>
<bind>
<StgValue><ssdm name=""/></StgValue>
</bind>
</comp>

<comp id="138" class="1001" name="const_138">
<pin_list>
<pin id="139" dir="1" index="0" bw="1" slack="0"/>
</pin_list>
<bind>
<StgValue><ssdm name=""/></StgValue>
</bind>
</comp>

<comp id="140" class="1001" name="const_140">
<pin_list>
<pin id="141" dir="1" index="0" bw="1" slack="0"/>
</pin_list>
<bind>
<StgValue><ssdm name=""/></StgValue>
</bind>
</comp>

<comp id="142" class="1001" name="const_142">
<pin_list>
<pin id="143" dir="1" index="0" bw="1" slack="0"/>
</pin_list>
<bind>
<StgValue><ssdm name=""/></StgValue>
</bind>
</comp>

<comp id="144" class="1001" name="const_144">
<pin_list>
<pin id="145" dir="1" index="0" bw="1" slack="0"/>
</pin_list>
<bind>
<StgValue><ssdm name=""/></StgValue>
</bind>
</comp>

<comp id="146" class="1001" name="const_146">
<pin_list>
<pin id="147" dir="1" index="0" bw="1" slack="0"/>
</pin_list>
<bind>
<StgValue><ssdm name="_ssdm_op_BitConcatenate.i9.i6.i2.i1"/></StgValue>
</bind>
</comp>

<comp id="148" class="1001" name="const_148">
<pin_list>
<pin id="149" dir="1" index="0" bw="1" slack="0"/>
</pin_list>
<bind>
<StgValue><ssdm name=""/></StgValue>
</bind>
</comp>

<comp id="150" class="1001" name="const_150">
<pin_list>
<pin id="151" dir="1" index="0" bw="1" slack="0"/>
</pin_list>
<bind>
<StgValue><ssdm name=""/></StgValue>
</bind>
</comp>

<comp id="152" class="1001" name="const_152">
<pin_list>
<pin id="153" dir="1" index="0" bw="1" slack="0"/>
</pin_list>
<bind>
<StgValue><ssdm name=""/></StgValue>
</bind>
</comp>

<comp id="154" class="1001" name="const_154">
<pin_list>
<pin id="155" dir="1" index="0" bw="1" slack="2147483647"/>
</pin_list>
<bind>
<StgValue><ssdm name="_ssdm_op_SpecLoopName"/></StgValue>
</bind>
</comp>

<comp id="156" class="1001" name="const_156">
<pin_list>
<pin id="157" dir="1" index="0" bw="1" slack="2147483647"/>
</pin_list>
<bind>
<StgValue><ssdm name="LOAD_KV_ROWS_LOAD_KV_BEATS_str"/></StgValue>
</bind>
</comp>

<comp id="158" class="1001" name="const_158">
<pin_list>
<pin id="159" dir="1" index="0" bw="1" slack="2147483647"/>
</pin_list>
<bind>
<StgValue><ssdm name="_ssdm_op_SpecPipeline"/></StgValue>
</bind>
</comp>

<comp id="160" class="1001" name="const_160">
<pin_list>
<pin id="161" dir="1" index="0" bw="1" slack="0"/>
</pin_list>
<bind>
<StgValue><ssdm name=""/></StgValue>
</bind>
</comp>

<comp id="162" class="1004" name="b_fu_162">
<pin_list>
<pin id="163" dir="0" index="0" bw="1" slack="0"/>
<pin id="164" dir="1" index="1" bw="3" slack="0"/>
</pin_list>
<bind>
<opcode="alloca(26) " fcode="alloca"/>
<opset="b/1 "/>
</bind>
</comp>

<comp id="166" class="1004" name="r_fu_166">
<pin_list>
<pin id="167" dir="0" index="0" bw="1" slack="0"/>
<pin id="168" dir="1" index="1" bw="31" slack="0"/>
</pin_list>
<bind>
<opcode="alloca(26) " fcode="alloca"/>
<opset="r/1 "/>
</bind>
</comp>

<comp id="170" class="1004" name="indvar_flatten_fu_170">
<pin_list>
<pin id="171" dir="0" index="0" bw="1" slack="0"/>
<pin id="172" dir="1" index="1" bw="33" slack="0"/>
</pin_list>
<bind>
<opcode="alloca(26) " fcode="alloca"/>
<opset="indvar_flatten/1 "/>
</bind>
</comp>

<comp id="174" class="1004" name="sext_ln158_2_read_read_fu_174">
<pin_list>
<pin id="175" dir="0" index="0" bw="58" slack="0"/>
<pin id="176" dir="0" index="1" bw="58" slack="0"/>
<pin id="177" dir="1" index="2" bw="58" slack="0"/>
</pin_list>
<bind>
<opcode="read(1150) " fcode="read"/>
<opset="sext_ln158_2_read/1 "/>
</bind>
</comp>

<comp id="180" class="1004" name="tmp_47_read_read_fu_180">
<pin_list>
<pin id="181" dir="0" index="0" bw="33" slack="0"/>
<pin id="182" dir="0" index="1" bw="33" slack="0"/>
<pin id="183" dir="1" index="2" bw="33" slack="1"/>
</pin_list>
<bind>
<opcode="read(1150) " fcode="read"/>
<opset="tmp_47_read/1 "/>
</bind>
</comp>

<comp id="186" class="1004" name="tile_0_addr_gep_fu_186">
<pin_list>
<pin id="187" dir="0" index="0" bw="16" slack="0"/>
<pin id="188" dir="0" index="1" bw="1" slack="0"/>
<pin id="189" dir="0" index="2" bw="9" slack="0"/>
<pin id="190" dir="1" index="3" bw="9" slack="0"/>
</pin_list>
<bind>
<opcode="getelementptr(29) " fcode="getelementptr"/>
<opset="tile_0_addr/3 "/>
</bind>
</comp>

<comp id="193" class="1004" name="tile_1_addr_gep_fu_193">
<pin_list>
<pin id="194" dir="0" index="0" bw="16" slack="0"/>
<pin id="195" dir="0" index="1" bw="1" slack="0"/>
<pin id="196" dir="0" index="2" bw="9" slack="0"/>
<pin id="197" dir="1" index="3" bw="9" slack="0"/>
</pin_list>
<bind>
<opcode="getelementptr(29) " fcode="getelementptr"/>
<opset="tile_1_addr/3 "/>
</bind>
</comp>

<comp id="200" class="1004" name="tile_2_addr_gep_fu_200">
<pin_list>
<pin id="201" dir="0" index="0" bw="16" slack="0"/>
<pin id="202" dir="0" index="1" bw="1" slack="0"/>
<pin id="203" dir="0" index="2" bw="9" slack="0"/>
<pin id="204" dir="1" index="3" bw="9" slack="0"/>
</pin_list>
<bind>
<opcode="getelementptr(29) " fcode="getelementptr"/>
<opset="tile_2_addr/3 "/>
</bind>
</comp>

<comp id="207" class="1004" name="tile_3_addr_gep_fu_207">
<pin_list>
<pin id="208" dir="0" index="0" bw="16" slack="0"/>
<pin id="209" dir="0" index="1" bw="1" slack="0"/>
<pin id="210" dir="0" index="2" bw="9" slack="0"/>
<pin id="211" dir="1" index="3" bw="9" slack="0"/>
</pin_list>
<bind>
<opcode="getelementptr(29) " fcode="getelementptr"/>
<opset="tile_3_addr/3 "/>
</bind>
</comp>

<comp id="214" class="1004" name="tile_4_addr_gep_fu_214">
<pin_list>
<pin id="215" dir="0" index="0" bw="16" slack="0"/>
<pin id="216" dir="0" index="1" bw="1" slack="0"/>
<pin id="217" dir="0" index="2" bw="9" slack="0"/>
<pin id="218" dir="1" index="3" bw="9" slack="0"/>
</pin_list>
<bind>
<opcode="getelementptr(29) " fcode="getelementptr"/>
<opset="tile_4_addr/3 "/>
</bind>
</comp>

<comp id="221" class="1004" name="tile_5_addr_gep_fu_221">
<pin_list>
<pin id="222" dir="0" index="0" bw="16" slack="0"/>
<pin id="223" dir="0" index="1" bw="1" slack="0"/>
<pin id="224" dir="0" index="2" bw="9" slack="0"/>
<pin id="225" dir="1" index="3" bw="9" slack="0"/>
</pin_list>
<bind>
<opcode="getelementptr(29) " fcode="getelementptr"/>
<opset="tile_5_addr/3 "/>
</bind>
</comp>

<comp id="228" class="1004" name="tile_6_addr_gep_fu_228">
<pin_list>
<pin id="229" dir="0" index="0" bw="16" slack="0"/>
<pin id="230" dir="0" index="1" bw="1" slack="0"/>
<pin id="231" dir="0" index="2" bw="9" slack="0"/>
<pin id="232" dir="1" index="3" bw="9" slack="0"/>
</pin_list>
<bind>
<opcode="getelementptr(29) " fcode="getelementptr"/>
<opset="tile_6_addr/3 "/>
</bind>
</comp>

<comp id="235" class="1004" name="tile_7_addr_gep_fu_235">
<pin_list>
<pin id="236" dir="0" index="0" bw="16" slack="0"/>
<pin id="237" dir="0" index="1" bw="1" slack="0"/>
<pin id="238" dir="0" index="2" bw="9" slack="0"/>
<pin id="239" dir="1" index="3" bw="9" slack="0"/>
</pin_list>
<bind>
<opcode="getelementptr(29) " fcode="getelementptr"/>
<opset="tile_7_addr/3 "/>
</bind>
</comp>

<comp id="242" class="1004" name="tile_8_addr_gep_fu_242">
<pin_list>
<pin id="243" dir="0" index="0" bw="16" slack="0"/>
<pin id="244" dir="0" index="1" bw="1" slack="0"/>
<pin id="245" dir="0" index="2" bw="9" slack="0"/>
<pin id="246" dir="1" index="3" bw="9" slack="0"/>
</pin_list>
<bind>
<opcode="getelementptr(29) " fcode="getelementptr"/>
<opset="tile_8_addr/3 "/>
</bind>
</comp>

<comp id="249" class="1004" name="tile_9_addr_gep_fu_249">
<pin_list>
<pin id="250" dir="0" index="0" bw="16" slack="0"/>
<pin id="251" dir="0" index="1" bw="1" slack="0"/>
<pin id="252" dir="0" index="2" bw="9" slack="0"/>
<pin id="253" dir="1" index="3" bw="9" slack="0"/>
</pin_list>
<bind>
<opcode="getelementptr(29) " fcode="getelementptr"/>
<opset="tile_9_addr/3 "/>
</bind>
</comp>

<comp id="256" class="1004" name="tile_10_addr_gep_fu_256">
<pin_list>
<pin id="257" dir="0" index="0" bw="16" slack="0"/>
<pin id="258" dir="0" index="1" bw="1" slack="0"/>
<pin id="259" dir="0" index="2" bw="9" slack="0"/>
<pin id="260" dir="1" index="3" bw="9" slack="0"/>
</pin_list>
<bind>
<opcode="getelementptr(29) " fcode="getelementptr"/>
<opset="tile_10_addr/3 "/>
</bind>
</comp>

<comp id="263" class="1004" name="tile_11_addr_gep_fu_263">
<pin_list>
<pin id="264" dir="0" index="0" bw="16" slack="0"/>
<pin id="265" dir="0" index="1" bw="1" slack="0"/>
<pin id="266" dir="0" index="2" bw="9" slack="0"/>
<pin id="267" dir="1" index="3" bw="9" slack="0"/>
</pin_list>
<bind>
<opcode="getelementptr(29) " fcode="getelementptr"/>
<opset="tile_11_addr/3 "/>
</bind>
</comp>

<comp id="270" class="1004" name="tile_12_addr_gep_fu_270">
<pin_list>
<pin id="271" dir="0" index="0" bw="16" slack="0"/>
<pin id="272" dir="0" index="1" bw="1" slack="0"/>
<pin id="273" dir="0" index="2" bw="9" slack="0"/>
<pin id="274" dir="1" index="3" bw="9" slack="0"/>
</pin_list>
<bind>
<opcode="getelementptr(29) " fcode="getelementptr"/>
<opset="tile_12_addr/3 "/>
</bind>
</comp>

<comp id="277" class="1004" name="tile_13_addr_gep_fu_277">
<pin_list>
<pin id="278" dir="0" index="0" bw="16" slack="0"/>
<pin id="279" dir="0" index="1" bw="1" slack="0"/>
<pin id="280" dir="0" index="2" bw="9" slack="0"/>
<pin id="281" dir="1" index="3" bw="9" slack="0"/>
</pin_list>
<bind>
<opcode="getelementptr(29) " fcode="getelementptr"/>
<opset="tile_13_addr/3 "/>
</bind>
</comp>

<comp id="284" class="1004" name="tile_14_addr_gep_fu_284">
<pin_list>
<pin id="285" dir="0" index="0" bw="16" slack="0"/>
<pin id="286" dir="0" index="1" bw="1" slack="0"/>
<pin id="287" dir="0" index="2" bw="9" slack="0"/>
<pin id="288" dir="1" index="3" bw="9" slack="0"/>
</pin_list>
<bind>
<opcode="getelementptr(29) " fcode="getelementptr"/>
<opset="tile_14_addr/3 "/>
</bind>
</comp>

<comp id="291" class="1004" name="tile_15_addr_gep_fu_291">
<pin_list>
<pin id="292" dir="0" index="0" bw="16" slack="0"/>
<pin id="293" dir="0" index="1" bw="1" slack="0"/>
<pin id="294" dir="0" index="2" bw="9" slack="0"/>
<pin id="295" dir="1" index="3" bw="9" slack="0"/>
</pin_list>
<bind>
<opcode="getelementptr(29) " fcode="getelementptr"/>
<opset="tile_15_addr/3 "/>
</bind>
</comp>

<comp id="298" class="1004" name="grp_access_fu_298">
<pin_list>
<pin id="299" dir="0" index="0" bw="9" slack="2147483647"/>
<pin id="300" dir="0" index="1" bw="16" slack="2147483647"/>
<pin id="301" dir="0" index="2" bw="0" slack="0"/>
<pin id="303" dir="0" index="4" bw="9" slack="0"/>
<pin id="304" dir="0" index="5" bw="16" slack="2147483647"/>
<pin id="305" dir="0" index="6" bw="0" slack="2147483647"/>
<pin id="302" dir="1" index="3" bw="16" slack="2147483647"/>
<pin id="306" dir="1" index="7" bw="16" slack="2147483647"/>
</pin_list>
<bind>
<opcode="store(28) " fcode="store"/>
<opset="store_ln173/3 store_ln173/4 "/>
</bind>
</comp>

<comp id="308" class="1004" name="grp_access_fu_308">
<pin_list>
<pin id="309" dir="0" index="0" bw="9" slack="2147483647"/>
<pin id="310" dir="0" index="1" bw="16" slack="2147483647"/>
<pin id="311" dir="0" index="2" bw="0" slack="0"/>
<pin id="313" dir="0" index="4" bw="9" slack="0"/>
<pin id="314" dir="0" index="5" bw="16" slack="2147483647"/>
<pin id="315" dir="0" index="6" bw="0" slack="2147483647"/>
<pin id="312" dir="1" index="3" bw="16" slack="2147483647"/>
<pin id="316" dir="1" index="7" bw="16" slack="2147483647"/>
</pin_list>
<bind>
<opcode="store(28) " fcode="store"/>
<opset="store_ln173/3 store_ln173/4 "/>
</bind>
</comp>

<comp id="318" class="1004" name="grp_access_fu_318">
<pin_list>
<pin id="319" dir="0" index="0" bw="9" slack="2147483647"/>
<pin id="320" dir="0" index="1" bw="16" slack="2147483647"/>
<pin id="321" dir="0" index="2" bw="0" slack="0"/>
<pin id="323" dir="0" index="4" bw="9" slack="0"/>
<pin id="324" dir="0" index="5" bw="16" slack="2147483647"/>
<pin id="325" dir="0" index="6" bw="0" slack="2147483647"/>
<pin id="322" dir="1" index="3" bw="16" slack="2147483647"/>
<pin id="326" dir="1" index="7" bw="16" slack="2147483647"/>
</pin_list>
<bind>
<opcode="store(28) " fcode="store"/>
<opset="store_ln173/3 store_ln173/4 "/>
</bind>
</comp>

<comp id="328" class="1004" name="grp_access_fu_328">
<pin_list>
<pin id="329" dir="0" index="0" bw="9" slack="2147483647"/>
<pin id="330" dir="0" index="1" bw="16" slack="2147483647"/>
<pin id="331" dir="0" index="2" bw="0" slack="0"/>
<pin id="333" dir="0" index="4" bw="9" slack="0"/>
<pin id="334" dir="0" index="5" bw="16" slack="2147483647"/>
<pin id="335" dir="0" index="6" bw="0" slack="2147483647"/>
<pin id="332" dir="1" index="3" bw="16" slack="2147483647"/>
<pin id="336" dir="1" index="7" bw="16" slack="2147483647"/>
</pin_list>
<bind>
<opcode="store(28) " fcode="store"/>
<opset="store_ln173/3 store_ln173/4 "/>
</bind>
</comp>

<comp id="338" class="1004" name="grp_access_fu_338">
<pin_list>
<pin id="339" dir="0" index="0" bw="9" slack="2147483647"/>
<pin id="340" dir="0" index="1" bw="16" slack="2147483647"/>
<pin id="341" dir="0" index="2" bw="0" slack="0"/>
<pin id="343" dir="0" index="4" bw="9" slack="0"/>
<pin id="344" dir="0" index="5" bw="16" slack="2147483647"/>
<pin id="345" dir="0" index="6" bw="0" slack="2147483647"/>
<pin id="342" dir="1" index="3" bw="16" slack="2147483647"/>
<pin id="346" dir="1" index="7" bw="16" slack="2147483647"/>
</pin_list>
<bind>
<opcode="store(28) " fcode="store"/>
<opset="store_ln173/3 store_ln173/4 "/>
</bind>
</comp>

<comp id="348" class="1004" name="grp_access_fu_348">
<pin_list>
<pin id="349" dir="0" index="0" bw="9" slack="2147483647"/>
<pin id="350" dir="0" index="1" bw="16" slack="2147483647"/>
<pin id="351" dir="0" index="2" bw="0" slack="0"/>
<pin id="353" dir="0" index="4" bw="9" slack="0"/>
<pin id="354" dir="0" index="5" bw="16" slack="2147483647"/>
<pin id="355" dir="0" index="6" bw="0" slack="2147483647"/>
<pin id="352" dir="1" index="3" bw="16" slack="2147483647"/>
<pin id="356" dir="1" index="7" bw="16" slack="2147483647"/>
</pin_list>
<bind>
<opcode="store(28) " fcode="store"/>
<opset="store_ln173/3 store_ln173/4 "/>
</bind>
</comp>

<comp id="358" class="1004" name="grp_access_fu_358">
<pin_list>
<pin id="359" dir="0" index="0" bw="9" slack="2147483647"/>
<pin id="360" dir="0" index="1" bw="16" slack="2147483647"/>
<pin id="361" dir="0" index="2" bw="0" slack="0"/>
<pin id="363" dir="0" index="4" bw="9" slack="0"/>
<pin id="364" dir="0" index="5" bw="16" slack="2147483647"/>
<pin id="365" dir="0" index="6" bw="0" slack="2147483647"/>
<pin id="362" dir="1" index="3" bw="16" slack="2147483647"/>
<pin id="366" dir="1" index="7" bw="16" slack="2147483647"/>
</pin_list>
<bind>
<opcode="store(28) " fcode="store"/>
<opset="store_ln173/3 store_ln173/4 "/>
</bind>
</comp>

<comp id="368" class="1004" name="grp_access_fu_368">
<pin_list>
<pin id="369" dir="0" index="0" bw="9" slack="2147483647"/>
<pin id="370" dir="0" index="1" bw="16" slack="2147483647"/>
<pin id="371" dir="0" index="2" bw="0" slack="0"/>
<pin id="373" dir="0" index="4" bw="9" slack="0"/>
<pin id="374" dir="0" index="5" bw="16" slack="2147483647"/>
<pin id="375" dir="0" index="6" bw="0" slack="2147483647"/>
<pin id="372" dir="1" index="3" bw="16" slack="2147483647"/>
<pin id="376" dir="1" index="7" bw="16" slack="2147483647"/>
</pin_list>
<bind>
<opcode="store(28) " fcode="store"/>
<opset="store_ln173/3 store_ln173/4 "/>
</bind>
</comp>

<comp id="378" class="1004" name="grp_access_fu_378">
<pin_list>
<pin id="379" dir="0" index="0" bw="9" slack="2147483647"/>
<pin id="380" dir="0" index="1" bw="16" slack="2147483647"/>
<pin id="381" dir="0" index="2" bw="0" slack="0"/>
<pin id="383" dir="0" index="4" bw="9" slack="0"/>
<pin id="384" dir="0" index="5" bw="16" slack="2147483647"/>
<pin id="385" dir="0" index="6" bw="0" slack="2147483647"/>
<pin id="382" dir="1" index="3" bw="16" slack="2147483647"/>
<pin id="386" dir="1" index="7" bw="16" slack="2147483647"/>
</pin_list>
<bind>
<opcode="store(28) " fcode="store"/>
<opset="store_ln173/3 store_ln173/4 "/>
</bind>
</comp>

<comp id="388" class="1004" name="grp_access_fu_388">
<pin_list>
<pin id="389" dir="0" index="0" bw="9" slack="2147483647"/>
<pin id="390" dir="0" index="1" bw="16" slack="2147483647"/>
<pin id="391" dir="0" index="2" bw="0" slack="0"/>
<pin id="393" dir="0" index="4" bw="9" slack="0"/>
<pin id="394" dir="0" index="5" bw="16" slack="2147483647"/>
<pin id="395" dir="0" index="6" bw="0" slack="2147483647"/>
<pin id="392" dir="1" index="3" bw="16" slack="2147483647"/>
<pin id="396" dir="1" index="7" bw="16" slack="2147483647"/>
</pin_list>
<bind>
<opcode="store(28) " fcode="store"/>
<opset="store_ln173/3 store_ln173/4 "/>
</bind>
</comp>

<comp id="398" class="1004" name="grp_access_fu_398">
<pin_list>
<pin id="399" dir="0" index="0" bw="9" slack="2147483647"/>
<pin id="400" dir="0" index="1" bw="16" slack="2147483647"/>
<pin id="401" dir="0" index="2" bw="0" slack="0"/>
<pin id="403" dir="0" index="4" bw="9" slack="0"/>
<pin id="404" dir="0" index="5" bw="16" slack="2147483647"/>
<pin id="405" dir="0" index="6" bw="0" slack="2147483647"/>
<pin id="402" dir="1" index="3" bw="16" slack="2147483647"/>
<pin id="406" dir="1" index="7" bw="16" slack="2147483647"/>
</pin_list>
<bind>
<opcode="store(28) " fcode="store"/>
<opset="store_ln173/3 store_ln173/4 "/>
</bind>
</comp>

<comp id="408" class="1004" name="grp_access_fu_408">
<pin_list>
<pin id="409" dir="0" index="0" bw="9" slack="2147483647"/>
<pin id="410" dir="0" index="1" bw="16" slack="2147483647"/>
<pin id="411" dir="0" index="2" bw="0" slack="0"/>
<pin id="413" dir="0" index="4" bw="9" slack="0"/>
<pin id="414" dir="0" index="5" bw="16" slack="2147483647"/>
<pin id="415" dir="0" index="6" bw="0" slack="2147483647"/>
<pin id="412" dir="1" index="3" bw="16" slack="2147483647"/>
<pin id="416" dir="1" index="7" bw="16" slack="2147483647"/>
</pin_list>
<bind>
<opcode="store(28) " fcode="store"/>
<opset="store_ln173/3 store_ln173/4 "/>
</bind>
</comp>

<comp id="418" class="1004" name="grp_access_fu_418">
<pin_list>
<pin id="419" dir="0" index="0" bw="9" slack="2147483647"/>
<pin id="420" dir="0" index="1" bw="16" slack="2147483647"/>
<pin id="421" dir="0" index="2" bw="0" slack="0"/>
<pin id="423" dir="0" index="4" bw="9" slack="0"/>
<pin id="424" dir="0" index="5" bw="16" slack="2147483647"/>
<pin id="425" dir="0" index="6" bw="0" slack="2147483647"/>
<pin id="422" dir="1" index="3" bw="16" slack="2147483647"/>
<pin id="426" dir="1" index="7" bw="16" slack="2147483647"/>
</pin_list>
<bind>
<opcode="store(28) " fcode="store"/>
<opset="store_ln173/3 store_ln173/4 "/>
</bind>
</comp>

<comp id="428" class="1004" name="grp_access_fu_428">
<pin_list>
<pin id="429" dir="0" index="0" bw="9" slack="2147483647"/>
<pin id="430" dir="0" index="1" bw="16" slack="2147483647"/>
<pin id="431" dir="0" index="2" bw="0" slack="0"/>
<pin id="433" dir="0" index="4" bw="9" slack="0"/>
<pin id="434" dir="0" index="5" bw="16" slack="2147483647"/>
<pin id="435" dir="0" index="6" bw="0" slack="2147483647"/>
<pin id="432" dir="1" index="3" bw="16" slack="2147483647"/>
<pin id="436" dir="1" index="7" bw="16" slack="2147483647"/>
</pin_list>
<bind>
<opcode="store(28) " fcode="store"/>
<opset="store_ln173/3 store_ln173/4 "/>
</bind>
</comp>

<comp id="438" class="1004" name="grp_access_fu_438">
<pin_list>
<pin id="439" dir="0" index="0" bw="9" slack="2147483647"/>
<pin id="440" dir="0" index="1" bw="16" slack="2147483647"/>
<pin id="441" dir="0" index="2" bw="0" slack="0"/>
<pin id="443" dir="0" index="4" bw="9" slack="0"/>
<pin id="444" dir="0" index="5" bw="16" slack="2147483647"/>
<pin id="445" dir="0" index="6" bw="0" slack="2147483647"/>
<pin id="442" dir="1" index="3" bw="16" slack="2147483647"/>
<pin id="446" dir="1" index="7" bw="16" slack="2147483647"/>
</pin_list>
<bind>
<opcode="store(28) " fcode="store"/>
<opset="store_ln173/3 store_ln173/4 "/>
</bind>
</comp>

<comp id="448" class="1004" name="grp_access_fu_448">
<pin_list>
<pin id="449" dir="0" index="0" bw="9" slack="2147483647"/>
<pin id="450" dir="0" index="1" bw="16" slack="2147483647"/>
<pin id="451" dir="0" index="2" bw="0" slack="0"/>
<pin id="453" dir="0" index="4" bw="9" slack="0"/>
<pin id="454" dir="0" index="5" bw="16" slack="2147483647"/>
<pin id="455" dir="0" index="6" bw="0" slack="2147483647"/>
<pin id="452" dir="1" index="3" bw="16" slack="2147483647"/>
<pin id="456" dir="1" index="7" bw="16" slack="2147483647"/>
</pin_list>
<bind>
<opcode="store(28) " fcode="store"/>
<opset="store_ln173/3 store_ln173/4 "/>
</bind>
</comp>

<comp id="458" class="1004" name="tile_0_addr_2_gep_fu_458">
<pin_list>
<pin id="459" dir="0" index="0" bw="16" slack="0"/>
<pin id="460" dir="0" index="1" bw="1" slack="0"/>
<pin id="461" dir="0" index="2" bw="9" slack="0"/>
<pin id="462" dir="1" index="3" bw="9" slack="0"/>
</pin_list>
<bind>
<opcode="getelementptr(29) " fcode="getelementptr"/>
<opset="tile_0_addr_2/4 "/>
</bind>
</comp>

<comp id="465" class="1004" name="tile_1_addr_2_gep_fu_465">
<pin_list>
<pin id="466" dir="0" index="0" bw="16" slack="0"/>
<pin id="467" dir="0" index="1" bw="1" slack="0"/>
<pin id="468" dir="0" index="2" bw="9" slack="0"/>
<pin id="469" dir="1" index="3" bw="9" slack="0"/>
</pin_list>
<bind>
<opcode="getelementptr(29) " fcode="getelementptr"/>
<opset="tile_1_addr_2/4 "/>
</bind>
</comp>

<comp id="472" class="1004" name="tile_2_addr_2_gep_fu_472">
<pin_list>
<pin id="473" dir="0" index="0" bw="16" slack="0"/>
<pin id="474" dir="0" index="1" bw="1" slack="0"/>
<pin id="475" dir="0" index="2" bw="9" slack="0"/>
<pin id="476" dir="1" index="3" bw="9" slack="0"/>
</pin_list>
<bind>
<opcode="getelementptr(29) " fcode="getelementptr"/>
<opset="tile_2_addr_2/4 "/>
</bind>
</comp>

<comp id="479" class="1004" name="tile_3_addr_2_gep_fu_479">
<pin_list>
<pin id="480" dir="0" index="0" bw="16" slack="0"/>
<pin id="481" dir="0" index="1" bw="1" slack="0"/>
<pin id="482" dir="0" index="2" bw="9" slack="0"/>
<pin id="483" dir="1" index="3" bw="9" slack="0"/>
</pin_list>
<bind>
<opcode="getelementptr(29) " fcode="getelementptr"/>
<opset="tile_3_addr_2/4 "/>
</bind>
</comp>

<comp id="486" class="1004" name="tile_4_addr_2_gep_fu_486">
<pin_list>
<pin id="487" dir="0" index="0" bw="16" slack="0"/>
<pin id="488" dir="0" index="1" bw="1" slack="0"/>
<pin id="489" dir="0" index="2" bw="9" slack="0"/>
<pin id="490" dir="1" index="3" bw="9" slack="0"/>
</pin_list>
<bind>
<opcode="getelementptr(29) " fcode="getelementptr"/>
<opset="tile_4_addr_2/4 "/>
</bind>
</comp>

<comp id="493" class="1004" name="tile_5_addr_2_gep_fu_493">
<pin_list>
<pin id="494" dir="0" index="0" bw="16" slack="0"/>
<pin id="495" dir="0" index="1" bw="1" slack="0"/>
<pin id="496" dir="0" index="2" bw="9" slack="0"/>
<pin id="497" dir="1" index="3" bw="9" slack="0"/>
</pin_list>
<bind>
<opcode="getelementptr(29) " fcode="getelementptr"/>
<opset="tile_5_addr_2/4 "/>
</bind>
</comp>

<comp id="500" class="1004" name="tile_6_addr_2_gep_fu_500">
<pin_list>
<pin id="501" dir="0" index="0" bw="16" slack="0"/>
<pin id="502" dir="0" index="1" bw="1" slack="0"/>
<pin id="503" dir="0" index="2" bw="9" slack="0"/>
<pin id="504" dir="1" index="3" bw="9" slack="0"/>
</pin_list>
<bind>
<opcode="getelementptr(29) " fcode="getelementptr"/>
<opset="tile_6_addr_2/4 "/>
</bind>
</comp>

<comp id="507" class="1004" name="tile_7_addr_2_gep_fu_507">
<pin_list>
<pin id="508" dir="0" index="0" bw="16" slack="0"/>
<pin id="509" dir="0" index="1" bw="1" slack="0"/>
<pin id="510" dir="0" index="2" bw="9" slack="0"/>
<pin id="511" dir="1" index="3" bw="9" slack="0"/>
</pin_list>
<bind>
<opcode="getelementptr(29) " fcode="getelementptr"/>
<opset="tile_7_addr_2/4 "/>
</bind>
</comp>

<comp id="514" class="1004" name="tile_8_addr_2_gep_fu_514">
<pin_list>
<pin id="515" dir="0" index="0" bw="16" slack="0"/>
<pin id="516" dir="0" index="1" bw="1" slack="0"/>
<pin id="517" dir="0" index="2" bw="9" slack="0"/>
<pin id="518" dir="1" index="3" bw="9" slack="0"/>
</pin_list>
<bind>
<opcode="getelementptr(29) " fcode="getelementptr"/>
<opset="tile_8_addr_2/4 "/>
</bind>
</comp>

<comp id="521" class="1004" name="tile_9_addr_2_gep_fu_521">
<pin_list>
<pin id="522" dir="0" index="0" bw="16" slack="0"/>
<pin id="523" dir="0" index="1" bw="1" slack="0"/>
<pin id="524" dir="0" index="2" bw="9" slack="0"/>
<pin id="525" dir="1" index="3" bw="9" slack="0"/>
</pin_list>
<bind>
<opcode="getelementptr(29) " fcode="getelementptr"/>
<opset="tile_9_addr_2/4 "/>
</bind>
</comp>

<comp id="528" class="1004" name="tile_10_addr_2_gep_fu_528">
<pin_list>
<pin id="529" dir="0" index="0" bw="16" slack="0"/>
<pin id="530" dir="0" index="1" bw="1" slack="0"/>
<pin id="531" dir="0" index="2" bw="9" slack="0"/>
<pin id="532" dir="1" index="3" bw="9" slack="0"/>
</pin_list>
<bind>
<opcode="getelementptr(29) " fcode="getelementptr"/>
<opset="tile_10_addr_2/4 "/>
</bind>
</comp>

<comp id="535" class="1004" name="tile_11_addr_2_gep_fu_535">
<pin_list>
<pin id="536" dir="0" index="0" bw="16" slack="0"/>
<pin id="537" dir="0" index="1" bw="1" slack="0"/>
<pin id="538" dir="0" index="2" bw="9" slack="0"/>
<pin id="539" dir="1" index="3" bw="9" slack="0"/>
</pin_list>
<bind>
<opcode="getelementptr(29) " fcode="getelementptr"/>
<opset="tile_11_addr_2/4 "/>
</bind>
</comp>

<comp id="542" class="1004" name="tile_12_addr_2_gep_fu_542">
<pin_list>
<pin id="543" dir="0" index="0" bw="16" slack="0"/>
<pin id="544" dir="0" index="1" bw="1" slack="0"/>
<pin id="545" dir="0" index="2" bw="9" slack="0"/>
<pin id="546" dir="1" index="3" bw="9" slack="0"/>
</pin_list>
<bind>
<opcode="getelementptr(29) " fcode="getelementptr"/>
<opset="tile_12_addr_2/4 "/>
</bind>
</comp>

<comp id="549" class="1004" name="tile_13_addr_2_gep_fu_549">
<pin_list>
<pin id="550" dir="0" index="0" bw="16" slack="0"/>
<pin id="551" dir="0" index="1" bw="1" slack="0"/>
<pin id="552" dir="0" index="2" bw="9" slack="0"/>
<pin id="553" dir="1" index="3" bw="9" slack="0"/>
</pin_list>
<bind>
<opcode="getelementptr(29) " fcode="getelementptr"/>
<opset="tile_13_addr_2/4 "/>
</bind>
</comp>

<comp id="556" class="1004" name="tile_14_addr_2_gep_fu_556">
<pin_list>
<pin id="557" dir="0" index="0" bw="16" slack="0"/>
<pin id="558" dir="0" index="1" bw="1" slack="0"/>
<pin id="559" dir="0" index="2" bw="9" slack="0"/>
<pin id="560" dir="1" index="3" bw="9" slack="0"/>
</pin_list>
<bind>
<opcode="getelementptr(29) " fcode="getelementptr"/>
<opset="tile_14_addr_2/4 "/>
</bind>
</comp>

<comp id="563" class="1004" name="tile_15_addr_2_gep_fu_563">
<pin_list>
<pin id="564" dir="0" index="0" bw="16" slack="0"/>
<pin id="565" dir="0" index="1" bw="1" slack="0"/>
<pin id="566" dir="0" index="2" bw="9" slack="0"/>
<pin id="567" dir="1" index="3" bw="9" slack="0"/>
</pin_list>
<bind>
<opcode="getelementptr(29) " fcode="getelementptr"/>
<opset="tile_15_addr_2/4 "/>
</bind>
</comp>

<comp id="586" class="1004" name="word_read_fu_586">
<pin_list>
<pin id="587" dir="0" index="0" bw="512" slack="0"/>
<pin id="588" dir="0" index="1" bw="512" slack="0"/>
<pin id="589" dir="1" index="2" bw="512" slack="0"/>
</pin_list>
<bind>
<opcode="read(1150) " fcode="read"/>
<opset="word/3 "/>
</bind>
</comp>

<comp id="591" class="1004" name="sext_ln158_2_cast_fu_591">
<pin_list>
<pin id="592" dir="0" index="0" bw="58" slack="0"/>
<pin id="593" dir="1" index="1" bw="64" slack="2"/>
</pin_list>
<bind>
<opcode="sext(35) " fcode="sext"/>
<opset="sext_ln158_2_cast/1 "/>
</bind>
</comp>

<comp id="595" class="1004" name="store_ln0_store_fu_595">
<pin_list>
<pin id="596" dir="0" index="0" bw="1" slack="0"/>
<pin id="597" dir="0" index="1" bw="33" slack="0"/>
<pin id="598" dir="1" index="2" bw="0" slack="2147483647"/>
</pin_list>
<bind>
<opcode="store(28) " fcode="store"/>
<opset="store_ln0/1 "/>
</bind>
</comp>

<comp id="600" class="1004" name="store_ln158_store_fu_600">
<pin_list>
<pin id="601" dir="0" index="0" bw="1" slack="0"/>
<pin id="602" dir="0" index="1" bw="31" slack="0"/>
<pin id="603" dir="1" index="2" bw="0" slack="2147483647"/>
</pin_list>
<bind>
<opcode="store(28) " fcode="store"/>
<opset="store_ln158/1 "/>
</bind>
</comp>

<comp id="605" class="1004" name="store_ln162_store_fu_605">
<pin_list>
<pin id="606" dir="0" index="0" bw="1" slack="0"/>
<pin id="607" dir="0" index="1" bw="3" slack="0"/>
<pin id="608" dir="1" index="2" bw="0" slack="2147483647"/>
</pin_list>
<bind>
<opcode="store(28) " fcode="store"/>
<opset="store_ln162/1 "/>
</bind>
</comp>

<comp id="610" class="1004" name="indvar_flatten_load_load_fu_610">
<pin_list>
<pin id="611" dir="0" index="0" bw="33" slack="1"/>
<pin id="612" dir="1" index="1" bw="33" slack="0"/>
</pin_list>
<bind>
<opcode="load(27) " fcode="load"/>
<opset="indvar_flatten_load/2 "/>
</bind>
</comp>

<comp id="613" class="1004" name="add_ln158_fu_613">
<pin_list>
<pin id="614" dir="0" index="0" bw="33" slack="0"/>
<pin id="615" dir="0" index="1" bw="1" slack="0"/>
<pin id="616" dir="1" index="2" bw="33" slack="0"/>
</pin_list>
<bind>
<opcode="add(8) " fcode="add"/>
<opset="add_ln158/2 "/>
</bind>
</comp>

<comp id="619" class="1004" name="icmp_ln158_fu_619">
<pin_list>
<pin id="620" dir="0" index="0" bw="33" slack="0"/>
<pin id="621" dir="0" index="1" bw="33" slack="1"/>
<pin id="622" dir="1" index="2" bw="1" slack="1"/>
</pin_list>
<bind>
<opcode="icmp(45) " fcode="icmp"/>
<opset="icmp_ln158/2 "/>
</bind>
</comp>

<comp id="624" class="1004" name="store_ln158_store_fu_624">
<pin_list>
<pin id="625" dir="0" index="0" bw="33" slack="0"/>
<pin id="626" dir="0" index="1" bw="33" slack="1"/>
<pin id="627" dir="1" index="2" bw="0" slack="2147483647"/>
</pin_list>
<bind>
<opcode="store(28) " fcode="store"/>
<opset="store_ln158/2 "/>
</bind>
</comp>

<comp id="629" class="1004" name="b_load_load_fu_629">
<pin_list>
<pin id="630" dir="0" index="0" bw="3" slack="2"/>
<pin id="631" dir="1" index="1" bw="3" slack="0"/>
</pin_list>
<bind>
<opcode="load(27) " fcode="load"/>
<opset="b_load/3 "/>
</bind>
</comp>

<comp id="632" class="1004" name="r_load_load_fu_632">
<pin_list>
<pin id="633" dir="0" index="0" bw="31" slack="2"/>
<pin id="634" dir="1" index="1" bw="31" slack="0"/>
</pin_list>
<bind>
<opcode="load(27) " fcode="load"/>
<opset="r_load/3 "/>
</bind>
</comp>

<comp id="635" class="1004" name="gmem_K_addr_fu_635">
<pin_list>
<pin id="636" dir="0" index="0" bw="64" slack="0"/>
<pin id="637" dir="0" index="1" bw="64" slack="2"/>
<pin id="638" dir="1" index="2" bw="64" slack="0"/>
</pin_list>
<bind>
<opcode="getelementptr(29) " fcode="getelementptr"/>
<opset="gmem_K_addr/3 "/>
</bind>
</comp>

<comp id="641" class="1004" name="add_ln158_1_fu_641">
<pin_list>
<pin id="642" dir="0" index="0" bw="31" slack="0"/>
<pin id="643" dir="0" index="1" bw="1" slack="0"/>
<pin id="644" dir="1" index="2" bw="31" slack="0"/>
</pin_list>
<bind>
<opcode="add(8) " fcode="add"/>
<opset="add_ln158_1/3 "/>
</bind>
</comp>

<comp id="647" class="1004" name="icmp_ln162_fu_647">
<pin_list>
<pin id="648" dir="0" index="0" bw="3" slack="0"/>
<pin id="649" dir="0" index="1" bw="3" slack="0"/>
<pin id="650" dir="1" index="2" bw="1" slack="0"/>
</pin_list>
<bind>
<opcode="icmp(45) " fcode="icmp"/>
<opset="icmp_ln162/3 "/>
</bind>
</comp>

<comp id="653" class="1004" name="select_ln158_fu_653">
<pin_list>
<pin id="654" dir="0" index="0" bw="1" slack="0"/>
<pin id="655" dir="0" index="1" bw="3" slack="0"/>
<pin id="656" dir="0" index="2" bw="3" slack="0"/>
<pin id="657" dir="1" index="3" bw="3" slack="0"/>
</pin_list>
<bind>
<opcode="select(49) " fcode="select"/>
<opset="select_ln158/3 "/>
</bind>
</comp>

<comp id="661" class="1004" name="select_ln158_1_fu_661">
<pin_list>
<pin id="662" dir="0" index="0" bw="1" slack="0"/>
<pin id="663" dir="0" index="1" bw="31" slack="0"/>
<pin id="664" dir="0" index="2" bw="31" slack="0"/>
<pin id="665" dir="1" index="3" bw="31" slack="0"/>
</pin_list>
<bind>
<opcode="select(49) " fcode="select"/>
<opset="select_ln158_1/3 "/>
</bind>
</comp>

<comp id="669" class="1004" name="trunc_ln163_fu_669">
<pin_list>
<pin id="670" dir="0" index="0" bw="31" slack="0"/>
<pin id="671" dir="1" index="1" bw="6" slack="0"/>
</pin_list>
<bind>
<opcode="trunc(33) " fcode="trunc"/>
<opset="trunc_ln163/3 "/>
</bind>
</comp>

<comp id="673" class="1004" name="muxLogicAXIMCE_to_word_fu_673">
<pin_list>
<pin id="674" dir="1" index="0" bw="512" slack="2147483647"/>
</pin_list>
<bind>
<opcode="muxlogic(592) " fcode="muxlogic"/>
<opset="muxLogicAXIMCE_to_word/3 "/>
</bind>
</comp>

<comp id="675" class="1004" name="trunc_ln67_fu_675">
<pin_list>
<pin id="676" dir="0" index="0" bw="512" slack="0"/>
<pin id="677" dir="1" index="1" bw="16" slack="0"/>
</pin_list>
<bind>
<opcode="trunc(33) " fcode="trunc"/>
<opset="trunc_ln67/3 "/>
</bind>
</comp>

<comp id="679" class="1004" name="vals_fu_679">
<pin_list>
<pin id="680" dir="0" index="0" bw="16" slack="0"/>
<pin id="681" dir="1" index="1" bw="16" slack="0"/>
</pin_list>
<bind>
<opcode="bitcast(44) " fcode="bitcast"/>
<opset="vals/3 "/>
</bind>
</comp>

<comp id="684" class="1004" name="tmp_s_fu_684">
<pin_list>
<pin id="685" dir="0" index="0" bw="16" slack="0"/>
<pin id="686" dir="0" index="1" bw="512" slack="0"/>
<pin id="687" dir="0" index="2" bw="6" slack="0"/>
<pin id="688" dir="1" index="3" bw="16" slack="0"/>
</pin_list>
<bind>
<opcode="partselect(1002) " fcode="partselect"/>
<opset="tmp_s/3 "/>
</bind>
</comp>

<comp id="692" class="1004" name="vals_1_fu_692">
<pin_list>
<pin id="693" dir="0" index="0" bw="16" slack="0"/>
<pin id="694" dir="1" index="1" bw="16" slack="0"/>
</pin_list>
<bind>
<opcode="bitcast(44) " fcode="bitcast"/>
<opset="vals_1/3 "/>
</bind>
</comp>

<comp id="697" class="1004" name="tmp_15_fu_697">
<pin_list>
<pin id="698" dir="0" index="0" bw="16" slack="0"/>
<pin id="699" dir="0" index="1" bw="512" slack="0"/>
<pin id="700" dir="0" index="2" bw="7" slack="0"/>
<pin id="701" dir="1" index="3" bw="16" slack="0"/>
</pin_list>
<bind>
<opcode="partselect(1002) " fcode="partselect"/>
<opset="tmp_15/3 "/>
</bind>
</comp>

<comp id="705" class="1004" name="vals_2_fu_705">
<pin_list>
<pin id="706" dir="0" index="0" bw="16" slack="0"/>
<pin id="707" dir="1" index="1" bw="16" slack="0"/>
</pin_list>
<bind>
<opcode="bitcast(44) " fcode="bitcast"/>
<opset="vals_2/3 "/>
</bind>
</comp>

<comp id="710" class="1004" name="tmp_16_fu_710">
<pin_list>
<pin id="711" dir="0" index="0" bw="16" slack="0"/>
<pin id="712" dir="0" index="1" bw="512" slack="0"/>
<pin id="713" dir="0" index="2" bw="7" slack="0"/>
<pin id="714" dir="1" index="3" bw="16" slack="0"/>
</pin_list>
<bind>
<opcode="partselect(1002) " fcode="partselect"/>
<opset="tmp_16/3 "/>
</bind>
</comp>

<comp id="718" class="1004" name="vals_3_fu_718">
<pin_list>
<pin id="719" dir="0" index="0" bw="16" slack="0"/>
<pin id="720" dir="1" index="1" bw="16" slack="0"/>
</pin_list>
<bind>
<opcode="bitcast(44) " fcode="bitcast"/>
<opset="vals_3/3 "/>
</bind>
</comp>

<comp id="723" class="1004" name="tmp_17_fu_723">
<pin_list>
<pin id="724" dir="0" index="0" bw="16" slack="0"/>
<pin id="725" dir="0" index="1" bw="512" slack="0"/>
<pin id="726" dir="0" index="2" bw="8" slack="0"/>
<pin id="727" dir="1" index="3" bw="16" slack="0"/>
</pin_list>
<bind>
<opcode="partselect(1002) " fcode="partselect"/>
<opset="tmp_17/3 "/>
</bind>
</comp>

<comp id="731" class="1004" name="vals_4_fu_731">
<pin_list>
<pin id="732" dir="0" index="0" bw="16" slack="0"/>
<pin id="733" dir="1" index="1" bw="16" slack="0"/>
</pin_list>
<bind>
<opcode="bitcast(44) " fcode="bitcast"/>
<opset="vals_4/3 "/>
</bind>
</comp>

<comp id="736" class="1004" name="tmp_18_fu_736">
<pin_list>
<pin id="737" dir="0" index="0" bw="16" slack="0"/>
<pin id="738" dir="0" index="1" bw="512" slack="0"/>
<pin id="739" dir="0" index="2" bw="8" slack="0"/>
<pin id="740" dir="1" index="3" bw="16" slack="0"/>
</pin_list>
<bind>
<opcode="partselect(1002) " fcode="partselect"/>
<opset="tmp_18/3 "/>
</bind>
</comp>

<comp id="744" class="1004" name="vals_5_fu_744">
<pin_list>
<pin id="745" dir="0" index="0" bw="16" slack="0"/>
<pin id="746" dir="1" index="1" bw="16" slack="0"/>
</pin_list>
<bind>
<opcode="bitcast(44) " fcode="bitcast"/>
<opset="vals_5/3 "/>
</bind>
</comp>

<comp id="749" class="1004" name="tmp_19_fu_749">
<pin_list>
<pin id="750" dir="0" index="0" bw="16" slack="0"/>
<pin id="751" dir="0" index="1" bw="512" slack="0"/>
<pin id="752" dir="0" index="2" bw="8" slack="0"/>
<pin id="753" dir="1" index="3" bw="16" slack="0"/>
</pin_list>
<bind>
<opcode="partselect(1002) " fcode="partselect"/>
<opset="tmp_19/3 "/>
</bind>
</comp>

<comp id="757" class="1004" name="vals_6_fu_757">
<pin_list>
<pin id="758" dir="0" index="0" bw="16" slack="0"/>
<pin id="759" dir="1" index="1" bw="16" slack="0"/>
</pin_list>
<bind>
<opcode="bitcast(44) " fcode="bitcast"/>
<opset="vals_6/3 "/>
</bind>
</comp>

<comp id="762" class="1004" name="tmp_20_fu_762">
<pin_list>
<pin id="763" dir="0" index="0" bw="16" slack="0"/>
<pin id="764" dir="0" index="1" bw="512" slack="0"/>
<pin id="765" dir="0" index="2" bw="8" slack="0"/>
<pin id="766" dir="1" index="3" bw="16" slack="0"/>
</pin_list>
<bind>
<opcode="partselect(1002) " fcode="partselect"/>
<opset="tmp_20/3 "/>
</bind>
</comp>

<comp id="770" class="1004" name="vals_7_fu_770">
<pin_list>
<pin id="771" dir="0" index="0" bw="16" slack="0"/>
<pin id="772" dir="1" index="1" bw="16" slack="0"/>
</pin_list>
<bind>
<opcode="bitcast(44) " fcode="bitcast"/>
<opset="vals_7/3 "/>
</bind>
</comp>

<comp id="775" class="1004" name="tmp_21_fu_775">
<pin_list>
<pin id="776" dir="0" index="0" bw="16" slack="0"/>
<pin id="777" dir="0" index="1" bw="512" slack="0"/>
<pin id="778" dir="0" index="2" bw="9" slack="0"/>
<pin id="779" dir="1" index="3" bw="16" slack="0"/>
</pin_list>
<bind>
<opcode="partselect(1002) " fcode="partselect"/>
<opset="tmp_21/3 "/>
</bind>
</comp>

<comp id="783" class="1004" name="vals_8_fu_783">
<pin_list>
<pin id="784" dir="0" index="0" bw="16" slack="0"/>
<pin id="785" dir="1" index="1" bw="16" slack="0"/>
</pin_list>
<bind>
<opcode="bitcast(44) " fcode="bitcast"/>
<opset="vals_8/3 "/>
</bind>
</comp>

<comp id="788" class="1004" name="tmp_22_fu_788">
<pin_list>
<pin id="789" dir="0" index="0" bw="16" slack="0"/>
<pin id="790" dir="0" index="1" bw="512" slack="0"/>
<pin id="791" dir="0" index="2" bw="9" slack="0"/>
<pin id="792" dir="1" index="3" bw="16" slack="0"/>
</pin_list>
<bind>
<opcode="partselect(1002) " fcode="partselect"/>
<opset="tmp_22/3 "/>
</bind>
</comp>

<comp id="796" class="1004" name="vals_9_fu_796">
<pin_list>
<pin id="797" dir="0" index="0" bw="16" slack="0"/>
<pin id="798" dir="1" index="1" bw="16" slack="0"/>
</pin_list>
<bind>
<opcode="bitcast(44) " fcode="bitcast"/>
<opset="vals_9/3 "/>
</bind>
</comp>

<comp id="801" class="1004" name="tmp_23_fu_801">
<pin_list>
<pin id="802" dir="0" index="0" bw="16" slack="0"/>
<pin id="803" dir="0" index="1" bw="512" slack="0"/>
<pin id="804" dir="0" index="2" bw="9" slack="0"/>
<pin id="805" dir="1" index="3" bw="16" slack="0"/>
</pin_list>
<bind>
<opcode="partselect(1002) " fcode="partselect"/>
<opset="tmp_23/3 "/>
</bind>
</comp>

<comp id="809" class="1004" name="vals_10_fu_809">
<pin_list>
<pin id="810" dir="0" index="0" bw="16" slack="0"/>
<pin id="811" dir="1" index="1" bw="16" slack="0"/>
</pin_list>
<bind>
<opcode="bitcast(44) " fcode="bitcast"/>
<opset="vals_10/3 "/>
</bind>
</comp>

<comp id="814" class="1004" name="tmp_24_fu_814">
<pin_list>
<pin id="815" dir="0" index="0" bw="16" slack="0"/>
<pin id="816" dir="0" index="1" bw="512" slack="0"/>
<pin id="817" dir="0" index="2" bw="9" slack="0"/>
<pin id="818" dir="1" index="3" bw="16" slack="0"/>
</pin_list>
<bind>
<opcode="partselect(1002) " fcode="partselect"/>
<opset="tmp_24/3 "/>
</bind>
</comp>

<comp id="822" class="1004" name="vals_11_fu_822">
<pin_list>
<pin id="823" dir="0" index="0" bw="16" slack="0"/>
<pin id="824" dir="1" index="1" bw="16" slack="0"/>
</pin_list>
<bind>
<opcode="bitcast(44) " fcode="bitcast"/>
<opset="vals_11/3 "/>
</bind>
</comp>

<comp id="827" class="1004" name="tmp_25_fu_827">
<pin_list>
<pin id="828" dir="0" index="0" bw="16" slack="0"/>
<pin id="829" dir="0" index="1" bw="512" slack="0"/>
<pin id="830" dir="0" index="2" bw="9" slack="0"/>
<pin id="831" dir="1" index="3" bw="16" slack="0"/>
</pin_list>
<bind>
<opcode="partselect(1002) " fcode="partselect"/>
<opset="tmp_25/3 "/>
</bind>
</comp>

<comp id="835" class="1004" name="vals_12_fu_835">
<pin_list>
<pin id="836" dir="0" index="0" bw="16" slack="0"/>
<pin id="837" dir="1" index="1" bw="16" slack="0"/>
</pin_list>
<bind>
<opcode="bitcast(44) " fcode="bitcast"/>
<opset="vals_12/3 "/>
</bind>
</comp>

<comp id="840" class="1004" name="tmp_26_fu_840">
<pin_list>
<pin id="841" dir="0" index="0" bw="16" slack="0"/>
<pin id="842" dir="0" index="1" bw="512" slack="0"/>
<pin id="843" dir="0" index="2" bw="9" slack="0"/>
<pin id="844" dir="1" index="3" bw="16" slack="0"/>
</pin_list>
<bind>
<opcode="partselect(1002) " fcode="partselect"/>
<opset="tmp_26/3 "/>
</bind>
</comp>

<comp id="848" class="1004" name="vals_13_fu_848">
<pin_list>
<pin id="849" dir="0" index="0" bw="16" slack="0"/>
<pin id="850" dir="1" index="1" bw="16" slack="0"/>
</pin_list>
<bind>
<opcode="bitcast(44) " fcode="bitcast"/>
<opset="vals_13/3 "/>
</bind>
</comp>

<comp id="853" class="1004" name="tmp_27_fu_853">
<pin_list>
<pin id="854" dir="0" index="0" bw="16" slack="0"/>
<pin id="855" dir="0" index="1" bw="512" slack="0"/>
<pin id="856" dir="0" index="2" bw="9" slack="0"/>
<pin id="857" dir="1" index="3" bw="16" slack="0"/>
</pin_list>
<bind>
<opcode="partselect(1002) " fcode="partselect"/>
<opset="tmp_27/3 "/>
</bind>
</comp>

<comp id="861" class="1004" name="vals_14_fu_861">
<pin_list>
<pin id="862" dir="0" index="0" bw="16" slack="0"/>
<pin id="863" dir="1" index="1" bw="16" slack="0"/>
</pin_list>
<bind>
<opcode="bitcast(44) " fcode="bitcast"/>
<opset="vals_14/3 "/>
</bind>
</comp>

<comp id="866" class="1004" name="tmp_28_fu_866">
<pin_list>
<pin id="867" dir="0" index="0" bw="16" slack="0"/>
<pin id="868" dir="0" index="1" bw="512" slack="0"/>
<pin id="869" dir="0" index="2" bw="9" slack="0"/>
<pin id="870" dir="1" index="3" bw="16" slack="0"/>
</pin_list>
<bind>
<opcode="partselect(1002) " fcode="partselect"/>
<opset="tmp_28/3 "/>
</bind>
</comp>

<comp id="874" class="1004" name="vals_15_fu_874">
<pin_list>
<pin id="875" dir="0" index="0" bw="16" slack="0"/>
<pin id="876" dir="1" index="1" bw="16" slack="0"/>
</pin_list>
<bind>
<opcode="bitcast(44) " fcode="bitcast"/>
<opset="vals_15/3 "/>
</bind>
</comp>

<comp id="879" class="1004" name="tmp_29_fu_879">
<pin_list>
<pin id="880" dir="0" index="0" bw="16" slack="0"/>
<pin id="881" dir="0" index="1" bw="512" slack="0"/>
<pin id="882" dir="0" index="2" bw="10" slack="0"/>
<pin id="883" dir="1" index="3" bw="16" slack="1"/>
</pin_list>
<bind>
<opcode="partselect(1002) " fcode="partselect"/>
<opset="tmp_29/3 "/>
</bind>
</comp>

<comp id="887" class="1004" name="tmp_30_fu_887">
<pin_list>
<pin id="888" dir="0" index="0" bw="16" slack="0"/>
<pin id="889" dir="0" index="1" bw="512" slack="0"/>
<pin id="890" dir="0" index="2" bw="10" slack="0"/>
<pin id="891" dir="1" index="3" bw="16" slack="1"/>
</pin_list>
<bind>
<opcode="partselect(1002) " fcode="partselect"/>
<opset="tmp_30/3 "/>
</bind>
</comp>

<comp id="895" class="1004" name="tmp_31_fu_895">
<pin_list>
<pin id="896" dir="0" index="0" bw="16" slack="0"/>
<pin id="897" dir="0" index="1" bw="512" slack="0"/>
<pin id="898" dir="0" index="2" bw="10" slack="0"/>
<pin id="899" dir="1" index="3" bw="16" slack="1"/>
</pin_list>
<bind>
<opcode="partselect(1002) " fcode="partselect"/>
<opset="tmp_31/3 "/>
</bind>
</comp>

<comp id="903" class="1004" name="tmp_32_fu_903">
<pin_list>
<pin id="904" dir="0" index="0" bw="16" slack="0"/>
<pin id="905" dir="0" index="1" bw="512" slack="0"/>
<pin id="906" dir="0" index="2" bw="10" slack="0"/>
<pin id="907" dir="1" index="3" bw="16" slack="1"/>
</pin_list>
<bind>
<opcode="partselect(1002) " fcode="partselect"/>
<opset="tmp_32/3 "/>
</bind>
</comp>

<comp id="911" class="1004" name="tmp_33_fu_911">
<pin_list>
<pin id="912" dir="0" index="0" bw="16" slack="0"/>
<pin id="913" dir="0" index="1" bw="512" slack="0"/>
<pin id="914" dir="0" index="2" bw="10" slack="0"/>
<pin id="915" dir="1" index="3" bw="16" slack="1"/>
</pin_list>
<bind>
<opcode="partselect(1002) " fcode="partselect"/>
<opset="tmp_33/3 "/>
</bind>
</comp>

<comp id="919" class="1004" name="tmp_34_fu_919">
<pin_list>
<pin id="920" dir="0" index="0" bw="16" slack="0"/>
<pin id="921" dir="0" index="1" bw="512" slack="0"/>
<pin id="922" dir="0" index="2" bw="10" slack="0"/>
<pin id="923" dir="1" index="3" bw="16" slack="1"/>
</pin_list>
<bind>
<opcode="partselect(1002) " fcode="partselect"/>
<opset="tmp_34/3 "/>
</bind>
</comp>

<comp id="927" class="1004" name="tmp_35_fu_927">
<pin_list>
<pin id="928" dir="0" index="0" bw="16" slack="0"/>
<pin id="929" dir="0" index="1" bw="512" slack="0"/>
<pin id="930" dir="0" index="2" bw="10" slack="0"/>
<pin id="931" dir="1" index="3" bw="16" slack="1"/>
</pin_list>
<bind>
<opcode="partselect(1002) " fcode="partselect"/>
<opset="tmp_35/3 "/>
</bind>
</comp>

<comp id="935" class="1004" name="tmp_36_fu_935">
<pin_list>
<pin id="936" dir="0" index="0" bw="16" slack="0"/>
<pin id="937" dir="0" index="1" bw="512" slack="0"/>
<pin id="938" dir="0" index="2" bw="10" slack="0"/>
<pin id="939" dir="1" index="3" bw="16" slack="1"/>
</pin_list>
<bind>
<opcode="partselect(1002) " fcode="partselect"/>
<opset="tmp_36/3 "/>
</bind>
</comp>

<comp id="943" class="1004" name="tmp_37_fu_943">
<pin_list>
<pin id="944" dir="0" index="0" bw="16" slack="0"/>
<pin id="945" dir="0" index="1" bw="512" slack="0"/>
<pin id="946" dir="0" index="2" bw="10" slack="0"/>
<pin id="947" dir="1" index="3" bw="16" slack="1"/>
</pin_list>
<bind>
<opcode="partselect(1002) " fcode="partselect"/>
<opset="tmp_37/3 "/>
</bind>
</comp>

<comp id="951" class="1004" name="tmp_38_fu_951">
<pin_list>
<pin id="952" dir="0" index="0" bw="16" slack="0"/>
<pin id="953" dir="0" index="1" bw="512" slack="0"/>
<pin id="954" dir="0" index="2" bw="10" slack="0"/>
<pin id="955" dir="1" index="3" bw="16" slack="1"/>
</pin_list>
<bind>
<opcode="partselect(1002) " fcode="partselect"/>
<opset="tmp_38/3 "/>
</bind>
</comp>

<comp id="959" class="1004" name="tmp_39_fu_959">
<pin_list>
<pin id="960" dir="0" index="0" bw="16" slack="0"/>
<pin id="961" dir="0" index="1" bw="512" slack="0"/>
<pin id="962" dir="0" index="2" bw="10" slack="0"/>
<pin id="963" dir="1" index="3" bw="16" slack="1"/>
</pin_list>
<bind>
<opcode="partselect(1002) " fcode="partselect"/>
<opset="tmp_39/3 "/>
</bind>
</comp>

<comp id="967" class="1004" name="tmp_40_fu_967">
<pin_list>
<pin id="968" dir="0" index="0" bw="16" slack="0"/>
<pin id="969" dir="0" index="1" bw="512" slack="0"/>
<pin id="970" dir="0" index="2" bw="10" slack="0"/>
<pin id="971" dir="1" index="3" bw="16" slack="1"/>
</pin_list>
<bind>
<opcode="partselect(1002) " fcode="partselect"/>
<opset="tmp_40/3 "/>
</bind>
</comp>

<comp id="975" class="1004" name="tmp_41_fu_975">
<pin_list>
<pin id="976" dir="0" index="0" bw="16" slack="0"/>
<pin id="977" dir="0" index="1" bw="512" slack="0"/>
<pin id="978" dir="0" index="2" bw="10" slack="0"/>
<pin id="979" dir="1" index="3" bw="16" slack="1"/>
</pin_list>
<bind>
<opcode="partselect(1002) " fcode="partselect"/>
<opset="tmp_41/3 "/>
</bind>
</comp>

<comp id="983" class="1004" name="tmp_42_fu_983">
<pin_list>
<pin id="984" dir="0" index="0" bw="16" slack="0"/>
<pin id="985" dir="0" index="1" bw="512" slack="0"/>
<pin id="986" dir="0" index="2" bw="10" slack="0"/>
<pin id="987" dir="1" index="3" bw="16" slack="1"/>
</pin_list>
<bind>
<opcode="partselect(1002) " fcode="partselect"/>
<opset="tmp_42/3 "/>
</bind>
</comp>

<comp id="991" class="1004" name="tmp_43_fu_991">
<pin_list>
<pin id="992" dir="0" index="0" bw="16" slack="0"/>
<pin id="993" dir="0" index="1" bw="512" slack="0"/>
<pin id="994" dir="0" index="2" bw="10" slack="0"/>
<pin id="995" dir="1" index="3" bw="16" slack="1"/>
</pin_list>
<bind>
<opcode="partselect(1002) " fcode="partselect"/>
<opset="tmp_43/3 "/>
</bind>
</comp>

<comp id="999" class="1004" name="tmp_44_fu_999">
<pin_list>
<pin id="1000" dir="0" index="0" bw="16" slack="0"/>
<pin id="1001" dir="0" index="1" bw="512" slack="0"/>
<pin id="1002" dir="0" index="2" bw="10" slack="0"/>
<pin id="1003" dir="1" index="3" bw="16" slack="1"/>
</pin_list>
<bind>
<opcode="partselect(1002) " fcode="partselect"/>
<opset="tmp_44/3 "/>
</bind>
</comp>

<comp id="1007" class="1004" name="trunc_ln173_fu_1007">
<pin_list>
<pin id="1008" dir="0" index="0" bw="3" slack="0"/>
<pin id="1009" dir="1" index="1" bw="2" slack="0"/>
</pin_list>
<bind>
<opcode="trunc(33) " fcode="trunc"/>
<opset="trunc_ln173/3 "/>
</bind>
</comp>

<comp id="1011" class="1004" name="tmp_45_fu_1011">
<pin_list>
<pin id="1012" dir="0" index="0" bw="9" slack="0"/>
<pin id="1013" dir="0" index="1" bw="6" slack="0"/>
<pin id="1014" dir="0" index="2" bw="2" slack="0"/>
<pin id="1015" dir="0" index="3" bw="1" slack="0"/>
<pin id="1016" dir="1" index="4" bw="9" slack="0"/>
</pin_list>
<bind>
<opcode="bitconcatenate(1004) " fcode="bitconcatenate"/>
<opset="tmp_45/3 "/>
</bind>
</comp>

<comp id="1021" class="1004" name="zext_ln173_fu_1021">
<pin_list>
<pin id="1022" dir="0" index="0" bw="9" slack="0"/>
<pin id="1023" dir="1" index="1" bw="64" slack="0"/>
</pin_list>
<bind>
<opcode="zext(34) " fcode="zext"/>
<opset="zext_ln173/3 "/>
</bind>
</comp>

<comp id="1041" class="1004" name="muxLogicRAMData_to_store_ln173_fu_1041">
<pin_list>
<pin id="1042" dir="0" index="0" bw="16" slack="0"/>
<pin id="1043" dir="1" index="1" bw="0" slack="2147483647"/>
</pin_list>
<bind>
<opcode="muxlogic(592) " fcode="muxlogic"/>
<opset="muxLogicRAMData_to_store_ln173/3 "/>
</bind>
</comp>

<comp id="1045" class="1004" name="muxLogicRAMAddr_to_store_ln173_fu_1045">
<pin_list>
<pin id="1046" dir="0" index="0" bw="9" slack="0"/>
<pin id="1047" dir="1" index="1" bw="0" slack="2147483647"/>
</pin_list>
<bind>
<opcode="muxlogic(592) " fcode="muxlogic"/>
<opset="muxLogicRAMAddr_to_store_ln173/3 "/>
</bind>
</comp>

<comp id="1049" class="1004" name="muxLogicRAMData_to_store_ln173_fu_1049">
<pin_list>
<pin id="1050" dir="0" index="0" bw="16" slack="0"/>
<pin id="1051" dir="1" index="1" bw="0" slack="2147483647"/>
</pin_list>
<bind>
<opcode="muxlogic(592) " fcode="muxlogic"/>
<opset="muxLogicRAMData_to_store_ln173/3 "/>
</bind>
</comp>

<comp id="1053" class="1004" name="muxLogicRAMAddr_to_store_ln173_fu_1053">
<pin_list>
<pin id="1054" dir="0" index="0" bw="9" slack="0"/>
<pin id="1055" dir="1" index="1" bw="0" slack="2147483647"/>
</pin_list>
<bind>
<opcode="muxlogic(592) " fcode="muxlogic"/>
<opset="muxLogicRAMAddr_to_store_ln173/3 "/>
</bind>
</comp>

<comp id="1057" class="1004" name="muxLogicRAMData_to_store_ln173_fu_1057">
<pin_list>
<pin id="1058" dir="0" index="0" bw="16" slack="0"/>
<pin id="1059" dir="1" index="1" bw="0" slack="2147483647"/>
</pin_list>
<bind>
<opcode="muxlogic(592) " fcode="muxlogic"/>
<opset="muxLogicRAMData_to_store_ln173/3 "/>
</bind>
</comp>

<comp id="1061" class="1004" name="muxLogicRAMAddr_to_store_ln173_fu_1061">
<pin_list>
<pin id="1062" dir="0" index="0" bw="9" slack="0"/>
<pin id="1063" dir="1" index="1" bw="0" slack="2147483647"/>
</pin_list>
<bind>
<opcode="muxlogic(592) " fcode="muxlogic"/>
<opset="muxLogicRAMAddr_to_store_ln173/3 "/>
</bind>
</comp>

<comp id="1065" class="1004" name="muxLogicRAMData_to_store_ln173_fu_1065">
<pin_list>
<pin id="1066" dir="0" index="0" bw="16" slack="0"/>
<pin id="1067" dir="1" index="1" bw="0" slack="2147483647"/>
</pin_list>
<bind>
<opcode="muxlogic(592) " fcode="muxlogic"/>
<opset="muxLogicRAMData_to_store_ln173/3 "/>
</bind>
</comp>

<comp id="1069" class="1004" name="muxLogicRAMAddr_to_store_ln173_fu_1069">
<pin_list>
<pin id="1070" dir="0" index="0" bw="9" slack="0"/>
<pin id="1071" dir="1" index="1" bw="0" slack="2147483647"/>
</pin_list>
<bind>
<opcode="muxlogic(592) " fcode="muxlogic"/>
<opset="muxLogicRAMAddr_to_store_ln173/3 "/>
</bind>
</comp>

<comp id="1073" class="1004" name="muxLogicRAMData_to_store_ln173_fu_1073">
<pin_list>
<pin id="1074" dir="0" index="0" bw="16" slack="0"/>
<pin id="1075" dir="1" index="1" bw="0" slack="2147483647"/>
</pin_list>
<bind>
<opcode="muxlogic(592) " fcode="muxlogic"/>
<opset="muxLogicRAMData_to_store_ln173/3 "/>
</bind>
</comp>

<comp id="1077" class="1004" name="muxLogicRAMAddr_to_store_ln173_fu_1077">
<pin_list>
<pin id="1078" dir="0" index="0" bw="9" slack="0"/>
<pin id="1079" dir="1" index="1" bw="0" slack="2147483647"/>
</pin_list>
<bind>
<opcode="muxlogic(592) " fcode="muxlogic"/>
<opset="muxLogicRAMAddr_to_store_ln173/3 "/>
</bind>
</comp>

<comp id="1081" class="1004" name="muxLogicRAMData_to_store_ln173_fu_1081">
<pin_list>
<pin id="1082" dir="0" index="0" bw="16" slack="0"/>
<pin id="1083" dir="1" index="1" bw="0" slack="2147483647"/>
</pin_list>
<bind>
<opcode="muxlogic(592) " fcode="muxlogic"/>
<opset="muxLogicRAMData_to_store_ln173/3 "/>
</bind>
</comp>

<comp id="1085" class="1004" name="muxLogicRAMAddr_to_store_ln173_fu_1085">
<pin_list>
<pin id="1086" dir="0" index="0" bw="9" slack="0"/>
<pin id="1087" dir="1" index="1" bw="0" slack="2147483647"/>
</pin_list>
<bind>
<opcode="muxlogic(592) " fcode="muxlogic"/>
<opset="muxLogicRAMAddr_to_store_ln173/3 "/>
</bind>
</comp>

<comp id="1089" class="1004" name="muxLogicRAMData_to_store_ln173_fu_1089">
<pin_list>
<pin id="1090" dir="0" index="0" bw="16" slack="0"/>
<pin id="1091" dir="1" index="1" bw="0" slack="2147483647"/>
</pin_list>
<bind>
<opcode="muxlogic(592) " fcode="muxlogic"/>
<opset="muxLogicRAMData_to_store_ln173/3 "/>
</bind>
</comp>

<comp id="1093" class="1004" name="muxLogicRAMAddr_to_store_ln173_fu_1093">
<pin_list>
<pin id="1094" dir="0" index="0" bw="9" slack="0"/>
<pin id="1095" dir="1" index="1" bw="0" slack="2147483647"/>
</pin_list>
<bind>
<opcode="muxlogic(592) " fcode="muxlogic"/>
<opset="muxLogicRAMAddr_to_store_ln173/3 "/>
</bind>
</comp>

<comp id="1097" class="1004" name="muxLogicRAMData_to_store_ln173_fu_1097">
<pin_list>
<pin id="1098" dir="0" index="0" bw="16" slack="0"/>
<pin id="1099" dir="1" index="1" bw="0" slack="2147483647"/>
</pin_list>
<bind>
<opcode="muxlogic(592) " fcode="muxlogic"/>
<opset="muxLogicRAMData_to_store_ln173/3 "/>
</bind>
</comp>

<comp id="1101" class="1004" name="muxLogicRAMAddr_to_store_ln173_fu_1101">
<pin_list>
<pin id="1102" dir="0" index="0" bw="9" slack="0"/>
<pin id="1103" dir="1" index="1" bw="0" slack="2147483647"/>
</pin_list>
<bind>
<opcode="muxlogic(592) " fcode="muxlogic"/>
<opset="muxLogicRAMAddr_to_store_ln173/3 "/>
</bind>
</comp>

<comp id="1105" class="1004" name="muxLogicRAMData_to_store_ln173_fu_1105">
<pin_list>
<pin id="1106" dir="0" index="0" bw="16" slack="0"/>
<pin id="1107" dir="1" index="1" bw="0" slack="2147483647"/>
</pin_list>
<bind>
<opcode="muxlogic(592) " fcode="muxlogic"/>
<opset="muxLogicRAMData_to_store_ln173/3 "/>
</bind>
</comp>

<comp id="1109" class="1004" name="muxLogicRAMAddr_to_store_ln173_fu_1109">
<pin_list>
<pin id="1110" dir="0" index="0" bw="9" slack="0"/>
<pin id="1111" dir="1" index="1" bw="0" slack="2147483647"/>
</pin_list>
<bind>
<opcode="muxlogic(592) " fcode="muxlogic"/>
<opset="muxLogicRAMAddr_to_store_ln173/3 "/>
</bind>
</comp>

<comp id="1113" class="1004" name="muxLogicRAMData_to_store_ln173_fu_1113">
<pin_list>
<pin id="1114" dir="0" index="0" bw="16" slack="0"/>
<pin id="1115" dir="1" index="1" bw="0" slack="2147483647"/>
</pin_list>
<bind>
<opcode="muxlogic(592) " fcode="muxlogic"/>
<opset="muxLogicRAMData_to_store_ln173/3 "/>
</bind>
</comp>

<comp id="1117" class="1004" name="muxLogicRAMAddr_to_store_ln173_fu_1117">
<pin_list>
<pin id="1118" dir="0" index="0" bw="9" slack="0"/>
<pin id="1119" dir="1" index="1" bw="0" slack="2147483647"/>
</pin_list>
<bind>
<opcode="muxlogic(592) " fcode="muxlogic"/>
<opset="muxLogicRAMAddr_to_store_ln173/3 "/>
</bind>
</comp>

<comp id="1121" class="1004" name="muxLogicRAMData_to_store_ln173_fu_1121">
<pin_list>
<pin id="1122" dir="0" index="0" bw="16" slack="0"/>
<pin id="1123" dir="1" index="1" bw="0" slack="2147483647"/>
</pin_list>
<bind>
<opcode="muxlogic(592) " fcode="muxlogic"/>
<opset="muxLogicRAMData_to_store_ln173/3 "/>
</bind>
</comp>

<comp id="1125" class="1004" name="muxLogicRAMAddr_to_store_ln173_fu_1125">
<pin_list>
<pin id="1126" dir="0" index="0" bw="9" slack="0"/>
<pin id="1127" dir="1" index="1" bw="0" slack="2147483647"/>
</pin_list>
<bind>
<opcode="muxlogic(592) " fcode="muxlogic"/>
<opset="muxLogicRAMAddr_to_store_ln173/3 "/>
</bind>
</comp>

<comp id="1129" class="1004" name="muxLogicRAMData_to_store_ln173_fu_1129">
<pin_list>
<pin id="1130" dir="0" index="0" bw="16" slack="0"/>
<pin id="1131" dir="1" index="1" bw="0" slack="2147483647"/>
</pin_list>
<bind>
<opcode="muxlogic(592) " fcode="muxlogic"/>
<opset="muxLogicRAMData_to_store_ln173/3 "/>
</bind>
</comp>

<comp id="1133" class="1004" name="muxLogicRAMAddr_to_store_ln173_fu_1133">
<pin_list>
<pin id="1134" dir="0" index="0" bw="9" slack="0"/>
<pin id="1135" dir="1" index="1" bw="0" slack="2147483647"/>
</pin_list>
<bind>
<opcode="muxlogic(592) " fcode="muxlogic"/>
<opset="muxLogicRAMAddr_to_store_ln173/3 "/>
</bind>
</comp>

<comp id="1137" class="1004" name="muxLogicRAMData_to_store_ln173_fu_1137">
<pin_list>
<pin id="1138" dir="0" index="0" bw="16" slack="0"/>
<pin id="1139" dir="1" index="1" bw="0" slack="2147483647"/>
</pin_list>
<bind>
<opcode="muxlogic(592) " fcode="muxlogic"/>
<opset="muxLogicRAMData_to_store_ln173/3 "/>
</bind>
</comp>

<comp id="1141" class="1004" name="muxLogicRAMAddr_to_store_ln173_fu_1141">
<pin_list>
<pin id="1142" dir="0" index="0" bw="9" slack="0"/>
<pin id="1143" dir="1" index="1" bw="0" slack="2147483647"/>
</pin_list>
<bind>
<opcode="muxlogic(592) " fcode="muxlogic"/>
<opset="muxLogicRAMAddr_to_store_ln173/3 "/>
</bind>
</comp>

<comp id="1145" class="1004" name="muxLogicRAMData_to_store_ln173_fu_1145">
<pin_list>
<pin id="1146" dir="0" index="0" bw="16" slack="0"/>
<pin id="1147" dir="1" index="1" bw="0" slack="2147483647"/>
</pin_list>
<bind>
<opcode="muxlogic(592) " fcode="muxlogic"/>
<opset="muxLogicRAMData_to_store_ln173/3 "/>
</bind>
</comp>

<comp id="1149" class="1004" name="muxLogicRAMAddr_to_store_ln173_fu_1149">
<pin_list>
<pin id="1150" dir="0" index="0" bw="9" slack="0"/>
<pin id="1151" dir="1" index="1" bw="0" slack="2147483647"/>
</pin_list>
<bind>
<opcode="muxlogic(592) " fcode="muxlogic"/>
<opset="muxLogicRAMAddr_to_store_ln173/3 "/>
</bind>
</comp>

<comp id="1153" class="1004" name="muxLogicRAMData_to_store_ln173_fu_1153">
<pin_list>
<pin id="1154" dir="0" index="0" bw="16" slack="0"/>
<pin id="1155" dir="1" index="1" bw="0" slack="2147483647"/>
</pin_list>
<bind>
<opcode="muxlogic(592) " fcode="muxlogic"/>
<opset="muxLogicRAMData_to_store_ln173/3 "/>
</bind>
</comp>

<comp id="1157" class="1004" name="muxLogicRAMAddr_to_store_ln173_fu_1157">
<pin_list>
<pin id="1158" dir="0" index="0" bw="9" slack="0"/>
<pin id="1159" dir="1" index="1" bw="0" slack="2147483647"/>
</pin_list>
<bind>
<opcode="muxlogic(592) " fcode="muxlogic"/>
<opset="muxLogicRAMAddr_to_store_ln173/3 "/>
</bind>
</comp>

<comp id="1161" class="1004" name="muxLogicRAMData_to_store_ln173_fu_1161">
<pin_list>
<pin id="1162" dir="0" index="0" bw="16" slack="0"/>
<pin id="1163" dir="1" index="1" bw="0" slack="2147483647"/>
</pin_list>
<bind>
<opcode="muxlogic(592) " fcode="muxlogic"/>
<opset="muxLogicRAMData_to_store_ln173/3 "/>
</bind>
</comp>

<comp id="1165" class="1004" name="muxLogicRAMAddr_to_store_ln173_fu_1165">
<pin_list>
<pin id="1166" dir="0" index="0" bw="9" slack="0"/>
<pin id="1167" dir="1" index="1" bw="0" slack="2147483647"/>
</pin_list>
<bind>
<opcode="muxlogic(592) " fcode="muxlogic"/>
<opset="muxLogicRAMAddr_to_store_ln173/3 "/>
</bind>
</comp>

<comp id="1169" class="1004" name="add_ln162_fu_1169">
<pin_list>
<pin id="1170" dir="0" index="0" bw="3" slack="0"/>
<pin id="1171" dir="0" index="1" bw="1" slack="0"/>
<pin id="1172" dir="1" index="2" bw="3" slack="0"/>
</pin_list>
<bind>
<opcode="add(8) " fcode="add"/>
<opset="add_ln162/3 "/>
</bind>
</comp>

<comp id="1175" class="1004" name="store_ln158_store_fu_1175">
<pin_list>
<pin id="1176" dir="0" index="0" bw="31" slack="0"/>
<pin id="1177" dir="0" index="1" bw="31" slack="2"/>
<pin id="1178" dir="1" index="2" bw="0" slack="2147483647"/>
</pin_list>
<bind>
<opcode="store(28) " fcode="store"/>
<opset="store_ln158/3 "/>
</bind>
</comp>

<comp id="1180" class="1004" name="store_ln162_store_fu_1180">
<pin_list>
<pin id="1181" dir="0" index="0" bw="3" slack="0"/>
<pin id="1182" dir="0" index="1" bw="3" slack="2"/>
<pin id="1183" dir="1" index="2" bw="0" slack="2147483647"/>
</pin_list>
<bind>
<opcode="store(28) " fcode="store"/>
<opset="store_ln162/3 "/>
</bind>
</comp>

<comp id="1185" class="1004" name="vals_16_fu_1185">
<pin_list>
<pin id="1186" dir="0" index="0" bw="16" slack="1"/>
<pin id="1187" dir="1" index="1" bw="16" slack="0"/>
</pin_list>
<bind>
<opcode="bitcast(44) " fcode="bitcast"/>
<opset="vals_16/4 "/>
</bind>
</comp>

<comp id="1189" class="1004" name="vals_17_fu_1189">
<pin_list>
<pin id="1190" dir="0" index="0" bw="16" slack="1"/>
<pin id="1191" dir="1" index="1" bw="16" slack="0"/>
</pin_list>
<bind>
<opcode="bitcast(44) " fcode="bitcast"/>
<opset="vals_17/4 "/>
</bind>
</comp>

<comp id="1193" class="1004" name="vals_18_fu_1193">
<pin_list>
<pin id="1194" dir="0" index="0" bw="16" slack="1"/>
<pin id="1195" dir="1" index="1" bw="16" slack="0"/>
</pin_list>
<bind>
<opcode="bitcast(44) " fcode="bitcast"/>
<opset="vals_18/4 "/>
</bind>
</comp>

<comp id="1197" class="1004" name="vals_19_fu_1197">
<pin_list>
<pin id="1198" dir="0" index="0" bw="16" slack="1"/>
<pin id="1199" dir="1" index="1" bw="16" slack="0"/>
</pin_list>
<bind>
<opcode="bitcast(44) " fcode="bitcast"/>
<opset="vals_19/4 "/>
</bind>
</comp>

<comp id="1201" class="1004" name="vals_20_fu_1201">
<pin_list>
<pin id="1202" dir="0" index="0" bw="16" slack="1"/>
<pin id="1203" dir="1" index="1" bw="16" slack="0"/>
</pin_list>
<bind>
<opcode="bitcast(44) " fcode="bitcast"/>
<opset="vals_20/4 "/>
</bind>
</comp>

<comp id="1205" class="1004" name="vals_21_fu_1205">
<pin_list>
<pin id="1206" dir="0" index="0" bw="16" slack="1"/>
<pin id="1207" dir="1" index="1" bw="16" slack="0"/>
</pin_list>
<bind>
<opcode="bitcast(44) " fcode="bitcast"/>
<opset="vals_21/4 "/>
</bind>
</comp>

<comp id="1209" class="1004" name="vals_22_fu_1209">
<pin_list>
<pin id="1210" dir="0" index="0" bw="16" slack="1"/>
<pin id="1211" dir="1" index="1" bw="16" slack="0"/>
</pin_list>
<bind>
<opcode="bitcast(44) " fcode="bitcast"/>
<opset="vals_22/4 "/>
</bind>
</comp>

<comp id="1213" class="1004" name="vals_23_fu_1213">
<pin_list>
<pin id="1214" dir="0" index="0" bw="16" slack="1"/>
<pin id="1215" dir="1" index="1" bw="16" slack="0"/>
</pin_list>
<bind>
<opcode="bitcast(44) " fcode="bitcast"/>
<opset="vals_23/4 "/>
</bind>
</comp>

<comp id="1217" class="1004" name="vals_24_fu_1217">
<pin_list>
<pin id="1218" dir="0" index="0" bw="16" slack="1"/>
<pin id="1219" dir="1" index="1" bw="16" slack="0"/>
</pin_list>
<bind>
<opcode="bitcast(44) " fcode="bitcast"/>
<opset="vals_24/4 "/>
</bind>
</comp>

<comp id="1221" class="1004" name="vals_25_fu_1221">
<pin_list>
<pin id="1222" dir="0" index="0" bw="16" slack="1"/>
<pin id="1223" dir="1" index="1" bw="16" slack="0"/>
</pin_list>
<bind>
<opcode="bitcast(44) " fcode="bitcast"/>
<opset="vals_25/4 "/>
</bind>
</comp>

<comp id="1225" class="1004" name="vals_26_fu_1225">
<pin_list>
<pin id="1226" dir="0" index="0" bw="16" slack="1"/>
<pin id="1227" dir="1" index="1" bw="16" slack="0"/>
</pin_list>
<bind>
<opcode="bitcast(44) " fcode="bitcast"/>
<opset="vals_26/4 "/>
</bind>
</comp>

<comp id="1229" class="1004" name="vals_27_fu_1229">
<pin_list>
<pin id="1230" dir="0" index="0" bw="16" slack="1"/>
<pin id="1231" dir="1" index="1" bw="16" slack="0"/>
</pin_list>
<bind>
<opcode="bitcast(44) " fcode="bitcast"/>
<opset="vals_27/4 "/>
</bind>
</comp>

<comp id="1233" class="1004" name="vals_28_fu_1233">
<pin_list>
<pin id="1234" dir="0" index="0" bw="16" slack="1"/>
<pin id="1235" dir="1" index="1" bw="16" slack="0"/>
</pin_list>
<bind>
<opcode="bitcast(44) " fcode="bitcast"/>
<opset="vals_28/4 "/>
</bind>
</comp>

<comp id="1237" class="1004" name="vals_29_fu_1237">
<pin_list>
<pin id="1238" dir="0" index="0" bw="16" slack="1"/>
<pin id="1239" dir="1" index="1" bw="16" slack="0"/>
</pin_list>
<bind>
<opcode="bitcast(44) " fcode="bitcast"/>
<opset="vals_29/4 "/>
</bind>
</comp>

<comp id="1241" class="1004" name="vals_30_fu_1241">
<pin_list>
<pin id="1242" dir="0" index="0" bw="16" slack="1"/>
<pin id="1243" dir="1" index="1" bw="16" slack="0"/>
</pin_list>
<bind>
<opcode="bitcast(44) " fcode="bitcast"/>
<opset="vals_30/4 "/>
</bind>
</comp>

<comp id="1245" class="1004" name="vals_31_fu_1245">
<pin_list>
<pin id="1246" dir="0" index="0" bw="16" slack="1"/>
<pin id="1247" dir="1" index="1" bw="16" slack="0"/>
</pin_list>
<bind>
<opcode="bitcast(44) " fcode="bitcast"/>
<opset="vals_31/4 "/>
</bind>
</comp>

<comp id="1249" class="1004" name="tmp_46_fu_1249">
<pin_list>
<pin id="1250" dir="0" index="0" bw="9" slack="0"/>
<pin id="1251" dir="0" index="1" bw="6" slack="1"/>
<pin id="1252" dir="0" index="2" bw="2" slack="1"/>
<pin id="1253" dir="0" index="3" bw="1" slack="0"/>
<pin id="1254" dir="1" index="4" bw="9" slack="0"/>
</pin_list>
<bind>
<opcode="bitconcatenate(1004) " fcode="bitconcatenate"/>
<opset="tmp_46/4 "/>
</bind>
</comp>

<comp id="1257" class="1004" name="zext_ln173_1_fu_1257">
<pin_list>
<pin id="1258" dir="0" index="0" bw="9" slack="0"/>
<pin id="1259" dir="1" index="1" bw="64" slack="0"/>
</pin_list>
<bind>
<opcode="zext(34) " fcode="zext"/>
<opset="zext_ln173_1/4 "/>
</bind>
</comp>

<comp id="1277" class="1004" name="muxLogicRAMData_to_store_ln173_fu_1277">
<pin_list>
<pin id="1278" dir="0" index="0" bw="16" slack="0"/>
<pin id="1279" dir="1" index="1" bw="0" slack="2147483647"/>
</pin_list>
<bind>
<opcode="muxlogic(592) " fcode="muxlogic"/>
<opset="muxLogicRAMData_to_store_ln173/4 "/>
</bind>
</comp>

<comp id="1281" class="1004" name="muxLogicRAMAddr_to_store_ln173_fu_1281">
<pin_list>
<pin id="1282" dir="0" index="0" bw="9" slack="0"/>
<pin id="1283" dir="1" index="1" bw="0" slack="2147483647"/>
</pin_list>
<bind>
<opcode="muxlogic(592) " fcode="muxlogic"/>
<opset="muxLogicRAMAddr_to_store_ln173/4 "/>
</bind>
</comp>

<comp id="1285" class="1004" name="muxLogicRAMData_to_store_ln173_fu_1285">
<pin_list>
<pin id="1286" dir="0" index="0" bw="16" slack="0"/>
<pin id="1287" dir="1" index="1" bw="0" slack="2147483647"/>
</pin_list>
<bind>
<opcode="muxlogic(592) " fcode="muxlogic"/>
<opset="muxLogicRAMData_to_store_ln173/4 "/>
</bind>
</comp>

<comp id="1289" class="1004" name="muxLogicRAMAddr_to_store_ln173_fu_1289">
<pin_list>
<pin id="1290" dir="0" index="0" bw="9" slack="0"/>
<pin id="1291" dir="1" index="1" bw="0" slack="2147483647"/>
</pin_list>
<bind>
<opcode="muxlogic(592) " fcode="muxlogic"/>
<opset="muxLogicRAMAddr_to_store_ln173/4 "/>
</bind>
</comp>

<comp id="1293" class="1004" name="muxLogicRAMData_to_store_ln173_fu_1293">
<pin_list>
<pin id="1294" dir="0" index="0" bw="16" slack="0"/>
<pin id="1295" dir="1" index="1" bw="0" slack="2147483647"/>
</pin_list>
<bind>
<opcode="muxlogic(592) " fcode="muxlogic"/>
<opset="muxLogicRAMData_to_store_ln173/4 "/>
</bind>
</comp>

<comp id="1297" class="1004" name="muxLogicRAMAddr_to_store_ln173_fu_1297">
<pin_list>
<pin id="1298" dir="0" index="0" bw="9" slack="0"/>
<pin id="1299" dir="1" index="1" bw="0" slack="2147483647"/>
</pin_list>
<bind>
<opcode="muxlogic(592) " fcode="muxlogic"/>
<opset="muxLogicRAMAddr_to_store_ln173/4 "/>
</bind>
</comp>

<comp id="1301" class="1004" name="muxLogicRAMData_to_store_ln173_fu_1301">
<pin_list>
<pin id="1302" dir="0" index="0" bw="16" slack="0"/>
<pin id="1303" dir="1" index="1" bw="0" slack="2147483647"/>
</pin_list>
<bind>
<opcode="muxlogic(592) " fcode="muxlogic"/>
<opset="muxLogicRAMData_to_store_ln173/4 "/>
</bind>
</comp>

<comp id="1305" class="1004" name="muxLogicRAMAddr_to_store_ln173_fu_1305">
<pin_list>
<pin id="1306" dir="0" index="0" bw="9" slack="0"/>
<pin id="1307" dir="1" index="1" bw="0" slack="2147483647"/>
</pin_list>
<bind>
<opcode="muxlogic(592) " fcode="muxlogic"/>
<opset="muxLogicRAMAddr_to_store_ln173/4 "/>
</bind>
</comp>

<comp id="1309" class="1004" name="muxLogicRAMData_to_store_ln173_fu_1309">
<pin_list>
<pin id="1310" dir="0" index="0" bw="16" slack="0"/>
<pin id="1311" dir="1" index="1" bw="0" slack="2147483647"/>
</pin_list>
<bind>
<opcode="muxlogic(592) " fcode="muxlogic"/>
<opset="muxLogicRAMData_to_store_ln173/4 "/>
</bind>
</comp>

<comp id="1313" class="1004" name="muxLogicRAMAddr_to_store_ln173_fu_1313">
<pin_list>
<pin id="1314" dir="0" index="0" bw="9" slack="0"/>
<pin id="1315" dir="1" index="1" bw="0" slack="2147483647"/>
</pin_list>
<bind>
<opcode="muxlogic(592) " fcode="muxlogic"/>
<opset="muxLogicRAMAddr_to_store_ln173/4 "/>
</bind>
</comp>

<comp id="1317" class="1004" name="muxLogicRAMData_to_store_ln173_fu_1317">
<pin_list>
<pin id="1318" dir="0" index="0" bw="16" slack="0"/>
<pin id="1319" dir="1" index="1" bw="0" slack="2147483647"/>
</pin_list>
<bind>
<opcode="muxlogic(592) " fcode="muxlogic"/>
<opset="muxLogicRAMData_to_store_ln173/4 "/>
</bind>
</comp>

<comp id="1321" class="1004" name="muxLogicRAMAddr_to_store_ln173_fu_1321">
<pin_list>
<pin id="1322" dir="0" index="0" bw="9" slack="0"/>
<pin id="1323" dir="1" index="1" bw="0" slack="2147483647"/>
</pin_list>
<bind>
<opcode="muxlogic(592) " fcode="muxlogic"/>
<opset="muxLogicRAMAddr_to_store_ln173/4 "/>
</bind>
</comp>

<comp id="1325" class="1004" name="muxLogicRAMData_to_store_ln173_fu_1325">
<pin_list>
<pin id="1326" dir="0" index="0" bw="16" slack="0"/>
<pin id="1327" dir="1" index="1" bw="0" slack="2147483647"/>
</pin_list>
<bind>
<opcode="muxlogic(592) " fcode="muxlogic"/>
<opset="muxLogicRAMData_to_store_ln173/4 "/>
</bind>
</comp>

<comp id="1329" class="1004" name="muxLogicRAMAddr_to_store_ln173_fu_1329">
<pin_list>
<pin id="1330" dir="0" index="0" bw="9" slack="0"/>
<pin id="1331" dir="1" index="1" bw="0" slack="2147483647"/>
</pin_list>
<bind>
<opcode="muxlogic(592) " fcode="muxlogic"/>
<opset="muxLogicRAMAddr_to_store_ln173/4 "/>
</bind>
</comp>

<comp id="1333" class="1004" name="muxLogicRAMData_to_store_ln173_fu_1333">
<pin_list>
<pin id="1334" dir="0" index="0" bw="16" slack="0"/>
<pin id="1335" dir="1" index="1" bw="0" slack="2147483647"/>
</pin_list>
<bind>
<opcode="muxlogic(592) " fcode="muxlogic"/>
<opset="muxLogicRAMData_to_store_ln173/4 "/>
</bind>
</comp>

<comp id="1337" class="1004" name="muxLogicRAMAddr_to_store_ln173_fu_1337">
<pin_list>
<pin id="1338" dir="0" index="0" bw="9" slack="0"/>
<pin id="1339" dir="1" index="1" bw="0" slack="2147483647"/>
</pin_list>
<bind>
<opcode="muxlogic(592) " fcode="muxlogic"/>
<opset="muxLogicRAMAddr_to_store_ln173/4 "/>
</bind>
</comp>

<comp id="1341" class="1004" name="muxLogicRAMData_to_store_ln173_fu_1341">
<pin_list>
<pin id="1342" dir="0" index="0" bw="16" slack="0"/>
<pin id="1343" dir="1" index="1" bw="0" slack="2147483647"/>
</pin_list>
<bind>
<opcode="muxlogic(592) " fcode="muxlogic"/>
<opset="muxLogicRAMData_to_store_ln173/4 "/>
</bind>
</comp>

<comp id="1345" class="1004" name="muxLogicRAMAddr_to_store_ln173_fu_1345">
<pin_list>
<pin id="1346" dir="0" index="0" bw="9" slack="0"/>
<pin id="1347" dir="1" index="1" bw="0" slack="2147483647"/>
</pin_list>
<bind>
<opcode="muxlogic(592) " fcode="muxlogic"/>
<opset="muxLogicRAMAddr_to_store_ln173/4 "/>
</bind>
</comp>

<comp id="1349" class="1004" name="muxLogicRAMData_to_store_ln173_fu_1349">
<pin_list>
<pin id="1350" dir="0" index="0" bw="16" slack="0"/>
<pin id="1351" dir="1" index="1" bw="0" slack="2147483647"/>
</pin_list>
<bind>
<opcode="muxlogic(592) " fcode="muxlogic"/>
<opset="muxLogicRAMData_to_store_ln173/4 "/>
</bind>
</comp>

<comp id="1353" class="1004" name="muxLogicRAMAddr_to_store_ln173_fu_1353">
<pin_list>
<pin id="1354" dir="0" index="0" bw="9" slack="0"/>
<pin id="1355" dir="1" index="1" bw="0" slack="2147483647"/>
</pin_list>
<bind>
<opcode="muxlogic(592) " fcode="muxlogic"/>
<opset="muxLogicRAMAddr_to_store_ln173/4 "/>
</bind>
</comp>

<comp id="1357" class="1004" name="muxLogicRAMData_to_store_ln173_fu_1357">
<pin_list>
<pin id="1358" dir="0" index="0" bw="16" slack="0"/>
<pin id="1359" dir="1" index="1" bw="0" slack="2147483647"/>
</pin_list>
<bind>
<opcode="muxlogic(592) " fcode="muxlogic"/>
<opset="muxLogicRAMData_to_store_ln173/4 "/>
</bind>
</comp>

<comp id="1361" class="1004" name="muxLogicRAMAddr_to_store_ln173_fu_1361">
<pin_list>
<pin id="1362" dir="0" index="0" bw="9" slack="0"/>
<pin id="1363" dir="1" index="1" bw="0" slack="2147483647"/>
</pin_list>
<bind>
<opcode="muxlogic(592) " fcode="muxlogic"/>
<opset="muxLogicRAMAddr_to_store_ln173/4 "/>
</bind>
</comp>

<comp id="1365" class="1004" name="muxLogicRAMData_to_store_ln173_fu_1365">
<pin_list>
<pin id="1366" dir="0" index="0" bw="16" slack="0"/>
<pin id="1367" dir="1" index="1" bw="0" slack="2147483647"/>
</pin_list>
<bind>
<opcode="muxlogic(592) " fcode="muxlogic"/>
<opset="muxLogicRAMData_to_store_ln173/4 "/>
</bind>
</comp>

<comp id="1369" class="1004" name="muxLogicRAMAddr_to_store_ln173_fu_1369">
<pin_list>
<pin id="1370" dir="0" index="0" bw="9" slack="0"/>
<pin id="1371" dir="1" index="1" bw="0" slack="2147483647"/>
</pin_list>
<bind>
<opcode="muxlogic(592) " fcode="muxlogic"/>
<opset="muxLogicRAMAddr_to_store_ln173/4 "/>
</bind>
</comp>

<comp id="1373" class="1004" name="muxLogicRAMData_to_store_ln173_fu_1373">
<pin_list>
<pin id="1374" dir="0" index="0" bw="16" slack="0"/>
<pin id="1375" dir="1" index="1" bw="0" slack="2147483647"/>
</pin_list>
<bind>
<opcode="muxlogic(592) " fcode="muxlogic"/>
<opset="muxLogicRAMData_to_store_ln173/4 "/>
</bind>
</comp>

<comp id="1377" class="1004" name="muxLogicRAMAddr_to_store_ln173_fu_1377">
<pin_list>
<pin id="1378" dir="0" index="0" bw="9" slack="0"/>
<pin id="1379" dir="1" index="1" bw="0" slack="2147483647"/>
</pin_list>
<bind>
<opcode="muxlogic(592) " fcode="muxlogic"/>
<opset="muxLogicRAMAddr_to_store_ln173/4 "/>
</bind>
</comp>

<comp id="1381" class="1004" name="muxLogicRAMData_to_store_ln173_fu_1381">
<pin_list>
<pin id="1382" dir="0" index="0" bw="16" slack="0"/>
<pin id="1383" dir="1" index="1" bw="0" slack="2147483647"/>
</pin_list>
<bind>
<opcode="muxlogic(592) " fcode="muxlogic"/>
<opset="muxLogicRAMData_to_store_ln173/4 "/>
</bind>
</comp>

<comp id="1385" class="1004" name="muxLogicRAMAddr_to_store_ln173_fu_1385">
<pin_list>
<pin id="1386" dir="0" index="0" bw="9" slack="0"/>
<pin id="1387" dir="1" index="1" bw="0" slack="2147483647"/>
</pin_list>
<bind>
<opcode="muxlogic(592) " fcode="muxlogic"/>
<opset="muxLogicRAMAddr_to_store_ln173/4 "/>
</bind>
</comp>

<comp id="1389" class="1004" name="muxLogicRAMData_to_store_ln173_fu_1389">
<pin_list>
<pin id="1390" dir="0" index="0" bw="16" slack="0"/>
<pin id="1391" dir="1" index="1" bw="0" slack="2147483647"/>
</pin_list>
<bind>
<opcode="muxlogic(592) " fcode="muxlogic"/>
<opset="muxLogicRAMData_to_store_ln173/4 "/>
</bind>
</comp>

<comp id="1393" class="1004" name="muxLogicRAMAddr_to_store_ln173_fu_1393">
<pin_list>
<pin id="1394" dir="0" index="0" bw="9" slack="0"/>
<pin id="1395" dir="1" index="1" bw="0" slack="2147483647"/>
</pin_list>
<bind>
<opcode="muxlogic(592) " fcode="muxlogic"/>
<opset="muxLogicRAMAddr_to_store_ln173/4 "/>
</bind>
</comp>

<comp id="1397" class="1004" name="muxLogicRAMData_to_store_ln173_fu_1397">
<pin_list>
<pin id="1398" dir="0" index="0" bw="16" slack="0"/>
<pin id="1399" dir="1" index="1" bw="0" slack="2147483647"/>
</pin_list>
<bind>
<opcode="muxlogic(592) " fcode="muxlogic"/>
<opset="muxLogicRAMData_to_store_ln173/4 "/>
</bind>
</comp>

<comp id="1401" class="1004" name="muxLogicRAMAddr_to_store_ln173_fu_1401">
<pin_list>
<pin id="1402" dir="0" index="0" bw="9" slack="0"/>
<pin id="1403" dir="1" index="1" bw="0" slack="2147483647"/>
</pin_list>
<bind>
<opcode="muxlogic(592) " fcode="muxlogic"/>
<opset="muxLogicRAMAddr_to_store_ln173/4 "/>
</bind>
</comp>

<comp id="1405" class="1005" name="b_reg_1405">
<pin_list>
<pin id="1406" dir="0" index="0" bw="3" slack="0"/>
<pin id="1407" dir="1" index="1" bw="3" slack="0"/>
</pin_list>
<bind>
<opset="b "/>
</bind>
</comp>

<comp id="1412" class="1005" name="r_reg_1412">
<pin_list>
<pin id="1413" dir="0" index="0" bw="31" slack="0"/>
<pin id="1414" dir="1" index="1" bw="31" slack="0"/>
</pin_list>
<bind>
<opset="r "/>
</bind>
</comp>

<comp id="1419" class="1005" name="indvar_flatten_reg_1419">
<pin_list>
<pin id="1420" dir="0" index="0" bw="33" slack="0"/>
<pin id="1421" dir="1" index="1" bw="33" slack="0"/>
</pin_list>
<bind>
<opset="indvar_flatten "/>
</bind>
</comp>

<comp id="1426" class="1005" name="tmp_47_read_reg_1426">
<pin_list>
<pin id="1427" dir="0" index="0" bw="33" slack="1"/>
<pin id="1428" dir="1" index="1" bw="33" slack="1"/>
</pin_list>
<bind>
<opset="tmp_47_read "/>
</bind>
</comp>

<comp id="1431" class="1005" name="sext_ln158_2_cast_reg_1431">
<pin_list>
<pin id="1432" dir="0" index="0" bw="64" slack="2"/>
<pin id="1433" dir="1" index="1" bw="64" slack="2"/>
</pin_list>
<bind>
<opset="sext_ln158_2_cast "/>
</bind>
</comp>

<comp id="1436" class="1005" name="icmp_ln158_reg_1436">
<pin_list>
<pin id="1437" dir="0" index="0" bw="1" slack="1"/>
<pin id="1438" dir="1" index="1" bw="1" slack="2147483647"/>
</pin_list>
<bind>
<opset="icmp_ln158 "/>
</bind>
</comp>

<comp id="1440" class="1005" name="trunc_ln163_reg_1440">
<pin_list>
<pin id="1441" dir="0" index="0" bw="6" slack="1"/>
<pin id="1442" dir="1" index="1" bw="6" slack="1"/>
</pin_list>
<bind>
<opset="trunc_ln163 "/>
</bind>
</comp>

<comp id="1445" class="1005" name="tmp_29_reg_1445">
<pin_list>
<pin id="1446" dir="0" index="0" bw="16" slack="1"/>
<pin id="1447" dir="1" index="1" bw="16" slack="1"/>
</pin_list>
<bind>
<opset="tmp_29 "/>
</bind>
</comp>

<comp id="1450" class="1005" name="tmp_30_reg_1450">
<pin_list>
<pin id="1451" dir="0" index="0" bw="16" slack="1"/>
<pin id="1452" dir="1" index="1" bw="16" slack="1"/>
</pin_list>
<bind>
<opset="tmp_30 "/>
</bind>
</comp>

<comp id="1455" class="1005" name="tmp_31_reg_1455">
<pin_list>
<pin id="1456" dir="0" index="0" bw="16" slack="1"/>
<pin id="1457" dir="1" index="1" bw="16" slack="1"/>
</pin_list>
<bind>
<opset="tmp_31 "/>
</bind>
</comp>

<comp id="1460" class="1005" name="tmp_32_reg_1460">
<pin_list>
<pin id="1461" dir="0" index="0" bw="16" slack="1"/>
<pin id="1462" dir="1" index="1" bw="16" slack="1"/>
</pin_list>
<bind>
<opset="tmp_32 "/>
</bind>
</comp>

<comp id="1465" class="1005" name="tmp_33_reg_1465">
<pin_list>
<pin id="1466" dir="0" index="0" bw="16" slack="1"/>
<pin id="1467" dir="1" index="1" bw="16" slack="1"/>
</pin_list>
<bind>
<opset="tmp_33 "/>
</bind>
</comp>

<comp id="1470" class="1005" name="tmp_34_reg_1470">
<pin_list>
<pin id="1471" dir="0" index="0" bw="16" slack="1"/>
<pin id="1472" dir="1" index="1" bw="16" slack="1"/>
</pin_list>
<bind>
<opset="tmp_34 "/>
</bind>
</comp>

<comp id="1475" class="1005" name="tmp_35_reg_1475">
<pin_list>
<pin id="1476" dir="0" index="0" bw="16" slack="1"/>
<pin id="1477" dir="1" index="1" bw="16" slack="1"/>
</pin_list>
<bind>
<opset="tmp_35 "/>
</bind>
</comp>

<comp id="1480" class="1005" name="tmp_36_reg_1480">
<pin_list>
<pin id="1481" dir="0" index="0" bw="16" slack="1"/>
<pin id="1482" dir="1" index="1" bw="16" slack="1"/>
</pin_list>
<bind>
<opset="tmp_36 "/>
</bind>
</comp>

<comp id="1485" class="1005" name="tmp_37_reg_1485">
<pin_list>
<pin id="1486" dir="0" index="0" bw="16" slack="1"/>
<pin id="1487" dir="1" index="1" bw="16" slack="1"/>
</pin_list>
<bind>
<opset="tmp_37 "/>
</bind>
</comp>

<comp id="1490" class="1005" name="tmp_38_reg_1490">
<pin_list>
<pin id="1491" dir="0" index="0" bw="16" slack="1"/>
<pin id="1492" dir="1" index="1" bw="16" slack="1"/>
</pin_list>
<bind>
<opset="tmp_38 "/>
</bind>
</comp>

<comp id="1495" class="1005" name="tmp_39_reg_1495">
<pin_list>
<pin id="1496" dir="0" index="0" bw="16" slack="1"/>
<pin id="1497" dir="1" index="1" bw="16" slack="1"/>
</pin_list>
<bind>
<opset="tmp_39 "/>
</bind>
</comp>

<comp id="1500" class="1005" name="tmp_40_reg_1500">
<pin_list>
<pin id="1501" dir="0" index="0" bw="16" slack="1"/>
<pin id="1502" dir="1" index="1" bw="16" slack="1"/>
</pin_list>
<bind>
<opset="tmp_40 "/>
</bind>
</comp>

<comp id="1505" class="1005" name="tmp_41_reg_1505">
<pin_list>
<pin id="1506" dir="0" index="0" bw="16" slack="1"/>
<pin id="1507" dir="1" index="1" bw="16" slack="1"/>
</pin_list>
<bind>
<opset="tmp_41 "/>
</bind>
</comp>

<comp id="1510" class="1005" name="tmp_42_reg_1510">
<pin_list>
<pin id="1511" dir="0" index="0" bw="16" slack="1"/>
<pin id="1512" dir="1" index="1" bw="16" slack="1"/>
</pin_list>
<bind>
<opset="tmp_42 "/>
</bind>
</comp>

<comp id="1515" class="1005" name="tmp_43_reg_1515">
<pin_list>
<pin id="1516" dir="0" index="0" bw="16" slack="1"/>
<pin id="1517" dir="1" index="1" bw="16" slack="1"/>
</pin_list>
<bind>
<opset="tmp_43 "/>
</bind>
</comp>

<comp id="1520" class="1005" name="tmp_44_reg_1520">
<pin_list>
<pin id="1521" dir="0" index="0" bw="16" slack="1"/>
<pin id="1522" dir="1" index="1" bw="16" slack="1"/>
</pin_list>
<bind>
<opset="tmp_44 "/>
</bind>
</comp>

<comp id="1525" class="1005" name="trunc_ln173_reg_1525">
<pin_list>
<pin id="1526" dir="0" index="0" bw="2" slack="1"/>
<pin id="1527" dir="1" index="1" bw="2" slack="1"/>
</pin_list>
<bind>
<opset="trunc_ln173 "/>
</bind>
</comp>

</comp_list>

<net_list>
<net id="165"><net_src comp="38" pin="0"/><net_sink comp="162" pin=0"/></net>

<net id="169"><net_src comp="38" pin="0"/><net_sink comp="166" pin=0"/></net>

<net id="173"><net_src comp="38" pin="0"/><net_sink comp="170" pin=0"/></net>

<net id="178"><net_src comp="40" pin="0"/><net_sink comp="174" pin=0"/></net>

<net id="179"><net_src comp="4" pin="0"/><net_sink comp="174" pin=1"/></net>

<net id="184"><net_src comp="42" pin="0"/><net_sink comp="180" pin=0"/></net>

<net id="185"><net_src comp="0" pin="0"/><net_sink comp="180" pin=1"/></net>

<net id="191"><net_src comp="36" pin="0"/><net_sink comp="186" pin=0"/></net>

<net id="192"><net_src comp="150" pin="0"/><net_sink comp="186" pin=1"/></net>

<net id="198"><net_src comp="34" pin="0"/><net_sink comp="193" pin=0"/></net>

<net id="199"><net_src comp="150" pin="0"/><net_sink comp="193" pin=1"/></net>

<net id="205"><net_src comp="32" pin="0"/><net_sink comp="200" pin=0"/></net>

<net id="206"><net_src comp="150" pin="0"/><net_sink comp="200" pin=1"/></net>

<net id="212"><net_src comp="30" pin="0"/><net_sink comp="207" pin=0"/></net>

<net id="213"><net_src comp="150" pin="0"/><net_sink comp="207" pin=1"/></net>

<net id="219"><net_src comp="28" pin="0"/><net_sink comp="214" pin=0"/></net>

<net id="220"><net_src comp="150" pin="0"/><net_sink comp="214" pin=1"/></net>

<net id="226"><net_src comp="26" pin="0"/><net_sink comp="221" pin=0"/></net>

<net id="227"><net_src comp="150" pin="0"/><net_sink comp="221" pin=1"/></net>

<net id="233"><net_src comp="24" pin="0"/><net_sink comp="228" pin=0"/></net>

<net id="234"><net_src comp="150" pin="0"/><net_sink comp="228" pin=1"/></net>

<net id="240"><net_src comp="22" pin="0"/><net_sink comp="235" pin=0"/></net>

<net id="241"><net_src comp="150" pin="0"/><net_sink comp="235" pin=1"/></net>

<net id="247"><net_src comp="20" pin="0"/><net_sink comp="242" pin=0"/></net>

<net id="248"><net_src comp="150" pin="0"/><net_sink comp="242" pin=1"/></net>

<net id="254"><net_src comp="18" pin="0"/><net_sink comp="249" pin=0"/></net>

<net id="255"><net_src comp="150" pin="0"/><net_sink comp="249" pin=1"/></net>

<net id="261"><net_src comp="16" pin="0"/><net_sink comp="256" pin=0"/></net>

<net id="262"><net_src comp="150" pin="0"/><net_sink comp="256" pin=1"/></net>

<net id="268"><net_src comp="14" pin="0"/><net_sink comp="263" pin=0"/></net>

<net id="269"><net_src comp="150" pin="0"/><net_sink comp="263" pin=1"/></net>

<net id="275"><net_src comp="12" pin="0"/><net_sink comp="270" pin=0"/></net>

<net id="276"><net_src comp="150" pin="0"/><net_sink comp="270" pin=1"/></net>

<net id="282"><net_src comp="10" pin="0"/><net_sink comp="277" pin=0"/></net>

<net id="283"><net_src comp="150" pin="0"/><net_sink comp="277" pin=1"/></net>

<net id="289"><net_src comp="8" pin="0"/><net_sink comp="284" pin=0"/></net>

<net id="290"><net_src comp="150" pin="0"/><net_sink comp="284" pin=1"/></net>

<net id="296"><net_src comp="6" pin="0"/><net_sink comp="291" pin=0"/></net>

<net id="297"><net_src comp="150" pin="0"/><net_sink comp="291" pin=1"/></net>

<net id="307"><net_src comp="186" pin="3"/><net_sink comp="298" pin=2"/></net>

<net id="317"><net_src comp="193" pin="3"/><net_sink comp="308" pin=2"/></net>

<net id="327"><net_src comp="200" pin="3"/><net_sink comp="318" pin=2"/></net>

<net id="337"><net_src comp="207" pin="3"/><net_sink comp="328" pin=2"/></net>

<net id="347"><net_src comp="214" pin="3"/><net_sink comp="338" pin=2"/></net>

<net id="357"><net_src comp="221" pin="3"/><net_sink comp="348" pin=2"/></net>

<net id="367"><net_src comp="228" pin="3"/><net_sink comp="358" pin=2"/></net>

<net id="377"><net_src comp="235" pin="3"/><net_sink comp="368" pin=2"/></net>

<net id="387"><net_src comp="242" pin="3"/><net_sink comp="378" pin=2"/></net>

<net id="397"><net_src comp="249" pin="3"/><net_sink comp="388" pin=2"/></net>

<net id="407"><net_src comp="256" pin="3"/><net_sink comp="398" pin=2"/></net>

<net id="417"><net_src comp="263" pin="3"/><net_sink comp="408" pin=2"/></net>

<net id="427"><net_src comp="270" pin="3"/><net_sink comp="418" pin=2"/></net>

<net id="437"><net_src comp="277" pin="3"/><net_sink comp="428" pin=2"/></net>

<net id="447"><net_src comp="284" pin="3"/><net_sink comp="438" pin=2"/></net>

<net id="457"><net_src comp="291" pin="3"/><net_sink comp="448" pin=2"/></net>

<net id="463"><net_src comp="36" pin="0"/><net_sink comp="458" pin=0"/></net>

<net id="464"><net_src comp="150" pin="0"/><net_sink comp="458" pin=1"/></net>

<net id="470"><net_src comp="34" pin="0"/><net_sink comp="465" pin=0"/></net>

<net id="471"><net_src comp="150" pin="0"/><net_sink comp="465" pin=1"/></net>

<net id="477"><net_src comp="32" pin="0"/><net_sink comp="472" pin=0"/></net>

<net id="478"><net_src comp="150" pin="0"/><net_sink comp="472" pin=1"/></net>

<net id="484"><net_src comp="30" pin="0"/><net_sink comp="479" pin=0"/></net>

<net id="485"><net_src comp="150" pin="0"/><net_sink comp="479" pin=1"/></net>

<net id="491"><net_src comp="28" pin="0"/><net_sink comp="486" pin=0"/></net>

<net id="492"><net_src comp="150" pin="0"/><net_sink comp="486" pin=1"/></net>

<net id="498"><net_src comp="26" pin="0"/><net_sink comp="493" pin=0"/></net>

<net id="499"><net_src comp="150" pin="0"/><net_sink comp="493" pin=1"/></net>

<net id="505"><net_src comp="24" pin="0"/><net_sink comp="500" pin=0"/></net>

<net id="506"><net_src comp="150" pin="0"/><net_sink comp="500" pin=1"/></net>

<net id="512"><net_src comp="22" pin="0"/><net_sink comp="507" pin=0"/></net>

<net id="513"><net_src comp="150" pin="0"/><net_sink comp="507" pin=1"/></net>

<net id="519"><net_src comp="20" pin="0"/><net_sink comp="514" pin=0"/></net>

<net id="520"><net_src comp="150" pin="0"/><net_sink comp="514" pin=1"/></net>

<net id="526"><net_src comp="18" pin="0"/><net_sink comp="521" pin=0"/></net>

<net id="527"><net_src comp="150" pin="0"/><net_sink comp="521" pin=1"/></net>

<net id="533"><net_src comp="16" pin="0"/><net_sink comp="528" pin=0"/></net>

<net id="534"><net_src comp="150" pin="0"/><net_sink comp="528" pin=1"/></net>

<net id="540"><net_src comp="14" pin="0"/><net_sink comp="535" pin=0"/></net>

<net id="541"><net_src comp="150" pin="0"/><net_sink comp="535" pin=1"/></net>

<net id="547"><net_src comp="12" pin="0"/><net_sink comp="542" pin=0"/></net>

<net id="548"><net_src comp="150" pin="0"/><net_sink comp="542" pin=1"/></net>

<net id="554"><net_src comp="10" pin="0"/><net_sink comp="549" pin=0"/></net>

<net id="555"><net_src comp="150" pin="0"/><net_sink comp="549" pin=1"/></net>

<net id="561"><net_src comp="8" pin="0"/><net_sink comp="556" pin=0"/></net>

<net id="562"><net_src comp="150" pin="0"/><net_sink comp="556" pin=1"/></net>

<net id="568"><net_src comp="6" pin="0"/><net_sink comp="563" pin=0"/></net>

<net id="569"><net_src comp="150" pin="0"/><net_sink comp="563" pin=1"/></net>

<net id="570"><net_src comp="458" pin="3"/><net_sink comp="298" pin=2"/></net>

<net id="571"><net_src comp="465" pin="3"/><net_sink comp="308" pin=2"/></net>

<net id="572"><net_src comp="472" pin="3"/><net_sink comp="318" pin=2"/></net>

<net id="573"><net_src comp="479" pin="3"/><net_sink comp="328" pin=2"/></net>

<net id="574"><net_src comp="486" pin="3"/><net_sink comp="338" pin=2"/></net>

<net id="575"><net_src comp="493" pin="3"/><net_sink comp="348" pin=2"/></net>

<net id="576"><net_src comp="500" pin="3"/><net_sink comp="358" pin=2"/></net>

<net id="577"><net_src comp="507" pin="3"/><net_sink comp="368" pin=2"/></net>

<net id="578"><net_src comp="514" pin="3"/><net_sink comp="378" pin=2"/></net>

<net id="579"><net_src comp="521" pin="3"/><net_sink comp="388" pin=2"/></net>

<net id="580"><net_src comp="528" pin="3"/><net_sink comp="398" pin=2"/></net>

<net id="581"><net_src comp="535" pin="3"/><net_sink comp="408" pin=2"/></net>

<net id="582"><net_src comp="542" pin="3"/><net_sink comp="418" pin=2"/></net>

<net id="583"><net_src comp="549" pin="3"/><net_sink comp="428" pin=2"/></net>

<net id="584"><net_src comp="556" pin="3"/><net_sink comp="438" pin=2"/></net>

<net id="585"><net_src comp="563" pin="3"/><net_sink comp="448" pin=2"/></net>

<net id="590"><net_src comp="84" pin="0"/><net_sink comp="586" pin=0"/></net>

<net id="594"><net_src comp="174" pin="2"/><net_sink comp="591" pin=0"/></net>

<net id="599"><net_src comp="72" pin="0"/><net_sink comp="595" pin=0"/></net>

<net id="604"><net_src comp="74" pin="0"/><net_sink comp="600" pin=0"/></net>

<net id="609"><net_src comp="76" pin="0"/><net_sink comp="605" pin=0"/></net>

<net id="617"><net_src comp="610" pin="1"/><net_sink comp="613" pin=0"/></net>

<net id="618"><net_src comp="78" pin="0"/><net_sink comp="613" pin=1"/></net>

<net id="623"><net_src comp="610" pin="1"/><net_sink comp="619" pin=0"/></net>

<net id="628"><net_src comp="613" pin="2"/><net_sink comp="624" pin=0"/></net>

<net id="639"><net_src comp="2" pin="0"/><net_sink comp="635" pin=0"/></net>

<net id="640"><net_src comp="635" pin="2"/><net_sink comp="586" pin=1"/></net>

<net id="645"><net_src comp="632" pin="1"/><net_sink comp="641" pin=0"/></net>

<net id="646"><net_src comp="80" pin="0"/><net_sink comp="641" pin=1"/></net>

<net id="651"><net_src comp="629" pin="1"/><net_sink comp="647" pin=0"/></net>

<net id="652"><net_src comp="82" pin="0"/><net_sink comp="647" pin=1"/></net>

<net id="658"><net_src comp="647" pin="2"/><net_sink comp="653" pin=0"/></net>

<net id="659"><net_src comp="76" pin="0"/><net_sink comp="653" pin=1"/></net>

<net id="660"><net_src comp="629" pin="1"/><net_sink comp="653" pin=2"/></net>

<net id="666"><net_src comp="647" pin="2"/><net_sink comp="661" pin=0"/></net>

<net id="667"><net_src comp="641" pin="2"/><net_sink comp="661" pin=1"/></net>

<net id="668"><net_src comp="632" pin="1"/><net_sink comp="661" pin=2"/></net>

<net id="672"><net_src comp="661" pin="3"/><net_sink comp="669" pin=0"/></net>

<net id="678"><net_src comp="586" pin="2"/><net_sink comp="675" pin=0"/></net>

<net id="682"><net_src comp="675" pin="1"/><net_sink comp="679" pin=0"/></net>

<net id="683"><net_src comp="679" pin="1"/><net_sink comp="298" pin=4"/></net>

<net id="689"><net_src comp="86" pin="0"/><net_sink comp="684" pin=0"/></net>

<net id="690"><net_src comp="586" pin="2"/><net_sink comp="684" pin=1"/></net>

<net id="691"><net_src comp="68" pin="0"/><net_sink comp="684" pin=2"/></net>

<net id="695"><net_src comp="684" pin="3"/><net_sink comp="692" pin=0"/></net>

<net id="696"><net_src comp="692" pin="1"/><net_sink comp="308" pin=4"/></net>

<net id="702"><net_src comp="86" pin="0"/><net_sink comp="697" pin=0"/></net>

<net id="703"><net_src comp="586" pin="2"/><net_sink comp="697" pin=1"/></net>

<net id="704"><net_src comp="88" pin="0"/><net_sink comp="697" pin=2"/></net>

<net id="708"><net_src comp="697" pin="3"/><net_sink comp="705" pin=0"/></net>

<net id="709"><net_src comp="705" pin="1"/><net_sink comp="318" pin=4"/></net>

<net id="715"><net_src comp="86" pin="0"/><net_sink comp="710" pin=0"/></net>

<net id="716"><net_src comp="586" pin="2"/><net_sink comp="710" pin=1"/></net>

<net id="717"><net_src comp="90" pin="0"/><net_sink comp="710" pin=2"/></net>

<net id="721"><net_src comp="710" pin="3"/><net_sink comp="718" pin=0"/></net>

<net id="722"><net_src comp="718" pin="1"/><net_sink comp="328" pin=4"/></net>

<net id="728"><net_src comp="86" pin="0"/><net_sink comp="723" pin=0"/></net>

<net id="729"><net_src comp="586" pin="2"/><net_sink comp="723" pin=1"/></net>

<net id="730"><net_src comp="60" pin="0"/><net_sink comp="723" pin=2"/></net>

<net id="734"><net_src comp="723" pin="3"/><net_sink comp="731" pin=0"/></net>

<net id="735"><net_src comp="731" pin="1"/><net_sink comp="338" pin=4"/></net>

<net id="741"><net_src comp="86" pin="0"/><net_sink comp="736" pin=0"/></net>

<net id="742"><net_src comp="586" pin="2"/><net_sink comp="736" pin=1"/></net>

<net id="743"><net_src comp="92" pin="0"/><net_sink comp="736" pin=2"/></net>

<net id="747"><net_src comp="736" pin="3"/><net_sink comp="744" pin=0"/></net>

<net id="748"><net_src comp="744" pin="1"/><net_sink comp="348" pin=4"/></net>

<net id="754"><net_src comp="86" pin="0"/><net_sink comp="749" pin=0"/></net>

<net id="755"><net_src comp="586" pin="2"/><net_sink comp="749" pin=1"/></net>

<net id="756"><net_src comp="94" pin="0"/><net_sink comp="749" pin=2"/></net>

<net id="760"><net_src comp="749" pin="3"/><net_sink comp="757" pin=0"/></net>

<net id="761"><net_src comp="757" pin="1"/><net_sink comp="358" pin=4"/></net>

<net id="767"><net_src comp="86" pin="0"/><net_sink comp="762" pin=0"/></net>

<net id="768"><net_src comp="586" pin="2"/><net_sink comp="762" pin=1"/></net>

<net id="769"><net_src comp="96" pin="0"/><net_sink comp="762" pin=2"/></net>

<net id="773"><net_src comp="762" pin="3"/><net_sink comp="770" pin=0"/></net>

<net id="774"><net_src comp="770" pin="1"/><net_sink comp="368" pin=4"/></net>

<net id="780"><net_src comp="86" pin="0"/><net_sink comp="775" pin=0"/></net>

<net id="781"><net_src comp="586" pin="2"/><net_sink comp="775" pin=1"/></net>

<net id="782"><net_src comp="98" pin="0"/><net_sink comp="775" pin=2"/></net>

<net id="786"><net_src comp="775" pin="3"/><net_sink comp="783" pin=0"/></net>

<net id="787"><net_src comp="783" pin="1"/><net_sink comp="378" pin=4"/></net>

<net id="793"><net_src comp="86" pin="0"/><net_sink comp="788" pin=0"/></net>

<net id="794"><net_src comp="586" pin="2"/><net_sink comp="788" pin=1"/></net>

<net id="795"><net_src comp="100" pin="0"/><net_sink comp="788" pin=2"/></net>

<net id="799"><net_src comp="788" pin="3"/><net_sink comp="796" pin=0"/></net>

<net id="800"><net_src comp="796" pin="1"/><net_sink comp="388" pin=4"/></net>

<net id="806"><net_src comp="86" pin="0"/><net_sink comp="801" pin=0"/></net>

<net id="807"><net_src comp="586" pin="2"/><net_sink comp="801" pin=1"/></net>

<net id="808"><net_src comp="102" pin="0"/><net_sink comp="801" pin=2"/></net>

<net id="812"><net_src comp="801" pin="3"/><net_sink comp="809" pin=0"/></net>

<net id="813"><net_src comp="809" pin="1"/><net_sink comp="398" pin=4"/></net>

<net id="819"><net_src comp="86" pin="0"/><net_sink comp="814" pin=0"/></net>

<net id="820"><net_src comp="586" pin="2"/><net_sink comp="814" pin=1"/></net>

<net id="821"><net_src comp="104" pin="0"/><net_sink comp="814" pin=2"/></net>

<net id="825"><net_src comp="814" pin="3"/><net_sink comp="822" pin=0"/></net>

<net id="826"><net_src comp="822" pin="1"/><net_sink comp="408" pin=4"/></net>

<net id="832"><net_src comp="86" pin="0"/><net_sink comp="827" pin=0"/></net>

<net id="833"><net_src comp="586" pin="2"/><net_sink comp="827" pin=1"/></net>

<net id="834"><net_src comp="106" pin="0"/><net_sink comp="827" pin=2"/></net>

<net id="838"><net_src comp="827" pin="3"/><net_sink comp="835" pin=0"/></net>

<net id="839"><net_src comp="835" pin="1"/><net_sink comp="418" pin=4"/></net>

<net id="845"><net_src comp="86" pin="0"/><net_sink comp="840" pin=0"/></net>

<net id="846"><net_src comp="586" pin="2"/><net_sink comp="840" pin=1"/></net>

<net id="847"><net_src comp="108" pin="0"/><net_sink comp="840" pin=2"/></net>

<net id="851"><net_src comp="840" pin="3"/><net_sink comp="848" pin=0"/></net>

<net id="852"><net_src comp="848" pin="1"/><net_sink comp="428" pin=4"/></net>

<net id="858"><net_src comp="86" pin="0"/><net_sink comp="853" pin=0"/></net>

<net id="859"><net_src comp="586" pin="2"/><net_sink comp="853" pin=1"/></net>

<net id="860"><net_src comp="110" pin="0"/><net_sink comp="853" pin=2"/></net>

<net id="864"><net_src comp="853" pin="3"/><net_sink comp="861" pin=0"/></net>

<net id="865"><net_src comp="861" pin="1"/><net_sink comp="438" pin=4"/></net>

<net id="871"><net_src comp="86" pin="0"/><net_sink comp="866" pin=0"/></net>

<net id="872"><net_src comp="586" pin="2"/><net_sink comp="866" pin=1"/></net>

<net id="873"><net_src comp="112" pin="0"/><net_sink comp="866" pin=2"/></net>

<net id="877"><net_src comp="866" pin="3"/><net_sink comp="874" pin=0"/></net>

<net id="878"><net_src comp="874" pin="1"/><net_sink comp="448" pin=4"/></net>

<net id="884"><net_src comp="86" pin="0"/><net_sink comp="879" pin=0"/></net>

<net id="885"><net_src comp="586" pin="2"/><net_sink comp="879" pin=1"/></net>

<net id="886"><net_src comp="114" pin="0"/><net_sink comp="879" pin=2"/></net>

<net id="892"><net_src comp="86" pin="0"/><net_sink comp="887" pin=0"/></net>

<net id="893"><net_src comp="586" pin="2"/><net_sink comp="887" pin=1"/></net>

<net id="894"><net_src comp="116" pin="0"/><net_sink comp="887" pin=2"/></net>

<net id="900"><net_src comp="86" pin="0"/><net_sink comp="895" pin=0"/></net>

<net id="901"><net_src comp="586" pin="2"/><net_sink comp="895" pin=1"/></net>

<net id="902"><net_src comp="118" pin="0"/><net_sink comp="895" pin=2"/></net>

<net id="908"><net_src comp="86" pin="0"/><net_sink comp="903" pin=0"/></net>

<net id="909"><net_src comp="586" pin="2"/><net_sink comp="903" pin=1"/></net>

<net id="910"><net_src comp="120" pin="0"/><net_sink comp="903" pin=2"/></net>

<net id="916"><net_src comp="86" pin="0"/><net_sink comp="911" pin=0"/></net>

<net id="917"><net_src comp="586" pin="2"/><net_sink comp="911" pin=1"/></net>

<net id="918"><net_src comp="122" pin="0"/><net_sink comp="911" pin=2"/></net>

<net id="924"><net_src comp="86" pin="0"/><net_sink comp="919" pin=0"/></net>

<net id="925"><net_src comp="586" pin="2"/><net_sink comp="919" pin=1"/></net>

<net id="926"><net_src comp="124" pin="0"/><net_sink comp="919" pin=2"/></net>

<net id="932"><net_src comp="86" pin="0"/><net_sink comp="927" pin=0"/></net>

<net id="933"><net_src comp="586" pin="2"/><net_sink comp="927" pin=1"/></net>

<net id="934"><net_src comp="126" pin="0"/><net_sink comp="927" pin=2"/></net>

<net id="940"><net_src comp="86" pin="0"/><net_sink comp="935" pin=0"/></net>

<net id="941"><net_src comp="586" pin="2"/><net_sink comp="935" pin=1"/></net>

<net id="942"><net_src comp="128" pin="0"/><net_sink comp="935" pin=2"/></net>

<net id="948"><net_src comp="86" pin="0"/><net_sink comp="943" pin=0"/></net>

<net id="949"><net_src comp="586" pin="2"/><net_sink comp="943" pin=1"/></net>

<net id="950"><net_src comp="130" pin="0"/><net_sink comp="943" pin=2"/></net>

<net id="956"><net_src comp="86" pin="0"/><net_sink comp="951" pin=0"/></net>

<net id="957"><net_src comp="586" pin="2"/><net_sink comp="951" pin=1"/></net>

<net id="958"><net_src comp="132" pin="0"/><net_sink comp="951" pin=2"/></net>

<net id="964"><net_src comp="86" pin="0"/><net_sink comp="959" pin=0"/></net>

<net id="965"><net_src comp="586" pin="2"/><net_sink comp="959" pin=1"/></net>

<net id="966"><net_src comp="134" pin="0"/><net_sink comp="959" pin=2"/></net>

<net id="972"><net_src comp="86" pin="0"/><net_sink comp="967" pin=0"/></net>

<net id="973"><net_src comp="586" pin="2"/><net_sink comp="967" pin=1"/></net>

<net id="974"><net_src comp="136" pin="0"/><net_sink comp="967" pin=2"/></net>

<net id="980"><net_src comp="86" pin="0"/><net_sink comp="975" pin=0"/></net>

<net id="981"><net_src comp="586" pin="2"/><net_sink comp="975" pin=1"/></net>

<net id="982"><net_src comp="138" pin="0"/><net_sink comp="975" pin=2"/></net>

<net id="988"><net_src comp="86" pin="0"/><net_sink comp="983" pin=0"/></net>

<net id="989"><net_src comp="586" pin="2"/><net_sink comp="983" pin=1"/></net>

<net id="990"><net_src comp="140" pin="0"/><net_sink comp="983" pin=2"/></net>

<net id="996"><net_src comp="86" pin="0"/><net_sink comp="991" pin=0"/></net>

<net id="997"><net_src comp="586" pin="2"/><net_sink comp="991" pin=1"/></net>

<net id="998"><net_src comp="142" pin="0"/><net_sink comp="991" pin=2"/></net>

<net id="1004"><net_src comp="86" pin="0"/><net_sink comp="999" pin=0"/></net>

<net id="1005"><net_src comp="586" pin="2"/><net_sink comp="999" pin=1"/></net>

<net id="1006"><net_src comp="144" pin="0"/><net_sink comp="999" pin=2"/></net>

<net id="1010"><net_src comp="653" pin="3"/><net_sink comp="1007" pin=0"/></net>

<net id="1017"><net_src comp="146" pin="0"/><net_sink comp="1011" pin=0"/></net>

<net id="1018"><net_src comp="669" pin="1"/><net_sink comp="1011" pin=1"/></net>

<net id="1019"><net_src comp="1007" pin="1"/><net_sink comp="1011" pin=2"/></net>

<net id="1020"><net_src comp="148" pin="0"/><net_sink comp="1011" pin=3"/></net>

<net id="1024"><net_src comp="1011" pin="4"/><net_sink comp="1021" pin=0"/></net>

<net id="1025"><net_src comp="1021" pin="1"/><net_sink comp="186" pin=2"/></net>

<net id="1026"><net_src comp="1021" pin="1"/><net_sink comp="193" pin=2"/></net>

<net id="1027"><net_src comp="1021" pin="1"/><net_sink comp="200" pin=2"/></net>

<net id="1028"><net_src comp="1021" pin="1"/><net_sink comp="207" pin=2"/></net>

<net id="1029"><net_src comp="1021" pin="1"/><net_sink comp="214" pin=2"/></net>

<net id="1030"><net_src comp="1021" pin="1"/><net_sink comp="221" pin=2"/></net>

<net id="1031"><net_src comp="1021" pin="1"/><net_sink comp="228" pin=2"/></net>

<net id="1032"><net_src comp="1021" pin="1"/><net_sink comp="235" pin=2"/></net>

<net id="1033"><net_src comp="1021" pin="1"/><net_sink comp="242" pin=2"/></net>

<net id="1034"><net_src comp="1021" pin="1"/><net_sink comp="249" pin=2"/></net>

<net id="1035"><net_src comp="1021" pin="1"/><net_sink comp="256" pin=2"/></net>

<net id="1036"><net_src comp="1021" pin="1"/><net_sink comp="263" pin=2"/></net>

<net id="1037"><net_src comp="1021" pin="1"/><net_sink comp="270" pin=2"/></net>

<net id="1038"><net_src comp="1021" pin="1"/><net_sink comp="277" pin=2"/></net>

<net id="1039"><net_src comp="1021" pin="1"/><net_sink comp="284" pin=2"/></net>

<net id="1040"><net_src comp="1021" pin="1"/><net_sink comp="291" pin=2"/></net>

<net id="1044"><net_src comp="679" pin="1"/><net_sink comp="1041" pin=0"/></net>

<net id="1048"><net_src comp="186" pin="3"/><net_sink comp="1045" pin=0"/></net>

<net id="1052"><net_src comp="692" pin="1"/><net_sink comp="1049" pin=0"/></net>

<net id="1056"><net_src comp="193" pin="3"/><net_sink comp="1053" pin=0"/></net>

<net id="1060"><net_src comp="705" pin="1"/><net_sink comp="1057" pin=0"/></net>

<net id="1064"><net_src comp="200" pin="3"/><net_sink comp="1061" pin=0"/></net>

<net id="1068"><net_src comp="718" pin="1"/><net_sink comp="1065" pin=0"/></net>

<net id="1072"><net_src comp="207" pin="3"/><net_sink comp="1069" pin=0"/></net>

<net id="1076"><net_src comp="731" pin="1"/><net_sink comp="1073" pin=0"/></net>

<net id="1080"><net_src comp="214" pin="3"/><net_sink comp="1077" pin=0"/></net>

<net id="1084"><net_src comp="744" pin="1"/><net_sink comp="1081" pin=0"/></net>

<net id="1088"><net_src comp="221" pin="3"/><net_sink comp="1085" pin=0"/></net>

<net id="1092"><net_src comp="757" pin="1"/><net_sink comp="1089" pin=0"/></net>

<net id="1096"><net_src comp="228" pin="3"/><net_sink comp="1093" pin=0"/></net>

<net id="1100"><net_src comp="770" pin="1"/><net_sink comp="1097" pin=0"/></net>

<net id="1104"><net_src comp="235" pin="3"/><net_sink comp="1101" pin=0"/></net>

<net id="1108"><net_src comp="783" pin="1"/><net_sink comp="1105" pin=0"/></net>

<net id="1112"><net_src comp="242" pin="3"/><net_sink comp="1109" pin=0"/></net>

<net id="1116"><net_src comp="796" pin="1"/><net_sink comp="1113" pin=0"/></net>

<net id="1120"><net_src comp="249" pin="3"/><net_sink comp="1117" pin=0"/></net>

<net id="1124"><net_src comp="809" pin="1"/><net_sink comp="1121" pin=0"/></net>

<net id="1128"><net_src comp="256" pin="3"/><net_sink comp="1125" pin=0"/></net>

<net id="1132"><net_src comp="822" pin="1"/><net_sink comp="1129" pin=0"/></net>

<net id="1136"><net_src comp="263" pin="3"/><net_sink comp="1133" pin=0"/></net>

<net id="1140"><net_src comp="835" pin="1"/><net_sink comp="1137" pin=0"/></net>

<net id="1144"><net_src comp="270" pin="3"/><net_sink comp="1141" pin=0"/></net>

<net id="1148"><net_src comp="848" pin="1"/><net_sink comp="1145" pin=0"/></net>

<net id="1152"><net_src comp="277" pin="3"/><net_sink comp="1149" pin=0"/></net>

<net id="1156"><net_src comp="861" pin="1"/><net_sink comp="1153" pin=0"/></net>

<net id="1160"><net_src comp="284" pin="3"/><net_sink comp="1157" pin=0"/></net>

<net id="1164"><net_src comp="874" pin="1"/><net_sink comp="1161" pin=0"/></net>

<net id="1168"><net_src comp="291" pin="3"/><net_sink comp="1165" pin=0"/></net>

<net id="1173"><net_src comp="653" pin="3"/><net_sink comp="1169" pin=0"/></net>

<net id="1174"><net_src comp="152" pin="0"/><net_sink comp="1169" pin=1"/></net>

<net id="1179"><net_src comp="661" pin="3"/><net_sink comp="1175" pin=0"/></net>

<net id="1184"><net_src comp="1169" pin="2"/><net_sink comp="1180" pin=0"/></net>

<net id="1188"><net_src comp="1185" pin="1"/><net_sink comp="298" pin=4"/></net>

<net id="1192"><net_src comp="1189" pin="1"/><net_sink comp="308" pin=4"/></net>

<net id="1196"><net_src comp="1193" pin="1"/><net_sink comp="318" pin=4"/></net>

<net id="1200"><net_src comp="1197" pin="1"/><net_sink comp="328" pin=4"/></net>

<net id="1204"><net_src comp="1201" pin="1"/><net_sink comp="338" pin=4"/></net>

<net id="1208"><net_src comp="1205" pin="1"/><net_sink comp="348" pin=4"/></net>

<net id="1212"><net_src comp="1209" pin="1"/><net_sink comp="358" pin=4"/></net>

<net id="1216"><net_src comp="1213" pin="1"/><net_sink comp="368" pin=4"/></net>

<net id="1220"><net_src comp="1217" pin="1"/><net_sink comp="378" pin=4"/></net>

<net id="1224"><net_src comp="1221" pin="1"/><net_sink comp="388" pin=4"/></net>

<net id="1228"><net_src comp="1225" pin="1"/><net_sink comp="398" pin=4"/></net>

<net id="1232"><net_src comp="1229" pin="1"/><net_sink comp="408" pin=4"/></net>

<net id="1236"><net_src comp="1233" pin="1"/><net_sink comp="418" pin=4"/></net>

<net id="1240"><net_src comp="1237" pin="1"/><net_sink comp="428" pin=4"/></net>

<net id="1244"><net_src comp="1241" pin="1"/><net_sink comp="438" pin=4"/></net>

<net id="1248"><net_src comp="1245" pin="1"/><net_sink comp="448" pin=4"/></net>

<net id="1255"><net_src comp="146" pin="0"/><net_sink comp="1249" pin=0"/></net>

<net id="1256"><net_src comp="160" pin="0"/><net_sink comp="1249" pin=3"/></net>

<net id="1260"><net_src comp="1249" pin="4"/><net_sink comp="1257" pin=0"/></net>

<net id="1261"><net_src comp="1257" pin="1"/><net_sink comp="458" pin=2"/></net>

<net id="1262"><net_src comp="1257" pin="1"/><net_sink comp="465" pin=2"/></net>

<net id="1263"><net_src comp="1257" pin="1"/><net_sink comp="472" pin=2"/></net>

<net id="1264"><net_src comp="1257" pin="1"/><net_sink comp="479" pin=2"/></net>

<net id="1265"><net_src comp="1257" pin="1"/><net_sink comp="486" pin=2"/></net>

<net id="1266"><net_src comp="1257" pin="1"/><net_sink comp="493" pin=2"/></net>

<net id="1267"><net_src comp="1257" pin="1"/><net_sink comp="500" pin=2"/></net>

<net id="1268"><net_src comp="1257" pin="1"/><net_sink comp="507" pin=2"/></net>

<net id="1269"><net_src comp="1257" pin="1"/><net_sink comp="514" pin=2"/></net>

<net id="1270"><net_src comp="1257" pin="1"/><net_sink comp="521" pin=2"/></net>

<net id="1271"><net_src comp="1257" pin="1"/><net_sink comp="528" pin=2"/></net>

<net id="1272"><net_src comp="1257" pin="1"/><net_sink comp="535" pin=2"/></net>

<net id="1273"><net_src comp="1257" pin="1"/><net_sink comp="542" pin=2"/></net>

<net id="1274"><net_src comp="1257" pin="1"/><net_sink comp="549" pin=2"/></net>

<net id="1275"><net_src comp="1257" pin="1"/><net_sink comp="556" pin=2"/></net>

<net id="1276"><net_src comp="1257" pin="1"/><net_sink comp="563" pin=2"/></net>

<net id="1280"><net_src comp="1185" pin="1"/><net_sink comp="1277" pin=0"/></net>

<net id="1284"><net_src comp="458" pin="3"/><net_sink comp="1281" pin=0"/></net>

<net id="1288"><net_src comp="1189" pin="1"/><net_sink comp="1285" pin=0"/></net>

<net id="1292"><net_src comp="465" pin="3"/><net_sink comp="1289" pin=0"/></net>

<net id="1296"><net_src comp="1193" pin="1"/><net_sink comp="1293" pin=0"/></net>

<net id="1300"><net_src comp="472" pin="3"/><net_sink comp="1297" pin=0"/></net>

<net id="1304"><net_src comp="1197" pin="1"/><net_sink comp="1301" pin=0"/></net>

<net id="1308"><net_src comp="479" pin="3"/><net_sink comp="1305" pin=0"/></net>

<net id="1312"><net_src comp="1201" pin="1"/><net_sink comp="1309" pin=0"/></net>

<net id="1316"><net_src comp="486" pin="3"/><net_sink comp="1313" pin=0"/></net>

<net id="1320"><net_src comp="1205" pin="1"/><net_sink comp="1317" pin=0"/></net>

<net id="1324"><net_src comp="493" pin="3"/><net_sink comp="1321" pin=0"/></net>

<net id="1328"><net_src comp="1209" pin="1"/><net_sink comp="1325" pin=0"/></net>

<net id="1332"><net_src comp="500" pin="3"/><net_sink comp="1329" pin=0"/></net>

<net id="1336"><net_src comp="1213" pin="1"/><net_sink comp="1333" pin=0"/></net>

<net id="1340"><net_src comp="507" pin="3"/><net_sink comp="1337" pin=0"/></net>

<net id="1344"><net_src comp="1217" pin="1"/><net_sink comp="1341" pin=0"/></net>

<net id="1348"><net_src comp="514" pin="3"/><net_sink comp="1345" pin=0"/></net>

<net id="1352"><net_src comp="1221" pin="1"/><net_sink comp="1349" pin=0"/></net>

<net id="1356"><net_src comp="521" pin="3"/><net_sink comp="1353" pin=0"/></net>

<net id="1360"><net_src comp="1225" pin="1"/><net_sink comp="1357" pin=0"/></net>

<net id="1364"><net_src comp="528" pin="3"/><net_sink comp="1361" pin=0"/></net>

<net id="1368"><net_src comp="1229" pin="1"/><net_sink comp="1365" pin=0"/></net>

<net id="1372"><net_src comp="535" pin="3"/><net_sink comp="1369" pin=0"/></net>

<net id="1376"><net_src comp="1233" pin="1"/><net_sink comp="1373" pin=0"/></net>

<net id="1380"><net_src comp="542" pin="3"/><net_sink comp="1377" pin=0"/></net>

<net id="1384"><net_src comp="1237" pin="1"/><net_sink comp="1381" pin=0"/></net>

<net id="1388"><net_src comp="549" pin="3"/><net_sink comp="1385" pin=0"/></net>

<net id="1392"><net_src comp="1241" pin="1"/><net_sink comp="1389" pin=0"/></net>

<net id="1396"><net_src comp="556" pin="3"/><net_sink comp="1393" pin=0"/></net>

<net id="1400"><net_src comp="1245" pin="1"/><net_sink comp="1397" pin=0"/></net>

<net id="1404"><net_src comp="563" pin="3"/><net_sink comp="1401" pin=0"/></net>

<net id="1408"><net_src comp="162" pin="1"/><net_sink comp="1405" pin=0"/></net>

<net id="1409"><net_src comp="1405" pin="1"/><net_sink comp="605" pin=1"/></net>

<net id="1410"><net_src comp="1405" pin="1"/><net_sink comp="629" pin=0"/></net>

<net id="1411"><net_src comp="1405" pin="1"/><net_sink comp="1180" pin=1"/></net>

<net id="1415"><net_src comp="166" pin="1"/><net_sink comp="1412" pin=0"/></net>

<net id="1416"><net_src comp="1412" pin="1"/><net_sink comp="600" pin=1"/></net>

<net id="1417"><net_src comp="1412" pin="1"/><net_sink comp="632" pin=0"/></net>

<net id="1418"><net_src comp="1412" pin="1"/><net_sink comp="1175" pin=1"/></net>

<net id="1422"><net_src comp="170" pin="1"/><net_sink comp="1419" pin=0"/></net>

<net id="1423"><net_src comp="1419" pin="1"/><net_sink comp="595" pin=1"/></net>

<net id="1424"><net_src comp="1419" pin="1"/><net_sink comp="610" pin=0"/></net>

<net id="1425"><net_src comp="1419" pin="1"/><net_sink comp="624" pin=1"/></net>

<net id="1429"><net_src comp="180" pin="2"/><net_sink comp="1426" pin=0"/></net>

<net id="1430"><net_src comp="1426" pin="1"/><net_sink comp="619" pin=1"/></net>

<net id="1434"><net_src comp="591" pin="1"/><net_sink comp="1431" pin=0"/></net>

<net id="1435"><net_src comp="1431" pin="1"/><net_sink comp="635" pin=1"/></net>

<net id="1439"><net_src comp="619" pin="2"/><net_sink comp="1436" pin=0"/></net>

<net id="1443"><net_src comp="669" pin="1"/><net_sink comp="1440" pin=0"/></net>

<net id="1444"><net_src comp="1440" pin="1"/><net_sink comp="1249" pin=1"/></net>

<net id="1448"><net_src comp="879" pin="3"/><net_sink comp="1445" pin=0"/></net>

<net id="1449"><net_src comp="1445" pin="1"/><net_sink comp="1185" pin=0"/></net>

<net id="1453"><net_src comp="887" pin="3"/><net_sink comp="1450" pin=0"/></net>

<net id="1454"><net_src comp="1450" pin="1"/><net_sink comp="1189" pin=0"/></net>

<net id="1458"><net_src comp="895" pin="3"/><net_sink comp="1455" pin=0"/></net>

<net id="1459"><net_src comp="1455" pin="1"/><net_sink comp="1193" pin=0"/></net>

<net id="1463"><net_src comp="903" pin="3"/><net_sink comp="1460" pin=0"/></net>

<net id="1464"><net_src comp="1460" pin="1"/><net_sink comp="1197" pin=0"/></net>

<net id="1468"><net_src comp="911" pin="3"/><net_sink comp="1465" pin=0"/></net>

<net id="1469"><net_src comp="1465" pin="1"/><net_sink comp="1201" pin=0"/></net>

<net id="1473"><net_src comp="919" pin="3"/><net_sink comp="1470" pin=0"/></net>

<net id="1474"><net_src comp="1470" pin="1"/><net_sink comp="1205" pin=0"/></net>

<net id="1478"><net_src comp="927" pin="3"/><net_sink comp="1475" pin=0"/></net>

<net id="1479"><net_src comp="1475" pin="1"/><net_sink comp="1209" pin=0"/></net>

<net id="1483"><net_src comp="935" pin="3"/><net_sink comp="1480" pin=0"/></net>

<net id="1484"><net_src comp="1480" pin="1"/><net_sink comp="1213" pin=0"/></net>

<net id="1488"><net_src comp="943" pin="3"/><net_sink comp="1485" pin=0"/></net>

<net id="1489"><net_src comp="1485" pin="1"/><net_sink comp="1217" pin=0"/></net>

<net id="1493"><net_src comp="951" pin="3"/><net_sink comp="1490" pin=0"/></net>

<net id="1494"><net_src comp="1490" pin="1"/><net_sink comp="1221" pin=0"/></net>

<net id="1498"><net_src comp="959" pin="3"/><net_sink comp="1495" pin=0"/></net>

<net id="1499"><net_src comp="1495" pin="1"/><net_sink comp="1225" pin=0"/></net>

<net id="1503"><net_src comp="967" pin="3"/><net_sink comp="1500" pin=0"/></net>

<net id="1504"><net_src comp="1500" pin="1"/><net_sink comp="1229" pin=0"/></net>

<net id="1508"><net_src comp="975" pin="3"/><net_sink comp="1505" pin=0"/></net>

<net id="1509"><net_src comp="1505" pin="1"/><net_sink comp="1233" pin=0"/></net>

<net id="1513"><net_src comp="983" pin="3"/><net_sink comp="1510" pin=0"/></net>

<net id="1514"><net_src comp="1510" pin="1"/><net_sink comp="1237" pin=0"/></net>

<net id="1518"><net_src comp="991" pin="3"/><net_sink comp="1515" pin=0"/></net>

<net id="1519"><net_src comp="1515" pin="1"/><net_sink comp="1241" pin=0"/></net>

<net id="1523"><net_src comp="999" pin="3"/><net_sink comp="1520" pin=0"/></net>

<net id="1524"><net_src comp="1520" pin="1"/><net_sink comp="1245" pin=0"/></net>

<net id="1528"><net_src comp="1007" pin="1"/><net_sink comp="1525" pin=0"/></net>

<net id="1529"><net_src comp="1525" pin="1"/><net_sink comp="1249" pin=2"/></net>

</net_list>

</model> 
---------------- Datapath Model END ------------------

* FSMD analyzer results:
  - Output states:
	Port: gmem_K | {}
	Port: tile_15 | {3 4 }
	Port: tile_14 | {3 4 }
	Port: tile_13 | {3 4 }
	Port: tile_12 | {3 4 }
	Port: tile_11 | {3 4 }
	Port: tile_10 | {3 4 }
	Port: tile_9 | {3 4 }
	Port: tile_8 | {3 4 }
	Port: tile_7 | {3 4 }
	Port: tile_6 | {3 4 }
	Port: tile_5 | {3 4 }
	Port: tile_4 | {3 4 }
	Port: tile_3 | {3 4 }
	Port: tile_2 | {3 4 }
	Port: tile_1 | {3 4 }
	Port: tile_0 | {3 4 }
 - Input state : 
	Port: load_tile_fp16_bc_Pipeline_LOAD_KV_ROWS_LOAD_KV_BEATS : tmp_47 | {1 }
	Port: load_tile_fp16_bc_Pipeline_LOAD_KV_ROWS_LOAD_KV_BEATS : gmem_K | {3 }
	Port: load_tile_fp16_bc_Pipeline_LOAD_KV_ROWS_LOAD_KV_BEATS : sext_ln158_2 | {1 }
	Port: load_tile_fp16_bc_Pipeline_LOAD_KV_ROWS_LOAD_KV_BEATS : tile_15 | {}
	Port: load_tile_fp16_bc_Pipeline_LOAD_KV_ROWS_LOAD_KV_BEATS : tile_14 | {}
	Port: load_tile_fp16_bc_Pipeline_LOAD_KV_ROWS_LOAD_KV_BEATS : tile_13 | {}
	Port: load_tile_fp16_bc_Pipeline_LOAD_KV_ROWS_LOAD_KV_BEATS : tile_12 | {}
	Port: load_tile_fp16_bc_Pipeline_LOAD_KV_ROWS_LOAD_KV_BEATS : tile_11 | {}
	Port: load_tile_fp16_bc_Pipeline_LOAD_KV_ROWS_LOAD_KV_BEATS : tile_10 | {}
	Port: load_tile_fp16_bc_Pipeline_LOAD_KV_ROWS_LOAD_KV_BEATS : tile_9 | {}
	Port: load_tile_fp16_bc_Pipeline_LOAD_KV_ROWS_LOAD_KV_BEATS : tile_8 | {}
	Port: load_tile_fp16_bc_Pipeline_LOAD_KV_ROWS_LOAD_KV_BEATS : tile_7 | {}
	Port: load_tile_fp16_bc_Pipeline_LOAD_KV_ROWS_LOAD_KV_BEATS : tile_6 | {}
	Port: load_tile_fp16_bc_Pipeline_LOAD_KV_ROWS_LOAD_KV_BEATS : tile_5 | {}
	Port: load_tile_fp16_bc_Pipeline_LOAD_KV_ROWS_LOAD_KV_BEATS : tile_4 | {}
	Port: load_tile_fp16_bc_Pipeline_LOAD_KV_ROWS_LOAD_KV_BEATS : tile_3 | {}
	Port: load_tile_fp16_bc_Pipeline_LOAD_KV_ROWS_LOAD_KV_BEATS : tile_2 | {}
	Port: load_tile_fp16_bc_Pipeline_LOAD_KV_ROWS_LOAD_KV_BEATS : tile_1 | {}
	Port: load_tile_fp16_bc_Pipeline_LOAD_KV_ROWS_LOAD_KV_BEATS : tile_0 | {}
  - Chain level:
	State 1
		store_ln0 : 1
		store_ln158 : 1
		store_ln162 : 1
	State 2
		add_ln158 : 1
		icmp_ln158 : 1
		br_ln158 : 2
		store_ln158 : 2
	State 3
		add_ln158_1 : 1
		icmp_ln162 : 1
		select_ln158 : 2
		select_ln158_1 : 2
		trunc_ln163 : 3
		word : 1
		trunc_ln67 : 1
		vals : 2
		tmp_s : 1
		vals_1 : 2
		tmp_15 : 1
		vals_2 : 2
		tmp_16 : 1
		vals_3 : 2
		tmp_17 : 1
		vals_4 : 2
		tmp_18 : 1
		vals_5 : 2
		tmp_19 : 1
		vals_6 : 2
		tmp_20 : 1
		vals_7 : 2
		tmp_21 : 1
		vals_8 : 2
		tmp_22 : 1
		vals_9 : 2
		tmp_23 : 1
		vals_10 : 2
		tmp_24 : 1
		vals_11 : 2
		tmp_25 : 1
		vals_12 : 2
		tmp_26 : 1
		vals_13 : 2
		tmp_27 : 1
		vals_14 : 2
		tmp_28 : 1
		vals_15 : 2
		tmp_29 : 1
		tmp_30 : 1
		tmp_31 : 1
		tmp_32 : 1
		tmp_33 : 1
		tmp_34 : 1
		tmp_35 : 1
		tmp_36 : 1
		tmp_37 : 1
		tmp_38 : 1
		tmp_39 : 1
		tmp_40 : 1
		tmp_41 : 1
		tmp_42 : 1
		tmp_43 : 1
		tmp_44 : 1
		trunc_ln173 : 3
		tmp_45 : 4
		zext_ln173 : 5
		tile_0_addr : 6
		tile_1_addr : 6
		tile_2_addr : 6
		tile_3_addr : 6
		tile_4_addr : 6
		tile_5_addr : 6
		tile_6_addr : 6
		tile_7_addr : 6
		tile_8_addr : 6
		tile_9_addr : 6
		tile_10_addr : 6
		tile_11_addr : 6
		tile_12_addr : 6
		tile_13_addr : 6
		tile_14_addr : 6
		tile_15_addr : 6
		muxLogicRAMData_to_store_ln173 : 3
		muxLogicRAMAddr_to_store_ln173 : 7
		store_ln173 : 7
		muxLogicRAMData_to_store_ln173 : 3
		muxLogicRAMAddr_to_store_ln173 : 7
		store_ln173 : 7
		muxLogicRAMData_to_store_ln173 : 3
		muxLogicRAMAddr_to_store_ln173 : 7
		store_ln173 : 7
		muxLogicRAMData_to_store_ln173 : 3
		muxLogicRAMAddr_to_store_ln173 : 7
		store_ln173 : 7
		muxLogicRAMData_to_store_ln173 : 3
		muxLogicRAMAddr_to_store_ln173 : 7
		store_ln173 : 7
		muxLogicRAMData_to_store_ln173 : 3
		muxLogicRAMAddr_to_store_ln173 : 7
		store_ln173 : 7
		muxLogicRAMData_to_store_ln173 : 3
		muxLogicRAMAddr_to_store_ln173 : 7
		store_ln173 : 7
		muxLogicRAMData_to_store_ln173 : 3
		muxLogicRAMAddr_to_store_ln173 : 7
		store_ln173 : 7
		muxLogicRAMData_to_store_ln173 : 3
		muxLogicRAMAddr_to_store_ln173 : 7
		store_ln173 : 7
		muxLogicRAMData_to_store_ln173 : 3
		muxLogicRAMAddr_to_store_ln173 : 7
		store_ln173 : 7
		muxLogicRAMData_to_store_ln173 : 3
		muxLogicRAMAddr_to_store_ln173 : 7
		store_ln173 : 7
		muxLogicRAMData_to_store_ln173 : 3
		muxLogicRAMAddr_to_store_ln173 : 7
		store_ln173 : 7
		muxLogicRAMData_to_store_ln173 : 3
		muxLogicRAMAddr_to_store_ln173 : 7
		store_ln173 : 7
		muxLogicRAMData_to_store_ln173 : 3
		muxLogicRAMAddr_to_store_ln173 : 7
		store_ln173 : 7
		muxLogicRAMData_to_store_ln173 : 3
		muxLogicRAMAddr_to_store_ln173 : 7
		store_ln173 : 7
		muxLogicRAMData_to_store_ln173 : 3
		muxLogicRAMAddr_to_store_ln173 : 7
		store_ln173 : 7
		add_ln162 : 3
		store_ln158 : 3
		store_ln162 : 4
	State 4
		zext_ln173_1 : 1
		tile_0_addr_2 : 2
		tile_1_addr_2 : 2
		tile_2_addr_2 : 2
		tile_3_addr_2 : 2
		tile_4_addr_2 : 2
		tile_5_addr_2 : 2
		tile_6_addr_2 : 2
		tile_7_addr_2 : 2
		tile_8_addr_2 : 2
		tile_9_addr_2 : 2
		tile_10_addr_2 : 2
		tile_11_addr_2 : 2
		tile_12_addr_2 : 2
		tile_13_addr_2 : 2
		tile_14_addr_2 : 2
		tile_15_addr_2 : 2
		muxLogicRAMData_to_store_ln173 : 1
		muxLogicRAMAddr_to_store_ln173 : 3
		store_ln173 : 3
		muxLogicRAMData_to_store_ln173 : 1
		muxLogicRAMAddr_to_store_ln173 : 3
		store_ln173 : 3
		muxLogicRAMData_to_store_ln173 : 1
		muxLogicRAMAddr_to_store_ln173 : 3
		store_ln173 : 3
		muxLogicRAMData_to_store_ln173 : 1
		muxLogicRAMAddr_to_store_ln173 : 3
		store_ln173 : 3
		muxLogicRAMData_to_store_ln173 : 1
		muxLogicRAMAddr_to_store_ln173 : 3
		store_ln173 : 3
		muxLogicRAMData_to_store_ln173 : 1
		muxLogicRAMAddr_to_store_ln173 : 3
		store_ln173 : 3
		muxLogicRAMData_to_store_ln173 : 1
		muxLogicRAMAddr_to_store_ln173 : 3
		store_ln173 : 3
		muxLogicRAMData_to_store_ln173 : 1
		muxLogicRAMAddr_to_store_ln173 : 3
		store_ln173 : 3
		muxLogicRAMData_to_store_ln173 : 1
		muxLogicRAMAddr_to_store_ln173 : 3
		store_ln173 : 3
		muxLogicRAMData_to_store_ln173 : 1
		muxLogicRAMAddr_to_store_ln173 : 3
		store_ln173 : 3
		muxLogicRAMData_to_store_ln173 : 1
		muxLogicRAMAddr_to_store_ln173 : 3
		store_ln173 : 3
		muxLogicRAMData_to_store_ln173 : 1
		muxLogicRAMAddr_to_store_ln173 : 3
		store_ln173 : 3
		muxLogicRAMData_to_store_ln173 : 1
		muxLogicRAMAddr_to_store_ln173 : 3
		store_ln173 : 3
		muxLogicRAMData_to_store_ln173 : 1
		muxLogicRAMAddr_to_store_ln173 : 3
		store_ln173 : 3
		muxLogicRAMData_to_store_ln173 : 1
		muxLogicRAMAddr_to_store_ln173 : 3
		store_ln173 : 3
		muxLogicRAMData_to_store_ln173 : 1
		muxLogicRAMAddr_to_store_ln173 : 3
		store_ln173 : 3


============================================================
+ Verbose Summary: Datapath Resource usage 
============================================================

* Functional unit list:
|----------|----------------------------------------|---------|---------|
| Operation|             Functional Unit            |    FF   |   LUT   |
|----------|----------------------------------------|---------|---------|
|          |            add_ln158_fu_613            |    0    |    33   |
|    add   |           add_ln158_1_fu_641           |    0    |    31   |
|          |            add_ln162_fu_1169           |    0    |    6    |
|----------|----------------------------------------|---------|---------|
|  select  |           select_ln158_fu_653          |    0    |    3    |
|          |          select_ln158_1_fu_661         |    0    |    28   |
|----------|----------------------------------------|---------|---------|
|   icmp   |            icmp_ln158_fu_619           |    0    |    13   |
|          |            icmp_ln162_fu_647           |    0    |    1    |
|----------|----------------------------------------|---------|---------|
|          |      sext_ln158_2_read_read_fu_174     |    0    |    0    |
|   read   |         tmp_47_read_read_fu_180        |    0    |    0    |
|          |            word_read_fu_586            |    0    |    0    |
|----------|----------------------------------------|---------|---------|
|   sext   |        sext_ln158_2_cast_fu_591        |    0    |    0    |
|----------|----------------------------------------|---------|---------|
|          |           trunc_ln163_fu_669           |    0    |    0    |
|   trunc  |            trunc_ln67_fu_675           |    0    |    0    |
|          |           trunc_ln173_fu_1007          |    0    |    0    |
|----------|----------------------------------------|---------|---------|
|          |      muxLogicAXIMCE_to_word_fu_673     |    0    |    0    |
|          | muxLogicRAMData_to_store_ln173_fu_1041 |    0    |    0    |
|          | muxLogicRAMAddr_to_store_ln173_fu_1045 |    0    |    0    |
|          | muxLogicRAMData_to_store_ln173_fu_1049 |    0    |    0    |
|          | muxLogicRAMAddr_to_store_ln173_fu_1053 |    0    |    0    |
|          | muxLogicRAMData_to_store_ln173_fu_1057 |    0    |    0    |
|          | muxLogicRAMAddr_to_store_ln173_fu_1061 |    0    |    0    |
|          | muxLogicRAMData_to_store_ln173_fu_1065 |    0    |    0    |
|          | muxLogicRAMAddr_to_store_ln173_fu_1069 |    0    |    0    |
|          | muxLogicRAMData_to_store_ln173_fu_1073 |    0    |    0    |
|          | muxLogicRAMAddr_to_store_ln173_fu_1077 |    0    |    0    |
|          | muxLogicRAMData_to_store_ln173_fu_1081 |    0    |    0    |
|          | muxLogicRAMAddr_to_store_ln173_fu_1085 |    0    |    0    |
|          | muxLogicRAMData_to_store_ln173_fu_1089 |    0    |    0    |
|          | muxLogicRAMAddr_to_store_ln173_fu_1093 |    0    |    0    |
|          | muxLogicRAMData_to_store_ln173_fu_1097 |    0    |    0    |
|          | muxLogicRAMAddr_to_store_ln173_fu_1101 |    0    |    0    |
|          | muxLogicRAMData_to_store_ln173_fu_1105 |    0    |    0    |
|          | muxLogicRAMAddr_to_store_ln173_fu_1109 |    0    |    0    |
|          | muxLogicRAMData_to_store_ln173_fu_1113 |    0    |    0    |
|          | muxLogicRAMAddr_to_store_ln173_fu_1117 |    0    |    0    |
|          | muxLogicRAMData_to_store_ln173_fu_1121 |    0    |    0    |
|          | muxLogicRAMAddr_to_store_ln173_fu_1125 |    0    |    0    |
|          | muxLogicRAMData_to_store_ln173_fu_1129 |    0    |    0    |
|          | muxLogicRAMAddr_to_store_ln173_fu_1133 |    0    |    0    |
|          | muxLogicRAMData_to_store_ln173_fu_1137 |    0    |    0    |
|          | muxLogicRAMAddr_to_store_ln173_fu_1141 |    0    |    0    |
|          | muxLogicRAMData_to_store_ln173_fu_1145 |    0    |    0    |
|          | muxLogicRAMAddr_to_store_ln173_fu_1149 |    0    |    0    |
|          | muxLogicRAMData_to_store_ln173_fu_1153 |    0    |    0    |
|          | muxLogicRAMAddr_to_store_ln173_fu_1157 |    0    |    0    |
|          | muxLogicRAMData_to_store_ln173_fu_1161 |    0    |    0    |
| muxlogic | muxLogicRAMAddr_to_store_ln173_fu_1165 |    0    |    0    |
|          | muxLogicRAMData_to_store_ln173_fu_1277 |    0    |    0    |
|          | muxLogicRAMAddr_to_store_ln173_fu_1281 |    0    |    0    |
|          | muxLogicRAMData_to_store_ln173_fu_1285 |    0    |    0    |
|          | muxLogicRAMAddr_to_store_ln173_fu_1289 |    0    |    0    |
|          | muxLogicRAMData_to_store_ln173_fu_1293 |    0    |    0    |
|          | muxLogicRAMAddr_to_store_ln173_fu_1297 |    0    |    0    |
|          | muxLogicRAMData_to_store_ln173_fu_1301 |    0    |    0    |
|          | muxLogicRAMAddr_to_store_ln173_fu_1305 |    0    |    0    |
|          | muxLogicRAMData_to_store_ln173_fu_1309 |    0    |    0    |
|          | muxLogicRAMAddr_to_store_ln173_fu_1313 |    0    |    0    |
|          | muxLogicRAMData_to_store_ln173_fu_1317 |    0    |    0    |
|          | muxLogicRAMAddr_to_store_ln173_fu_1321 |    0    |    0    |
|          | muxLogicRAMData_to_store_ln173_fu_1325 |    0    |    0    |
|          | muxLogicRAMAddr_to_store_ln173_fu_1329 |    0    |    0    |
|          | muxLogicRAMData_to_store_ln173_fu_1333 |    0    |    0    |
|          | muxLogicRAMAddr_to_store_ln173_fu_1337 |    0    |    0    |
|          | muxLogicRAMData_to_store_ln173_fu_1341 |    0    |    0    |
|          | muxLogicRAMAddr_to_store_ln173_fu_1345 |    0    |    0    |
|          | muxLogicRAMData_to_store_ln173_fu_1349 |    0    |    0    |
|          | muxLogicRAMAddr_to_store_ln173_fu_1353 |    0    |    0    |
|          | muxLogicRAMData_to_store_ln173_fu_1357 |    0    |    0    |
|          | muxLogicRAMAddr_to_store_ln173_fu_1361 |    0    |    0    |
|          | muxLogicRAMData_to_store_ln173_fu_1365 |    0    |    0    |
|          | muxLogicRAMAddr_to_store_ln173_fu_1369 |    0    |    0    |
|          | muxLogicRAMData_to_store_ln173_fu_1373 |    0    |    0    |
|          | muxLogicRAMAddr_to_store_ln173_fu_1377 |    0    |    0    |
|          | muxLogicRAMData_to_store_ln173_fu_1381 |    0    |    0    |
|          | muxLogicRAMAddr_to_store_ln173_fu_1385 |    0    |    0    |
|          | muxLogicRAMData_to_store_ln173_fu_1389 |    0    |    0    |
|          | muxLogicRAMAddr_to_store_ln173_fu_1393 |    0    |    0    |
|          | muxLogicRAMData_to_store_ln173_fu_1397 |    0    |    0    |
|          | muxLogicRAMAddr_to_store_ln173_fu_1401 |    0    |    0    |
|----------|----------------------------------------|---------|---------|
|          |              tmp_s_fu_684              |    0    |    0    |
|          |              tmp_15_fu_697             |    0    |    0    |
|          |              tmp_16_fu_710             |    0    |    0    |
|          |              tmp_17_fu_723             |    0    |    0    |
|          |              tmp_18_fu_736             |    0    |    0    |
|          |              tmp_19_fu_749             |    0    |    0    |
|          |              tmp_20_fu_762             |    0    |    0    |
|          |              tmp_21_fu_775             |    0    |    0    |
|          |              tmp_22_fu_788             |    0    |    0    |
|          |              tmp_23_fu_801             |    0    |    0    |
|          |              tmp_24_fu_814             |    0    |    0    |
|          |              tmp_25_fu_827             |    0    |    0    |
|          |              tmp_26_fu_840             |    0    |    0    |
|          |              tmp_27_fu_853             |    0    |    0    |
|          |              tmp_28_fu_866             |    0    |    0    |
|partselect|              tmp_29_fu_879             |    0    |    0    |
|          |              tmp_30_fu_887             |    0    |    0    |
|          |              tmp_31_fu_895             |    0    |    0    |
|          |              tmp_32_fu_903             |    0    |    0    |
|          |              tmp_33_fu_911             |    0    |    0    |
|          |              tmp_34_fu_919             |    0    |    0    |
|          |              tmp_35_fu_927             |    0    |    0    |
|          |              tmp_36_fu_935             |    0    |    0    |
|          |              tmp_37_fu_943             |    0    |    0    |
|          |              tmp_38_fu_951             |    0    |    0    |
|          |              tmp_39_fu_959             |    0    |    0    |
|          |              tmp_40_fu_967             |    0    |    0    |
|          |              tmp_41_fu_975             |    0    |    0    |
|          |              tmp_42_fu_983             |    0    |    0    |
|          |              tmp_43_fu_991             |    0    |    0    |
|          |              tmp_44_fu_999             |    0    |    0    |
|----------|----------------------------------------|---------|---------|
|bitconcatenate|             tmp_45_fu_1011             |    0    |    0    |
|          |             tmp_46_fu_1249             |    0    |    0    |
|----------|----------------------------------------|---------|---------|
|   zext   |           zext_ln173_fu_1021           |    0    |    0    |
|          |          zext_ln173_1_fu_1257          |    0    |    0    |
|----------|----------------------------------------|---------|---------|
|   Total  |                                        |    0    |   115   |
|----------|----------------------------------------|---------|---------|

Memories:
N/A

* Register list:
+--------------------------+--------+
|                          |   FF   |
+--------------------------+--------+
|        b_reg_1405        |    3   |
|    icmp_ln158_reg_1436   |    1   |
|  indvar_flatten_reg_1419 |   33   |
|        r_reg_1412        |   31   |
|sext_ln158_2_cast_reg_1431|   64   |
|      tmp_29_reg_1445     |   16   |
|      tmp_30_reg_1450     |   16   |
|      tmp_31_reg_1455     |   16   |
|      tmp_32_reg_1460     |   16   |
|      tmp_33_reg_1465     |   16   |
|      tmp_34_reg_1470     |   16   |
|      tmp_35_reg_1475     |   16   |
|      tmp_36_reg_1480     |   16   |
|      tmp_37_reg_1485     |   16   |
|      tmp_38_reg_1490     |   16   |
|      tmp_39_reg_1495     |   16   |
|      tmp_40_reg_1500     |   16   |
|      tmp_41_reg_1505     |   16   |
|      tmp_42_reg_1510     |   16   |
|      tmp_43_reg_1515     |   16   |
|      tmp_44_reg_1520     |   16   |
|   tmp_47_read_reg_1426   |   33   |
|   trunc_ln163_reg_1440   |    6   |
|   trunc_ln173_reg_1525   |    2   |
+--------------------------+--------+
|           Total          |   429  |
+--------------------------+--------+

* Multiplexer (MUX) list: 
|-------------------|------|------|------|--------||---------||---------||---------|
|        Comp       |  Pin | Size |  BW  | S x BW ||  Delay  ||    FF   ||   LUT   |
|-------------------|------|------|------|--------||---------||---------||---------|
| grp_access_fu_298 |  p2  |   2  |   0  |    0   ||    0    ||    1    |
| grp_access_fu_298 |  p4  |   2  |   9  |   18   ||    0    ||    16   |
| grp_access_fu_308 |  p2  |   2  |   0  |    0   ||    0    ||    1    |
| grp_access_fu_308 |  p4  |   2  |   9  |   18   ||    0    ||    16   |
| grp_access_fu_318 |  p2  |   2  |   0  |    0   ||    0    ||    1    |
| grp_access_fu_318 |  p4  |   2  |   9  |   18   ||    0    ||    16   |
| grp_access_fu_328 |  p2  |   2  |   0  |    0   ||    0    ||    1    |
| grp_access_fu_328 |  p4  |   2  |   9  |   18   ||    0    ||    16   |
| grp_access_fu_338 |  p2  |   2  |   0  |    0   ||    0    ||    1    |
| grp_access_fu_338 |  p4  |   2  |   9  |   18   ||    0    ||    16   |
| grp_access_fu_348 |  p2  |   2  |   0  |    0   ||    0    ||    1    |
| grp_access_fu_348 |  p4  |   2  |   9  |   18   ||    0    ||    16   |
| grp_access_fu_358 |  p2  |   2  |   0  |    0   ||    0    ||    1    |
| grp_access_fu_358 |  p4  |   2  |   9  |   18   ||    0    ||    16   |
| grp_access_fu_368 |  p2  |   2  |   0  |    0   ||    0    ||    1    |
| grp_access_fu_368 |  p4  |   2  |   9  |   18   ||    0    ||    16   |
| grp_access_fu_378 |  p2  |   2  |   0  |    0   ||    0    ||    1    |
| grp_access_fu_378 |  p4  |   2  |   9  |   18   ||    0    ||    16   |
| grp_access_fu_388 |  p2  |   2  |   0  |    0   ||    0    ||    1    |
| grp_access_fu_388 |  p4  |   2  |   9  |   18   ||    0    ||    16   |
| grp_access_fu_398 |  p2  |   2  |   0  |    0   ||    0    ||    1    |
| grp_access_fu_398 |  p4  |   2  |   9  |   18   ||    0    ||    16   |
| grp_access_fu_408 |  p2  |   2  |   0  |    0   ||    0    ||    1    |
| grp_access_fu_408 |  p4  |   2  |   9  |   18   ||    0    ||    16   |
| grp_access_fu_418 |  p2  |   2  |   0  |    0   ||    0    ||    1    |
| grp_access_fu_418 |  p4  |   2  |   9  |   18   ||    0    ||    16   |
| grp_access_fu_428 |  p2  |   2  |   0  |    0   ||    0    ||    1    |
| grp_access_fu_428 |  p4  |   2  |   9  |   18   ||    0    ||    16   |
| grp_access_fu_438 |  p2  |   2  |   0  |    0   ||    0    ||    1    |
| grp_access_fu_438 |  p4  |   2  |   9  |   18   ||    0    ||    16   |
| grp_access_fu_448 |  p2  |   2  |   0  |    0   ||    0    ||    1    |
| grp_access_fu_448 |  p4  |   2  |   9  |   18   ||    0    ||    16   |
|-------------------|------|------|------|--------||---------||---------||---------|
|       Total       |      |      |      |   288  ||  10.832 ||    0    ||   272   |
|-------------------|------|------|------|--------||---------||---------||---------|



* Summary:
+-----------+--------+--------+--------+
|           |  Delay |   FF   |   LUT  |
+-----------+--------+--------+--------+
|  Function |    -   |    0   |   115  |
|   Memory  |    -   |    -   |    -   |
|Multiplexer|   10   |    0   |   272  |
|  Register |    -   |   429  |    -   |
+-----------+--------+--------+--------+
|   Total   |   10   |   429  |   387  |
+-----------+--------+--------+--------+
