

================================================================
== Vitis HLS Report for 'load_stats_fp32_Pipeline_VITIS_LOOP_254_2'
================================================================
* Date:           Sun Mar 22 18:05:53 2026

* Version:        2025.1 (Build 6135595 on May 21 2025)
* Project:        FlashAtt1
* Solution:       hls (Vivado IP Flow Target)
* Product family: versalhbm
* Target device:  xcvh1582-lsva4737-2LHP-e-S


================================================================
== Performance Estimates
================================================================
+ Timing: 
    * Summary: 
    +--------+----------+----------+------------+
    |  Clock |  Target  | Estimated| Uncertainty|
    +--------+----------+----------+------------+
    |ap_clk  |  10.00 ns|  1.474 ns|     2.70 ns|
    +--------+----------+----------+------------+

+ Latency: 
    * Summary: 
    +---------+---------+----------+----------+-----+-----+------------------------------------------------+
    |  Latency (cycles) |  Latency (absolute) |  Interval |                    Pipeline                    |
    |   min   |   max   |    min   |    max   | min | max |                      Type                      |
    +---------+---------+----------+----------+-----+-----+------------------------------------------------+
    |        ?|        ?|         ?|         ?|    0|    0|  loop auto-rewind stp (delay=0 clock cycles(s))|
    +---------+---------+----------+----------+-----+-----+------------------------------------------------+

    + Detail: 
        * Instance: 
        N/A

        * Loop: 
        +--------------------+---------+---------+----------+-----------+-----------+------+----------+
        |                    |  Latency (cycles) | Iteration|  Initiation Interval  | Trip |          |
        |      Loop Name     |   min   |   max   |  Latency |  achieved |   target  | Count| Pipelined|
        +--------------------+---------+---------+----------+-----------+-----------+------+----------+
        |- VITIS_LOOP_254_2  |        ?|        ?|         1|          1|          1|     ?|       yes|
        +--------------------+---------+---------+----------+-----------+-----------+------+----------+

============================================================
+ Verbose Summary: Synthesis Manager
============================================================
InlineROM: 1
ExposeGlobal: 0
============================================================
+ Verbose Summary: CDFG Model
============================================================
IsTopModel: 0
ResetActiveHigh: 1
IsCombinational: 0
IsDatapathOnly: 0
HasWiredReturn: 1
HasMFsm: 2
HasVarLatency: 1
IsPipeline: 0
IsRtlPipelined: 0
IsInstanceOverlapped: 0
IsDontTouch: 0
HasImplIP: 0
IsGatedGlobalClock: 0

+ Individual pipeline summary: 
  * Pipeline-0: initiation interval (II) = 1, depth = 2


============================================================
+ Verbose Summary: Schedule
============================================================
* Number of FSM states : 2
* Pipeline : 1
  Pipeline-0 : II = 1, D = 2, States = { 1 2 }
* Dataflow Pipeline: 0

* FSM state transitions: 
1 --> 2 
2 --> 

* FSM state operations: 

State 1 <SV = 0> <Delay = 0.46>
ST_1 : Operation 4 [1/1] (0.00ns)   --->   "%i = alloca i32 1" [./flashattentionmemory.h:254]   --->   Operation 4 'alloca' 'i' <Predicate = true> <Delay = 0.00>
ST_1 : Operation 5 [1/1] (0.00ns)   --->   "%sext_ln237_read = read i32 @_ssdm_op_Read.ap_auto.i32, i32 %sext_ln237"   --->   Operation 5 'read' 'sext_ln237_read' <Predicate = true> <Delay = 0.00>
ST_1 : Operation 6 [1/1] (0.00ns)   --->   "%sext_ln237_cast = sext i32 %sext_ln237_read"   --->   Operation 6 'sext' 'sext_ln237_cast' <Predicate = true> <Delay = 0.00>
ST_1 : Operation 7 [1/1] (0.46ns)   --->   "%store_ln254 = store i64 %sext_ln237_cast, i64 %i" [./flashattentionmemory.h:254]   --->   Operation 7 'store' 'store_ln254' <Predicate = true> <Delay = 0.46>
ST_1 : Operation 8 [1/1] (0.00ns)   --->   "%br_ln0 = br void %for.inc22"   --->   Operation 8 'br' 'br_ln0' <Predicate = true> <Delay = 0.00>

State 2 <SV = 1> <Delay = 1.47>
ST_2 : Operation 9 [1/1] (0.00ns)   --->   "%i_5 = load i64 %i" [./flashattentionmemory.h:254]   --->   Operation 9 'load' 'i_5' <Predicate = true> <Delay = 0.00>
ST_2 : Operation 10 [1/1] (0.00ns)   --->   "%tmp = partselect i58 @_ssdm_op_PartSelect.i58.i64.i32.i32, i64 %i_5, i32 6, i32 63" [./flashattentionmemory.h:254]   --->   Operation 10 'partselect' 'tmp' <Predicate = true> <Delay = 0.00>
ST_2 : Operation 11 [1/1] (0.75ns)   --->   "%icmp_ln254 = icmp_slt  i58 %tmp, i58 1" [./flashattentionmemory.h:254]   --->   Operation 11 'icmp' 'icmp_ln254' <Predicate = true> <Delay = 0.75> <CoreInst = "Cmp">   --->   Core 9 'Cmp' <Latency = 0> <II = 1> <Delay = 0.75> <FuncUnit> <Opcode : 'setle' 'setge' 'setlt' 'setgt'> <InPorts = 2> <OutPorts = 1>
ST_2 : Operation 12 [1/1] (0.00ns)   --->   "%br_ln254 = br i1 %icmp_ln254, void %for.end24.exitStub, void %for.inc22.split" [./flashattentionmemory.h:254]   --->   Operation 12 'br' 'br_ln254' <Predicate = true> <Delay = 0.00>
ST_2 : Operation 13 [1/1] (0.00ns)   --->   "%specpipeline_ln254 = specpipeline void @_ssdm_op_SpecPipeline, i32 4294967295, i32 0, i32 0, i32 0, void @empty_27" [./flashattentionmemory.h:254]   --->   Operation 13 'specpipeline' 'specpipeline_ln254' <Predicate = (icmp_ln254)> <Delay = 0.00>
ST_2 : Operation 14 [1/1] (0.00ns)   --->   "%specloopname_ln254 = specloopname void @_ssdm_op_SpecLoopName, void @empty_24" [./flashattentionmemory.h:254]   --->   Operation 14 'specloopname' 'specloopname_ln254' <Predicate = (icmp_ln254)> <Delay = 0.00>
ST_2 : Operation 15 [1/1] (0.72ns)   --->   "%switch_ln256 = switch i64 %i_5, void %arrayidx212.exit, i64 0, void %arrayidx212.case.0, i64 1, void %arrayidx212.case.1, i64 2, void %arrayidx212.case.2, i64 3, void %arrayidx212.case.3, i64 4, void %arrayidx212.case.4, i64 5, void %arrayidx212.case.5, i64 6, void %arrayidx212.case.6, i64 7, void %arrayidx212.case.7, i64 8, void %arrayidx212.case.8, i64 9, void %arrayidx212.case.9, i64 10, void %arrayidx212.case.10, i64 11, void %arrayidx212.case.11, i64 12, void %arrayidx212.case.12, i64 13, void %arrayidx212.case.13, i64 14, void %arrayidx212.case.14, i64 15, void %arrayidx212.case.15, i64 16, void %arrayidx212.case.16, i64 17, void %arrayidx212.case.17, i64 18, void %arrayidx212.case.18, i64 19, void %arrayidx212.case.19, i64 20, void %arrayidx212.case.20, i64 21, void %arrayidx212.case.21, i64 22, void %arrayidx212.case.22, i64 23, void %arrayidx212.case.23, i64 24, void %arrayidx212.case.24, i64 25, void %arrayidx212.case.25, i64 26, void %arrayidx212.case.26, i64 27, void %arrayidx212.case.27, i64 28, void %arrayidx212.case.28, i64 29, void %arrayidx212.case.29, i64 30, void %arrayidx212.case.30, i64 31, void %arrayidx212.case.31, i64 32, void %arrayidx212.case.32, i64 33, void %arrayidx212.case.33, i64 34, void %arrayidx212.case.34, i64 35, void %arrayidx212.case.35, i64 36, void %arrayidx212.case.36, i64 37, void %arrayidx212.case.37, i64 38, void %arrayidx212.case.38, i64 39, void %arrayidx212.case.39, i64 40, void %arrayidx212.case.40, i64 41, void %arrayidx212.case.41, i64 42, void %arrayidx212.case.42, i64 43, void %arrayidx212.case.43, i64 44, void %arrayidx212.case.44, i64 45, void %arrayidx212.case.45, i64 46, void %arrayidx212.case.46, i64 47, void %arrayidx212.case.47, i64 48, void %arrayidx212.case.48, i64 49, void %arrayidx212.case.49, i64 50, void %arrayidx212.case.50, i64 51, void %arrayidx212.case.51, i64 52, void %arrayidx212.case.52, i64 53, void %arrayidx212.case.53, i64 54, void %arrayidx212.case.54, i64 55, void %arrayidx212.case.55, i64 56, void %arrayidx212.case.56, i64 57, void %arrayidx212.case.57, i64 58, void %arrayidx212.case.58, i64 59, void %arrayidx212.case.59, i64 60, void %arrayidx212.case.60, i64 61, void %arrayidx212.case.61, i64 62, void %arrayidx212.case.62, i64 63, void %arrayidx212.case.63" [./flashattentionmemory.h:256]   --->   Operation 15 'switch' 'switch_ln256' <Predicate = (icmp_ln254)> <Delay = 0.72>
ST_2 : Operation 16 [1/1] (0.00ns)   --->   "%write_ln256 = write void @_ssdm_op_Write.ap_auto.floatP0A, i32 %stats_63, i32 0" [./flashattentionmemory.h:256]   --->   Operation 16 'write' 'write_ln256' <Predicate = (icmp_ln254 & i_5 == 63)> <Delay = 0.00>
ST_2 : Operation 17 [1/1] (0.00ns)   --->   "%br_ln256 = br void %arrayidx212.exit" [./flashattentionmemory.h:256]   --->   Operation 17 'br' 'br_ln256' <Predicate = (icmp_ln254 & i_5 == 63)> <Delay = 0.00>
ST_2 : Operation 18 [1/1] (0.00ns)   --->   "%write_ln256 = write void @_ssdm_op_Write.ap_auto.floatP0A, i32 %stats_62, i32 0" [./flashattentionmemory.h:256]   --->   Operation 18 'write' 'write_ln256' <Predicate = (icmp_ln254 & i_5 == 62)> <Delay = 0.00>
ST_2 : Operation 19 [1/1] (0.00ns)   --->   "%br_ln256 = br void %arrayidx212.exit" [./flashattentionmemory.h:256]   --->   Operation 19 'br' 'br_ln256' <Predicate = (icmp_ln254 & i_5 == 62)> <Delay = 0.00>
ST_2 : Operation 20 [1/1] (0.00ns)   --->   "%write_ln256 = write void @_ssdm_op_Write.ap_auto.floatP0A, i32 %stats_61, i32 0" [./flashattentionmemory.h:256]   --->   Operation 20 'write' 'write_ln256' <Predicate = (icmp_ln254 & i_5 == 61)> <Delay = 0.00>
ST_2 : Operation 21 [1/1] (0.00ns)   --->   "%br_ln256 = br void %arrayidx212.exit" [./flashattentionmemory.h:256]   --->   Operation 21 'br' 'br_ln256' <Predicate = (icmp_ln254 & i_5 == 61)> <Delay = 0.00>
ST_2 : Operation 22 [1/1] (0.00ns)   --->   "%write_ln256 = write void @_ssdm_op_Write.ap_auto.floatP0A, i32 %stats_60, i32 0" [./flashattentionmemory.h:256]   --->   Operation 22 'write' 'write_ln256' <Predicate = (icmp_ln254 & i_5 == 60)> <Delay = 0.00>
ST_2 : Operation 23 [1/1] (0.00ns)   --->   "%br_ln256 = br void %arrayidx212.exit" [./flashattentionmemory.h:256]   --->   Operation 23 'br' 'br_ln256' <Predicate = (icmp_ln254 & i_5 == 60)> <Delay = 0.00>
ST_2 : Operation 24 [1/1] (0.00ns)   --->   "%write_ln256 = write void @_ssdm_op_Write.ap_auto.floatP0A, i32 %stats_59, i32 0" [./flashattentionmemory.h:256]   --->   Operation 24 'write' 'write_ln256' <Predicate = (icmp_ln254 & i_5 == 59)> <Delay = 0.00>
ST_2 : Operation 25 [1/1] (0.00ns)   --->   "%br_ln256 = br void %arrayidx212.exit" [./flashattentionmemory.h:256]   --->   Operation 25 'br' 'br_ln256' <Predicate = (icmp_ln254 & i_5 == 59)> <Delay = 0.00>
ST_2 : Operation 26 [1/1] (0.00ns)   --->   "%write_ln256 = write void @_ssdm_op_Write.ap_auto.floatP0A, i32 %stats_58, i32 0" [./flashattentionmemory.h:256]   --->   Operation 26 'write' 'write_ln256' <Predicate = (icmp_ln254 & i_5 == 58)> <Delay = 0.00>
ST_2 : Operation 27 [1/1] (0.00ns)   --->   "%br_ln256 = br void %arrayidx212.exit" [./flashattentionmemory.h:256]   --->   Operation 27 'br' 'br_ln256' <Predicate = (icmp_ln254 & i_5 == 58)> <Delay = 0.00>
ST_2 : Operation 28 [1/1] (0.00ns)   --->   "%write_ln256 = write void @_ssdm_op_Write.ap_auto.floatP0A, i32 %stats_57, i32 0" [./flashattentionmemory.h:256]   --->   Operation 28 'write' 'write_ln256' <Predicate = (icmp_ln254 & i_5 == 57)> <Delay = 0.00>
ST_2 : Operation 29 [1/1] (0.00ns)   --->   "%br_ln256 = br void %arrayidx212.exit" [./flashattentionmemory.h:256]   --->   Operation 29 'br' 'br_ln256' <Predicate = (icmp_ln254 & i_5 == 57)> <Delay = 0.00>
ST_2 : Operation 30 [1/1] (0.00ns)   --->   "%write_ln256 = write void @_ssdm_op_Write.ap_auto.floatP0A, i32 %stats_56, i32 0" [./flashattentionmemory.h:256]   --->   Operation 30 'write' 'write_ln256' <Predicate = (icmp_ln254 & i_5 == 56)> <Delay = 0.00>
ST_2 : Operation 31 [1/1] (0.00ns)   --->   "%br_ln256 = br void %arrayidx212.exit" [./flashattentionmemory.h:256]   --->   Operation 31 'br' 'br_ln256' <Predicate = (icmp_ln254 & i_5 == 56)> <Delay = 0.00>
ST_2 : Operation 32 [1/1] (0.00ns)   --->   "%write_ln256 = write void @_ssdm_op_Write.ap_auto.floatP0A, i32 %stats_55, i32 0" [./flashattentionmemory.h:256]   --->   Operation 32 'write' 'write_ln256' <Predicate = (icmp_ln254 & i_5 == 55)> <Delay = 0.00>
ST_2 : Operation 33 [1/1] (0.00ns)   --->   "%br_ln256 = br void %arrayidx212.exit" [./flashattentionmemory.h:256]   --->   Operation 33 'br' 'br_ln256' <Predicate = (icmp_ln254 & i_5 == 55)> <Delay = 0.00>
ST_2 : Operation 34 [1/1] (0.00ns)   --->   "%write_ln256 = write void @_ssdm_op_Write.ap_auto.floatP0A, i32 %stats_54, i32 0" [./flashattentionmemory.h:256]   --->   Operation 34 'write' 'write_ln256' <Predicate = (icmp_ln254 & i_5 == 54)> <Delay = 0.00>
ST_2 : Operation 35 [1/1] (0.00ns)   --->   "%br_ln256 = br void %arrayidx212.exit" [./flashattentionmemory.h:256]   --->   Operation 35 'br' 'br_ln256' <Predicate = (icmp_ln254 & i_5 == 54)> <Delay = 0.00>
ST_2 : Operation 36 [1/1] (0.00ns)   --->   "%write_ln256 = write void @_ssdm_op_Write.ap_auto.floatP0A, i32 %stats_53, i32 0" [./flashattentionmemory.h:256]   --->   Operation 36 'write' 'write_ln256' <Predicate = (icmp_ln254 & i_5 == 53)> <Delay = 0.00>
ST_2 : Operation 37 [1/1] (0.00ns)   --->   "%br_ln256 = br void %arrayidx212.exit" [./flashattentionmemory.h:256]   --->   Operation 37 'br' 'br_ln256' <Predicate = (icmp_ln254 & i_5 == 53)> <Delay = 0.00>
ST_2 : Operation 38 [1/1] (0.00ns)   --->   "%write_ln256 = write void @_ssdm_op_Write.ap_auto.floatP0A, i32 %stats_52, i32 0" [./flashattentionmemory.h:256]   --->   Operation 38 'write' 'write_ln256' <Predicate = (icmp_ln254 & i_5 == 52)> <Delay = 0.00>
ST_2 : Operation 39 [1/1] (0.00ns)   --->   "%br_ln256 = br void %arrayidx212.exit" [./flashattentionmemory.h:256]   --->   Operation 39 'br' 'br_ln256' <Predicate = (icmp_ln254 & i_5 == 52)> <Delay = 0.00>
ST_2 : Operation 40 [1/1] (0.00ns)   --->   "%write_ln256 = write void @_ssdm_op_Write.ap_auto.floatP0A, i32 %stats_51, i32 0" [./flashattentionmemory.h:256]   --->   Operation 40 'write' 'write_ln256' <Predicate = (icmp_ln254 & i_5 == 51)> <Delay = 0.00>
ST_2 : Operation 41 [1/1] (0.00ns)   --->   "%br_ln256 = br void %arrayidx212.exit" [./flashattentionmemory.h:256]   --->   Operation 41 'br' 'br_ln256' <Predicate = (icmp_ln254 & i_5 == 51)> <Delay = 0.00>
ST_2 : Operation 42 [1/1] (0.00ns)   --->   "%write_ln256 = write void @_ssdm_op_Write.ap_auto.floatP0A, i32 %stats_50, i32 0" [./flashattentionmemory.h:256]   --->   Operation 42 'write' 'write_ln256' <Predicate = (icmp_ln254 & i_5 == 50)> <Delay = 0.00>
ST_2 : Operation 43 [1/1] (0.00ns)   --->   "%br_ln256 = br void %arrayidx212.exit" [./flashattentionmemory.h:256]   --->   Operation 43 'br' 'br_ln256' <Predicate = (icmp_ln254 & i_5 == 50)> <Delay = 0.00>
ST_2 : Operation 44 [1/1] (0.00ns)   --->   "%write_ln256 = write void @_ssdm_op_Write.ap_auto.floatP0A, i32 %stats_49, i32 0" [./flashattentionmemory.h:256]   --->   Operation 44 'write' 'write_ln256' <Predicate = (icmp_ln254 & i_5 == 49)> <Delay = 0.00>
ST_2 : Operation 45 [1/1] (0.00ns)   --->   "%br_ln256 = br void %arrayidx212.exit" [./flashattentionmemory.h:256]   --->   Operation 45 'br' 'br_ln256' <Predicate = (icmp_ln254 & i_5 == 49)> <Delay = 0.00>
ST_2 : Operation 46 [1/1] (0.00ns)   --->   "%write_ln256 = write void @_ssdm_op_Write.ap_auto.floatP0A, i32 %stats_48, i32 0" [./flashattentionmemory.h:256]   --->   Operation 46 'write' 'write_ln256' <Predicate = (icmp_ln254 & i_5 == 48)> <Delay = 0.00>
ST_2 : Operation 47 [1/1] (0.00ns)   --->   "%br_ln256 = br void %arrayidx212.exit" [./flashattentionmemory.h:256]   --->   Operation 47 'br' 'br_ln256' <Predicate = (icmp_ln254 & i_5 == 48)> <Delay = 0.00>
ST_2 : Operation 48 [1/1] (0.00ns)   --->   "%write_ln256 = write void @_ssdm_op_Write.ap_auto.floatP0A, i32 %stats_47, i32 0" [./flashattentionmemory.h:256]   --->   Operation 48 'write' 'write_ln256' <Predicate = (icmp_ln254 & i_5 == 47)> <Delay = 0.00>
ST_2 : Operation 49 [1/1] (0.00ns)   --->   "%br_ln256 = br void %arrayidx212.exit" [./flashattentionmemory.h:256]   --->   Operation 49 'br' 'br_ln256' <Predicate = (icmp_ln254 & i_5 == 47)> <Delay = 0.00>
ST_2 : Operation 50 [1/1] (0.00ns)   --->   "%write_ln256 = write void @_ssdm_op_Write.ap_auto.floatP0A, i32 %stats_46, i32 0" [./flashattentionmemory.h:256]   --->   Operation 50 'write' 'write_ln256' <Predicate = (icmp_ln254 & i_5 == 46)> <Delay = 0.00>
ST_2 : Operation 51 [1/1] (0.00ns)   --->   "%br_ln256 = br void %arrayidx212.exit" [./flashattentionmemory.h:256]   --->   Operation 51 'br' 'br_ln256' <Predicate = (icmp_ln254 & i_5 == 46)> <Delay = 0.00>
ST_2 : Operation 52 [1/1] (0.00ns)   --->   "%write_ln256 = write void @_ssdm_op_Write.ap_auto.floatP0A, i32 %stats_45, i32 0" [./flashattentionmemory.h:256]   --->   Operation 52 'write' 'write_ln256' <Predicate = (icmp_ln254 & i_5 == 45)> <Delay = 0.00>
ST_2 : Operation 53 [1/1] (0.00ns)   --->   "%br_ln256 = br void %arrayidx212.exit" [./flashattentionmemory.h:256]   --->   Operation 53 'br' 'br_ln256' <Predicate = (icmp_ln254 & i_5 == 45)> <Delay = 0.00>
ST_2 : Operation 54 [1/1] (0.00ns)   --->   "%write_ln256 = write void @_ssdm_op_Write.ap_auto.floatP0A, i32 %stats_44, i32 0" [./flashattentionmemory.h:256]   --->   Operation 54 'write' 'write_ln256' <Predicate = (icmp_ln254 & i_5 == 44)> <Delay = 0.00>
ST_2 : Operation 55 [1/1] (0.00ns)   --->   "%br_ln256 = br void %arrayidx212.exit" [./flashattentionmemory.h:256]   --->   Operation 55 'br' 'br_ln256' <Predicate = (icmp_ln254 & i_5 == 44)> <Delay = 0.00>
ST_2 : Operation 56 [1/1] (0.00ns)   --->   "%write_ln256 = write void @_ssdm_op_Write.ap_auto.floatP0A, i32 %stats_43, i32 0" [./flashattentionmemory.h:256]   --->   Operation 56 'write' 'write_ln256' <Predicate = (icmp_ln254 & i_5 == 43)> <Delay = 0.00>
ST_2 : Operation 57 [1/1] (0.00ns)   --->   "%br_ln256 = br void %arrayidx212.exit" [./flashattentionmemory.h:256]   --->   Operation 57 'br' 'br_ln256' <Predicate = (icmp_ln254 & i_5 == 43)> <Delay = 0.00>
ST_2 : Operation 58 [1/1] (0.00ns)   --->   "%write_ln256 = write void @_ssdm_op_Write.ap_auto.floatP0A, i32 %stats_42, i32 0" [./flashattentionmemory.h:256]   --->   Operation 58 'write' 'write_ln256' <Predicate = (icmp_ln254 & i_5 == 42)> <Delay = 0.00>
ST_2 : Operation 59 [1/1] (0.00ns)   --->   "%br_ln256 = br void %arrayidx212.exit" [./flashattentionmemory.h:256]   --->   Operation 59 'br' 'br_ln256' <Predicate = (icmp_ln254 & i_5 == 42)> <Delay = 0.00>
ST_2 : Operation 60 [1/1] (0.00ns)   --->   "%write_ln256 = write void @_ssdm_op_Write.ap_auto.floatP0A, i32 %stats_41, i32 0" [./flashattentionmemory.h:256]   --->   Operation 60 'write' 'write_ln256' <Predicate = (icmp_ln254 & i_5 == 41)> <Delay = 0.00>
ST_2 : Operation 61 [1/1] (0.00ns)   --->   "%br_ln256 = br void %arrayidx212.exit" [./flashattentionmemory.h:256]   --->   Operation 61 'br' 'br_ln256' <Predicate = (icmp_ln254 & i_5 == 41)> <Delay = 0.00>
ST_2 : Operation 62 [1/1] (0.00ns)   --->   "%write_ln256 = write void @_ssdm_op_Write.ap_auto.floatP0A, i32 %stats_40, i32 0" [./flashattentionmemory.h:256]   --->   Operation 62 'write' 'write_ln256' <Predicate = (icmp_ln254 & i_5 == 40)> <Delay = 0.00>
ST_2 : Operation 63 [1/1] (0.00ns)   --->   "%br_ln256 = br void %arrayidx212.exit" [./flashattentionmemory.h:256]   --->   Operation 63 'br' 'br_ln256' <Predicate = (icmp_ln254 & i_5 == 40)> <Delay = 0.00>
ST_2 : Operation 64 [1/1] (0.00ns)   --->   "%write_ln256 = write void @_ssdm_op_Write.ap_auto.floatP0A, i32 %stats_39, i32 0" [./flashattentionmemory.h:256]   --->   Operation 64 'write' 'write_ln256' <Predicate = (icmp_ln254 & i_5 == 39)> <Delay = 0.00>
ST_2 : Operation 65 [1/1] (0.00ns)   --->   "%br_ln256 = br void %arrayidx212.exit" [./flashattentionmemory.h:256]   --->   Operation 65 'br' 'br_ln256' <Predicate = (icmp_ln254 & i_5 == 39)> <Delay = 0.00>
ST_2 : Operation 66 [1/1] (0.00ns)   --->   "%write_ln256 = write void @_ssdm_op_Write.ap_auto.floatP0A, i32 %stats_38, i32 0" [./flashattentionmemory.h:256]   --->   Operation 66 'write' 'write_ln256' <Predicate = (icmp_ln254 & i_5 == 38)> <Delay = 0.00>
ST_2 : Operation 67 [1/1] (0.00ns)   --->   "%br_ln256 = br void %arrayidx212.exit" [./flashattentionmemory.h:256]   --->   Operation 67 'br' 'br_ln256' <Predicate = (icmp_ln254 & i_5 == 38)> <Delay = 0.00>
ST_2 : Operation 68 [1/1] (0.00ns)   --->   "%write_ln256 = write void @_ssdm_op_Write.ap_auto.floatP0A, i32 %stats_37, i32 0" [./flashattentionmemory.h:256]   --->   Operation 68 'write' 'write_ln256' <Predicate = (icmp_ln254 & i_5 == 37)> <Delay = 0.00>
ST_2 : Operation 69 [1/1] (0.00ns)   --->   "%br_ln256 = br void %arrayidx212.exit" [./flashattentionmemory.h:256]   --->   Operation 69 'br' 'br_ln256' <Predicate = (icmp_ln254 & i_5 == 37)> <Delay = 0.00>
ST_2 : Operation 70 [1/1] (0.00ns)   --->   "%write_ln256 = write void @_ssdm_op_Write.ap_auto.floatP0A, i32 %stats_36, i32 0" [./flashattentionmemory.h:256]   --->   Operation 70 'write' 'write_ln256' <Predicate = (icmp_ln254 & i_5 == 36)> <Delay = 0.00>
ST_2 : Operation 71 [1/1] (0.00ns)   --->   "%br_ln256 = br void %arrayidx212.exit" [./flashattentionmemory.h:256]   --->   Operation 71 'br' 'br_ln256' <Predicate = (icmp_ln254 & i_5 == 36)> <Delay = 0.00>
ST_2 : Operation 72 [1/1] (0.00ns)   --->   "%write_ln256 = write void @_ssdm_op_Write.ap_auto.floatP0A, i32 %stats_35, i32 0" [./flashattentionmemory.h:256]   --->   Operation 72 'write' 'write_ln256' <Predicate = (icmp_ln254 & i_5 == 35)> <Delay = 0.00>
ST_2 : Operation 73 [1/1] (0.00ns)   --->   "%br_ln256 = br void %arrayidx212.exit" [./flashattentionmemory.h:256]   --->   Operation 73 'br' 'br_ln256' <Predicate = (icmp_ln254 & i_5 == 35)> <Delay = 0.00>
ST_2 : Operation 74 [1/1] (0.00ns)   --->   "%write_ln256 = write void @_ssdm_op_Write.ap_auto.floatP0A, i32 %stats_34, i32 0" [./flashattentionmemory.h:256]   --->   Operation 74 'write' 'write_ln256' <Predicate = (icmp_ln254 & i_5 == 34)> <Delay = 0.00>
ST_2 : Operation 75 [1/1] (0.00ns)   --->   "%br_ln256 = br void %arrayidx212.exit" [./flashattentionmemory.h:256]   --->   Operation 75 'br' 'br_ln256' <Predicate = (icmp_ln254 & i_5 == 34)> <Delay = 0.00>
ST_2 : Operation 76 [1/1] (0.00ns)   --->   "%write_ln256 = write void @_ssdm_op_Write.ap_auto.floatP0A, i32 %stats_33, i32 0" [./flashattentionmemory.h:256]   --->   Operation 76 'write' 'write_ln256' <Predicate = (icmp_ln254 & i_5 == 33)> <Delay = 0.00>
ST_2 : Operation 77 [1/1] (0.00ns)   --->   "%br_ln256 = br void %arrayidx212.exit" [./flashattentionmemory.h:256]   --->   Operation 77 'br' 'br_ln256' <Predicate = (icmp_ln254 & i_5 == 33)> <Delay = 0.00>
ST_2 : Operation 78 [1/1] (0.00ns)   --->   "%write_ln256 = write void @_ssdm_op_Write.ap_auto.floatP0A, i32 %stats_32, i32 0" [./flashattentionmemory.h:256]   --->   Operation 78 'write' 'write_ln256' <Predicate = (icmp_ln254 & i_5 == 32)> <Delay = 0.00>
ST_2 : Operation 79 [1/1] (0.00ns)   --->   "%br_ln256 = br void %arrayidx212.exit" [./flashattentionmemory.h:256]   --->   Operation 79 'br' 'br_ln256' <Predicate = (icmp_ln254 & i_5 == 32)> <Delay = 0.00>
ST_2 : Operation 80 [1/1] (0.00ns)   --->   "%write_ln256 = write void @_ssdm_op_Write.ap_auto.floatP0A, i32 %stats_31, i32 0" [./flashattentionmemory.h:256]   --->   Operation 80 'write' 'write_ln256' <Predicate = (icmp_ln254 & i_5 == 31)> <Delay = 0.00>
ST_2 : Operation 81 [1/1] (0.00ns)   --->   "%br_ln256 = br void %arrayidx212.exit" [./flashattentionmemory.h:256]   --->   Operation 81 'br' 'br_ln256' <Predicate = (icmp_ln254 & i_5 == 31)> <Delay = 0.00>
ST_2 : Operation 82 [1/1] (0.00ns)   --->   "%write_ln256 = write void @_ssdm_op_Write.ap_auto.floatP0A, i32 %stats_30, i32 0" [./flashattentionmemory.h:256]   --->   Operation 82 'write' 'write_ln256' <Predicate = (icmp_ln254 & i_5 == 30)> <Delay = 0.00>
ST_2 : Operation 83 [1/1] (0.00ns)   --->   "%br_ln256 = br void %arrayidx212.exit" [./flashattentionmemory.h:256]   --->   Operation 83 'br' 'br_ln256' <Predicate = (icmp_ln254 & i_5 == 30)> <Delay = 0.00>
ST_2 : Operation 84 [1/1] (0.00ns)   --->   "%write_ln256 = write void @_ssdm_op_Write.ap_auto.floatP0A, i32 %stats_29, i32 0" [./flashattentionmemory.h:256]   --->   Operation 84 'write' 'write_ln256' <Predicate = (icmp_ln254 & i_5 == 29)> <Delay = 0.00>
ST_2 : Operation 85 [1/1] (0.00ns)   --->   "%br_ln256 = br void %arrayidx212.exit" [./flashattentionmemory.h:256]   --->   Operation 85 'br' 'br_ln256' <Predicate = (icmp_ln254 & i_5 == 29)> <Delay = 0.00>
ST_2 : Operation 86 [1/1] (0.00ns)   --->   "%write_ln256 = write void @_ssdm_op_Write.ap_auto.floatP0A, i32 %stats_28, i32 0" [./flashattentionmemory.h:256]   --->   Operation 86 'write' 'write_ln256' <Predicate = (icmp_ln254 & i_5 == 28)> <Delay = 0.00>
ST_2 : Operation 87 [1/1] (0.00ns)   --->   "%br_ln256 = br void %arrayidx212.exit" [./flashattentionmemory.h:256]   --->   Operation 87 'br' 'br_ln256' <Predicate = (icmp_ln254 & i_5 == 28)> <Delay = 0.00>
ST_2 : Operation 88 [1/1] (0.00ns)   --->   "%write_ln256 = write void @_ssdm_op_Write.ap_auto.floatP0A, i32 %stats_27, i32 0" [./flashattentionmemory.h:256]   --->   Operation 88 'write' 'write_ln256' <Predicate = (icmp_ln254 & i_5 == 27)> <Delay = 0.00>
ST_2 : Operation 89 [1/1] (0.00ns)   --->   "%br_ln256 = br void %arrayidx212.exit" [./flashattentionmemory.h:256]   --->   Operation 89 'br' 'br_ln256' <Predicate = (icmp_ln254 & i_5 == 27)> <Delay = 0.00>
ST_2 : Operation 90 [1/1] (0.00ns)   --->   "%write_ln256 = write void @_ssdm_op_Write.ap_auto.floatP0A, i32 %stats_26, i32 0" [./flashattentionmemory.h:256]   --->   Operation 90 'write' 'write_ln256' <Predicate = (icmp_ln254 & i_5 == 26)> <Delay = 0.00>
ST_2 : Operation 91 [1/1] (0.00ns)   --->   "%br_ln256 = br void %arrayidx212.exit" [./flashattentionmemory.h:256]   --->   Operation 91 'br' 'br_ln256' <Predicate = (icmp_ln254 & i_5 == 26)> <Delay = 0.00>
ST_2 : Operation 92 [1/1] (0.00ns)   --->   "%write_ln256 = write void @_ssdm_op_Write.ap_auto.floatP0A, i32 %stats_25, i32 0" [./flashattentionmemory.h:256]   --->   Operation 92 'write' 'write_ln256' <Predicate = (icmp_ln254 & i_5 == 25)> <Delay = 0.00>
ST_2 : Operation 93 [1/1] (0.00ns)   --->   "%br_ln256 = br void %arrayidx212.exit" [./flashattentionmemory.h:256]   --->   Operation 93 'br' 'br_ln256' <Predicate = (icmp_ln254 & i_5 == 25)> <Delay = 0.00>
ST_2 : Operation 94 [1/1] (0.00ns)   --->   "%write_ln256 = write void @_ssdm_op_Write.ap_auto.floatP0A, i32 %stats_24, i32 0" [./flashattentionmemory.h:256]   --->   Operation 94 'write' 'write_ln256' <Predicate = (icmp_ln254 & i_5 == 24)> <Delay = 0.00>
ST_2 : Operation 95 [1/1] (0.00ns)   --->   "%br_ln256 = br void %arrayidx212.exit" [./flashattentionmemory.h:256]   --->   Operation 95 'br' 'br_ln256' <Predicate = (icmp_ln254 & i_5 == 24)> <Delay = 0.00>
ST_2 : Operation 96 [1/1] (0.00ns)   --->   "%write_ln256 = write void @_ssdm_op_Write.ap_auto.floatP0A, i32 %stats_23, i32 0" [./flashattentionmemory.h:256]   --->   Operation 96 'write' 'write_ln256' <Predicate = (icmp_ln254 & i_5 == 23)> <Delay = 0.00>
ST_2 : Operation 97 [1/1] (0.00ns)   --->   "%br_ln256 = br void %arrayidx212.exit" [./flashattentionmemory.h:256]   --->   Operation 97 'br' 'br_ln256' <Predicate = (icmp_ln254 & i_5 == 23)> <Delay = 0.00>
ST_2 : Operation 98 [1/1] (0.00ns)   --->   "%write_ln256 = write void @_ssdm_op_Write.ap_auto.floatP0A, i32 %stats_22, i32 0" [./flashattentionmemory.h:256]   --->   Operation 98 'write' 'write_ln256' <Predicate = (icmp_ln254 & i_5 == 22)> <Delay = 0.00>
ST_2 : Operation 99 [1/1] (0.00ns)   --->   "%br_ln256 = br void %arrayidx212.exit" [./flashattentionmemory.h:256]   --->   Operation 99 'br' 'br_ln256' <Predicate = (icmp_ln254 & i_5 == 22)> <Delay = 0.00>
ST_2 : Operation 100 [1/1] (0.00ns)   --->   "%write_ln256 = write void @_ssdm_op_Write.ap_auto.floatP0A, i32 %stats_21, i32 0" [./flashattentionmemory.h:256]   --->   Operation 100 'write' 'write_ln256' <Predicate = (icmp_ln254 & i_5 == 21)> <Delay = 0.00>
ST_2 : Operation 101 [1/1] (0.00ns)   --->   "%br_ln256 = br void %arrayidx212.exit" [./flashattentionmemory.h:256]   --->   Operation 101 'br' 'br_ln256' <Predicate = (icmp_ln254 & i_5 == 21)> <Delay = 0.00>
ST_2 : Operation 102 [1/1] (0.00ns)   --->   "%write_ln256 = write void @_ssdm_op_Write.ap_auto.floatP0A, i32 %stats_20, i32 0" [./flashattentionmemory.h:256]   --->   Operation 102 'write' 'write_ln256' <Predicate = (icmp_ln254 & i_5 == 20)> <Delay = 0.00>
ST_2 : Operation 103 [1/1] (0.00ns)   --->   "%br_ln256 = br void %arrayidx212.exit" [./flashattentionmemory.h:256]   --->   Operation 103 'br' 'br_ln256' <Predicate = (icmp_ln254 & i_5 == 20)> <Delay = 0.00>
ST_2 : Operation 104 [1/1] (0.00ns)   --->   "%write_ln256 = write void @_ssdm_op_Write.ap_auto.floatP0A, i32 %stats_19, i32 0" [./flashattentionmemory.h:256]   --->   Operation 104 'write' 'write_ln256' <Predicate = (icmp_ln254 & i_5 == 19)> <Delay = 0.00>
ST_2 : Operation 105 [1/1] (0.00ns)   --->   "%br_ln256 = br void %arrayidx212.exit" [./flashattentionmemory.h:256]   --->   Operation 105 'br' 'br_ln256' <Predicate = (icmp_ln254 & i_5 == 19)> <Delay = 0.00>
ST_2 : Operation 106 [1/1] (0.00ns)   --->   "%write_ln256 = write void @_ssdm_op_Write.ap_auto.floatP0A, i32 %stats_18, i32 0" [./flashattentionmemory.h:256]   --->   Operation 106 'write' 'write_ln256' <Predicate = (icmp_ln254 & i_5 == 18)> <Delay = 0.00>
ST_2 : Operation 107 [1/1] (0.00ns)   --->   "%br_ln256 = br void %arrayidx212.exit" [./flashattentionmemory.h:256]   --->   Operation 107 'br' 'br_ln256' <Predicate = (icmp_ln254 & i_5 == 18)> <Delay = 0.00>
ST_2 : Operation 108 [1/1] (0.00ns)   --->   "%write_ln256 = write void @_ssdm_op_Write.ap_auto.floatP0A, i32 %stats_17, i32 0" [./flashattentionmemory.h:256]   --->   Operation 108 'write' 'write_ln256' <Predicate = (icmp_ln254 & i_5 == 17)> <Delay = 0.00>
ST_2 : Operation 109 [1/1] (0.00ns)   --->   "%br_ln256 = br void %arrayidx212.exit" [./flashattentionmemory.h:256]   --->   Operation 109 'br' 'br_ln256' <Predicate = (icmp_ln254 & i_5 == 17)> <Delay = 0.00>
ST_2 : Operation 110 [1/1] (0.00ns)   --->   "%write_ln256 = write void @_ssdm_op_Write.ap_auto.floatP0A, i32 %stats_16, i32 0" [./flashattentionmemory.h:256]   --->   Operation 110 'write' 'write_ln256' <Predicate = (icmp_ln254 & i_5 == 16)> <Delay = 0.00>
ST_2 : Operation 111 [1/1] (0.00ns)   --->   "%br_ln256 = br void %arrayidx212.exit" [./flashattentionmemory.h:256]   --->   Operation 111 'br' 'br_ln256' <Predicate = (icmp_ln254 & i_5 == 16)> <Delay = 0.00>
ST_2 : Operation 112 [1/1] (0.00ns)   --->   "%write_ln256 = write void @_ssdm_op_Write.ap_auto.floatP0A, i32 %stats_15, i32 0" [./flashattentionmemory.h:256]   --->   Operation 112 'write' 'write_ln256' <Predicate = (icmp_ln254 & i_5 == 15)> <Delay = 0.00>
ST_2 : Operation 113 [1/1] (0.00ns)   --->   "%br_ln256 = br void %arrayidx212.exit" [./flashattentionmemory.h:256]   --->   Operation 113 'br' 'br_ln256' <Predicate = (icmp_ln254 & i_5 == 15)> <Delay = 0.00>
ST_2 : Operation 114 [1/1] (0.00ns)   --->   "%write_ln256 = write void @_ssdm_op_Write.ap_auto.floatP0A, i32 %stats_14, i32 0" [./flashattentionmemory.h:256]   --->   Operation 114 'write' 'write_ln256' <Predicate = (icmp_ln254 & i_5 == 14)> <Delay = 0.00>
ST_2 : Operation 115 [1/1] (0.00ns)   --->   "%br_ln256 = br void %arrayidx212.exit" [./flashattentionmemory.h:256]   --->   Operation 115 'br' 'br_ln256' <Predicate = (icmp_ln254 & i_5 == 14)> <Delay = 0.00>
ST_2 : Operation 116 [1/1] (0.00ns)   --->   "%write_ln256 = write void @_ssdm_op_Write.ap_auto.floatP0A, i32 %stats_13, i32 0" [./flashattentionmemory.h:256]   --->   Operation 116 'write' 'write_ln256' <Predicate = (icmp_ln254 & i_5 == 13)> <Delay = 0.00>
ST_2 : Operation 117 [1/1] (0.00ns)   --->   "%br_ln256 = br void %arrayidx212.exit" [./flashattentionmemory.h:256]   --->   Operation 117 'br' 'br_ln256' <Predicate = (icmp_ln254 & i_5 == 13)> <Delay = 0.00>
ST_2 : Operation 118 [1/1] (0.00ns)   --->   "%write_ln256 = write void @_ssdm_op_Write.ap_auto.floatP0A, i32 %stats_12, i32 0" [./flashattentionmemory.h:256]   --->   Operation 118 'write' 'write_ln256' <Predicate = (icmp_ln254 & i_5 == 12)> <Delay = 0.00>
ST_2 : Operation 119 [1/1] (0.00ns)   --->   "%br_ln256 = br void %arrayidx212.exit" [./flashattentionmemory.h:256]   --->   Operation 119 'br' 'br_ln256' <Predicate = (icmp_ln254 & i_5 == 12)> <Delay = 0.00>
ST_2 : Operation 120 [1/1] (0.00ns)   --->   "%write_ln256 = write void @_ssdm_op_Write.ap_auto.floatP0A, i32 %stats_11, i32 0" [./flashattentionmemory.h:256]   --->   Operation 120 'write' 'write_ln256' <Predicate = (icmp_ln254 & i_5 == 11)> <Delay = 0.00>
ST_2 : Operation 121 [1/1] (0.00ns)   --->   "%br_ln256 = br void %arrayidx212.exit" [./flashattentionmemory.h:256]   --->   Operation 121 'br' 'br_ln256' <Predicate = (icmp_ln254 & i_5 == 11)> <Delay = 0.00>
ST_2 : Operation 122 [1/1] (0.00ns)   --->   "%write_ln256 = write void @_ssdm_op_Write.ap_auto.floatP0A, i32 %stats_10, i32 0" [./flashattentionmemory.h:256]   --->   Operation 122 'write' 'write_ln256' <Predicate = (icmp_ln254 & i_5 == 10)> <Delay = 0.00>
ST_2 : Operation 123 [1/1] (0.00ns)   --->   "%br_ln256 = br void %arrayidx212.exit" [./flashattentionmemory.h:256]   --->   Operation 123 'br' 'br_ln256' <Predicate = (icmp_ln254 & i_5 == 10)> <Delay = 0.00>
ST_2 : Operation 124 [1/1] (0.00ns)   --->   "%write_ln256 = write void @_ssdm_op_Write.ap_auto.floatP0A, i32 %stats_9, i32 0" [./flashattentionmemory.h:256]   --->   Operation 124 'write' 'write_ln256' <Predicate = (icmp_ln254 & i_5 == 9)> <Delay = 0.00>
ST_2 : Operation 125 [1/1] (0.00ns)   --->   "%br_ln256 = br void %arrayidx212.exit" [./flashattentionmemory.h:256]   --->   Operation 125 'br' 'br_ln256' <Predicate = (icmp_ln254 & i_5 == 9)> <Delay = 0.00>
ST_2 : Operation 126 [1/1] (0.00ns)   --->   "%write_ln256 = write void @_ssdm_op_Write.ap_auto.floatP0A, i32 %stats_8, i32 0" [./flashattentionmemory.h:256]   --->   Operation 126 'write' 'write_ln256' <Predicate = (icmp_ln254 & i_5 == 8)> <Delay = 0.00>
ST_2 : Operation 127 [1/1] (0.00ns)   --->   "%br_ln256 = br void %arrayidx212.exit" [./flashattentionmemory.h:256]   --->   Operation 127 'br' 'br_ln256' <Predicate = (icmp_ln254 & i_5 == 8)> <Delay = 0.00>
ST_2 : Operation 128 [1/1] (0.00ns)   --->   "%write_ln256 = write void @_ssdm_op_Write.ap_auto.floatP0A, i32 %stats_7, i32 0" [./flashattentionmemory.h:256]   --->   Operation 128 'write' 'write_ln256' <Predicate = (icmp_ln254 & i_5 == 7)> <Delay = 0.00>
ST_2 : Operation 129 [1/1] (0.00ns)   --->   "%br_ln256 = br void %arrayidx212.exit" [./flashattentionmemory.h:256]   --->   Operation 129 'br' 'br_ln256' <Predicate = (icmp_ln254 & i_5 == 7)> <Delay = 0.00>
ST_2 : Operation 130 [1/1] (0.00ns)   --->   "%write_ln256 = write void @_ssdm_op_Write.ap_auto.floatP0A, i32 %stats_6, i32 0" [./flashattentionmemory.h:256]   --->   Operation 130 'write' 'write_ln256' <Predicate = (icmp_ln254 & i_5 == 6)> <Delay = 0.00>
ST_2 : Operation 131 [1/1] (0.00ns)   --->   "%br_ln256 = br void %arrayidx212.exit" [./flashattentionmemory.h:256]   --->   Operation 131 'br' 'br_ln256' <Predicate = (icmp_ln254 & i_5 == 6)> <Delay = 0.00>
ST_2 : Operation 132 [1/1] (0.00ns)   --->   "%write_ln256 = write void @_ssdm_op_Write.ap_auto.floatP0A, i32 %stats_5, i32 0" [./flashattentionmemory.h:256]   --->   Operation 132 'write' 'write_ln256' <Predicate = (icmp_ln254 & i_5 == 5)> <Delay = 0.00>
ST_2 : Operation 133 [1/1] (0.00ns)   --->   "%br_ln256 = br void %arrayidx212.exit" [./flashattentionmemory.h:256]   --->   Operation 133 'br' 'br_ln256' <Predicate = (icmp_ln254 & i_5 == 5)> <Delay = 0.00>
ST_2 : Operation 134 [1/1] (0.00ns)   --->   "%write_ln256 = write void @_ssdm_op_Write.ap_auto.floatP0A, i32 %stats_4, i32 0" [./flashattentionmemory.h:256]   --->   Operation 134 'write' 'write_ln256' <Predicate = (icmp_ln254 & i_5 == 4)> <Delay = 0.00>
ST_2 : Operation 135 [1/1] (0.00ns)   --->   "%br_ln256 = br void %arrayidx212.exit" [./flashattentionmemory.h:256]   --->   Operation 135 'br' 'br_ln256' <Predicate = (icmp_ln254 & i_5 == 4)> <Delay = 0.00>
ST_2 : Operation 136 [1/1] (0.00ns)   --->   "%write_ln256 = write void @_ssdm_op_Write.ap_auto.floatP0A, i32 %stats_3, i32 0" [./flashattentionmemory.h:256]   --->   Operation 136 'write' 'write_ln256' <Predicate = (icmp_ln254 & i_5 == 3)> <Delay = 0.00>
ST_2 : Operation 137 [1/1] (0.00ns)   --->   "%br_ln256 = br void %arrayidx212.exit" [./flashattentionmemory.h:256]   --->   Operation 137 'br' 'br_ln256' <Predicate = (icmp_ln254 & i_5 == 3)> <Delay = 0.00>
ST_2 : Operation 138 [1/1] (0.00ns)   --->   "%write_ln256 = write void @_ssdm_op_Write.ap_auto.floatP0A, i32 %stats_2, i32 0" [./flashattentionmemory.h:256]   --->   Operation 138 'write' 'write_ln256' <Predicate = (icmp_ln254 & i_5 == 2)> <Delay = 0.00>
ST_2 : Operation 139 [1/1] (0.00ns)   --->   "%br_ln256 = br void %arrayidx212.exit" [./flashattentionmemory.h:256]   --->   Operation 139 'br' 'br_ln256' <Predicate = (icmp_ln254 & i_5 == 2)> <Delay = 0.00>
ST_2 : Operation 140 [1/1] (0.00ns)   --->   "%write_ln256 = write void @_ssdm_op_Write.ap_auto.floatP0A, i32 %stats_1, i32 0" [./flashattentionmemory.h:256]   --->   Operation 140 'write' 'write_ln256' <Predicate = (icmp_ln254 & i_5 == 1)> <Delay = 0.00>
ST_2 : Operation 141 [1/1] (0.00ns)   --->   "%br_ln256 = br void %arrayidx212.exit" [./flashattentionmemory.h:256]   --->   Operation 141 'br' 'br_ln256' <Predicate = (icmp_ln254 & i_5 == 1)> <Delay = 0.00>
ST_2 : Operation 142 [1/1] (0.00ns)   --->   "%write_ln256 = write void @_ssdm_op_Write.ap_auto.floatP0A, i32 %stats_0, i32 0" [./flashattentionmemory.h:256]   --->   Operation 142 'write' 'write_ln256' <Predicate = (icmp_ln254 & i_5 == 0)> <Delay = 0.00>
ST_2 : Operation 143 [1/1] (0.00ns)   --->   "%br_ln256 = br void %arrayidx212.exit" [./flashattentionmemory.h:256]   --->   Operation 143 'br' 'br_ln256' <Predicate = (icmp_ln254 & i_5 == 0)> <Delay = 0.00>
ST_2 : Operation 144 [1/1] (1.01ns)   --->   "%add_ln254 = add i64 %i_5, i64 1" [./flashattentionmemory.h:254]   --->   Operation 144 'add' 'add_ln254' <Predicate = (icmp_ln254)> <Delay = 1.01> <CoreInst = "Adder">   --->   Core 1 'Adder' <Latency = 0> <II = 1> <Delay = 1.01> <FuncUnit> <Opcode : 'add' 'sub'> <InPorts = 2> <OutPorts = 1>
ST_2 : Operation 145 [1/1] (0.46ns)   --->   "%store_ln254 = store i64 %add_ln254, i64 %i" [./flashattentionmemory.h:254]   --->   Operation 145 'store' 'store_ln254' <Predicate = (icmp_ln254)> <Delay = 0.46>
ST_2 : Operation 146 [1/1] (0.00ns)   --->   "%br_ln254 = br void %for.inc22" [./flashattentionmemory.h:254]   --->   Operation 146 'br' 'br_ln254' <Predicate = (icmp_ln254)> <Delay = 0.00>
ST_2 : Operation 147 [1/1] (0.28ns)   --->   "%ret_ln0 = ret"   --->   Operation 147 'ret' 'ret_ln0' <Predicate = (!icmp_ln254)> <Delay = 0.28>


============================================================
+ Verbose Summary: Binding
============================================================
STG Binding: 
---------------- STG Properties BEGIN ----------------
- Is combinational: 0
- Is one-state seq: 0
- Is datapath-only: 0
- Is pipelined: 0
- Is top level: 0
Port [ Return ] is wired: 1; IO mode=ap_ctrl_hs:ce=0
Port [ sext_ln237]:  wired=1; compound=0; hidden=0; nouse=0; global=0; static=0; extern=0; dir=0; type=0; pingpong=0; private_global=0; IO mode=ap_none:ce=0
Port [ stats_63]:  wired=1; compound=0; hidden=0; nouse=0; global=0; static=0; extern=0; dir=1; type=0; pingpong=0; private_global=0; IO mode=ap_vld:ce=0
Port [ stats_62]:  wired=1; compound=0; hidden=0; nouse=0; global=0; static=0; extern=0; dir=1; type=0; pingpong=0; private_global=0; IO mode=ap_vld:ce=0
Port [ stats_61]:  wired=1; compound=0; hidden=0; nouse=0; global=0; static=0; extern=0; dir=1; type=0; pingpong=0; private_global=0; IO mode=ap_vld:ce=0
Port [ stats_60]:  wired=1; compound=0; hidden=0; nouse=0; global=0; static=0; extern=0; dir=1; type=0; pingpong=0; private_global=0; IO mode=ap_vld:ce=0
Port [ stats_59]:  wired=1; compound=0; hidden=0; nouse=0; global=0; static=0; extern=0; dir=1; type=0; pingpong=0; private_global=0; IO mode=ap_vld:ce=0
Port [ stats_58]:  wired=1; compound=0; hidden=0; nouse=0; global=0; static=0; extern=0; dir=1; type=0; pingpong=0; private_global=0; IO mode=ap_vld:ce=0
Port [ stats_57]:  wired=1; compound=0; hidden=0; nouse=0; global=0; static=0; extern=0; dir=1; type=0; pingpong=0; private_global=0; IO mode=ap_vld:ce=0
Port [ stats_56]:  wired=1; compound=0; hidden=0; nouse=0; global=0; static=0; extern=0; dir=1; type=0; pingpong=0; private_global=0; IO mode=ap_vld:ce=0
Port [ stats_55]:  wired=1; compound=0; hidden=0; nouse=0; global=0; static=0; extern=0; dir=1; type=0; pingpong=0; private_global=0; IO mode=ap_vld:ce=0
Port [ stats_54]:  wired=1; compound=0; hidden=0; nouse=0; global=0; static=0; extern=0; dir=1; type=0; pingpong=0; private_global=0; IO mode=ap_vld:ce=0
Port [ stats_53]:  wired=1; compound=0; hidden=0; nouse=0; global=0; static=0; extern=0; dir=1; type=0; pingpong=0; private_global=0; IO mode=ap_vld:ce=0
Port [ stats_52]:  wired=1; compound=0; hidden=0; nouse=0; global=0; static=0; extern=0; dir=1; type=0; pingpong=0; private_global=0; IO mode=ap_vld:ce=0
Port [ stats_51]:  wired=1; compound=0; hidden=0; nouse=0; global=0; static=0; extern=0; dir=1; type=0; pingpong=0; private_global=0; IO mode=ap_vld:ce=0
Port [ stats_50]:  wired=1; compound=0; hidden=0; nouse=0; global=0; static=0; extern=0; dir=1; type=0; pingpong=0; private_global=0; IO mode=ap_vld:ce=0
Port [ stats_49]:  wired=1; compound=0; hidden=0; nouse=0; global=0; static=0; extern=0; dir=1; type=0; pingpong=0; private_global=0; IO mode=ap_vld:ce=0
Port [ stats_48]:  wired=1; compound=0; hidden=0; nouse=0; global=0; static=0; extern=0; dir=1; type=0; pingpong=0; private_global=0; IO mode=ap_vld:ce=0
Port [ stats_47]:  wired=1; compound=0; hidden=0; nouse=0; global=0; static=0; extern=0; dir=1; type=0; pingpong=0; private_global=0; IO mode=ap_vld:ce=0
Port [ stats_46]:  wired=1; compound=0; hidden=0; nouse=0; global=0; static=0; extern=0; dir=1; type=0; pingpong=0; private_global=0; IO mode=ap_vld:ce=0
Port [ stats_45]:  wired=1; compound=0; hidden=0; nouse=0; global=0; static=0; extern=0; dir=1; type=0; pingpong=0; private_global=0; IO mode=ap_vld:ce=0
Port [ stats_44]:  wired=1; compound=0; hidden=0; nouse=0; global=0; static=0; extern=0; dir=1; type=0; pingpong=0; private_global=0; IO mode=ap_vld:ce=0
Port [ stats_43]:  wired=1; compound=0; hidden=0; nouse=0; global=0; static=0; extern=0; dir=1; type=0; pingpong=0; private_global=0; IO mode=ap_vld:ce=0
Port [ stats_42]:  wired=1; compound=0; hidden=0; nouse=0; global=0; static=0; extern=0; dir=1; type=0; pingpong=0; private_global=0; IO mode=ap_vld:ce=0
Port [ stats_41]:  wired=1; compound=0; hidden=0; nouse=0; global=0; static=0; extern=0; dir=1; type=0; pingpong=0; private_global=0; IO mode=ap_vld:ce=0
Port [ stats_40]:  wired=1; compound=0; hidden=0; nouse=0; global=0; static=0; extern=0; dir=1; type=0; pingpong=0; private_global=0; IO mode=ap_vld:ce=0
Port [ stats_39]:  wired=1; compound=0; hidden=0; nouse=0; global=0; static=0; extern=0; dir=1; type=0; pingpong=0; private_global=0; IO mode=ap_vld:ce=0
Port [ stats_38]:  wired=1; compound=0; hidden=0; nouse=0; global=0; static=0; extern=0; dir=1; type=0; pingpong=0; private_global=0; IO mode=ap_vld:ce=0
Port [ stats_37]:  wired=1; compound=0; hidden=0; nouse=0; global=0; static=0; extern=0; dir=1; type=0; pingpong=0; private_global=0; IO mode=ap_vld:ce=0
Port [ stats_36]:  wired=1; compound=0; hidden=0; nouse=0; global=0; static=0; extern=0; dir=1; type=0; pingpong=0; private_global=0; IO mode=ap_vld:ce=0
Port [ stats_35]:  wired=1; compound=0; hidden=0; nouse=0; global=0; static=0; extern=0; dir=1; type=0; pingpong=0; private_global=0; IO mode=ap_vld:ce=0
Port [ stats_34]:  wired=1; compound=0; hidden=0; nouse=0; global=0; static=0; extern=0; dir=1; type=0; pingpong=0; private_global=0; IO mode=ap_vld:ce=0
Port [ stats_33]:  wired=1; compound=0; hidden=0; nouse=0; global=0; static=0; extern=0; dir=1; type=0; pingpong=0; private_global=0; IO mode=ap_vld:ce=0
Port [ stats_32]:  wired=1; compound=0; hidden=0; nouse=0; global=0; static=0; extern=0; dir=1; type=0; pingpong=0; private_global=0; IO mode=ap_vld:ce=0
Port [ stats_31]:  wired=1; compound=0; hidden=0; nouse=0; global=0; static=0; extern=0; dir=1; type=0; pingpong=0; private_global=0; IO mode=ap_vld:ce=0
Port [ stats_30]:  wired=1; compound=0; hidden=0; nouse=0; global=0; static=0; extern=0; dir=1; type=0; pingpong=0; private_global=0; IO mode=ap_vld:ce=0
Port [ stats_29]:  wired=1; compound=0; hidden=0; nouse=0; global=0; static=0; extern=0; dir=1; type=0; pingpong=0; private_global=0; IO mode=ap_vld:ce=0
Port [ stats_28]:  wired=1; compound=0; hidden=0; nouse=0; global=0; static=0; extern=0; dir=1; type=0; pingpong=0; private_global=0; IO mode=ap_vld:ce=0
Port [ stats_27]:  wired=1; compound=0; hidden=0; nouse=0; global=0; static=0; extern=0; dir=1; type=0; pingpong=0; private_global=0; IO mode=ap_vld:ce=0
Port [ stats_26]:  wired=1; compound=0; hidden=0; nouse=0; global=0; static=0; extern=0; dir=1; type=0; pingpong=0; private_global=0; IO mode=ap_vld:ce=0
Port [ stats_25]:  wired=1; compound=0; hidden=0; nouse=0; global=0; static=0; extern=0; dir=1; type=0; pingpong=0; private_global=0; IO mode=ap_vld:ce=0
Port [ stats_24]:  wired=1; compound=0; hidden=0; nouse=0; global=0; static=0; extern=0; dir=1; type=0; pingpong=0; private_global=0; IO mode=ap_vld:ce=0
Port [ stats_23]:  wired=1; compound=0; hidden=0; nouse=0; global=0; static=0; extern=0; dir=1; type=0; pingpong=0; private_global=0; IO mode=ap_vld:ce=0
Port [ stats_22]:  wired=1; compound=0; hidden=0; nouse=0; global=0; static=0; extern=0; dir=1; type=0; pingpong=0; private_global=0; IO mode=ap_vld:ce=0
Port [ stats_21]:  wired=1; compound=0; hidden=0; nouse=0; global=0; static=0; extern=0; dir=1; type=0; pingpong=0; private_global=0; IO mode=ap_vld:ce=0
Port [ stats_20]:  wired=1; compound=0; hidden=0; nouse=0; global=0; static=0; extern=0; dir=1; type=0; pingpong=0; private_global=0; IO mode=ap_vld:ce=0
Port [ stats_19]:  wired=1; compound=0; hidden=0; nouse=0; global=0; static=0; extern=0; dir=1; type=0; pingpong=0; private_global=0; IO mode=ap_vld:ce=0
Port [ stats_18]:  wired=1; compound=0; hidden=0; nouse=0; global=0; static=0; extern=0; dir=1; type=0; pingpong=0; private_global=0; IO mode=ap_vld:ce=0
Port [ stats_17]:  wired=1; compound=0; hidden=0; nouse=0; global=0; static=0; extern=0; dir=1; type=0; pingpong=0; private_global=0; IO mode=ap_vld:ce=0
Port [ stats_16]:  wired=1; compound=0; hidden=0; nouse=0; global=0; static=0; extern=0; dir=1; type=0; pingpong=0; private_global=0; IO mode=ap_vld:ce=0
Port [ stats_15]:  wired=1; compound=0; hidden=0; nouse=0; global=0; static=0; extern=0; dir=1; type=0; pingpong=0; private_global=0; IO mode=ap_vld:ce=0
Port [ stats_14]:  wired=1; compound=0; hidden=0; nouse=0; global=0; static=0; extern=0; dir=1; type=0; pingpong=0; private_global=0; IO mode=ap_vld:ce=0
Port [ stats_13]:  wired=1; compound=0; hidden=0; nouse=0; global=0; static=0; extern=0; dir=1; type=0; pingpong=0; private_global=0; IO mode=ap_vld:ce=0
Port [ stats_12]:  wired=1; compound=0; hidden=0; nouse=0; global=0; static=0; extern=0; dir=1; type=0; pingpong=0; private_global=0; IO mode=ap_vld:ce=0
Port [ stats_11]:  wired=1; compound=0; hidden=0; nouse=0; global=0; static=0; extern=0; dir=1; type=0; pingpong=0; private_global=0; IO mode=ap_vld:ce=0
Port [ stats_10]:  wired=1; compound=0; hidden=0; nouse=0; global=0; static=0; extern=0; dir=1; type=0; pingpong=0; private_global=0; IO mode=ap_vld:ce=0
Port [ stats_9]:  wired=1; compound=0; hidden=0; nouse=0; global=0; static=0; extern=0; dir=1; type=0; pingpong=0; private_global=0; IO mode=ap_vld:ce=0
Port [ stats_8]:  wired=1; compound=0; hidden=0; nouse=0; global=0; static=0; extern=0; dir=1; type=0; pingpong=0; private_global=0; IO mode=ap_vld:ce=0
Port [ stats_7]:  wired=1; compound=0; hidden=0; nouse=0; global=0; static=0; extern=0; dir=1; type=0; pingpong=0; private_global=0; IO mode=ap_vld:ce=0
Port [ stats_6]:  wired=1; compound=0; hidden=0; nouse=0; global=0; static=0; extern=0; dir=1; type=0; pingpong=0; private_global=0; IO mode=ap_vld:ce=0
Port [ stats_5]:  wired=1; compound=0; hidden=0; nouse=0; global=0; static=0; extern=0; dir=1; type=0; pingpong=0; private_global=0; IO mode=ap_vld:ce=0
Port [ stats_4]:  wired=1; compound=0; hidden=0; nouse=0; global=0; static=0; extern=0; dir=1; type=0; pingpong=0; private_global=0; IO mode=ap_vld:ce=0
Port [ stats_3]:  wired=1; compound=0; hidden=0; nouse=0; global=0; static=0; extern=0; dir=1; type=0; pingpong=0; private_global=0; IO mode=ap_vld:ce=0
Port [ stats_2]:  wired=1; compound=0; hidden=0; nouse=0; global=0; static=0; extern=0; dir=1; type=0; pingpong=0; private_global=0; IO mode=ap_vld:ce=0
Port [ stats_1]:  wired=1; compound=0; hidden=0; nouse=0; global=0; static=0; extern=0; dir=1; type=0; pingpong=0; private_global=0; IO mode=ap_vld:ce=0
Port [ stats_0]:  wired=1; compound=0; hidden=0; nouse=0; global=0; static=0; extern=0; dir=1; type=0; pingpong=0; private_global=0; IO mode=ap_vld:ce=0
---------------- STG Properties END ------------------

---------------- Datapath Model BEGIN ----------------

<LifeTime>
<method=bitvector/>
i                  (alloca      ) [ 011]
sext_ln237_read    (read        ) [ 000]
sext_ln237_cast    (sext        ) [ 000]
store_ln254        (store       ) [ 000]
br_ln0             (br          ) [ 000]
i_5                (load        ) [ 011]
tmp                (partselect  ) [ 000]
icmp_ln254         (icmp        ) [ 011]
br_ln254           (br          ) [ 000]
specpipeline_ln254 (specpipeline) [ 000]
specloopname_ln254 (specloopname) [ 000]
switch_ln256       (switch      ) [ 000]
write_ln256        (write       ) [ 000]
br_ln256           (br          ) [ 000]
write_ln256        (write       ) [ 000]
br_ln256           (br          ) [ 000]
write_ln256        (write       ) [ 000]
br_ln256           (br          ) [ 000]
write_ln256        (write       ) [ 000]
br_ln256           (br          ) [ 000]
write_ln256        (write       ) [ 000]
br_ln256           (br          ) [ 000]
write_ln256        (write       ) [ 000]
br_ln256           (br          ) [ 000]
write_ln256        (write       ) [ 000]
br_ln256           (br          ) [ 000]
write_ln256        (write       ) [ 000]
br_ln256           (br          ) [ 000]
write_ln256        (write       ) [ 000]
br_ln256           (br          ) [ 000]
write_ln256        (write       ) [ 000]
br_ln256           (br          ) [ 000]
write_ln256        (write       ) [ 000]
br_ln256           (br          ) [ 000]
write_ln256        (write       ) [ 000]
br_ln256           (br          ) [ 000]
write_ln256        (write       ) [ 000]
br_ln256           (br          ) [ 000]
write_ln256        (write       ) [ 000]
br_ln256           (br          ) [ 000]
write_ln256        (write       ) [ 000]
br_ln256           (br          ) [ 000]
write_ln256        (write       ) [ 000]
br_ln256           (br          ) [ 000]
write_ln256        (write       ) [ 000]
br_ln256           (br          ) [ 000]
write_ln256        (write       ) [ 000]
br_ln256           (br          ) [ 000]
write_ln256        (write       ) [ 000]
br_ln256           (br          ) [ 000]
write_ln256        (write       ) [ 000]
br_ln256           (br          ) [ 000]
write_ln256        (write       ) [ 000]
br_ln256           (br          ) [ 000]
write_ln256        (write       ) [ 000]
br_ln256           (br          ) [ 000]
write_ln256        (write       ) [ 000]
br_ln256           (br          ) [ 000]
write_ln256        (write       ) [ 000]
br_ln256           (br          ) [ 000]
write_ln256        (write       ) [ 000]
br_ln256           (br          ) [ 000]
write_ln256        (write       ) [ 000]
br_ln256           (br          ) [ 000]
write_ln256        (write       ) [ 000]
br_ln256           (br          ) [ 000]
write_ln256        (write       ) [ 000]
br_ln256           (br          ) [ 000]
write_ln256        (write       ) [ 000]
br_ln256           (br          ) [ 000]
write_ln256        (write       ) [ 000]
br_ln256           (br          ) [ 000]
write_ln256        (write       ) [ 000]
br_ln256           (br          ) [ 000]
write_ln256        (write       ) [ 000]
br_ln256           (br          ) [ 000]
write_ln256        (write       ) [ 000]
br_ln256           (br          ) [ 000]
write_ln256        (write       ) [ 000]
br_ln256           (br          ) [ 000]
write_ln256        (write       ) [ 000]
br_ln256           (br          ) [ 000]
write_ln256        (write       ) [ 000]
br_ln256           (br          ) [ 000]
write_ln256        (write       ) [ 000]
br_ln256           (br          ) [ 000]
write_ln256        (write       ) [ 000]
br_ln256           (br          ) [ 000]
write_ln256        (write       ) [ 000]
br_ln256           (br          ) [ 000]
write_ln256        (write       ) [ 000]
br_ln256           (br          ) [ 000]
write_ln256        (write       ) [ 000]
br_ln256           (br          ) [ 000]
write_ln256        (write       ) [ 000]
br_ln256           (br          ) [ 000]
write_ln256        (write       ) [ 000]
br_ln256           (br          ) [ 000]
write_ln256        (write       ) [ 000]
br_ln256           (br          ) [ 000]
write_ln256        (write       ) [ 000]
br_ln256           (br          ) [ 000]
write_ln256        (write       ) [ 000]
br_ln256           (br          ) [ 000]
write_ln256        (write       ) [ 000]
br_ln256           (br          ) [ 000]
write_ln256        (write       ) [ 000]
br_ln256           (br          ) [ 000]
write_ln256        (write       ) [ 000]
br_ln256           (br          ) [ 000]
write_ln256        (write       ) [ 000]
br_ln256           (br          ) [ 000]
write_ln256        (write       ) [ 000]
br_ln256           (br          ) [ 000]
write_ln256        (write       ) [ 000]
br_ln256           (br          ) [ 000]
write_ln256        (write       ) [ 000]
br_ln256           (br          ) [ 000]
write_ln256        (write       ) [ 000]
br_ln256           (br          ) [ 000]
write_ln256        (write       ) [ 000]
br_ln256           (br          ) [ 000]
write_ln256        (write       ) [ 000]
br_ln256           (br          ) [ 000]
write_ln256        (write       ) [ 000]
br_ln256           (br          ) [ 000]
write_ln256        (write       ) [ 000]
br_ln256           (br          ) [ 000]
write_ln256        (write       ) [ 000]
br_ln256           (br          ) [ 000]
write_ln256        (write       ) [ 000]
br_ln256           (br          ) [ 000]
write_ln256        (write       ) [ 000]
br_ln256           (br          ) [ 000]
write_ln256        (write       ) [ 000]
br_ln256           (br          ) [ 000]
write_ln256        (write       ) [ 000]
br_ln256           (br          ) [ 000]
write_ln256        (write       ) [ 000]
br_ln256           (br          ) [ 000]
add_ln254          (add         ) [ 000]
store_ln254        (store       ) [ 000]
br_ln254           (br          ) [ 000]
ret_ln0            (ret         ) [ 000]
</LifeTime>

<model>

<comp_list>
<comp id="0" class="1000" name="sext_ln237">
<pin_list>
<pin id="1" dir="1" index="0" bw="1" slack="0"/>
</pin_list>
<bind>
<StgValue><ssdm name="sext_ln237"/></StgValue>
</bind>
</comp>

<comp id="2" class="1000" name="stats_63">
<pin_list>
<pin id="3" dir="1" index="0" bw="1" slack="0"/>
</pin_list>
<bind>
<StgValue><ssdm name="stats_63"/></StgValue>
</bind>
</comp>

<comp id="4" class="1000" name="stats_62">
<pin_list>
<pin id="5" dir="1" index="0" bw="1" slack="0"/>
</pin_list>
<bind>
<StgValue><ssdm name="stats_62"/></StgValue>
</bind>
</comp>

<comp id="6" class="1000" name="stats_61">
<pin_list>
<pin id="7" dir="1" index="0" bw="1" slack="0"/>
</pin_list>
<bind>
<StgValue><ssdm name="stats_61"/></StgValue>
</bind>
</comp>

<comp id="8" class="1000" name="stats_60">
<pin_list>
<pin id="9" dir="1" index="0" bw="1" slack="0"/>
</pin_list>
<bind>
<StgValue><ssdm name="stats_60"/></StgValue>
</bind>
</comp>

<comp id="10" class="1000" name="stats_59">
<pin_list>
<pin id="11" dir="1" index="0" bw="1" slack="0"/>
</pin_list>
<bind>
<StgValue><ssdm name="stats_59"/></StgValue>
</bind>
</comp>

<comp id="12" class="1000" name="stats_58">
<pin_list>
<pin id="13" dir="1" index="0" bw="1" slack="0"/>
</pin_list>
<bind>
<StgValue><ssdm name="stats_58"/></StgValue>
</bind>
</comp>

<comp id="14" class="1000" name="stats_57">
<pin_list>
<pin id="15" dir="1" index="0" bw="1" slack="0"/>
</pin_list>
<bind>
<StgValue><ssdm name="stats_57"/></StgValue>
</bind>
</comp>

<comp id="16" class="1000" name="stats_56">
<pin_list>
<pin id="17" dir="1" index="0" bw="1" slack="0"/>
</pin_list>
<bind>
<StgValue><ssdm name="stats_56"/></StgValue>
</bind>
</comp>

<comp id="18" class="1000" name="stats_55">
<pin_list>
<pin id="19" dir="1" index="0" bw="1" slack="0"/>
</pin_list>
<bind>
<StgValue><ssdm name="stats_55"/></StgValue>
</bind>
</comp>

<comp id="20" class="1000" name="stats_54">
<pin_list>
<pin id="21" dir="1" index="0" bw="1" slack="0"/>
</pin_list>
<bind>
<StgValue><ssdm name="stats_54"/></StgValue>
</bind>
</comp>

<comp id="22" class="1000" name="stats_53">
<pin_list>
<pin id="23" dir="1" index="0" bw="1" slack="0"/>
</pin_list>
<bind>
<StgValue><ssdm name="stats_53"/></StgValue>
</bind>
</comp>

<comp id="24" class="1000" name="stats_52">
<pin_list>
<pin id="25" dir="1" index="0" bw="1" slack="0"/>
</pin_list>
<bind>
<StgValue><ssdm name="stats_52"/></StgValue>
</bind>
</comp>

<comp id="26" class="1000" name="stats_51">
<pin_list>
<pin id="27" dir="1" index="0" bw="1" slack="0"/>
</pin_list>
<bind>
<StgValue><ssdm name="stats_51"/></StgValue>
</bind>
</comp>

<comp id="28" class="1000" name="stats_50">
<pin_list>
<pin id="29" dir="1" index="0" bw="1" slack="0"/>
</pin_list>
<bind>
<StgValue><ssdm name="stats_50"/></StgValue>
</bind>
</comp>

<comp id="30" class="1000" name="stats_49">
<pin_list>
<pin id="31" dir="1" index="0" bw="1" slack="0"/>
</pin_list>
<bind>
<StgValue><ssdm name="stats_49"/></StgValue>
</bind>
</comp>

<comp id="32" class="1000" name="stats_48">
<pin_list>
<pin id="33" dir="1" index="0" bw="1" slack="0"/>
</pin_list>
<bind>
<StgValue><ssdm name="stats_48"/></StgValue>
</bind>
</comp>

<comp id="34" class="1000" name="stats_47">
<pin_list>
<pin id="35" dir="1" index="0" bw="1" slack="0"/>
</pin_list>
<bind>
<StgValue><ssdm name="stats_47"/></StgValue>
</bind>
</comp>

<comp id="36" class="1000" name="stats_46">
<pin_list>
<pin id="37" dir="1" index="0" bw="1" slack="0"/>
</pin_list>
<bind>
<StgValue><ssdm name="stats_46"/></StgValue>
</bind>
</comp>

<comp id="38" class="1000" name="stats_45">
<pin_list>
<pin id="39" dir="1" index="0" bw="1" slack="0"/>
</pin_list>
<bind>
<StgValue><ssdm name="stats_45"/></StgValue>
</bind>
</comp>

<comp id="40" class="1000" name="stats_44">
<pin_list>
<pin id="41" dir="1" index="0" bw="1" slack="0"/>
</pin_list>
<bind>
<StgValue><ssdm name="stats_44"/></StgValue>
</bind>
</comp>

<comp id="42" class="1000" name="stats_43">
<pin_list>
<pin id="43" dir="1" index="0" bw="1" slack="0"/>
</pin_list>
<bind>
<StgValue><ssdm name="stats_43"/></StgValue>
</bind>
</comp>

<comp id="44" class="1000" name="stats_42">
<pin_list>
<pin id="45" dir="1" index="0" bw="1" slack="0"/>
</pin_list>
<bind>
<StgValue><ssdm name="stats_42"/></StgValue>
</bind>
</comp>

<comp id="46" class="1000" name="stats_41">
<pin_list>
<pin id="47" dir="1" index="0" bw="1" slack="0"/>
</pin_list>
<bind>
<StgValue><ssdm name="stats_41"/></StgValue>
</bind>
</comp>

<comp id="48" class="1000" name="stats_40">
<pin_list>
<pin id="49" dir="1" index="0" bw="1" slack="0"/>
</pin_list>
<bind>
<StgValue><ssdm name="stats_40"/></StgValue>
</bind>
</comp>

<comp id="50" class="1000" name="stats_39">
<pin_list>
<pin id="51" dir="1" index="0" bw="1" slack="0"/>
</pin_list>
<bind>
<StgValue><ssdm name="stats_39"/></StgValue>
</bind>
</comp>

<comp id="52" class="1000" name="stats_38">
<pin_list>
<pin id="53" dir="1" index="0" bw="1" slack="0"/>
</pin_list>
<bind>
<StgValue><ssdm name="stats_38"/></StgValue>
</bind>
</comp>

<comp id="54" class="1000" name="stats_37">
<pin_list>
<pin id="55" dir="1" index="0" bw="1" slack="0"/>
</pin_list>
<bind>
<StgValue><ssdm name="stats_37"/></StgValue>
</bind>
</comp>

<comp id="56" class="1000" name="stats_36">
<pin_list>
<pin id="57" dir="1" index="0" bw="1" slack="0"/>
</pin_list>
<bind>
<StgValue><ssdm name="stats_36"/></StgValue>
</bind>
</comp>

<comp id="58" class="1000" name="stats_35">
<pin_list>
<pin id="59" dir="1" index="0" bw="1" slack="0"/>
</pin_list>
<bind>
<StgValue><ssdm name="stats_35"/></StgValue>
</bind>
</comp>

<comp id="60" class="1000" name="stats_34">
<pin_list>
<pin id="61" dir="1" index="0" bw="1" slack="0"/>
</pin_list>
<bind>
<StgValue><ssdm name="stats_34"/></StgValue>
</bind>
</comp>

<comp id="62" class="1000" name="stats_33">
<pin_list>
<pin id="63" dir="1" index="0" bw="1" slack="0"/>
</pin_list>
<bind>
<StgValue><ssdm name="stats_33"/></StgValue>
</bind>
</comp>

<comp id="64" class="1000" name="stats_32">
<pin_list>
<pin id="65" dir="1" index="0" bw="1" slack="0"/>
</pin_list>
<bind>
<StgValue><ssdm name="stats_32"/></StgValue>
</bind>
</comp>

<comp id="66" class="1000" name="stats_31">
<pin_list>
<pin id="67" dir="1" index="0" bw="1" slack="0"/>
</pin_list>
<bind>
<StgValue><ssdm name="stats_31"/></StgValue>
</bind>
</comp>

<comp id="68" class="1000" name="stats_30">
<pin_list>
<pin id="69" dir="1" index="0" bw="1" slack="0"/>
</pin_list>
<bind>
<StgValue><ssdm name="stats_30"/></StgValue>
</bind>
</comp>

<comp id="70" class="1000" name="stats_29">
<pin_list>
<pin id="71" dir="1" index="0" bw="1" slack="0"/>
</pin_list>
<bind>
<StgValue><ssdm name="stats_29"/></StgValue>
</bind>
</comp>

<comp id="72" class="1000" name="stats_28">
<pin_list>
<pin id="73" dir="1" index="0" bw="1" slack="0"/>
</pin_list>
<bind>
<StgValue><ssdm name="stats_28"/></StgValue>
</bind>
</comp>

<comp id="74" class="1000" name="stats_27">
<pin_list>
<pin id="75" dir="1" index="0" bw="1" slack="0"/>
</pin_list>
<bind>
<StgValue><ssdm name="stats_27"/></StgValue>
</bind>
</comp>

<comp id="76" class="1000" name="stats_26">
<pin_list>
<pin id="77" dir="1" index="0" bw="1" slack="0"/>
</pin_list>
<bind>
<StgValue><ssdm name="stats_26"/></StgValue>
</bind>
</comp>

<comp id="78" class="1000" name="stats_25">
<pin_list>
<pin id="79" dir="1" index="0" bw="1" slack="0"/>
</pin_list>
<bind>
<StgValue><ssdm name="stats_25"/></StgValue>
</bind>
</comp>

<comp id="80" class="1000" name="stats_24">
<pin_list>
<pin id="81" dir="1" index="0" bw="1" slack="0"/>
</pin_list>
<bind>
<StgValue><ssdm name="stats_24"/></StgValue>
</bind>
</comp>

<comp id="82" class="1000" name="stats_23">
<pin_list>
<pin id="83" dir="1" index="0" bw="1" slack="0"/>
</pin_list>
<bind>
<StgValue><ssdm name="stats_23"/></StgValue>
</bind>
</comp>

<comp id="84" class="1000" name="stats_22">
<pin_list>
<pin id="85" dir="1" index="0" bw="1" slack="0"/>
</pin_list>
<bind>
<StgValue><ssdm name="stats_22"/></StgValue>
</bind>
</comp>

<comp id="86" class="1000" name="stats_21">
<pin_list>
<pin id="87" dir="1" index="0" bw="1" slack="0"/>
</pin_list>
<bind>
<StgValue><ssdm name="stats_21"/></StgValue>
</bind>
</comp>

<comp id="88" class="1000" name="stats_20">
<pin_list>
<pin id="89" dir="1" index="0" bw="1" slack="0"/>
</pin_list>
<bind>
<StgValue><ssdm name="stats_20"/></StgValue>
</bind>
</comp>

<comp id="90" class="1000" name="stats_19">
<pin_list>
<pin id="91" dir="1" index="0" bw="1" slack="0"/>
</pin_list>
<bind>
<StgValue><ssdm name="stats_19"/></StgValue>
</bind>
</comp>

<comp id="92" class="1000" name="stats_18">
<pin_list>
<pin id="93" dir="1" index="0" bw="1" slack="0"/>
</pin_list>
<bind>
<StgValue><ssdm name="stats_18"/></StgValue>
</bind>
</comp>

<comp id="94" class="1000" name="stats_17">
<pin_list>
<pin id="95" dir="1" index="0" bw="1" slack="0"/>
</pin_list>
<bind>
<StgValue><ssdm name="stats_17"/></StgValue>
</bind>
</comp>

<comp id="96" class="1000" name="stats_16">
<pin_list>
<pin id="97" dir="1" index="0" bw="1" slack="0"/>
</pin_list>
<bind>
<StgValue><ssdm name="stats_16"/></StgValue>
</bind>
</comp>

<comp id="98" class="1000" name="stats_15">
<pin_list>
<pin id="99" dir="1" index="0" bw="1" slack="0"/>
</pin_list>
<bind>
<StgValue><ssdm name="stats_15"/></StgValue>
</bind>
</comp>

<comp id="100" class="1000" name="stats_14">
<pin_list>
<pin id="101" dir="1" index="0" bw="1" slack="0"/>
</pin_list>
<bind>
<StgValue><ssdm name="stats_14"/></StgValue>
</bind>
</comp>

<comp id="102" class="1000" name="stats_13">
<pin_list>
<pin id="103" dir="1" index="0" bw="1" slack="0"/>
</pin_list>
<bind>
<StgValue><ssdm name="stats_13"/></StgValue>
</bind>
</comp>

<comp id="104" class="1000" name="stats_12">
<pin_list>
<pin id="105" dir="1" index="0" bw="1" slack="0"/>
</pin_list>
<bind>
<StgValue><ssdm name="stats_12"/></StgValue>
</bind>
</comp>

<comp id="106" class="1000" name="stats_11">
<pin_list>
<pin id="107" dir="1" index="0" bw="1" slack="0"/>
</pin_list>
<bind>
<StgValue><ssdm name="stats_11"/></StgValue>
</bind>
</comp>

<comp id="108" class="1000" name="stats_10">
<pin_list>
<pin id="109" dir="1" index="0" bw="1" slack="0"/>
</pin_list>
<bind>
<StgValue><ssdm name="stats_10"/></StgValue>
</bind>
</comp>

<comp id="110" class="1000" name="stats_9">
<pin_list>
<pin id="111" dir="1" index="0" bw="1" slack="0"/>
</pin_list>
<bind>
<StgValue><ssdm name="stats_9"/></StgValue>
</bind>
</comp>

<comp id="112" class="1000" name="stats_8">
<pin_list>
<pin id="113" dir="1" index="0" bw="1" slack="0"/>
</pin_list>
<bind>
<StgValue><ssdm name="stats_8"/></StgValue>
</bind>
</comp>

<comp id="114" class="1000" name="stats_7">
<pin_list>
<pin id="115" dir="1" index="0" bw="1" slack="0"/>
</pin_list>
<bind>
<StgValue><ssdm name="stats_7"/></StgValue>
</bind>
</comp>

<comp id="116" class="1000" name="stats_6">
<pin_list>
<pin id="117" dir="1" index="0" bw="1" slack="0"/>
</pin_list>
<bind>
<StgValue><ssdm name="stats_6"/></StgValue>
</bind>
</comp>

<comp id="118" class="1000" name="stats_5">
<pin_list>
<pin id="119" dir="1" index="0" bw="1" slack="0"/>
</pin_list>
<bind>
<StgValue><ssdm name="stats_5"/></StgValue>
</bind>
</comp>

<comp id="120" class="1000" name="stats_4">
<pin_list>
<pin id="121" dir="1" index="0" bw="1" slack="0"/>
</pin_list>
<bind>
<StgValue><ssdm name="stats_4"/></StgValue>
</bind>
</comp>

<comp id="122" class="1000" name="stats_3">
<pin_list>
<pin id="123" dir="1" index="0" bw="1" slack="0"/>
</pin_list>
<bind>
<StgValue><ssdm name="stats_3"/></StgValue>
</bind>
</comp>

<comp id="124" class="1000" name="stats_2">
<pin_list>
<pin id="125" dir="1" index="0" bw="1" slack="0"/>
</pin_list>
<bind>
<StgValue><ssdm name="stats_2"/></StgValue>
</bind>
</comp>

<comp id="126" class="1000" name="stats_1">
<pin_list>
<pin id="127" dir="1" index="0" bw="1" slack="0"/>
</pin_list>
<bind>
<StgValue><ssdm name="stats_1"/></StgValue>
</bind>
</comp>

<comp id="128" class="1000" name="stats_0">
<pin_list>
<pin id="129" dir="1" index="0" bw="1" slack="0"/>
</pin_list>
<bind>
<StgValue><ssdm name="stats_0"/></StgValue>
</bind>
</comp>

<comp id="130" class="1001" name="const_130">
<pin_list>
<pin id="131" dir="1" index="0" bw="1" slack="0"/>
</pin_list>
<bind>
<StgValue><ssdm name=""/></StgValue>
</bind>
</comp>

<comp id="132" class="1001" name="const_132">
<pin_list>
<pin id="133" dir="1" index="0" bw="1" slack="0"/>
</pin_list>
<bind>
<StgValue><ssdm name="_ssdm_op_Read.ap_auto.i32"/></StgValue>
</bind>
</comp>

<comp id="134" class="1001" name="const_134">
<pin_list>
<pin id="135" dir="1" index="0" bw="1" slack="0"/>
</pin_list>
<bind>
<StgValue><ssdm name="_ssdm_op_PartSelect.i58.i64.i32.i32"/></StgValue>
</bind>
</comp>

<comp id="136" class="1001" name="const_136">
<pin_list>
<pin id="137" dir="1" index="0" bw="1" slack="0"/>
</pin_list>
<bind>
<StgValue><ssdm name=""/></StgValue>
</bind>
</comp>

<comp id="138" class="1001" name="const_138">
<pin_list>
<pin id="139" dir="1" index="0" bw="1" slack="0"/>
</pin_list>
<bind>
<StgValue><ssdm name=""/></StgValue>
</bind>
</comp>

<comp id="140" class="1001" name="const_140">
<pin_list>
<pin id="141" dir="1" index="0" bw="1" slack="0"/>
</pin_list>
<bind>
<StgValue><ssdm name=""/></StgValue>
</bind>
</comp>

<comp id="142" class="1001" name="const_142">
<pin_list>
<pin id="143" dir="1" index="0" bw="1" slack="2147483647"/>
</pin_list>
<bind>
<StgValue><ssdm name="_ssdm_op_SpecPipeline"/></StgValue>
</bind>
</comp>

<comp id="144" class="1001" name="const_144">
<pin_list>
<pin id="145" dir="1" index="0" bw="1" slack="2147483647"/>
</pin_list>
<bind>
<StgValue><ssdm name=""/></StgValue>
</bind>
</comp>

<comp id="146" class="1001" name="const_146">
<pin_list>
<pin id="147" dir="1" index="0" bw="1" slack="2147483647"/>
</pin_list>
<bind>
<StgValue><ssdm name=""/></StgValue>
</bind>
</comp>

<comp id="148" class="1001" name="const_148">
<pin_list>
<pin id="149" dir="1" index="0" bw="1" slack="2147483647"/>
</pin_list>
<bind>
<StgValue><ssdm name="empty_27"/></StgValue>
</bind>
</comp>

<comp id="150" class="1001" name="const_150">
<pin_list>
<pin id="151" dir="1" index="0" bw="1" slack="2147483647"/>
</pin_list>
<bind>
<StgValue><ssdm name="_ssdm_op_SpecLoopName"/></StgValue>
</bind>
</comp>

<comp id="152" class="1001" name="const_152">
<pin_list>
<pin id="153" dir="1" index="0" bw="1" slack="2147483647"/>
</pin_list>
<bind>
<StgValue><ssdm name="empty_24"/></StgValue>
</bind>
</comp>

<comp id="154" class="1001" name="const_154">
<pin_list>
<pin id="155" dir="1" index="0" bw="1" slack="0"/>
</pin_list>
<bind>
<StgValue><ssdm name=""/></StgValue>
</bind>
</comp>

<comp id="156" class="1001" name="const_156">
<pin_list>
<pin id="157" dir="1" index="0" bw="1" slack="0"/>
</pin_list>
<bind>
<StgValue><ssdm name=""/></StgValue>
</bind>
</comp>

<comp id="158" class="1001" name="const_158">
<pin_list>
<pin id="159" dir="1" index="0" bw="1" slack="0"/>
</pin_list>
<bind>
<StgValue><ssdm name=""/></StgValue>
</bind>
</comp>

<comp id="160" class="1001" name="const_160">
<pin_list>
<pin id="161" dir="1" index="0" bw="1" slack="0"/>
</pin_list>
<bind>
<StgValue><ssdm name=""/></StgValue>
</bind>
</comp>

<comp id="162" class="1001" name="const_162">
<pin_list>
<pin id="163" dir="1" index="0" bw="1" slack="0"/>
</pin_list>
<bind>
<StgValue><ssdm name=""/></StgValue>
</bind>
</comp>

<comp id="164" class="1001" name="const_164">
<pin_list>
<pin id="165" dir="1" index="0" bw="1" slack="0"/>
</pin_list>
<bind>
<StgValue><ssdm name=""/></StgValue>
</bind>
</comp>

<comp id="166" class="1001" name="const_166">
<pin_list>
<pin id="167" dir="1" index="0" bw="1" slack="0"/>
</pin_list>
<bind>
<StgValue><ssdm name=""/></StgValue>
</bind>
</comp>

<comp id="168" class="1001" name="const_168">
<pin_list>
<pin id="169" dir="1" index="0" bw="1" slack="0"/>
</pin_list>
<bind>
<StgValue><ssdm name=""/></StgValue>
</bind>
</comp>

<comp id="170" class="1001" name="const_170">
<pin_list>
<pin id="171" dir="1" index="0" bw="1" slack="0"/>
</pin_list>
<bind>
<StgValue><ssdm name=""/></StgValue>
</bind>
</comp>

<comp id="172" class="1001" name="const_172">
<pin_list>
<pin id="173" dir="1" index="0" bw="1" slack="0"/>
</pin_list>
<bind>
<StgValue><ssdm name=""/></StgValue>
</bind>
</comp>

<comp id="174" class="1001" name="const_174">
<pin_list>
<pin id="175" dir="1" index="0" bw="1" slack="0"/>
</pin_list>
<bind>
<StgValue><ssdm name=""/></StgValue>
</bind>
</comp>

<comp id="176" class="1001" name="const_176">
<pin_list>
<pin id="177" dir="1" index="0" bw="1" slack="0"/>
</pin_list>
<bind>
<StgValue><ssdm name=""/></StgValue>
</bind>
</comp>

<comp id="178" class="1001" name="const_178">
<pin_list>
<pin id="179" dir="1" index="0" bw="1" slack="0"/>
</pin_list>
<bind>
<StgValue><ssdm name=""/></StgValue>
</bind>
</comp>

<comp id="180" class="1001" name="const_180">
<pin_list>
<pin id="181" dir="1" index="0" bw="1" slack="0"/>
</pin_list>
<bind>
<StgValue><ssdm name=""/></StgValue>
</bind>
</comp>

<comp id="182" class="1001" name="const_182">
<pin_list>
<pin id="183" dir="1" index="0" bw="1" slack="0"/>
</pin_list>
<bind>
<StgValue><ssdm name=""/></StgValue>
</bind>
</comp>

<comp id="184" class="1001" name="const_184">
<pin_list>
<pin id="185" dir="1" index="0" bw="1" slack="0"/>
</pin_list>
<bind>
<StgValue><ssdm name=""/></StgValue>
</bind>
</comp>

<comp id="186" class="1001" name="const_186">
<pin_list>
<pin id="187" dir="1" index="0" bw="1" slack="0"/>
</pin_list>
<bind>
<StgValue><ssdm name=""/></StgValue>
</bind>
</comp>

<comp id="188" class="1001" name="const_188">
<pin_list>
<pin id="189" dir="1" index="0" bw="1" slack="0"/>
</pin_list>
<bind>
<StgValue><ssdm name=""/></StgValue>
</bind>
</comp>

<comp id="190" class="1001" name="const_190">
<pin_list>
<pin id="191" dir="1" index="0" bw="1" slack="0"/>
</pin_list>
<bind>
<StgValue><ssdm name=""/></StgValue>
</bind>
</comp>

<comp id="192" class="1001" name="const_192">
<pin_list>
<pin id="193" dir="1" index="0" bw="1" slack="0"/>
</pin_list>
<bind>
<StgValue><ssdm name=""/></StgValue>
</bind>
</comp>

<comp id="194" class="1001" name="const_194">
<pin_list>
<pin id="195" dir="1" index="0" bw="1" slack="0"/>
</pin_list>
<bind>
<StgValue><ssdm name=""/></StgValue>
</bind>
</comp>

<comp id="196" class="1001" name="const_196">
<pin_list>
<pin id="197" dir="1" index="0" bw="1" slack="0"/>
</pin_list>
<bind>
<StgValue><ssdm name=""/></StgValue>
</bind>
</comp>

<comp id="198" class="1001" name="const_198">
<pin_list>
<pin id="199" dir="1" index="0" bw="1" slack="0"/>
</pin_list>
<bind>
<StgValue><ssdm name=""/></StgValue>
</bind>
</comp>

<comp id="200" class="1001" name="const_200">
<pin_list>
<pin id="201" dir="1" index="0" bw="1" slack="0"/>
</pin_list>
<bind>
<StgValue><ssdm name=""/></StgValue>
</bind>
</comp>

<comp id="202" class="1001" name="const_202">
<pin_list>
<pin id="203" dir="1" index="0" bw="1" slack="0"/>
</pin_list>
<bind>
<StgValue><ssdm name=""/></StgValue>
</bind>
</comp>

<comp id="204" class="1001" name="const_204">
<pin_list>
<pin id="205" dir="1" index="0" bw="1" slack="0"/>
</pin_list>
<bind>
<StgValue><ssdm name=""/></StgValue>
</bind>
</comp>

<comp id="206" class="1001" name="const_206">
<pin_list>
<pin id="207" dir="1" index="0" bw="1" slack="0"/>
</pin_list>
<bind>
<StgValue><ssdm name=""/></StgValue>
</bind>
</comp>

<comp id="208" class="1001" name="const_208">
<pin_list>
<pin id="209" dir="1" index="0" bw="1" slack="0"/>
</pin_list>
<bind>
<StgValue><ssdm name=""/></StgValue>
</bind>
</comp>

<comp id="210" class="1001" name="const_210">
<pin_list>
<pin id="211" dir="1" index="0" bw="1" slack="0"/>
</pin_list>
<bind>
<StgValue><ssdm name=""/></StgValue>
</bind>
</comp>

<comp id="212" class="1001" name="const_212">
<pin_list>
<pin id="213" dir="1" index="0" bw="1" slack="0"/>
</pin_list>
<bind>
<StgValue><ssdm name=""/></StgValue>
</bind>
</comp>

<comp id="214" class="1001" name="const_214">
<pin_list>
<pin id="215" dir="1" index="0" bw="1" slack="0"/>
</pin_list>
<bind>
<StgValue><ssdm name=""/></StgValue>
</bind>
</comp>

<comp id="216" class="1001" name="const_216">
<pin_list>
<pin id="217" dir="1" index="0" bw="1" slack="0"/>
</pin_list>
<bind>
<StgValue><ssdm name=""/></StgValue>
</bind>
</comp>

<comp id="218" class="1001" name="const_218">
<pin_list>
<pin id="219" dir="1" index="0" bw="1" slack="0"/>
</pin_list>
<bind>
<StgValue><ssdm name=""/></StgValue>
</bind>
</comp>

<comp id="220" class="1001" name="const_220">
<pin_list>
<pin id="221" dir="1" index="0" bw="1" slack="0"/>
</pin_list>
<bind>
<StgValue><ssdm name=""/></StgValue>
</bind>
</comp>

<comp id="222" class="1001" name="const_222">
<pin_list>
<pin id="223" dir="1" index="0" bw="1" slack="0"/>
</pin_list>
<bind>
<StgValue><ssdm name=""/></StgValue>
</bind>
</comp>

<comp id="224" class="1001" name="const_224">
<pin_list>
<pin id="225" dir="1" index="0" bw="1" slack="0"/>
</pin_list>
<bind>
<StgValue><ssdm name=""/></StgValue>
</bind>
</comp>

<comp id="226" class="1001" name="const_226">
<pin_list>
<pin id="227" dir="1" index="0" bw="1" slack="0"/>
</pin_list>
<bind>
<StgValue><ssdm name=""/></StgValue>
</bind>
</comp>

<comp id="228" class="1001" name="const_228">
<pin_list>
<pin id="229" dir="1" index="0" bw="1" slack="0"/>
</pin_list>
<bind>
<StgValue><ssdm name=""/></StgValue>
</bind>
</comp>

<comp id="230" class="1001" name="const_230">
<pin_list>
<pin id="231" dir="1" index="0" bw="1" slack="0"/>
</pin_list>
<bind>
<StgValue><ssdm name=""/></StgValue>
</bind>
</comp>

<comp id="232" class="1001" name="const_232">
<pin_list>
<pin id="233" dir="1" index="0" bw="1" slack="0"/>
</pin_list>
<bind>
<StgValue><ssdm name=""/></StgValue>
</bind>
</comp>

<comp id="234" class="1001" name="const_234">
<pin_list>
<pin id="235" dir="1" index="0" bw="1" slack="0"/>
</pin_list>
<bind>
<StgValue><ssdm name=""/></StgValue>
</bind>
</comp>

<comp id="236" class="1001" name="const_236">
<pin_list>
<pin id="237" dir="1" index="0" bw="1" slack="0"/>
</pin_list>
<bind>
<StgValue><ssdm name=""/></StgValue>
</bind>
</comp>

<comp id="238" class="1001" name="const_238">
<pin_list>
<pin id="239" dir="1" index="0" bw="1" slack="0"/>
</pin_list>
<bind>
<StgValue><ssdm name=""/></StgValue>
</bind>
</comp>

<comp id="240" class="1001" name="const_240">
<pin_list>
<pin id="241" dir="1" index="0" bw="1" slack="0"/>
</pin_list>
<bind>
<StgValue><ssdm name=""/></StgValue>
</bind>
</comp>

<comp id="242" class="1001" name="const_242">
<pin_list>
<pin id="243" dir="1" index="0" bw="1" slack="0"/>
</pin_list>
<bind>
<StgValue><ssdm name=""/></StgValue>
</bind>
</comp>

<comp id="244" class="1001" name="const_244">
<pin_list>
<pin id="245" dir="1" index="0" bw="1" slack="0"/>
</pin_list>
<bind>
<StgValue><ssdm name=""/></StgValue>
</bind>
</comp>

<comp id="246" class="1001" name="const_246">
<pin_list>
<pin id="247" dir="1" index="0" bw="1" slack="0"/>
</pin_list>
<bind>
<StgValue><ssdm name=""/></StgValue>
</bind>
</comp>

<comp id="248" class="1001" name="const_248">
<pin_list>
<pin id="249" dir="1" index="0" bw="1" slack="0"/>
</pin_list>
<bind>
<StgValue><ssdm name=""/></StgValue>
</bind>
</comp>

<comp id="250" class="1001" name="const_250">
<pin_list>
<pin id="251" dir="1" index="0" bw="1" slack="0"/>
</pin_list>
<bind>
<StgValue><ssdm name=""/></StgValue>
</bind>
</comp>

<comp id="252" class="1001" name="const_252">
<pin_list>
<pin id="253" dir="1" index="0" bw="1" slack="0"/>
</pin_list>
<bind>
<StgValue><ssdm name=""/></StgValue>
</bind>
</comp>

<comp id="254" class="1001" name="const_254">
<pin_list>
<pin id="255" dir="1" index="0" bw="1" slack="0"/>
</pin_list>
<bind>
<StgValue><ssdm name=""/></StgValue>
</bind>
</comp>

<comp id="256" class="1001" name="const_256">
<pin_list>
<pin id="257" dir="1" index="0" bw="1" slack="0"/>
</pin_list>
<bind>
<StgValue><ssdm name=""/></StgValue>
</bind>
</comp>

<comp id="258" class="1001" name="const_258">
<pin_list>
<pin id="259" dir="1" index="0" bw="1" slack="0"/>
</pin_list>
<bind>
<StgValue><ssdm name=""/></StgValue>
</bind>
</comp>

<comp id="260" class="1001" name="const_260">
<pin_list>
<pin id="261" dir="1" index="0" bw="1" slack="0"/>
</pin_list>
<bind>
<StgValue><ssdm name=""/></StgValue>
</bind>
</comp>

<comp id="262" class="1001" name="const_262">
<pin_list>
<pin id="263" dir="1" index="0" bw="1" slack="0"/>
</pin_list>
<bind>
<StgValue><ssdm name=""/></StgValue>
</bind>
</comp>

<comp id="264" class="1001" name="const_264">
<pin_list>
<pin id="265" dir="1" index="0" bw="1" slack="0"/>
</pin_list>
<bind>
<StgValue><ssdm name=""/></StgValue>
</bind>
</comp>

<comp id="266" class="1001" name="const_266">
<pin_list>
<pin id="267" dir="1" index="0" bw="1" slack="0"/>
</pin_list>
<bind>
<StgValue><ssdm name=""/></StgValue>
</bind>
</comp>

<comp id="268" class="1001" name="const_268">
<pin_list>
<pin id="269" dir="1" index="0" bw="1" slack="0"/>
</pin_list>
<bind>
<StgValue><ssdm name=""/></StgValue>
</bind>
</comp>

<comp id="270" class="1001" name="const_270">
<pin_list>
<pin id="271" dir="1" index="0" bw="1" slack="0"/>
</pin_list>
<bind>
<StgValue><ssdm name=""/></StgValue>
</bind>
</comp>

<comp id="272" class="1001" name="const_272">
<pin_list>
<pin id="273" dir="1" index="0" bw="1" slack="0"/>
</pin_list>
<bind>
<StgValue><ssdm name=""/></StgValue>
</bind>
</comp>

<comp id="274" class="1001" name="const_274">
<pin_list>
<pin id="275" dir="1" index="0" bw="1" slack="0"/>
</pin_list>
<bind>
<StgValue><ssdm name=""/></StgValue>
</bind>
</comp>

<comp id="276" class="1001" name="const_276">
<pin_list>
<pin id="277" dir="1" index="0" bw="1" slack="0"/>
</pin_list>
<bind>
<StgValue><ssdm name=""/></StgValue>
</bind>
</comp>

<comp id="278" class="1001" name="const_278">
<pin_list>
<pin id="279" dir="1" index="0" bw="1" slack="0"/>
</pin_list>
<bind>
<StgValue><ssdm name=""/></StgValue>
</bind>
</comp>

<comp id="280" class="1001" name="const_280">
<pin_list>
<pin id="281" dir="1" index="0" bw="1" slack="0"/>
</pin_list>
<bind>
<StgValue><ssdm name=""/></StgValue>
</bind>
</comp>

<comp id="282" class="1001" name="const_282">
<pin_list>
<pin id="283" dir="1" index="0" bw="1" slack="0"/>
</pin_list>
<bind>
<StgValue><ssdm name="_ssdm_op_Write.ap_auto.floatP0A"/></StgValue>
</bind>
</comp>

<comp id="284" class="1001" name="const_284">
<pin_list>
<pin id="285" dir="1" index="0" bw="1" slack="0"/>
</pin_list>
<bind>
<StgValue><ssdm name=""/></StgValue>
</bind>
</comp>

<comp id="286" class="1004" name="i_fu_286">
<pin_list>
<pin id="287" dir="0" index="0" bw="1" slack="0"/>
<pin id="288" dir="1" index="1" bw="64" slack="0"/>
</pin_list>
<bind>
<opcode="alloca(26) " fcode="alloca"/>
<opset="i/1 "/>
</bind>
</comp>

<comp id="290" class="1004" name="sext_ln237_read_read_fu_290">
<pin_list>
<pin id="291" dir="0" index="0" bw="32" slack="0"/>
<pin id="292" dir="0" index="1" bw="32" slack="0"/>
<pin id="293" dir="1" index="2" bw="32" slack="0"/>
</pin_list>
<bind>
<opcode="read(1150) " fcode="read"/>
<opset="sext_ln237_read/1 "/>
</bind>
</comp>

<comp id="296" class="1004" name="write_ln256_write_fu_296">
<pin_list>
<pin id="297" dir="0" index="0" bw="0" slack="0"/>
<pin id="298" dir="0" index="1" bw="32" slack="0"/>
<pin id="299" dir="0" index="2" bw="32" slack="0"/>
<pin id="300" dir="1" index="3" bw="0" slack="2147483647"/>
</pin_list>
<bind>
<opcode="write(1151) " fcode="write"/>
<opset="write_ln256/2 "/>
</bind>
</comp>

<comp id="304" class="1004" name="write_ln256_write_fu_304">
<pin_list>
<pin id="305" dir="0" index="0" bw="0" slack="0"/>
<pin id="306" dir="0" index="1" bw="32" slack="0"/>
<pin id="307" dir="0" index="2" bw="32" slack="0"/>
<pin id="308" dir="1" index="3" bw="0" slack="2147483647"/>
</pin_list>
<bind>
<opcode="write(1151) " fcode="write"/>
<opset="write_ln256/2 "/>
</bind>
</comp>

<comp id="312" class="1004" name="write_ln256_write_fu_312">
<pin_list>
<pin id="313" dir="0" index="0" bw="0" slack="0"/>
<pin id="314" dir="0" index="1" bw="32" slack="0"/>
<pin id="315" dir="0" index="2" bw="32" slack="0"/>
<pin id="316" dir="1" index="3" bw="0" slack="2147483647"/>
</pin_list>
<bind>
<opcode="write(1151) " fcode="write"/>
<opset="write_ln256/2 "/>
</bind>
</comp>

<comp id="320" class="1004" name="write_ln256_write_fu_320">
<pin_list>
<pin id="321" dir="0" index="0" bw="0" slack="0"/>
<pin id="322" dir="0" index="1" bw="32" slack="0"/>
<pin id="323" dir="0" index="2" bw="32" slack="0"/>
<pin id="324" dir="1" index="3" bw="0" slack="2147483647"/>
</pin_list>
<bind>
<opcode="write(1151) " fcode="write"/>
<opset="write_ln256/2 "/>
</bind>
</comp>

<comp id="328" class="1004" name="write_ln256_write_fu_328">
<pin_list>
<pin id="329" dir="0" index="0" bw="0" slack="0"/>
<pin id="330" dir="0" index="1" bw="32" slack="0"/>
<pin id="331" dir="0" index="2" bw="32" slack="0"/>
<pin id="332" dir="1" index="3" bw="0" slack="2147483647"/>
</pin_list>
<bind>
<opcode="write(1151) " fcode="write"/>
<opset="write_ln256/2 "/>
</bind>
</comp>

<comp id="336" class="1004" name="write_ln256_write_fu_336">
<pin_list>
<pin id="337" dir="0" index="0" bw="0" slack="0"/>
<pin id="338" dir="0" index="1" bw="32" slack="0"/>
<pin id="339" dir="0" index="2" bw="32" slack="0"/>
<pin id="340" dir="1" index="3" bw="0" slack="2147483647"/>
</pin_list>
<bind>
<opcode="write(1151) " fcode="write"/>
<opset="write_ln256/2 "/>
</bind>
</comp>

<comp id="344" class="1004" name="write_ln256_write_fu_344">
<pin_list>
<pin id="345" dir="0" index="0" bw="0" slack="0"/>
<pin id="346" dir="0" index="1" bw="32" slack="0"/>
<pin id="347" dir="0" index="2" bw="32" slack="0"/>
<pin id="348" dir="1" index="3" bw="0" slack="2147483647"/>
</pin_list>
<bind>
<opcode="write(1151) " fcode="write"/>
<opset="write_ln256/2 "/>
</bind>
</comp>

<comp id="352" class="1004" name="write_ln256_write_fu_352">
<pin_list>
<pin id="353" dir="0" index="0" bw="0" slack="0"/>
<pin id="354" dir="0" index="1" bw="32" slack="0"/>
<pin id="355" dir="0" index="2" bw="32" slack="0"/>
<pin id="356" dir="1" index="3" bw="0" slack="2147483647"/>
</pin_list>
<bind>
<opcode="write(1151) " fcode="write"/>
<opset="write_ln256/2 "/>
</bind>
</comp>

<comp id="360" class="1004" name="write_ln256_write_fu_360">
<pin_list>
<pin id="361" dir="0" index="0" bw="0" slack="0"/>
<pin id="362" dir="0" index="1" bw="32" slack="0"/>
<pin id="363" dir="0" index="2" bw="32" slack="0"/>
<pin id="364" dir="1" index="3" bw="0" slack="2147483647"/>
</pin_list>
<bind>
<opcode="write(1151) " fcode="write"/>
<opset="write_ln256/2 "/>
</bind>
</comp>

<comp id="368" class="1004" name="write_ln256_write_fu_368">
<pin_list>
<pin id="369" dir="0" index="0" bw="0" slack="0"/>
<pin id="370" dir="0" index="1" bw="32" slack="0"/>
<pin id="371" dir="0" index="2" bw="32" slack="0"/>
<pin id="372" dir="1" index="3" bw="0" slack="2147483647"/>
</pin_list>
<bind>
<opcode="write(1151) " fcode="write"/>
<opset="write_ln256/2 "/>
</bind>
</comp>

<comp id="376" class="1004" name="write_ln256_write_fu_376">
<pin_list>
<pin id="377" dir="0" index="0" bw="0" slack="0"/>
<pin id="378" dir="0" index="1" bw="32" slack="0"/>
<pin id="379" dir="0" index="2" bw="32" slack="0"/>
<pin id="380" dir="1" index="3" bw="0" slack="2147483647"/>
</pin_list>
<bind>
<opcode="write(1151) " fcode="write"/>
<opset="write_ln256/2 "/>
</bind>
</comp>

<comp id="384" class="1004" name="write_ln256_write_fu_384">
<pin_list>
<pin id="385" dir="0" index="0" bw="0" slack="0"/>
<pin id="386" dir="0" index="1" bw="32" slack="0"/>
<pin id="387" dir="0" index="2" bw="32" slack="0"/>
<pin id="388" dir="1" index="3" bw="0" slack="2147483647"/>
</pin_list>
<bind>
<opcode="write(1151) " fcode="write"/>
<opset="write_ln256/2 "/>
</bind>
</comp>

<comp id="392" class="1004" name="write_ln256_write_fu_392">
<pin_list>
<pin id="393" dir="0" index="0" bw="0" slack="0"/>
<pin id="394" dir="0" index="1" bw="32" slack="0"/>
<pin id="395" dir="0" index="2" bw="32" slack="0"/>
<pin id="396" dir="1" index="3" bw="0" slack="2147483647"/>
</pin_list>
<bind>
<opcode="write(1151) " fcode="write"/>
<opset="write_ln256/2 "/>
</bind>
</comp>

<comp id="400" class="1004" name="write_ln256_write_fu_400">
<pin_list>
<pin id="401" dir="0" index="0" bw="0" slack="0"/>
<pin id="402" dir="0" index="1" bw="32" slack="0"/>
<pin id="403" dir="0" index="2" bw="32" slack="0"/>
<pin id="404" dir="1" index="3" bw="0" slack="2147483647"/>
</pin_list>
<bind>
<opcode="write(1151) " fcode="write"/>
<opset="write_ln256/2 "/>
</bind>
</comp>

<comp id="408" class="1004" name="write_ln256_write_fu_408">
<pin_list>
<pin id="409" dir="0" index="0" bw="0" slack="0"/>
<pin id="410" dir="0" index="1" bw="32" slack="0"/>
<pin id="411" dir="0" index="2" bw="32" slack="0"/>
<pin id="412" dir="1" index="3" bw="0" slack="2147483647"/>
</pin_list>
<bind>
<opcode="write(1151) " fcode="write"/>
<opset="write_ln256/2 "/>
</bind>
</comp>

<comp id="416" class="1004" name="write_ln256_write_fu_416">
<pin_list>
<pin id="417" dir="0" index="0" bw="0" slack="0"/>
<pin id="418" dir="0" index="1" bw="32" slack="0"/>
<pin id="419" dir="0" index="2" bw="32" slack="0"/>
<pin id="420" dir="1" index="3" bw="0" slack="2147483647"/>
</pin_list>
<bind>
<opcode="write(1151) " fcode="write"/>
<opset="write_ln256/2 "/>
</bind>
</comp>

<comp id="424" class="1004" name="write_ln256_write_fu_424">
<pin_list>
<pin id="425" dir="0" index="0" bw="0" slack="0"/>
<pin id="426" dir="0" index="1" bw="32" slack="0"/>
<pin id="427" dir="0" index="2" bw="32" slack="0"/>
<pin id="428" dir="1" index="3" bw="0" slack="2147483647"/>
</pin_list>
<bind>
<opcode="write(1151) " fcode="write"/>
<opset="write_ln256/2 "/>
</bind>
</comp>

<comp id="432" class="1004" name="write_ln256_write_fu_432">
<pin_list>
<pin id="433" dir="0" index="0" bw="0" slack="0"/>
<pin id="434" dir="0" index="1" bw="32" slack="0"/>
<pin id="435" dir="0" index="2" bw="32" slack="0"/>
<pin id="436" dir="1" index="3" bw="0" slack="2147483647"/>
</pin_list>
<bind>
<opcode="write(1151) " fcode="write"/>
<opset="write_ln256/2 "/>
</bind>
</comp>

<comp id="440" class="1004" name="write_ln256_write_fu_440">
<pin_list>
<pin id="441" dir="0" index="0" bw="0" slack="0"/>
<pin id="442" dir="0" index="1" bw="32" slack="0"/>
<pin id="443" dir="0" index="2" bw="32" slack="0"/>
<pin id="444" dir="1" index="3" bw="0" slack="2147483647"/>
</pin_list>
<bind>
<opcode="write(1151) " fcode="write"/>
<opset="write_ln256/2 "/>
</bind>
</comp>

<comp id="448" class="1004" name="write_ln256_write_fu_448">
<pin_list>
<pin id="449" dir="0" index="0" bw="0" slack="0"/>
<pin id="450" dir="0" index="1" bw="32" slack="0"/>
<pin id="451" dir="0" index="2" bw="32" slack="0"/>
<pin id="452" dir="1" index="3" bw="0" slack="2147483647"/>
</pin_list>
<bind>
<opcode="write(1151) " fcode="write"/>
<opset="write_ln256/2 "/>
</bind>
</comp>

<comp id="456" class="1004" name="write_ln256_write_fu_456">
<pin_list>
<pin id="457" dir="0" index="0" bw="0" slack="0"/>
<pin id="458" dir="0" index="1" bw="32" slack="0"/>
<pin id="459" dir="0" index="2" bw="32" slack="0"/>
<pin id="460" dir="1" index="3" bw="0" slack="2147483647"/>
</pin_list>
<bind>
<opcode="write(1151) " fcode="write"/>
<opset="write_ln256/2 "/>
</bind>
</comp>

<comp id="464" class="1004" name="write_ln256_write_fu_464">
<pin_list>
<pin id="465" dir="0" index="0" bw="0" slack="0"/>
<pin id="466" dir="0" index="1" bw="32" slack="0"/>
<pin id="467" dir="0" index="2" bw="32" slack="0"/>
<pin id="468" dir="1" index="3" bw="0" slack="2147483647"/>
</pin_list>
<bind>
<opcode="write(1151) " fcode="write"/>
<opset="write_ln256/2 "/>
</bind>
</comp>

<comp id="472" class="1004" name="write_ln256_write_fu_472">
<pin_list>
<pin id="473" dir="0" index="0" bw="0" slack="0"/>
<pin id="474" dir="0" index="1" bw="32" slack="0"/>
<pin id="475" dir="0" index="2" bw="32" slack="0"/>
<pin id="476" dir="1" index="3" bw="0" slack="2147483647"/>
</pin_list>
<bind>
<opcode="write(1151) " fcode="write"/>
<opset="write_ln256/2 "/>
</bind>
</comp>

<comp id="480" class="1004" name="write_ln256_write_fu_480">
<pin_list>
<pin id="481" dir="0" index="0" bw="0" slack="0"/>
<pin id="482" dir="0" index="1" bw="32" slack="0"/>
<pin id="483" dir="0" index="2" bw="32" slack="0"/>
<pin id="484" dir="1" index="3" bw="0" slack="2147483647"/>
</pin_list>
<bind>
<opcode="write(1151) " fcode="write"/>
<opset="write_ln256/2 "/>
</bind>
</comp>

<comp id="488" class="1004" name="write_ln256_write_fu_488">
<pin_list>
<pin id="489" dir="0" index="0" bw="0" slack="0"/>
<pin id="490" dir="0" index="1" bw="32" slack="0"/>
<pin id="491" dir="0" index="2" bw="32" slack="0"/>
<pin id="492" dir="1" index="3" bw="0" slack="2147483647"/>
</pin_list>
<bind>
<opcode="write(1151) " fcode="write"/>
<opset="write_ln256/2 "/>
</bind>
</comp>

<comp id="496" class="1004" name="write_ln256_write_fu_496">
<pin_list>
<pin id="497" dir="0" index="0" bw="0" slack="0"/>
<pin id="498" dir="0" index="1" bw="32" slack="0"/>
<pin id="499" dir="0" index="2" bw="32" slack="0"/>
<pin id="500" dir="1" index="3" bw="0" slack="2147483647"/>
</pin_list>
<bind>
<opcode="write(1151) " fcode="write"/>
<opset="write_ln256/2 "/>
</bind>
</comp>

<comp id="504" class="1004" name="write_ln256_write_fu_504">
<pin_list>
<pin id="505" dir="0" index="0" bw="0" slack="0"/>
<pin id="506" dir="0" index="1" bw="32" slack="0"/>
<pin id="507" dir="0" index="2" bw="32" slack="0"/>
<pin id="508" dir="1" index="3" bw="0" slack="2147483647"/>
</pin_list>
<bind>
<opcode="write(1151) " fcode="write"/>
<opset="write_ln256/2 "/>
</bind>
</comp>

<comp id="512" class="1004" name="write_ln256_write_fu_512">
<pin_list>
<pin id="513" dir="0" index="0" bw="0" slack="0"/>
<pin id="514" dir="0" index="1" bw="32" slack="0"/>
<pin id="515" dir="0" index="2" bw="32" slack="0"/>
<pin id="516" dir="1" index="3" bw="0" slack="2147483647"/>
</pin_list>
<bind>
<opcode="write(1151) " fcode="write"/>
<opset="write_ln256/2 "/>
</bind>
</comp>

<comp id="520" class="1004" name="write_ln256_write_fu_520">
<pin_list>
<pin id="521" dir="0" index="0" bw="0" slack="0"/>
<pin id="522" dir="0" index="1" bw="32" slack="0"/>
<pin id="523" dir="0" index="2" bw="32" slack="0"/>
<pin id="524" dir="1" index="3" bw="0" slack="2147483647"/>
</pin_list>
<bind>
<opcode="write(1151) " fcode="write"/>
<opset="write_ln256/2 "/>
</bind>
</comp>

<comp id="528" class="1004" name="write_ln256_write_fu_528">
<pin_list>
<pin id="529" dir="0" index="0" bw="0" slack="0"/>
<pin id="530" dir="0" index="1" bw="32" slack="0"/>
<pin id="531" dir="0" index="2" bw="32" slack="0"/>
<pin id="532" dir="1" index="3" bw="0" slack="2147483647"/>
</pin_list>
<bind>
<opcode="write(1151) " fcode="write"/>
<opset="write_ln256/2 "/>
</bind>
</comp>

<comp id="536" class="1004" name="write_ln256_write_fu_536">
<pin_list>
<pin id="537" dir="0" index="0" bw="0" slack="0"/>
<pin id="538" dir="0" index="1" bw="32" slack="0"/>
<pin id="539" dir="0" index="2" bw="32" slack="0"/>
<pin id="540" dir="1" index="3" bw="0" slack="2147483647"/>
</pin_list>
<bind>
<opcode="write(1151) " fcode="write"/>
<opset="write_ln256/2 "/>
</bind>
</comp>

<comp id="544" class="1004" name="write_ln256_write_fu_544">
<pin_list>
<pin id="545" dir="0" index="0" bw="0" slack="0"/>
<pin id="546" dir="0" index="1" bw="32" slack="0"/>
<pin id="547" dir="0" index="2" bw="32" slack="0"/>
<pin id="548" dir="1" index="3" bw="0" slack="2147483647"/>
</pin_list>
<bind>
<opcode="write(1151) " fcode="write"/>
<opset="write_ln256/2 "/>
</bind>
</comp>

<comp id="552" class="1004" name="write_ln256_write_fu_552">
<pin_list>
<pin id="553" dir="0" index="0" bw="0" slack="0"/>
<pin id="554" dir="0" index="1" bw="32" slack="0"/>
<pin id="555" dir="0" index="2" bw="32" slack="0"/>
<pin id="556" dir="1" index="3" bw="0" slack="2147483647"/>
</pin_list>
<bind>
<opcode="write(1151) " fcode="write"/>
<opset="write_ln256/2 "/>
</bind>
</comp>

<comp id="560" class="1004" name="write_ln256_write_fu_560">
<pin_list>
<pin id="561" dir="0" index="0" bw="0" slack="0"/>
<pin id="562" dir="0" index="1" bw="32" slack="0"/>
<pin id="563" dir="0" index="2" bw="32" slack="0"/>
<pin id="564" dir="1" index="3" bw="0" slack="2147483647"/>
</pin_list>
<bind>
<opcode="write(1151) " fcode="write"/>
<opset="write_ln256/2 "/>
</bind>
</comp>

<comp id="568" class="1004" name="write_ln256_write_fu_568">
<pin_list>
<pin id="569" dir="0" index="0" bw="0" slack="0"/>
<pin id="570" dir="0" index="1" bw="32" slack="0"/>
<pin id="571" dir="0" index="2" bw="32" slack="0"/>
<pin id="572" dir="1" index="3" bw="0" slack="2147483647"/>
</pin_list>
<bind>
<opcode="write(1151) " fcode="write"/>
<opset="write_ln256/2 "/>
</bind>
</comp>

<comp id="576" class="1004" name="write_ln256_write_fu_576">
<pin_list>
<pin id="577" dir="0" index="0" bw="0" slack="0"/>
<pin id="578" dir="0" index="1" bw="32" slack="0"/>
<pin id="579" dir="0" index="2" bw="32" slack="0"/>
<pin id="580" dir="1" index="3" bw="0" slack="2147483647"/>
</pin_list>
<bind>
<opcode="write(1151) " fcode="write"/>
<opset="write_ln256/2 "/>
</bind>
</comp>

<comp id="584" class="1004" name="write_ln256_write_fu_584">
<pin_list>
<pin id="585" dir="0" index="0" bw="0" slack="0"/>
<pin id="586" dir="0" index="1" bw="32" slack="0"/>
<pin id="587" dir="0" index="2" bw="32" slack="0"/>
<pin id="588" dir="1" index="3" bw="0" slack="2147483647"/>
</pin_list>
<bind>
<opcode="write(1151) " fcode="write"/>
<opset="write_ln256/2 "/>
</bind>
</comp>

<comp id="592" class="1004" name="write_ln256_write_fu_592">
<pin_list>
<pin id="593" dir="0" index="0" bw="0" slack="0"/>
<pin id="594" dir="0" index="1" bw="32" slack="0"/>
<pin id="595" dir="0" index="2" bw="32" slack="0"/>
<pin id="596" dir="1" index="3" bw="0" slack="2147483647"/>
</pin_list>
<bind>
<opcode="write(1151) " fcode="write"/>
<opset="write_ln256/2 "/>
</bind>
</comp>

<comp id="600" class="1004" name="write_ln256_write_fu_600">
<pin_list>
<pin id="601" dir="0" index="0" bw="0" slack="0"/>
<pin id="602" dir="0" index="1" bw="32" slack="0"/>
<pin id="603" dir="0" index="2" bw="32" slack="0"/>
<pin id="604" dir="1" index="3" bw="0" slack="2147483647"/>
</pin_list>
<bind>
<opcode="write(1151) " fcode="write"/>
<opset="write_ln256/2 "/>
</bind>
</comp>

<comp id="608" class="1004" name="write_ln256_write_fu_608">
<pin_list>
<pin id="609" dir="0" index="0" bw="0" slack="0"/>
<pin id="610" dir="0" index="1" bw="32" slack="0"/>
<pin id="611" dir="0" index="2" bw="32" slack="0"/>
<pin id="612" dir="1" index="3" bw="0" slack="2147483647"/>
</pin_list>
<bind>
<opcode="write(1151) " fcode="write"/>
<opset="write_ln256/2 "/>
</bind>
</comp>

<comp id="616" class="1004" name="write_ln256_write_fu_616">
<pin_list>
<pin id="617" dir="0" index="0" bw="0" slack="0"/>
<pin id="618" dir="0" index="1" bw="32" slack="0"/>
<pin id="619" dir="0" index="2" bw="32" slack="0"/>
<pin id="620" dir="1" index="3" bw="0" slack="2147483647"/>
</pin_list>
<bind>
<opcode="write(1151) " fcode="write"/>
<opset="write_ln256/2 "/>
</bind>
</comp>

<comp id="624" class="1004" name="write_ln256_write_fu_624">
<pin_list>
<pin id="625" dir="0" index="0" bw="0" slack="0"/>
<pin id="626" dir="0" index="1" bw="32" slack="0"/>
<pin id="627" dir="0" index="2" bw="32" slack="0"/>
<pin id="628" dir="1" index="3" bw="0" slack="2147483647"/>
</pin_list>
<bind>
<opcode="write(1151) " fcode="write"/>
<opset="write_ln256/2 "/>
</bind>
</comp>

<comp id="632" class="1004" name="write_ln256_write_fu_632">
<pin_list>
<pin id="633" dir="0" index="0" bw="0" slack="0"/>
<pin id="634" dir="0" index="1" bw="32" slack="0"/>
<pin id="635" dir="0" index="2" bw="32" slack="0"/>
<pin id="636" dir="1" index="3" bw="0" slack="2147483647"/>
</pin_list>
<bind>
<opcode="write(1151) " fcode="write"/>
<opset="write_ln256/2 "/>
</bind>
</comp>

<comp id="640" class="1004" name="write_ln256_write_fu_640">
<pin_list>
<pin id="641" dir="0" index="0" bw="0" slack="0"/>
<pin id="642" dir="0" index="1" bw="32" slack="0"/>
<pin id="643" dir="0" index="2" bw="32" slack="0"/>
<pin id="644" dir="1" index="3" bw="0" slack="2147483647"/>
</pin_list>
<bind>
<opcode="write(1151) " fcode="write"/>
<opset="write_ln256/2 "/>
</bind>
</comp>

<comp id="648" class="1004" name="write_ln256_write_fu_648">
<pin_list>
<pin id="649" dir="0" index="0" bw="0" slack="0"/>
<pin id="650" dir="0" index="1" bw="32" slack="0"/>
<pin id="651" dir="0" index="2" bw="32" slack="0"/>
<pin id="652" dir="1" index="3" bw="0" slack="2147483647"/>
</pin_list>
<bind>
<opcode="write(1151) " fcode="write"/>
<opset="write_ln256/2 "/>
</bind>
</comp>

<comp id="656" class="1004" name="write_ln256_write_fu_656">
<pin_list>
<pin id="657" dir="0" index="0" bw="0" slack="0"/>
<pin id="658" dir="0" index="1" bw="32" slack="0"/>
<pin id="659" dir="0" index="2" bw="32" slack="0"/>
<pin id="660" dir="1" index="3" bw="0" slack="2147483647"/>
</pin_list>
<bind>
<opcode="write(1151) " fcode="write"/>
<opset="write_ln256/2 "/>
</bind>
</comp>

<comp id="664" class="1004" name="write_ln256_write_fu_664">
<pin_list>
<pin id="665" dir="0" index="0" bw="0" slack="0"/>
<pin id="666" dir="0" index="1" bw="32" slack="0"/>
<pin id="667" dir="0" index="2" bw="32" slack="0"/>
<pin id="668" dir="1" index="3" bw="0" slack="2147483647"/>
</pin_list>
<bind>
<opcode="write(1151) " fcode="write"/>
<opset="write_ln256/2 "/>
</bind>
</comp>

<comp id="672" class="1004" name="write_ln256_write_fu_672">
<pin_list>
<pin id="673" dir="0" index="0" bw="0" slack="0"/>
<pin id="674" dir="0" index="1" bw="32" slack="0"/>
<pin id="675" dir="0" index="2" bw="32" slack="0"/>
<pin id="676" dir="1" index="3" bw="0" slack="2147483647"/>
</pin_list>
<bind>
<opcode="write(1151) " fcode="write"/>
<opset="write_ln256/2 "/>
</bind>
</comp>

<comp id="680" class="1004" name="write_ln256_write_fu_680">
<pin_list>
<pin id="681" dir="0" index="0" bw="0" slack="0"/>
<pin id="682" dir="0" index="1" bw="32" slack="0"/>
<pin id="683" dir="0" index="2" bw="32" slack="0"/>
<pin id="684" dir="1" index="3" bw="0" slack="2147483647"/>
</pin_list>
<bind>
<opcode="write(1151) " fcode="write"/>
<opset="write_ln256/2 "/>
</bind>
</comp>

<comp id="688" class="1004" name="write_ln256_write_fu_688">
<pin_list>
<pin id="689" dir="0" index="0" bw="0" slack="0"/>
<pin id="690" dir="0" index="1" bw="32" slack="0"/>
<pin id="691" dir="0" index="2" bw="32" slack="0"/>
<pin id="692" dir="1" index="3" bw="0" slack="2147483647"/>
</pin_list>
<bind>
<opcode="write(1151) " fcode="write"/>
<opset="write_ln256/2 "/>
</bind>
</comp>

<comp id="696" class="1004" name="write_ln256_write_fu_696">
<pin_list>
<pin id="697" dir="0" index="0" bw="0" slack="0"/>
<pin id="698" dir="0" index="1" bw="32" slack="0"/>
<pin id="699" dir="0" index="2" bw="32" slack="0"/>
<pin id="700" dir="1" index="3" bw="0" slack="2147483647"/>
</pin_list>
<bind>
<opcode="write(1151) " fcode="write"/>
<opset="write_ln256/2 "/>
</bind>
</comp>

<comp id="704" class="1004" name="write_ln256_write_fu_704">
<pin_list>
<pin id="705" dir="0" index="0" bw="0" slack="0"/>
<pin id="706" dir="0" index="1" bw="32" slack="0"/>
<pin id="707" dir="0" index="2" bw="32" slack="0"/>
<pin id="708" dir="1" index="3" bw="0" slack="2147483647"/>
</pin_list>
<bind>
<opcode="write(1151) " fcode="write"/>
<opset="write_ln256/2 "/>
</bind>
</comp>

<comp id="712" class="1004" name="write_ln256_write_fu_712">
<pin_list>
<pin id="713" dir="0" index="0" bw="0" slack="0"/>
<pin id="714" dir="0" index="1" bw="32" slack="0"/>
<pin id="715" dir="0" index="2" bw="32" slack="0"/>
<pin id="716" dir="1" index="3" bw="0" slack="2147483647"/>
</pin_list>
<bind>
<opcode="write(1151) " fcode="write"/>
<opset="write_ln256/2 "/>
</bind>
</comp>

<comp id="720" class="1004" name="write_ln256_write_fu_720">
<pin_list>
<pin id="721" dir="0" index="0" bw="0" slack="0"/>
<pin id="722" dir="0" index="1" bw="32" slack="0"/>
<pin id="723" dir="0" index="2" bw="32" slack="0"/>
<pin id="724" dir="1" index="3" bw="0" slack="2147483647"/>
</pin_list>
<bind>
<opcode="write(1151) " fcode="write"/>
<opset="write_ln256/2 "/>
</bind>
</comp>

<comp id="728" class="1004" name="write_ln256_write_fu_728">
<pin_list>
<pin id="729" dir="0" index="0" bw="0" slack="0"/>
<pin id="730" dir="0" index="1" bw="32" slack="0"/>
<pin id="731" dir="0" index="2" bw="32" slack="0"/>
<pin id="732" dir="1" index="3" bw="0" slack="2147483647"/>
</pin_list>
<bind>
<opcode="write(1151) " fcode="write"/>
<opset="write_ln256/2 "/>
</bind>
</comp>

<comp id="736" class="1004" name="write_ln256_write_fu_736">
<pin_list>
<pin id="737" dir="0" index="0" bw="0" slack="0"/>
<pin id="738" dir="0" index="1" bw="32" slack="0"/>
<pin id="739" dir="0" index="2" bw="32" slack="0"/>
<pin id="740" dir="1" index="3" bw="0" slack="2147483647"/>
</pin_list>
<bind>
<opcode="write(1151) " fcode="write"/>
<opset="write_ln256/2 "/>
</bind>
</comp>

<comp id="744" class="1004" name="write_ln256_write_fu_744">
<pin_list>
<pin id="745" dir="0" index="0" bw="0" slack="0"/>
<pin id="746" dir="0" index="1" bw="32" slack="0"/>
<pin id="747" dir="0" index="2" bw="32" slack="0"/>
<pin id="748" dir="1" index="3" bw="0" slack="2147483647"/>
</pin_list>
<bind>
<opcode="write(1151) " fcode="write"/>
<opset="write_ln256/2 "/>
</bind>
</comp>

<comp id="752" class="1004" name="write_ln256_write_fu_752">
<pin_list>
<pin id="753" dir="0" index="0" bw="0" slack="0"/>
<pin id="754" dir="0" index="1" bw="32" slack="0"/>
<pin id="755" dir="0" index="2" bw="32" slack="0"/>
<pin id="756" dir="1" index="3" bw="0" slack="2147483647"/>
</pin_list>
<bind>
<opcode="write(1151) " fcode="write"/>
<opset="write_ln256/2 "/>
</bind>
</comp>

<comp id="760" class="1004" name="write_ln256_write_fu_760">
<pin_list>
<pin id="761" dir="0" index="0" bw="0" slack="0"/>
<pin id="762" dir="0" index="1" bw="32" slack="0"/>
<pin id="763" dir="0" index="2" bw="32" slack="0"/>
<pin id="764" dir="1" index="3" bw="0" slack="2147483647"/>
</pin_list>
<bind>
<opcode="write(1151) " fcode="write"/>
<opset="write_ln256/2 "/>
</bind>
</comp>

<comp id="768" class="1004" name="write_ln256_write_fu_768">
<pin_list>
<pin id="769" dir="0" index="0" bw="0" slack="0"/>
<pin id="770" dir="0" index="1" bw="32" slack="0"/>
<pin id="771" dir="0" index="2" bw="32" slack="0"/>
<pin id="772" dir="1" index="3" bw="0" slack="2147483647"/>
</pin_list>
<bind>
<opcode="write(1151) " fcode="write"/>
<opset="write_ln256/2 "/>
</bind>
</comp>

<comp id="776" class="1004" name="write_ln256_write_fu_776">
<pin_list>
<pin id="777" dir="0" index="0" bw="0" slack="0"/>
<pin id="778" dir="0" index="1" bw="32" slack="0"/>
<pin id="779" dir="0" index="2" bw="32" slack="0"/>
<pin id="780" dir="1" index="3" bw="0" slack="2147483647"/>
</pin_list>
<bind>
<opcode="write(1151) " fcode="write"/>
<opset="write_ln256/2 "/>
</bind>
</comp>

<comp id="784" class="1004" name="write_ln256_write_fu_784">
<pin_list>
<pin id="785" dir="0" index="0" bw="0" slack="0"/>
<pin id="786" dir="0" index="1" bw="32" slack="0"/>
<pin id="787" dir="0" index="2" bw="32" slack="0"/>
<pin id="788" dir="1" index="3" bw="0" slack="2147483647"/>
</pin_list>
<bind>
<opcode="write(1151) " fcode="write"/>
<opset="write_ln256/2 "/>
</bind>
</comp>

<comp id="792" class="1004" name="write_ln256_write_fu_792">
<pin_list>
<pin id="793" dir="0" index="0" bw="0" slack="0"/>
<pin id="794" dir="0" index="1" bw="32" slack="0"/>
<pin id="795" dir="0" index="2" bw="32" slack="0"/>
<pin id="796" dir="1" index="3" bw="0" slack="2147483647"/>
</pin_list>
<bind>
<opcode="write(1151) " fcode="write"/>
<opset="write_ln256/2 "/>
</bind>
</comp>

<comp id="800" class="1004" name="write_ln256_write_fu_800">
<pin_list>
<pin id="801" dir="0" index="0" bw="0" slack="0"/>
<pin id="802" dir="0" index="1" bw="32" slack="0"/>
<pin id="803" dir="0" index="2" bw="32" slack="0"/>
<pin id="804" dir="1" index="3" bw="0" slack="2147483647"/>
</pin_list>
<bind>
<opcode="write(1151) " fcode="write"/>
<opset="write_ln256/2 "/>
</bind>
</comp>

<comp id="808" class="1004" name="sext_ln237_cast_fu_808">
<pin_list>
<pin id="809" dir="0" index="0" bw="32" slack="0"/>
<pin id="810" dir="1" index="1" bw="64" slack="0"/>
</pin_list>
<bind>
<opcode="sext(35) " fcode="sext"/>
<opset="sext_ln237_cast/1 "/>
</bind>
</comp>

<comp id="812" class="1004" name="store_ln254_store_fu_812">
<pin_list>
<pin id="813" dir="0" index="0" bw="32" slack="0"/>
<pin id="814" dir="0" index="1" bw="64" slack="0"/>
<pin id="815" dir="1" index="2" bw="0" slack="2147483647"/>
</pin_list>
<bind>
<opcode="store(28) " fcode="store"/>
<opset="store_ln254/1 "/>
</bind>
</comp>

<comp id="817" class="1004" name="i_5_load_fu_817">
<pin_list>
<pin id="818" dir="0" index="0" bw="64" slack="1"/>
<pin id="819" dir="1" index="1" bw="64" slack="0"/>
</pin_list>
<bind>
<opcode="load(27) " fcode="load"/>
<opset="i_5/2 "/>
</bind>
</comp>

<comp id="820" class="1004" name="tmp_fu_820">
<pin_list>
<pin id="821" dir="0" index="0" bw="58" slack="0"/>
<pin id="822" dir="0" index="1" bw="64" slack="0"/>
<pin id="823" dir="0" index="2" bw="4" slack="0"/>
<pin id="824" dir="0" index="3" bw="7" slack="0"/>
<pin id="825" dir="1" index="4" bw="58" slack="0"/>
</pin_list>
<bind>
<opcode="partselect(1002) " fcode="partselect"/>
<opset="tmp/2 "/>
</bind>
</comp>

<comp id="830" class="1004" name="icmp_ln254_fu_830">
<pin_list>
<pin id="831" dir="0" index="0" bw="58" slack="0"/>
<pin id="832" dir="0" index="1" bw="1" slack="0"/>
<pin id="833" dir="1" index="2" bw="1" slack="2147483647"/>
</pin_list>
<bind>
<opcode="icmp(45) " fcode="icmp"/>
<opset="icmp_ln254/2 "/>
</bind>
</comp>

<comp id="836" class="1004" name="switch_ln256_fu_836">
<pin_list>
<pin id="837" dir="0" index="0" bw="64" slack="0"/>
<pin id="838" dir="0" index="1" bw="1" slack="0"/>
<pin id="839" dir="0" index="2" bw="1" slack="0"/>
<pin id="840" dir="0" index="3" bw="3" slack="0"/>
<pin id="841" dir="0" index="4" bw="3" slack="0"/>
<pin id="842" dir="0" index="5" bw="4" slack="0"/>
<pin id="843" dir="0" index="6" bw="4" slack="0"/>
<pin id="844" dir="0" index="7" bw="4" slack="0"/>
<pin id="845" dir="0" index="8" bw="4" slack="0"/>
<pin id="846" dir="0" index="9" bw="5" slack="0"/>
<pin id="847" dir="0" index="10" bw="5" slack="0"/>
<pin id="848" dir="0" index="11" bw="5" slack="0"/>
<pin id="849" dir="0" index="12" bw="5" slack="0"/>
<pin id="850" dir="0" index="13" bw="5" slack="0"/>
<pin id="851" dir="0" index="14" bw="5" slack="0"/>
<pin id="852" dir="0" index="15" bw="5" slack="0"/>
<pin id="853" dir="0" index="16" bw="5" slack="0"/>
<pin id="854" dir="0" index="17" bw="6" slack="0"/>
<pin id="855" dir="0" index="18" bw="6" slack="0"/>
<pin id="856" dir="0" index="19" bw="6" slack="0"/>
<pin id="857" dir="0" index="20" bw="6" slack="0"/>
<pin id="858" dir="0" index="21" bw="6" slack="0"/>
<pin id="859" dir="0" index="22" bw="6" slack="0"/>
<pin id="860" dir="0" index="23" bw="6" slack="0"/>
<pin id="861" dir="0" index="24" bw="6" slack="0"/>
<pin id="862" dir="0" index="25" bw="6" slack="0"/>
<pin id="863" dir="0" index="26" bw="6" slack="0"/>
<pin id="864" dir="0" index="27" bw="6" slack="0"/>
<pin id="865" dir="0" index="28" bw="6" slack="0"/>
<pin id="866" dir="0" index="29" bw="6" slack="0"/>
<pin id="867" dir="0" index="30" bw="6" slack="0"/>
<pin id="868" dir="0" index="31" bw="6" slack="0"/>
<pin id="869" dir="0" index="32" bw="6" slack="0"/>
<pin id="870" dir="0" index="33" bw="7" slack="0"/>
<pin id="871" dir="0" index="34" bw="7" slack="0"/>
<pin id="872" dir="0" index="35" bw="7" slack="0"/>
<pin id="873" dir="0" index="36" bw="7" slack="0"/>
<pin id="874" dir="0" index="37" bw="7" slack="0"/>
<pin id="875" dir="0" index="38" bw="7" slack="0"/>
<pin id="876" dir="0" index="39" bw="7" slack="0"/>
<pin id="877" dir="0" index="40" bw="7" slack="0"/>
<pin id="878" dir="0" index="41" bw="7" slack="0"/>
<pin id="879" dir="0" index="42" bw="7" slack="0"/>
<pin id="880" dir="0" index="43" bw="7" slack="0"/>
<pin id="881" dir="0" index="44" bw="7" slack="0"/>
<pin id="882" dir="0" index="45" bw="7" slack="0"/>
<pin id="883" dir="0" index="46" bw="7" slack="0"/>
<pin id="884" dir="0" index="47" bw="7" slack="0"/>
<pin id="885" dir="0" index="48" bw="7" slack="0"/>
<pin id="886" dir="0" index="49" bw="7" slack="0"/>
<pin id="887" dir="0" index="50" bw="7" slack="0"/>
<pin id="888" dir="0" index="51" bw="7" slack="0"/>
<pin id="889" dir="0" index="52" bw="7" slack="0"/>
<pin id="890" dir="0" index="53" bw="7" slack="0"/>
<pin id="891" dir="0" index="54" bw="7" slack="0"/>
<pin id="892" dir="0" index="55" bw="7" slack="0"/>
<pin id="893" dir="0" index="56" bw="7" slack="0"/>
<pin id="894" dir="0" index="57" bw="7" slack="0"/>
<pin id="895" dir="0" index="58" bw="7" slack="0"/>
<pin id="896" dir="0" index="59" bw="7" slack="0"/>
<pin id="897" dir="0" index="60" bw="7" slack="0"/>
<pin id="898" dir="0" index="61" bw="7" slack="0"/>
<pin id="899" dir="0" index="62" bw="7" slack="0"/>
<pin id="900" dir="0" index="63" bw="7" slack="0"/>
<pin id="901" dir="0" index="64" bw="7" slack="0"/>
<pin id="902" dir="1" index="65" bw="0" slack="2147483647"/>
</pin_list>
<bind>
<opcode="switch(3) " fcode="switch"/>
<opset="switch_ln256/2 "/>
</bind>
</comp>

<comp id="968" class="1004" name="add_ln254_fu_968">
<pin_list>
<pin id="969" dir="0" index="0" bw="64" slack="0"/>
<pin id="970" dir="0" index="1" bw="1" slack="0"/>
<pin id="971" dir="1" index="2" bw="64" slack="0"/>
</pin_list>
<bind>
<opcode="add(8) " fcode="add"/>
<opset="add_ln254/2 "/>
</bind>
</comp>

<comp id="974" class="1004" name="store_ln254_store_fu_974">
<pin_list>
<pin id="975" dir="0" index="0" bw="64" slack="0"/>
<pin id="976" dir="0" index="1" bw="64" slack="1"/>
<pin id="977" dir="1" index="2" bw="0" slack="2147483647"/>
</pin_list>
<bind>
<opcode="store(28) " fcode="store"/>
<opset="store_ln254/2 "/>
</bind>
</comp>

<comp id="979" class="1005" name="i_reg_979">
<pin_list>
<pin id="980" dir="0" index="0" bw="64" slack="0"/>
<pin id="981" dir="1" index="1" bw="64" slack="0"/>
</pin_list>
<bind>
<opset="i "/>
</bind>
</comp>

</comp_list>

<net_list>
<net id="289"><net_src comp="130" pin="0"/><net_sink comp="286" pin=0"/></net>

<net id="294"><net_src comp="132" pin="0"/><net_sink comp="290" pin=0"/></net>

<net id="295"><net_src comp="0" pin="0"/><net_sink comp="290" pin=1"/></net>

<net id="301"><net_src comp="282" pin="0"/><net_sink comp="296" pin=0"/></net>

<net id="302"><net_src comp="2" pin="0"/><net_sink comp="296" pin=1"/></net>

<net id="303"><net_src comp="284" pin="0"/><net_sink comp="296" pin=2"/></net>

<net id="309"><net_src comp="282" pin="0"/><net_sink comp="304" pin=0"/></net>

<net id="310"><net_src comp="4" pin="0"/><net_sink comp="304" pin=1"/></net>

<net id="311"><net_src comp="284" pin="0"/><net_sink comp="304" pin=2"/></net>

<net id="317"><net_src comp="282" pin="0"/><net_sink comp="312" pin=0"/></net>

<net id="318"><net_src comp="6" pin="0"/><net_sink comp="312" pin=1"/></net>

<net id="319"><net_src comp="284" pin="0"/><net_sink comp="312" pin=2"/></net>

<net id="325"><net_src comp="282" pin="0"/><net_sink comp="320" pin=0"/></net>

<net id="326"><net_src comp="8" pin="0"/><net_sink comp="320" pin=1"/></net>

<net id="327"><net_src comp="284" pin="0"/><net_sink comp="320" pin=2"/></net>

<net id="333"><net_src comp="282" pin="0"/><net_sink comp="328" pin=0"/></net>

<net id="334"><net_src comp="10" pin="0"/><net_sink comp="328" pin=1"/></net>

<net id="335"><net_src comp="284" pin="0"/><net_sink comp="328" pin=2"/></net>

<net id="341"><net_src comp="282" pin="0"/><net_sink comp="336" pin=0"/></net>

<net id="342"><net_src comp="12" pin="0"/><net_sink comp="336" pin=1"/></net>

<net id="343"><net_src comp="284" pin="0"/><net_sink comp="336" pin=2"/></net>

<net id="349"><net_src comp="282" pin="0"/><net_sink comp="344" pin=0"/></net>

<net id="350"><net_src comp="14" pin="0"/><net_sink comp="344" pin=1"/></net>

<net id="351"><net_src comp="284" pin="0"/><net_sink comp="344" pin=2"/></net>

<net id="357"><net_src comp="282" pin="0"/><net_sink comp="352" pin=0"/></net>

<net id="358"><net_src comp="16" pin="0"/><net_sink comp="352" pin=1"/></net>

<net id="359"><net_src comp="284" pin="0"/><net_sink comp="352" pin=2"/></net>

<net id="365"><net_src comp="282" pin="0"/><net_sink comp="360" pin=0"/></net>

<net id="366"><net_src comp="18" pin="0"/><net_sink comp="360" pin=1"/></net>

<net id="367"><net_src comp="284" pin="0"/><net_sink comp="360" pin=2"/></net>

<net id="373"><net_src comp="282" pin="0"/><net_sink comp="368" pin=0"/></net>

<net id="374"><net_src comp="20" pin="0"/><net_sink comp="368" pin=1"/></net>

<net id="375"><net_src comp="284" pin="0"/><net_sink comp="368" pin=2"/></net>

<net id="381"><net_src comp="282" pin="0"/><net_sink comp="376" pin=0"/></net>

<net id="382"><net_src comp="22" pin="0"/><net_sink comp="376" pin=1"/></net>

<net id="383"><net_src comp="284" pin="0"/><net_sink comp="376" pin=2"/></net>

<net id="389"><net_src comp="282" pin="0"/><net_sink comp="384" pin=0"/></net>

<net id="390"><net_src comp="24" pin="0"/><net_sink comp="384" pin=1"/></net>

<net id="391"><net_src comp="284" pin="0"/><net_sink comp="384" pin=2"/></net>

<net id="397"><net_src comp="282" pin="0"/><net_sink comp="392" pin=0"/></net>

<net id="398"><net_src comp="26" pin="0"/><net_sink comp="392" pin=1"/></net>

<net id="399"><net_src comp="284" pin="0"/><net_sink comp="392" pin=2"/></net>

<net id="405"><net_src comp="282" pin="0"/><net_sink comp="400" pin=0"/></net>

<net id="406"><net_src comp="28" pin="0"/><net_sink comp="400" pin=1"/></net>

<net id="407"><net_src comp="284" pin="0"/><net_sink comp="400" pin=2"/></net>

<net id="413"><net_src comp="282" pin="0"/><net_sink comp="408" pin=0"/></net>

<net id="414"><net_src comp="30" pin="0"/><net_sink comp="408" pin=1"/></net>

<net id="415"><net_src comp="284" pin="0"/><net_sink comp="408" pin=2"/></net>

<net id="421"><net_src comp="282" pin="0"/><net_sink comp="416" pin=0"/></net>

<net id="422"><net_src comp="32" pin="0"/><net_sink comp="416" pin=1"/></net>

<net id="423"><net_src comp="284" pin="0"/><net_sink comp="416" pin=2"/></net>

<net id="429"><net_src comp="282" pin="0"/><net_sink comp="424" pin=0"/></net>

<net id="430"><net_src comp="34" pin="0"/><net_sink comp="424" pin=1"/></net>

<net id="431"><net_src comp="284" pin="0"/><net_sink comp="424" pin=2"/></net>

<net id="437"><net_src comp="282" pin="0"/><net_sink comp="432" pin=0"/></net>

<net id="438"><net_src comp="36" pin="0"/><net_sink comp="432" pin=1"/></net>

<net id="439"><net_src comp="284" pin="0"/><net_sink comp="432" pin=2"/></net>

<net id="445"><net_src comp="282" pin="0"/><net_sink comp="440" pin=0"/></net>

<net id="446"><net_src comp="38" pin="0"/><net_sink comp="440" pin=1"/></net>

<net id="447"><net_src comp="284" pin="0"/><net_sink comp="440" pin=2"/></net>

<net id="453"><net_src comp="282" pin="0"/><net_sink comp="448" pin=0"/></net>

<net id="454"><net_src comp="40" pin="0"/><net_sink comp="448" pin=1"/></net>

<net id="455"><net_src comp="284" pin="0"/><net_sink comp="448" pin=2"/></net>

<net id="461"><net_src comp="282" pin="0"/><net_sink comp="456" pin=0"/></net>

<net id="462"><net_src comp="42" pin="0"/><net_sink comp="456" pin=1"/></net>

<net id="463"><net_src comp="284" pin="0"/><net_sink comp="456" pin=2"/></net>

<net id="469"><net_src comp="282" pin="0"/><net_sink comp="464" pin=0"/></net>

<net id="470"><net_src comp="44" pin="0"/><net_sink comp="464" pin=1"/></net>

<net id="471"><net_src comp="284" pin="0"/><net_sink comp="464" pin=2"/></net>

<net id="477"><net_src comp="282" pin="0"/><net_sink comp="472" pin=0"/></net>

<net id="478"><net_src comp="46" pin="0"/><net_sink comp="472" pin=1"/></net>

<net id="479"><net_src comp="284" pin="0"/><net_sink comp="472" pin=2"/></net>

<net id="485"><net_src comp="282" pin="0"/><net_sink comp="480" pin=0"/></net>

<net id="486"><net_src comp="48" pin="0"/><net_sink comp="480" pin=1"/></net>

<net id="487"><net_src comp="284" pin="0"/><net_sink comp="480" pin=2"/></net>

<net id="493"><net_src comp="282" pin="0"/><net_sink comp="488" pin=0"/></net>

<net id="494"><net_src comp="50" pin="0"/><net_sink comp="488" pin=1"/></net>

<net id="495"><net_src comp="284" pin="0"/><net_sink comp="488" pin=2"/></net>

<net id="501"><net_src comp="282" pin="0"/><net_sink comp="496" pin=0"/></net>

<net id="502"><net_src comp="52" pin="0"/><net_sink comp="496" pin=1"/></net>

<net id="503"><net_src comp="284" pin="0"/><net_sink comp="496" pin=2"/></net>

<net id="509"><net_src comp="282" pin="0"/><net_sink comp="504" pin=0"/></net>

<net id="510"><net_src comp="54" pin="0"/><net_sink comp="504" pin=1"/></net>

<net id="511"><net_src comp="284" pin="0"/><net_sink comp="504" pin=2"/></net>

<net id="517"><net_src comp="282" pin="0"/><net_sink comp="512" pin=0"/></net>

<net id="518"><net_src comp="56" pin="0"/><net_sink comp="512" pin=1"/></net>

<net id="519"><net_src comp="284" pin="0"/><net_sink comp="512" pin=2"/></net>

<net id="525"><net_src comp="282" pin="0"/><net_sink comp="520" pin=0"/></net>

<net id="526"><net_src comp="58" pin="0"/><net_sink comp="520" pin=1"/></net>

<net id="527"><net_src comp="284" pin="0"/><net_sink comp="520" pin=2"/></net>

<net id="533"><net_src comp="282" pin="0"/><net_sink comp="528" pin=0"/></net>

<net id="534"><net_src comp="60" pin="0"/><net_sink comp="528" pin=1"/></net>

<net id="535"><net_src comp="284" pin="0"/><net_sink comp="528" pin=2"/></net>

<net id="541"><net_src comp="282" pin="0"/><net_sink comp="536" pin=0"/></net>

<net id="542"><net_src comp="62" pin="0"/><net_sink comp="536" pin=1"/></net>

<net id="543"><net_src comp="284" pin="0"/><net_sink comp="536" pin=2"/></net>

<net id="549"><net_src comp="282" pin="0"/><net_sink comp="544" pin=0"/></net>

<net id="550"><net_src comp="64" pin="0"/><net_sink comp="544" pin=1"/></net>

<net id="551"><net_src comp="284" pin="0"/><net_sink comp="544" pin=2"/></net>

<net id="557"><net_src comp="282" pin="0"/><net_sink comp="552" pin=0"/></net>

<net id="558"><net_src comp="66" pin="0"/><net_sink comp="552" pin=1"/></net>

<net id="559"><net_src comp="284" pin="0"/><net_sink comp="552" pin=2"/></net>

<net id="565"><net_src comp="282" pin="0"/><net_sink comp="560" pin=0"/></net>

<net id="566"><net_src comp="68" pin="0"/><net_sink comp="560" pin=1"/></net>

<net id="567"><net_src comp="284" pin="0"/><net_sink comp="560" pin=2"/></net>

<net id="573"><net_src comp="282" pin="0"/><net_sink comp="568" pin=0"/></net>

<net id="574"><net_src comp="70" pin="0"/><net_sink comp="568" pin=1"/></net>

<net id="575"><net_src comp="284" pin="0"/><net_sink comp="568" pin=2"/></net>

<net id="581"><net_src comp="282" pin="0"/><net_sink comp="576" pin=0"/></net>

<net id="582"><net_src comp="72" pin="0"/><net_sink comp="576" pin=1"/></net>

<net id="583"><net_src comp="284" pin="0"/><net_sink comp="576" pin=2"/></net>

<net id="589"><net_src comp="282" pin="0"/><net_sink comp="584" pin=0"/></net>

<net id="590"><net_src comp="74" pin="0"/><net_sink comp="584" pin=1"/></net>

<net id="591"><net_src comp="284" pin="0"/><net_sink comp="584" pin=2"/></net>

<net id="597"><net_src comp="282" pin="0"/><net_sink comp="592" pin=0"/></net>

<net id="598"><net_src comp="76" pin="0"/><net_sink comp="592" pin=1"/></net>

<net id="599"><net_src comp="284" pin="0"/><net_sink comp="592" pin=2"/></net>

<net id="605"><net_src comp="282" pin="0"/><net_sink comp="600" pin=0"/></net>

<net id="606"><net_src comp="78" pin="0"/><net_sink comp="600" pin=1"/></net>

<net id="607"><net_src comp="284" pin="0"/><net_sink comp="600" pin=2"/></net>

<net id="613"><net_src comp="282" pin="0"/><net_sink comp="608" pin=0"/></net>

<net id="614"><net_src comp="80" pin="0"/><net_sink comp="608" pin=1"/></net>

<net id="615"><net_src comp="284" pin="0"/><net_sink comp="608" pin=2"/></net>

<net id="621"><net_src comp="282" pin="0"/><net_sink comp="616" pin=0"/></net>

<net id="622"><net_src comp="82" pin="0"/><net_sink comp="616" pin=1"/></net>

<net id="623"><net_src comp="284" pin="0"/><net_sink comp="616" pin=2"/></net>

<net id="629"><net_src comp="282" pin="0"/><net_sink comp="624" pin=0"/></net>

<net id="630"><net_src comp="84" pin="0"/><net_sink comp="624" pin=1"/></net>

<net id="631"><net_src comp="284" pin="0"/><net_sink comp="624" pin=2"/></net>

<net id="637"><net_src comp="282" pin="0"/><net_sink comp="632" pin=0"/></net>

<net id="638"><net_src comp="86" pin="0"/><net_sink comp="632" pin=1"/></net>

<net id="639"><net_src comp="284" pin="0"/><net_sink comp="632" pin=2"/></net>

<net id="645"><net_src comp="282" pin="0"/><net_sink comp="640" pin=0"/></net>

<net id="646"><net_src comp="88" pin="0"/><net_sink comp="640" pin=1"/></net>

<net id="647"><net_src comp="284" pin="0"/><net_sink comp="640" pin=2"/></net>

<net id="653"><net_src comp="282" pin="0"/><net_sink comp="648" pin=0"/></net>

<net id="654"><net_src comp="90" pin="0"/><net_sink comp="648" pin=1"/></net>

<net id="655"><net_src comp="284" pin="0"/><net_sink comp="648" pin=2"/></net>

<net id="661"><net_src comp="282" pin="0"/><net_sink comp="656" pin=0"/></net>

<net id="662"><net_src comp="92" pin="0"/><net_sink comp="656" pin=1"/></net>

<net id="663"><net_src comp="284" pin="0"/><net_sink comp="656" pin=2"/></net>

<net id="669"><net_src comp="282" pin="0"/><net_sink comp="664" pin=0"/></net>

<net id="670"><net_src comp="94" pin="0"/><net_sink comp="664" pin=1"/></net>

<net id="671"><net_src comp="284" pin="0"/><net_sink comp="664" pin=2"/></net>

<net id="677"><net_src comp="282" pin="0"/><net_sink comp="672" pin=0"/></net>

<net id="678"><net_src comp="96" pin="0"/><net_sink comp="672" pin=1"/></net>

<net id="679"><net_src comp="284" pin="0"/><net_sink comp="672" pin=2"/></net>

<net id="685"><net_src comp="282" pin="0"/><net_sink comp="680" pin=0"/></net>

<net id="686"><net_src comp="98" pin="0"/><net_sink comp="680" pin=1"/></net>

<net id="687"><net_src comp="284" pin="0"/><net_sink comp="680" pin=2"/></net>

<net id="693"><net_src comp="282" pin="0"/><net_sink comp="688" pin=0"/></net>

<net id="694"><net_src comp="100" pin="0"/><net_sink comp="688" pin=1"/></net>

<net id="695"><net_src comp="284" pin="0"/><net_sink comp="688" pin=2"/></net>

<net id="701"><net_src comp="282" pin="0"/><net_sink comp="696" pin=0"/></net>

<net id="702"><net_src comp="102" pin="0"/><net_sink comp="696" pin=1"/></net>

<net id="703"><net_src comp="284" pin="0"/><net_sink comp="696" pin=2"/></net>

<net id="709"><net_src comp="282" pin="0"/><net_sink comp="704" pin=0"/></net>

<net id="710"><net_src comp="104" pin="0"/><net_sink comp="704" pin=1"/></net>

<net id="711"><net_src comp="284" pin="0"/><net_sink comp="704" pin=2"/></net>

<net id="717"><net_src comp="282" pin="0"/><net_sink comp="712" pin=0"/></net>

<net id="718"><net_src comp="106" pin="0"/><net_sink comp="712" pin=1"/></net>

<net id="719"><net_src comp="284" pin="0"/><net_sink comp="712" pin=2"/></net>

<net id="725"><net_src comp="282" pin="0"/><net_sink comp="720" pin=0"/></net>

<net id="726"><net_src comp="108" pin="0"/><net_sink comp="720" pin=1"/></net>

<net id="727"><net_src comp="284" pin="0"/><net_sink comp="720" pin=2"/></net>

<net id="733"><net_src comp="282" pin="0"/><net_sink comp="728" pin=0"/></net>

<net id="734"><net_src comp="110" pin="0"/><net_sink comp="728" pin=1"/></net>

<net id="735"><net_src comp="284" pin="0"/><net_sink comp="728" pin=2"/></net>

<net id="741"><net_src comp="282" pin="0"/><net_sink comp="736" pin=0"/></net>

<net id="742"><net_src comp="112" pin="0"/><net_sink comp="736" pin=1"/></net>

<net id="743"><net_src comp="284" pin="0"/><net_sink comp="736" pin=2"/></net>

<net id="749"><net_src comp="282" pin="0"/><net_sink comp="744" pin=0"/></net>

<net id="750"><net_src comp="114" pin="0"/><net_sink comp="744" pin=1"/></net>

<net id="751"><net_src comp="284" pin="0"/><net_sink comp="744" pin=2"/></net>

<net id="757"><net_src comp="282" pin="0"/><net_sink comp="752" pin=0"/></net>

<net id="758"><net_src comp="116" pin="0"/><net_sink comp="752" pin=1"/></net>

<net id="759"><net_src comp="284" pin="0"/><net_sink comp="752" pin=2"/></net>

<net id="765"><net_src comp="282" pin="0"/><net_sink comp="760" pin=0"/></net>

<net id="766"><net_src comp="118" pin="0"/><net_sink comp="760" pin=1"/></net>

<net id="767"><net_src comp="284" pin="0"/><net_sink comp="760" pin=2"/></net>

<net id="773"><net_src comp="282" pin="0"/><net_sink comp="768" pin=0"/></net>

<net id="774"><net_src comp="120" pin="0"/><net_sink comp="768" pin=1"/></net>

<net id="775"><net_src comp="284" pin="0"/><net_sink comp="768" pin=2"/></net>

<net id="781"><net_src comp="282" pin="0"/><net_sink comp="776" pin=0"/></net>

<net id="782"><net_src comp="122" pin="0"/><net_sink comp="776" pin=1"/></net>

<net id="783"><net_src comp="284" pin="0"/><net_sink comp="776" pin=2"/></net>

<net id="789"><net_src comp="282" pin="0"/><net_sink comp="784" pin=0"/></net>

<net id="790"><net_src comp="124" pin="0"/><net_sink comp="784" pin=1"/></net>

<net id="791"><net_src comp="284" pin="0"/><net_sink comp="784" pin=2"/></net>

<net id="797"><net_src comp="282" pin="0"/><net_sink comp="792" pin=0"/></net>

<net id="798"><net_src comp="126" pin="0"/><net_sink comp="792" pin=1"/></net>

<net id="799"><net_src comp="284" pin="0"/><net_sink comp="792" pin=2"/></net>

<net id="805"><net_src comp="282" pin="0"/><net_sink comp="800" pin=0"/></net>

<net id="806"><net_src comp="128" pin="0"/><net_sink comp="800" pin=1"/></net>

<net id="807"><net_src comp="284" pin="0"/><net_sink comp="800" pin=2"/></net>

<net id="811"><net_src comp="290" pin="2"/><net_sink comp="808" pin=0"/></net>

<net id="816"><net_src comp="808" pin="1"/><net_sink comp="812" pin=0"/></net>

<net id="826"><net_src comp="134" pin="0"/><net_sink comp="820" pin=0"/></net>

<net id="827"><net_src comp="817" pin="1"/><net_sink comp="820" pin=1"/></net>

<net id="828"><net_src comp="136" pin="0"/><net_sink comp="820" pin=2"/></net>

<net id="829"><net_src comp="138" pin="0"/><net_sink comp="820" pin=3"/></net>

<net id="834"><net_src comp="820" pin="4"/><net_sink comp="830" pin=0"/></net>

<net id="835"><net_src comp="140" pin="0"/><net_sink comp="830" pin=1"/></net>

<net id="903"><net_src comp="817" pin="1"/><net_sink comp="836" pin=0"/></net>

<net id="904"><net_src comp="154" pin="0"/><net_sink comp="836" pin=1"/></net>

<net id="905"><net_src comp="156" pin="0"/><net_sink comp="836" pin=2"/></net>

<net id="906"><net_src comp="158" pin="0"/><net_sink comp="836" pin=3"/></net>

<net id="907"><net_src comp="160" pin="0"/><net_sink comp="836" pin=4"/></net>

<net id="908"><net_src comp="162" pin="0"/><net_sink comp="836" pin=5"/></net>

<net id="909"><net_src comp="164" pin="0"/><net_sink comp="836" pin=6"/></net>

<net id="910"><net_src comp="166" pin="0"/><net_sink comp="836" pin=7"/></net>

<net id="911"><net_src comp="168" pin="0"/><net_sink comp="836" pin=8"/></net>

<net id="912"><net_src comp="170" pin="0"/><net_sink comp="836" pin=9"/></net>

<net id="913"><net_src comp="172" pin="0"/><net_sink comp="836" pin=10"/></net>

<net id="914"><net_src comp="174" pin="0"/><net_sink comp="836" pin=11"/></net>

<net id="915"><net_src comp="176" pin="0"/><net_sink comp="836" pin=12"/></net>

<net id="916"><net_src comp="178" pin="0"/><net_sink comp="836" pin=13"/></net>

<net id="917"><net_src comp="180" pin="0"/><net_sink comp="836" pin=14"/></net>

<net id="918"><net_src comp="182" pin="0"/><net_sink comp="836" pin=15"/></net>

<net id="919"><net_src comp="184" pin="0"/><net_sink comp="836" pin=16"/></net>

<net id="920"><net_src comp="186" pin="0"/><net_sink comp="836" pin=17"/></net>

<net id="921"><net_src comp="188" pin="0"/><net_sink comp="836" pin=18"/></net>

<net id="922"><net_src comp="190" pin="0"/><net_sink comp="836" pin=19"/></net>

<net id="923"><net_src comp="192" pin="0"/><net_sink comp="836" pin=20"/></net>

<net id="924"><net_src comp="194" pin="0"/><net_sink comp="836" pin=21"/></net>

<net id="925"><net_src comp="196" pin="0"/><net_sink comp="836" pin=22"/></net>

<net id="926"><net_src comp="198" pin="0"/><net_sink comp="836" pin=23"/></net>

<net id="927"><net_src comp="200" pin="0"/><net_sink comp="836" pin=24"/></net>

<net id="928"><net_src comp="202" pin="0"/><net_sink comp="836" pin=25"/></net>

<net id="929"><net_src comp="204" pin="0"/><net_sink comp="836" pin=26"/></net>

<net id="930"><net_src comp="206" pin="0"/><net_sink comp="836" pin=27"/></net>

<net id="931"><net_src comp="208" pin="0"/><net_sink comp="836" pin=28"/></net>

<net id="932"><net_src comp="210" pin="0"/><net_sink comp="836" pin=29"/></net>

<net id="933"><net_src comp="212" pin="0"/><net_sink comp="836" pin=30"/></net>

<net id="934"><net_src comp="214" pin="0"/><net_sink comp="836" pin=31"/></net>

<net id="935"><net_src comp="216" pin="0"/><net_sink comp="836" pin=32"/></net>

<net id="936"><net_src comp="218" pin="0"/><net_sink comp="836" pin=33"/></net>

<net id="937"><net_src comp="220" pin="0"/><net_sink comp="836" pin=34"/></net>

<net id="938"><net_src comp="222" pin="0"/><net_sink comp="836" pin=35"/></net>

<net id="939"><net_src comp="224" pin="0"/><net_sink comp="836" pin=36"/></net>

<net id="940"><net_src comp="226" pin="0"/><net_sink comp="836" pin=37"/></net>

<net id="941"><net_src comp="228" pin="0"/><net_sink comp="836" pin=38"/></net>

<net id="942"><net_src comp="230" pin="0"/><net_sink comp="836" pin=39"/></net>

<net id="943"><net_src comp="232" pin="0"/><net_sink comp="836" pin=40"/></net>

<net id="944"><net_src comp="234" pin="0"/><net_sink comp="836" pin=41"/></net>

<net id="945"><net_src comp="236" pin="0"/><net_sink comp="836" pin=42"/></net>

<net id="946"><net_src comp="238" pin="0"/><net_sink comp="836" pin=43"/></net>

<net id="947"><net_src comp="240" pin="0"/><net_sink comp="836" pin=44"/></net>

<net id="948"><net_src comp="242" pin="0"/><net_sink comp="836" pin=45"/></net>

<net id="949"><net_src comp="244" pin="0"/><net_sink comp="836" pin=46"/></net>

<net id="950"><net_src comp="246" pin="0"/><net_sink comp="836" pin=47"/></net>

<net id="951"><net_src comp="248" pin="0"/><net_sink comp="836" pin=48"/></net>

<net id="952"><net_src comp="250" pin="0"/><net_sink comp="836" pin=49"/></net>

<net id="953"><net_src comp="252" pin="0"/><net_sink comp="836" pin=50"/></net>

<net id="954"><net_src comp="254" pin="0"/><net_sink comp="836" pin=51"/></net>

<net id="955"><net_src comp="256" pin="0"/><net_sink comp="836" pin=52"/></net>

<net id="956"><net_src comp="258" pin="0"/><net_sink comp="836" pin=53"/></net>

<net id="957"><net_src comp="260" pin="0"/><net_sink comp="836" pin=54"/></net>

<net id="958"><net_src comp="262" pin="0"/><net_sink comp="836" pin=55"/></net>

<net id="959"><net_src comp="264" pin="0"/><net_sink comp="836" pin=56"/></net>

<net id="960"><net_src comp="266" pin="0"/><net_sink comp="836" pin=57"/></net>

<net id="961"><net_src comp="268" pin="0"/><net_sink comp="836" pin=58"/></net>

<net id="962"><net_src comp="270" pin="0"/><net_sink comp="836" pin=59"/></net>

<net id="963"><net_src comp="272" pin="0"/><net_sink comp="836" pin=60"/></net>

<net id="964"><net_src comp="274" pin="0"/><net_sink comp="836" pin=61"/></net>

<net id="965"><net_src comp="276" pin="0"/><net_sink comp="836" pin=62"/></net>

<net id="966"><net_src comp="278" pin="0"/><net_sink comp="836" pin=63"/></net>

<net id="967"><net_src comp="280" pin="0"/><net_sink comp="836" pin=64"/></net>

<net id="972"><net_src comp="817" pin="1"/><net_sink comp="968" pin=0"/></net>

<net id="973"><net_src comp="156" pin="0"/><net_sink comp="968" pin=1"/></net>

<net id="978"><net_src comp="968" pin="2"/><net_sink comp="974" pin=0"/></net>

<net id="982"><net_src comp="286" pin="1"/><net_sink comp="979" pin=0"/></net>

<net id="983"><net_src comp="979" pin="1"/><net_sink comp="812" pin=1"/></net>

<net id="984"><net_src comp="979" pin="1"/><net_sink comp="817" pin=0"/></net>

<net id="985"><net_src comp="979" pin="1"/><net_sink comp="974" pin=1"/></net>

</net_list>

</model> 
---------------- Datapath Model END ------------------

* FSMD analyzer results:
  - Output states:
	Port: stats_63 | {2 }
	Port: stats_62 | {2 }
	Port: stats_61 | {2 }
	Port: stats_60 | {2 }
	Port: stats_59 | {2 }
	Port: stats_58 | {2 }
	Port: stats_57 | {2 }
	Port: stats_56 | {2 }
	Port: stats_55 | {2 }
	Port: stats_54 | {2 }
	Port: stats_53 | {2 }
	Port: stats_52 | {2 }
	Port: stats_51 | {2 }
	Port: stats_50 | {2 }
	Port: stats_49 | {2 }
	Port: stats_48 | {2 }
	Port: stats_47 | {2 }
	Port: stats_46 | {2 }
	Port: stats_45 | {2 }
	Port: stats_44 | {2 }
	Port: stats_43 | {2 }
	Port: stats_42 | {2 }
	Port: stats_41 | {2 }
	Port: stats_40 | {2 }
	Port: stats_39 | {2 }
	Port: stats_38 | {2 }
	Port: stats_37 | {2 }
	Port: stats_36 | {2 }
	Port: stats_35 | {2 }
	Port: stats_34 | {2 }
	Port: stats_33 | {2 }
	Port: stats_32 | {2 }
	Port: stats_31 | {2 }
	Port: stats_30 | {2 }
	Port: stats_29 | {2 }
	Port: stats_28 | {2 }
	Port: stats_27 | {2 }
	Port: stats_26 | {2 }
	Port: stats_25 | {2 }
	Port: stats_24 | {2 }
	Port: stats_23 | {2 }
	Port: stats_22 | {2 }
	Port: stats_21 | {2 }
	Port: stats_20 | {2 }
	Port: stats_19 | {2 }
	Port: stats_18 | {2 }
	Port: stats_17 | {2 }
	Port: stats_16 | {2 }
	Port: stats_15 | {2 }
	Port: stats_14 | {2 }
	Port: stats_13 | {2 }
	Port: stats_12 | {2 }
	Port: stats_11 | {2 }
	Port: stats_10 | {2 }
	Port: stats_9 | {2 }
	Port: stats_8 | {2 }
	Port: stats_7 | {2 }
	Port: stats_6 | {2 }
	Port: stats_5 | {2 }
	Port: stats_4 | {2 }
	Port: stats_3 | {2 }
	Port: stats_2 | {2 }
	Port: stats_1 | {2 }
	Port: stats_0 | {2 }
 - Input state : 
	Port: load_stats_fp32_Pipeline_VITIS_LOOP_254_2 : sext_ln237 | {1 }
  - Chain level:
	State 1
		store_ln254 : 1
	State 2
		tmp : 1
		icmp_ln254 : 2
		br_ln254 : 3
		switch_ln256 : 1
		add_ln254 : 1
		store_ln254 : 2


============================================================
+ Verbose Summary: Datapath Resource usage 
============================================================

* Functional unit list:
|----------|-----------------------------|---------|---------|
| Operation|       Functional Unit       |    FF   |   LUT   |
|----------|-----------------------------|---------|---------|
|    add   |       add_ln254_fu_968      |    0    |    64   |
|----------|-----------------------------|---------|---------|
|   icmp   |      icmp_ln254_fu_830      |    0    |    29   |
|----------|-----------------------------|---------|---------|
|   read   | sext_ln237_read_read_fu_290 |    0    |    0    |
|----------|-----------------------------|---------|---------|
|          |   write_ln256_write_fu_296  |    0    |    0    |
|          |   write_ln256_write_fu_304  |    0    |    0    |
|          |   write_ln256_write_fu_312  |    0    |    0    |
|          |   write_ln256_write_fu_320  |    0    |    0    |
|          |   write_ln256_write_fu_328  |    0    |    0    |
|          |   write_ln256_write_fu_336  |    0    |    0    |
|          |   write_ln256_write_fu_344  |    0    |    0    |
|          |   write_ln256_write_fu_352  |    0    |    0    |
|          |   write_ln256_write_fu_360  |    0    |    0    |
|          |   write_ln256_write_fu_368  |    0    |    0    |
|          |   write_ln256_write_fu_376  |    0    |    0    |
|          |   write_ln256_write_fu_384  |    0    |    0    |
|          |   write_ln256_write_fu_392  |    0    |    0    |
|          |   write_ln256_write_fu_400  |    0    |    0    |
|          |   write_ln256_write_fu_408  |    0    |    0    |
|          |   write_ln256_write_fu_416  |    0    |    0    |
|          |   write_ln256_write_fu_424  |    0    |    0    |
|          |   write_ln256_write_fu_432  |    0    |    0    |
|          |   write_ln256_write_fu_440  |    0    |    0    |
|          |   write_ln256_write_fu_448  |    0    |    0    |
|          |   write_ln256_write_fu_456  |    0    |    0    |
|          |   write_ln256_write_fu_464  |    0    |    0    |
|          |   write_ln256_write_fu_472  |    0    |    0    |
|          |   write_ln256_write_fu_480  |    0    |    0    |
|          |   write_ln256_write_fu_488  |    0    |    0    |
|          |   write_ln256_write_fu_496  |    0    |    0    |
|          |   write_ln256_write_fu_504  |    0    |    0    |
|          |   write_ln256_write_fu_512  |    0    |    0    |
|          |   write_ln256_write_fu_520  |    0    |    0    |
|          |   write_ln256_write_fu_528  |    0    |    0    |
|          |   write_ln256_write_fu_536  |    0    |    0    |
|   write  |   write_ln256_write_fu_544  |    0    |    0    |
|          |   write_ln256_write_fu_552  |    0    |    0    |
|          |   write_ln256_write_fu_560  |    0    |    0    |
|          |   write_ln256_write_fu_568  |    0    |    0    |
|          |   write_ln256_write_fu_576  |    0    |    0    |
|          |   write_ln256_write_fu_584  |    0    |    0    |
|          |   write_ln256_write_fu_592  |    0    |    0    |
|          |   write_ln256_write_fu_600  |    0    |    0    |
|          |   write_ln256_write_fu_608  |    0    |    0    |
|          |   write_ln256_write_fu_616  |    0    |    0    |
|          |   write_ln256_write_fu_624  |    0    |    0    |
|          |   write_ln256_write_fu_632  |    0    |    0    |
|          |   write_ln256_write_fu_640  |    0    |    0    |
|          |   write_ln256_write_fu_648  |    0    |    0    |
|          |   write_ln256_write_fu_656  |    0    |    0    |
|          |   write_ln256_write_fu_664  |    0    |    0    |
|          |   write_ln256_write_fu_672  |    0    |    0    |
|          |   write_ln256_write_fu_680  |    0    |    0    |
|          |   write_ln256_write_fu_688  |    0    |    0    |
|          |   write_ln256_write_fu_696  |    0    |    0    |
|          |   write_ln256_write_fu_704  |    0    |    0    |
|          |   write_ln256_write_fu_712  |    0    |    0    |
|          |   write_ln256_write_fu_720  |    0    |    0    |
|          |   write_ln256_write_fu_728  |    0    |    0    |
|          |   write_ln256_write_fu_736  |    0    |    0    |
|          |   write_ln256_write_fu_744  |    0    |    0    |
|          |   write_ln256_write_fu_752  |    0    |    0    |
|          |   write_ln256_write_fu_760  |    0    |    0    |
|          |   write_ln256_write_fu_768  |    0    |    0    |
|          |   write_ln256_write_fu_776  |    0    |    0    |
|          |   write_ln256_write_fu_784  |    0    |    0    |
|          |   write_ln256_write_fu_792  |    0    |    0    |
|          |   write_ln256_write_fu_800  |    0    |    0    |
|----------|-----------------------------|---------|---------|
|   sext   |    sext_ln237_cast_fu_808   |    0    |    0    |
|----------|-----------------------------|---------|---------|
|partselect|          tmp_fu_820         |    0    |    0    |
|----------|-----------------------------|---------|---------|
|  switch  |     switch_ln256_fu_836     |    0    |    0    |
|----------|-----------------------------|---------|---------|
|   Total  |                             |    0    |    93   |
|----------|-----------------------------|---------|---------|

Memories:
N/A

* Register list:
+---------+--------+
|         |   FF   |
+---------+--------+
|i_reg_979|   64   |
+---------+--------+
|  Total  |   64   |
+---------+--------+

* Multiplexer (MUX) list: 
|--------|------|------|------|--------|
|  Comp  |  Pin | Size |  BW  | S x BW |
|--------|------|------|------|--------|
|  Total |      |      |      |    0   |
|--------|------|------|------|--------|



* Summary:
+-----------+--------+--------+
|           |   FF   |   LUT  |
+-----------+--------+--------+
|  Function |    0   |   93   |
|   Memory  |    -   |    -   |
|Multiplexer|    -   |    -   |
|  Register |   64   |    -   |
+-----------+--------+--------+
|   Total   |   64   |   93   |
+-----------+--------+--------+
