

================================================================
== Vitis HLS Report for 'load_tile_fp16_Pipeline_LOAD_TILE_ROWS'
================================================================
* Date:           Sun Mar 22 18:06:40 2026

* Version:        2025.1 (Build 6135595 on May 21 2025)
* Project:        FlashAtt1
* Solution:       hls (Vivado IP Flow Target)
* Product family: versalhbm
* Target device:  xcvh1582-lsva4737-2LHP-e-S


================================================================
== Performance Estimates
================================================================
+ Timing: 
    * Summary: 
    +--------+----------+----------+------------+
    |  Clock |  Target  | Estimated| Uncertainty|
    +--------+----------+----------+------------+
    |ap_clk  |  10.00 ns|  2.792 ns|     2.70 ns|
    +--------+----------+----------+------------+

+ Latency: 
    * Summary: 
    +---------+---------+----------+----------+-----+-----+------------------------------------------------+
    |  Latency (cycles) |  Latency (absolute) |  Interval |                    Pipeline                    |
    |   min   |   max   |    min   |    max   | min | max |                      Type                      |
    +---------+---------+----------+----------+-----+-----+------------------------------------------------+
    |        ?|        ?|         ?|         ?|    0|    0|  loop auto-rewind stp (delay=0 clock cycles(s))|
    +---------+---------+----------+----------+-----+-----+------------------------------------------------+

    + Detail: 
        * Instance: 
        N/A

        * Loop: 
        +------------------+---------+---------+----------+-----------+-----------+------+----------+
        |                  |  Latency (cycles) | Iteration|  Initiation Interval  | Trip |          |
        |     Loop Name    |   min   |   max   |  Latency |  achieved |   target  | Count| Pipelined|
        +------------------+---------+---------+----------+-----------+-----------+------+----------+
        |- LOAD_TILE_ROWS  |        ?|        ?|         9|          8|          1|     ?|       yes|
        +------------------+---------+---------+----------+-----------+-----------+------+----------+



================================================================
== Utilization Estimates
================================================================
* Summary: 
+---------------------+---------+------+---------+---------+------+
|         Name        | BRAM_18K|  DSP |    FF   |   LUT   | URAM |
+---------------------+---------+------+---------+---------+------+
|DSP                  |        -|     -|        -|        -|     -|
|Expression           |        -|     -|        0|       38|     -|
|FIFO                 |        -|     -|        -|        -|     -|
|Instance             |        -|     -|        -|        -|     -|
|Memory               |        -|     -|        -|        -|     -|
|Multiplexer          |        -|     -|        0|     2602|     -|
|Register             |        -|     -|     1071|        -|     -|
+---------------------+---------+------+---------+---------+------+
|Total                |        0|     0|     1071|     2640|     0|
+---------------------+---------+------+---------+---------+------+
|Available SLR        |     2541|  3696|  1753984|   876992|   650|
+---------------------+---------+------+---------+---------+------+
|Utilization SLR (%)  |        0|     0|       ~0|       ~0|     0|
+---------------------+---------+------+---------+---------+------+
|Available            |     5082|  7392|  3507968|  1753984|  1301|
+---------------------+---------+------+---------+---------+------+
|Utilization (%)      |        0|     0|       ~0|       ~0|     0|
+---------------------+---------+------+---------+---------+------+

+ Detail: 
    * Instance: 
    N/A

    * DSP: 
    N/A

    * Memory: 
    N/A

    * FIFO: 
    N/A

    * Expression: 
    +---------------------------------------+----------+----+---+----+------------+------------+
    |             Variable Name             | Operation| DSP| FF| LUT| Bitwidth P0| Bitwidth P1|
    +---------------------------------------+----------+----+---+----+------------+------------+
    |add_ln112_fu_1739_p2                   |         +|   0|  0|  10|          10|           1|
    |ap_block_pp0_stage1_11001_grp1         |       and|   0|  0|   2|           1|           1|
    |ap_block_pp0_stage2_11001_grp2         |       and|   0|  0|   2|           1|           1|
    |ap_block_pp0_stage3_11001_grp3         |       and|   0|  0|   2|           1|           1|
    |ap_block_pp0_stage4_11001_grp4         |       and|   0|  0|   2|           1|           1|
    |ap_block_state2_pp0_stage1_iter0_grp1  |       and|   0|  0|   2|           1|           1|
    |icmp_ln112_fu_1749_p2                  |      icmp|   0|  0|  16|          32|          32|
    |ap_enable_pp0                          |       xor|   0|  0|   2|           1|           2|
    +---------------------------------------+----------+----+---+----+------------+------------+
    |Total                                  |          |   0|  0|  38|          48|          40|
    +---------------------------------------+----------+----+---+----+------------+------------+

    * Multiplexer: 
    +-----------------------------+----+-----------+-----+-----------+
    |             Name            | LUT| Input Size| Bits| Total Bits|
    +-----------------------------+----+-----------+-----+-----------+
    |ap_NS_fsm                    |   5|          9|    1|          9|
    |ap_done_int                  |   1|          2|    1|          2|
    |ap_enable_reg_pp0_iter0      |   1|          2|    1|          2|
    |ap_enable_reg_pp0_iter0_reg  |   1|          2|    1|          2|
    |ap_enable_reg_pp0_iter1      |   1|          2|    1|          2|
    |ap_sig_allocacmp_r_1         |  16|          2|   10|         20|
    |gmem_Q_blk_n_R               |   1|          2|    1|          2|
    |r_fu_164                     |  16|          2|   10|         20|
    |tile_0_address1_local        |  80|          9|    9|         81|
    |tile_0_d1_local              |  80|          9|   16|        144|
    |tile_10_address1_local       |  80|          9|    9|         81|
    |tile_10_d1_local             |  80|          9|   16|        144|
    |tile_11_address1_local       |  80|          9|    9|         81|
    |tile_11_d1_local             |  80|          9|   16|        144|
    |tile_12_address1_local       |  80|          9|    9|         81|
    |tile_12_d1_local             |  80|          9|   16|        144|
    |tile_13_address1_local       |  80|          9|    9|         81|
    |tile_13_d1_local             |  80|          9|   16|        144|
    |tile_14_address1_local       |  80|          9|    9|         81|
    |tile_14_d1_local             |  80|          9|   16|        144|
    |tile_15_address1_local       |  80|          9|    9|         81|
    |tile_15_d1_local             |  80|          9|   16|        144|
    |tile_1_address1_local        |  80|          9|    9|         81|
    |tile_1_d1_local              |  80|          9|   16|        144|
    |tile_2_address1_local        |  80|          9|    9|         81|
    |tile_2_d1_local              |  80|          9|   16|        144|
    |tile_3_address1_local        |  80|          9|    9|         81|
    |tile_3_d1_local              |  80|          9|   16|        144|
    |tile_4_address1_local        |  80|          9|    9|         81|
    |tile_4_d1_local              |  80|          9|   16|        144|
    |tile_5_address1_local        |  80|          9|    9|         81|
    |tile_5_d1_local              |  80|          9|   16|        144|
    |tile_6_address1_local        |  80|          9|    9|         81|
    |tile_6_d1_local              |  80|          9|   16|        144|
    |tile_7_address1_local        |  80|          9|    9|         81|
    |tile_7_d1_local              |  80|          9|   16|        144|
    |tile_8_address1_local        |  80|          9|    9|         81|
    |tile_8_d1_local              |  80|          9|   16|        144|
    |tile_9_address1_local        |  80|          9|    9|         81|
    |tile_9_d1_local              |  80|          9|   16|        144|
    +-----------------------------+----+-----------+-----+-----------+
    |Total                        |2602|        311|  426|       3659|
    +-----------------------------+----+-----------+-----+-----------+

    * Register: 
    +-------------------------------------------+----+----+-----+-----------+
    |                    Name                   | FF | LUT| Bits| Const Bits|
    +-------------------------------------------+----+----+-----+-----------+
    |ap_CS_fsm                                  |   8|   0|    8|          0|
    |ap_block_pp0_stage2_subdone_grp0_done_reg  |   1|   0|    1|          0|
    |ap_block_pp0_stage3_subdone_grp0_done_reg  |   1|   0|    1|          0|
    |ap_block_pp0_stage4_subdone_grp0_done_reg  |   1|   0|    1|          0|
    |ap_done_reg                                |   1|   0|    1|          0|
    |ap_enable_reg_pp0_iter0_reg                |   1|   0|    1|          0|
    |ap_enable_reg_pp0_iter1                    |   1|   0|    1|          0|
    |icmp_ln112_reg_3644                        |   1|   0|    1|          0|
    |r_fu_164                                   |  10|   0|   10|          0|
    |reg_1603                                   |  16|   0|   16|          0|
    |reg_1607                                   |  16|   0|   16|          0|
    |reg_1611                                   |  16|   0|   16|          0|
    |reg_1615                                   |  16|   0|   16|          0|
    |reg_1619                                   |  16|   0|   16|          0|
    |reg_1623                                   |  16|   0|   16|          0|
    |reg_1627                                   |  16|   0|   16|          0|
    |reg_1631                                   |  16|   0|   16|          0|
    |reg_1635                                   |  16|   0|   16|          0|
    |reg_1639                                   |  16|   0|   16|          0|
    |reg_1643                                   |  16|   0|   16|          0|
    |reg_1647                                   |  16|   0|   16|          0|
    |reg_1651                                   |  16|   0|   16|          0|
    |reg_1655                                   |  16|   0|   16|          0|
    |reg_1659                                   |  16|   0|   16|          0|
    |reg_1663                                   |  16|   0|   16|          0|
    |reg_1667                                   |  16|   0|   16|          0|
    |reg_1671                                   |  16|   0|   16|          0|
    |reg_1675                                   |  16|   0|   16|          0|
    |reg_1679                                   |  16|   0|   16|          0|
    |reg_1683                                   |  16|   0|   16|          0|
    |reg_1687                                   |  16|   0|   16|          0|
    |reg_1691                                   |  16|   0|   16|          0|
    |reg_1695                                   |  16|   0|   16|          0|
    |reg_1699                                   |  16|   0|   16|          0|
    |reg_1703                                   |  16|   0|   16|          0|
    |reg_1707                                   |  16|   0|   16|          0|
    |reg_1711                                   |  16|   0|   16|          0|
    |reg_1715                                   |  16|   0|   16|          0|
    |reg_1719                                   |  16|   0|   16|          0|
    |reg_1723                                   |  16|   0|   16|          0|
    |tmp_123_reg_3675                           |  16|   0|   16|          0|
    |tmp_124_reg_3680                           |  16|   0|   16|          0|
    |tmp_125_reg_3685                           |  16|   0|   16|          0|
    |tmp_126_reg_3690                           |  16|   0|   16|          0|
    |tmp_127_reg_3695                           |  16|   0|   16|          0|
    |tmp_128_reg_3700                           |  16|   0|   16|          0|
    |tmp_129_reg_3705                           |  16|   0|   16|          0|
    |tmp_130_reg_3710                           |  16|   0|   16|          0|
    |tmp_131_reg_3715                           |  16|   0|   16|          0|
    |tmp_132_reg_3720                           |  16|   0|   16|          0|
    |tmp_133_reg_3725                           |  16|   0|   16|          0|
    |tmp_134_reg_3730                           |  16|   0|   16|          0|
    |tmp_135_reg_3735                           |  16|   0|   16|          0|
    |tmp_136_reg_3740                           |  16|   0|   16|          0|
    |tmp_137_reg_3745                           |  16|   0|   16|          0|
    |tmp_138_reg_3750                           |  16|   0|   16|          0|
    |tmp_140_reg_3760                           |  16|   0|   16|          0|
    |tmp_141_reg_3765                           |  16|   0|   16|          0|
    |tmp_142_reg_3770                           |  16|   0|   16|          0|
    |tmp_143_reg_3775                           |  16|   0|   16|          0|
    |tmp_144_reg_3780                           |  16|   0|   16|          0|
    |tmp_145_reg_3785                           |  16|   0|   16|          0|
    |tmp_146_reg_3790                           |  16|   0|   16|          0|
    |tmp_147_reg_3795                           |  16|   0|   16|          0|
    |tmp_148_reg_3800                           |  16|   0|   16|          0|
    |tmp_149_reg_3805                           |  16|   0|   16|          0|
    |tmp_150_reg_3810                           |  16|   0|   16|          0|
    |tmp_151_reg_3815                           |  16|   0|   16|          0|
    |tmp_152_reg_3820                           |  16|   0|   16|          0|
    |tmp_153_reg_3825                           |  16|   0|   16|          0|
    |tmp_154_reg_3830                           |  16|   0|   16|          0|
    |trunc_ln112_reg_3648                       |   6|   0|    6|          0|
    |trunc_ln67_1_reg_3665                      |  16|   0|   16|          0|
    |trunc_ln67_2_reg_3670                      |  16|   0|   16|          0|
    |trunc_ln67_3_reg_3755                      |  16|   0|   16|          0|
    +-------------------------------------------+----+----+-----+-----------+
    |Total                                      |1071|   0| 1071|          0|
    +-------------------------------------------+----+----+-----+-----------+



================================================================
== Interface
================================================================
* Summary: 
+-------------------------+-----+-----+------------+----------------------------------------+--------------+
|        RTL Ports        | Dir | Bits|  Protocol  |              Source Object             |    C Type    |
+-------------------------+-----+-----+------------+----------------------------------------+--------------+
|ap_clk                   |   in|    1|  ap_ctrl_hs|  load_tile_fp16_Pipeline_LOAD_TILE_ROWS|  return value|
|ap_rst                   |   in|    1|  ap_ctrl_hs|  load_tile_fp16_Pipeline_LOAD_TILE_ROWS|  return value|
|ap_start                 |   in|    1|  ap_ctrl_hs|  load_tile_fp16_Pipeline_LOAD_TILE_ROWS|  return value|
|ap_done                  |  out|    1|  ap_ctrl_hs|  load_tile_fp16_Pipeline_LOAD_TILE_ROWS|  return value|
|ap_idle                  |  out|    1|  ap_ctrl_hs|  load_tile_fp16_Pipeline_LOAD_TILE_ROWS|  return value|
|ap_ready                 |  out|    1|  ap_ctrl_hs|  load_tile_fp16_Pipeline_LOAD_TILE_ROWS|  return value|
|num_rows                 |   in|   32|     ap_none|                                num_rows|        scalar|
|m_axi_gmem_Q_0_AWVALID   |  out|    1|       m_axi|                                  gmem_Q|       pointer|
|m_axi_gmem_Q_0_AWREADY   |   in|    1|       m_axi|                                  gmem_Q|       pointer|
|m_axi_gmem_Q_0_AWADDR    |  out|   64|       m_axi|                                  gmem_Q|       pointer|
|m_axi_gmem_Q_0_AWID      |  out|    1|       m_axi|                                  gmem_Q|       pointer|
|m_axi_gmem_Q_0_AWLEN     |  out|   32|       m_axi|                                  gmem_Q|       pointer|
|m_axi_gmem_Q_0_AWSIZE    |  out|    3|       m_axi|                                  gmem_Q|       pointer|
|m_axi_gmem_Q_0_AWBURST   |  out|    2|       m_axi|                                  gmem_Q|       pointer|
|m_axi_gmem_Q_0_AWLOCK    |  out|    2|       m_axi|                                  gmem_Q|       pointer|
|m_axi_gmem_Q_0_AWCACHE   |  out|    4|       m_axi|                                  gmem_Q|       pointer|
|m_axi_gmem_Q_0_AWPROT    |  out|    3|       m_axi|                                  gmem_Q|       pointer|
|m_axi_gmem_Q_0_AWQOS     |  out|    4|       m_axi|                                  gmem_Q|       pointer|
|m_axi_gmem_Q_0_AWREGION  |  out|    4|       m_axi|                                  gmem_Q|       pointer|
|m_axi_gmem_Q_0_AWUSER    |  out|    1|       m_axi|                                  gmem_Q|       pointer|
|m_axi_gmem_Q_0_WVALID    |  out|    1|       m_axi|                                  gmem_Q|       pointer|
|m_axi_gmem_Q_0_WREADY    |   in|    1|       m_axi|                                  gmem_Q|       pointer|
|m_axi_gmem_Q_0_WDATA     |  out|  512|       m_axi|                                  gmem_Q|       pointer|
|m_axi_gmem_Q_0_WSTRB     |  out|   64|       m_axi|                                  gmem_Q|       pointer|
|m_axi_gmem_Q_0_WLAST     |  out|    1|       m_axi|                                  gmem_Q|       pointer|
|m_axi_gmem_Q_0_WID       |  out|    1|       m_axi|                                  gmem_Q|       pointer|
|m_axi_gmem_Q_0_WUSER     |  out|    1|       m_axi|                                  gmem_Q|       pointer|
|m_axi_gmem_Q_0_ARVALID   |  out|    1|       m_axi|                                  gmem_Q|       pointer|
|m_axi_gmem_Q_0_ARREADY   |   in|    1|       m_axi|                                  gmem_Q|       pointer|
|m_axi_gmem_Q_0_ARADDR    |  out|   64|       m_axi|                                  gmem_Q|       pointer|
|m_axi_gmem_Q_0_ARID      |  out|    1|       m_axi|                                  gmem_Q|       pointer|
|m_axi_gmem_Q_0_ARLEN     |  out|   32|       m_axi|                                  gmem_Q|       pointer|
|m_axi_gmem_Q_0_ARSIZE    |  out|    3|       m_axi|                                  gmem_Q|       pointer|
|m_axi_gmem_Q_0_ARBURST   |  out|    2|       m_axi|                                  gmem_Q|       pointer|
|m_axi_gmem_Q_0_ARLOCK    |  out|    2|       m_axi|                                  gmem_Q|       pointer|
|m_axi_gmem_Q_0_ARCACHE   |  out|    4|       m_axi|                                  gmem_Q|       pointer|
|m_axi_gmem_Q_0_ARPROT    |  out|    3|       m_axi|                                  gmem_Q|       pointer|
|m_axi_gmem_Q_0_ARQOS     |  out|    4|       m_axi|                                  gmem_Q|       pointer|
|m_axi_gmem_Q_0_ARREGION  |  out|    4|       m_axi|                                  gmem_Q|       pointer|
|m_axi_gmem_Q_0_ARUSER    |  out|    1|       m_axi|                                  gmem_Q|       pointer|
|m_axi_gmem_Q_0_RVALID    |   in|    1|       m_axi|                                  gmem_Q|       pointer|
|m_axi_gmem_Q_0_RREADY    |  out|    1|       m_axi|                                  gmem_Q|       pointer|
|m_axi_gmem_Q_0_RDATA     |   in|  512|       m_axi|                                  gmem_Q|       pointer|
|m_axi_gmem_Q_0_RLAST     |   in|    1|       m_axi|                                  gmem_Q|       pointer|
|m_axi_gmem_Q_0_RID       |   in|    1|       m_axi|                                  gmem_Q|       pointer|
|m_axi_gmem_Q_0_RFIFONUM  |   in|   11|       m_axi|                                  gmem_Q|       pointer|
|m_axi_gmem_Q_0_RUSER     |   in|    1|       m_axi|                                  gmem_Q|       pointer|
|m_axi_gmem_Q_0_RRESP     |   in|    2|       m_axi|                                  gmem_Q|       pointer|
|m_axi_gmem_Q_0_BVALID    |   in|    1|       m_axi|                                  gmem_Q|       pointer|
|m_axi_gmem_Q_0_BREADY    |  out|    1|       m_axi|                                  gmem_Q|       pointer|
|m_axi_gmem_Q_0_BRESP     |   in|    2|       m_axi|                                  gmem_Q|       pointer|
|m_axi_gmem_Q_0_BID       |   in|    1|       m_axi|                                  gmem_Q|       pointer|
|m_axi_gmem_Q_0_BUSER     |   in|    1|       m_axi|                                  gmem_Q|       pointer|
|sext_ln112_2             |   in|   58|     ap_none|                            sext_ln112_2|        scalar|
|tile_0_address1          |  out|    9|   ap_memory|                                  tile_0|         array|
|tile_0_ce1               |  out|    1|   ap_memory|                                  tile_0|         array|
|tile_0_we1               |  out|    1|   ap_memory|                                  tile_0|         array|
|tile_0_d1                |  out|   16|   ap_memory|                                  tile_0|         array|
|tile_1_address1          |  out|    9|   ap_memory|                                  tile_1|         array|
|tile_1_ce1               |  out|    1|   ap_memory|                                  tile_1|         array|
|tile_1_we1               |  out|    1|   ap_memory|                                  tile_1|         array|
|tile_1_d1                |  out|   16|   ap_memory|                                  tile_1|         array|
|tile_2_address1          |  out|    9|   ap_memory|                                  tile_2|         array|
|tile_2_ce1               |  out|    1|   ap_memory|                                  tile_2|         array|
|tile_2_we1               |  out|    1|   ap_memory|                                  tile_2|         array|
|tile_2_d1                |  out|   16|   ap_memory|                                  tile_2|         array|
|tile_3_address1          |  out|    9|   ap_memory|                                  tile_3|         array|
|tile_3_ce1               |  out|    1|   ap_memory|                                  tile_3|         array|
|tile_3_we1               |  out|    1|   ap_memory|                                  tile_3|         array|
|tile_3_d1                |  out|   16|   ap_memory|                                  tile_3|         array|
|tile_4_address1          |  out|    9|   ap_memory|                                  tile_4|         array|
|tile_4_ce1               |  out|    1|   ap_memory|                                  tile_4|         array|
|tile_4_we1               |  out|    1|   ap_memory|                                  tile_4|         array|
|tile_4_d1                |  out|   16|   ap_memory|                                  tile_4|         array|
|tile_5_address1          |  out|    9|   ap_memory|                                  tile_5|         array|
|tile_5_ce1               |  out|    1|   ap_memory|                                  tile_5|         array|
|tile_5_we1               |  out|    1|   ap_memory|                                  tile_5|         array|
|tile_5_d1                |  out|   16|   ap_memory|                                  tile_5|         array|
|tile_6_address1          |  out|    9|   ap_memory|                                  tile_6|         array|
|tile_6_ce1               |  out|    1|   ap_memory|                                  tile_6|         array|
|tile_6_we1               |  out|    1|   ap_memory|                                  tile_6|         array|
|tile_6_d1                |  out|   16|   ap_memory|                                  tile_6|         array|
|tile_7_address1          |  out|    9|   ap_memory|                                  tile_7|         array|
|tile_7_ce1               |  out|    1|   ap_memory|                                  tile_7|         array|
|tile_7_we1               |  out|    1|   ap_memory|                                  tile_7|         array|
|tile_7_d1                |  out|   16|   ap_memory|                                  tile_7|         array|
|tile_8_address1          |  out|    9|   ap_memory|                                  tile_8|         array|
|tile_8_ce1               |  out|    1|   ap_memory|                                  tile_8|         array|
|tile_8_we1               |  out|    1|   ap_memory|                                  tile_8|         array|
|tile_8_d1                |  out|   16|   ap_memory|                                  tile_8|         array|
|tile_9_address1          |  out|    9|   ap_memory|                                  tile_9|         array|
|tile_9_ce1               |  out|    1|   ap_memory|                                  tile_9|         array|
|tile_9_we1               |  out|    1|   ap_memory|                                  tile_9|         array|
|tile_9_d1                |  out|   16|   ap_memory|                                  tile_9|         array|
|tile_10_address1         |  out|    9|   ap_memory|                                 tile_10|         array|
|tile_10_ce1              |  out|    1|   ap_memory|                                 tile_10|         array|
|tile_10_we1              |  out|    1|   ap_memory|                                 tile_10|         array|
|tile_10_d1               |  out|   16|   ap_memory|                                 tile_10|         array|
|tile_11_address1         |  out|    9|   ap_memory|                                 tile_11|         array|
|tile_11_ce1              |  out|    1|   ap_memory|                                 tile_11|         array|
|tile_11_we1              |  out|    1|   ap_memory|                                 tile_11|         array|
|tile_11_d1               |  out|   16|   ap_memory|                                 tile_11|         array|
|tile_12_address1         |  out|    9|   ap_memory|                                 tile_12|         array|
|tile_12_ce1              |  out|    1|   ap_memory|                                 tile_12|         array|
|tile_12_we1              |  out|    1|   ap_memory|                                 tile_12|         array|
|tile_12_d1               |  out|   16|   ap_memory|                                 tile_12|         array|
|tile_13_address1         |  out|    9|   ap_memory|                                 tile_13|         array|
|tile_13_ce1              |  out|    1|   ap_memory|                                 tile_13|         array|
|tile_13_we1              |  out|    1|   ap_memory|                                 tile_13|         array|
|tile_13_d1               |  out|   16|   ap_memory|                                 tile_13|         array|
|tile_14_address1         |  out|    9|   ap_memory|                                 tile_14|         array|
|tile_14_ce1              |  out|    1|   ap_memory|                                 tile_14|         array|
|tile_14_we1              |  out|    1|   ap_memory|                                 tile_14|         array|
|tile_14_d1               |  out|   16|   ap_memory|                                 tile_14|         array|
|tile_15_address1         |  out|    9|   ap_memory|                                 tile_15|         array|
|tile_15_ce1              |  out|    1|   ap_memory|                                 tile_15|         array|
|tile_15_we1              |  out|    1|   ap_memory|                                 tile_15|         array|
|tile_15_d1               |  out|   16|   ap_memory|                                 tile_15|         array|
+-------------------------+-----+-----+------------+----------------------------------------+--------------+

============================================================
+ Verbose Summary: Synthesis Manager
============================================================
InlineROM: 1
ExposeGlobal: 0
============================================================
+ Verbose Summary: CDFG Model
============================================================
IsTopModel: 0
ResetActiveHigh: 1
IsCombinational: 2
IsDatapathOnly: 2
HasWiredReturn: 1
HasMFsm: 2
HasVarLatency: 1
IsPipeline: 0
IsRtlPipelined: 0
IsInstanceOverlapped: 1
IsDontTouch: 0
HasImplIP: 0
IsGatedGlobalClock: 0

+ Individual pipeline summary: 
  * Pipeline-0: initiation interval (II) = 8, depth = 9


============================================================
+ Verbose Summary: Schedule
============================================================
* Number of FSM states : 9
* Pipeline : 1
  Pipeline-0 : II = 8, D = 9, States = { 1 2 3 4 5 6 7 8 9 }
* Dataflow Pipeline: 0

* FSM state transitions: 
1 --> 2 
2 --> 3 
3 --> 4 
4 --> 5 
5 --> 6 
6 --> 7 
7 --> 8 
8 --> 9 
9 --> 

* FSM state operations: 

State 1 <SV = 0> <Delay = 1.50>
ST_1 : Operation 12 [1/1] (0.00ns)   --->   "%r = alloca i32 1" [./flashattentionmemory.h:112]   --->   Operation 12 'alloca' 'r' <Predicate = true> <Delay = 0.00>
ST_1 : Operation 13 [1/1] (0.00ns)   --->   "%sext_ln112_2_read = read i58 @_ssdm_op_Read.ap_auto.i58, i58 %sext_ln112_2"   --->   Operation 13 'read' 'sext_ln112_2_read' <Predicate = true> <Delay = 0.00>
ST_1 : Operation 14 [1/1] (0.00ns)   --->   "%num_rows_read = read i32 @_ssdm_op_Read.ap_auto.i32, i32 %num_rows"   --->   Operation 14 'read' 'num_rows_read' <Predicate = true> <Delay = 0.00>
ST_1 : Operation 15 [1/1] (0.00ns)   --->   "%sext_ln112_2_cast = sext i58 %sext_ln112_2_read"   --->   Operation 15 'sext' 'sext_ln112_2_cast' <Predicate = true> <Delay = 0.00>
ST_1 : Operation 16 [1/1] (0.00ns)   --->   "%specmemcore_ln0 = specmemcore void @_ssdm_op_SpecMemCore, i16 %tile_15, i64 666, i64 22, i64 18446744073709551615"   --->   Operation 16 'specmemcore' 'specmemcore_ln0' <Predicate = true> <Delay = 0.00>
ST_1 : Operation 17 [1/1] (0.00ns)   --->   "%specmemcore_ln0 = specmemcore void @_ssdm_op_SpecMemCore, i16 %tile_14, i64 666, i64 22, i64 18446744073709551615"   --->   Operation 17 'specmemcore' 'specmemcore_ln0' <Predicate = true> <Delay = 0.00>
ST_1 : Operation 18 [1/1] (0.00ns)   --->   "%specmemcore_ln0 = specmemcore void @_ssdm_op_SpecMemCore, i16 %tile_13, i64 666, i64 22, i64 18446744073709551615"   --->   Operation 18 'specmemcore' 'specmemcore_ln0' <Predicate = true> <Delay = 0.00>
ST_1 : Operation 19 [1/1] (0.00ns)   --->   "%specmemcore_ln0 = specmemcore void @_ssdm_op_SpecMemCore, i16 %tile_12, i64 666, i64 22, i64 18446744073709551615"   --->   Operation 19 'specmemcore' 'specmemcore_ln0' <Predicate = true> <Delay = 0.00>
ST_1 : Operation 20 [1/1] (0.00ns)   --->   "%specmemcore_ln0 = specmemcore void @_ssdm_op_SpecMemCore, i16 %tile_11, i64 666, i64 22, i64 18446744073709551615"   --->   Operation 20 'specmemcore' 'specmemcore_ln0' <Predicate = true> <Delay = 0.00>
ST_1 : Operation 21 [1/1] (0.00ns)   --->   "%specmemcore_ln0 = specmemcore void @_ssdm_op_SpecMemCore, i16 %tile_10, i64 666, i64 22, i64 18446744073709551615"   --->   Operation 21 'specmemcore' 'specmemcore_ln0' <Predicate = true> <Delay = 0.00>
ST_1 : Operation 22 [1/1] (0.00ns)   --->   "%specmemcore_ln0 = specmemcore void @_ssdm_op_SpecMemCore, i16 %tile_9, i64 666, i64 22, i64 18446744073709551615"   --->   Operation 22 'specmemcore' 'specmemcore_ln0' <Predicate = true> <Delay = 0.00>
ST_1 : Operation 23 [1/1] (0.00ns)   --->   "%specmemcore_ln0 = specmemcore void @_ssdm_op_SpecMemCore, i16 %tile_8, i64 666, i64 22, i64 18446744073709551615"   --->   Operation 23 'specmemcore' 'specmemcore_ln0' <Predicate = true> <Delay = 0.00>
ST_1 : Operation 24 [1/1] (0.00ns)   --->   "%specmemcore_ln0 = specmemcore void @_ssdm_op_SpecMemCore, i16 %tile_7, i64 666, i64 22, i64 18446744073709551615"   --->   Operation 24 'specmemcore' 'specmemcore_ln0' <Predicate = true> <Delay = 0.00>
ST_1 : Operation 25 [1/1] (0.00ns)   --->   "%specmemcore_ln0 = specmemcore void @_ssdm_op_SpecMemCore, i16 %tile_6, i64 666, i64 22, i64 18446744073709551615"   --->   Operation 25 'specmemcore' 'specmemcore_ln0' <Predicate = true> <Delay = 0.00>
ST_1 : Operation 26 [1/1] (0.00ns)   --->   "%specmemcore_ln0 = specmemcore void @_ssdm_op_SpecMemCore, i16 %tile_5, i64 666, i64 22, i64 18446744073709551615"   --->   Operation 26 'specmemcore' 'specmemcore_ln0' <Predicate = true> <Delay = 0.00>
ST_1 : Operation 27 [1/1] (0.00ns)   --->   "%specmemcore_ln0 = specmemcore void @_ssdm_op_SpecMemCore, i16 %tile_4, i64 666, i64 22, i64 18446744073709551615"   --->   Operation 27 'specmemcore' 'specmemcore_ln0' <Predicate = true> <Delay = 0.00>
ST_1 : Operation 28 [1/1] (0.00ns)   --->   "%specmemcore_ln0 = specmemcore void @_ssdm_op_SpecMemCore, i16 %tile_3, i64 666, i64 22, i64 18446744073709551615"   --->   Operation 28 'specmemcore' 'specmemcore_ln0' <Predicate = true> <Delay = 0.00>
ST_1 : Operation 29 [1/1] (0.00ns)   --->   "%specmemcore_ln0 = specmemcore void @_ssdm_op_SpecMemCore, i16 %tile_2, i64 666, i64 22, i64 18446744073709551615"   --->   Operation 29 'specmemcore' 'specmemcore_ln0' <Predicate = true> <Delay = 0.00>
ST_1 : Operation 30 [1/1] (0.00ns)   --->   "%specmemcore_ln0 = specmemcore void @_ssdm_op_SpecMemCore, i16 %tile_1, i64 666, i64 22, i64 18446744073709551615"   --->   Operation 30 'specmemcore' 'specmemcore_ln0' <Predicate = true> <Delay = 0.00>
ST_1 : Operation 31 [1/1] (0.00ns)   --->   "%specmemcore_ln0 = specmemcore void @_ssdm_op_SpecMemCore, i16 %tile_0, i64 666, i64 22, i64 18446744073709551615"   --->   Operation 31 'specmemcore' 'specmemcore_ln0' <Predicate = true> <Delay = 0.00>
ST_1 : Operation 32 [1/1] (0.00ns)   --->   "%specinterface_ln0 = specinterface void @_ssdm_op_SpecInterface, i512 %gmem_Q, void @empty_21, i32 0, i32 0, void @empty_27, i32 64, i32 65536, void @empty_38, void @empty_28, void @empty_27, i32 16, i32 16, i32 64, i32 16, void @empty_27, void @empty_27, i32 4294967295, i32 0, i32 0"   --->   Operation 32 'specinterface' 'specinterface_ln0' <Predicate = true> <Delay = 0.00>
ST_1 : Operation 33 [1/1] (0.39ns)   --->   "%store_ln112 = store i10 0, i10 %r" [./flashattentionmemory.h:112]   --->   Operation 33 'store' 'store_ln112' <Predicate = true> <Delay = 0.39>
ST_1 : Operation 34 [1/1] (0.00ns)   --->   "%br_ln0 = br void %LOAD_TILE_BEATS"   --->   Operation 34 'br' 'br_ln0' <Predicate = true> <Delay = 0.00>
ST_1 : Operation 35 [1/1] (0.00ns)   --->   "%r_1 = load i10 %r" [./flashattentionmemory.h:112]   --->   Operation 35 'load' 'r_1' <Predicate = true> <Delay = 0.00>
ST_1 : Operation 36 [1/1] (0.71ns)   --->   "%add_ln112 = add i10 %r_1, i10 1" [./flashattentionmemory.h:112]   --->   Operation 36 'add' 'add_ln112' <Predicate = true> <Delay = 0.71> <CoreInst = "Adder">   --->   Core 1 'Adder' <Latency = 0> <II = 1> <Delay = 0.71> <FuncUnit> <Opcode : 'add' 'sub'> <InPorts = 2> <OutPorts = 1>
ST_1 : Operation 37 [1/1] (0.00ns)   --->   "%zext_ln112 = zext i10 %r_1" [./flashattentionmemory.h:112]   --->   Operation 37 'zext' 'zext_ln112' <Predicate = true> <Delay = 0.00>
ST_1 : Operation 38 [1/1] (0.67ns)   --->   "%icmp_ln112 = icmp_slt  i32 %zext_ln112, i32 %num_rows_read" [./flashattentionmemory.h:112]   --->   Operation 38 'icmp' 'icmp_ln112' <Predicate = true> <Delay = 0.67> <CoreInst = "Cmp">   --->   Core 9 'Cmp' <Latency = 0> <II = 1> <Delay = 0.67> <FuncUnit> <Opcode : 'setle' 'setge' 'setlt' 'setgt'> <InPorts = 2> <OutPorts = 1>
ST_1 : Operation 39 [1/1] (0.00ns)   --->   "%br_ln112 = br i1 %icmp_ln112, void %VITIS_LOOP_139_2.preheader.exitStub, void %LOAD_TILE_BEATS.split" [./flashattentionmemory.h:112]   --->   Operation 39 'br' 'br_ln112' <Predicate = true> <Delay = 0.00>
ST_1 : Operation 40 [1/1] (0.00ns)   --->   "%trunc_ln112 = trunc i10 %r_1" [./flashattentionmemory.h:112]   --->   Operation 40 'trunc' 'trunc_ln112' <Predicate = (icmp_ln112)> <Delay = 0.00>
ST_1 : Operation 41 [1/1] (0.39ns)   --->   "%store_ln112 = store i10 %add_ln112, i10 %r" [./flashattentionmemory.h:112]   --->   Operation 41 'store' 'store_ln112' <Predicate = (icmp_ln112)> <Delay = 0.39>
ST_1 : Operation 838 [1/1] (0.28ns)   --->   "%ret_ln0 = ret"   --->   Operation 838 'ret' 'ret_ln0' <Predicate = (!icmp_ln112)> <Delay = 0.28>

State 2 <SV = 1> <Delay = 2.79>
ST_2 : Operation 42 [1/1] (0.00ns)   --->   "%gmem_Q_addr = getelementptr i512 %gmem_Q, i64 %sext_ln112_2_cast" [./flashattentionmemory.h:112]   --->   Operation 42 'getelementptr' 'gmem_Q_addr' <Predicate = (icmp_ln112)> <Delay = 0.00>
ST_2 : Operation 43 [1/1] (0.00ns)   --->   "%tmp_75 = bitconcatenate i9 @_ssdm_op_BitConcatenate.i9.i6.i3, i6 %trunc_ln112, i3 0" [./flashattentionmemory.h:130]   --->   Operation 43 'bitconcatenate' 'tmp_75' <Predicate = (icmp_ln112)> <Delay = 0.00>
ST_2 : Operation 44 [1/1] (0.00ns)   --->   "%zext_ln130 = zext i9 %tmp_75" [./flashattentionmemory.h:130]   --->   Operation 44 'zext' 'zext_ln130' <Predicate = (icmp_ln112)> <Delay = 0.00>
ST_2 : Operation 45 [1/1] (0.00ns)   --->   "%tile_0_addr = getelementptr i16 %tile_0, i64 0, i64 %zext_ln130" [./flashattentionmemory.h:130]   --->   Operation 45 'getelementptr' 'tile_0_addr' <Predicate = (icmp_ln112)> <Delay = 0.00>
ST_2 : Operation 46 [1/1] (0.00ns)   --->   "%tile_1_addr = getelementptr i16 %tile_1, i64 0, i64 %zext_ln130" [./flashattentionmemory.h:130]   --->   Operation 46 'getelementptr' 'tile_1_addr' <Predicate = (icmp_ln112)> <Delay = 0.00>
ST_2 : Operation 47 [1/1] (0.00ns)   --->   "%tile_2_addr = getelementptr i16 %tile_2, i64 0, i64 %zext_ln130" [./flashattentionmemory.h:130]   --->   Operation 47 'getelementptr' 'tile_2_addr' <Predicate = (icmp_ln112)> <Delay = 0.00>
ST_2 : Operation 48 [1/1] (0.00ns)   --->   "%tile_3_addr = getelementptr i16 %tile_3, i64 0, i64 %zext_ln130" [./flashattentionmemory.h:130]   --->   Operation 48 'getelementptr' 'tile_3_addr' <Predicate = (icmp_ln112)> <Delay = 0.00>
ST_2 : Operation 49 [1/1] (0.00ns)   --->   "%tile_4_addr = getelementptr i16 %tile_4, i64 0, i64 %zext_ln130" [./flashattentionmemory.h:130]   --->   Operation 49 'getelementptr' 'tile_4_addr' <Predicate = (icmp_ln112)> <Delay = 0.00>
ST_2 : Operation 50 [1/1] (0.00ns)   --->   "%tile_5_addr = getelementptr i16 %tile_5, i64 0, i64 %zext_ln130" [./flashattentionmemory.h:130]   --->   Operation 50 'getelementptr' 'tile_5_addr' <Predicate = (icmp_ln112)> <Delay = 0.00>
ST_2 : Operation 51 [1/1] (0.00ns)   --->   "%tile_6_addr = getelementptr i16 %tile_6, i64 0, i64 %zext_ln130" [./flashattentionmemory.h:130]   --->   Operation 51 'getelementptr' 'tile_6_addr' <Predicate = (icmp_ln112)> <Delay = 0.00>
ST_2 : Operation 52 [1/1] (0.00ns)   --->   "%tile_7_addr = getelementptr i16 %tile_7, i64 0, i64 %zext_ln130" [./flashattentionmemory.h:130]   --->   Operation 52 'getelementptr' 'tile_7_addr' <Predicate = (icmp_ln112)> <Delay = 0.00>
ST_2 : Operation 53 [1/1] (0.00ns)   --->   "%tile_8_addr = getelementptr i16 %tile_8, i64 0, i64 %zext_ln130" [./flashattentionmemory.h:130]   --->   Operation 53 'getelementptr' 'tile_8_addr' <Predicate = (icmp_ln112)> <Delay = 0.00>
ST_2 : Operation 54 [1/1] (0.00ns)   --->   "%tile_9_addr = getelementptr i16 %tile_9, i64 0, i64 %zext_ln130" [./flashattentionmemory.h:130]   --->   Operation 54 'getelementptr' 'tile_9_addr' <Predicate = (icmp_ln112)> <Delay = 0.00>
ST_2 : Operation 55 [1/1] (0.00ns)   --->   "%tile_10_addr = getelementptr i16 %tile_10, i64 0, i64 %zext_ln130" [./flashattentionmemory.h:130]   --->   Operation 55 'getelementptr' 'tile_10_addr' <Predicate = (icmp_ln112)> <Delay = 0.00>
ST_2 : Operation 56 [1/1] (0.00ns)   --->   "%tile_11_addr = getelementptr i16 %tile_11, i64 0, i64 %zext_ln130" [./flashattentionmemory.h:130]   --->   Operation 56 'getelementptr' 'tile_11_addr' <Predicate = (icmp_ln112)> <Delay = 0.00>
ST_2 : Operation 57 [1/1] (0.00ns)   --->   "%tile_12_addr = getelementptr i16 %tile_12, i64 0, i64 %zext_ln130" [./flashattentionmemory.h:130]   --->   Operation 57 'getelementptr' 'tile_12_addr' <Predicate = (icmp_ln112)> <Delay = 0.00>
ST_2 : Operation 58 [1/1] (0.00ns)   --->   "%tile_13_addr = getelementptr i16 %tile_13, i64 0, i64 %zext_ln130" [./flashattentionmemory.h:130]   --->   Operation 58 'getelementptr' 'tile_13_addr' <Predicate = (icmp_ln112)> <Delay = 0.00>
ST_2 : Operation 59 [1/1] (0.00ns)   --->   "%tile_14_addr = getelementptr i16 %tile_14, i64 0, i64 %zext_ln130" [./flashattentionmemory.h:130]   --->   Operation 59 'getelementptr' 'tile_14_addr' <Predicate = (icmp_ln112)> <Delay = 0.00>
ST_2 : Operation 60 [1/1] (0.00ns)   --->   "%tile_15_addr = getelementptr i16 %tile_15, i64 0, i64 %zext_ln130" [./flashattentionmemory.h:130]   --->   Operation 60 'getelementptr' 'tile_15_addr' <Predicate = (icmp_ln112)> <Delay = 0.00>
ST_2 : Operation 61 [1/1] (0.34ns) (share mux size 4)   --->   "%muxLogicAXIMCE_to_word = muxlogic"   --->   Operation 61 'muxlogic' 'muxLogicAXIMCE_to_word' <Predicate = (icmp_ln112)> <Delay = 0.34>
ST_2 : Operation 62 [1/1] (1.19ns) (share mux size 4)   --->   "%word = read i512 @_ssdm_op_Read.m_axi.p1i512, i64 %gmem_Q_addr" [./flashattentionmemory.h:112]   --->   Operation 62 'read' 'word' <Predicate = (icmp_ln112)> <Delay = 1.19> <CoreInst = "m_axi">   --->   Core 123 'm_axi' <Latency = 0> <II = 1> <Delay = 1.51> <Adapter> <Opcode : 'read' 'write' 'readreq' 'writereq' 'writeresp'>
ST_2 : Operation 63 [1/1] (0.00ns)   --->   "%trunc_ln67 = trunc i512 %word" [./flashattentionmemory.h:67->./flashattentionmemory.h:123]   --->   Operation 63 'trunc' 'trunc_ln67' <Predicate = (icmp_ln112)> <Delay = 0.00>
ST_2 : Operation 64 [1/1] (0.00ns)   --->   "%vals = bitcast i16 %trunc_ln67" [./flashattentionmemory.h:67->./flashattentionmemory.h:123]   --->   Operation 64 'bitcast' 'vals' <Predicate = (icmp_ln112)> <Delay = 0.00>
ST_2 : Operation 65 [1/1] (0.00ns)   --->   "%tmp_s = partselect i16 @_ssdm_op_PartSelect.i16.i512.i32, i512 %word, i32 16" [./flashattentionmemory.h:67->./flashattentionmemory.h:123]   --->   Operation 65 'partselect' 'tmp_s' <Predicate = (icmp_ln112)> <Delay = 0.00>
ST_2 : Operation 66 [1/1] (0.00ns)   --->   "%vals_32 = bitcast i16 %tmp_s" [./flashattentionmemory.h:67->./flashattentionmemory.h:123]   --->   Operation 66 'bitcast' 'vals_32' <Predicate = (icmp_ln112)> <Delay = 0.00>
ST_2 : Operation 67 [1/1] (0.00ns)   --->   "%tmp_45 = partselect i16 @_ssdm_op_PartSelect.i16.i512.i32, i512 %word, i32 32" [./flashattentionmemory.h:67->./flashattentionmemory.h:123]   --->   Operation 67 'partselect' 'tmp_45' <Predicate = (icmp_ln112)> <Delay = 0.00>
ST_2 : Operation 68 [1/1] (0.00ns)   --->   "%vals_33 = bitcast i16 %tmp_45" [./flashattentionmemory.h:67->./flashattentionmemory.h:123]   --->   Operation 68 'bitcast' 'vals_33' <Predicate = (icmp_ln112)> <Delay = 0.00>
ST_2 : Operation 69 [1/1] (0.00ns)   --->   "%tmp_46 = partselect i16 @_ssdm_op_PartSelect.i16.i512.i32, i512 %word, i32 48" [./flashattentionmemory.h:67->./flashattentionmemory.h:123]   --->   Operation 69 'partselect' 'tmp_46' <Predicate = (icmp_ln112)> <Delay = 0.00>
ST_2 : Operation 70 [1/1] (0.00ns)   --->   "%vals_34 = bitcast i16 %tmp_46" [./flashattentionmemory.h:67->./flashattentionmemory.h:123]   --->   Operation 70 'bitcast' 'vals_34' <Predicate = (icmp_ln112)> <Delay = 0.00>
ST_2 : Operation 71 [1/1] (0.00ns)   --->   "%tmp_47 = partselect i16 @_ssdm_op_PartSelect.i16.i512.i32, i512 %word, i32 64" [./flashattentionmemory.h:67->./flashattentionmemory.h:123]   --->   Operation 71 'partselect' 'tmp_47' <Predicate = (icmp_ln112)> <Delay = 0.00>
ST_2 : Operation 72 [1/1] (0.00ns)   --->   "%vals_35 = bitcast i16 %tmp_47" [./flashattentionmemory.h:67->./flashattentionmemory.h:123]   --->   Operation 72 'bitcast' 'vals_35' <Predicate = (icmp_ln112)> <Delay = 0.00>
ST_2 : Operation 73 [1/1] (0.00ns)   --->   "%tmp_48 = partselect i16 @_ssdm_op_PartSelect.i16.i512.i32, i512 %word, i32 80" [./flashattentionmemory.h:67->./flashattentionmemory.h:123]   --->   Operation 73 'partselect' 'tmp_48' <Predicate = (icmp_ln112)> <Delay = 0.00>
ST_2 : Operation 74 [1/1] (0.00ns)   --->   "%vals_36 = bitcast i16 %tmp_48" [./flashattentionmemory.h:67->./flashattentionmemory.h:123]   --->   Operation 74 'bitcast' 'vals_36' <Predicate = (icmp_ln112)> <Delay = 0.00>
ST_2 : Operation 75 [1/1] (0.00ns)   --->   "%tmp_49 = partselect i16 @_ssdm_op_PartSelect.i16.i512.i32, i512 %word, i32 96" [./flashattentionmemory.h:67->./flashattentionmemory.h:123]   --->   Operation 75 'partselect' 'tmp_49' <Predicate = (icmp_ln112)> <Delay = 0.00>
ST_2 : Operation 76 [1/1] (0.00ns)   --->   "%vals_37 = bitcast i16 %tmp_49" [./flashattentionmemory.h:67->./flashattentionmemory.h:123]   --->   Operation 76 'bitcast' 'vals_37' <Predicate = (icmp_ln112)> <Delay = 0.00>
ST_2 : Operation 77 [1/1] (0.00ns)   --->   "%tmp_50 = partselect i16 @_ssdm_op_PartSelect.i16.i512.i32, i512 %word, i32 112" [./flashattentionmemory.h:67->./flashattentionmemory.h:123]   --->   Operation 77 'partselect' 'tmp_50' <Predicate = (icmp_ln112)> <Delay = 0.00>
ST_2 : Operation 78 [1/1] (0.00ns)   --->   "%vals_38 = bitcast i16 %tmp_50" [./flashattentionmemory.h:67->./flashattentionmemory.h:123]   --->   Operation 78 'bitcast' 'vals_38' <Predicate = (icmp_ln112)> <Delay = 0.00>
ST_2 : Operation 79 [1/1] (0.00ns)   --->   "%tmp_51 = partselect i16 @_ssdm_op_PartSelect.i16.i512.i32, i512 %word, i32 128" [./flashattentionmemory.h:67->./flashattentionmemory.h:123]   --->   Operation 79 'partselect' 'tmp_51' <Predicate = (icmp_ln112)> <Delay = 0.00>
ST_2 : Operation 80 [1/1] (0.00ns)   --->   "%vals_39 = bitcast i16 %tmp_51" [./flashattentionmemory.h:67->./flashattentionmemory.h:123]   --->   Operation 80 'bitcast' 'vals_39' <Predicate = (icmp_ln112)> <Delay = 0.00>
ST_2 : Operation 81 [1/1] (0.00ns)   --->   "%tmp_52 = partselect i16 @_ssdm_op_PartSelect.i16.i512.i32, i512 %word, i32 144" [./flashattentionmemory.h:67->./flashattentionmemory.h:123]   --->   Operation 81 'partselect' 'tmp_52' <Predicate = (icmp_ln112)> <Delay = 0.00>
ST_2 : Operation 82 [1/1] (0.00ns)   --->   "%vals_40 = bitcast i16 %tmp_52" [./flashattentionmemory.h:67->./flashattentionmemory.h:123]   --->   Operation 82 'bitcast' 'vals_40' <Predicate = (icmp_ln112)> <Delay = 0.00>
ST_2 : Operation 83 [1/1] (0.00ns)   --->   "%tmp_53 = partselect i16 @_ssdm_op_PartSelect.i16.i512.i32, i512 %word, i32 160" [./flashattentionmemory.h:67->./flashattentionmemory.h:123]   --->   Operation 83 'partselect' 'tmp_53' <Predicate = (icmp_ln112)> <Delay = 0.00>
ST_2 : Operation 84 [1/1] (0.00ns)   --->   "%vals_41 = bitcast i16 %tmp_53" [./flashattentionmemory.h:67->./flashattentionmemory.h:123]   --->   Operation 84 'bitcast' 'vals_41' <Predicate = (icmp_ln112)> <Delay = 0.00>
ST_2 : Operation 85 [1/1] (0.00ns)   --->   "%tmp_54 = partselect i16 @_ssdm_op_PartSelect.i16.i512.i32, i512 %word, i32 176" [./flashattentionmemory.h:67->./flashattentionmemory.h:123]   --->   Operation 85 'partselect' 'tmp_54' <Predicate = (icmp_ln112)> <Delay = 0.00>
ST_2 : Operation 86 [1/1] (0.00ns)   --->   "%vals_42 = bitcast i16 %tmp_54" [./flashattentionmemory.h:67->./flashattentionmemory.h:123]   --->   Operation 86 'bitcast' 'vals_42' <Predicate = (icmp_ln112)> <Delay = 0.00>
ST_2 : Operation 87 [1/1] (0.00ns)   --->   "%tmp_55 = partselect i16 @_ssdm_op_PartSelect.i16.i512.i32, i512 %word, i32 192" [./flashattentionmemory.h:67->./flashattentionmemory.h:123]   --->   Operation 87 'partselect' 'tmp_55' <Predicate = (icmp_ln112)> <Delay = 0.00>
ST_2 : Operation 88 [1/1] (0.00ns)   --->   "%vals_43 = bitcast i16 %tmp_55" [./flashattentionmemory.h:67->./flashattentionmemory.h:123]   --->   Operation 88 'bitcast' 'vals_43' <Predicate = (icmp_ln112)> <Delay = 0.00>
ST_2 : Operation 89 [1/1] (0.00ns)   --->   "%tmp_56 = partselect i16 @_ssdm_op_PartSelect.i16.i512.i32, i512 %word, i32 208" [./flashattentionmemory.h:67->./flashattentionmemory.h:123]   --->   Operation 89 'partselect' 'tmp_56' <Predicate = (icmp_ln112)> <Delay = 0.00>
ST_2 : Operation 90 [1/1] (0.00ns)   --->   "%vals_44 = bitcast i16 %tmp_56" [./flashattentionmemory.h:67->./flashattentionmemory.h:123]   --->   Operation 90 'bitcast' 'vals_44' <Predicate = (icmp_ln112)> <Delay = 0.00>
ST_2 : Operation 91 [1/1] (0.00ns)   --->   "%tmp_57 = partselect i16 @_ssdm_op_PartSelect.i16.i512.i32, i512 %word, i32 224" [./flashattentionmemory.h:67->./flashattentionmemory.h:123]   --->   Operation 91 'partselect' 'tmp_57' <Predicate = (icmp_ln112)> <Delay = 0.00>
ST_2 : Operation 92 [1/1] (0.00ns)   --->   "%vals_45 = bitcast i16 %tmp_57" [./flashattentionmemory.h:67->./flashattentionmemory.h:123]   --->   Operation 92 'bitcast' 'vals_45' <Predicate = (icmp_ln112)> <Delay = 0.00>
ST_2 : Operation 93 [1/1] (0.00ns)   --->   "%tmp_58 = partselect i16 @_ssdm_op_PartSelect.i16.i512.i32, i512 %word, i32 240" [./flashattentionmemory.h:67->./flashattentionmemory.h:123]   --->   Operation 93 'partselect' 'tmp_58' <Predicate = (icmp_ln112)> <Delay = 0.00>
ST_2 : Operation 94 [1/1] (0.00ns)   --->   "%vals_46 = bitcast i16 %tmp_58" [./flashattentionmemory.h:67->./flashattentionmemory.h:123]   --->   Operation 94 'bitcast' 'vals_46' <Predicate = (icmp_ln112)> <Delay = 0.00>
ST_2 : Operation 95 [1/1] (0.00ns)   --->   "%tmp_59 = partselect i16 @_ssdm_op_PartSelect.i16.i512.i32, i512 %word, i32 256" [./flashattentionmemory.h:67->./flashattentionmemory.h:123]   --->   Operation 95 'partselect' 'tmp_59' <Predicate = (icmp_ln112)> <Delay = 0.00>
ST_2 : Operation 96 [1/1] (0.00ns)   --->   "%tmp_60 = partselect i16 @_ssdm_op_PartSelect.i16.i512.i32, i512 %word, i32 272" [./flashattentionmemory.h:67->./flashattentionmemory.h:123]   --->   Operation 96 'partselect' 'tmp_60' <Predicate = (icmp_ln112)> <Delay = 0.00>
ST_2 : Operation 97 [1/1] (0.00ns)   --->   "%tmp_61 = partselect i16 @_ssdm_op_PartSelect.i16.i512.i32, i512 %word, i32 288" [./flashattentionmemory.h:67->./flashattentionmemory.h:123]   --->   Operation 97 'partselect' 'tmp_61' <Predicate = (icmp_ln112)> <Delay = 0.00>
ST_2 : Operation 98 [1/1] (0.00ns)   --->   "%tmp_62 = partselect i16 @_ssdm_op_PartSelect.i16.i512.i32, i512 %word, i32 304" [./flashattentionmemory.h:67->./flashattentionmemory.h:123]   --->   Operation 98 'partselect' 'tmp_62' <Predicate = (icmp_ln112)> <Delay = 0.00>
ST_2 : Operation 99 [1/1] (0.00ns)   --->   "%tmp_63 = partselect i16 @_ssdm_op_PartSelect.i16.i512.i32, i512 %word, i32 320" [./flashattentionmemory.h:67->./flashattentionmemory.h:123]   --->   Operation 99 'partselect' 'tmp_63' <Predicate = (icmp_ln112)> <Delay = 0.00>
ST_2 : Operation 100 [1/1] (0.00ns)   --->   "%tmp_64 = partselect i16 @_ssdm_op_PartSelect.i16.i512.i32, i512 %word, i32 336" [./flashattentionmemory.h:67->./flashattentionmemory.h:123]   --->   Operation 100 'partselect' 'tmp_64' <Predicate = (icmp_ln112)> <Delay = 0.00>
ST_2 : Operation 101 [1/1] (0.00ns)   --->   "%tmp_65 = partselect i16 @_ssdm_op_PartSelect.i16.i512.i32, i512 %word, i32 352" [./flashattentionmemory.h:67->./flashattentionmemory.h:123]   --->   Operation 101 'partselect' 'tmp_65' <Predicate = (icmp_ln112)> <Delay = 0.00>
ST_2 : Operation 102 [1/1] (0.00ns)   --->   "%tmp_66 = partselect i16 @_ssdm_op_PartSelect.i16.i512.i32, i512 %word, i32 368" [./flashattentionmemory.h:67->./flashattentionmemory.h:123]   --->   Operation 102 'partselect' 'tmp_66' <Predicate = (icmp_ln112)> <Delay = 0.00>
ST_2 : Operation 103 [1/1] (0.00ns)   --->   "%tmp_67 = partselect i16 @_ssdm_op_PartSelect.i16.i512.i32, i512 %word, i32 384" [./flashattentionmemory.h:67->./flashattentionmemory.h:123]   --->   Operation 103 'partselect' 'tmp_67' <Predicate = (icmp_ln112)> <Delay = 0.00>
ST_2 : Operation 104 [1/1] (0.00ns)   --->   "%tmp_68 = partselect i16 @_ssdm_op_PartSelect.i16.i512.i32, i512 %word, i32 400" [./flashattentionmemory.h:67->./flashattentionmemory.h:123]   --->   Operation 104 'partselect' 'tmp_68' <Predicate = (icmp_ln112)> <Delay = 0.00>
ST_2 : Operation 105 [1/1] (0.00ns)   --->   "%tmp_69 = partselect i16 @_ssdm_op_PartSelect.i16.i512.i32, i512 %word, i32 416" [./flashattentionmemory.h:67->./flashattentionmemory.h:123]   --->   Operation 105 'partselect' 'tmp_69' <Predicate = (icmp_ln112)> <Delay = 0.00>
ST_2 : Operation 106 [1/1] (0.00ns)   --->   "%tmp_70 = partselect i16 @_ssdm_op_PartSelect.i16.i512.i32, i512 %word, i32 432" [./flashattentionmemory.h:67->./flashattentionmemory.h:123]   --->   Operation 106 'partselect' 'tmp_70' <Predicate = (icmp_ln112)> <Delay = 0.00>
ST_2 : Operation 107 [1/1] (0.00ns)   --->   "%tmp_71 = partselect i16 @_ssdm_op_PartSelect.i16.i512.i32, i512 %word, i32 448" [./flashattentionmemory.h:67->./flashattentionmemory.h:123]   --->   Operation 107 'partselect' 'tmp_71' <Predicate = (icmp_ln112)> <Delay = 0.00>
ST_2 : Operation 108 [1/1] (0.00ns)   --->   "%tmp_72 = partselect i16 @_ssdm_op_PartSelect.i16.i512.i32, i512 %word, i32 464" [./flashattentionmemory.h:67->./flashattentionmemory.h:123]   --->   Operation 108 'partselect' 'tmp_72' <Predicate = (icmp_ln112)> <Delay = 0.00>
ST_2 : Operation 109 [1/1] (0.00ns)   --->   "%tmp_73 = partselect i16 @_ssdm_op_PartSelect.i16.i512.i32, i512 %word, i32 480" [./flashattentionmemory.h:67->./flashattentionmemory.h:123]   --->   Operation 109 'partselect' 'tmp_73' <Predicate = (icmp_ln112)> <Delay = 0.00>
ST_2 : Operation 110 [1/1] (0.00ns)   --->   "%tmp_74 = partselect i16 @_ssdm_op_PartSelect.i16.i512.i32, i512 %word, i32 496" [./flashattentionmemory.h:67->./flashattentionmemory.h:123]   --->   Operation 110 'partselect' 'tmp_74' <Predicate = (icmp_ln112)> <Delay = 0.00>
ST_2 : Operation 111 [1/1] (0.69ns) (share mux size 8)   --->   "%muxLogicRAMData_to_store_ln130 = muxlogic i16 %vals"   --->   Operation 111 'muxlogic' 'muxLogicRAMData_to_store_ln130' <Predicate = (icmp_ln112)> <Delay = 0.69>
ST_2 : Operation 112 [1/1] (0.69ns) (share mux size 8)   --->   "%muxLogicRAMAddr_to_store_ln130 = muxlogic i9 %tile_0_addr"   --->   Operation 112 'muxlogic' 'muxLogicRAMAddr_to_store_ln130' <Predicate = (icmp_ln112)> <Delay = 0.69>
ST_2 : Operation 113 [1/1] ( I:0.55ns O:0.55ns ) (share mux size 11)   --->   "%store_ln130 = store i16 %vals, i9 %tile_0_addr" [./flashattentionmemory.h:130]   --->   Operation 113 'store' 'store_ln130' <Predicate = (icmp_ln112)> <Delay = 0.55> <CoreInst = "RAM_2P_BRAM">   --->   Core 97 'RAM_2P_BRAM' <Latency = 1> <II = 1> <Delay = 0.86> <Storage> <Opcode : 'load' 'store'> <Ports = 2> <Width = 16> <Depth = 512> <RAM>
ST_2 : Operation 114 [1/1] (0.69ns) (share mux size 8)   --->   "%muxLogicRAMData_to_store_ln130 = muxlogic i16 %vals_32"   --->   Operation 114 'muxlogic' 'muxLogicRAMData_to_store_ln130' <Predicate = (icmp_ln112)> <Delay = 0.69>
ST_2 : Operation 115 [1/1] (0.69ns) (share mux size 8)   --->   "%muxLogicRAMAddr_to_store_ln130 = muxlogic i9 %tile_1_addr"   --->   Operation 115 'muxlogic' 'muxLogicRAMAddr_to_store_ln130' <Predicate = (icmp_ln112)> <Delay = 0.69>
ST_2 : Operation 116 [1/1] ( I:0.55ns O:0.55ns ) (share mux size 11)   --->   "%store_ln130 = store i16 %vals_32, i9 %tile_1_addr" [./flashattentionmemory.h:130]   --->   Operation 116 'store' 'store_ln130' <Predicate = (icmp_ln112)> <Delay = 0.55> <CoreInst = "RAM_2P_BRAM">   --->   Core 97 'RAM_2P_BRAM' <Latency = 1> <II = 1> <Delay = 0.86> <Storage> <Opcode : 'load' 'store'> <Ports = 2> <Width = 16> <Depth = 512> <RAM>
ST_2 : Operation 117 [1/1] (0.69ns) (share mux size 8)   --->   "%muxLogicRAMData_to_store_ln130 = muxlogic i16 %vals_33"   --->   Operation 117 'muxlogic' 'muxLogicRAMData_to_store_ln130' <Predicate = (icmp_ln112)> <Delay = 0.69>
ST_2 : Operation 118 [1/1] (0.69ns) (share mux size 8)   --->   "%muxLogicRAMAddr_to_store_ln130 = muxlogic i9 %tile_2_addr"   --->   Operation 118 'muxlogic' 'muxLogicRAMAddr_to_store_ln130' <Predicate = (icmp_ln112)> <Delay = 0.69>
ST_2 : Operation 119 [1/1] ( I:0.55ns O:0.55ns ) (share mux size 11)   --->   "%store_ln130 = store i16 %vals_33, i9 %tile_2_addr" [./flashattentionmemory.h:130]   --->   Operation 119 'store' 'store_ln130' <Predicate = (icmp_ln112)> <Delay = 0.55> <CoreInst = "RAM_2P_BRAM">   --->   Core 97 'RAM_2P_BRAM' <Latency = 1> <II = 1> <Delay = 0.86> <Storage> <Opcode : 'load' 'store'> <Ports = 2> <Width = 16> <Depth = 512> <RAM>
ST_2 : Operation 120 [1/1] (0.69ns) (share mux size 8)   --->   "%muxLogicRAMData_to_store_ln130 = muxlogic i16 %vals_34"   --->   Operation 120 'muxlogic' 'muxLogicRAMData_to_store_ln130' <Predicate = (icmp_ln112)> <Delay = 0.69>
ST_2 : Operation 121 [1/1] (0.69ns) (share mux size 8)   --->   "%muxLogicRAMAddr_to_store_ln130 = muxlogic i9 %tile_3_addr"   --->   Operation 121 'muxlogic' 'muxLogicRAMAddr_to_store_ln130' <Predicate = (icmp_ln112)> <Delay = 0.69>
ST_2 : Operation 122 [1/1] ( I:0.55ns O:0.55ns ) (share mux size 11)   --->   "%store_ln130 = store i16 %vals_34, i9 %tile_3_addr" [./flashattentionmemory.h:130]   --->   Operation 122 'store' 'store_ln130' <Predicate = (icmp_ln112)> <Delay = 0.55> <CoreInst = "RAM_2P_BRAM">   --->   Core 97 'RAM_2P_BRAM' <Latency = 1> <II = 1> <Delay = 0.86> <Storage> <Opcode : 'load' 'store'> <Ports = 2> <Width = 16> <Depth = 512> <RAM>
ST_2 : Operation 123 [1/1] (0.69ns) (share mux size 8)   --->   "%muxLogicRAMData_to_store_ln130 = muxlogic i16 %vals_35"   --->   Operation 123 'muxlogic' 'muxLogicRAMData_to_store_ln130' <Predicate = (icmp_ln112)> <Delay = 0.69>
ST_2 : Operation 124 [1/1] (0.69ns) (share mux size 8)   --->   "%muxLogicRAMAddr_to_store_ln130 = muxlogic i9 %tile_4_addr"   --->   Operation 124 'muxlogic' 'muxLogicRAMAddr_to_store_ln130' <Predicate = (icmp_ln112)> <Delay = 0.69>
ST_2 : Operation 125 [1/1] ( I:0.55ns O:0.55ns ) (share mux size 11)   --->   "%store_ln130 = store i16 %vals_35, i9 %tile_4_addr" [./flashattentionmemory.h:130]   --->   Operation 125 'store' 'store_ln130' <Predicate = (icmp_ln112)> <Delay = 0.55> <CoreInst = "RAM_2P_BRAM">   --->   Core 97 'RAM_2P_BRAM' <Latency = 1> <II = 1> <Delay = 0.86> <Storage> <Opcode : 'load' 'store'> <Ports = 2> <Width = 16> <Depth = 512> <RAM>
ST_2 : Operation 126 [1/1] (0.69ns) (share mux size 8)   --->   "%muxLogicRAMData_to_store_ln130 = muxlogic i16 %vals_36"   --->   Operation 126 'muxlogic' 'muxLogicRAMData_to_store_ln130' <Predicate = (icmp_ln112)> <Delay = 0.69>
ST_2 : Operation 127 [1/1] (0.69ns) (share mux size 8)   --->   "%muxLogicRAMAddr_to_store_ln130 = muxlogic i9 %tile_5_addr"   --->   Operation 127 'muxlogic' 'muxLogicRAMAddr_to_store_ln130' <Predicate = (icmp_ln112)> <Delay = 0.69>
ST_2 : Operation 128 [1/1] ( I:0.55ns O:0.55ns ) (share mux size 11)   --->   "%store_ln130 = store i16 %vals_36, i9 %tile_5_addr" [./flashattentionmemory.h:130]   --->   Operation 128 'store' 'store_ln130' <Predicate = (icmp_ln112)> <Delay = 0.55> <CoreInst = "RAM_2P_BRAM">   --->   Core 97 'RAM_2P_BRAM' <Latency = 1> <II = 1> <Delay = 0.86> <Storage> <Opcode : 'load' 'store'> <Ports = 2> <Width = 16> <Depth = 512> <RAM>
ST_2 : Operation 129 [1/1] (0.69ns) (share mux size 8)   --->   "%muxLogicRAMData_to_store_ln130 = muxlogic i16 %vals_37"   --->   Operation 129 'muxlogic' 'muxLogicRAMData_to_store_ln130' <Predicate = (icmp_ln112)> <Delay = 0.69>
ST_2 : Operation 130 [1/1] (0.69ns) (share mux size 8)   --->   "%muxLogicRAMAddr_to_store_ln130 = muxlogic i9 %tile_6_addr"   --->   Operation 130 'muxlogic' 'muxLogicRAMAddr_to_store_ln130' <Predicate = (icmp_ln112)> <Delay = 0.69>
ST_2 : Operation 131 [1/1] ( I:0.55ns O:0.55ns ) (share mux size 11)   --->   "%store_ln130 = store i16 %vals_37, i9 %tile_6_addr" [./flashattentionmemory.h:130]   --->   Operation 131 'store' 'store_ln130' <Predicate = (icmp_ln112)> <Delay = 0.55> <CoreInst = "RAM_2P_BRAM">   --->   Core 97 'RAM_2P_BRAM' <Latency = 1> <II = 1> <Delay = 0.86> <Storage> <Opcode : 'load' 'store'> <Ports = 2> <Width = 16> <Depth = 512> <RAM>
ST_2 : Operation 132 [1/1] (0.69ns) (share mux size 8)   --->   "%muxLogicRAMData_to_store_ln130 = muxlogic i16 %vals_38"   --->   Operation 132 'muxlogic' 'muxLogicRAMData_to_store_ln130' <Predicate = (icmp_ln112)> <Delay = 0.69>
ST_2 : Operation 133 [1/1] (0.69ns) (share mux size 8)   --->   "%muxLogicRAMAddr_to_store_ln130 = muxlogic i9 %tile_7_addr"   --->   Operation 133 'muxlogic' 'muxLogicRAMAddr_to_store_ln130' <Predicate = (icmp_ln112)> <Delay = 0.69>
ST_2 : Operation 134 [1/1] ( I:0.55ns O:0.55ns ) (share mux size 11)   --->   "%store_ln130 = store i16 %vals_38, i9 %tile_7_addr" [./flashattentionmemory.h:130]   --->   Operation 134 'store' 'store_ln130' <Predicate = (icmp_ln112)> <Delay = 0.55> <CoreInst = "RAM_2P_BRAM">   --->   Core 97 'RAM_2P_BRAM' <Latency = 1> <II = 1> <Delay = 0.86> <Storage> <Opcode : 'load' 'store'> <Ports = 2> <Width = 16> <Depth = 512> <RAM>
ST_2 : Operation 135 [1/1] (0.69ns) (share mux size 8)   --->   "%muxLogicRAMData_to_store_ln130 = muxlogic i16 %vals_39"   --->   Operation 135 'muxlogic' 'muxLogicRAMData_to_store_ln130' <Predicate = (icmp_ln112)> <Delay = 0.69>
ST_2 : Operation 136 [1/1] (0.69ns) (share mux size 8)   --->   "%muxLogicRAMAddr_to_store_ln130 = muxlogic i9 %tile_8_addr"   --->   Operation 136 'muxlogic' 'muxLogicRAMAddr_to_store_ln130' <Predicate = (icmp_ln112)> <Delay = 0.69>
ST_2 : Operation 137 [1/1] ( I:0.55ns O:0.55ns ) (share mux size 11)   --->   "%store_ln130 = store i16 %vals_39, i9 %tile_8_addr" [./flashattentionmemory.h:130]   --->   Operation 137 'store' 'store_ln130' <Predicate = (icmp_ln112)> <Delay = 0.55> <CoreInst = "RAM_2P_BRAM">   --->   Core 97 'RAM_2P_BRAM' <Latency = 1> <II = 1> <Delay = 0.86> <Storage> <Opcode : 'load' 'store'> <Ports = 2> <Width = 16> <Depth = 512> <RAM>
ST_2 : Operation 138 [1/1] (0.69ns) (share mux size 8)   --->   "%muxLogicRAMData_to_store_ln130 = muxlogic i16 %vals_40"   --->   Operation 138 'muxlogic' 'muxLogicRAMData_to_store_ln130' <Predicate = (icmp_ln112)> <Delay = 0.69>
ST_2 : Operation 139 [1/1] (0.69ns) (share mux size 8)   --->   "%muxLogicRAMAddr_to_store_ln130 = muxlogic i9 %tile_9_addr"   --->   Operation 139 'muxlogic' 'muxLogicRAMAddr_to_store_ln130' <Predicate = (icmp_ln112)> <Delay = 0.69>
ST_2 : Operation 140 [1/1] ( I:0.55ns O:0.55ns ) (share mux size 11)   --->   "%store_ln130 = store i16 %vals_40, i9 %tile_9_addr" [./flashattentionmemory.h:130]   --->   Operation 140 'store' 'store_ln130' <Predicate = (icmp_ln112)> <Delay = 0.55> <CoreInst = "RAM_2P_BRAM">   --->   Core 97 'RAM_2P_BRAM' <Latency = 1> <II = 1> <Delay = 0.86> <Storage> <Opcode : 'load' 'store'> <Ports = 2> <Width = 16> <Depth = 512> <RAM>
ST_2 : Operation 141 [1/1] (0.69ns) (share mux size 8)   --->   "%muxLogicRAMData_to_store_ln130 = muxlogic i16 %vals_41"   --->   Operation 141 'muxlogic' 'muxLogicRAMData_to_store_ln130' <Predicate = (icmp_ln112)> <Delay = 0.69>
ST_2 : Operation 142 [1/1] (0.69ns) (share mux size 8)   --->   "%muxLogicRAMAddr_to_store_ln130 = muxlogic i9 %tile_10_addr"   --->   Operation 142 'muxlogic' 'muxLogicRAMAddr_to_store_ln130' <Predicate = (icmp_ln112)> <Delay = 0.69>
ST_2 : Operation 143 [1/1] ( I:0.55ns O:0.55ns ) (share mux size 11)   --->   "%store_ln130 = store i16 %vals_41, i9 %tile_10_addr" [./flashattentionmemory.h:130]   --->   Operation 143 'store' 'store_ln130' <Predicate = (icmp_ln112)> <Delay = 0.55> <CoreInst = "RAM_2P_BRAM">   --->   Core 97 'RAM_2P_BRAM' <Latency = 1> <II = 1> <Delay = 0.86> <Storage> <Opcode : 'load' 'store'> <Ports = 2> <Width = 16> <Depth = 512> <RAM>
ST_2 : Operation 144 [1/1] (0.69ns) (share mux size 8)   --->   "%muxLogicRAMData_to_store_ln130 = muxlogic i16 %vals_42"   --->   Operation 144 'muxlogic' 'muxLogicRAMData_to_store_ln130' <Predicate = (icmp_ln112)> <Delay = 0.69>
ST_2 : Operation 145 [1/1] (0.69ns) (share mux size 8)   --->   "%muxLogicRAMAddr_to_store_ln130 = muxlogic i9 %tile_11_addr"   --->   Operation 145 'muxlogic' 'muxLogicRAMAddr_to_store_ln130' <Predicate = (icmp_ln112)> <Delay = 0.69>
ST_2 : Operation 146 [1/1] ( I:0.55ns O:0.55ns ) (share mux size 11)   --->   "%store_ln130 = store i16 %vals_42, i9 %tile_11_addr" [./flashattentionmemory.h:130]   --->   Operation 146 'store' 'store_ln130' <Predicate = (icmp_ln112)> <Delay = 0.55> <CoreInst = "RAM_2P_BRAM">   --->   Core 97 'RAM_2P_BRAM' <Latency = 1> <II = 1> <Delay = 0.86> <Storage> <Opcode : 'load' 'store'> <Ports = 2> <Width = 16> <Depth = 512> <RAM>
ST_2 : Operation 147 [1/1] (0.69ns) (share mux size 8)   --->   "%muxLogicRAMData_to_store_ln130 = muxlogic i16 %vals_43"   --->   Operation 147 'muxlogic' 'muxLogicRAMData_to_store_ln130' <Predicate = (icmp_ln112)> <Delay = 0.69>
ST_2 : Operation 148 [1/1] (0.69ns) (share mux size 8)   --->   "%muxLogicRAMAddr_to_store_ln130 = muxlogic i9 %tile_12_addr"   --->   Operation 148 'muxlogic' 'muxLogicRAMAddr_to_store_ln130' <Predicate = (icmp_ln112)> <Delay = 0.69>
ST_2 : Operation 149 [1/1] ( I:0.55ns O:0.55ns ) (share mux size 11)   --->   "%store_ln130 = store i16 %vals_43, i9 %tile_12_addr" [./flashattentionmemory.h:130]   --->   Operation 149 'store' 'store_ln130' <Predicate = (icmp_ln112)> <Delay = 0.55> <CoreInst = "RAM_2P_BRAM">   --->   Core 97 'RAM_2P_BRAM' <Latency = 1> <II = 1> <Delay = 0.86> <Storage> <Opcode : 'load' 'store'> <Ports = 2> <Width = 16> <Depth = 512> <RAM>
ST_2 : Operation 150 [1/1] (0.69ns) (share mux size 8)   --->   "%muxLogicRAMData_to_store_ln130 = muxlogic i16 %vals_44"   --->   Operation 150 'muxlogic' 'muxLogicRAMData_to_store_ln130' <Predicate = (icmp_ln112)> <Delay = 0.69>
ST_2 : Operation 151 [1/1] (0.69ns) (share mux size 8)   --->   "%muxLogicRAMAddr_to_store_ln130 = muxlogic i9 %tile_13_addr"   --->   Operation 151 'muxlogic' 'muxLogicRAMAddr_to_store_ln130' <Predicate = (icmp_ln112)> <Delay = 0.69>
ST_2 : Operation 152 [1/1] ( I:0.55ns O:0.55ns ) (share mux size 11)   --->   "%store_ln130 = store i16 %vals_44, i9 %tile_13_addr" [./flashattentionmemory.h:130]   --->   Operation 152 'store' 'store_ln130' <Predicate = (icmp_ln112)> <Delay = 0.55> <CoreInst = "RAM_2P_BRAM">   --->   Core 97 'RAM_2P_BRAM' <Latency = 1> <II = 1> <Delay = 0.86> <Storage> <Opcode : 'load' 'store'> <Ports = 2> <Width = 16> <Depth = 512> <RAM>
ST_2 : Operation 153 [1/1] (0.69ns) (share mux size 8)   --->   "%muxLogicRAMData_to_store_ln130 = muxlogic i16 %vals_45"   --->   Operation 153 'muxlogic' 'muxLogicRAMData_to_store_ln130' <Predicate = (icmp_ln112)> <Delay = 0.69>
ST_2 : Operation 154 [1/1] (0.69ns) (share mux size 8)   --->   "%muxLogicRAMAddr_to_store_ln130 = muxlogic i9 %tile_14_addr"   --->   Operation 154 'muxlogic' 'muxLogicRAMAddr_to_store_ln130' <Predicate = (icmp_ln112)> <Delay = 0.69>
ST_2 : Operation 155 [1/1] ( I:0.55ns O:0.55ns ) (share mux size 11)   --->   "%store_ln130 = store i16 %vals_45, i9 %tile_14_addr" [./flashattentionmemory.h:130]   --->   Operation 155 'store' 'store_ln130' <Predicate = (icmp_ln112)> <Delay = 0.55> <CoreInst = "RAM_2P_BRAM">   --->   Core 97 'RAM_2P_BRAM' <Latency = 1> <II = 1> <Delay = 0.86> <Storage> <Opcode : 'load' 'store'> <Ports = 2> <Width = 16> <Depth = 512> <RAM>
ST_2 : Operation 156 [1/1] (0.69ns) (share mux size 8)   --->   "%muxLogicRAMData_to_store_ln130 = muxlogic i16 %vals_46"   --->   Operation 156 'muxlogic' 'muxLogicRAMData_to_store_ln130' <Predicate = (icmp_ln112)> <Delay = 0.69>
ST_2 : Operation 157 [1/1] (0.69ns) (share mux size 8)   --->   "%muxLogicRAMAddr_to_store_ln130 = muxlogic i9 %tile_15_addr"   --->   Operation 157 'muxlogic' 'muxLogicRAMAddr_to_store_ln130' <Predicate = (icmp_ln112)> <Delay = 0.69>
ST_2 : Operation 158 [1/1] ( I:0.55ns O:0.55ns ) (share mux size 11)   --->   "%store_ln130 = store i16 %vals_46, i9 %tile_15_addr" [./flashattentionmemory.h:130]   --->   Operation 158 'store' 'store_ln130' <Predicate = (icmp_ln112)> <Delay = 0.55> <CoreInst = "RAM_2P_BRAM">   --->   Core 97 'RAM_2P_BRAM' <Latency = 1> <II = 1> <Delay = 0.86> <Storage> <Opcode : 'load' 'store'> <Ports = 2> <Width = 16> <Depth = 512> <RAM>

State 3 <SV = 2> <Delay = 1.54>
ST_3 : Operation 159 [1/1] (0.00ns)   --->   "%tmp_107 = bitconcatenate i9 @_ssdm_op_BitConcatenate.i9.i6.i3, i6 %trunc_ln112, i3 1" [./flashattentionmemory.h:130]   --->   Operation 159 'bitconcatenate' 'tmp_107' <Predicate = (icmp_ln112)> <Delay = 0.00>
ST_3 : Operation 160 [1/1] (0.00ns)   --->   "%zext_ln130_1 = zext i9 %tmp_107" [./flashattentionmemory.h:130]   --->   Operation 160 'zext' 'zext_ln130_1' <Predicate = (icmp_ln112)> <Delay = 0.00>
ST_3 : Operation 161 [1/1] (0.00ns)   --->   "%tile_0_addr_4 = getelementptr i16 %tile_0, i64 0, i64 %zext_ln130_1" [./flashattentionmemory.h:130]   --->   Operation 161 'getelementptr' 'tile_0_addr_4' <Predicate = (icmp_ln112)> <Delay = 0.00>
ST_3 : Operation 162 [1/1] (0.00ns)   --->   "%tile_1_addr_4 = getelementptr i16 %tile_1, i64 0, i64 %zext_ln130_1" [./flashattentionmemory.h:130]   --->   Operation 162 'getelementptr' 'tile_1_addr_4' <Predicate = (icmp_ln112)> <Delay = 0.00>
ST_3 : Operation 163 [1/1] (0.00ns)   --->   "%tile_2_addr_4 = getelementptr i16 %tile_2, i64 0, i64 %zext_ln130_1" [./flashattentionmemory.h:130]   --->   Operation 163 'getelementptr' 'tile_2_addr_4' <Predicate = (icmp_ln112)> <Delay = 0.00>
ST_3 : Operation 164 [1/1] (0.00ns)   --->   "%tile_3_addr_4 = getelementptr i16 %tile_3, i64 0, i64 %zext_ln130_1" [./flashattentionmemory.h:130]   --->   Operation 164 'getelementptr' 'tile_3_addr_4' <Predicate = (icmp_ln112)> <Delay = 0.00>
ST_3 : Operation 165 [1/1] (0.00ns)   --->   "%tile_4_addr_4 = getelementptr i16 %tile_4, i64 0, i64 %zext_ln130_1" [./flashattentionmemory.h:130]   --->   Operation 165 'getelementptr' 'tile_4_addr_4' <Predicate = (icmp_ln112)> <Delay = 0.00>
ST_3 : Operation 166 [1/1] (0.00ns)   --->   "%tile_5_addr_4 = getelementptr i16 %tile_5, i64 0, i64 %zext_ln130_1" [./flashattentionmemory.h:130]   --->   Operation 166 'getelementptr' 'tile_5_addr_4' <Predicate = (icmp_ln112)> <Delay = 0.00>
ST_3 : Operation 167 [1/1] (0.00ns)   --->   "%tile_6_addr_4 = getelementptr i16 %tile_6, i64 0, i64 %zext_ln130_1" [./flashattentionmemory.h:130]   --->   Operation 167 'getelementptr' 'tile_6_addr_4' <Predicate = (icmp_ln112)> <Delay = 0.00>
ST_3 : Operation 168 [1/1] (0.00ns)   --->   "%tile_7_addr_4 = getelementptr i16 %tile_7, i64 0, i64 %zext_ln130_1" [./flashattentionmemory.h:130]   --->   Operation 168 'getelementptr' 'tile_7_addr_4' <Predicate = (icmp_ln112)> <Delay = 0.00>
ST_3 : Operation 169 [1/1] (0.00ns)   --->   "%tile_8_addr_4 = getelementptr i16 %tile_8, i64 0, i64 %zext_ln130_1" [./flashattentionmemory.h:130]   --->   Operation 169 'getelementptr' 'tile_8_addr_4' <Predicate = (icmp_ln112)> <Delay = 0.00>
ST_3 : Operation 170 [1/1] (0.00ns)   --->   "%tile_9_addr_4 = getelementptr i16 %tile_9, i64 0, i64 %zext_ln130_1" [./flashattentionmemory.h:130]   --->   Operation 170 'getelementptr' 'tile_9_addr_4' <Predicate = (icmp_ln112)> <Delay = 0.00>
ST_3 : Operation 171 [1/1] (0.00ns)   --->   "%tile_10_addr_4 = getelementptr i16 %tile_10, i64 0, i64 %zext_ln130_1" [./flashattentionmemory.h:130]   --->   Operation 171 'getelementptr' 'tile_10_addr_4' <Predicate = (icmp_ln112)> <Delay = 0.00>
ST_3 : Operation 172 [1/1] (0.00ns)   --->   "%tile_11_addr_4 = getelementptr i16 %tile_11, i64 0, i64 %zext_ln130_1" [./flashattentionmemory.h:130]   --->   Operation 172 'getelementptr' 'tile_11_addr_4' <Predicate = (icmp_ln112)> <Delay = 0.00>
ST_3 : Operation 173 [1/1] (0.00ns)   --->   "%tile_12_addr_4 = getelementptr i16 %tile_12, i64 0, i64 %zext_ln130_1" [./flashattentionmemory.h:130]   --->   Operation 173 'getelementptr' 'tile_12_addr_4' <Predicate = (icmp_ln112)> <Delay = 0.00>
ST_3 : Operation 174 [1/1] (0.00ns)   --->   "%tile_13_addr_4 = getelementptr i16 %tile_13, i64 0, i64 %zext_ln130_1" [./flashattentionmemory.h:130]   --->   Operation 174 'getelementptr' 'tile_13_addr_4' <Predicate = (icmp_ln112)> <Delay = 0.00>
ST_3 : Operation 175 [1/1] (0.00ns)   --->   "%tile_14_addr_4 = getelementptr i16 %tile_14, i64 0, i64 %zext_ln130_1" [./flashattentionmemory.h:130]   --->   Operation 175 'getelementptr' 'tile_14_addr_4' <Predicate = (icmp_ln112)> <Delay = 0.00>
ST_3 : Operation 176 [1/1] (0.00ns)   --->   "%tile_15_addr_4 = getelementptr i16 %tile_15, i64 0, i64 %zext_ln130_1" [./flashattentionmemory.h:130]   --->   Operation 176 'getelementptr' 'tile_15_addr_4' <Predicate = (icmp_ln112)> <Delay = 0.00>
ST_3 : Operation 177 [1/1] (0.34ns) (share mux size 4)   --->   "%muxLogicAXIMCE_to_word_1 = muxlogic"   --->   Operation 177 'muxlogic' 'muxLogicAXIMCE_to_word_1' <Predicate = (icmp_ln112)> <Delay = 0.34>
ST_3 : Operation 178 [1/1] (1.19ns) (share mux size 4)   --->   "%word_1 = read i512 @_ssdm_op_Read.m_axi.p1i512, i64 %gmem_Q_addr" [./flashattentionmemory.h:112]   --->   Operation 178 'read' 'word_1' <Predicate = (icmp_ln112)> <Delay = 1.19> <CoreInst = "m_axi">   --->   Core 123 'm_axi' <Latency = 0> <II = 1> <Delay = 1.51> <Adapter> <Opcode : 'read' 'write' 'readreq' 'writereq' 'writeresp'>
ST_3 : Operation 179 [1/1] (0.00ns)   --->   "%vals_47 = bitcast i16 %tmp_59" [./flashattentionmemory.h:67->./flashattentionmemory.h:123]   --->   Operation 179 'bitcast' 'vals_47' <Predicate = (icmp_ln112)> <Delay = 0.00>
ST_3 : Operation 180 [1/1] (0.00ns)   --->   "%vals_48 = bitcast i16 %tmp_60" [./flashattentionmemory.h:67->./flashattentionmemory.h:123]   --->   Operation 180 'bitcast' 'vals_48' <Predicate = (icmp_ln112)> <Delay = 0.00>
ST_3 : Operation 181 [1/1] (0.00ns)   --->   "%vals_49 = bitcast i16 %tmp_61" [./flashattentionmemory.h:67->./flashattentionmemory.h:123]   --->   Operation 181 'bitcast' 'vals_49' <Predicate = (icmp_ln112)> <Delay = 0.00>
ST_3 : Operation 182 [1/1] (0.00ns)   --->   "%vals_50 = bitcast i16 %tmp_62" [./flashattentionmemory.h:67->./flashattentionmemory.h:123]   --->   Operation 182 'bitcast' 'vals_50' <Predicate = (icmp_ln112)> <Delay = 0.00>
ST_3 : Operation 183 [1/1] (0.00ns)   --->   "%vals_51 = bitcast i16 %tmp_63" [./flashattentionmemory.h:67->./flashattentionmemory.h:123]   --->   Operation 183 'bitcast' 'vals_51' <Predicate = (icmp_ln112)> <Delay = 0.00>
ST_3 : Operation 184 [1/1] (0.00ns)   --->   "%vals_52 = bitcast i16 %tmp_64" [./flashattentionmemory.h:67->./flashattentionmemory.h:123]   --->   Operation 184 'bitcast' 'vals_52' <Predicate = (icmp_ln112)> <Delay = 0.00>
ST_3 : Operation 185 [1/1] (0.00ns)   --->   "%vals_53 = bitcast i16 %tmp_65" [./flashattentionmemory.h:67->./flashattentionmemory.h:123]   --->   Operation 185 'bitcast' 'vals_53' <Predicate = (icmp_ln112)> <Delay = 0.00>
ST_3 : Operation 186 [1/1] (0.00ns)   --->   "%vals_54 = bitcast i16 %tmp_66" [./flashattentionmemory.h:67->./flashattentionmemory.h:123]   --->   Operation 186 'bitcast' 'vals_54' <Predicate = (icmp_ln112)> <Delay = 0.00>
ST_3 : Operation 187 [1/1] (0.00ns)   --->   "%vals_55 = bitcast i16 %tmp_67" [./flashattentionmemory.h:67->./flashattentionmemory.h:123]   --->   Operation 187 'bitcast' 'vals_55' <Predicate = (icmp_ln112)> <Delay = 0.00>
ST_3 : Operation 188 [1/1] (0.00ns)   --->   "%vals_56 = bitcast i16 %tmp_68" [./flashattentionmemory.h:67->./flashattentionmemory.h:123]   --->   Operation 188 'bitcast' 'vals_56' <Predicate = (icmp_ln112)> <Delay = 0.00>
ST_3 : Operation 189 [1/1] (0.00ns)   --->   "%vals_57 = bitcast i16 %tmp_69" [./flashattentionmemory.h:67->./flashattentionmemory.h:123]   --->   Operation 189 'bitcast' 'vals_57' <Predicate = (icmp_ln112)> <Delay = 0.00>
ST_3 : Operation 190 [1/1] (0.00ns)   --->   "%vals_58 = bitcast i16 %tmp_70" [./flashattentionmemory.h:67->./flashattentionmemory.h:123]   --->   Operation 190 'bitcast' 'vals_58' <Predicate = (icmp_ln112)> <Delay = 0.00>
ST_3 : Operation 191 [1/1] (0.00ns)   --->   "%vals_59 = bitcast i16 %tmp_71" [./flashattentionmemory.h:67->./flashattentionmemory.h:123]   --->   Operation 191 'bitcast' 'vals_59' <Predicate = (icmp_ln112)> <Delay = 0.00>
ST_3 : Operation 192 [1/1] (0.00ns)   --->   "%vals_60 = bitcast i16 %tmp_72" [./flashattentionmemory.h:67->./flashattentionmemory.h:123]   --->   Operation 192 'bitcast' 'vals_60' <Predicate = (icmp_ln112)> <Delay = 0.00>
ST_3 : Operation 193 [1/1] (0.00ns)   --->   "%vals_61 = bitcast i16 %tmp_73" [./flashattentionmemory.h:67->./flashattentionmemory.h:123]   --->   Operation 193 'bitcast' 'vals_61' <Predicate = (icmp_ln112)> <Delay = 0.00>
ST_3 : Operation 194 [1/1] (0.00ns)   --->   "%vals_62 = bitcast i16 %tmp_74" [./flashattentionmemory.h:67->./flashattentionmemory.h:123]   --->   Operation 194 'bitcast' 'vals_62' <Predicate = (icmp_ln112)> <Delay = 0.00>
ST_3 : Operation 195 [1/1] (0.00ns)   --->   "%trunc_ln67_1 = trunc i512 %word_1" [./flashattentionmemory.h:67->./flashattentionmemory.h:123]   --->   Operation 195 'trunc' 'trunc_ln67_1' <Predicate = (icmp_ln112)> <Delay = 0.00>
ST_3 : Operation 196 [1/1] (0.00ns)   --->   "%tmp_76 = partselect i16 @_ssdm_op_PartSelect.i16.i512.i32, i512 %word_1, i32 16" [./flashattentionmemory.h:67->./flashattentionmemory.h:123]   --->   Operation 196 'partselect' 'tmp_76' <Predicate = (icmp_ln112)> <Delay = 0.00>
ST_3 : Operation 197 [1/1] (0.00ns)   --->   "%tmp_77 = partselect i16 @_ssdm_op_PartSelect.i16.i512.i32, i512 %word_1, i32 32" [./flashattentionmemory.h:67->./flashattentionmemory.h:123]   --->   Operation 197 'partselect' 'tmp_77' <Predicate = (icmp_ln112)> <Delay = 0.00>
ST_3 : Operation 198 [1/1] (0.00ns)   --->   "%tmp_78 = partselect i16 @_ssdm_op_PartSelect.i16.i512.i32, i512 %word_1, i32 48" [./flashattentionmemory.h:67->./flashattentionmemory.h:123]   --->   Operation 198 'partselect' 'tmp_78' <Predicate = (icmp_ln112)> <Delay = 0.00>
ST_3 : Operation 199 [1/1] (0.00ns)   --->   "%tmp_79 = partselect i16 @_ssdm_op_PartSelect.i16.i512.i32, i512 %word_1, i32 64" [./flashattentionmemory.h:67->./flashattentionmemory.h:123]   --->   Operation 199 'partselect' 'tmp_79' <Predicate = (icmp_ln112)> <Delay = 0.00>
ST_3 : Operation 200 [1/1] (0.00ns)   --->   "%tmp_80 = partselect i16 @_ssdm_op_PartSelect.i16.i512.i32, i512 %word_1, i32 80" [./flashattentionmemory.h:67->./flashattentionmemory.h:123]   --->   Operation 200 'partselect' 'tmp_80' <Predicate = (icmp_ln112)> <Delay = 0.00>
ST_3 : Operation 201 [1/1] (0.00ns)   --->   "%tmp_81 = partselect i16 @_ssdm_op_PartSelect.i16.i512.i32, i512 %word_1, i32 96" [./flashattentionmemory.h:67->./flashattentionmemory.h:123]   --->   Operation 201 'partselect' 'tmp_81' <Predicate = (icmp_ln112)> <Delay = 0.00>
ST_3 : Operation 202 [1/1] (0.00ns)   --->   "%tmp_82 = partselect i16 @_ssdm_op_PartSelect.i16.i512.i32, i512 %word_1, i32 112" [./flashattentionmemory.h:67->./flashattentionmemory.h:123]   --->   Operation 202 'partselect' 'tmp_82' <Predicate = (icmp_ln112)> <Delay = 0.00>
ST_3 : Operation 203 [1/1] (0.00ns)   --->   "%tmp_83 = partselect i16 @_ssdm_op_PartSelect.i16.i512.i32, i512 %word_1, i32 128" [./flashattentionmemory.h:67->./flashattentionmemory.h:123]   --->   Operation 203 'partselect' 'tmp_83' <Predicate = (icmp_ln112)> <Delay = 0.00>
ST_3 : Operation 204 [1/1] (0.00ns)   --->   "%tmp_84 = partselect i16 @_ssdm_op_PartSelect.i16.i512.i32, i512 %word_1, i32 144" [./flashattentionmemory.h:67->./flashattentionmemory.h:123]   --->   Operation 204 'partselect' 'tmp_84' <Predicate = (icmp_ln112)> <Delay = 0.00>
ST_3 : Operation 205 [1/1] (0.00ns)   --->   "%tmp_85 = partselect i16 @_ssdm_op_PartSelect.i16.i512.i32, i512 %word_1, i32 160" [./flashattentionmemory.h:67->./flashattentionmemory.h:123]   --->   Operation 205 'partselect' 'tmp_85' <Predicate = (icmp_ln112)> <Delay = 0.00>
ST_3 : Operation 206 [1/1] (0.00ns)   --->   "%tmp_86 = partselect i16 @_ssdm_op_PartSelect.i16.i512.i32, i512 %word_1, i32 176" [./flashattentionmemory.h:67->./flashattentionmemory.h:123]   --->   Operation 206 'partselect' 'tmp_86' <Predicate = (icmp_ln112)> <Delay = 0.00>
ST_3 : Operation 207 [1/1] (0.00ns)   --->   "%tmp_87 = partselect i16 @_ssdm_op_PartSelect.i16.i512.i32, i512 %word_1, i32 192" [./flashattentionmemory.h:67->./flashattentionmemory.h:123]   --->   Operation 207 'partselect' 'tmp_87' <Predicate = (icmp_ln112)> <Delay = 0.00>
ST_3 : Operation 208 [1/1] (0.00ns)   --->   "%tmp_88 = partselect i16 @_ssdm_op_PartSelect.i16.i512.i32, i512 %word_1, i32 208" [./flashattentionmemory.h:67->./flashattentionmemory.h:123]   --->   Operation 208 'partselect' 'tmp_88' <Predicate = (icmp_ln112)> <Delay = 0.00>
ST_3 : Operation 209 [1/1] (0.00ns)   --->   "%tmp_89 = partselect i16 @_ssdm_op_PartSelect.i16.i512.i32, i512 %word_1, i32 224" [./flashattentionmemory.h:67->./flashattentionmemory.h:123]   --->   Operation 209 'partselect' 'tmp_89' <Predicate = (icmp_ln112)> <Delay = 0.00>
ST_3 : Operation 210 [1/1] (0.00ns)   --->   "%tmp_90 = partselect i16 @_ssdm_op_PartSelect.i16.i512.i32, i512 %word_1, i32 240" [./flashattentionmemory.h:67->./flashattentionmemory.h:123]   --->   Operation 210 'partselect' 'tmp_90' <Predicate = (icmp_ln112)> <Delay = 0.00>
ST_3 : Operation 211 [1/1] (0.00ns)   --->   "%tmp_91 = partselect i16 @_ssdm_op_PartSelect.i16.i512.i32, i512 %word_1, i32 256" [./flashattentionmemory.h:67->./flashattentionmemory.h:123]   --->   Operation 211 'partselect' 'tmp_91' <Predicate = (icmp_ln112)> <Delay = 0.00>
ST_3 : Operation 212 [1/1] (0.00ns)   --->   "%tmp_92 = partselect i16 @_ssdm_op_PartSelect.i16.i512.i32, i512 %word_1, i32 272" [./flashattentionmemory.h:67->./flashattentionmemory.h:123]   --->   Operation 212 'partselect' 'tmp_92' <Predicate = (icmp_ln112)> <Delay = 0.00>
ST_3 : Operation 213 [1/1] (0.00ns)   --->   "%tmp_93 = partselect i16 @_ssdm_op_PartSelect.i16.i512.i32, i512 %word_1, i32 288" [./flashattentionmemory.h:67->./flashattentionmemory.h:123]   --->   Operation 213 'partselect' 'tmp_93' <Predicate = (icmp_ln112)> <Delay = 0.00>
ST_3 : Operation 214 [1/1] (0.00ns)   --->   "%tmp_94 = partselect i16 @_ssdm_op_PartSelect.i16.i512.i32, i512 %word_1, i32 304" [./flashattentionmemory.h:67->./flashattentionmemory.h:123]   --->   Operation 214 'partselect' 'tmp_94' <Predicate = (icmp_ln112)> <Delay = 0.00>
ST_3 : Operation 215 [1/1] (0.00ns)   --->   "%tmp_95 = partselect i16 @_ssdm_op_PartSelect.i16.i512.i32, i512 %word_1, i32 320" [./flashattentionmemory.h:67->./flashattentionmemory.h:123]   --->   Operation 215 'partselect' 'tmp_95' <Predicate = (icmp_ln112)> <Delay = 0.00>
ST_3 : Operation 216 [1/1] (0.00ns)   --->   "%tmp_96 = partselect i16 @_ssdm_op_PartSelect.i16.i512.i32, i512 %word_1, i32 336" [./flashattentionmemory.h:67->./flashattentionmemory.h:123]   --->   Operation 216 'partselect' 'tmp_96' <Predicate = (icmp_ln112)> <Delay = 0.00>
ST_3 : Operation 217 [1/1] (0.00ns)   --->   "%tmp_97 = partselect i16 @_ssdm_op_PartSelect.i16.i512.i32, i512 %word_1, i32 352" [./flashattentionmemory.h:67->./flashattentionmemory.h:123]   --->   Operation 217 'partselect' 'tmp_97' <Predicate = (icmp_ln112)> <Delay = 0.00>
ST_3 : Operation 218 [1/1] (0.00ns)   --->   "%tmp_98 = partselect i16 @_ssdm_op_PartSelect.i16.i512.i32, i512 %word_1, i32 368" [./flashattentionmemory.h:67->./flashattentionmemory.h:123]   --->   Operation 218 'partselect' 'tmp_98' <Predicate = (icmp_ln112)> <Delay = 0.00>
ST_3 : Operation 219 [1/1] (0.00ns)   --->   "%tmp_99 = partselect i16 @_ssdm_op_PartSelect.i16.i512.i32, i512 %word_1, i32 384" [./flashattentionmemory.h:67->./flashattentionmemory.h:123]   --->   Operation 219 'partselect' 'tmp_99' <Predicate = (icmp_ln112)> <Delay = 0.00>
ST_3 : Operation 220 [1/1] (0.00ns)   --->   "%tmp_100 = partselect i16 @_ssdm_op_PartSelect.i16.i512.i32, i512 %word_1, i32 400" [./flashattentionmemory.h:67->./flashattentionmemory.h:123]   --->   Operation 220 'partselect' 'tmp_100' <Predicate = (icmp_ln112)> <Delay = 0.00>
ST_3 : Operation 221 [1/1] (0.00ns)   --->   "%tmp_101 = partselect i16 @_ssdm_op_PartSelect.i16.i512.i32, i512 %word_1, i32 416" [./flashattentionmemory.h:67->./flashattentionmemory.h:123]   --->   Operation 221 'partselect' 'tmp_101' <Predicate = (icmp_ln112)> <Delay = 0.00>
ST_3 : Operation 222 [1/1] (0.00ns)   --->   "%tmp_102 = partselect i16 @_ssdm_op_PartSelect.i16.i512.i32, i512 %word_1, i32 432" [./flashattentionmemory.h:67->./flashattentionmemory.h:123]   --->   Operation 222 'partselect' 'tmp_102' <Predicate = (icmp_ln112)> <Delay = 0.00>
ST_3 : Operation 223 [1/1] (0.00ns)   --->   "%tmp_103 = partselect i16 @_ssdm_op_PartSelect.i16.i512.i32, i512 %word_1, i32 448" [./flashattentionmemory.h:67->./flashattentionmemory.h:123]   --->   Operation 223 'partselect' 'tmp_103' <Predicate = (icmp_ln112)> <Delay = 0.00>
ST_3 : Operation 224 [1/1] (0.00ns)   --->   "%tmp_104 = partselect i16 @_ssdm_op_PartSelect.i16.i512.i32, i512 %word_1, i32 464" [./flashattentionmemory.h:67->./flashattentionmemory.h:123]   --->   Operation 224 'partselect' 'tmp_104' <Predicate = (icmp_ln112)> <Delay = 0.00>
ST_3 : Operation 225 [1/1] (0.00ns)   --->   "%tmp_105 = partselect i16 @_ssdm_op_PartSelect.i16.i512.i32, i512 %word_1, i32 480" [./flashattentionmemory.h:67->./flashattentionmemory.h:123]   --->   Operation 225 'partselect' 'tmp_105' <Predicate = (icmp_ln112)> <Delay = 0.00>
ST_3 : Operation 226 [1/1] (0.00ns)   --->   "%tmp_106 = partselect i16 @_ssdm_op_PartSelect.i16.i512.i32, i512 %word_1, i32 496" [./flashattentionmemory.h:67->./flashattentionmemory.h:123]   --->   Operation 226 'partselect' 'tmp_106' <Predicate = (icmp_ln112)> <Delay = 0.00>
ST_3 : Operation 227 [1/1] (0.69ns) (share mux size 8)   --->   "%muxLogicRAMData_to_store_ln130 = muxlogic i16 %vals_47"   --->   Operation 227 'muxlogic' 'muxLogicRAMData_to_store_ln130' <Predicate = (icmp_ln112)> <Delay = 0.69>
ST_3 : Operation 228 [1/1] (0.69ns) (share mux size 8)   --->   "%muxLogicRAMAddr_to_store_ln130 = muxlogic i9 %tile_0_addr_4"   --->   Operation 228 'muxlogic' 'muxLogicRAMAddr_to_store_ln130' <Predicate = (icmp_ln112)> <Delay = 0.69>
ST_3 : Operation 229 [1/1] ( I:0.55ns O:0.55ns ) (share mux size 11)   --->   "%store_ln130 = store i16 %vals_47, i9 %tile_0_addr_4" [./flashattentionmemory.h:130]   --->   Operation 229 'store' 'store_ln130' <Predicate = (icmp_ln112)> <Delay = 0.55> <CoreInst = "RAM_2P_BRAM">   --->   Core 97 'RAM_2P_BRAM' <Latency = 1> <II = 1> <Delay = 0.86> <Storage> <Opcode : 'load' 'store'> <Ports = 2> <Width = 16> <Depth = 512> <RAM>
ST_3 : Operation 230 [1/1] (0.69ns) (share mux size 8)   --->   "%muxLogicRAMData_to_store_ln130 = muxlogic i16 %vals_48"   --->   Operation 230 'muxlogic' 'muxLogicRAMData_to_store_ln130' <Predicate = (icmp_ln112)> <Delay = 0.69>
ST_3 : Operation 231 [1/1] (0.69ns) (share mux size 8)   --->   "%muxLogicRAMAddr_to_store_ln130 = muxlogic i9 %tile_1_addr_4"   --->   Operation 231 'muxlogic' 'muxLogicRAMAddr_to_store_ln130' <Predicate = (icmp_ln112)> <Delay = 0.69>
ST_3 : Operation 232 [1/1] ( I:0.55ns O:0.55ns ) (share mux size 11)   --->   "%store_ln130 = store i16 %vals_48, i9 %tile_1_addr_4" [./flashattentionmemory.h:130]   --->   Operation 232 'store' 'store_ln130' <Predicate = (icmp_ln112)> <Delay = 0.55> <CoreInst = "RAM_2P_BRAM">   --->   Core 97 'RAM_2P_BRAM' <Latency = 1> <II = 1> <Delay = 0.86> <Storage> <Opcode : 'load' 'store'> <Ports = 2> <Width = 16> <Depth = 512> <RAM>
ST_3 : Operation 233 [1/1] (0.69ns) (share mux size 8)   --->   "%muxLogicRAMData_to_store_ln130 = muxlogic i16 %vals_49"   --->   Operation 233 'muxlogic' 'muxLogicRAMData_to_store_ln130' <Predicate = (icmp_ln112)> <Delay = 0.69>
ST_3 : Operation 234 [1/1] (0.69ns) (share mux size 8)   --->   "%muxLogicRAMAddr_to_store_ln130 = muxlogic i9 %tile_2_addr_4"   --->   Operation 234 'muxlogic' 'muxLogicRAMAddr_to_store_ln130' <Predicate = (icmp_ln112)> <Delay = 0.69>
ST_3 : Operation 235 [1/1] ( I:0.55ns O:0.55ns ) (share mux size 11)   --->   "%store_ln130 = store i16 %vals_49, i9 %tile_2_addr_4" [./flashattentionmemory.h:130]   --->   Operation 235 'store' 'store_ln130' <Predicate = (icmp_ln112)> <Delay = 0.55> <CoreInst = "RAM_2P_BRAM">   --->   Core 97 'RAM_2P_BRAM' <Latency = 1> <II = 1> <Delay = 0.86> <Storage> <Opcode : 'load' 'store'> <Ports = 2> <Width = 16> <Depth = 512> <RAM>
ST_3 : Operation 236 [1/1] (0.69ns) (share mux size 8)   --->   "%muxLogicRAMData_to_store_ln130 = muxlogic i16 %vals_50"   --->   Operation 236 'muxlogic' 'muxLogicRAMData_to_store_ln130' <Predicate = (icmp_ln112)> <Delay = 0.69>
ST_3 : Operation 237 [1/1] (0.69ns) (share mux size 8)   --->   "%muxLogicRAMAddr_to_store_ln130 = muxlogic i9 %tile_3_addr_4"   --->   Operation 237 'muxlogic' 'muxLogicRAMAddr_to_store_ln130' <Predicate = (icmp_ln112)> <Delay = 0.69>
ST_3 : Operation 238 [1/1] ( I:0.55ns O:0.55ns ) (share mux size 11)   --->   "%store_ln130 = store i16 %vals_50, i9 %tile_3_addr_4" [./flashattentionmemory.h:130]   --->   Operation 238 'store' 'store_ln130' <Predicate = (icmp_ln112)> <Delay = 0.55> <CoreInst = "RAM_2P_BRAM">   --->   Core 97 'RAM_2P_BRAM' <Latency = 1> <II = 1> <Delay = 0.86> <Storage> <Opcode : 'load' 'store'> <Ports = 2> <Width = 16> <Depth = 512> <RAM>
ST_3 : Operation 239 [1/1] (0.69ns) (share mux size 8)   --->   "%muxLogicRAMData_to_store_ln130 = muxlogic i16 %vals_51"   --->   Operation 239 'muxlogic' 'muxLogicRAMData_to_store_ln130' <Predicate = (icmp_ln112)> <Delay = 0.69>
ST_3 : Operation 240 [1/1] (0.69ns) (share mux size 8)   --->   "%muxLogicRAMAddr_to_store_ln130 = muxlogic i9 %tile_4_addr_4"   --->   Operation 240 'muxlogic' 'muxLogicRAMAddr_to_store_ln130' <Predicate = (icmp_ln112)> <Delay = 0.69>
ST_3 : Operation 241 [1/1] ( I:0.55ns O:0.55ns ) (share mux size 11)   --->   "%store_ln130 = store i16 %vals_51, i9 %tile_4_addr_4" [./flashattentionmemory.h:130]   --->   Operation 241 'store' 'store_ln130' <Predicate = (icmp_ln112)> <Delay = 0.55> <CoreInst = "RAM_2P_BRAM">   --->   Core 97 'RAM_2P_BRAM' <Latency = 1> <II = 1> <Delay = 0.86> <Storage> <Opcode : 'load' 'store'> <Ports = 2> <Width = 16> <Depth = 512> <RAM>
ST_3 : Operation 242 [1/1] (0.69ns) (share mux size 8)   --->   "%muxLogicRAMData_to_store_ln130 = muxlogic i16 %vals_52"   --->   Operation 242 'muxlogic' 'muxLogicRAMData_to_store_ln130' <Predicate = (icmp_ln112)> <Delay = 0.69>
ST_3 : Operation 243 [1/1] (0.69ns) (share mux size 8)   --->   "%muxLogicRAMAddr_to_store_ln130 = muxlogic i9 %tile_5_addr_4"   --->   Operation 243 'muxlogic' 'muxLogicRAMAddr_to_store_ln130' <Predicate = (icmp_ln112)> <Delay = 0.69>
ST_3 : Operation 244 [1/1] ( I:0.55ns O:0.55ns ) (share mux size 11)   --->   "%store_ln130 = store i16 %vals_52, i9 %tile_5_addr_4" [./flashattentionmemory.h:130]   --->   Operation 244 'store' 'store_ln130' <Predicate = (icmp_ln112)> <Delay = 0.55> <CoreInst = "RAM_2P_BRAM">   --->   Core 97 'RAM_2P_BRAM' <Latency = 1> <II = 1> <Delay = 0.86> <Storage> <Opcode : 'load' 'store'> <Ports = 2> <Width = 16> <Depth = 512> <RAM>
ST_3 : Operation 245 [1/1] (0.69ns) (share mux size 8)   --->   "%muxLogicRAMData_to_store_ln130 = muxlogic i16 %vals_53"   --->   Operation 245 'muxlogic' 'muxLogicRAMData_to_store_ln130' <Predicate = (icmp_ln112)> <Delay = 0.69>
ST_3 : Operation 246 [1/1] (0.69ns) (share mux size 8)   --->   "%muxLogicRAMAddr_to_store_ln130 = muxlogic i9 %tile_6_addr_4"   --->   Operation 246 'muxlogic' 'muxLogicRAMAddr_to_store_ln130' <Predicate = (icmp_ln112)> <Delay = 0.69>
ST_3 : Operation 247 [1/1] ( I:0.55ns O:0.55ns ) (share mux size 11)   --->   "%store_ln130 = store i16 %vals_53, i9 %tile_6_addr_4" [./flashattentionmemory.h:130]   --->   Operation 247 'store' 'store_ln130' <Predicate = (icmp_ln112)> <Delay = 0.55> <CoreInst = "RAM_2P_BRAM">   --->   Core 97 'RAM_2P_BRAM' <Latency = 1> <II = 1> <Delay = 0.86> <Storage> <Opcode : 'load' 'store'> <Ports = 2> <Width = 16> <Depth = 512> <RAM>
ST_3 : Operation 248 [1/1] (0.69ns) (share mux size 8)   --->   "%muxLogicRAMData_to_store_ln130 = muxlogic i16 %vals_54"   --->   Operation 248 'muxlogic' 'muxLogicRAMData_to_store_ln130' <Predicate = (icmp_ln112)> <Delay = 0.69>
ST_3 : Operation 249 [1/1] (0.69ns) (share mux size 8)   --->   "%muxLogicRAMAddr_to_store_ln130 = muxlogic i9 %tile_7_addr_4"   --->   Operation 249 'muxlogic' 'muxLogicRAMAddr_to_store_ln130' <Predicate = (icmp_ln112)> <Delay = 0.69>
ST_3 : Operation 250 [1/1] ( I:0.55ns O:0.55ns ) (share mux size 11)   --->   "%store_ln130 = store i16 %vals_54, i9 %tile_7_addr_4" [./flashattentionmemory.h:130]   --->   Operation 250 'store' 'store_ln130' <Predicate = (icmp_ln112)> <Delay = 0.55> <CoreInst = "RAM_2P_BRAM">   --->   Core 97 'RAM_2P_BRAM' <Latency = 1> <II = 1> <Delay = 0.86> <Storage> <Opcode : 'load' 'store'> <Ports = 2> <Width = 16> <Depth = 512> <RAM>
ST_3 : Operation 251 [1/1] (0.69ns) (share mux size 8)   --->   "%muxLogicRAMData_to_store_ln130 = muxlogic i16 %vals_55"   --->   Operation 251 'muxlogic' 'muxLogicRAMData_to_store_ln130' <Predicate = (icmp_ln112)> <Delay = 0.69>
ST_3 : Operation 252 [1/1] (0.69ns) (share mux size 8)   --->   "%muxLogicRAMAddr_to_store_ln130 = muxlogic i9 %tile_8_addr_4"   --->   Operation 252 'muxlogic' 'muxLogicRAMAddr_to_store_ln130' <Predicate = (icmp_ln112)> <Delay = 0.69>
ST_3 : Operation 253 [1/1] ( I:0.55ns O:0.55ns ) (share mux size 11)   --->   "%store_ln130 = store i16 %vals_55, i9 %tile_8_addr_4" [./flashattentionmemory.h:130]   --->   Operation 253 'store' 'store_ln130' <Predicate = (icmp_ln112)> <Delay = 0.55> <CoreInst = "RAM_2P_BRAM">   --->   Core 97 'RAM_2P_BRAM' <Latency = 1> <II = 1> <Delay = 0.86> <Storage> <Opcode : 'load' 'store'> <Ports = 2> <Width = 16> <Depth = 512> <RAM>
ST_3 : Operation 254 [1/1] (0.69ns) (share mux size 8)   --->   "%muxLogicRAMData_to_store_ln130 = muxlogic i16 %vals_56"   --->   Operation 254 'muxlogic' 'muxLogicRAMData_to_store_ln130' <Predicate = (icmp_ln112)> <Delay = 0.69>
ST_3 : Operation 255 [1/1] (0.69ns) (share mux size 8)   --->   "%muxLogicRAMAddr_to_store_ln130 = muxlogic i9 %tile_9_addr_4"   --->   Operation 255 'muxlogic' 'muxLogicRAMAddr_to_store_ln130' <Predicate = (icmp_ln112)> <Delay = 0.69>
ST_3 : Operation 256 [1/1] ( I:0.55ns O:0.55ns ) (share mux size 11)   --->   "%store_ln130 = store i16 %vals_56, i9 %tile_9_addr_4" [./flashattentionmemory.h:130]   --->   Operation 256 'store' 'store_ln130' <Predicate = (icmp_ln112)> <Delay = 0.55> <CoreInst = "RAM_2P_BRAM">   --->   Core 97 'RAM_2P_BRAM' <Latency = 1> <II = 1> <Delay = 0.86> <Storage> <Opcode : 'load' 'store'> <Ports = 2> <Width = 16> <Depth = 512> <RAM>
ST_3 : Operation 257 [1/1] (0.69ns) (share mux size 8)   --->   "%muxLogicRAMData_to_store_ln130 = muxlogic i16 %vals_57"   --->   Operation 257 'muxlogic' 'muxLogicRAMData_to_store_ln130' <Predicate = (icmp_ln112)> <Delay = 0.69>
ST_3 : Operation 258 [1/1] (0.69ns) (share mux size 8)   --->   "%muxLogicRAMAddr_to_store_ln130 = muxlogic i9 %tile_10_addr_4"   --->   Operation 258 'muxlogic' 'muxLogicRAMAddr_to_store_ln130' <Predicate = (icmp_ln112)> <Delay = 0.69>
ST_3 : Operation 259 [1/1] ( I:0.55ns O:0.55ns ) (share mux size 11)   --->   "%store_ln130 = store i16 %vals_57, i9 %tile_10_addr_4" [./flashattentionmemory.h:130]   --->   Operation 259 'store' 'store_ln130' <Predicate = (icmp_ln112)> <Delay = 0.55> <CoreInst = "RAM_2P_BRAM">   --->   Core 97 'RAM_2P_BRAM' <Latency = 1> <II = 1> <Delay = 0.86> <Storage> <Opcode : 'load' 'store'> <Ports = 2> <Width = 16> <Depth = 512> <RAM>
ST_3 : Operation 260 [1/1] (0.69ns) (share mux size 8)   --->   "%muxLogicRAMData_to_store_ln130 = muxlogic i16 %vals_58"   --->   Operation 260 'muxlogic' 'muxLogicRAMData_to_store_ln130' <Predicate = (icmp_ln112)> <Delay = 0.69>
ST_3 : Operation 261 [1/1] (0.69ns) (share mux size 8)   --->   "%muxLogicRAMAddr_to_store_ln130 = muxlogic i9 %tile_11_addr_4"   --->   Operation 261 'muxlogic' 'muxLogicRAMAddr_to_store_ln130' <Predicate = (icmp_ln112)> <Delay = 0.69>
ST_3 : Operation 262 [1/1] ( I:0.55ns O:0.55ns ) (share mux size 11)   --->   "%store_ln130 = store i16 %vals_58, i9 %tile_11_addr_4" [./flashattentionmemory.h:130]   --->   Operation 262 'store' 'store_ln130' <Predicate = (icmp_ln112)> <Delay = 0.55> <CoreInst = "RAM_2P_BRAM">   --->   Core 97 'RAM_2P_BRAM' <Latency = 1> <II = 1> <Delay = 0.86> <Storage> <Opcode : 'load' 'store'> <Ports = 2> <Width = 16> <Depth = 512> <RAM>
ST_3 : Operation 263 [1/1] (0.69ns) (share mux size 8)   --->   "%muxLogicRAMData_to_store_ln130 = muxlogic i16 %vals_59"   --->   Operation 263 'muxlogic' 'muxLogicRAMData_to_store_ln130' <Predicate = (icmp_ln112)> <Delay = 0.69>
ST_3 : Operation 264 [1/1] (0.69ns) (share mux size 8)   --->   "%muxLogicRAMAddr_to_store_ln130 = muxlogic i9 %tile_12_addr_4"   --->   Operation 264 'muxlogic' 'muxLogicRAMAddr_to_store_ln130' <Predicate = (icmp_ln112)> <Delay = 0.69>
ST_3 : Operation 265 [1/1] ( I:0.55ns O:0.55ns ) (share mux size 11)   --->   "%store_ln130 = store i16 %vals_59, i9 %tile_12_addr_4" [./flashattentionmemory.h:130]   --->   Operation 265 'store' 'store_ln130' <Predicate = (icmp_ln112)> <Delay = 0.55> <CoreInst = "RAM_2P_BRAM">   --->   Core 97 'RAM_2P_BRAM' <Latency = 1> <II = 1> <Delay = 0.86> <Storage> <Opcode : 'load' 'store'> <Ports = 2> <Width = 16> <Depth = 512> <RAM>
ST_3 : Operation 266 [1/1] (0.69ns) (share mux size 8)   --->   "%muxLogicRAMData_to_store_ln130 = muxlogic i16 %vals_60"   --->   Operation 266 'muxlogic' 'muxLogicRAMData_to_store_ln130' <Predicate = (icmp_ln112)> <Delay = 0.69>
ST_3 : Operation 267 [1/1] (0.69ns) (share mux size 8)   --->   "%muxLogicRAMAddr_to_store_ln130 = muxlogic i9 %tile_13_addr_4"   --->   Operation 267 'muxlogic' 'muxLogicRAMAddr_to_store_ln130' <Predicate = (icmp_ln112)> <Delay = 0.69>
ST_3 : Operation 268 [1/1] ( I:0.55ns O:0.55ns ) (share mux size 11)   --->   "%store_ln130 = store i16 %vals_60, i9 %tile_13_addr_4" [./flashattentionmemory.h:130]   --->   Operation 268 'store' 'store_ln130' <Predicate = (icmp_ln112)> <Delay = 0.55> <CoreInst = "RAM_2P_BRAM">   --->   Core 97 'RAM_2P_BRAM' <Latency = 1> <II = 1> <Delay = 0.86> <Storage> <Opcode : 'load' 'store'> <Ports = 2> <Width = 16> <Depth = 512> <RAM>
ST_3 : Operation 269 [1/1] (0.69ns) (share mux size 8)   --->   "%muxLogicRAMData_to_store_ln130 = muxlogic i16 %vals_61"   --->   Operation 269 'muxlogic' 'muxLogicRAMData_to_store_ln130' <Predicate = (icmp_ln112)> <Delay = 0.69>
ST_3 : Operation 270 [1/1] (0.69ns) (share mux size 8)   --->   "%muxLogicRAMAddr_to_store_ln130 = muxlogic i9 %tile_14_addr_4"   --->   Operation 270 'muxlogic' 'muxLogicRAMAddr_to_store_ln130' <Predicate = (icmp_ln112)> <Delay = 0.69>
ST_3 : Operation 271 [1/1] ( I:0.55ns O:0.55ns ) (share mux size 11)   --->   "%store_ln130 = store i16 %vals_61, i9 %tile_14_addr_4" [./flashattentionmemory.h:130]   --->   Operation 271 'store' 'store_ln130' <Predicate = (icmp_ln112)> <Delay = 0.55> <CoreInst = "RAM_2P_BRAM">   --->   Core 97 'RAM_2P_BRAM' <Latency = 1> <II = 1> <Delay = 0.86> <Storage> <Opcode : 'load' 'store'> <Ports = 2> <Width = 16> <Depth = 512> <RAM>
ST_3 : Operation 272 [1/1] (0.69ns) (share mux size 8)   --->   "%muxLogicRAMData_to_store_ln130 = muxlogic i16 %vals_62"   --->   Operation 272 'muxlogic' 'muxLogicRAMData_to_store_ln130' <Predicate = (icmp_ln112)> <Delay = 0.69>
ST_3 : Operation 273 [1/1] (0.69ns) (share mux size 8)   --->   "%muxLogicRAMAddr_to_store_ln130 = muxlogic i9 %tile_15_addr_4"   --->   Operation 273 'muxlogic' 'muxLogicRAMAddr_to_store_ln130' <Predicate = (icmp_ln112)> <Delay = 0.69>
ST_3 : Operation 274 [1/1] ( I:0.55ns O:0.55ns ) (share mux size 11)   --->   "%store_ln130 = store i16 %vals_62, i9 %tile_15_addr_4" [./flashattentionmemory.h:130]   --->   Operation 274 'store' 'store_ln130' <Predicate = (icmp_ln112)> <Delay = 0.55> <CoreInst = "RAM_2P_BRAM">   --->   Core 97 'RAM_2P_BRAM' <Latency = 1> <II = 1> <Delay = 0.86> <Storage> <Opcode : 'load' 'store'> <Ports = 2> <Width = 16> <Depth = 512> <RAM>

State 4 <SV = 3> <Delay = 1.54>
ST_4 : Operation 275 [1/1] (0.00ns)   --->   "%tmp_139 = bitconcatenate i9 @_ssdm_op_BitConcatenate.i9.i6.i3, i6 %trunc_ln112, i3 2" [./flashattentionmemory.h:130]   --->   Operation 275 'bitconcatenate' 'tmp_139' <Predicate = (icmp_ln112)> <Delay = 0.00>
ST_4 : Operation 276 [1/1] (0.00ns)   --->   "%zext_ln130_2 = zext i9 %tmp_139" [./flashattentionmemory.h:130]   --->   Operation 276 'zext' 'zext_ln130_2' <Predicate = (icmp_ln112)> <Delay = 0.00>
ST_4 : Operation 277 [1/1] (0.00ns)   --->   "%tile_0_addr_5 = getelementptr i16 %tile_0, i64 0, i64 %zext_ln130_2" [./flashattentionmemory.h:130]   --->   Operation 277 'getelementptr' 'tile_0_addr_5' <Predicate = (icmp_ln112)> <Delay = 0.00>
ST_4 : Operation 278 [1/1] (0.00ns)   --->   "%tile_1_addr_5 = getelementptr i16 %tile_1, i64 0, i64 %zext_ln130_2" [./flashattentionmemory.h:130]   --->   Operation 278 'getelementptr' 'tile_1_addr_5' <Predicate = (icmp_ln112)> <Delay = 0.00>
ST_4 : Operation 279 [1/1] (0.00ns)   --->   "%tile_2_addr_5 = getelementptr i16 %tile_2, i64 0, i64 %zext_ln130_2" [./flashattentionmemory.h:130]   --->   Operation 279 'getelementptr' 'tile_2_addr_5' <Predicate = (icmp_ln112)> <Delay = 0.00>
ST_4 : Operation 280 [1/1] (0.00ns)   --->   "%tile_3_addr_5 = getelementptr i16 %tile_3, i64 0, i64 %zext_ln130_2" [./flashattentionmemory.h:130]   --->   Operation 280 'getelementptr' 'tile_3_addr_5' <Predicate = (icmp_ln112)> <Delay = 0.00>
ST_4 : Operation 281 [1/1] (0.00ns)   --->   "%tile_4_addr_5 = getelementptr i16 %tile_4, i64 0, i64 %zext_ln130_2" [./flashattentionmemory.h:130]   --->   Operation 281 'getelementptr' 'tile_4_addr_5' <Predicate = (icmp_ln112)> <Delay = 0.00>
ST_4 : Operation 282 [1/1] (0.00ns)   --->   "%tile_5_addr_5 = getelementptr i16 %tile_5, i64 0, i64 %zext_ln130_2" [./flashattentionmemory.h:130]   --->   Operation 282 'getelementptr' 'tile_5_addr_5' <Predicate = (icmp_ln112)> <Delay = 0.00>
ST_4 : Operation 283 [1/1] (0.00ns)   --->   "%tile_6_addr_5 = getelementptr i16 %tile_6, i64 0, i64 %zext_ln130_2" [./flashattentionmemory.h:130]   --->   Operation 283 'getelementptr' 'tile_6_addr_5' <Predicate = (icmp_ln112)> <Delay = 0.00>
ST_4 : Operation 284 [1/1] (0.00ns)   --->   "%tile_7_addr_5 = getelementptr i16 %tile_7, i64 0, i64 %zext_ln130_2" [./flashattentionmemory.h:130]   --->   Operation 284 'getelementptr' 'tile_7_addr_5' <Predicate = (icmp_ln112)> <Delay = 0.00>
ST_4 : Operation 285 [1/1] (0.00ns)   --->   "%tile_8_addr_5 = getelementptr i16 %tile_8, i64 0, i64 %zext_ln130_2" [./flashattentionmemory.h:130]   --->   Operation 285 'getelementptr' 'tile_8_addr_5' <Predicate = (icmp_ln112)> <Delay = 0.00>
ST_4 : Operation 286 [1/1] (0.00ns)   --->   "%tile_9_addr_5 = getelementptr i16 %tile_9, i64 0, i64 %zext_ln130_2" [./flashattentionmemory.h:130]   --->   Operation 286 'getelementptr' 'tile_9_addr_5' <Predicate = (icmp_ln112)> <Delay = 0.00>
ST_4 : Operation 287 [1/1] (0.00ns)   --->   "%tile_10_addr_5 = getelementptr i16 %tile_10, i64 0, i64 %zext_ln130_2" [./flashattentionmemory.h:130]   --->   Operation 287 'getelementptr' 'tile_10_addr_5' <Predicate = (icmp_ln112)> <Delay = 0.00>
ST_4 : Operation 288 [1/1] (0.00ns)   --->   "%tile_11_addr_5 = getelementptr i16 %tile_11, i64 0, i64 %zext_ln130_2" [./flashattentionmemory.h:130]   --->   Operation 288 'getelementptr' 'tile_11_addr_5' <Predicate = (icmp_ln112)> <Delay = 0.00>
ST_4 : Operation 289 [1/1] (0.00ns)   --->   "%tile_12_addr_5 = getelementptr i16 %tile_12, i64 0, i64 %zext_ln130_2" [./flashattentionmemory.h:130]   --->   Operation 289 'getelementptr' 'tile_12_addr_5' <Predicate = (icmp_ln112)> <Delay = 0.00>
ST_4 : Operation 290 [1/1] (0.00ns)   --->   "%tile_13_addr_5 = getelementptr i16 %tile_13, i64 0, i64 %zext_ln130_2" [./flashattentionmemory.h:130]   --->   Operation 290 'getelementptr' 'tile_13_addr_5' <Predicate = (icmp_ln112)> <Delay = 0.00>
ST_4 : Operation 291 [1/1] (0.00ns)   --->   "%tile_14_addr_5 = getelementptr i16 %tile_14, i64 0, i64 %zext_ln130_2" [./flashattentionmemory.h:130]   --->   Operation 291 'getelementptr' 'tile_14_addr_5' <Predicate = (icmp_ln112)> <Delay = 0.00>
ST_4 : Operation 292 [1/1] (0.00ns)   --->   "%tile_15_addr_5 = getelementptr i16 %tile_15, i64 0, i64 %zext_ln130_2" [./flashattentionmemory.h:130]   --->   Operation 292 'getelementptr' 'tile_15_addr_5' <Predicate = (icmp_ln112)> <Delay = 0.00>
ST_4 : Operation 293 [1/1] (0.34ns) (share mux size 4)   --->   "%muxLogicAXIMCE_to_word_2 = muxlogic"   --->   Operation 293 'muxlogic' 'muxLogicAXIMCE_to_word_2' <Predicate = (icmp_ln112)> <Delay = 0.34>
ST_4 : Operation 294 [1/1] (1.19ns) (share mux size 4)   --->   "%word_2 = read i512 @_ssdm_op_Read.m_axi.p1i512, i64 %gmem_Q_addr" [./flashattentionmemory.h:112]   --->   Operation 294 'read' 'word_2' <Predicate = (icmp_ln112)> <Delay = 1.19> <CoreInst = "m_axi">   --->   Core 123 'm_axi' <Latency = 0> <II = 1> <Delay = 1.51> <Adapter> <Opcode : 'read' 'write' 'readreq' 'writereq' 'writeresp'>
ST_4 : Operation 295 [1/1] (0.00ns)   --->   "%vals_63 = bitcast i16 %trunc_ln67_1" [./flashattentionmemory.h:67->./flashattentionmemory.h:123]   --->   Operation 295 'bitcast' 'vals_63' <Predicate = (icmp_ln112)> <Delay = 0.00>
ST_4 : Operation 296 [1/1] (0.00ns)   --->   "%vals_64 = bitcast i16 %tmp_76" [./flashattentionmemory.h:67->./flashattentionmemory.h:123]   --->   Operation 296 'bitcast' 'vals_64' <Predicate = (icmp_ln112)> <Delay = 0.00>
ST_4 : Operation 297 [1/1] (0.00ns)   --->   "%vals_65 = bitcast i16 %tmp_77" [./flashattentionmemory.h:67->./flashattentionmemory.h:123]   --->   Operation 297 'bitcast' 'vals_65' <Predicate = (icmp_ln112)> <Delay = 0.00>
ST_4 : Operation 298 [1/1] (0.00ns)   --->   "%vals_66 = bitcast i16 %tmp_78" [./flashattentionmemory.h:67->./flashattentionmemory.h:123]   --->   Operation 298 'bitcast' 'vals_66' <Predicate = (icmp_ln112)> <Delay = 0.00>
ST_4 : Operation 299 [1/1] (0.00ns)   --->   "%vals_67 = bitcast i16 %tmp_79" [./flashattentionmemory.h:67->./flashattentionmemory.h:123]   --->   Operation 299 'bitcast' 'vals_67' <Predicate = (icmp_ln112)> <Delay = 0.00>
ST_4 : Operation 300 [1/1] (0.00ns)   --->   "%vals_68 = bitcast i16 %tmp_80" [./flashattentionmemory.h:67->./flashattentionmemory.h:123]   --->   Operation 300 'bitcast' 'vals_68' <Predicate = (icmp_ln112)> <Delay = 0.00>
ST_4 : Operation 301 [1/1] (0.00ns)   --->   "%vals_69 = bitcast i16 %tmp_81" [./flashattentionmemory.h:67->./flashattentionmemory.h:123]   --->   Operation 301 'bitcast' 'vals_69' <Predicate = (icmp_ln112)> <Delay = 0.00>
ST_4 : Operation 302 [1/1] (0.00ns)   --->   "%vals_70 = bitcast i16 %tmp_82" [./flashattentionmemory.h:67->./flashattentionmemory.h:123]   --->   Operation 302 'bitcast' 'vals_70' <Predicate = (icmp_ln112)> <Delay = 0.00>
ST_4 : Operation 303 [1/1] (0.00ns)   --->   "%vals_71 = bitcast i16 %tmp_83" [./flashattentionmemory.h:67->./flashattentionmemory.h:123]   --->   Operation 303 'bitcast' 'vals_71' <Predicate = (icmp_ln112)> <Delay = 0.00>
ST_4 : Operation 304 [1/1] (0.00ns)   --->   "%vals_72 = bitcast i16 %tmp_84" [./flashattentionmemory.h:67->./flashattentionmemory.h:123]   --->   Operation 304 'bitcast' 'vals_72' <Predicate = (icmp_ln112)> <Delay = 0.00>
ST_4 : Operation 305 [1/1] (0.00ns)   --->   "%vals_73 = bitcast i16 %tmp_85" [./flashattentionmemory.h:67->./flashattentionmemory.h:123]   --->   Operation 305 'bitcast' 'vals_73' <Predicate = (icmp_ln112)> <Delay = 0.00>
ST_4 : Operation 306 [1/1] (0.00ns)   --->   "%vals_74 = bitcast i16 %tmp_86" [./flashattentionmemory.h:67->./flashattentionmemory.h:123]   --->   Operation 306 'bitcast' 'vals_74' <Predicate = (icmp_ln112)> <Delay = 0.00>
ST_4 : Operation 307 [1/1] (0.00ns)   --->   "%vals_75 = bitcast i16 %tmp_87" [./flashattentionmemory.h:67->./flashattentionmemory.h:123]   --->   Operation 307 'bitcast' 'vals_75' <Predicate = (icmp_ln112)> <Delay = 0.00>
ST_4 : Operation 308 [1/1] (0.00ns)   --->   "%vals_76 = bitcast i16 %tmp_88" [./flashattentionmemory.h:67->./flashattentionmemory.h:123]   --->   Operation 308 'bitcast' 'vals_76' <Predicate = (icmp_ln112)> <Delay = 0.00>
ST_4 : Operation 309 [1/1] (0.00ns)   --->   "%vals_77 = bitcast i16 %tmp_89" [./flashattentionmemory.h:67->./flashattentionmemory.h:123]   --->   Operation 309 'bitcast' 'vals_77' <Predicate = (icmp_ln112)> <Delay = 0.00>
ST_4 : Operation 310 [1/1] (0.00ns)   --->   "%vals_78 = bitcast i16 %tmp_90" [./flashattentionmemory.h:67->./flashattentionmemory.h:123]   --->   Operation 310 'bitcast' 'vals_78' <Predicate = (icmp_ln112)> <Delay = 0.00>
ST_4 : Operation 311 [1/1] (0.00ns)   --->   "%trunc_ln67_2 = trunc i512 %word_2" [./flashattentionmemory.h:67->./flashattentionmemory.h:123]   --->   Operation 311 'trunc' 'trunc_ln67_2' <Predicate = (icmp_ln112)> <Delay = 0.00>
ST_4 : Operation 312 [1/1] (0.00ns)   --->   "%tmp_108 = partselect i16 @_ssdm_op_PartSelect.i16.i512.i32, i512 %word_2, i32 16" [./flashattentionmemory.h:67->./flashattentionmemory.h:123]   --->   Operation 312 'partselect' 'tmp_108' <Predicate = (icmp_ln112)> <Delay = 0.00>
ST_4 : Operation 313 [1/1] (0.00ns)   --->   "%tmp_109 = partselect i16 @_ssdm_op_PartSelect.i16.i512.i32, i512 %word_2, i32 32" [./flashattentionmemory.h:67->./flashattentionmemory.h:123]   --->   Operation 313 'partselect' 'tmp_109' <Predicate = (icmp_ln112)> <Delay = 0.00>
ST_4 : Operation 314 [1/1] (0.00ns)   --->   "%tmp_110 = partselect i16 @_ssdm_op_PartSelect.i16.i512.i32, i512 %word_2, i32 48" [./flashattentionmemory.h:67->./flashattentionmemory.h:123]   --->   Operation 314 'partselect' 'tmp_110' <Predicate = (icmp_ln112)> <Delay = 0.00>
ST_4 : Operation 315 [1/1] (0.00ns)   --->   "%tmp_111 = partselect i16 @_ssdm_op_PartSelect.i16.i512.i32, i512 %word_2, i32 64" [./flashattentionmemory.h:67->./flashattentionmemory.h:123]   --->   Operation 315 'partselect' 'tmp_111' <Predicate = (icmp_ln112)> <Delay = 0.00>
ST_4 : Operation 316 [1/1] (0.00ns)   --->   "%tmp_112 = partselect i16 @_ssdm_op_PartSelect.i16.i512.i32, i512 %word_2, i32 80" [./flashattentionmemory.h:67->./flashattentionmemory.h:123]   --->   Operation 316 'partselect' 'tmp_112' <Predicate = (icmp_ln112)> <Delay = 0.00>
ST_4 : Operation 317 [1/1] (0.00ns)   --->   "%tmp_113 = partselect i16 @_ssdm_op_PartSelect.i16.i512.i32, i512 %word_2, i32 96" [./flashattentionmemory.h:67->./flashattentionmemory.h:123]   --->   Operation 317 'partselect' 'tmp_113' <Predicate = (icmp_ln112)> <Delay = 0.00>
ST_4 : Operation 318 [1/1] (0.00ns)   --->   "%tmp_114 = partselect i16 @_ssdm_op_PartSelect.i16.i512.i32, i512 %word_2, i32 112" [./flashattentionmemory.h:67->./flashattentionmemory.h:123]   --->   Operation 318 'partselect' 'tmp_114' <Predicate = (icmp_ln112)> <Delay = 0.00>
ST_4 : Operation 319 [1/1] (0.00ns)   --->   "%tmp_115 = partselect i16 @_ssdm_op_PartSelect.i16.i512.i32, i512 %word_2, i32 128" [./flashattentionmemory.h:67->./flashattentionmemory.h:123]   --->   Operation 319 'partselect' 'tmp_115' <Predicate = (icmp_ln112)> <Delay = 0.00>
ST_4 : Operation 320 [1/1] (0.00ns)   --->   "%tmp_116 = partselect i16 @_ssdm_op_PartSelect.i16.i512.i32, i512 %word_2, i32 144" [./flashattentionmemory.h:67->./flashattentionmemory.h:123]   --->   Operation 320 'partselect' 'tmp_116' <Predicate = (icmp_ln112)> <Delay = 0.00>
ST_4 : Operation 321 [1/1] (0.00ns)   --->   "%tmp_117 = partselect i16 @_ssdm_op_PartSelect.i16.i512.i32, i512 %word_2, i32 160" [./flashattentionmemory.h:67->./flashattentionmemory.h:123]   --->   Operation 321 'partselect' 'tmp_117' <Predicate = (icmp_ln112)> <Delay = 0.00>
ST_4 : Operation 322 [1/1] (0.00ns)   --->   "%tmp_118 = partselect i16 @_ssdm_op_PartSelect.i16.i512.i32, i512 %word_2, i32 176" [./flashattentionmemory.h:67->./flashattentionmemory.h:123]   --->   Operation 322 'partselect' 'tmp_118' <Predicate = (icmp_ln112)> <Delay = 0.00>
ST_4 : Operation 323 [1/1] (0.00ns)   --->   "%tmp_119 = partselect i16 @_ssdm_op_PartSelect.i16.i512.i32, i512 %word_2, i32 192" [./flashattentionmemory.h:67->./flashattentionmemory.h:123]   --->   Operation 323 'partselect' 'tmp_119' <Predicate = (icmp_ln112)> <Delay = 0.00>
ST_4 : Operation 324 [1/1] (0.00ns)   --->   "%tmp_120 = partselect i16 @_ssdm_op_PartSelect.i16.i512.i32, i512 %word_2, i32 208" [./flashattentionmemory.h:67->./flashattentionmemory.h:123]   --->   Operation 324 'partselect' 'tmp_120' <Predicate = (icmp_ln112)> <Delay = 0.00>
ST_4 : Operation 325 [1/1] (0.00ns)   --->   "%tmp_121 = partselect i16 @_ssdm_op_PartSelect.i16.i512.i32, i512 %word_2, i32 224" [./flashattentionmemory.h:67->./flashattentionmemory.h:123]   --->   Operation 325 'partselect' 'tmp_121' <Predicate = (icmp_ln112)> <Delay = 0.00>
ST_4 : Operation 326 [1/1] (0.00ns)   --->   "%tmp_122 = partselect i16 @_ssdm_op_PartSelect.i16.i512.i32, i512 %word_2, i32 240" [./flashattentionmemory.h:67->./flashattentionmemory.h:123]   --->   Operation 326 'partselect' 'tmp_122' <Predicate = (icmp_ln112)> <Delay = 0.00>
ST_4 : Operation 327 [1/1] (0.00ns)   --->   "%tmp_123 = partselect i16 @_ssdm_op_PartSelect.i16.i512.i32, i512 %word_2, i32 256" [./flashattentionmemory.h:67->./flashattentionmemory.h:123]   --->   Operation 327 'partselect' 'tmp_123' <Predicate = (icmp_ln112)> <Delay = 0.00>
ST_4 : Operation 328 [1/1] (0.00ns)   --->   "%tmp_124 = partselect i16 @_ssdm_op_PartSelect.i16.i512.i32, i512 %word_2, i32 272" [./flashattentionmemory.h:67->./flashattentionmemory.h:123]   --->   Operation 328 'partselect' 'tmp_124' <Predicate = (icmp_ln112)> <Delay = 0.00>
ST_4 : Operation 329 [1/1] (0.00ns)   --->   "%tmp_125 = partselect i16 @_ssdm_op_PartSelect.i16.i512.i32, i512 %word_2, i32 288" [./flashattentionmemory.h:67->./flashattentionmemory.h:123]   --->   Operation 329 'partselect' 'tmp_125' <Predicate = (icmp_ln112)> <Delay = 0.00>
ST_4 : Operation 330 [1/1] (0.00ns)   --->   "%tmp_126 = partselect i16 @_ssdm_op_PartSelect.i16.i512.i32, i512 %word_2, i32 304" [./flashattentionmemory.h:67->./flashattentionmemory.h:123]   --->   Operation 330 'partselect' 'tmp_126' <Predicate = (icmp_ln112)> <Delay = 0.00>
ST_4 : Operation 331 [1/1] (0.00ns)   --->   "%tmp_127 = partselect i16 @_ssdm_op_PartSelect.i16.i512.i32, i512 %word_2, i32 320" [./flashattentionmemory.h:67->./flashattentionmemory.h:123]   --->   Operation 331 'partselect' 'tmp_127' <Predicate = (icmp_ln112)> <Delay = 0.00>
ST_4 : Operation 332 [1/1] (0.00ns)   --->   "%tmp_128 = partselect i16 @_ssdm_op_PartSelect.i16.i512.i32, i512 %word_2, i32 336" [./flashattentionmemory.h:67->./flashattentionmemory.h:123]   --->   Operation 332 'partselect' 'tmp_128' <Predicate = (icmp_ln112)> <Delay = 0.00>
ST_4 : Operation 333 [1/1] (0.00ns)   --->   "%tmp_129 = partselect i16 @_ssdm_op_PartSelect.i16.i512.i32, i512 %word_2, i32 352" [./flashattentionmemory.h:67->./flashattentionmemory.h:123]   --->   Operation 333 'partselect' 'tmp_129' <Predicate = (icmp_ln112)> <Delay = 0.00>
ST_4 : Operation 334 [1/1] (0.00ns)   --->   "%tmp_130 = partselect i16 @_ssdm_op_PartSelect.i16.i512.i32, i512 %word_2, i32 368" [./flashattentionmemory.h:67->./flashattentionmemory.h:123]   --->   Operation 334 'partselect' 'tmp_130' <Predicate = (icmp_ln112)> <Delay = 0.00>
ST_4 : Operation 335 [1/1] (0.00ns)   --->   "%tmp_131 = partselect i16 @_ssdm_op_PartSelect.i16.i512.i32, i512 %word_2, i32 384" [./flashattentionmemory.h:67->./flashattentionmemory.h:123]   --->   Operation 335 'partselect' 'tmp_131' <Predicate = (icmp_ln112)> <Delay = 0.00>
ST_4 : Operation 336 [1/1] (0.00ns)   --->   "%tmp_132 = partselect i16 @_ssdm_op_PartSelect.i16.i512.i32, i512 %word_2, i32 400" [./flashattentionmemory.h:67->./flashattentionmemory.h:123]   --->   Operation 336 'partselect' 'tmp_132' <Predicate = (icmp_ln112)> <Delay = 0.00>
ST_4 : Operation 337 [1/1] (0.00ns)   --->   "%tmp_133 = partselect i16 @_ssdm_op_PartSelect.i16.i512.i32, i512 %word_2, i32 416" [./flashattentionmemory.h:67->./flashattentionmemory.h:123]   --->   Operation 337 'partselect' 'tmp_133' <Predicate = (icmp_ln112)> <Delay = 0.00>
ST_4 : Operation 338 [1/1] (0.00ns)   --->   "%tmp_134 = partselect i16 @_ssdm_op_PartSelect.i16.i512.i32, i512 %word_2, i32 432" [./flashattentionmemory.h:67->./flashattentionmemory.h:123]   --->   Operation 338 'partselect' 'tmp_134' <Predicate = (icmp_ln112)> <Delay = 0.00>
ST_4 : Operation 339 [1/1] (0.00ns)   --->   "%tmp_135 = partselect i16 @_ssdm_op_PartSelect.i16.i512.i32, i512 %word_2, i32 448" [./flashattentionmemory.h:67->./flashattentionmemory.h:123]   --->   Operation 339 'partselect' 'tmp_135' <Predicate = (icmp_ln112)> <Delay = 0.00>
ST_4 : Operation 340 [1/1] (0.00ns)   --->   "%tmp_136 = partselect i16 @_ssdm_op_PartSelect.i16.i512.i32, i512 %word_2, i32 464" [./flashattentionmemory.h:67->./flashattentionmemory.h:123]   --->   Operation 340 'partselect' 'tmp_136' <Predicate = (icmp_ln112)> <Delay = 0.00>
ST_4 : Operation 341 [1/1] (0.00ns)   --->   "%tmp_137 = partselect i16 @_ssdm_op_PartSelect.i16.i512.i32, i512 %word_2, i32 480" [./flashattentionmemory.h:67->./flashattentionmemory.h:123]   --->   Operation 341 'partselect' 'tmp_137' <Predicate = (icmp_ln112)> <Delay = 0.00>
ST_4 : Operation 342 [1/1] (0.00ns)   --->   "%tmp_138 = partselect i16 @_ssdm_op_PartSelect.i16.i512.i32, i512 %word_2, i32 496" [./flashattentionmemory.h:67->./flashattentionmemory.h:123]   --->   Operation 342 'partselect' 'tmp_138' <Predicate = (icmp_ln112)> <Delay = 0.00>
ST_4 : Operation 343 [1/1] (0.69ns) (share mux size 8)   --->   "%muxLogicRAMData_to_store_ln130 = muxlogic i16 %vals_63"   --->   Operation 343 'muxlogic' 'muxLogicRAMData_to_store_ln130' <Predicate = (icmp_ln112)> <Delay = 0.69>
ST_4 : Operation 344 [1/1] (0.69ns) (share mux size 8)   --->   "%muxLogicRAMAddr_to_store_ln130 = muxlogic i9 %tile_0_addr_5"   --->   Operation 344 'muxlogic' 'muxLogicRAMAddr_to_store_ln130' <Predicate = (icmp_ln112)> <Delay = 0.69>
ST_4 : Operation 345 [1/1] ( I:0.55ns O:0.55ns ) (share mux size 11)   --->   "%store_ln130 = store i16 %vals_63, i9 %tile_0_addr_5" [./flashattentionmemory.h:130]   --->   Operation 345 'store' 'store_ln130' <Predicate = (icmp_ln112)> <Delay = 0.55> <CoreInst = "RAM_2P_BRAM">   --->   Core 97 'RAM_2P_BRAM' <Latency = 1> <II = 1> <Delay = 0.86> <Storage> <Opcode : 'load' 'store'> <Ports = 2> <Width = 16> <Depth = 512> <RAM>
ST_4 : Operation 346 [1/1] (0.69ns) (share mux size 8)   --->   "%muxLogicRAMData_to_store_ln130 = muxlogic i16 %vals_64"   --->   Operation 346 'muxlogic' 'muxLogicRAMData_to_store_ln130' <Predicate = (icmp_ln112)> <Delay = 0.69>
ST_4 : Operation 347 [1/1] (0.69ns) (share mux size 8)   --->   "%muxLogicRAMAddr_to_store_ln130 = muxlogic i9 %tile_1_addr_5"   --->   Operation 347 'muxlogic' 'muxLogicRAMAddr_to_store_ln130' <Predicate = (icmp_ln112)> <Delay = 0.69>
ST_4 : Operation 348 [1/1] ( I:0.55ns O:0.55ns ) (share mux size 11)   --->   "%store_ln130 = store i16 %vals_64, i9 %tile_1_addr_5" [./flashattentionmemory.h:130]   --->   Operation 348 'store' 'store_ln130' <Predicate = (icmp_ln112)> <Delay = 0.55> <CoreInst = "RAM_2P_BRAM">   --->   Core 97 'RAM_2P_BRAM' <Latency = 1> <II = 1> <Delay = 0.86> <Storage> <Opcode : 'load' 'store'> <Ports = 2> <Width = 16> <Depth = 512> <RAM>
ST_4 : Operation 349 [1/1] (0.69ns) (share mux size 8)   --->   "%muxLogicRAMData_to_store_ln130 = muxlogic i16 %vals_65"   --->   Operation 349 'muxlogic' 'muxLogicRAMData_to_store_ln130' <Predicate = (icmp_ln112)> <Delay = 0.69>
ST_4 : Operation 350 [1/1] (0.69ns) (share mux size 8)   --->   "%muxLogicRAMAddr_to_store_ln130 = muxlogic i9 %tile_2_addr_5"   --->   Operation 350 'muxlogic' 'muxLogicRAMAddr_to_store_ln130' <Predicate = (icmp_ln112)> <Delay = 0.69>
ST_4 : Operation 351 [1/1] ( I:0.55ns O:0.55ns ) (share mux size 11)   --->   "%store_ln130 = store i16 %vals_65, i9 %tile_2_addr_5" [./flashattentionmemory.h:130]   --->   Operation 351 'store' 'store_ln130' <Predicate = (icmp_ln112)> <Delay = 0.55> <CoreInst = "RAM_2P_BRAM">   --->   Core 97 'RAM_2P_BRAM' <Latency = 1> <II = 1> <Delay = 0.86> <Storage> <Opcode : 'load' 'store'> <Ports = 2> <Width = 16> <Depth = 512> <RAM>
ST_4 : Operation 352 [1/1] (0.69ns) (share mux size 8)   --->   "%muxLogicRAMData_to_store_ln130 = muxlogic i16 %vals_66"   --->   Operation 352 'muxlogic' 'muxLogicRAMData_to_store_ln130' <Predicate = (icmp_ln112)> <Delay = 0.69>
ST_4 : Operation 353 [1/1] (0.69ns) (share mux size 8)   --->   "%muxLogicRAMAddr_to_store_ln130 = muxlogic i9 %tile_3_addr_5"   --->   Operation 353 'muxlogic' 'muxLogicRAMAddr_to_store_ln130' <Predicate = (icmp_ln112)> <Delay = 0.69>
ST_4 : Operation 354 [1/1] ( I:0.55ns O:0.55ns ) (share mux size 11)   --->   "%store_ln130 = store i16 %vals_66, i9 %tile_3_addr_5" [./flashattentionmemory.h:130]   --->   Operation 354 'store' 'store_ln130' <Predicate = (icmp_ln112)> <Delay = 0.55> <CoreInst = "RAM_2P_BRAM">   --->   Core 97 'RAM_2P_BRAM' <Latency = 1> <II = 1> <Delay = 0.86> <Storage> <Opcode : 'load' 'store'> <Ports = 2> <Width = 16> <Depth = 512> <RAM>
ST_4 : Operation 355 [1/1] (0.69ns) (share mux size 8)   --->   "%muxLogicRAMData_to_store_ln130 = muxlogic i16 %vals_67"   --->   Operation 355 'muxlogic' 'muxLogicRAMData_to_store_ln130' <Predicate = (icmp_ln112)> <Delay = 0.69>
ST_4 : Operation 356 [1/1] (0.69ns) (share mux size 8)   --->   "%muxLogicRAMAddr_to_store_ln130 = muxlogic i9 %tile_4_addr_5"   --->   Operation 356 'muxlogic' 'muxLogicRAMAddr_to_store_ln130' <Predicate = (icmp_ln112)> <Delay = 0.69>
ST_4 : Operation 357 [1/1] ( I:0.55ns O:0.55ns ) (share mux size 11)   --->   "%store_ln130 = store i16 %vals_67, i9 %tile_4_addr_5" [./flashattentionmemory.h:130]   --->   Operation 357 'store' 'store_ln130' <Predicate = (icmp_ln112)> <Delay = 0.55> <CoreInst = "RAM_2P_BRAM">   --->   Core 97 'RAM_2P_BRAM' <Latency = 1> <II = 1> <Delay = 0.86> <Storage> <Opcode : 'load' 'store'> <Ports = 2> <Width = 16> <Depth = 512> <RAM>
ST_4 : Operation 358 [1/1] (0.69ns) (share mux size 8)   --->   "%muxLogicRAMData_to_store_ln130 = muxlogic i16 %vals_68"   --->   Operation 358 'muxlogic' 'muxLogicRAMData_to_store_ln130' <Predicate = (icmp_ln112)> <Delay = 0.69>
ST_4 : Operation 359 [1/1] (0.69ns) (share mux size 8)   --->   "%muxLogicRAMAddr_to_store_ln130 = muxlogic i9 %tile_5_addr_5"   --->   Operation 359 'muxlogic' 'muxLogicRAMAddr_to_store_ln130' <Predicate = (icmp_ln112)> <Delay = 0.69>
ST_4 : Operation 360 [1/1] ( I:0.55ns O:0.55ns ) (share mux size 11)   --->   "%store_ln130 = store i16 %vals_68, i9 %tile_5_addr_5" [./flashattentionmemory.h:130]   --->   Operation 360 'store' 'store_ln130' <Predicate = (icmp_ln112)> <Delay = 0.55> <CoreInst = "RAM_2P_BRAM">   --->   Core 97 'RAM_2P_BRAM' <Latency = 1> <II = 1> <Delay = 0.86> <Storage> <Opcode : 'load' 'store'> <Ports = 2> <Width = 16> <Depth = 512> <RAM>
ST_4 : Operation 361 [1/1] (0.69ns) (share mux size 8)   --->   "%muxLogicRAMData_to_store_ln130 = muxlogic i16 %vals_69"   --->   Operation 361 'muxlogic' 'muxLogicRAMData_to_store_ln130' <Predicate = (icmp_ln112)> <Delay = 0.69>
ST_4 : Operation 362 [1/1] (0.69ns) (share mux size 8)   --->   "%muxLogicRAMAddr_to_store_ln130 = muxlogic i9 %tile_6_addr_5"   --->   Operation 362 'muxlogic' 'muxLogicRAMAddr_to_store_ln130' <Predicate = (icmp_ln112)> <Delay = 0.69>
ST_4 : Operation 363 [1/1] ( I:0.55ns O:0.55ns ) (share mux size 11)   --->   "%store_ln130 = store i16 %vals_69, i9 %tile_6_addr_5" [./flashattentionmemory.h:130]   --->   Operation 363 'store' 'store_ln130' <Predicate = (icmp_ln112)> <Delay = 0.55> <CoreInst = "RAM_2P_BRAM">   --->   Core 97 'RAM_2P_BRAM' <Latency = 1> <II = 1> <Delay = 0.86> <Storage> <Opcode : 'load' 'store'> <Ports = 2> <Width = 16> <Depth = 512> <RAM>
ST_4 : Operation 364 [1/1] (0.69ns) (share mux size 8)   --->   "%muxLogicRAMData_to_store_ln130 = muxlogic i16 %vals_70"   --->   Operation 364 'muxlogic' 'muxLogicRAMData_to_store_ln130' <Predicate = (icmp_ln112)> <Delay = 0.69>
ST_4 : Operation 365 [1/1] (0.69ns) (share mux size 8)   --->   "%muxLogicRAMAddr_to_store_ln130 = muxlogic i9 %tile_7_addr_5"   --->   Operation 365 'muxlogic' 'muxLogicRAMAddr_to_store_ln130' <Predicate = (icmp_ln112)> <Delay = 0.69>
ST_4 : Operation 366 [1/1] ( I:0.55ns O:0.55ns ) (share mux size 11)   --->   "%store_ln130 = store i16 %vals_70, i9 %tile_7_addr_5" [./flashattentionmemory.h:130]   --->   Operation 366 'store' 'store_ln130' <Predicate = (icmp_ln112)> <Delay = 0.55> <CoreInst = "RAM_2P_BRAM">   --->   Core 97 'RAM_2P_BRAM' <Latency = 1> <II = 1> <Delay = 0.86> <Storage> <Opcode : 'load' 'store'> <Ports = 2> <Width = 16> <Depth = 512> <RAM>
ST_4 : Operation 367 [1/1] (0.69ns) (share mux size 8)   --->   "%muxLogicRAMData_to_store_ln130 = muxlogic i16 %vals_71"   --->   Operation 367 'muxlogic' 'muxLogicRAMData_to_store_ln130' <Predicate = (icmp_ln112)> <Delay = 0.69>
ST_4 : Operation 368 [1/1] (0.69ns) (share mux size 8)   --->   "%muxLogicRAMAddr_to_store_ln130 = muxlogic i9 %tile_8_addr_5"   --->   Operation 368 'muxlogic' 'muxLogicRAMAddr_to_store_ln130' <Predicate = (icmp_ln112)> <Delay = 0.69>
ST_4 : Operation 369 [1/1] ( I:0.55ns O:0.55ns ) (share mux size 11)   --->   "%store_ln130 = store i16 %vals_71, i9 %tile_8_addr_5" [./flashattentionmemory.h:130]   --->   Operation 369 'store' 'store_ln130' <Predicate = (icmp_ln112)> <Delay = 0.55> <CoreInst = "RAM_2P_BRAM">   --->   Core 97 'RAM_2P_BRAM' <Latency = 1> <II = 1> <Delay = 0.86> <Storage> <Opcode : 'load' 'store'> <Ports = 2> <Width = 16> <Depth = 512> <RAM>
ST_4 : Operation 370 [1/1] (0.69ns) (share mux size 8)   --->   "%muxLogicRAMData_to_store_ln130 = muxlogic i16 %vals_72"   --->   Operation 370 'muxlogic' 'muxLogicRAMData_to_store_ln130' <Predicate = (icmp_ln112)> <Delay = 0.69>
ST_4 : Operation 371 [1/1] (0.69ns) (share mux size 8)   --->   "%muxLogicRAMAddr_to_store_ln130 = muxlogic i9 %tile_9_addr_5"   --->   Operation 371 'muxlogic' 'muxLogicRAMAddr_to_store_ln130' <Predicate = (icmp_ln112)> <Delay = 0.69>
ST_4 : Operation 372 [1/1] ( I:0.55ns O:0.55ns ) (share mux size 11)   --->   "%store_ln130 = store i16 %vals_72, i9 %tile_9_addr_5" [./flashattentionmemory.h:130]   --->   Operation 372 'store' 'store_ln130' <Predicate = (icmp_ln112)> <Delay = 0.55> <CoreInst = "RAM_2P_BRAM">   --->   Core 97 'RAM_2P_BRAM' <Latency = 1> <II = 1> <Delay = 0.86> <Storage> <Opcode : 'load' 'store'> <Ports = 2> <Width = 16> <Depth = 512> <RAM>
ST_4 : Operation 373 [1/1] (0.69ns) (share mux size 8)   --->   "%muxLogicRAMData_to_store_ln130 = muxlogic i16 %vals_73"   --->   Operation 373 'muxlogic' 'muxLogicRAMData_to_store_ln130' <Predicate = (icmp_ln112)> <Delay = 0.69>
ST_4 : Operation 374 [1/1] (0.69ns) (share mux size 8)   --->   "%muxLogicRAMAddr_to_store_ln130 = muxlogic i9 %tile_10_addr_5"   --->   Operation 374 'muxlogic' 'muxLogicRAMAddr_to_store_ln130' <Predicate = (icmp_ln112)> <Delay = 0.69>
ST_4 : Operation 375 [1/1] ( I:0.55ns O:0.55ns ) (share mux size 11)   --->   "%store_ln130 = store i16 %vals_73, i9 %tile_10_addr_5" [./flashattentionmemory.h:130]   --->   Operation 375 'store' 'store_ln130' <Predicate = (icmp_ln112)> <Delay = 0.55> <CoreInst = "RAM_2P_BRAM">   --->   Core 97 'RAM_2P_BRAM' <Latency = 1> <II = 1> <Delay = 0.86> <Storage> <Opcode : 'load' 'store'> <Ports = 2> <Width = 16> <Depth = 512> <RAM>
ST_4 : Operation 376 [1/1] (0.69ns) (share mux size 8)   --->   "%muxLogicRAMData_to_store_ln130 = muxlogic i16 %vals_74"   --->   Operation 376 'muxlogic' 'muxLogicRAMData_to_store_ln130' <Predicate = (icmp_ln112)> <Delay = 0.69>
ST_4 : Operation 377 [1/1] (0.69ns) (share mux size 8)   --->   "%muxLogicRAMAddr_to_store_ln130 = muxlogic i9 %tile_11_addr_5"   --->   Operation 377 'muxlogic' 'muxLogicRAMAddr_to_store_ln130' <Predicate = (icmp_ln112)> <Delay = 0.69>
ST_4 : Operation 378 [1/1] ( I:0.55ns O:0.55ns ) (share mux size 11)   --->   "%store_ln130 = store i16 %vals_74, i9 %tile_11_addr_5" [./flashattentionmemory.h:130]   --->   Operation 378 'store' 'store_ln130' <Predicate = (icmp_ln112)> <Delay = 0.55> <CoreInst = "RAM_2P_BRAM">   --->   Core 97 'RAM_2P_BRAM' <Latency = 1> <II = 1> <Delay = 0.86> <Storage> <Opcode : 'load' 'store'> <Ports = 2> <Width = 16> <Depth = 512> <RAM>
ST_4 : Operation 379 [1/1] (0.69ns) (share mux size 8)   --->   "%muxLogicRAMData_to_store_ln130 = muxlogic i16 %vals_75"   --->   Operation 379 'muxlogic' 'muxLogicRAMData_to_store_ln130' <Predicate = (icmp_ln112)> <Delay = 0.69>
ST_4 : Operation 380 [1/1] (0.69ns) (share mux size 8)   --->   "%muxLogicRAMAddr_to_store_ln130 = muxlogic i9 %tile_12_addr_5"   --->   Operation 380 'muxlogic' 'muxLogicRAMAddr_to_store_ln130' <Predicate = (icmp_ln112)> <Delay = 0.69>
ST_4 : Operation 381 [1/1] ( I:0.55ns O:0.55ns ) (share mux size 11)   --->   "%store_ln130 = store i16 %vals_75, i9 %tile_12_addr_5" [./flashattentionmemory.h:130]   --->   Operation 381 'store' 'store_ln130' <Predicate = (icmp_ln112)> <Delay = 0.55> <CoreInst = "RAM_2P_BRAM">   --->   Core 97 'RAM_2P_BRAM' <Latency = 1> <II = 1> <Delay = 0.86> <Storage> <Opcode : 'load' 'store'> <Ports = 2> <Width = 16> <Depth = 512> <RAM>
ST_4 : Operation 382 [1/1] (0.69ns) (share mux size 8)   --->   "%muxLogicRAMData_to_store_ln130 = muxlogic i16 %vals_76"   --->   Operation 382 'muxlogic' 'muxLogicRAMData_to_store_ln130' <Predicate = (icmp_ln112)> <Delay = 0.69>
ST_4 : Operation 383 [1/1] (0.69ns) (share mux size 8)   --->   "%muxLogicRAMAddr_to_store_ln130 = muxlogic i9 %tile_13_addr_5"   --->   Operation 383 'muxlogic' 'muxLogicRAMAddr_to_store_ln130' <Predicate = (icmp_ln112)> <Delay = 0.69>
ST_4 : Operation 384 [1/1] ( I:0.55ns O:0.55ns ) (share mux size 11)   --->   "%store_ln130 = store i16 %vals_76, i9 %tile_13_addr_5" [./flashattentionmemory.h:130]   --->   Operation 384 'store' 'store_ln130' <Predicate = (icmp_ln112)> <Delay = 0.55> <CoreInst = "RAM_2P_BRAM">   --->   Core 97 'RAM_2P_BRAM' <Latency = 1> <II = 1> <Delay = 0.86> <Storage> <Opcode : 'load' 'store'> <Ports = 2> <Width = 16> <Depth = 512> <RAM>
ST_4 : Operation 385 [1/1] (0.69ns) (share mux size 8)   --->   "%muxLogicRAMData_to_store_ln130 = muxlogic i16 %vals_77"   --->   Operation 385 'muxlogic' 'muxLogicRAMData_to_store_ln130' <Predicate = (icmp_ln112)> <Delay = 0.69>
ST_4 : Operation 386 [1/1] (0.69ns) (share mux size 8)   --->   "%muxLogicRAMAddr_to_store_ln130 = muxlogic i9 %tile_14_addr_5"   --->   Operation 386 'muxlogic' 'muxLogicRAMAddr_to_store_ln130' <Predicate = (icmp_ln112)> <Delay = 0.69>
ST_4 : Operation 387 [1/1] ( I:0.55ns O:0.55ns ) (share mux size 11)   --->   "%store_ln130 = store i16 %vals_77, i9 %tile_14_addr_5" [./flashattentionmemory.h:130]   --->   Operation 387 'store' 'store_ln130' <Predicate = (icmp_ln112)> <Delay = 0.55> <CoreInst = "RAM_2P_BRAM">   --->   Core 97 'RAM_2P_BRAM' <Latency = 1> <II = 1> <Delay = 0.86> <Storage> <Opcode : 'load' 'store'> <Ports = 2> <Width = 16> <Depth = 512> <RAM>
ST_4 : Operation 388 [1/1] (0.69ns) (share mux size 8)   --->   "%muxLogicRAMData_to_store_ln130 = muxlogic i16 %vals_78"   --->   Operation 388 'muxlogic' 'muxLogicRAMData_to_store_ln130' <Predicate = (icmp_ln112)> <Delay = 0.69>
ST_4 : Operation 389 [1/1] (0.69ns) (share mux size 8)   --->   "%muxLogicRAMAddr_to_store_ln130 = muxlogic i9 %tile_15_addr_5"   --->   Operation 389 'muxlogic' 'muxLogicRAMAddr_to_store_ln130' <Predicate = (icmp_ln112)> <Delay = 0.69>
ST_4 : Operation 390 [1/1] ( I:0.55ns O:0.55ns ) (share mux size 11)   --->   "%store_ln130 = store i16 %vals_78, i9 %tile_15_addr_5" [./flashattentionmemory.h:130]   --->   Operation 390 'store' 'store_ln130' <Predicate = (icmp_ln112)> <Delay = 0.55> <CoreInst = "RAM_2P_BRAM">   --->   Core 97 'RAM_2P_BRAM' <Latency = 1> <II = 1> <Delay = 0.86> <Storage> <Opcode : 'load' 'store'> <Ports = 2> <Width = 16> <Depth = 512> <RAM>

State 5 <SV = 4> <Delay = 1.54>
ST_5 : Operation 391 [1/1] (0.00ns)   --->   "%tmp_171 = bitconcatenate i9 @_ssdm_op_BitConcatenate.i9.i6.i3, i6 %trunc_ln112, i3 3" [./flashattentionmemory.h:130]   --->   Operation 391 'bitconcatenate' 'tmp_171' <Predicate = (icmp_ln112)> <Delay = 0.00>
ST_5 : Operation 392 [1/1] (0.00ns)   --->   "%zext_ln130_3 = zext i9 %tmp_171" [./flashattentionmemory.h:130]   --->   Operation 392 'zext' 'zext_ln130_3' <Predicate = (icmp_ln112)> <Delay = 0.00>
ST_5 : Operation 393 [1/1] (0.00ns)   --->   "%tile_0_addr_6 = getelementptr i16 %tile_0, i64 0, i64 %zext_ln130_3" [./flashattentionmemory.h:130]   --->   Operation 393 'getelementptr' 'tile_0_addr_6' <Predicate = (icmp_ln112)> <Delay = 0.00>
ST_5 : Operation 394 [1/1] (0.00ns)   --->   "%tile_1_addr_6 = getelementptr i16 %tile_1, i64 0, i64 %zext_ln130_3" [./flashattentionmemory.h:130]   --->   Operation 394 'getelementptr' 'tile_1_addr_6' <Predicate = (icmp_ln112)> <Delay = 0.00>
ST_5 : Operation 395 [1/1] (0.00ns)   --->   "%tile_2_addr_6 = getelementptr i16 %tile_2, i64 0, i64 %zext_ln130_3" [./flashattentionmemory.h:130]   --->   Operation 395 'getelementptr' 'tile_2_addr_6' <Predicate = (icmp_ln112)> <Delay = 0.00>
ST_5 : Operation 396 [1/1] (0.00ns)   --->   "%tile_3_addr_6 = getelementptr i16 %tile_3, i64 0, i64 %zext_ln130_3" [./flashattentionmemory.h:130]   --->   Operation 396 'getelementptr' 'tile_3_addr_6' <Predicate = (icmp_ln112)> <Delay = 0.00>
ST_5 : Operation 397 [1/1] (0.00ns)   --->   "%tile_4_addr_6 = getelementptr i16 %tile_4, i64 0, i64 %zext_ln130_3" [./flashattentionmemory.h:130]   --->   Operation 397 'getelementptr' 'tile_4_addr_6' <Predicate = (icmp_ln112)> <Delay = 0.00>
ST_5 : Operation 398 [1/1] (0.00ns)   --->   "%tile_5_addr_6 = getelementptr i16 %tile_5, i64 0, i64 %zext_ln130_3" [./flashattentionmemory.h:130]   --->   Operation 398 'getelementptr' 'tile_5_addr_6' <Predicate = (icmp_ln112)> <Delay = 0.00>
ST_5 : Operation 399 [1/1] (0.00ns)   --->   "%tile_6_addr_6 = getelementptr i16 %tile_6, i64 0, i64 %zext_ln130_3" [./flashattentionmemory.h:130]   --->   Operation 399 'getelementptr' 'tile_6_addr_6' <Predicate = (icmp_ln112)> <Delay = 0.00>
ST_5 : Operation 400 [1/1] (0.00ns)   --->   "%tile_7_addr_6 = getelementptr i16 %tile_7, i64 0, i64 %zext_ln130_3" [./flashattentionmemory.h:130]   --->   Operation 400 'getelementptr' 'tile_7_addr_6' <Predicate = (icmp_ln112)> <Delay = 0.00>
ST_5 : Operation 401 [1/1] (0.00ns)   --->   "%tile_8_addr_6 = getelementptr i16 %tile_8, i64 0, i64 %zext_ln130_3" [./flashattentionmemory.h:130]   --->   Operation 401 'getelementptr' 'tile_8_addr_6' <Predicate = (icmp_ln112)> <Delay = 0.00>
ST_5 : Operation 402 [1/1] (0.00ns)   --->   "%tile_9_addr_6 = getelementptr i16 %tile_9, i64 0, i64 %zext_ln130_3" [./flashattentionmemory.h:130]   --->   Operation 402 'getelementptr' 'tile_9_addr_6' <Predicate = (icmp_ln112)> <Delay = 0.00>
ST_5 : Operation 403 [1/1] (0.00ns)   --->   "%tile_10_addr_6 = getelementptr i16 %tile_10, i64 0, i64 %zext_ln130_3" [./flashattentionmemory.h:130]   --->   Operation 403 'getelementptr' 'tile_10_addr_6' <Predicate = (icmp_ln112)> <Delay = 0.00>
ST_5 : Operation 404 [1/1] (0.00ns)   --->   "%tile_11_addr_6 = getelementptr i16 %tile_11, i64 0, i64 %zext_ln130_3" [./flashattentionmemory.h:130]   --->   Operation 404 'getelementptr' 'tile_11_addr_6' <Predicate = (icmp_ln112)> <Delay = 0.00>
ST_5 : Operation 405 [1/1] (0.00ns)   --->   "%tile_12_addr_6 = getelementptr i16 %tile_12, i64 0, i64 %zext_ln130_3" [./flashattentionmemory.h:130]   --->   Operation 405 'getelementptr' 'tile_12_addr_6' <Predicate = (icmp_ln112)> <Delay = 0.00>
ST_5 : Operation 406 [1/1] (0.00ns)   --->   "%tile_13_addr_6 = getelementptr i16 %tile_13, i64 0, i64 %zext_ln130_3" [./flashattentionmemory.h:130]   --->   Operation 406 'getelementptr' 'tile_13_addr_6' <Predicate = (icmp_ln112)> <Delay = 0.00>
ST_5 : Operation 407 [1/1] (0.00ns)   --->   "%tile_14_addr_6 = getelementptr i16 %tile_14, i64 0, i64 %zext_ln130_3" [./flashattentionmemory.h:130]   --->   Operation 407 'getelementptr' 'tile_14_addr_6' <Predicate = (icmp_ln112)> <Delay = 0.00>
ST_5 : Operation 408 [1/1] (0.00ns)   --->   "%tile_15_addr_6 = getelementptr i16 %tile_15, i64 0, i64 %zext_ln130_3" [./flashattentionmemory.h:130]   --->   Operation 408 'getelementptr' 'tile_15_addr_6' <Predicate = (icmp_ln112)> <Delay = 0.00>
ST_5 : Operation 409 [1/1] (0.34ns) (share mux size 4)   --->   "%muxLogicAXIMCE_to_word_3 = muxlogic"   --->   Operation 409 'muxlogic' 'muxLogicAXIMCE_to_word_3' <Predicate = (icmp_ln112)> <Delay = 0.34>
ST_5 : Operation 410 [1/1] (1.19ns) (share mux size 4)   --->   "%word_3 = read i512 @_ssdm_op_Read.m_axi.p1i512, i64 %gmem_Q_addr" [./flashattentionmemory.h:112]   --->   Operation 410 'read' 'word_3' <Predicate = (icmp_ln112)> <Delay = 1.19> <CoreInst = "m_axi">   --->   Core 123 'm_axi' <Latency = 0> <II = 1> <Delay = 1.51> <Adapter> <Opcode : 'read' 'write' 'readreq' 'writereq' 'writeresp'>
ST_5 : Operation 411 [1/1] (0.00ns)   --->   "%vals_79 = bitcast i16 %tmp_91" [./flashattentionmemory.h:67->./flashattentionmemory.h:123]   --->   Operation 411 'bitcast' 'vals_79' <Predicate = (icmp_ln112)> <Delay = 0.00>
ST_5 : Operation 412 [1/1] (0.00ns)   --->   "%vals_80 = bitcast i16 %tmp_92" [./flashattentionmemory.h:67->./flashattentionmemory.h:123]   --->   Operation 412 'bitcast' 'vals_80' <Predicate = (icmp_ln112)> <Delay = 0.00>
ST_5 : Operation 413 [1/1] (0.00ns)   --->   "%vals_81 = bitcast i16 %tmp_93" [./flashattentionmemory.h:67->./flashattentionmemory.h:123]   --->   Operation 413 'bitcast' 'vals_81' <Predicate = (icmp_ln112)> <Delay = 0.00>
ST_5 : Operation 414 [1/1] (0.00ns)   --->   "%vals_82 = bitcast i16 %tmp_94" [./flashattentionmemory.h:67->./flashattentionmemory.h:123]   --->   Operation 414 'bitcast' 'vals_82' <Predicate = (icmp_ln112)> <Delay = 0.00>
ST_5 : Operation 415 [1/1] (0.00ns)   --->   "%vals_83 = bitcast i16 %tmp_95" [./flashattentionmemory.h:67->./flashattentionmemory.h:123]   --->   Operation 415 'bitcast' 'vals_83' <Predicate = (icmp_ln112)> <Delay = 0.00>
ST_5 : Operation 416 [1/1] (0.00ns)   --->   "%vals_84 = bitcast i16 %tmp_96" [./flashattentionmemory.h:67->./flashattentionmemory.h:123]   --->   Operation 416 'bitcast' 'vals_84' <Predicate = (icmp_ln112)> <Delay = 0.00>
ST_5 : Operation 417 [1/1] (0.00ns)   --->   "%vals_85 = bitcast i16 %tmp_97" [./flashattentionmemory.h:67->./flashattentionmemory.h:123]   --->   Operation 417 'bitcast' 'vals_85' <Predicate = (icmp_ln112)> <Delay = 0.00>
ST_5 : Operation 418 [1/1] (0.00ns)   --->   "%vals_86 = bitcast i16 %tmp_98" [./flashattentionmemory.h:67->./flashattentionmemory.h:123]   --->   Operation 418 'bitcast' 'vals_86' <Predicate = (icmp_ln112)> <Delay = 0.00>
ST_5 : Operation 419 [1/1] (0.00ns)   --->   "%vals_87 = bitcast i16 %tmp_99" [./flashattentionmemory.h:67->./flashattentionmemory.h:123]   --->   Operation 419 'bitcast' 'vals_87' <Predicate = (icmp_ln112)> <Delay = 0.00>
ST_5 : Operation 420 [1/1] (0.00ns)   --->   "%vals_88 = bitcast i16 %tmp_100" [./flashattentionmemory.h:67->./flashattentionmemory.h:123]   --->   Operation 420 'bitcast' 'vals_88' <Predicate = (icmp_ln112)> <Delay = 0.00>
ST_5 : Operation 421 [1/1] (0.00ns)   --->   "%vals_89 = bitcast i16 %tmp_101" [./flashattentionmemory.h:67->./flashattentionmemory.h:123]   --->   Operation 421 'bitcast' 'vals_89' <Predicate = (icmp_ln112)> <Delay = 0.00>
ST_5 : Operation 422 [1/1] (0.00ns)   --->   "%vals_90 = bitcast i16 %tmp_102" [./flashattentionmemory.h:67->./flashattentionmemory.h:123]   --->   Operation 422 'bitcast' 'vals_90' <Predicate = (icmp_ln112)> <Delay = 0.00>
ST_5 : Operation 423 [1/1] (0.00ns)   --->   "%vals_91 = bitcast i16 %tmp_103" [./flashattentionmemory.h:67->./flashattentionmemory.h:123]   --->   Operation 423 'bitcast' 'vals_91' <Predicate = (icmp_ln112)> <Delay = 0.00>
ST_5 : Operation 424 [1/1] (0.00ns)   --->   "%vals_92 = bitcast i16 %tmp_104" [./flashattentionmemory.h:67->./flashattentionmemory.h:123]   --->   Operation 424 'bitcast' 'vals_92' <Predicate = (icmp_ln112)> <Delay = 0.00>
ST_5 : Operation 425 [1/1] (0.00ns)   --->   "%vals_93 = bitcast i16 %tmp_105" [./flashattentionmemory.h:67->./flashattentionmemory.h:123]   --->   Operation 425 'bitcast' 'vals_93' <Predicate = (icmp_ln112)> <Delay = 0.00>
ST_5 : Operation 426 [1/1] (0.00ns)   --->   "%vals_94 = bitcast i16 %tmp_106" [./flashattentionmemory.h:67->./flashattentionmemory.h:123]   --->   Operation 426 'bitcast' 'vals_94' <Predicate = (icmp_ln112)> <Delay = 0.00>
ST_5 : Operation 427 [1/1] (0.00ns)   --->   "%trunc_ln67_3 = trunc i512 %word_3" [./flashattentionmemory.h:67->./flashattentionmemory.h:123]   --->   Operation 427 'trunc' 'trunc_ln67_3' <Predicate = (icmp_ln112)> <Delay = 0.00>
ST_5 : Operation 428 [1/1] (0.00ns)   --->   "%tmp_140 = partselect i16 @_ssdm_op_PartSelect.i16.i512.i32, i512 %word_3, i32 16" [./flashattentionmemory.h:67->./flashattentionmemory.h:123]   --->   Operation 428 'partselect' 'tmp_140' <Predicate = (icmp_ln112)> <Delay = 0.00>
ST_5 : Operation 429 [1/1] (0.00ns)   --->   "%tmp_141 = partselect i16 @_ssdm_op_PartSelect.i16.i512.i32, i512 %word_3, i32 32" [./flashattentionmemory.h:67->./flashattentionmemory.h:123]   --->   Operation 429 'partselect' 'tmp_141' <Predicate = (icmp_ln112)> <Delay = 0.00>
ST_5 : Operation 430 [1/1] (0.00ns)   --->   "%tmp_142 = partselect i16 @_ssdm_op_PartSelect.i16.i512.i32, i512 %word_3, i32 48" [./flashattentionmemory.h:67->./flashattentionmemory.h:123]   --->   Operation 430 'partselect' 'tmp_142' <Predicate = (icmp_ln112)> <Delay = 0.00>
ST_5 : Operation 431 [1/1] (0.00ns)   --->   "%tmp_143 = partselect i16 @_ssdm_op_PartSelect.i16.i512.i32, i512 %word_3, i32 64" [./flashattentionmemory.h:67->./flashattentionmemory.h:123]   --->   Operation 431 'partselect' 'tmp_143' <Predicate = (icmp_ln112)> <Delay = 0.00>
ST_5 : Operation 432 [1/1] (0.00ns)   --->   "%tmp_144 = partselect i16 @_ssdm_op_PartSelect.i16.i512.i32, i512 %word_3, i32 80" [./flashattentionmemory.h:67->./flashattentionmemory.h:123]   --->   Operation 432 'partselect' 'tmp_144' <Predicate = (icmp_ln112)> <Delay = 0.00>
ST_5 : Operation 433 [1/1] (0.00ns)   --->   "%tmp_145 = partselect i16 @_ssdm_op_PartSelect.i16.i512.i32, i512 %word_3, i32 96" [./flashattentionmemory.h:67->./flashattentionmemory.h:123]   --->   Operation 433 'partselect' 'tmp_145' <Predicate = (icmp_ln112)> <Delay = 0.00>
ST_5 : Operation 434 [1/1] (0.00ns)   --->   "%tmp_146 = partselect i16 @_ssdm_op_PartSelect.i16.i512.i32, i512 %word_3, i32 112" [./flashattentionmemory.h:67->./flashattentionmemory.h:123]   --->   Operation 434 'partselect' 'tmp_146' <Predicate = (icmp_ln112)> <Delay = 0.00>
ST_5 : Operation 435 [1/1] (0.00ns)   --->   "%tmp_147 = partselect i16 @_ssdm_op_PartSelect.i16.i512.i32, i512 %word_3, i32 128" [./flashattentionmemory.h:67->./flashattentionmemory.h:123]   --->   Operation 435 'partselect' 'tmp_147' <Predicate = (icmp_ln112)> <Delay = 0.00>
ST_5 : Operation 436 [1/1] (0.00ns)   --->   "%tmp_148 = partselect i16 @_ssdm_op_PartSelect.i16.i512.i32, i512 %word_3, i32 144" [./flashattentionmemory.h:67->./flashattentionmemory.h:123]   --->   Operation 436 'partselect' 'tmp_148' <Predicate = (icmp_ln112)> <Delay = 0.00>
ST_5 : Operation 437 [1/1] (0.00ns)   --->   "%tmp_149 = partselect i16 @_ssdm_op_PartSelect.i16.i512.i32, i512 %word_3, i32 160" [./flashattentionmemory.h:67->./flashattentionmemory.h:123]   --->   Operation 437 'partselect' 'tmp_149' <Predicate = (icmp_ln112)> <Delay = 0.00>
ST_5 : Operation 438 [1/1] (0.00ns)   --->   "%tmp_150 = partselect i16 @_ssdm_op_PartSelect.i16.i512.i32, i512 %word_3, i32 176" [./flashattentionmemory.h:67->./flashattentionmemory.h:123]   --->   Operation 438 'partselect' 'tmp_150' <Predicate = (icmp_ln112)> <Delay = 0.00>
ST_5 : Operation 439 [1/1] (0.00ns)   --->   "%tmp_151 = partselect i16 @_ssdm_op_PartSelect.i16.i512.i32, i512 %word_3, i32 192" [./flashattentionmemory.h:67->./flashattentionmemory.h:123]   --->   Operation 439 'partselect' 'tmp_151' <Predicate = (icmp_ln112)> <Delay = 0.00>
ST_5 : Operation 440 [1/1] (0.00ns)   --->   "%tmp_152 = partselect i16 @_ssdm_op_PartSelect.i16.i512.i32, i512 %word_3, i32 208" [./flashattentionmemory.h:67->./flashattentionmemory.h:123]   --->   Operation 440 'partselect' 'tmp_152' <Predicate = (icmp_ln112)> <Delay = 0.00>
ST_5 : Operation 441 [1/1] (0.00ns)   --->   "%tmp_153 = partselect i16 @_ssdm_op_PartSelect.i16.i512.i32, i512 %word_3, i32 224" [./flashattentionmemory.h:67->./flashattentionmemory.h:123]   --->   Operation 441 'partselect' 'tmp_153' <Predicate = (icmp_ln112)> <Delay = 0.00>
ST_5 : Operation 442 [1/1] (0.00ns)   --->   "%tmp_154 = partselect i16 @_ssdm_op_PartSelect.i16.i512.i32, i512 %word_3, i32 240" [./flashattentionmemory.h:67->./flashattentionmemory.h:123]   --->   Operation 442 'partselect' 'tmp_154' <Predicate = (icmp_ln112)> <Delay = 0.00>
ST_5 : Operation 443 [1/1] (0.00ns)   --->   "%tmp_155 = partselect i16 @_ssdm_op_PartSelect.i16.i512.i32, i512 %word_3, i32 256" [./flashattentionmemory.h:67->./flashattentionmemory.h:123]   --->   Operation 443 'partselect' 'tmp_155' <Predicate = (icmp_ln112)> <Delay = 0.00>
ST_5 : Operation 444 [1/1] (0.00ns)   --->   "%tmp_156 = partselect i16 @_ssdm_op_PartSelect.i16.i512.i32, i512 %word_3, i32 272" [./flashattentionmemory.h:67->./flashattentionmemory.h:123]   --->   Operation 444 'partselect' 'tmp_156' <Predicate = (icmp_ln112)> <Delay = 0.00>
ST_5 : Operation 445 [1/1] (0.00ns)   --->   "%tmp_157 = partselect i16 @_ssdm_op_PartSelect.i16.i512.i32, i512 %word_3, i32 288" [./flashattentionmemory.h:67->./flashattentionmemory.h:123]   --->   Operation 445 'partselect' 'tmp_157' <Predicate = (icmp_ln112)> <Delay = 0.00>
ST_5 : Operation 446 [1/1] (0.00ns)   --->   "%tmp_158 = partselect i16 @_ssdm_op_PartSelect.i16.i512.i32, i512 %word_3, i32 304" [./flashattentionmemory.h:67->./flashattentionmemory.h:123]   --->   Operation 446 'partselect' 'tmp_158' <Predicate = (icmp_ln112)> <Delay = 0.00>
ST_5 : Operation 447 [1/1] (0.00ns)   --->   "%tmp_159 = partselect i16 @_ssdm_op_PartSelect.i16.i512.i32, i512 %word_3, i32 320" [./flashattentionmemory.h:67->./flashattentionmemory.h:123]   --->   Operation 447 'partselect' 'tmp_159' <Predicate = (icmp_ln112)> <Delay = 0.00>
ST_5 : Operation 448 [1/1] (0.00ns)   --->   "%tmp_160 = partselect i16 @_ssdm_op_PartSelect.i16.i512.i32, i512 %word_3, i32 336" [./flashattentionmemory.h:67->./flashattentionmemory.h:123]   --->   Operation 448 'partselect' 'tmp_160' <Predicate = (icmp_ln112)> <Delay = 0.00>
ST_5 : Operation 449 [1/1] (0.00ns)   --->   "%tmp_161 = partselect i16 @_ssdm_op_PartSelect.i16.i512.i32, i512 %word_3, i32 352" [./flashattentionmemory.h:67->./flashattentionmemory.h:123]   --->   Operation 449 'partselect' 'tmp_161' <Predicate = (icmp_ln112)> <Delay = 0.00>
ST_5 : Operation 450 [1/1] (0.00ns)   --->   "%tmp_162 = partselect i16 @_ssdm_op_PartSelect.i16.i512.i32, i512 %word_3, i32 368" [./flashattentionmemory.h:67->./flashattentionmemory.h:123]   --->   Operation 450 'partselect' 'tmp_162' <Predicate = (icmp_ln112)> <Delay = 0.00>
ST_5 : Operation 451 [1/1] (0.00ns)   --->   "%tmp_163 = partselect i16 @_ssdm_op_PartSelect.i16.i512.i32, i512 %word_3, i32 384" [./flashattentionmemory.h:67->./flashattentionmemory.h:123]   --->   Operation 451 'partselect' 'tmp_163' <Predicate = (icmp_ln112)> <Delay = 0.00>
ST_5 : Operation 452 [1/1] (0.00ns)   --->   "%tmp_164 = partselect i16 @_ssdm_op_PartSelect.i16.i512.i32, i512 %word_3, i32 400" [./flashattentionmemory.h:67->./flashattentionmemory.h:123]   --->   Operation 452 'partselect' 'tmp_164' <Predicate = (icmp_ln112)> <Delay = 0.00>
ST_5 : Operation 453 [1/1] (0.00ns)   --->   "%tmp_165 = partselect i16 @_ssdm_op_PartSelect.i16.i512.i32, i512 %word_3, i32 416" [./flashattentionmemory.h:67->./flashattentionmemory.h:123]   --->   Operation 453 'partselect' 'tmp_165' <Predicate = (icmp_ln112)> <Delay = 0.00>
ST_5 : Operation 454 [1/1] (0.00ns)   --->   "%tmp_166 = partselect i16 @_ssdm_op_PartSelect.i16.i512.i32, i512 %word_3, i32 432" [./flashattentionmemory.h:67->./flashattentionmemory.h:123]   --->   Operation 454 'partselect' 'tmp_166' <Predicate = (icmp_ln112)> <Delay = 0.00>
ST_5 : Operation 455 [1/1] (0.00ns)   --->   "%tmp_167 = partselect i16 @_ssdm_op_PartSelect.i16.i512.i32, i512 %word_3, i32 448" [./flashattentionmemory.h:67->./flashattentionmemory.h:123]   --->   Operation 455 'partselect' 'tmp_167' <Predicate = (icmp_ln112)> <Delay = 0.00>
ST_5 : Operation 456 [1/1] (0.00ns)   --->   "%tmp_168 = partselect i16 @_ssdm_op_PartSelect.i16.i512.i32, i512 %word_3, i32 464" [./flashattentionmemory.h:67->./flashattentionmemory.h:123]   --->   Operation 456 'partselect' 'tmp_168' <Predicate = (icmp_ln112)> <Delay = 0.00>
ST_5 : Operation 457 [1/1] (0.00ns)   --->   "%tmp_169 = partselect i16 @_ssdm_op_PartSelect.i16.i512.i32, i512 %word_3, i32 480" [./flashattentionmemory.h:67->./flashattentionmemory.h:123]   --->   Operation 457 'partselect' 'tmp_169' <Predicate = (icmp_ln112)> <Delay = 0.00>
ST_5 : Operation 458 [1/1] (0.00ns)   --->   "%tmp_170 = partselect i16 @_ssdm_op_PartSelect.i16.i512.i32, i512 %word_3, i32 496" [./flashattentionmemory.h:67->./flashattentionmemory.h:123]   --->   Operation 458 'partselect' 'tmp_170' <Predicate = (icmp_ln112)> <Delay = 0.00>
ST_5 : Operation 459 [1/1] (0.69ns) (share mux size 8)   --->   "%muxLogicRAMData_to_store_ln130 = muxlogic i16 %vals_79"   --->   Operation 459 'muxlogic' 'muxLogicRAMData_to_store_ln130' <Predicate = (icmp_ln112)> <Delay = 0.69>
ST_5 : Operation 460 [1/1] (0.69ns) (share mux size 8)   --->   "%muxLogicRAMAddr_to_store_ln130 = muxlogic i9 %tile_0_addr_6"   --->   Operation 460 'muxlogic' 'muxLogicRAMAddr_to_store_ln130' <Predicate = (icmp_ln112)> <Delay = 0.69>
ST_5 : Operation 461 [1/1] ( I:0.55ns O:0.55ns ) (share mux size 11)   --->   "%store_ln130 = store i16 %vals_79, i9 %tile_0_addr_6" [./flashattentionmemory.h:130]   --->   Operation 461 'store' 'store_ln130' <Predicate = (icmp_ln112)> <Delay = 0.55> <CoreInst = "RAM_2P_BRAM">   --->   Core 97 'RAM_2P_BRAM' <Latency = 1> <II = 1> <Delay = 0.86> <Storage> <Opcode : 'load' 'store'> <Ports = 2> <Width = 16> <Depth = 512> <RAM>
ST_5 : Operation 462 [1/1] (0.69ns) (share mux size 8)   --->   "%muxLogicRAMData_to_store_ln130 = muxlogic i16 %vals_80"   --->   Operation 462 'muxlogic' 'muxLogicRAMData_to_store_ln130' <Predicate = (icmp_ln112)> <Delay = 0.69>
ST_5 : Operation 463 [1/1] (0.69ns) (share mux size 8)   --->   "%muxLogicRAMAddr_to_store_ln130 = muxlogic i9 %tile_1_addr_6"   --->   Operation 463 'muxlogic' 'muxLogicRAMAddr_to_store_ln130' <Predicate = (icmp_ln112)> <Delay = 0.69>
ST_5 : Operation 464 [1/1] ( I:0.55ns O:0.55ns ) (share mux size 11)   --->   "%store_ln130 = store i16 %vals_80, i9 %tile_1_addr_6" [./flashattentionmemory.h:130]   --->   Operation 464 'store' 'store_ln130' <Predicate = (icmp_ln112)> <Delay = 0.55> <CoreInst = "RAM_2P_BRAM">   --->   Core 97 'RAM_2P_BRAM' <Latency = 1> <II = 1> <Delay = 0.86> <Storage> <Opcode : 'load' 'store'> <Ports = 2> <Width = 16> <Depth = 512> <RAM>
ST_5 : Operation 465 [1/1] (0.69ns) (share mux size 8)   --->   "%muxLogicRAMData_to_store_ln130 = muxlogic i16 %vals_81"   --->   Operation 465 'muxlogic' 'muxLogicRAMData_to_store_ln130' <Predicate = (icmp_ln112)> <Delay = 0.69>
ST_5 : Operation 466 [1/1] (0.69ns) (share mux size 8)   --->   "%muxLogicRAMAddr_to_store_ln130 = muxlogic i9 %tile_2_addr_6"   --->   Operation 466 'muxlogic' 'muxLogicRAMAddr_to_store_ln130' <Predicate = (icmp_ln112)> <Delay = 0.69>
ST_5 : Operation 467 [1/1] ( I:0.55ns O:0.55ns ) (share mux size 11)   --->   "%store_ln130 = store i16 %vals_81, i9 %tile_2_addr_6" [./flashattentionmemory.h:130]   --->   Operation 467 'store' 'store_ln130' <Predicate = (icmp_ln112)> <Delay = 0.55> <CoreInst = "RAM_2P_BRAM">   --->   Core 97 'RAM_2P_BRAM' <Latency = 1> <II = 1> <Delay = 0.86> <Storage> <Opcode : 'load' 'store'> <Ports = 2> <Width = 16> <Depth = 512> <RAM>
ST_5 : Operation 468 [1/1] (0.69ns) (share mux size 8)   --->   "%muxLogicRAMData_to_store_ln130 = muxlogic i16 %vals_82"   --->   Operation 468 'muxlogic' 'muxLogicRAMData_to_store_ln130' <Predicate = (icmp_ln112)> <Delay = 0.69>
ST_5 : Operation 469 [1/1] (0.69ns) (share mux size 8)   --->   "%muxLogicRAMAddr_to_store_ln130 = muxlogic i9 %tile_3_addr_6"   --->   Operation 469 'muxlogic' 'muxLogicRAMAddr_to_store_ln130' <Predicate = (icmp_ln112)> <Delay = 0.69>
ST_5 : Operation 470 [1/1] ( I:0.55ns O:0.55ns ) (share mux size 11)   --->   "%store_ln130 = store i16 %vals_82, i9 %tile_3_addr_6" [./flashattentionmemory.h:130]   --->   Operation 470 'store' 'store_ln130' <Predicate = (icmp_ln112)> <Delay = 0.55> <CoreInst = "RAM_2P_BRAM">   --->   Core 97 'RAM_2P_BRAM' <Latency = 1> <II = 1> <Delay = 0.86> <Storage> <Opcode : 'load' 'store'> <Ports = 2> <Width = 16> <Depth = 512> <RAM>
ST_5 : Operation 471 [1/1] (0.69ns) (share mux size 8)   --->   "%muxLogicRAMData_to_store_ln130 = muxlogic i16 %vals_83"   --->   Operation 471 'muxlogic' 'muxLogicRAMData_to_store_ln130' <Predicate = (icmp_ln112)> <Delay = 0.69>
ST_5 : Operation 472 [1/1] (0.69ns) (share mux size 8)   --->   "%muxLogicRAMAddr_to_store_ln130 = muxlogic i9 %tile_4_addr_6"   --->   Operation 472 'muxlogic' 'muxLogicRAMAddr_to_store_ln130' <Predicate = (icmp_ln112)> <Delay = 0.69>
ST_5 : Operation 473 [1/1] ( I:0.55ns O:0.55ns ) (share mux size 11)   --->   "%store_ln130 = store i16 %vals_83, i9 %tile_4_addr_6" [./flashattentionmemory.h:130]   --->   Operation 473 'store' 'store_ln130' <Predicate = (icmp_ln112)> <Delay = 0.55> <CoreInst = "RAM_2P_BRAM">   --->   Core 97 'RAM_2P_BRAM' <Latency = 1> <II = 1> <Delay = 0.86> <Storage> <Opcode : 'load' 'store'> <Ports = 2> <Width = 16> <Depth = 512> <RAM>
ST_5 : Operation 474 [1/1] (0.69ns) (share mux size 8)   --->   "%muxLogicRAMData_to_store_ln130 = muxlogic i16 %vals_84"   --->   Operation 474 'muxlogic' 'muxLogicRAMData_to_store_ln130' <Predicate = (icmp_ln112)> <Delay = 0.69>
ST_5 : Operation 475 [1/1] (0.69ns) (share mux size 8)   --->   "%muxLogicRAMAddr_to_store_ln130 = muxlogic i9 %tile_5_addr_6"   --->   Operation 475 'muxlogic' 'muxLogicRAMAddr_to_store_ln130' <Predicate = (icmp_ln112)> <Delay = 0.69>
ST_5 : Operation 476 [1/1] ( I:0.55ns O:0.55ns ) (share mux size 11)   --->   "%store_ln130 = store i16 %vals_84, i9 %tile_5_addr_6" [./flashattentionmemory.h:130]   --->   Operation 476 'store' 'store_ln130' <Predicate = (icmp_ln112)> <Delay = 0.55> <CoreInst = "RAM_2P_BRAM">   --->   Core 97 'RAM_2P_BRAM' <Latency = 1> <II = 1> <Delay = 0.86> <Storage> <Opcode : 'load' 'store'> <Ports = 2> <Width = 16> <Depth = 512> <RAM>
ST_5 : Operation 477 [1/1] (0.69ns) (share mux size 8)   --->   "%muxLogicRAMData_to_store_ln130 = muxlogic i16 %vals_85"   --->   Operation 477 'muxlogic' 'muxLogicRAMData_to_store_ln130' <Predicate = (icmp_ln112)> <Delay = 0.69>
ST_5 : Operation 478 [1/1] (0.69ns) (share mux size 8)   --->   "%muxLogicRAMAddr_to_store_ln130 = muxlogic i9 %tile_6_addr_6"   --->   Operation 478 'muxlogic' 'muxLogicRAMAddr_to_store_ln130' <Predicate = (icmp_ln112)> <Delay = 0.69>
ST_5 : Operation 479 [1/1] ( I:0.55ns O:0.55ns ) (share mux size 11)   --->   "%store_ln130 = store i16 %vals_85, i9 %tile_6_addr_6" [./flashattentionmemory.h:130]   --->   Operation 479 'store' 'store_ln130' <Predicate = (icmp_ln112)> <Delay = 0.55> <CoreInst = "RAM_2P_BRAM">   --->   Core 97 'RAM_2P_BRAM' <Latency = 1> <II = 1> <Delay = 0.86> <Storage> <Opcode : 'load' 'store'> <Ports = 2> <Width = 16> <Depth = 512> <RAM>
ST_5 : Operation 480 [1/1] (0.69ns) (share mux size 8)   --->   "%muxLogicRAMData_to_store_ln130 = muxlogic i16 %vals_86"   --->   Operation 480 'muxlogic' 'muxLogicRAMData_to_store_ln130' <Predicate = (icmp_ln112)> <Delay = 0.69>
ST_5 : Operation 481 [1/1] (0.69ns) (share mux size 8)   --->   "%muxLogicRAMAddr_to_store_ln130 = muxlogic i9 %tile_7_addr_6"   --->   Operation 481 'muxlogic' 'muxLogicRAMAddr_to_store_ln130' <Predicate = (icmp_ln112)> <Delay = 0.69>
ST_5 : Operation 482 [1/1] ( I:0.55ns O:0.55ns ) (share mux size 11)   --->   "%store_ln130 = store i16 %vals_86, i9 %tile_7_addr_6" [./flashattentionmemory.h:130]   --->   Operation 482 'store' 'store_ln130' <Predicate = (icmp_ln112)> <Delay = 0.55> <CoreInst = "RAM_2P_BRAM">   --->   Core 97 'RAM_2P_BRAM' <Latency = 1> <II = 1> <Delay = 0.86> <Storage> <Opcode : 'load' 'store'> <Ports = 2> <Width = 16> <Depth = 512> <RAM>
ST_5 : Operation 483 [1/1] (0.69ns) (share mux size 8)   --->   "%muxLogicRAMData_to_store_ln130 = muxlogic i16 %vals_87"   --->   Operation 483 'muxlogic' 'muxLogicRAMData_to_store_ln130' <Predicate = (icmp_ln112)> <Delay = 0.69>
ST_5 : Operation 484 [1/1] (0.69ns) (share mux size 8)   --->   "%muxLogicRAMAddr_to_store_ln130 = muxlogic i9 %tile_8_addr_6"   --->   Operation 484 'muxlogic' 'muxLogicRAMAddr_to_store_ln130' <Predicate = (icmp_ln112)> <Delay = 0.69>
ST_5 : Operation 485 [1/1] ( I:0.55ns O:0.55ns ) (share mux size 11)   --->   "%store_ln130 = store i16 %vals_87, i9 %tile_8_addr_6" [./flashattentionmemory.h:130]   --->   Operation 485 'store' 'store_ln130' <Predicate = (icmp_ln112)> <Delay = 0.55> <CoreInst = "RAM_2P_BRAM">   --->   Core 97 'RAM_2P_BRAM' <Latency = 1> <II = 1> <Delay = 0.86> <Storage> <Opcode : 'load' 'store'> <Ports = 2> <Width = 16> <Depth = 512> <RAM>
ST_5 : Operation 486 [1/1] (0.69ns) (share mux size 8)   --->   "%muxLogicRAMData_to_store_ln130 = muxlogic i16 %vals_88"   --->   Operation 486 'muxlogic' 'muxLogicRAMData_to_store_ln130' <Predicate = (icmp_ln112)> <Delay = 0.69>
ST_5 : Operation 487 [1/1] (0.69ns) (share mux size 8)   --->   "%muxLogicRAMAddr_to_store_ln130 = muxlogic i9 %tile_9_addr_6"   --->   Operation 487 'muxlogic' 'muxLogicRAMAddr_to_store_ln130' <Predicate = (icmp_ln112)> <Delay = 0.69>
ST_5 : Operation 488 [1/1] ( I:0.55ns O:0.55ns ) (share mux size 11)   --->   "%store_ln130 = store i16 %vals_88, i9 %tile_9_addr_6" [./flashattentionmemory.h:130]   --->   Operation 488 'store' 'store_ln130' <Predicate = (icmp_ln112)> <Delay = 0.55> <CoreInst = "RAM_2P_BRAM">   --->   Core 97 'RAM_2P_BRAM' <Latency = 1> <II = 1> <Delay = 0.86> <Storage> <Opcode : 'load' 'store'> <Ports = 2> <Width = 16> <Depth = 512> <RAM>
ST_5 : Operation 489 [1/1] (0.69ns) (share mux size 8)   --->   "%muxLogicRAMData_to_store_ln130 = muxlogic i16 %vals_89"   --->   Operation 489 'muxlogic' 'muxLogicRAMData_to_store_ln130' <Predicate = (icmp_ln112)> <Delay = 0.69>
ST_5 : Operation 490 [1/1] (0.69ns) (share mux size 8)   --->   "%muxLogicRAMAddr_to_store_ln130 = muxlogic i9 %tile_10_addr_6"   --->   Operation 490 'muxlogic' 'muxLogicRAMAddr_to_store_ln130' <Predicate = (icmp_ln112)> <Delay = 0.69>
ST_5 : Operation 491 [1/1] ( I:0.55ns O:0.55ns ) (share mux size 11)   --->   "%store_ln130 = store i16 %vals_89, i9 %tile_10_addr_6" [./flashattentionmemory.h:130]   --->   Operation 491 'store' 'store_ln130' <Predicate = (icmp_ln112)> <Delay = 0.55> <CoreInst = "RAM_2P_BRAM">   --->   Core 97 'RAM_2P_BRAM' <Latency = 1> <II = 1> <Delay = 0.86> <Storage> <Opcode : 'load' 'store'> <Ports = 2> <Width = 16> <Depth = 512> <RAM>
ST_5 : Operation 492 [1/1] (0.69ns) (share mux size 8)   --->   "%muxLogicRAMData_to_store_ln130 = muxlogic i16 %vals_90"   --->   Operation 492 'muxlogic' 'muxLogicRAMData_to_store_ln130' <Predicate = (icmp_ln112)> <Delay = 0.69>
ST_5 : Operation 493 [1/1] (0.69ns) (share mux size 8)   --->   "%muxLogicRAMAddr_to_store_ln130 = muxlogic i9 %tile_11_addr_6"   --->   Operation 493 'muxlogic' 'muxLogicRAMAddr_to_store_ln130' <Predicate = (icmp_ln112)> <Delay = 0.69>
ST_5 : Operation 494 [1/1] ( I:0.55ns O:0.55ns ) (share mux size 11)   --->   "%store_ln130 = store i16 %vals_90, i9 %tile_11_addr_6" [./flashattentionmemory.h:130]   --->   Operation 494 'store' 'store_ln130' <Predicate = (icmp_ln112)> <Delay = 0.55> <CoreInst = "RAM_2P_BRAM">   --->   Core 97 'RAM_2P_BRAM' <Latency = 1> <II = 1> <Delay = 0.86> <Storage> <Opcode : 'load' 'store'> <Ports = 2> <Width = 16> <Depth = 512> <RAM>
ST_5 : Operation 495 [1/1] (0.69ns) (share mux size 8)   --->   "%muxLogicRAMData_to_store_ln130 = muxlogic i16 %vals_91"   --->   Operation 495 'muxlogic' 'muxLogicRAMData_to_store_ln130' <Predicate = (icmp_ln112)> <Delay = 0.69>
ST_5 : Operation 496 [1/1] (0.69ns) (share mux size 8)   --->   "%muxLogicRAMAddr_to_store_ln130 = muxlogic i9 %tile_12_addr_6"   --->   Operation 496 'muxlogic' 'muxLogicRAMAddr_to_store_ln130' <Predicate = (icmp_ln112)> <Delay = 0.69>
ST_5 : Operation 497 [1/1] ( I:0.55ns O:0.55ns ) (share mux size 11)   --->   "%store_ln130 = store i16 %vals_91, i9 %tile_12_addr_6" [./flashattentionmemory.h:130]   --->   Operation 497 'store' 'store_ln130' <Predicate = (icmp_ln112)> <Delay = 0.55> <CoreInst = "RAM_2P_BRAM">   --->   Core 97 'RAM_2P_BRAM' <Latency = 1> <II = 1> <Delay = 0.86> <Storage> <Opcode : 'load' 'store'> <Ports = 2> <Width = 16> <Depth = 512> <RAM>
ST_5 : Operation 498 [1/1] (0.69ns) (share mux size 8)   --->   "%muxLogicRAMData_to_store_ln130 = muxlogic i16 %vals_92"   --->   Operation 498 'muxlogic' 'muxLogicRAMData_to_store_ln130' <Predicate = (icmp_ln112)> <Delay = 0.69>
ST_5 : Operation 499 [1/1] (0.69ns) (share mux size 8)   --->   "%muxLogicRAMAddr_to_store_ln130 = muxlogic i9 %tile_13_addr_6"   --->   Operation 499 'muxlogic' 'muxLogicRAMAddr_to_store_ln130' <Predicate = (icmp_ln112)> <Delay = 0.69>
ST_5 : Operation 500 [1/1] ( I:0.55ns O:0.55ns ) (share mux size 11)   --->   "%store_ln130 = store i16 %vals_92, i9 %tile_13_addr_6" [./flashattentionmemory.h:130]   --->   Operation 500 'store' 'store_ln130' <Predicate = (icmp_ln112)> <Delay = 0.55> <CoreInst = "RAM_2P_BRAM">   --->   Core 97 'RAM_2P_BRAM' <Latency = 1> <II = 1> <Delay = 0.86> <Storage> <Opcode : 'load' 'store'> <Ports = 2> <Width = 16> <Depth = 512> <RAM>
ST_5 : Operation 501 [1/1] (0.69ns) (share mux size 8)   --->   "%muxLogicRAMData_to_store_ln130 = muxlogic i16 %vals_93"   --->   Operation 501 'muxlogic' 'muxLogicRAMData_to_store_ln130' <Predicate = (icmp_ln112)> <Delay = 0.69>
ST_5 : Operation 502 [1/1] (0.69ns) (share mux size 8)   --->   "%muxLogicRAMAddr_to_store_ln130 = muxlogic i9 %tile_14_addr_6"   --->   Operation 502 'muxlogic' 'muxLogicRAMAddr_to_store_ln130' <Predicate = (icmp_ln112)> <Delay = 0.69>
ST_5 : Operation 503 [1/1] ( I:0.55ns O:0.55ns ) (share mux size 11)   --->   "%store_ln130 = store i16 %vals_93, i9 %tile_14_addr_6" [./flashattentionmemory.h:130]   --->   Operation 503 'store' 'store_ln130' <Predicate = (icmp_ln112)> <Delay = 0.55> <CoreInst = "RAM_2P_BRAM">   --->   Core 97 'RAM_2P_BRAM' <Latency = 1> <II = 1> <Delay = 0.86> <Storage> <Opcode : 'load' 'store'> <Ports = 2> <Width = 16> <Depth = 512> <RAM>
ST_5 : Operation 504 [1/1] (0.69ns) (share mux size 8)   --->   "%muxLogicRAMData_to_store_ln130 = muxlogic i16 %vals_94"   --->   Operation 504 'muxlogic' 'muxLogicRAMData_to_store_ln130' <Predicate = (icmp_ln112)> <Delay = 0.69>
ST_5 : Operation 505 [1/1] (0.69ns) (share mux size 8)   --->   "%muxLogicRAMAddr_to_store_ln130 = muxlogic i9 %tile_15_addr_6"   --->   Operation 505 'muxlogic' 'muxLogicRAMAddr_to_store_ln130' <Predicate = (icmp_ln112)> <Delay = 0.69>
ST_5 : Operation 506 [1/1] ( I:0.55ns O:0.55ns ) (share mux size 11)   --->   "%store_ln130 = store i16 %vals_94, i9 %tile_15_addr_6" [./flashattentionmemory.h:130]   --->   Operation 506 'store' 'store_ln130' <Predicate = (icmp_ln112)> <Delay = 0.55> <CoreInst = "RAM_2P_BRAM">   --->   Core 97 'RAM_2P_BRAM' <Latency = 1> <II = 1> <Delay = 0.86> <Storage> <Opcode : 'load' 'store'> <Ports = 2> <Width = 16> <Depth = 512> <RAM>

State 6 <SV = 5> <Delay = 1.25>
ST_6 : Operation 507 [1/1] (0.00ns)   --->   "%tmp_172 = bitconcatenate i9 @_ssdm_op_BitConcatenate.i9.i6.i3, i6 %trunc_ln112, i3 4" [./flashattentionmemory.h:130]   --->   Operation 507 'bitconcatenate' 'tmp_172' <Predicate = (icmp_ln112)> <Delay = 0.00>
ST_6 : Operation 508 [1/1] (0.00ns)   --->   "%zext_ln130_4 = zext i9 %tmp_172" [./flashattentionmemory.h:130]   --->   Operation 508 'zext' 'zext_ln130_4' <Predicate = (icmp_ln112)> <Delay = 0.00>
ST_6 : Operation 509 [1/1] (0.00ns)   --->   "%tile_0_addr_7 = getelementptr i16 %tile_0, i64 0, i64 %zext_ln130_4" [./flashattentionmemory.h:130]   --->   Operation 509 'getelementptr' 'tile_0_addr_7' <Predicate = (icmp_ln112)> <Delay = 0.00>
ST_6 : Operation 510 [1/1] (0.00ns)   --->   "%tile_1_addr_7 = getelementptr i16 %tile_1, i64 0, i64 %zext_ln130_4" [./flashattentionmemory.h:130]   --->   Operation 510 'getelementptr' 'tile_1_addr_7' <Predicate = (icmp_ln112)> <Delay = 0.00>
ST_6 : Operation 511 [1/1] (0.00ns)   --->   "%tile_2_addr_7 = getelementptr i16 %tile_2, i64 0, i64 %zext_ln130_4" [./flashattentionmemory.h:130]   --->   Operation 511 'getelementptr' 'tile_2_addr_7' <Predicate = (icmp_ln112)> <Delay = 0.00>
ST_6 : Operation 512 [1/1] (0.00ns)   --->   "%tile_3_addr_7 = getelementptr i16 %tile_3, i64 0, i64 %zext_ln130_4" [./flashattentionmemory.h:130]   --->   Operation 512 'getelementptr' 'tile_3_addr_7' <Predicate = (icmp_ln112)> <Delay = 0.00>
ST_6 : Operation 513 [1/1] (0.00ns)   --->   "%tile_4_addr_7 = getelementptr i16 %tile_4, i64 0, i64 %zext_ln130_4" [./flashattentionmemory.h:130]   --->   Operation 513 'getelementptr' 'tile_4_addr_7' <Predicate = (icmp_ln112)> <Delay = 0.00>
ST_6 : Operation 514 [1/1] (0.00ns)   --->   "%tile_5_addr_7 = getelementptr i16 %tile_5, i64 0, i64 %zext_ln130_4" [./flashattentionmemory.h:130]   --->   Operation 514 'getelementptr' 'tile_5_addr_7' <Predicate = (icmp_ln112)> <Delay = 0.00>
ST_6 : Operation 515 [1/1] (0.00ns)   --->   "%tile_6_addr_7 = getelementptr i16 %tile_6, i64 0, i64 %zext_ln130_4" [./flashattentionmemory.h:130]   --->   Operation 515 'getelementptr' 'tile_6_addr_7' <Predicate = (icmp_ln112)> <Delay = 0.00>
ST_6 : Operation 516 [1/1] (0.00ns)   --->   "%tile_7_addr_7 = getelementptr i16 %tile_7, i64 0, i64 %zext_ln130_4" [./flashattentionmemory.h:130]   --->   Operation 516 'getelementptr' 'tile_7_addr_7' <Predicate = (icmp_ln112)> <Delay = 0.00>
ST_6 : Operation 517 [1/1] (0.00ns)   --->   "%tile_8_addr_7 = getelementptr i16 %tile_8, i64 0, i64 %zext_ln130_4" [./flashattentionmemory.h:130]   --->   Operation 517 'getelementptr' 'tile_8_addr_7' <Predicate = (icmp_ln112)> <Delay = 0.00>
ST_6 : Operation 518 [1/1] (0.00ns)   --->   "%tile_9_addr_7 = getelementptr i16 %tile_9, i64 0, i64 %zext_ln130_4" [./flashattentionmemory.h:130]   --->   Operation 518 'getelementptr' 'tile_9_addr_7' <Predicate = (icmp_ln112)> <Delay = 0.00>
ST_6 : Operation 519 [1/1] (0.00ns)   --->   "%tile_10_addr_7 = getelementptr i16 %tile_10, i64 0, i64 %zext_ln130_4" [./flashattentionmemory.h:130]   --->   Operation 519 'getelementptr' 'tile_10_addr_7' <Predicate = (icmp_ln112)> <Delay = 0.00>
ST_6 : Operation 520 [1/1] (0.00ns)   --->   "%tile_11_addr_7 = getelementptr i16 %tile_11, i64 0, i64 %zext_ln130_4" [./flashattentionmemory.h:130]   --->   Operation 520 'getelementptr' 'tile_11_addr_7' <Predicate = (icmp_ln112)> <Delay = 0.00>
ST_6 : Operation 521 [1/1] (0.00ns)   --->   "%tile_12_addr_7 = getelementptr i16 %tile_12, i64 0, i64 %zext_ln130_4" [./flashattentionmemory.h:130]   --->   Operation 521 'getelementptr' 'tile_12_addr_7' <Predicate = (icmp_ln112)> <Delay = 0.00>
ST_6 : Operation 522 [1/1] (0.00ns)   --->   "%tile_13_addr_7 = getelementptr i16 %tile_13, i64 0, i64 %zext_ln130_4" [./flashattentionmemory.h:130]   --->   Operation 522 'getelementptr' 'tile_13_addr_7' <Predicate = (icmp_ln112)> <Delay = 0.00>
ST_6 : Operation 523 [1/1] (0.00ns)   --->   "%tile_14_addr_7 = getelementptr i16 %tile_14, i64 0, i64 %zext_ln130_4" [./flashattentionmemory.h:130]   --->   Operation 523 'getelementptr' 'tile_14_addr_7' <Predicate = (icmp_ln112)> <Delay = 0.00>
ST_6 : Operation 524 [1/1] (0.00ns)   --->   "%tile_15_addr_7 = getelementptr i16 %tile_15, i64 0, i64 %zext_ln130_4" [./flashattentionmemory.h:130]   --->   Operation 524 'getelementptr' 'tile_15_addr_7' <Predicate = (icmp_ln112)> <Delay = 0.00>
ST_6 : Operation 525 [1/1] (0.00ns)   --->   "%vals_95 = bitcast i16 %trunc_ln67_2" [./flashattentionmemory.h:67->./flashattentionmemory.h:123]   --->   Operation 525 'bitcast' 'vals_95' <Predicate = (icmp_ln112)> <Delay = 0.00>
ST_6 : Operation 526 [1/1] (0.00ns)   --->   "%vals_96 = bitcast i16 %tmp_108" [./flashattentionmemory.h:67->./flashattentionmemory.h:123]   --->   Operation 526 'bitcast' 'vals_96' <Predicate = (icmp_ln112)> <Delay = 0.00>
ST_6 : Operation 527 [1/1] (0.00ns)   --->   "%vals_97 = bitcast i16 %tmp_109" [./flashattentionmemory.h:67->./flashattentionmemory.h:123]   --->   Operation 527 'bitcast' 'vals_97' <Predicate = (icmp_ln112)> <Delay = 0.00>
ST_6 : Operation 528 [1/1] (0.00ns)   --->   "%vals_98 = bitcast i16 %tmp_110" [./flashattentionmemory.h:67->./flashattentionmemory.h:123]   --->   Operation 528 'bitcast' 'vals_98' <Predicate = (icmp_ln112)> <Delay = 0.00>
ST_6 : Operation 529 [1/1] (0.00ns)   --->   "%vals_99 = bitcast i16 %tmp_111" [./flashattentionmemory.h:67->./flashattentionmemory.h:123]   --->   Operation 529 'bitcast' 'vals_99' <Predicate = (icmp_ln112)> <Delay = 0.00>
ST_6 : Operation 530 [1/1] (0.00ns)   --->   "%vals_100 = bitcast i16 %tmp_112" [./flashattentionmemory.h:67->./flashattentionmemory.h:123]   --->   Operation 530 'bitcast' 'vals_100' <Predicate = (icmp_ln112)> <Delay = 0.00>
ST_6 : Operation 531 [1/1] (0.00ns)   --->   "%vals_101 = bitcast i16 %tmp_113" [./flashattentionmemory.h:67->./flashattentionmemory.h:123]   --->   Operation 531 'bitcast' 'vals_101' <Predicate = (icmp_ln112)> <Delay = 0.00>
ST_6 : Operation 532 [1/1] (0.00ns)   --->   "%vals_102 = bitcast i16 %tmp_114" [./flashattentionmemory.h:67->./flashattentionmemory.h:123]   --->   Operation 532 'bitcast' 'vals_102' <Predicate = (icmp_ln112)> <Delay = 0.00>
ST_6 : Operation 533 [1/1] (0.00ns)   --->   "%vals_103 = bitcast i16 %tmp_115" [./flashattentionmemory.h:67->./flashattentionmemory.h:123]   --->   Operation 533 'bitcast' 'vals_103' <Predicate = (icmp_ln112)> <Delay = 0.00>
ST_6 : Operation 534 [1/1] (0.00ns)   --->   "%vals_104 = bitcast i16 %tmp_116" [./flashattentionmemory.h:67->./flashattentionmemory.h:123]   --->   Operation 534 'bitcast' 'vals_104' <Predicate = (icmp_ln112)> <Delay = 0.00>
ST_6 : Operation 535 [1/1] (0.00ns)   --->   "%vals_105 = bitcast i16 %tmp_117" [./flashattentionmemory.h:67->./flashattentionmemory.h:123]   --->   Operation 535 'bitcast' 'vals_105' <Predicate = (icmp_ln112)> <Delay = 0.00>
ST_6 : Operation 536 [1/1] (0.00ns)   --->   "%vals_106 = bitcast i16 %tmp_118" [./flashattentionmemory.h:67->./flashattentionmemory.h:123]   --->   Operation 536 'bitcast' 'vals_106' <Predicate = (icmp_ln112)> <Delay = 0.00>
ST_6 : Operation 537 [1/1] (0.00ns)   --->   "%vals_107 = bitcast i16 %tmp_119" [./flashattentionmemory.h:67->./flashattentionmemory.h:123]   --->   Operation 537 'bitcast' 'vals_107' <Predicate = (icmp_ln112)> <Delay = 0.00>
ST_6 : Operation 538 [1/1] (0.00ns)   --->   "%vals_108 = bitcast i16 %tmp_120" [./flashattentionmemory.h:67->./flashattentionmemory.h:123]   --->   Operation 538 'bitcast' 'vals_108' <Predicate = (icmp_ln112)> <Delay = 0.00>
ST_6 : Operation 539 [1/1] (0.00ns)   --->   "%vals_109 = bitcast i16 %tmp_121" [./flashattentionmemory.h:67->./flashattentionmemory.h:123]   --->   Operation 539 'bitcast' 'vals_109' <Predicate = (icmp_ln112)> <Delay = 0.00>
ST_6 : Operation 540 [1/1] (0.00ns)   --->   "%vals_110 = bitcast i16 %tmp_122" [./flashattentionmemory.h:67->./flashattentionmemory.h:123]   --->   Operation 540 'bitcast' 'vals_110' <Predicate = (icmp_ln112)> <Delay = 0.00>
ST_6 : Operation 541 [1/1] (0.69ns) (share mux size 8)   --->   "%muxLogicRAMData_to_store_ln130 = muxlogic i16 %vals_95"   --->   Operation 541 'muxlogic' 'muxLogicRAMData_to_store_ln130' <Predicate = (icmp_ln112)> <Delay = 0.69>
ST_6 : Operation 542 [1/1] (0.69ns) (share mux size 8)   --->   "%muxLogicRAMAddr_to_store_ln130 = muxlogic i9 %tile_0_addr_7"   --->   Operation 542 'muxlogic' 'muxLogicRAMAddr_to_store_ln130' <Predicate = (icmp_ln112)> <Delay = 0.69>
ST_6 : Operation 543 [1/1] ( I:0.55ns O:0.55ns ) (share mux size 11)   --->   "%store_ln130 = store i16 %vals_95, i9 %tile_0_addr_7" [./flashattentionmemory.h:130]   --->   Operation 543 'store' 'store_ln130' <Predicate = (icmp_ln112)> <Delay = 0.55> <CoreInst = "RAM_2P_BRAM">   --->   Core 97 'RAM_2P_BRAM' <Latency = 1> <II = 1> <Delay = 0.86> <Storage> <Opcode : 'load' 'store'> <Ports = 2> <Width = 16> <Depth = 512> <RAM>
ST_6 : Operation 544 [1/1] (0.69ns) (share mux size 8)   --->   "%muxLogicRAMData_to_store_ln130 = muxlogic i16 %vals_96"   --->   Operation 544 'muxlogic' 'muxLogicRAMData_to_store_ln130' <Predicate = (icmp_ln112)> <Delay = 0.69>
ST_6 : Operation 545 [1/1] (0.69ns) (share mux size 8)   --->   "%muxLogicRAMAddr_to_store_ln130 = muxlogic i9 %tile_1_addr_7"   --->   Operation 545 'muxlogic' 'muxLogicRAMAddr_to_store_ln130' <Predicate = (icmp_ln112)> <Delay = 0.69>
ST_6 : Operation 546 [1/1] ( I:0.55ns O:0.55ns ) (share mux size 11)   --->   "%store_ln130 = store i16 %vals_96, i9 %tile_1_addr_7" [./flashattentionmemory.h:130]   --->   Operation 546 'store' 'store_ln130' <Predicate = (icmp_ln112)> <Delay = 0.55> <CoreInst = "RAM_2P_BRAM">   --->   Core 97 'RAM_2P_BRAM' <Latency = 1> <II = 1> <Delay = 0.86> <Storage> <Opcode : 'load' 'store'> <Ports = 2> <Width = 16> <Depth = 512> <RAM>
ST_6 : Operation 547 [1/1] (0.69ns) (share mux size 8)   --->   "%muxLogicRAMData_to_store_ln130 = muxlogic i16 %vals_97"   --->   Operation 547 'muxlogic' 'muxLogicRAMData_to_store_ln130' <Predicate = (icmp_ln112)> <Delay = 0.69>
ST_6 : Operation 548 [1/1] (0.69ns) (share mux size 8)   --->   "%muxLogicRAMAddr_to_store_ln130 = muxlogic i9 %tile_2_addr_7"   --->   Operation 548 'muxlogic' 'muxLogicRAMAddr_to_store_ln130' <Predicate = (icmp_ln112)> <Delay = 0.69>
ST_6 : Operation 549 [1/1] ( I:0.55ns O:0.55ns ) (share mux size 11)   --->   "%store_ln130 = store i16 %vals_97, i9 %tile_2_addr_7" [./flashattentionmemory.h:130]   --->   Operation 549 'store' 'store_ln130' <Predicate = (icmp_ln112)> <Delay = 0.55> <CoreInst = "RAM_2P_BRAM">   --->   Core 97 'RAM_2P_BRAM' <Latency = 1> <II = 1> <Delay = 0.86> <Storage> <Opcode : 'load' 'store'> <Ports = 2> <Width = 16> <Depth = 512> <RAM>
ST_6 : Operation 550 [1/1] (0.69ns) (share mux size 8)   --->   "%muxLogicRAMData_to_store_ln130 = muxlogic i16 %vals_98"   --->   Operation 550 'muxlogic' 'muxLogicRAMData_to_store_ln130' <Predicate = (icmp_ln112)> <Delay = 0.69>
ST_6 : Operation 551 [1/1] (0.69ns) (share mux size 8)   --->   "%muxLogicRAMAddr_to_store_ln130 = muxlogic i9 %tile_3_addr_7"   --->   Operation 551 'muxlogic' 'muxLogicRAMAddr_to_store_ln130' <Predicate = (icmp_ln112)> <Delay = 0.69>
ST_6 : Operation 552 [1/1] ( I:0.55ns O:0.55ns ) (share mux size 11)   --->   "%store_ln130 = store i16 %vals_98, i9 %tile_3_addr_7" [./flashattentionmemory.h:130]   --->   Operation 552 'store' 'store_ln130' <Predicate = (icmp_ln112)> <Delay = 0.55> <CoreInst = "RAM_2P_BRAM">   --->   Core 97 'RAM_2P_BRAM' <Latency = 1> <II = 1> <Delay = 0.86> <Storage> <Opcode : 'load' 'store'> <Ports = 2> <Width = 16> <Depth = 512> <RAM>
ST_6 : Operation 553 [1/1] (0.69ns) (share mux size 8)   --->   "%muxLogicRAMData_to_store_ln130 = muxlogic i16 %vals_99"   --->   Operation 553 'muxlogic' 'muxLogicRAMData_to_store_ln130' <Predicate = (icmp_ln112)> <Delay = 0.69>
ST_6 : Operation 554 [1/1] (0.69ns) (share mux size 8)   --->   "%muxLogicRAMAddr_to_store_ln130 = muxlogic i9 %tile_4_addr_7"   --->   Operation 554 'muxlogic' 'muxLogicRAMAddr_to_store_ln130' <Predicate = (icmp_ln112)> <Delay = 0.69>
ST_6 : Operation 555 [1/1] ( I:0.55ns O:0.55ns ) (share mux size 11)   --->   "%store_ln130 = store i16 %vals_99, i9 %tile_4_addr_7" [./flashattentionmemory.h:130]   --->   Operation 555 'store' 'store_ln130' <Predicate = (icmp_ln112)> <Delay = 0.55> <CoreInst = "RAM_2P_BRAM">   --->   Core 97 'RAM_2P_BRAM' <Latency = 1> <II = 1> <Delay = 0.86> <Storage> <Opcode : 'load' 'store'> <Ports = 2> <Width = 16> <Depth = 512> <RAM>
ST_6 : Operation 556 [1/1] (0.69ns) (share mux size 8)   --->   "%muxLogicRAMData_to_store_ln130 = muxlogic i16 %vals_100"   --->   Operation 556 'muxlogic' 'muxLogicRAMData_to_store_ln130' <Predicate = (icmp_ln112)> <Delay = 0.69>
ST_6 : Operation 557 [1/1] (0.69ns) (share mux size 8)   --->   "%muxLogicRAMAddr_to_store_ln130 = muxlogic i9 %tile_5_addr_7"   --->   Operation 557 'muxlogic' 'muxLogicRAMAddr_to_store_ln130' <Predicate = (icmp_ln112)> <Delay = 0.69>
ST_6 : Operation 558 [1/1] ( I:0.55ns O:0.55ns ) (share mux size 11)   --->   "%store_ln130 = store i16 %vals_100, i9 %tile_5_addr_7" [./flashattentionmemory.h:130]   --->   Operation 558 'store' 'store_ln130' <Predicate = (icmp_ln112)> <Delay = 0.55> <CoreInst = "RAM_2P_BRAM">   --->   Core 97 'RAM_2P_BRAM' <Latency = 1> <II = 1> <Delay = 0.86> <Storage> <Opcode : 'load' 'store'> <Ports = 2> <Width = 16> <Depth = 512> <RAM>
ST_6 : Operation 559 [1/1] (0.69ns) (share mux size 8)   --->   "%muxLogicRAMData_to_store_ln130 = muxlogic i16 %vals_101"   --->   Operation 559 'muxlogic' 'muxLogicRAMData_to_store_ln130' <Predicate = (icmp_ln112)> <Delay = 0.69>
ST_6 : Operation 560 [1/1] (0.69ns) (share mux size 8)   --->   "%muxLogicRAMAddr_to_store_ln130 = muxlogic i9 %tile_6_addr_7"   --->   Operation 560 'muxlogic' 'muxLogicRAMAddr_to_store_ln130' <Predicate = (icmp_ln112)> <Delay = 0.69>
ST_6 : Operation 561 [1/1] ( I:0.55ns O:0.55ns ) (share mux size 11)   --->   "%store_ln130 = store i16 %vals_101, i9 %tile_6_addr_7" [./flashattentionmemory.h:130]   --->   Operation 561 'store' 'store_ln130' <Predicate = (icmp_ln112)> <Delay = 0.55> <CoreInst = "RAM_2P_BRAM">   --->   Core 97 'RAM_2P_BRAM' <Latency = 1> <II = 1> <Delay = 0.86> <Storage> <Opcode : 'load' 'store'> <Ports = 2> <Width = 16> <Depth = 512> <RAM>
ST_6 : Operation 562 [1/1] (0.69ns) (share mux size 8)   --->   "%muxLogicRAMData_to_store_ln130 = muxlogic i16 %vals_102"   --->   Operation 562 'muxlogic' 'muxLogicRAMData_to_store_ln130' <Predicate = (icmp_ln112)> <Delay = 0.69>
ST_6 : Operation 563 [1/1] (0.69ns) (share mux size 8)   --->   "%muxLogicRAMAddr_to_store_ln130 = muxlogic i9 %tile_7_addr_7"   --->   Operation 563 'muxlogic' 'muxLogicRAMAddr_to_store_ln130' <Predicate = (icmp_ln112)> <Delay = 0.69>
ST_6 : Operation 564 [1/1] ( I:0.55ns O:0.55ns ) (share mux size 11)   --->   "%store_ln130 = store i16 %vals_102, i9 %tile_7_addr_7" [./flashattentionmemory.h:130]   --->   Operation 564 'store' 'store_ln130' <Predicate = (icmp_ln112)> <Delay = 0.55> <CoreInst = "RAM_2P_BRAM">   --->   Core 97 'RAM_2P_BRAM' <Latency = 1> <II = 1> <Delay = 0.86> <Storage> <Opcode : 'load' 'store'> <Ports = 2> <Width = 16> <Depth = 512> <RAM>
ST_6 : Operation 565 [1/1] (0.69ns) (share mux size 8)   --->   "%muxLogicRAMData_to_store_ln130 = muxlogic i16 %vals_103"   --->   Operation 565 'muxlogic' 'muxLogicRAMData_to_store_ln130' <Predicate = (icmp_ln112)> <Delay = 0.69>
ST_6 : Operation 566 [1/1] (0.69ns) (share mux size 8)   --->   "%muxLogicRAMAddr_to_store_ln130 = muxlogic i9 %tile_8_addr_7"   --->   Operation 566 'muxlogic' 'muxLogicRAMAddr_to_store_ln130' <Predicate = (icmp_ln112)> <Delay = 0.69>
ST_6 : Operation 567 [1/1] ( I:0.55ns O:0.55ns ) (share mux size 11)   --->   "%store_ln130 = store i16 %vals_103, i9 %tile_8_addr_7" [./flashattentionmemory.h:130]   --->   Operation 567 'store' 'store_ln130' <Predicate = (icmp_ln112)> <Delay = 0.55> <CoreInst = "RAM_2P_BRAM">   --->   Core 97 'RAM_2P_BRAM' <Latency = 1> <II = 1> <Delay = 0.86> <Storage> <Opcode : 'load' 'store'> <Ports = 2> <Width = 16> <Depth = 512> <RAM>
ST_6 : Operation 568 [1/1] (0.69ns) (share mux size 8)   --->   "%muxLogicRAMData_to_store_ln130 = muxlogic i16 %vals_104"   --->   Operation 568 'muxlogic' 'muxLogicRAMData_to_store_ln130' <Predicate = (icmp_ln112)> <Delay = 0.69>
ST_6 : Operation 569 [1/1] (0.69ns) (share mux size 8)   --->   "%muxLogicRAMAddr_to_store_ln130 = muxlogic i9 %tile_9_addr_7"   --->   Operation 569 'muxlogic' 'muxLogicRAMAddr_to_store_ln130' <Predicate = (icmp_ln112)> <Delay = 0.69>
ST_6 : Operation 570 [1/1] ( I:0.55ns O:0.55ns ) (share mux size 11)   --->   "%store_ln130 = store i16 %vals_104, i9 %tile_9_addr_7" [./flashattentionmemory.h:130]   --->   Operation 570 'store' 'store_ln130' <Predicate = (icmp_ln112)> <Delay = 0.55> <CoreInst = "RAM_2P_BRAM">   --->   Core 97 'RAM_2P_BRAM' <Latency = 1> <II = 1> <Delay = 0.86> <Storage> <Opcode : 'load' 'store'> <Ports = 2> <Width = 16> <Depth = 512> <RAM>
ST_6 : Operation 571 [1/1] (0.69ns) (share mux size 8)   --->   "%muxLogicRAMData_to_store_ln130 = muxlogic i16 %vals_105"   --->   Operation 571 'muxlogic' 'muxLogicRAMData_to_store_ln130' <Predicate = (icmp_ln112)> <Delay = 0.69>
ST_6 : Operation 572 [1/1] (0.69ns) (share mux size 8)   --->   "%muxLogicRAMAddr_to_store_ln130 = muxlogic i9 %tile_10_addr_7"   --->   Operation 572 'muxlogic' 'muxLogicRAMAddr_to_store_ln130' <Predicate = (icmp_ln112)> <Delay = 0.69>
ST_6 : Operation 573 [1/1] ( I:0.55ns O:0.55ns ) (share mux size 11)   --->   "%store_ln130 = store i16 %vals_105, i9 %tile_10_addr_7" [./flashattentionmemory.h:130]   --->   Operation 573 'store' 'store_ln130' <Predicate = (icmp_ln112)> <Delay = 0.55> <CoreInst = "RAM_2P_BRAM">   --->   Core 97 'RAM_2P_BRAM' <Latency = 1> <II = 1> <Delay = 0.86> <Storage> <Opcode : 'load' 'store'> <Ports = 2> <Width = 16> <Depth = 512> <RAM>
ST_6 : Operation 574 [1/1] (0.69ns) (share mux size 8)   --->   "%muxLogicRAMData_to_store_ln130 = muxlogic i16 %vals_106"   --->   Operation 574 'muxlogic' 'muxLogicRAMData_to_store_ln130' <Predicate = (icmp_ln112)> <Delay = 0.69>
ST_6 : Operation 575 [1/1] (0.69ns) (share mux size 8)   --->   "%muxLogicRAMAddr_to_store_ln130 = muxlogic i9 %tile_11_addr_7"   --->   Operation 575 'muxlogic' 'muxLogicRAMAddr_to_store_ln130' <Predicate = (icmp_ln112)> <Delay = 0.69>
ST_6 : Operation 576 [1/1] ( I:0.55ns O:0.55ns ) (share mux size 11)   --->   "%store_ln130 = store i16 %vals_106, i9 %tile_11_addr_7" [./flashattentionmemory.h:130]   --->   Operation 576 'store' 'store_ln130' <Predicate = (icmp_ln112)> <Delay = 0.55> <CoreInst = "RAM_2P_BRAM">   --->   Core 97 'RAM_2P_BRAM' <Latency = 1> <II = 1> <Delay = 0.86> <Storage> <Opcode : 'load' 'store'> <Ports = 2> <Width = 16> <Depth = 512> <RAM>
ST_6 : Operation 577 [1/1] (0.69ns) (share mux size 8)   --->   "%muxLogicRAMData_to_store_ln130 = muxlogic i16 %vals_107"   --->   Operation 577 'muxlogic' 'muxLogicRAMData_to_store_ln130' <Predicate = (icmp_ln112)> <Delay = 0.69>
ST_6 : Operation 578 [1/1] (0.69ns) (share mux size 8)   --->   "%muxLogicRAMAddr_to_store_ln130 = muxlogic i9 %tile_12_addr_7"   --->   Operation 578 'muxlogic' 'muxLogicRAMAddr_to_store_ln130' <Predicate = (icmp_ln112)> <Delay = 0.69>
ST_6 : Operation 579 [1/1] ( I:0.55ns O:0.55ns ) (share mux size 11)   --->   "%store_ln130 = store i16 %vals_107, i9 %tile_12_addr_7" [./flashattentionmemory.h:130]   --->   Operation 579 'store' 'store_ln130' <Predicate = (icmp_ln112)> <Delay = 0.55> <CoreInst = "RAM_2P_BRAM">   --->   Core 97 'RAM_2P_BRAM' <Latency = 1> <II = 1> <Delay = 0.86> <Storage> <Opcode : 'load' 'store'> <Ports = 2> <Width = 16> <Depth = 512> <RAM>
ST_6 : Operation 580 [1/1] (0.69ns) (share mux size 8)   --->   "%muxLogicRAMData_to_store_ln130 = muxlogic i16 %vals_108"   --->   Operation 580 'muxlogic' 'muxLogicRAMData_to_store_ln130' <Predicate = (icmp_ln112)> <Delay = 0.69>
ST_6 : Operation 581 [1/1] (0.69ns) (share mux size 8)   --->   "%muxLogicRAMAddr_to_store_ln130 = muxlogic i9 %tile_13_addr_7"   --->   Operation 581 'muxlogic' 'muxLogicRAMAddr_to_store_ln130' <Predicate = (icmp_ln112)> <Delay = 0.69>
ST_6 : Operation 582 [1/1] ( I:0.55ns O:0.55ns ) (share mux size 11)   --->   "%store_ln130 = store i16 %vals_108, i9 %tile_13_addr_7" [./flashattentionmemory.h:130]   --->   Operation 582 'store' 'store_ln130' <Predicate = (icmp_ln112)> <Delay = 0.55> <CoreInst = "RAM_2P_BRAM">   --->   Core 97 'RAM_2P_BRAM' <Latency = 1> <II = 1> <Delay = 0.86> <Storage> <Opcode : 'load' 'store'> <Ports = 2> <Width = 16> <Depth = 512> <RAM>
ST_6 : Operation 583 [1/1] (0.69ns) (share mux size 8)   --->   "%muxLogicRAMData_to_store_ln130 = muxlogic i16 %vals_109"   --->   Operation 583 'muxlogic' 'muxLogicRAMData_to_store_ln130' <Predicate = (icmp_ln112)> <Delay = 0.69>
ST_6 : Operation 584 [1/1] (0.69ns) (share mux size 8)   --->   "%muxLogicRAMAddr_to_store_ln130 = muxlogic i9 %tile_14_addr_7"   --->   Operation 584 'muxlogic' 'muxLogicRAMAddr_to_store_ln130' <Predicate = (icmp_ln112)> <Delay = 0.69>
ST_6 : Operation 585 [1/1] ( I:0.55ns O:0.55ns ) (share mux size 11)   --->   "%store_ln130 = store i16 %vals_109, i9 %tile_14_addr_7" [./flashattentionmemory.h:130]   --->   Operation 585 'store' 'store_ln130' <Predicate = (icmp_ln112)> <Delay = 0.55> <CoreInst = "RAM_2P_BRAM">   --->   Core 97 'RAM_2P_BRAM' <Latency = 1> <II = 1> <Delay = 0.86> <Storage> <Opcode : 'load' 'store'> <Ports = 2> <Width = 16> <Depth = 512> <RAM>
ST_6 : Operation 586 [1/1] (0.69ns) (share mux size 8)   --->   "%muxLogicRAMData_to_store_ln130 = muxlogic i16 %vals_110"   --->   Operation 586 'muxlogic' 'muxLogicRAMData_to_store_ln130' <Predicate = (icmp_ln112)> <Delay = 0.69>
ST_6 : Operation 587 [1/1] (0.69ns) (share mux size 8)   --->   "%muxLogicRAMAddr_to_store_ln130 = muxlogic i9 %tile_15_addr_7"   --->   Operation 587 'muxlogic' 'muxLogicRAMAddr_to_store_ln130' <Predicate = (icmp_ln112)> <Delay = 0.69>
ST_6 : Operation 588 [1/1] ( I:0.55ns O:0.55ns ) (share mux size 11)   --->   "%store_ln130 = store i16 %vals_110, i9 %tile_15_addr_7" [./flashattentionmemory.h:130]   --->   Operation 588 'store' 'store_ln130' <Predicate = (icmp_ln112)> <Delay = 0.55> <CoreInst = "RAM_2P_BRAM">   --->   Core 97 'RAM_2P_BRAM' <Latency = 1> <II = 1> <Delay = 0.86> <Storage> <Opcode : 'load' 'store'> <Ports = 2> <Width = 16> <Depth = 512> <RAM>

State 7 <SV = 6> <Delay = 1.25>
ST_7 : Operation 589 [1/1] (0.00ns)   --->   "%tmp_173 = bitconcatenate i9 @_ssdm_op_BitConcatenate.i9.i6.i3, i6 %trunc_ln112, i3 5" [./flashattentionmemory.h:130]   --->   Operation 589 'bitconcatenate' 'tmp_173' <Predicate = (icmp_ln112)> <Delay = 0.00>
ST_7 : Operation 590 [1/1] (0.00ns)   --->   "%zext_ln130_5 = zext i9 %tmp_173" [./flashattentionmemory.h:130]   --->   Operation 590 'zext' 'zext_ln130_5' <Predicate = (icmp_ln112)> <Delay = 0.00>
ST_7 : Operation 591 [1/1] (0.00ns)   --->   "%tile_0_addr_8 = getelementptr i16 %tile_0, i64 0, i64 %zext_ln130_5" [./flashattentionmemory.h:130]   --->   Operation 591 'getelementptr' 'tile_0_addr_8' <Predicate = (icmp_ln112)> <Delay = 0.00>
ST_7 : Operation 592 [1/1] (0.00ns)   --->   "%tile_1_addr_8 = getelementptr i16 %tile_1, i64 0, i64 %zext_ln130_5" [./flashattentionmemory.h:130]   --->   Operation 592 'getelementptr' 'tile_1_addr_8' <Predicate = (icmp_ln112)> <Delay = 0.00>
ST_7 : Operation 593 [1/1] (0.00ns)   --->   "%tile_2_addr_8 = getelementptr i16 %tile_2, i64 0, i64 %zext_ln130_5" [./flashattentionmemory.h:130]   --->   Operation 593 'getelementptr' 'tile_2_addr_8' <Predicate = (icmp_ln112)> <Delay = 0.00>
ST_7 : Operation 594 [1/1] (0.00ns)   --->   "%tile_3_addr_8 = getelementptr i16 %tile_3, i64 0, i64 %zext_ln130_5" [./flashattentionmemory.h:130]   --->   Operation 594 'getelementptr' 'tile_3_addr_8' <Predicate = (icmp_ln112)> <Delay = 0.00>
ST_7 : Operation 595 [1/1] (0.00ns)   --->   "%tile_4_addr_8 = getelementptr i16 %tile_4, i64 0, i64 %zext_ln130_5" [./flashattentionmemory.h:130]   --->   Operation 595 'getelementptr' 'tile_4_addr_8' <Predicate = (icmp_ln112)> <Delay = 0.00>
ST_7 : Operation 596 [1/1] (0.00ns)   --->   "%tile_5_addr_8 = getelementptr i16 %tile_5, i64 0, i64 %zext_ln130_5" [./flashattentionmemory.h:130]   --->   Operation 596 'getelementptr' 'tile_5_addr_8' <Predicate = (icmp_ln112)> <Delay = 0.00>
ST_7 : Operation 597 [1/1] (0.00ns)   --->   "%tile_6_addr_8 = getelementptr i16 %tile_6, i64 0, i64 %zext_ln130_5" [./flashattentionmemory.h:130]   --->   Operation 597 'getelementptr' 'tile_6_addr_8' <Predicate = (icmp_ln112)> <Delay = 0.00>
ST_7 : Operation 598 [1/1] (0.00ns)   --->   "%tile_7_addr_8 = getelementptr i16 %tile_7, i64 0, i64 %zext_ln130_5" [./flashattentionmemory.h:130]   --->   Operation 598 'getelementptr' 'tile_7_addr_8' <Predicate = (icmp_ln112)> <Delay = 0.00>
ST_7 : Operation 599 [1/1] (0.00ns)   --->   "%tile_8_addr_8 = getelementptr i16 %tile_8, i64 0, i64 %zext_ln130_5" [./flashattentionmemory.h:130]   --->   Operation 599 'getelementptr' 'tile_8_addr_8' <Predicate = (icmp_ln112)> <Delay = 0.00>
ST_7 : Operation 600 [1/1] (0.00ns)   --->   "%tile_9_addr_8 = getelementptr i16 %tile_9, i64 0, i64 %zext_ln130_5" [./flashattentionmemory.h:130]   --->   Operation 600 'getelementptr' 'tile_9_addr_8' <Predicate = (icmp_ln112)> <Delay = 0.00>
ST_7 : Operation 601 [1/1] (0.00ns)   --->   "%tile_10_addr_8 = getelementptr i16 %tile_10, i64 0, i64 %zext_ln130_5" [./flashattentionmemory.h:130]   --->   Operation 601 'getelementptr' 'tile_10_addr_8' <Predicate = (icmp_ln112)> <Delay = 0.00>
ST_7 : Operation 602 [1/1] (0.00ns)   --->   "%tile_11_addr_8 = getelementptr i16 %tile_11, i64 0, i64 %zext_ln130_5" [./flashattentionmemory.h:130]   --->   Operation 602 'getelementptr' 'tile_11_addr_8' <Predicate = (icmp_ln112)> <Delay = 0.00>
ST_7 : Operation 603 [1/1] (0.00ns)   --->   "%tile_12_addr_8 = getelementptr i16 %tile_12, i64 0, i64 %zext_ln130_5" [./flashattentionmemory.h:130]   --->   Operation 603 'getelementptr' 'tile_12_addr_8' <Predicate = (icmp_ln112)> <Delay = 0.00>
ST_7 : Operation 604 [1/1] (0.00ns)   --->   "%tile_13_addr_8 = getelementptr i16 %tile_13, i64 0, i64 %zext_ln130_5" [./flashattentionmemory.h:130]   --->   Operation 604 'getelementptr' 'tile_13_addr_8' <Predicate = (icmp_ln112)> <Delay = 0.00>
ST_7 : Operation 605 [1/1] (0.00ns)   --->   "%tile_14_addr_8 = getelementptr i16 %tile_14, i64 0, i64 %zext_ln130_5" [./flashattentionmemory.h:130]   --->   Operation 605 'getelementptr' 'tile_14_addr_8' <Predicate = (icmp_ln112)> <Delay = 0.00>
ST_7 : Operation 606 [1/1] (0.00ns)   --->   "%tile_15_addr_8 = getelementptr i16 %tile_15, i64 0, i64 %zext_ln130_5" [./flashattentionmemory.h:130]   --->   Operation 606 'getelementptr' 'tile_15_addr_8' <Predicate = (icmp_ln112)> <Delay = 0.00>
ST_7 : Operation 607 [1/1] (0.00ns)   --->   "%vals_111 = bitcast i16 %tmp_123" [./flashattentionmemory.h:67->./flashattentionmemory.h:123]   --->   Operation 607 'bitcast' 'vals_111' <Predicate = (icmp_ln112)> <Delay = 0.00>
ST_7 : Operation 608 [1/1] (0.00ns)   --->   "%vals_112 = bitcast i16 %tmp_124" [./flashattentionmemory.h:67->./flashattentionmemory.h:123]   --->   Operation 608 'bitcast' 'vals_112' <Predicate = (icmp_ln112)> <Delay = 0.00>
ST_7 : Operation 609 [1/1] (0.00ns)   --->   "%vals_113 = bitcast i16 %tmp_125" [./flashattentionmemory.h:67->./flashattentionmemory.h:123]   --->   Operation 609 'bitcast' 'vals_113' <Predicate = (icmp_ln112)> <Delay = 0.00>
ST_7 : Operation 610 [1/1] (0.00ns)   --->   "%vals_114 = bitcast i16 %tmp_126" [./flashattentionmemory.h:67->./flashattentionmemory.h:123]   --->   Operation 610 'bitcast' 'vals_114' <Predicate = (icmp_ln112)> <Delay = 0.00>
ST_7 : Operation 611 [1/1] (0.00ns)   --->   "%vals_115 = bitcast i16 %tmp_127" [./flashattentionmemory.h:67->./flashattentionmemory.h:123]   --->   Operation 611 'bitcast' 'vals_115' <Predicate = (icmp_ln112)> <Delay = 0.00>
ST_7 : Operation 612 [1/1] (0.00ns)   --->   "%vals_116 = bitcast i16 %tmp_128" [./flashattentionmemory.h:67->./flashattentionmemory.h:123]   --->   Operation 612 'bitcast' 'vals_116' <Predicate = (icmp_ln112)> <Delay = 0.00>
ST_7 : Operation 613 [1/1] (0.00ns)   --->   "%vals_117 = bitcast i16 %tmp_129" [./flashattentionmemory.h:67->./flashattentionmemory.h:123]   --->   Operation 613 'bitcast' 'vals_117' <Predicate = (icmp_ln112)> <Delay = 0.00>
ST_7 : Operation 614 [1/1] (0.00ns)   --->   "%vals_118 = bitcast i16 %tmp_130" [./flashattentionmemory.h:67->./flashattentionmemory.h:123]   --->   Operation 614 'bitcast' 'vals_118' <Predicate = (icmp_ln112)> <Delay = 0.00>
ST_7 : Operation 615 [1/1] (0.00ns)   --->   "%vals_119 = bitcast i16 %tmp_131" [./flashattentionmemory.h:67->./flashattentionmemory.h:123]   --->   Operation 615 'bitcast' 'vals_119' <Predicate = (icmp_ln112)> <Delay = 0.00>
ST_7 : Operation 616 [1/1] (0.00ns)   --->   "%vals_120 = bitcast i16 %tmp_132" [./flashattentionmemory.h:67->./flashattentionmemory.h:123]   --->   Operation 616 'bitcast' 'vals_120' <Predicate = (icmp_ln112)> <Delay = 0.00>
ST_7 : Operation 617 [1/1] (0.00ns)   --->   "%vals_121 = bitcast i16 %tmp_133" [./flashattentionmemory.h:67->./flashattentionmemory.h:123]   --->   Operation 617 'bitcast' 'vals_121' <Predicate = (icmp_ln112)> <Delay = 0.00>
ST_7 : Operation 618 [1/1] (0.00ns)   --->   "%vals_122 = bitcast i16 %tmp_134" [./flashattentionmemory.h:67->./flashattentionmemory.h:123]   --->   Operation 618 'bitcast' 'vals_122' <Predicate = (icmp_ln112)> <Delay = 0.00>
ST_7 : Operation 619 [1/1] (0.00ns)   --->   "%vals_123 = bitcast i16 %tmp_135" [./flashattentionmemory.h:67->./flashattentionmemory.h:123]   --->   Operation 619 'bitcast' 'vals_123' <Predicate = (icmp_ln112)> <Delay = 0.00>
ST_7 : Operation 620 [1/1] (0.00ns)   --->   "%vals_124 = bitcast i16 %tmp_136" [./flashattentionmemory.h:67->./flashattentionmemory.h:123]   --->   Operation 620 'bitcast' 'vals_124' <Predicate = (icmp_ln112)> <Delay = 0.00>
ST_7 : Operation 621 [1/1] (0.00ns)   --->   "%vals_125 = bitcast i16 %tmp_137" [./flashattentionmemory.h:67->./flashattentionmemory.h:123]   --->   Operation 621 'bitcast' 'vals_125' <Predicate = (icmp_ln112)> <Delay = 0.00>
ST_7 : Operation 622 [1/1] (0.00ns)   --->   "%vals_126 = bitcast i16 %tmp_138" [./flashattentionmemory.h:67->./flashattentionmemory.h:123]   --->   Operation 622 'bitcast' 'vals_126' <Predicate = (icmp_ln112)> <Delay = 0.00>
ST_7 : Operation 623 [1/1] (0.69ns) (share mux size 8)   --->   "%muxLogicRAMData_to_store_ln130 = muxlogic i16 %vals_111"   --->   Operation 623 'muxlogic' 'muxLogicRAMData_to_store_ln130' <Predicate = (icmp_ln112)> <Delay = 0.69>
ST_7 : Operation 624 [1/1] (0.69ns) (share mux size 8)   --->   "%muxLogicRAMAddr_to_store_ln130 = muxlogic i9 %tile_0_addr_8"   --->   Operation 624 'muxlogic' 'muxLogicRAMAddr_to_store_ln130' <Predicate = (icmp_ln112)> <Delay = 0.69>
ST_7 : Operation 625 [1/1] ( I:0.55ns O:0.55ns ) (share mux size 11)   --->   "%store_ln130 = store i16 %vals_111, i9 %tile_0_addr_8" [./flashattentionmemory.h:130]   --->   Operation 625 'store' 'store_ln130' <Predicate = (icmp_ln112)> <Delay = 0.55> <CoreInst = "RAM_2P_BRAM">   --->   Core 97 'RAM_2P_BRAM' <Latency = 1> <II = 1> <Delay = 0.86> <Storage> <Opcode : 'load' 'store'> <Ports = 2> <Width = 16> <Depth = 512> <RAM>
ST_7 : Operation 626 [1/1] (0.69ns) (share mux size 8)   --->   "%muxLogicRAMData_to_store_ln130 = muxlogic i16 %vals_112"   --->   Operation 626 'muxlogic' 'muxLogicRAMData_to_store_ln130' <Predicate = (icmp_ln112)> <Delay = 0.69>
ST_7 : Operation 627 [1/1] (0.69ns) (share mux size 8)   --->   "%muxLogicRAMAddr_to_store_ln130 = muxlogic i9 %tile_1_addr_8"   --->   Operation 627 'muxlogic' 'muxLogicRAMAddr_to_store_ln130' <Predicate = (icmp_ln112)> <Delay = 0.69>
ST_7 : Operation 628 [1/1] ( I:0.55ns O:0.55ns ) (share mux size 11)   --->   "%store_ln130 = store i16 %vals_112, i9 %tile_1_addr_8" [./flashattentionmemory.h:130]   --->   Operation 628 'store' 'store_ln130' <Predicate = (icmp_ln112)> <Delay = 0.55> <CoreInst = "RAM_2P_BRAM">   --->   Core 97 'RAM_2P_BRAM' <Latency = 1> <II = 1> <Delay = 0.86> <Storage> <Opcode : 'load' 'store'> <Ports = 2> <Width = 16> <Depth = 512> <RAM>
ST_7 : Operation 629 [1/1] (0.69ns) (share mux size 8)   --->   "%muxLogicRAMData_to_store_ln130 = muxlogic i16 %vals_113"   --->   Operation 629 'muxlogic' 'muxLogicRAMData_to_store_ln130' <Predicate = (icmp_ln112)> <Delay = 0.69>
ST_7 : Operation 630 [1/1] (0.69ns) (share mux size 8)   --->   "%muxLogicRAMAddr_to_store_ln130 = muxlogic i9 %tile_2_addr_8"   --->   Operation 630 'muxlogic' 'muxLogicRAMAddr_to_store_ln130' <Predicate = (icmp_ln112)> <Delay = 0.69>
ST_7 : Operation 631 [1/1] ( I:0.55ns O:0.55ns ) (share mux size 11)   --->   "%store_ln130 = store i16 %vals_113, i9 %tile_2_addr_8" [./flashattentionmemory.h:130]   --->   Operation 631 'store' 'store_ln130' <Predicate = (icmp_ln112)> <Delay = 0.55> <CoreInst = "RAM_2P_BRAM">   --->   Core 97 'RAM_2P_BRAM' <Latency = 1> <II = 1> <Delay = 0.86> <Storage> <Opcode : 'load' 'store'> <Ports = 2> <Width = 16> <Depth = 512> <RAM>
ST_7 : Operation 632 [1/1] (0.69ns) (share mux size 8)   --->   "%muxLogicRAMData_to_store_ln130 = muxlogic i16 %vals_114"   --->   Operation 632 'muxlogic' 'muxLogicRAMData_to_store_ln130' <Predicate = (icmp_ln112)> <Delay = 0.69>
ST_7 : Operation 633 [1/1] (0.69ns) (share mux size 8)   --->   "%muxLogicRAMAddr_to_store_ln130 = muxlogic i9 %tile_3_addr_8"   --->   Operation 633 'muxlogic' 'muxLogicRAMAddr_to_store_ln130' <Predicate = (icmp_ln112)> <Delay = 0.69>
ST_7 : Operation 634 [1/1] ( I:0.55ns O:0.55ns ) (share mux size 11)   --->   "%store_ln130 = store i16 %vals_114, i9 %tile_3_addr_8" [./flashattentionmemory.h:130]   --->   Operation 634 'store' 'store_ln130' <Predicate = (icmp_ln112)> <Delay = 0.55> <CoreInst = "RAM_2P_BRAM">   --->   Core 97 'RAM_2P_BRAM' <Latency = 1> <II = 1> <Delay = 0.86> <Storage> <Opcode : 'load' 'store'> <Ports = 2> <Width = 16> <Depth = 512> <RAM>
ST_7 : Operation 635 [1/1] (0.69ns) (share mux size 8)   --->   "%muxLogicRAMData_to_store_ln130 = muxlogic i16 %vals_115"   --->   Operation 635 'muxlogic' 'muxLogicRAMData_to_store_ln130' <Predicate = (icmp_ln112)> <Delay = 0.69>
ST_7 : Operation 636 [1/1] (0.69ns) (share mux size 8)   --->   "%muxLogicRAMAddr_to_store_ln130 = muxlogic i9 %tile_4_addr_8"   --->   Operation 636 'muxlogic' 'muxLogicRAMAddr_to_store_ln130' <Predicate = (icmp_ln112)> <Delay = 0.69>
ST_7 : Operation 637 [1/1] ( I:0.55ns O:0.55ns ) (share mux size 11)   --->   "%store_ln130 = store i16 %vals_115, i9 %tile_4_addr_8" [./flashattentionmemory.h:130]   --->   Operation 637 'store' 'store_ln130' <Predicate = (icmp_ln112)> <Delay = 0.55> <CoreInst = "RAM_2P_BRAM">   --->   Core 97 'RAM_2P_BRAM' <Latency = 1> <II = 1> <Delay = 0.86> <Storage> <Opcode : 'load' 'store'> <Ports = 2> <Width = 16> <Depth = 512> <RAM>
ST_7 : Operation 638 [1/1] (0.69ns) (share mux size 8)   --->   "%muxLogicRAMData_to_store_ln130 = muxlogic i16 %vals_116"   --->   Operation 638 'muxlogic' 'muxLogicRAMData_to_store_ln130' <Predicate = (icmp_ln112)> <Delay = 0.69>
ST_7 : Operation 639 [1/1] (0.69ns) (share mux size 8)   --->   "%muxLogicRAMAddr_to_store_ln130 = muxlogic i9 %tile_5_addr_8"   --->   Operation 639 'muxlogic' 'muxLogicRAMAddr_to_store_ln130' <Predicate = (icmp_ln112)> <Delay = 0.69>
ST_7 : Operation 640 [1/1] ( I:0.55ns O:0.55ns ) (share mux size 11)   --->   "%store_ln130 = store i16 %vals_116, i9 %tile_5_addr_8" [./flashattentionmemory.h:130]   --->   Operation 640 'store' 'store_ln130' <Predicate = (icmp_ln112)> <Delay = 0.55> <CoreInst = "RAM_2P_BRAM">   --->   Core 97 'RAM_2P_BRAM' <Latency = 1> <II = 1> <Delay = 0.86> <Storage> <Opcode : 'load' 'store'> <Ports = 2> <Width = 16> <Depth = 512> <RAM>
ST_7 : Operation 641 [1/1] (0.69ns) (share mux size 8)   --->   "%muxLogicRAMData_to_store_ln130 = muxlogic i16 %vals_117"   --->   Operation 641 'muxlogic' 'muxLogicRAMData_to_store_ln130' <Predicate = (icmp_ln112)> <Delay = 0.69>
ST_7 : Operation 642 [1/1] (0.69ns) (share mux size 8)   --->   "%muxLogicRAMAddr_to_store_ln130 = muxlogic i9 %tile_6_addr_8"   --->   Operation 642 'muxlogic' 'muxLogicRAMAddr_to_store_ln130' <Predicate = (icmp_ln112)> <Delay = 0.69>
ST_7 : Operation 643 [1/1] ( I:0.55ns O:0.55ns ) (share mux size 11)   --->   "%store_ln130 = store i16 %vals_117, i9 %tile_6_addr_8" [./flashattentionmemory.h:130]   --->   Operation 643 'store' 'store_ln130' <Predicate = (icmp_ln112)> <Delay = 0.55> <CoreInst = "RAM_2P_BRAM">   --->   Core 97 'RAM_2P_BRAM' <Latency = 1> <II = 1> <Delay = 0.86> <Storage> <Opcode : 'load' 'store'> <Ports = 2> <Width = 16> <Depth = 512> <RAM>
ST_7 : Operation 644 [1/1] (0.69ns) (share mux size 8)   --->   "%muxLogicRAMData_to_store_ln130 = muxlogic i16 %vals_118"   --->   Operation 644 'muxlogic' 'muxLogicRAMData_to_store_ln130' <Predicate = (icmp_ln112)> <Delay = 0.69>
ST_7 : Operation 645 [1/1] (0.69ns) (share mux size 8)   --->   "%muxLogicRAMAddr_to_store_ln130 = muxlogic i9 %tile_7_addr_8"   --->   Operation 645 'muxlogic' 'muxLogicRAMAddr_to_store_ln130' <Predicate = (icmp_ln112)> <Delay = 0.69>
ST_7 : Operation 646 [1/1] ( I:0.55ns O:0.55ns ) (share mux size 11)   --->   "%store_ln130 = store i16 %vals_118, i9 %tile_7_addr_8" [./flashattentionmemory.h:130]   --->   Operation 646 'store' 'store_ln130' <Predicate = (icmp_ln112)> <Delay = 0.55> <CoreInst = "RAM_2P_BRAM">   --->   Core 97 'RAM_2P_BRAM' <Latency = 1> <II = 1> <Delay = 0.86> <Storage> <Opcode : 'load' 'store'> <Ports = 2> <Width = 16> <Depth = 512> <RAM>
ST_7 : Operation 647 [1/1] (0.69ns) (share mux size 8)   --->   "%muxLogicRAMData_to_store_ln130 = muxlogic i16 %vals_119"   --->   Operation 647 'muxlogic' 'muxLogicRAMData_to_store_ln130' <Predicate = (icmp_ln112)> <Delay = 0.69>
ST_7 : Operation 648 [1/1] (0.69ns) (share mux size 8)   --->   "%muxLogicRAMAddr_to_store_ln130 = muxlogic i9 %tile_8_addr_8"   --->   Operation 648 'muxlogic' 'muxLogicRAMAddr_to_store_ln130' <Predicate = (icmp_ln112)> <Delay = 0.69>
ST_7 : Operation 649 [1/1] ( I:0.55ns O:0.55ns ) (share mux size 11)   --->   "%store_ln130 = store i16 %vals_119, i9 %tile_8_addr_8" [./flashattentionmemory.h:130]   --->   Operation 649 'store' 'store_ln130' <Predicate = (icmp_ln112)> <Delay = 0.55> <CoreInst = "RAM_2P_BRAM">   --->   Core 97 'RAM_2P_BRAM' <Latency = 1> <II = 1> <Delay = 0.86> <Storage> <Opcode : 'load' 'store'> <Ports = 2> <Width = 16> <Depth = 512> <RAM>
ST_7 : Operation 650 [1/1] (0.69ns) (share mux size 8)   --->   "%muxLogicRAMData_to_store_ln130 = muxlogic i16 %vals_120"   --->   Operation 650 'muxlogic' 'muxLogicRAMData_to_store_ln130' <Predicate = (icmp_ln112)> <Delay = 0.69>
ST_7 : Operation 651 [1/1] (0.69ns) (share mux size 8)   --->   "%muxLogicRAMAddr_to_store_ln130 = muxlogic i9 %tile_9_addr_8"   --->   Operation 651 'muxlogic' 'muxLogicRAMAddr_to_store_ln130' <Predicate = (icmp_ln112)> <Delay = 0.69>
ST_7 : Operation 652 [1/1] ( I:0.55ns O:0.55ns ) (share mux size 11)   --->   "%store_ln130 = store i16 %vals_120, i9 %tile_9_addr_8" [./flashattentionmemory.h:130]   --->   Operation 652 'store' 'store_ln130' <Predicate = (icmp_ln112)> <Delay = 0.55> <CoreInst = "RAM_2P_BRAM">   --->   Core 97 'RAM_2P_BRAM' <Latency = 1> <II = 1> <Delay = 0.86> <Storage> <Opcode : 'load' 'store'> <Ports = 2> <Width = 16> <Depth = 512> <RAM>
ST_7 : Operation 653 [1/1] (0.69ns) (share mux size 8)   --->   "%muxLogicRAMData_to_store_ln130 = muxlogic i16 %vals_121"   --->   Operation 653 'muxlogic' 'muxLogicRAMData_to_store_ln130' <Predicate = (icmp_ln112)> <Delay = 0.69>
ST_7 : Operation 654 [1/1] (0.69ns) (share mux size 8)   --->   "%muxLogicRAMAddr_to_store_ln130 = muxlogic i9 %tile_10_addr_8"   --->   Operation 654 'muxlogic' 'muxLogicRAMAddr_to_store_ln130' <Predicate = (icmp_ln112)> <Delay = 0.69>
ST_7 : Operation 655 [1/1] ( I:0.55ns O:0.55ns ) (share mux size 11)   --->   "%store_ln130 = store i16 %vals_121, i9 %tile_10_addr_8" [./flashattentionmemory.h:130]   --->   Operation 655 'store' 'store_ln130' <Predicate = (icmp_ln112)> <Delay = 0.55> <CoreInst = "RAM_2P_BRAM">   --->   Core 97 'RAM_2P_BRAM' <Latency = 1> <II = 1> <Delay = 0.86> <Storage> <Opcode : 'load' 'store'> <Ports = 2> <Width = 16> <Depth = 512> <RAM>
ST_7 : Operation 656 [1/1] (0.69ns) (share mux size 8)   --->   "%muxLogicRAMData_to_store_ln130 = muxlogic i16 %vals_122"   --->   Operation 656 'muxlogic' 'muxLogicRAMData_to_store_ln130' <Predicate = (icmp_ln112)> <Delay = 0.69>
ST_7 : Operation 657 [1/1] (0.69ns) (share mux size 8)   --->   "%muxLogicRAMAddr_to_store_ln130 = muxlogic i9 %tile_11_addr_8"   --->   Operation 657 'muxlogic' 'muxLogicRAMAddr_to_store_ln130' <Predicate = (icmp_ln112)> <Delay = 0.69>
ST_7 : Operation 658 [1/1] ( I:0.55ns O:0.55ns ) (share mux size 11)   --->   "%store_ln130 = store i16 %vals_122, i9 %tile_11_addr_8" [./flashattentionmemory.h:130]   --->   Operation 658 'store' 'store_ln130' <Predicate = (icmp_ln112)> <Delay = 0.55> <CoreInst = "RAM_2P_BRAM">   --->   Core 97 'RAM_2P_BRAM' <Latency = 1> <II = 1> <Delay = 0.86> <Storage> <Opcode : 'load' 'store'> <Ports = 2> <Width = 16> <Depth = 512> <RAM>
ST_7 : Operation 659 [1/1] (0.69ns) (share mux size 8)   --->   "%muxLogicRAMData_to_store_ln130 = muxlogic i16 %vals_123"   --->   Operation 659 'muxlogic' 'muxLogicRAMData_to_store_ln130' <Predicate = (icmp_ln112)> <Delay = 0.69>
ST_7 : Operation 660 [1/1] (0.69ns) (share mux size 8)   --->   "%muxLogicRAMAddr_to_store_ln130 = muxlogic i9 %tile_12_addr_8"   --->   Operation 660 'muxlogic' 'muxLogicRAMAddr_to_store_ln130' <Predicate = (icmp_ln112)> <Delay = 0.69>
ST_7 : Operation 661 [1/1] ( I:0.55ns O:0.55ns ) (share mux size 11)   --->   "%store_ln130 = store i16 %vals_123, i9 %tile_12_addr_8" [./flashattentionmemory.h:130]   --->   Operation 661 'store' 'store_ln130' <Predicate = (icmp_ln112)> <Delay = 0.55> <CoreInst = "RAM_2P_BRAM">   --->   Core 97 'RAM_2P_BRAM' <Latency = 1> <II = 1> <Delay = 0.86> <Storage> <Opcode : 'load' 'store'> <Ports = 2> <Width = 16> <Depth = 512> <RAM>
ST_7 : Operation 662 [1/1] (0.69ns) (share mux size 8)   --->   "%muxLogicRAMData_to_store_ln130 = muxlogic i16 %vals_124"   --->   Operation 662 'muxlogic' 'muxLogicRAMData_to_store_ln130' <Predicate = (icmp_ln112)> <Delay = 0.69>
ST_7 : Operation 663 [1/1] (0.69ns) (share mux size 8)   --->   "%muxLogicRAMAddr_to_store_ln130 = muxlogic i9 %tile_13_addr_8"   --->   Operation 663 'muxlogic' 'muxLogicRAMAddr_to_store_ln130' <Predicate = (icmp_ln112)> <Delay = 0.69>
ST_7 : Operation 664 [1/1] ( I:0.55ns O:0.55ns ) (share mux size 11)   --->   "%store_ln130 = store i16 %vals_124, i9 %tile_13_addr_8" [./flashattentionmemory.h:130]   --->   Operation 664 'store' 'store_ln130' <Predicate = (icmp_ln112)> <Delay = 0.55> <CoreInst = "RAM_2P_BRAM">   --->   Core 97 'RAM_2P_BRAM' <Latency = 1> <II = 1> <Delay = 0.86> <Storage> <Opcode : 'load' 'store'> <Ports = 2> <Width = 16> <Depth = 512> <RAM>
ST_7 : Operation 665 [1/1] (0.69ns) (share mux size 8)   --->   "%muxLogicRAMData_to_store_ln130 = muxlogic i16 %vals_125"   --->   Operation 665 'muxlogic' 'muxLogicRAMData_to_store_ln130' <Predicate = (icmp_ln112)> <Delay = 0.69>
ST_7 : Operation 666 [1/1] (0.69ns) (share mux size 8)   --->   "%muxLogicRAMAddr_to_store_ln130 = muxlogic i9 %tile_14_addr_8"   --->   Operation 666 'muxlogic' 'muxLogicRAMAddr_to_store_ln130' <Predicate = (icmp_ln112)> <Delay = 0.69>
ST_7 : Operation 667 [1/1] ( I:0.55ns O:0.55ns ) (share mux size 11)   --->   "%store_ln130 = store i16 %vals_125, i9 %tile_14_addr_8" [./flashattentionmemory.h:130]   --->   Operation 667 'store' 'store_ln130' <Predicate = (icmp_ln112)> <Delay = 0.55> <CoreInst = "RAM_2P_BRAM">   --->   Core 97 'RAM_2P_BRAM' <Latency = 1> <II = 1> <Delay = 0.86> <Storage> <Opcode : 'load' 'store'> <Ports = 2> <Width = 16> <Depth = 512> <RAM>
ST_7 : Operation 668 [1/1] (0.69ns) (share mux size 8)   --->   "%muxLogicRAMData_to_store_ln130 = muxlogic i16 %vals_126"   --->   Operation 668 'muxlogic' 'muxLogicRAMData_to_store_ln130' <Predicate = (icmp_ln112)> <Delay = 0.69>
ST_7 : Operation 669 [1/1] (0.69ns) (share mux size 8)   --->   "%muxLogicRAMAddr_to_store_ln130 = muxlogic i9 %tile_15_addr_8"   --->   Operation 669 'muxlogic' 'muxLogicRAMAddr_to_store_ln130' <Predicate = (icmp_ln112)> <Delay = 0.69>
ST_7 : Operation 670 [1/1] ( I:0.55ns O:0.55ns ) (share mux size 11)   --->   "%store_ln130 = store i16 %vals_126, i9 %tile_15_addr_8" [./flashattentionmemory.h:130]   --->   Operation 670 'store' 'store_ln130' <Predicate = (icmp_ln112)> <Delay = 0.55> <CoreInst = "RAM_2P_BRAM">   --->   Core 97 'RAM_2P_BRAM' <Latency = 1> <II = 1> <Delay = 0.86> <Storage> <Opcode : 'load' 'store'> <Ports = 2> <Width = 16> <Depth = 512> <RAM>

State 8 <SV = 7> <Delay = 1.25>
ST_8 : Operation 671 [1/1] (0.00ns)   --->   "%tmp_174 = bitconcatenate i9 @_ssdm_op_BitConcatenate.i9.i6.i3, i6 %trunc_ln112, i3 6" [./flashattentionmemory.h:130]   --->   Operation 671 'bitconcatenate' 'tmp_174' <Predicate = (icmp_ln112)> <Delay = 0.00>
ST_8 : Operation 672 [1/1] (0.00ns)   --->   "%zext_ln130_6 = zext i9 %tmp_174" [./flashattentionmemory.h:130]   --->   Operation 672 'zext' 'zext_ln130_6' <Predicate = (icmp_ln112)> <Delay = 0.00>
ST_8 : Operation 673 [1/1] (0.00ns)   --->   "%tile_0_addr_9 = getelementptr i16 %tile_0, i64 0, i64 %zext_ln130_6" [./flashattentionmemory.h:130]   --->   Operation 673 'getelementptr' 'tile_0_addr_9' <Predicate = (icmp_ln112)> <Delay = 0.00>
ST_8 : Operation 674 [1/1] (0.00ns)   --->   "%tile_1_addr_9 = getelementptr i16 %tile_1, i64 0, i64 %zext_ln130_6" [./flashattentionmemory.h:130]   --->   Operation 674 'getelementptr' 'tile_1_addr_9' <Predicate = (icmp_ln112)> <Delay = 0.00>
ST_8 : Operation 675 [1/1] (0.00ns)   --->   "%tile_2_addr_9 = getelementptr i16 %tile_2, i64 0, i64 %zext_ln130_6" [./flashattentionmemory.h:130]   --->   Operation 675 'getelementptr' 'tile_2_addr_9' <Predicate = (icmp_ln112)> <Delay = 0.00>
ST_8 : Operation 676 [1/1] (0.00ns)   --->   "%tile_3_addr_9 = getelementptr i16 %tile_3, i64 0, i64 %zext_ln130_6" [./flashattentionmemory.h:130]   --->   Operation 676 'getelementptr' 'tile_3_addr_9' <Predicate = (icmp_ln112)> <Delay = 0.00>
ST_8 : Operation 677 [1/1] (0.00ns)   --->   "%tile_4_addr_9 = getelementptr i16 %tile_4, i64 0, i64 %zext_ln130_6" [./flashattentionmemory.h:130]   --->   Operation 677 'getelementptr' 'tile_4_addr_9' <Predicate = (icmp_ln112)> <Delay = 0.00>
ST_8 : Operation 678 [1/1] (0.00ns)   --->   "%tile_5_addr_9 = getelementptr i16 %tile_5, i64 0, i64 %zext_ln130_6" [./flashattentionmemory.h:130]   --->   Operation 678 'getelementptr' 'tile_5_addr_9' <Predicate = (icmp_ln112)> <Delay = 0.00>
ST_8 : Operation 679 [1/1] (0.00ns)   --->   "%tile_6_addr_9 = getelementptr i16 %tile_6, i64 0, i64 %zext_ln130_6" [./flashattentionmemory.h:130]   --->   Operation 679 'getelementptr' 'tile_6_addr_9' <Predicate = (icmp_ln112)> <Delay = 0.00>
ST_8 : Operation 680 [1/1] (0.00ns)   --->   "%tile_7_addr_9 = getelementptr i16 %tile_7, i64 0, i64 %zext_ln130_6" [./flashattentionmemory.h:130]   --->   Operation 680 'getelementptr' 'tile_7_addr_9' <Predicate = (icmp_ln112)> <Delay = 0.00>
ST_8 : Operation 681 [1/1] (0.00ns)   --->   "%tile_8_addr_9 = getelementptr i16 %tile_8, i64 0, i64 %zext_ln130_6" [./flashattentionmemory.h:130]   --->   Operation 681 'getelementptr' 'tile_8_addr_9' <Predicate = (icmp_ln112)> <Delay = 0.00>
ST_8 : Operation 682 [1/1] (0.00ns)   --->   "%tile_9_addr_9 = getelementptr i16 %tile_9, i64 0, i64 %zext_ln130_6" [./flashattentionmemory.h:130]   --->   Operation 682 'getelementptr' 'tile_9_addr_9' <Predicate = (icmp_ln112)> <Delay = 0.00>
ST_8 : Operation 683 [1/1] (0.00ns)   --->   "%tile_10_addr_9 = getelementptr i16 %tile_10, i64 0, i64 %zext_ln130_6" [./flashattentionmemory.h:130]   --->   Operation 683 'getelementptr' 'tile_10_addr_9' <Predicate = (icmp_ln112)> <Delay = 0.00>
ST_8 : Operation 684 [1/1] (0.00ns)   --->   "%tile_11_addr_9 = getelementptr i16 %tile_11, i64 0, i64 %zext_ln130_6" [./flashattentionmemory.h:130]   --->   Operation 684 'getelementptr' 'tile_11_addr_9' <Predicate = (icmp_ln112)> <Delay = 0.00>
ST_8 : Operation 685 [1/1] (0.00ns)   --->   "%tile_12_addr_9 = getelementptr i16 %tile_12, i64 0, i64 %zext_ln130_6" [./flashattentionmemory.h:130]   --->   Operation 685 'getelementptr' 'tile_12_addr_9' <Predicate = (icmp_ln112)> <Delay = 0.00>
ST_8 : Operation 686 [1/1] (0.00ns)   --->   "%tile_13_addr_9 = getelementptr i16 %tile_13, i64 0, i64 %zext_ln130_6" [./flashattentionmemory.h:130]   --->   Operation 686 'getelementptr' 'tile_13_addr_9' <Predicate = (icmp_ln112)> <Delay = 0.00>
ST_8 : Operation 687 [1/1] (0.00ns)   --->   "%tile_14_addr_9 = getelementptr i16 %tile_14, i64 0, i64 %zext_ln130_6" [./flashattentionmemory.h:130]   --->   Operation 687 'getelementptr' 'tile_14_addr_9' <Predicate = (icmp_ln112)> <Delay = 0.00>
ST_8 : Operation 688 [1/1] (0.00ns)   --->   "%tile_15_addr_9 = getelementptr i16 %tile_15, i64 0, i64 %zext_ln130_6" [./flashattentionmemory.h:130]   --->   Operation 688 'getelementptr' 'tile_15_addr_9' <Predicate = (icmp_ln112)> <Delay = 0.00>
ST_8 : Operation 689 [1/1] (0.00ns)   --->   "%vals_127 = bitcast i16 %trunc_ln67_3" [./flashattentionmemory.h:67->./flashattentionmemory.h:123]   --->   Operation 689 'bitcast' 'vals_127' <Predicate = (icmp_ln112)> <Delay = 0.00>
ST_8 : Operation 690 [1/1] (0.00ns)   --->   "%vals_128 = bitcast i16 %tmp_140" [./flashattentionmemory.h:67->./flashattentionmemory.h:123]   --->   Operation 690 'bitcast' 'vals_128' <Predicate = (icmp_ln112)> <Delay = 0.00>
ST_8 : Operation 691 [1/1] (0.00ns)   --->   "%vals_129 = bitcast i16 %tmp_141" [./flashattentionmemory.h:67->./flashattentionmemory.h:123]   --->   Operation 691 'bitcast' 'vals_129' <Predicate = (icmp_ln112)> <Delay = 0.00>
ST_8 : Operation 692 [1/1] (0.00ns)   --->   "%vals_130 = bitcast i16 %tmp_142" [./flashattentionmemory.h:67->./flashattentionmemory.h:123]   --->   Operation 692 'bitcast' 'vals_130' <Predicate = (icmp_ln112)> <Delay = 0.00>
ST_8 : Operation 693 [1/1] (0.00ns)   --->   "%vals_131 = bitcast i16 %tmp_143" [./flashattentionmemory.h:67->./flashattentionmemory.h:123]   --->   Operation 693 'bitcast' 'vals_131' <Predicate = (icmp_ln112)> <Delay = 0.00>
ST_8 : Operation 694 [1/1] (0.00ns)   --->   "%vals_132 = bitcast i16 %tmp_144" [./flashattentionmemory.h:67->./flashattentionmemory.h:123]   --->   Operation 694 'bitcast' 'vals_132' <Predicate = (icmp_ln112)> <Delay = 0.00>
ST_8 : Operation 695 [1/1] (0.00ns)   --->   "%vals_133 = bitcast i16 %tmp_145" [./flashattentionmemory.h:67->./flashattentionmemory.h:123]   --->   Operation 695 'bitcast' 'vals_133' <Predicate = (icmp_ln112)> <Delay = 0.00>
ST_8 : Operation 696 [1/1] (0.00ns)   --->   "%vals_134 = bitcast i16 %tmp_146" [./flashattentionmemory.h:67->./flashattentionmemory.h:123]   --->   Operation 696 'bitcast' 'vals_134' <Predicate = (icmp_ln112)> <Delay = 0.00>
ST_8 : Operation 697 [1/1] (0.00ns)   --->   "%vals_135 = bitcast i16 %tmp_147" [./flashattentionmemory.h:67->./flashattentionmemory.h:123]   --->   Operation 697 'bitcast' 'vals_135' <Predicate = (icmp_ln112)> <Delay = 0.00>
ST_8 : Operation 698 [1/1] (0.00ns)   --->   "%vals_136 = bitcast i16 %tmp_148" [./flashattentionmemory.h:67->./flashattentionmemory.h:123]   --->   Operation 698 'bitcast' 'vals_136' <Predicate = (icmp_ln112)> <Delay = 0.00>
ST_8 : Operation 699 [1/1] (0.00ns)   --->   "%vals_137 = bitcast i16 %tmp_149" [./flashattentionmemory.h:67->./flashattentionmemory.h:123]   --->   Operation 699 'bitcast' 'vals_137' <Predicate = (icmp_ln112)> <Delay = 0.00>
ST_8 : Operation 700 [1/1] (0.00ns)   --->   "%vals_138 = bitcast i16 %tmp_150" [./flashattentionmemory.h:67->./flashattentionmemory.h:123]   --->   Operation 700 'bitcast' 'vals_138' <Predicate = (icmp_ln112)> <Delay = 0.00>
ST_8 : Operation 701 [1/1] (0.00ns)   --->   "%vals_139 = bitcast i16 %tmp_151" [./flashattentionmemory.h:67->./flashattentionmemory.h:123]   --->   Operation 701 'bitcast' 'vals_139' <Predicate = (icmp_ln112)> <Delay = 0.00>
ST_8 : Operation 702 [1/1] (0.00ns)   --->   "%vals_140 = bitcast i16 %tmp_152" [./flashattentionmemory.h:67->./flashattentionmemory.h:123]   --->   Operation 702 'bitcast' 'vals_140' <Predicate = (icmp_ln112)> <Delay = 0.00>
ST_8 : Operation 703 [1/1] (0.00ns)   --->   "%vals_141 = bitcast i16 %tmp_153" [./flashattentionmemory.h:67->./flashattentionmemory.h:123]   --->   Operation 703 'bitcast' 'vals_141' <Predicate = (icmp_ln112)> <Delay = 0.00>
ST_8 : Operation 704 [1/1] (0.00ns)   --->   "%vals_142 = bitcast i16 %tmp_154" [./flashattentionmemory.h:67->./flashattentionmemory.h:123]   --->   Operation 704 'bitcast' 'vals_142' <Predicate = (icmp_ln112)> <Delay = 0.00>
ST_8 : Operation 705 [1/1] (0.69ns) (share mux size 8)   --->   "%muxLogicRAMData_to_store_ln130 = muxlogic i16 %vals_127"   --->   Operation 705 'muxlogic' 'muxLogicRAMData_to_store_ln130' <Predicate = (icmp_ln112)> <Delay = 0.69>
ST_8 : Operation 706 [1/1] (0.69ns) (share mux size 8)   --->   "%muxLogicRAMAddr_to_store_ln130 = muxlogic i9 %tile_0_addr_9"   --->   Operation 706 'muxlogic' 'muxLogicRAMAddr_to_store_ln130' <Predicate = (icmp_ln112)> <Delay = 0.69>
ST_8 : Operation 707 [1/1] ( I:0.55ns O:0.55ns ) (share mux size 11)   --->   "%store_ln130 = store i16 %vals_127, i9 %tile_0_addr_9" [./flashattentionmemory.h:130]   --->   Operation 707 'store' 'store_ln130' <Predicate = (icmp_ln112)> <Delay = 0.55> <CoreInst = "RAM_2P_BRAM">   --->   Core 97 'RAM_2P_BRAM' <Latency = 1> <II = 1> <Delay = 0.86> <Storage> <Opcode : 'load' 'store'> <Ports = 2> <Width = 16> <Depth = 512> <RAM>
ST_8 : Operation 708 [1/1] (0.69ns) (share mux size 8)   --->   "%muxLogicRAMData_to_store_ln130 = muxlogic i16 %vals_128"   --->   Operation 708 'muxlogic' 'muxLogicRAMData_to_store_ln130' <Predicate = (icmp_ln112)> <Delay = 0.69>
ST_8 : Operation 709 [1/1] (0.69ns) (share mux size 8)   --->   "%muxLogicRAMAddr_to_store_ln130 = muxlogic i9 %tile_1_addr_9"   --->   Operation 709 'muxlogic' 'muxLogicRAMAddr_to_store_ln130' <Predicate = (icmp_ln112)> <Delay = 0.69>
ST_8 : Operation 710 [1/1] ( I:0.55ns O:0.55ns ) (share mux size 11)   --->   "%store_ln130 = store i16 %vals_128, i9 %tile_1_addr_9" [./flashattentionmemory.h:130]   --->   Operation 710 'store' 'store_ln130' <Predicate = (icmp_ln112)> <Delay = 0.55> <CoreInst = "RAM_2P_BRAM">   --->   Core 97 'RAM_2P_BRAM' <Latency = 1> <II = 1> <Delay = 0.86> <Storage> <Opcode : 'load' 'store'> <Ports = 2> <Width = 16> <Depth = 512> <RAM>
ST_8 : Operation 711 [1/1] (0.69ns) (share mux size 8)   --->   "%muxLogicRAMData_to_store_ln130 = muxlogic i16 %vals_129"   --->   Operation 711 'muxlogic' 'muxLogicRAMData_to_store_ln130' <Predicate = (icmp_ln112)> <Delay = 0.69>
ST_8 : Operation 712 [1/1] (0.69ns) (share mux size 8)   --->   "%muxLogicRAMAddr_to_store_ln130 = muxlogic i9 %tile_2_addr_9"   --->   Operation 712 'muxlogic' 'muxLogicRAMAddr_to_store_ln130' <Predicate = (icmp_ln112)> <Delay = 0.69>
ST_8 : Operation 713 [1/1] ( I:0.55ns O:0.55ns ) (share mux size 11)   --->   "%store_ln130 = store i16 %vals_129, i9 %tile_2_addr_9" [./flashattentionmemory.h:130]   --->   Operation 713 'store' 'store_ln130' <Predicate = (icmp_ln112)> <Delay = 0.55> <CoreInst = "RAM_2P_BRAM">   --->   Core 97 'RAM_2P_BRAM' <Latency = 1> <II = 1> <Delay = 0.86> <Storage> <Opcode : 'load' 'store'> <Ports = 2> <Width = 16> <Depth = 512> <RAM>
ST_8 : Operation 714 [1/1] (0.69ns) (share mux size 8)   --->   "%muxLogicRAMData_to_store_ln130 = muxlogic i16 %vals_130"   --->   Operation 714 'muxlogic' 'muxLogicRAMData_to_store_ln130' <Predicate = (icmp_ln112)> <Delay = 0.69>
ST_8 : Operation 715 [1/1] (0.69ns) (share mux size 8)   --->   "%muxLogicRAMAddr_to_store_ln130 = muxlogic i9 %tile_3_addr_9"   --->   Operation 715 'muxlogic' 'muxLogicRAMAddr_to_store_ln130' <Predicate = (icmp_ln112)> <Delay = 0.69>
ST_8 : Operation 716 [1/1] ( I:0.55ns O:0.55ns ) (share mux size 11)   --->   "%store_ln130 = store i16 %vals_130, i9 %tile_3_addr_9" [./flashattentionmemory.h:130]   --->   Operation 716 'store' 'store_ln130' <Predicate = (icmp_ln112)> <Delay = 0.55> <CoreInst = "RAM_2P_BRAM">   --->   Core 97 'RAM_2P_BRAM' <Latency = 1> <II = 1> <Delay = 0.86> <Storage> <Opcode : 'load' 'store'> <Ports = 2> <Width = 16> <Depth = 512> <RAM>
ST_8 : Operation 717 [1/1] (0.69ns) (share mux size 8)   --->   "%muxLogicRAMData_to_store_ln130 = muxlogic i16 %vals_131"   --->   Operation 717 'muxlogic' 'muxLogicRAMData_to_store_ln130' <Predicate = (icmp_ln112)> <Delay = 0.69>
ST_8 : Operation 718 [1/1] (0.69ns) (share mux size 8)   --->   "%muxLogicRAMAddr_to_store_ln130 = muxlogic i9 %tile_4_addr_9"   --->   Operation 718 'muxlogic' 'muxLogicRAMAddr_to_store_ln130' <Predicate = (icmp_ln112)> <Delay = 0.69>
ST_8 : Operation 719 [1/1] ( I:0.55ns O:0.55ns ) (share mux size 11)   --->   "%store_ln130 = store i16 %vals_131, i9 %tile_4_addr_9" [./flashattentionmemory.h:130]   --->   Operation 719 'store' 'store_ln130' <Predicate = (icmp_ln112)> <Delay = 0.55> <CoreInst = "RAM_2P_BRAM">   --->   Core 97 'RAM_2P_BRAM' <Latency = 1> <II = 1> <Delay = 0.86> <Storage> <Opcode : 'load' 'store'> <Ports = 2> <Width = 16> <Depth = 512> <RAM>
ST_8 : Operation 720 [1/1] (0.69ns) (share mux size 8)   --->   "%muxLogicRAMData_to_store_ln130 = muxlogic i16 %vals_132"   --->   Operation 720 'muxlogic' 'muxLogicRAMData_to_store_ln130' <Predicate = (icmp_ln112)> <Delay = 0.69>
ST_8 : Operation 721 [1/1] (0.69ns) (share mux size 8)   --->   "%muxLogicRAMAddr_to_store_ln130 = muxlogic i9 %tile_5_addr_9"   --->   Operation 721 'muxlogic' 'muxLogicRAMAddr_to_store_ln130' <Predicate = (icmp_ln112)> <Delay = 0.69>
ST_8 : Operation 722 [1/1] ( I:0.55ns O:0.55ns ) (share mux size 11)   --->   "%store_ln130 = store i16 %vals_132, i9 %tile_5_addr_9" [./flashattentionmemory.h:130]   --->   Operation 722 'store' 'store_ln130' <Predicate = (icmp_ln112)> <Delay = 0.55> <CoreInst = "RAM_2P_BRAM">   --->   Core 97 'RAM_2P_BRAM' <Latency = 1> <II = 1> <Delay = 0.86> <Storage> <Opcode : 'load' 'store'> <Ports = 2> <Width = 16> <Depth = 512> <RAM>
ST_8 : Operation 723 [1/1] (0.69ns) (share mux size 8)   --->   "%muxLogicRAMData_to_store_ln130 = muxlogic i16 %vals_133"   --->   Operation 723 'muxlogic' 'muxLogicRAMData_to_store_ln130' <Predicate = (icmp_ln112)> <Delay = 0.69>
ST_8 : Operation 724 [1/1] (0.69ns) (share mux size 8)   --->   "%muxLogicRAMAddr_to_store_ln130 = muxlogic i9 %tile_6_addr_9"   --->   Operation 724 'muxlogic' 'muxLogicRAMAddr_to_store_ln130' <Predicate = (icmp_ln112)> <Delay = 0.69>
ST_8 : Operation 725 [1/1] ( I:0.55ns O:0.55ns ) (share mux size 11)   --->   "%store_ln130 = store i16 %vals_133, i9 %tile_6_addr_9" [./flashattentionmemory.h:130]   --->   Operation 725 'store' 'store_ln130' <Predicate = (icmp_ln112)> <Delay = 0.55> <CoreInst = "RAM_2P_BRAM">   --->   Core 97 'RAM_2P_BRAM' <Latency = 1> <II = 1> <Delay = 0.86> <Storage> <Opcode : 'load' 'store'> <Ports = 2> <Width = 16> <Depth = 512> <RAM>
ST_8 : Operation 726 [1/1] (0.69ns) (share mux size 8)   --->   "%muxLogicRAMData_to_store_ln130 = muxlogic i16 %vals_134"   --->   Operation 726 'muxlogic' 'muxLogicRAMData_to_store_ln130' <Predicate = (icmp_ln112)> <Delay = 0.69>
ST_8 : Operation 727 [1/1] (0.69ns) (share mux size 8)   --->   "%muxLogicRAMAddr_to_store_ln130 = muxlogic i9 %tile_7_addr_9"   --->   Operation 727 'muxlogic' 'muxLogicRAMAddr_to_store_ln130' <Predicate = (icmp_ln112)> <Delay = 0.69>
ST_8 : Operation 728 [1/1] ( I:0.55ns O:0.55ns ) (share mux size 11)   --->   "%store_ln130 = store i16 %vals_134, i9 %tile_7_addr_9" [./flashattentionmemory.h:130]   --->   Operation 728 'store' 'store_ln130' <Predicate = (icmp_ln112)> <Delay = 0.55> <CoreInst = "RAM_2P_BRAM">   --->   Core 97 'RAM_2P_BRAM' <Latency = 1> <II = 1> <Delay = 0.86> <Storage> <Opcode : 'load' 'store'> <Ports = 2> <Width = 16> <Depth = 512> <RAM>
ST_8 : Operation 729 [1/1] (0.69ns) (share mux size 8)   --->   "%muxLogicRAMData_to_store_ln130 = muxlogic i16 %vals_135"   --->   Operation 729 'muxlogic' 'muxLogicRAMData_to_store_ln130' <Predicate = (icmp_ln112)> <Delay = 0.69>
ST_8 : Operation 730 [1/1] (0.69ns) (share mux size 8)   --->   "%muxLogicRAMAddr_to_store_ln130 = muxlogic i9 %tile_8_addr_9"   --->   Operation 730 'muxlogic' 'muxLogicRAMAddr_to_store_ln130' <Predicate = (icmp_ln112)> <Delay = 0.69>
ST_8 : Operation 731 [1/1] ( I:0.55ns O:0.55ns ) (share mux size 11)   --->   "%store_ln130 = store i16 %vals_135, i9 %tile_8_addr_9" [./flashattentionmemory.h:130]   --->   Operation 731 'store' 'store_ln130' <Predicate = (icmp_ln112)> <Delay = 0.55> <CoreInst = "RAM_2P_BRAM">   --->   Core 97 'RAM_2P_BRAM' <Latency = 1> <II = 1> <Delay = 0.86> <Storage> <Opcode : 'load' 'store'> <Ports = 2> <Width = 16> <Depth = 512> <RAM>
ST_8 : Operation 732 [1/1] (0.69ns) (share mux size 8)   --->   "%muxLogicRAMData_to_store_ln130 = muxlogic i16 %vals_136"   --->   Operation 732 'muxlogic' 'muxLogicRAMData_to_store_ln130' <Predicate = (icmp_ln112)> <Delay = 0.69>
ST_8 : Operation 733 [1/1] (0.69ns) (share mux size 8)   --->   "%muxLogicRAMAddr_to_store_ln130 = muxlogic i9 %tile_9_addr_9"   --->   Operation 733 'muxlogic' 'muxLogicRAMAddr_to_store_ln130' <Predicate = (icmp_ln112)> <Delay = 0.69>
ST_8 : Operation 734 [1/1] ( I:0.55ns O:0.55ns ) (share mux size 11)   --->   "%store_ln130 = store i16 %vals_136, i9 %tile_9_addr_9" [./flashattentionmemory.h:130]   --->   Operation 734 'store' 'store_ln130' <Predicate = (icmp_ln112)> <Delay = 0.55> <CoreInst = "RAM_2P_BRAM">   --->   Core 97 'RAM_2P_BRAM' <Latency = 1> <II = 1> <Delay = 0.86> <Storage> <Opcode : 'load' 'store'> <Ports = 2> <Width = 16> <Depth = 512> <RAM>
ST_8 : Operation 735 [1/1] (0.69ns) (share mux size 8)   --->   "%muxLogicRAMData_to_store_ln130 = muxlogic i16 %vals_137"   --->   Operation 735 'muxlogic' 'muxLogicRAMData_to_store_ln130' <Predicate = (icmp_ln112)> <Delay = 0.69>
ST_8 : Operation 736 [1/1] (0.69ns) (share mux size 8)   --->   "%muxLogicRAMAddr_to_store_ln130 = muxlogic i9 %tile_10_addr_9"   --->   Operation 736 'muxlogic' 'muxLogicRAMAddr_to_store_ln130' <Predicate = (icmp_ln112)> <Delay = 0.69>
ST_8 : Operation 737 [1/1] ( I:0.55ns O:0.55ns ) (share mux size 11)   --->   "%store_ln130 = store i16 %vals_137, i9 %tile_10_addr_9" [./flashattentionmemory.h:130]   --->   Operation 737 'store' 'store_ln130' <Predicate = (icmp_ln112)> <Delay = 0.55> <CoreInst = "RAM_2P_BRAM">   --->   Core 97 'RAM_2P_BRAM' <Latency = 1> <II = 1> <Delay = 0.86> <Storage> <Opcode : 'load' 'store'> <Ports = 2> <Width = 16> <Depth = 512> <RAM>
ST_8 : Operation 738 [1/1] (0.69ns) (share mux size 8)   --->   "%muxLogicRAMData_to_store_ln130 = muxlogic i16 %vals_138"   --->   Operation 738 'muxlogic' 'muxLogicRAMData_to_store_ln130' <Predicate = (icmp_ln112)> <Delay = 0.69>
ST_8 : Operation 739 [1/1] (0.69ns) (share mux size 8)   --->   "%muxLogicRAMAddr_to_store_ln130 = muxlogic i9 %tile_11_addr_9"   --->   Operation 739 'muxlogic' 'muxLogicRAMAddr_to_store_ln130' <Predicate = (icmp_ln112)> <Delay = 0.69>
ST_8 : Operation 740 [1/1] ( I:0.55ns O:0.55ns ) (share mux size 11)   --->   "%store_ln130 = store i16 %vals_138, i9 %tile_11_addr_9" [./flashattentionmemory.h:130]   --->   Operation 740 'store' 'store_ln130' <Predicate = (icmp_ln112)> <Delay = 0.55> <CoreInst = "RAM_2P_BRAM">   --->   Core 97 'RAM_2P_BRAM' <Latency = 1> <II = 1> <Delay = 0.86> <Storage> <Opcode : 'load' 'store'> <Ports = 2> <Width = 16> <Depth = 512> <RAM>
ST_8 : Operation 741 [1/1] (0.69ns) (share mux size 8)   --->   "%muxLogicRAMData_to_store_ln130 = muxlogic i16 %vals_139"   --->   Operation 741 'muxlogic' 'muxLogicRAMData_to_store_ln130' <Predicate = (icmp_ln112)> <Delay = 0.69>
ST_8 : Operation 742 [1/1] (0.69ns) (share mux size 8)   --->   "%muxLogicRAMAddr_to_store_ln130 = muxlogic i9 %tile_12_addr_9"   --->   Operation 742 'muxlogic' 'muxLogicRAMAddr_to_store_ln130' <Predicate = (icmp_ln112)> <Delay = 0.69>
ST_8 : Operation 743 [1/1] ( I:0.55ns O:0.55ns ) (share mux size 11)   --->   "%store_ln130 = store i16 %vals_139, i9 %tile_12_addr_9" [./flashattentionmemory.h:130]   --->   Operation 743 'store' 'store_ln130' <Predicate = (icmp_ln112)> <Delay = 0.55> <CoreInst = "RAM_2P_BRAM">   --->   Core 97 'RAM_2P_BRAM' <Latency = 1> <II = 1> <Delay = 0.86> <Storage> <Opcode : 'load' 'store'> <Ports = 2> <Width = 16> <Depth = 512> <RAM>
ST_8 : Operation 744 [1/1] (0.69ns) (share mux size 8)   --->   "%muxLogicRAMData_to_store_ln130 = muxlogic i16 %vals_140"   --->   Operation 744 'muxlogic' 'muxLogicRAMData_to_store_ln130' <Predicate = (icmp_ln112)> <Delay = 0.69>
ST_8 : Operation 745 [1/1] (0.69ns) (share mux size 8)   --->   "%muxLogicRAMAddr_to_store_ln130 = muxlogic i9 %tile_13_addr_9"   --->   Operation 745 'muxlogic' 'muxLogicRAMAddr_to_store_ln130' <Predicate = (icmp_ln112)> <Delay = 0.69>
ST_8 : Operation 746 [1/1] ( I:0.55ns O:0.55ns ) (share mux size 11)   --->   "%store_ln130 = store i16 %vals_140, i9 %tile_13_addr_9" [./flashattentionmemory.h:130]   --->   Operation 746 'store' 'store_ln130' <Predicate = (icmp_ln112)> <Delay = 0.55> <CoreInst = "RAM_2P_BRAM">   --->   Core 97 'RAM_2P_BRAM' <Latency = 1> <II = 1> <Delay = 0.86> <Storage> <Opcode : 'load' 'store'> <Ports = 2> <Width = 16> <Depth = 512> <RAM>
ST_8 : Operation 747 [1/1] (0.69ns) (share mux size 8)   --->   "%muxLogicRAMData_to_store_ln130 = muxlogic i16 %vals_141"   --->   Operation 747 'muxlogic' 'muxLogicRAMData_to_store_ln130' <Predicate = (icmp_ln112)> <Delay = 0.69>
ST_8 : Operation 748 [1/1] (0.69ns) (share mux size 8)   --->   "%muxLogicRAMAddr_to_store_ln130 = muxlogic i9 %tile_14_addr_9"   --->   Operation 748 'muxlogic' 'muxLogicRAMAddr_to_store_ln130' <Predicate = (icmp_ln112)> <Delay = 0.69>
ST_8 : Operation 749 [1/1] ( I:0.55ns O:0.55ns ) (share mux size 11)   --->   "%store_ln130 = store i16 %vals_141, i9 %tile_14_addr_9" [./flashattentionmemory.h:130]   --->   Operation 749 'store' 'store_ln130' <Predicate = (icmp_ln112)> <Delay = 0.55> <CoreInst = "RAM_2P_BRAM">   --->   Core 97 'RAM_2P_BRAM' <Latency = 1> <II = 1> <Delay = 0.86> <Storage> <Opcode : 'load' 'store'> <Ports = 2> <Width = 16> <Depth = 512> <RAM>
ST_8 : Operation 750 [1/1] (0.69ns) (share mux size 8)   --->   "%muxLogicRAMData_to_store_ln130 = muxlogic i16 %vals_142"   --->   Operation 750 'muxlogic' 'muxLogicRAMData_to_store_ln130' <Predicate = (icmp_ln112)> <Delay = 0.69>
ST_8 : Operation 751 [1/1] (0.69ns) (share mux size 8)   --->   "%muxLogicRAMAddr_to_store_ln130 = muxlogic i9 %tile_15_addr_9"   --->   Operation 751 'muxlogic' 'muxLogicRAMAddr_to_store_ln130' <Predicate = (icmp_ln112)> <Delay = 0.69>
ST_8 : Operation 752 [1/1] ( I:0.55ns O:0.55ns ) (share mux size 11)   --->   "%store_ln130 = store i16 %vals_142, i9 %tile_15_addr_9" [./flashattentionmemory.h:130]   --->   Operation 752 'store' 'store_ln130' <Predicate = (icmp_ln112)> <Delay = 0.55> <CoreInst = "RAM_2P_BRAM">   --->   Core 97 'RAM_2P_BRAM' <Latency = 1> <II = 1> <Delay = 0.86> <Storage> <Opcode : 'load' 'store'> <Ports = 2> <Width = 16> <Depth = 512> <RAM>

State 9 <SV = 8> <Delay = 1.25>
ST_9 : Operation 753 [1/1] (0.00ns)   --->   "%tmp_175 = bitconcatenate i9 @_ssdm_op_BitConcatenate.i9.i6.i3, i6 %trunc_ln112, i3 7" [./flashattentionmemory.h:130]   --->   Operation 753 'bitconcatenate' 'tmp_175' <Predicate = true> <Delay = 0.00>
ST_9 : Operation 754 [1/1] (0.00ns)   --->   "%zext_ln130_7 = zext i9 %tmp_175" [./flashattentionmemory.h:130]   --->   Operation 754 'zext' 'zext_ln130_7' <Predicate = true> <Delay = 0.00>
ST_9 : Operation 755 [1/1] (0.00ns)   --->   "%tile_0_addr_10 = getelementptr i16 %tile_0, i64 0, i64 %zext_ln130_7" [./flashattentionmemory.h:130]   --->   Operation 755 'getelementptr' 'tile_0_addr_10' <Predicate = true> <Delay = 0.00>
ST_9 : Operation 756 [1/1] (0.00ns)   --->   "%tile_1_addr_10 = getelementptr i16 %tile_1, i64 0, i64 %zext_ln130_7" [./flashattentionmemory.h:130]   --->   Operation 756 'getelementptr' 'tile_1_addr_10' <Predicate = true> <Delay = 0.00>
ST_9 : Operation 757 [1/1] (0.00ns)   --->   "%tile_2_addr_10 = getelementptr i16 %tile_2, i64 0, i64 %zext_ln130_7" [./flashattentionmemory.h:130]   --->   Operation 757 'getelementptr' 'tile_2_addr_10' <Predicate = true> <Delay = 0.00>
ST_9 : Operation 758 [1/1] (0.00ns)   --->   "%tile_3_addr_10 = getelementptr i16 %tile_3, i64 0, i64 %zext_ln130_7" [./flashattentionmemory.h:130]   --->   Operation 758 'getelementptr' 'tile_3_addr_10' <Predicate = true> <Delay = 0.00>
ST_9 : Operation 759 [1/1] (0.00ns)   --->   "%tile_4_addr_10 = getelementptr i16 %tile_4, i64 0, i64 %zext_ln130_7" [./flashattentionmemory.h:130]   --->   Operation 759 'getelementptr' 'tile_4_addr_10' <Predicate = true> <Delay = 0.00>
ST_9 : Operation 760 [1/1] (0.00ns)   --->   "%tile_5_addr_10 = getelementptr i16 %tile_5, i64 0, i64 %zext_ln130_7" [./flashattentionmemory.h:130]   --->   Operation 760 'getelementptr' 'tile_5_addr_10' <Predicate = true> <Delay = 0.00>
ST_9 : Operation 761 [1/1] (0.00ns)   --->   "%tile_6_addr_10 = getelementptr i16 %tile_6, i64 0, i64 %zext_ln130_7" [./flashattentionmemory.h:130]   --->   Operation 761 'getelementptr' 'tile_6_addr_10' <Predicate = true> <Delay = 0.00>
ST_9 : Operation 762 [1/1] (0.00ns)   --->   "%tile_7_addr_10 = getelementptr i16 %tile_7, i64 0, i64 %zext_ln130_7" [./flashattentionmemory.h:130]   --->   Operation 762 'getelementptr' 'tile_7_addr_10' <Predicate = true> <Delay = 0.00>
ST_9 : Operation 763 [1/1] (0.00ns)   --->   "%tile_8_addr_10 = getelementptr i16 %tile_8, i64 0, i64 %zext_ln130_7" [./flashattentionmemory.h:130]   --->   Operation 763 'getelementptr' 'tile_8_addr_10' <Predicate = true> <Delay = 0.00>
ST_9 : Operation 764 [1/1] (0.00ns)   --->   "%tile_9_addr_10 = getelementptr i16 %tile_9, i64 0, i64 %zext_ln130_7" [./flashattentionmemory.h:130]   --->   Operation 764 'getelementptr' 'tile_9_addr_10' <Predicate = true> <Delay = 0.00>
ST_9 : Operation 765 [1/1] (0.00ns)   --->   "%tile_10_addr_10 = getelementptr i16 %tile_10, i64 0, i64 %zext_ln130_7" [./flashattentionmemory.h:130]   --->   Operation 765 'getelementptr' 'tile_10_addr_10' <Predicate = true> <Delay = 0.00>
ST_9 : Operation 766 [1/1] (0.00ns)   --->   "%tile_11_addr_10 = getelementptr i16 %tile_11, i64 0, i64 %zext_ln130_7" [./flashattentionmemory.h:130]   --->   Operation 766 'getelementptr' 'tile_11_addr_10' <Predicate = true> <Delay = 0.00>
ST_9 : Operation 767 [1/1] (0.00ns)   --->   "%tile_12_addr_10 = getelementptr i16 %tile_12, i64 0, i64 %zext_ln130_7" [./flashattentionmemory.h:130]   --->   Operation 767 'getelementptr' 'tile_12_addr_10' <Predicate = true> <Delay = 0.00>
ST_9 : Operation 768 [1/1] (0.00ns)   --->   "%tile_13_addr_10 = getelementptr i16 %tile_13, i64 0, i64 %zext_ln130_7" [./flashattentionmemory.h:130]   --->   Operation 768 'getelementptr' 'tile_13_addr_10' <Predicate = true> <Delay = 0.00>
ST_9 : Operation 769 [1/1] (0.00ns)   --->   "%tile_14_addr_10 = getelementptr i16 %tile_14, i64 0, i64 %zext_ln130_7" [./flashattentionmemory.h:130]   --->   Operation 769 'getelementptr' 'tile_14_addr_10' <Predicate = true> <Delay = 0.00>
ST_9 : Operation 770 [1/1] (0.00ns)   --->   "%tile_15_addr_10 = getelementptr i16 %tile_15, i64 0, i64 %zext_ln130_7" [./flashattentionmemory.h:130]   --->   Operation 770 'getelementptr' 'tile_15_addr_10' <Predicate = true> <Delay = 0.00>
ST_9 : Operation 771 [1/1] (0.00ns)   --->   "%specpipeline_ln113 = specpipeline void @_ssdm_op_SpecPipeline, i32 1, i32 0, i32 0, i32 0, void @empty_27" [./flashattentionmemory.h:113]   --->   Operation 771 'specpipeline' 'specpipeline_ln113' <Predicate = true> <Delay = 0.00>
ST_9 : Operation 772 [1/1] (0.00ns)   --->   "%specloopname_ln112 = specloopname void @_ssdm_op_SpecLoopName, void @empty_23" [./flashattentionmemory.h:112]   --->   Operation 772 'specloopname' 'specloopname_ln112' <Predicate = true> <Delay = 0.00>
ST_9 : Operation 773 [1/1] (0.00ns)   --->   "%vals_143 = bitcast i16 %tmp_155" [./flashattentionmemory.h:67->./flashattentionmemory.h:123]   --->   Operation 773 'bitcast' 'vals_143' <Predicate = true> <Delay = 0.00>
ST_9 : Operation 774 [1/1] (0.00ns)   --->   "%vals_144 = bitcast i16 %tmp_156" [./flashattentionmemory.h:67->./flashattentionmemory.h:123]   --->   Operation 774 'bitcast' 'vals_144' <Predicate = true> <Delay = 0.00>
ST_9 : Operation 775 [1/1] (0.00ns)   --->   "%vals_145 = bitcast i16 %tmp_157" [./flashattentionmemory.h:67->./flashattentionmemory.h:123]   --->   Operation 775 'bitcast' 'vals_145' <Predicate = true> <Delay = 0.00>
ST_9 : Operation 776 [1/1] (0.00ns)   --->   "%vals_146 = bitcast i16 %tmp_158" [./flashattentionmemory.h:67->./flashattentionmemory.h:123]   --->   Operation 776 'bitcast' 'vals_146' <Predicate = true> <Delay = 0.00>
ST_9 : Operation 777 [1/1] (0.00ns)   --->   "%vals_147 = bitcast i16 %tmp_159" [./flashattentionmemory.h:67->./flashattentionmemory.h:123]   --->   Operation 777 'bitcast' 'vals_147' <Predicate = true> <Delay = 0.00>
ST_9 : Operation 778 [1/1] (0.00ns)   --->   "%vals_148 = bitcast i16 %tmp_160" [./flashattentionmemory.h:67->./flashattentionmemory.h:123]   --->   Operation 778 'bitcast' 'vals_148' <Predicate = true> <Delay = 0.00>
ST_9 : Operation 779 [1/1] (0.00ns)   --->   "%vals_149 = bitcast i16 %tmp_161" [./flashattentionmemory.h:67->./flashattentionmemory.h:123]   --->   Operation 779 'bitcast' 'vals_149' <Predicate = true> <Delay = 0.00>
ST_9 : Operation 780 [1/1] (0.00ns)   --->   "%vals_150 = bitcast i16 %tmp_162" [./flashattentionmemory.h:67->./flashattentionmemory.h:123]   --->   Operation 780 'bitcast' 'vals_150' <Predicate = true> <Delay = 0.00>
ST_9 : Operation 781 [1/1] (0.00ns)   --->   "%vals_151 = bitcast i16 %tmp_163" [./flashattentionmemory.h:67->./flashattentionmemory.h:123]   --->   Operation 781 'bitcast' 'vals_151' <Predicate = true> <Delay = 0.00>
ST_9 : Operation 782 [1/1] (0.00ns)   --->   "%vals_152 = bitcast i16 %tmp_164" [./flashattentionmemory.h:67->./flashattentionmemory.h:123]   --->   Operation 782 'bitcast' 'vals_152' <Predicate = true> <Delay = 0.00>
ST_9 : Operation 783 [1/1] (0.00ns)   --->   "%vals_153 = bitcast i16 %tmp_165" [./flashattentionmemory.h:67->./flashattentionmemory.h:123]   --->   Operation 783 'bitcast' 'vals_153' <Predicate = true> <Delay = 0.00>
ST_9 : Operation 784 [1/1] (0.00ns)   --->   "%vals_154 = bitcast i16 %tmp_166" [./flashattentionmemory.h:67->./flashattentionmemory.h:123]   --->   Operation 784 'bitcast' 'vals_154' <Predicate = true> <Delay = 0.00>
ST_9 : Operation 785 [1/1] (0.00ns)   --->   "%vals_155 = bitcast i16 %tmp_167" [./flashattentionmemory.h:67->./flashattentionmemory.h:123]   --->   Operation 785 'bitcast' 'vals_155' <Predicate = true> <Delay = 0.00>
ST_9 : Operation 786 [1/1] (0.00ns)   --->   "%vals_156 = bitcast i16 %tmp_168" [./flashattentionmemory.h:67->./flashattentionmemory.h:123]   --->   Operation 786 'bitcast' 'vals_156' <Predicate = true> <Delay = 0.00>
ST_9 : Operation 787 [1/1] (0.00ns)   --->   "%vals_157 = bitcast i16 %tmp_169" [./flashattentionmemory.h:67->./flashattentionmemory.h:123]   --->   Operation 787 'bitcast' 'vals_157' <Predicate = true> <Delay = 0.00>
ST_9 : Operation 788 [1/1] (0.00ns)   --->   "%vals_158 = bitcast i16 %tmp_170" [./flashattentionmemory.h:67->./flashattentionmemory.h:123]   --->   Operation 788 'bitcast' 'vals_158' <Predicate = true> <Delay = 0.00>
ST_9 : Operation 789 [1/1] (0.69ns) (share mux size 8)   --->   "%muxLogicRAMData_to_store_ln130 = muxlogic i16 %vals_143"   --->   Operation 789 'muxlogic' 'muxLogicRAMData_to_store_ln130' <Predicate = true> <Delay = 0.69>
ST_9 : Operation 790 [1/1] (0.69ns) (share mux size 8)   --->   "%muxLogicRAMAddr_to_store_ln130 = muxlogic i9 %tile_0_addr_10"   --->   Operation 790 'muxlogic' 'muxLogicRAMAddr_to_store_ln130' <Predicate = true> <Delay = 0.69>
ST_9 : Operation 791 [1/1] ( I:0.55ns O:0.55ns ) (share mux size 11)   --->   "%store_ln130 = store i16 %vals_143, i9 %tile_0_addr_10" [./flashattentionmemory.h:130]   --->   Operation 791 'store' 'store_ln130' <Predicate = true> <Delay = 0.55> <CoreInst = "RAM_2P_BRAM">   --->   Core 97 'RAM_2P_BRAM' <Latency = 1> <II = 1> <Delay = 0.86> <Storage> <Opcode : 'load' 'store'> <Ports = 2> <Width = 16> <Depth = 512> <RAM>
ST_9 : Operation 792 [1/1] (0.69ns) (share mux size 8)   --->   "%muxLogicRAMData_to_store_ln130 = muxlogic i16 %vals_144"   --->   Operation 792 'muxlogic' 'muxLogicRAMData_to_store_ln130' <Predicate = true> <Delay = 0.69>
ST_9 : Operation 793 [1/1] (0.69ns) (share mux size 8)   --->   "%muxLogicRAMAddr_to_store_ln130 = muxlogic i9 %tile_1_addr_10"   --->   Operation 793 'muxlogic' 'muxLogicRAMAddr_to_store_ln130' <Predicate = true> <Delay = 0.69>
ST_9 : Operation 794 [1/1] ( I:0.55ns O:0.55ns ) (share mux size 11)   --->   "%store_ln130 = store i16 %vals_144, i9 %tile_1_addr_10" [./flashattentionmemory.h:130]   --->   Operation 794 'store' 'store_ln130' <Predicate = true> <Delay = 0.55> <CoreInst = "RAM_2P_BRAM">   --->   Core 97 'RAM_2P_BRAM' <Latency = 1> <II = 1> <Delay = 0.86> <Storage> <Opcode : 'load' 'store'> <Ports = 2> <Width = 16> <Depth = 512> <RAM>
ST_9 : Operation 795 [1/1] (0.69ns) (share mux size 8)   --->   "%muxLogicRAMData_to_store_ln130 = muxlogic i16 %vals_145"   --->   Operation 795 'muxlogic' 'muxLogicRAMData_to_store_ln130' <Predicate = true> <Delay = 0.69>
ST_9 : Operation 796 [1/1] (0.69ns) (share mux size 8)   --->   "%muxLogicRAMAddr_to_store_ln130 = muxlogic i9 %tile_2_addr_10"   --->   Operation 796 'muxlogic' 'muxLogicRAMAddr_to_store_ln130' <Predicate = true> <Delay = 0.69>
ST_9 : Operation 797 [1/1] ( I:0.55ns O:0.55ns ) (share mux size 11)   --->   "%store_ln130 = store i16 %vals_145, i9 %tile_2_addr_10" [./flashattentionmemory.h:130]   --->   Operation 797 'store' 'store_ln130' <Predicate = true> <Delay = 0.55> <CoreInst = "RAM_2P_BRAM">   --->   Core 97 'RAM_2P_BRAM' <Latency = 1> <II = 1> <Delay = 0.86> <Storage> <Opcode : 'load' 'store'> <Ports = 2> <Width = 16> <Depth = 512> <RAM>
ST_9 : Operation 798 [1/1] (0.69ns) (share mux size 8)   --->   "%muxLogicRAMData_to_store_ln130 = muxlogic i16 %vals_146"   --->   Operation 798 'muxlogic' 'muxLogicRAMData_to_store_ln130' <Predicate = true> <Delay = 0.69>
ST_9 : Operation 799 [1/1] (0.69ns) (share mux size 8)   --->   "%muxLogicRAMAddr_to_store_ln130 = muxlogic i9 %tile_3_addr_10"   --->   Operation 799 'muxlogic' 'muxLogicRAMAddr_to_store_ln130' <Predicate = true> <Delay = 0.69>
ST_9 : Operation 800 [1/1] ( I:0.55ns O:0.55ns ) (share mux size 11)   --->   "%store_ln130 = store i16 %vals_146, i9 %tile_3_addr_10" [./flashattentionmemory.h:130]   --->   Operation 800 'store' 'store_ln130' <Predicate = true> <Delay = 0.55> <CoreInst = "RAM_2P_BRAM">   --->   Core 97 'RAM_2P_BRAM' <Latency = 1> <II = 1> <Delay = 0.86> <Storage> <Opcode : 'load' 'store'> <Ports = 2> <Width = 16> <Depth = 512> <RAM>
ST_9 : Operation 801 [1/1] (0.69ns) (share mux size 8)   --->   "%muxLogicRAMData_to_store_ln130 = muxlogic i16 %vals_147"   --->   Operation 801 'muxlogic' 'muxLogicRAMData_to_store_ln130' <Predicate = true> <Delay = 0.69>
ST_9 : Operation 802 [1/1] (0.69ns) (share mux size 8)   --->   "%muxLogicRAMAddr_to_store_ln130 = muxlogic i9 %tile_4_addr_10"   --->   Operation 802 'muxlogic' 'muxLogicRAMAddr_to_store_ln130' <Predicate = true> <Delay = 0.69>
ST_9 : Operation 803 [1/1] ( I:0.55ns O:0.55ns ) (share mux size 11)   --->   "%store_ln130 = store i16 %vals_147, i9 %tile_4_addr_10" [./flashattentionmemory.h:130]   --->   Operation 803 'store' 'store_ln130' <Predicate = true> <Delay = 0.55> <CoreInst = "RAM_2P_BRAM">   --->   Core 97 'RAM_2P_BRAM' <Latency = 1> <II = 1> <Delay = 0.86> <Storage> <Opcode : 'load' 'store'> <Ports = 2> <Width = 16> <Depth = 512> <RAM>
ST_9 : Operation 804 [1/1] (0.69ns) (share mux size 8)   --->   "%muxLogicRAMData_to_store_ln130 = muxlogic i16 %vals_148"   --->   Operation 804 'muxlogic' 'muxLogicRAMData_to_store_ln130' <Predicate = true> <Delay = 0.69>
ST_9 : Operation 805 [1/1] (0.69ns) (share mux size 8)   --->   "%muxLogicRAMAddr_to_store_ln130 = muxlogic i9 %tile_5_addr_10"   --->   Operation 805 'muxlogic' 'muxLogicRAMAddr_to_store_ln130' <Predicate = true> <Delay = 0.69>
ST_9 : Operation 806 [1/1] ( I:0.55ns O:0.55ns ) (share mux size 11)   --->   "%store_ln130 = store i16 %vals_148, i9 %tile_5_addr_10" [./flashattentionmemory.h:130]   --->   Operation 806 'store' 'store_ln130' <Predicate = true> <Delay = 0.55> <CoreInst = "RAM_2P_BRAM">   --->   Core 97 'RAM_2P_BRAM' <Latency = 1> <II = 1> <Delay = 0.86> <Storage> <Opcode : 'load' 'store'> <Ports = 2> <Width = 16> <Depth = 512> <RAM>
ST_9 : Operation 807 [1/1] (0.69ns) (share mux size 8)   --->   "%muxLogicRAMData_to_store_ln130 = muxlogic i16 %vals_149"   --->   Operation 807 'muxlogic' 'muxLogicRAMData_to_store_ln130' <Predicate = true> <Delay = 0.69>
ST_9 : Operation 808 [1/1] (0.69ns) (share mux size 8)   --->   "%muxLogicRAMAddr_to_store_ln130 = muxlogic i9 %tile_6_addr_10"   --->   Operation 808 'muxlogic' 'muxLogicRAMAddr_to_store_ln130' <Predicate = true> <Delay = 0.69>
ST_9 : Operation 809 [1/1] ( I:0.55ns O:0.55ns ) (share mux size 11)   --->   "%store_ln130 = store i16 %vals_149, i9 %tile_6_addr_10" [./flashattentionmemory.h:130]   --->   Operation 809 'store' 'store_ln130' <Predicate = true> <Delay = 0.55> <CoreInst = "RAM_2P_BRAM">   --->   Core 97 'RAM_2P_BRAM' <Latency = 1> <II = 1> <Delay = 0.86> <Storage> <Opcode : 'load' 'store'> <Ports = 2> <Width = 16> <Depth = 512> <RAM>
ST_9 : Operation 810 [1/1] (0.69ns) (share mux size 8)   --->   "%muxLogicRAMData_to_store_ln130 = muxlogic i16 %vals_150"   --->   Operation 810 'muxlogic' 'muxLogicRAMData_to_store_ln130' <Predicate = true> <Delay = 0.69>
ST_9 : Operation 811 [1/1] (0.69ns) (share mux size 8)   --->   "%muxLogicRAMAddr_to_store_ln130 = muxlogic i9 %tile_7_addr_10"   --->   Operation 811 'muxlogic' 'muxLogicRAMAddr_to_store_ln130' <Predicate = true> <Delay = 0.69>
ST_9 : Operation 812 [1/1] ( I:0.55ns O:0.55ns ) (share mux size 11)   --->   "%store_ln130 = store i16 %vals_150, i9 %tile_7_addr_10" [./flashattentionmemory.h:130]   --->   Operation 812 'store' 'store_ln130' <Predicate = true> <Delay = 0.55> <CoreInst = "RAM_2P_BRAM">   --->   Core 97 'RAM_2P_BRAM' <Latency = 1> <II = 1> <Delay = 0.86> <Storage> <Opcode : 'load' 'store'> <Ports = 2> <Width = 16> <Depth = 512> <RAM>
ST_9 : Operation 813 [1/1] (0.69ns) (share mux size 8)   --->   "%muxLogicRAMData_to_store_ln130 = muxlogic i16 %vals_151"   --->   Operation 813 'muxlogic' 'muxLogicRAMData_to_store_ln130' <Predicate = true> <Delay = 0.69>
ST_9 : Operation 814 [1/1] (0.69ns) (share mux size 8)   --->   "%muxLogicRAMAddr_to_store_ln130 = muxlogic i9 %tile_8_addr_10"   --->   Operation 814 'muxlogic' 'muxLogicRAMAddr_to_store_ln130' <Predicate = true> <Delay = 0.69>
ST_9 : Operation 815 [1/1] ( I:0.55ns O:0.55ns ) (share mux size 11)   --->   "%store_ln130 = store i16 %vals_151, i9 %tile_8_addr_10" [./flashattentionmemory.h:130]   --->   Operation 815 'store' 'store_ln130' <Predicate = true> <Delay = 0.55> <CoreInst = "RAM_2P_BRAM">   --->   Core 97 'RAM_2P_BRAM' <Latency = 1> <II = 1> <Delay = 0.86> <Storage> <Opcode : 'load' 'store'> <Ports = 2> <Width = 16> <Depth = 512> <RAM>
ST_9 : Operation 816 [1/1] (0.69ns) (share mux size 8)   --->   "%muxLogicRAMData_to_store_ln130 = muxlogic i16 %vals_152"   --->   Operation 816 'muxlogic' 'muxLogicRAMData_to_store_ln130' <Predicate = true> <Delay = 0.69>
ST_9 : Operation 817 [1/1] (0.69ns) (share mux size 8)   --->   "%muxLogicRAMAddr_to_store_ln130 = muxlogic i9 %tile_9_addr_10"   --->   Operation 817 'muxlogic' 'muxLogicRAMAddr_to_store_ln130' <Predicate = true> <Delay = 0.69>
ST_9 : Operation 818 [1/1] ( I:0.55ns O:0.55ns ) (share mux size 11)   --->   "%store_ln130 = store i16 %vals_152, i9 %tile_9_addr_10" [./flashattentionmemory.h:130]   --->   Operation 818 'store' 'store_ln130' <Predicate = true> <Delay = 0.55> <CoreInst = "RAM_2P_BRAM">   --->   Core 97 'RAM_2P_BRAM' <Latency = 1> <II = 1> <Delay = 0.86> <Storage> <Opcode : 'load' 'store'> <Ports = 2> <Width = 16> <Depth = 512> <RAM>
ST_9 : Operation 819 [1/1] (0.69ns) (share mux size 8)   --->   "%muxLogicRAMData_to_store_ln130 = muxlogic i16 %vals_153"   --->   Operation 819 'muxlogic' 'muxLogicRAMData_to_store_ln130' <Predicate = true> <Delay = 0.69>
ST_9 : Operation 820 [1/1] (0.69ns) (share mux size 8)   --->   "%muxLogicRAMAddr_to_store_ln130 = muxlogic i9 %tile_10_addr_10"   --->   Operation 820 'muxlogic' 'muxLogicRAMAddr_to_store_ln130' <Predicate = true> <Delay = 0.69>
ST_9 : Operation 821 [1/1] ( I:0.55ns O:0.55ns ) (share mux size 11)   --->   "%store_ln130 = store i16 %vals_153, i9 %tile_10_addr_10" [./flashattentionmemory.h:130]   --->   Operation 821 'store' 'store_ln130' <Predicate = true> <Delay = 0.55> <CoreInst = "RAM_2P_BRAM">   --->   Core 97 'RAM_2P_BRAM' <Latency = 1> <II = 1> <Delay = 0.86> <Storage> <Opcode : 'load' 'store'> <Ports = 2> <Width = 16> <Depth = 512> <RAM>
ST_9 : Operation 822 [1/1] (0.69ns) (share mux size 8)   --->   "%muxLogicRAMData_to_store_ln130 = muxlogic i16 %vals_154"   --->   Operation 822 'muxlogic' 'muxLogicRAMData_to_store_ln130' <Predicate = true> <Delay = 0.69>
ST_9 : Operation 823 [1/1] (0.69ns) (share mux size 8)   --->   "%muxLogicRAMAddr_to_store_ln130 = muxlogic i9 %tile_11_addr_10"   --->   Operation 823 'muxlogic' 'muxLogicRAMAddr_to_store_ln130' <Predicate = true> <Delay = 0.69>
ST_9 : Operation 824 [1/1] ( I:0.55ns O:0.55ns ) (share mux size 11)   --->   "%store_ln130 = store i16 %vals_154, i9 %tile_11_addr_10" [./flashattentionmemory.h:130]   --->   Operation 824 'store' 'store_ln130' <Predicate = true> <Delay = 0.55> <CoreInst = "RAM_2P_BRAM">   --->   Core 97 'RAM_2P_BRAM' <Latency = 1> <II = 1> <Delay = 0.86> <Storage> <Opcode : 'load' 'store'> <Ports = 2> <Width = 16> <Depth = 512> <RAM>
ST_9 : Operation 825 [1/1] (0.69ns) (share mux size 8)   --->   "%muxLogicRAMData_to_store_ln130 = muxlogic i16 %vals_155"   --->   Operation 825 'muxlogic' 'muxLogicRAMData_to_store_ln130' <Predicate = true> <Delay = 0.69>
ST_9 : Operation 826 [1/1] (0.69ns) (share mux size 8)   --->   "%muxLogicRAMAddr_to_store_ln130 = muxlogic i9 %tile_12_addr_10"   --->   Operation 826 'muxlogic' 'muxLogicRAMAddr_to_store_ln130' <Predicate = true> <Delay = 0.69>
ST_9 : Operation 827 [1/1] ( I:0.55ns O:0.55ns ) (share mux size 11)   --->   "%store_ln130 = store i16 %vals_155, i9 %tile_12_addr_10" [./flashattentionmemory.h:130]   --->   Operation 827 'store' 'store_ln130' <Predicate = true> <Delay = 0.55> <CoreInst = "RAM_2P_BRAM">   --->   Core 97 'RAM_2P_BRAM' <Latency = 1> <II = 1> <Delay = 0.86> <Storage> <Opcode : 'load' 'store'> <Ports = 2> <Width = 16> <Depth = 512> <RAM>
ST_9 : Operation 828 [1/1] (0.69ns) (share mux size 8)   --->   "%muxLogicRAMData_to_store_ln130 = muxlogic i16 %vals_156"   --->   Operation 828 'muxlogic' 'muxLogicRAMData_to_store_ln130' <Predicate = true> <Delay = 0.69>
ST_9 : Operation 829 [1/1] (0.69ns) (share mux size 8)   --->   "%muxLogicRAMAddr_to_store_ln130 = muxlogic i9 %tile_13_addr_10"   --->   Operation 829 'muxlogic' 'muxLogicRAMAddr_to_store_ln130' <Predicate = true> <Delay = 0.69>
ST_9 : Operation 830 [1/1] ( I:0.55ns O:0.55ns ) (share mux size 11)   --->   "%store_ln130 = store i16 %vals_156, i9 %tile_13_addr_10" [./flashattentionmemory.h:130]   --->   Operation 830 'store' 'store_ln130' <Predicate = true> <Delay = 0.55> <CoreInst = "RAM_2P_BRAM">   --->   Core 97 'RAM_2P_BRAM' <Latency = 1> <II = 1> <Delay = 0.86> <Storage> <Opcode : 'load' 'store'> <Ports = 2> <Width = 16> <Depth = 512> <RAM>
ST_9 : Operation 831 [1/1] (0.69ns) (share mux size 8)   --->   "%muxLogicRAMData_to_store_ln130 = muxlogic i16 %vals_157"   --->   Operation 831 'muxlogic' 'muxLogicRAMData_to_store_ln130' <Predicate = true> <Delay = 0.69>
ST_9 : Operation 832 [1/1] (0.69ns) (share mux size 8)   --->   "%muxLogicRAMAddr_to_store_ln130 = muxlogic i9 %tile_14_addr_10"   --->   Operation 832 'muxlogic' 'muxLogicRAMAddr_to_store_ln130' <Predicate = true> <Delay = 0.69>
ST_9 : Operation 833 [1/1] ( I:0.55ns O:0.55ns ) (share mux size 11)   --->   "%store_ln130 = store i16 %vals_157, i9 %tile_14_addr_10" [./flashattentionmemory.h:130]   --->   Operation 833 'store' 'store_ln130' <Predicate = true> <Delay = 0.55> <CoreInst = "RAM_2P_BRAM">   --->   Core 97 'RAM_2P_BRAM' <Latency = 1> <II = 1> <Delay = 0.86> <Storage> <Opcode : 'load' 'store'> <Ports = 2> <Width = 16> <Depth = 512> <RAM>
ST_9 : Operation 834 [1/1] (0.69ns) (share mux size 8)   --->   "%muxLogicRAMData_to_store_ln130 = muxlogic i16 %vals_158"   --->   Operation 834 'muxlogic' 'muxLogicRAMData_to_store_ln130' <Predicate = true> <Delay = 0.69>
ST_9 : Operation 835 [1/1] (0.69ns) (share mux size 8)   --->   "%muxLogicRAMAddr_to_store_ln130 = muxlogic i9 %tile_15_addr_10"   --->   Operation 835 'muxlogic' 'muxLogicRAMAddr_to_store_ln130' <Predicate = true> <Delay = 0.69>
ST_9 : Operation 836 [1/1] ( I:0.55ns O:0.55ns ) (share mux size 11)   --->   "%store_ln130 = store i16 %vals_158, i9 %tile_15_addr_10" [./flashattentionmemory.h:130]   --->   Operation 836 'store' 'store_ln130' <Predicate = true> <Delay = 0.55> <CoreInst = "RAM_2P_BRAM">   --->   Core 97 'RAM_2P_BRAM' <Latency = 1> <II = 1> <Delay = 0.86> <Storage> <Opcode : 'load' 'store'> <Ports = 2> <Width = 16> <Depth = 512> <RAM>
ST_9 : Operation 837 [1/1] (0.00ns)   --->   "%br_ln112 = br void %LOAD_TILE_BEATS" [./flashattentionmemory.h:112]   --->   Operation 837 'br' 'br_ln112' <Predicate = true> <Delay = 0.00>


============================================================
+ Verbose Summary: Binding
============================================================
STG Binding: 
---------------- STG Properties BEGIN ----------------
- Is combinational: 0
- Is one-state seq: 0
- Is datapath-only: 0
- Is pipelined: 0
- Is top level: 0
Port [ Return ] is wired: 1; IO mode=ap_ctrl_hs:ce=0
Port [ num_rows]:  wired=1; compound=0; hidden=0; nouse=0; global=0; static=0; extern=0; dir=0; type=0; pingpong=0; private_global=0; IO mode=ap_none:ce=0
Port [ gmem_Q]:  wired=1; compound=1; hidden=0; nouse=0; global=0; static=0; extern=0; dir=0; type=4; pingpong=0; private_global=0; IO mode=m_axi:ce=0
Port [ sext_ln112_2]:  wired=1; compound=0; hidden=0; nouse=0; global=0; static=0; extern=0; dir=0; type=0; pingpong=0; private_global=0; IO mode=ap_none:ce=0
Port [ tile_0]:  wired=1; compound=1; hidden=0; nouse=0; global=0; static=0; extern=0; dir=1; type=1; pingpong=0; private_global=0; MemPort=[30]; IO mode=ap_memory:ce=0
Port [ tile_1]:  wired=1; compound=1; hidden=0; nouse=0; global=0; static=0; extern=0; dir=1; type=1; pingpong=0; private_global=0; MemPort=[30]; IO mode=ap_memory:ce=0
Port [ tile_2]:  wired=1; compound=1; hidden=0; nouse=0; global=0; static=0; extern=0; dir=1; type=1; pingpong=0; private_global=0; MemPort=[30]; IO mode=ap_memory:ce=0
Port [ tile_3]:  wired=1; compound=1; hidden=0; nouse=0; global=0; static=0; extern=0; dir=1; type=1; pingpong=0; private_global=0; MemPort=[30]; IO mode=ap_memory:ce=0
Port [ tile_4]:  wired=1; compound=1; hidden=0; nouse=0; global=0; static=0; extern=0; dir=1; type=1; pingpong=0; private_global=0; MemPort=[30]; IO mode=ap_memory:ce=0
Port [ tile_5]:  wired=1; compound=1; hidden=0; nouse=0; global=0; static=0; extern=0; dir=1; type=1; pingpong=0; private_global=0; MemPort=[30]; IO mode=ap_memory:ce=0
Port [ tile_6]:  wired=1; compound=1; hidden=0; nouse=0; global=0; static=0; extern=0; dir=1; type=1; pingpong=0; private_global=0; MemPort=[30]; IO mode=ap_memory:ce=0
Port [ tile_7]:  wired=1; compound=1; hidden=0; nouse=0; global=0; static=0; extern=0; dir=1; type=1; pingpong=0; private_global=0; MemPort=[30]; IO mode=ap_memory:ce=0
Port [ tile_8]:  wired=1; compound=1; hidden=0; nouse=0; global=0; static=0; extern=0; dir=1; type=1; pingpong=0; private_global=0; MemPort=[30]; IO mode=ap_memory:ce=0
Port [ tile_9]:  wired=1; compound=1; hidden=0; nouse=0; global=0; static=0; extern=0; dir=1; type=1; pingpong=0; private_global=0; MemPort=[30]; IO mode=ap_memory:ce=0
Port [ tile_10]:  wired=1; compound=1; hidden=0; nouse=0; global=0; static=0; extern=0; dir=1; type=1; pingpong=0; private_global=0; MemPort=[30]; IO mode=ap_memory:ce=0
Port [ tile_11]:  wired=1; compound=1; hidden=0; nouse=0; global=0; static=0; extern=0; dir=1; type=1; pingpong=0; private_global=0; MemPort=[30]; IO mode=ap_memory:ce=0
Port [ tile_12]:  wired=1; compound=1; hidden=0; nouse=0; global=0; static=0; extern=0; dir=1; type=1; pingpong=0; private_global=0; MemPort=[30]; IO mode=ap_memory:ce=0
Port [ tile_13]:  wired=1; compound=1; hidden=0; nouse=0; global=0; static=0; extern=0; dir=1; type=1; pingpong=0; private_global=0; MemPort=[30]; IO mode=ap_memory:ce=0
Port [ tile_14]:  wired=1; compound=1; hidden=0; nouse=0; global=0; static=0; extern=0; dir=1; type=1; pingpong=0; private_global=0; MemPort=[30]; IO mode=ap_memory:ce=0
Port [ tile_15]:  wired=1; compound=1; hidden=0; nouse=0; global=0; static=0; extern=0; dir=1; type=1; pingpong=0; private_global=0; MemPort=[30]; IO mode=ap_memory:ce=0
---------------- STG Properties END ------------------

---------------- Datapath Model BEGIN ----------------

<LifeTime>
<method=bitvector/>
r                              (alloca        ) [ 0100000000]
sext_ln112_2_read              (read          ) [ 0000000000]
num_rows_read                  (read          ) [ 0000000000]
sext_ln112_2_cast              (sext          ) [ 0010000000]
specmemcore_ln0                (specmemcore   ) [ 0000000000]
specmemcore_ln0                (specmemcore   ) [ 0000000000]
specmemcore_ln0                (specmemcore   ) [ 0000000000]
specmemcore_ln0                (specmemcore   ) [ 0000000000]
specmemcore_ln0                (specmemcore   ) [ 0000000000]
specmemcore_ln0                (specmemcore   ) [ 0000000000]
specmemcore_ln0                (specmemcore   ) [ 0000000000]
specmemcore_ln0                (specmemcore   ) [ 0000000000]
specmemcore_ln0                (specmemcore   ) [ 0000000000]
specmemcore_ln0                (specmemcore   ) [ 0000000000]
specmemcore_ln0                (specmemcore   ) [ 0000000000]
specmemcore_ln0                (specmemcore   ) [ 0000000000]
specmemcore_ln0                (specmemcore   ) [ 0000000000]
specmemcore_ln0                (specmemcore   ) [ 0000000000]
specmemcore_ln0                (specmemcore   ) [ 0000000000]
specmemcore_ln0                (specmemcore   ) [ 0000000000]
specinterface_ln0              (specinterface ) [ 0000000000]
store_ln112                    (store         ) [ 0000000000]
br_ln0                         (br            ) [ 0000000000]
r_1                            (load          ) [ 0000000000]
add_ln112                      (add           ) [ 0000000000]
zext_ln112                     (zext          ) [ 0000000000]
icmp_ln112                     (icmp          ) [ 0111111110]
br_ln112                       (br            ) [ 0000000000]
trunc_ln112                    (trunc         ) [ 0111111111]
store_ln112                    (store         ) [ 0000000000]
gmem_Q_addr                    (getelementptr ) [ 0001110000]
tmp_75                         (bitconcatenate) [ 0000000000]
zext_ln130                     (zext          ) [ 0000000000]
tile_0_addr                    (getelementptr ) [ 0000000000]
tile_1_addr                    (getelementptr ) [ 0000000000]
tile_2_addr                    (getelementptr ) [ 0000000000]
tile_3_addr                    (getelementptr ) [ 0000000000]
tile_4_addr                    (getelementptr ) [ 0000000000]
tile_5_addr                    (getelementptr ) [ 0000000000]
tile_6_addr                    (getelementptr ) [ 0000000000]
tile_7_addr                    (getelementptr ) [ 0000000000]
tile_8_addr                    (getelementptr ) [ 0000000000]
tile_9_addr                    (getelementptr ) [ 0000000000]
tile_10_addr                   (getelementptr ) [ 0000000000]
tile_11_addr                   (getelementptr ) [ 0000000000]
tile_12_addr                   (getelementptr ) [ 0000000000]
tile_13_addr                   (getelementptr ) [ 0000000000]
tile_14_addr                   (getelementptr ) [ 0000000000]
tile_15_addr                   (getelementptr ) [ 0000000000]
muxLogicAXIMCE_to_word         (muxlogic      ) [ 0000000000]
word                           (read          ) [ 0000000000]
trunc_ln67                     (trunc         ) [ 0000000000]
vals                           (bitcast       ) [ 0000000000]
tmp_s                          (partselect    ) [ 0000000000]
vals_32                        (bitcast       ) [ 0000000000]
tmp_45                         (partselect    ) [ 0000000000]
vals_33                        (bitcast       ) [ 0000000000]
tmp_46                         (partselect    ) [ 0000000000]
vals_34                        (bitcast       ) [ 0000000000]
tmp_47                         (partselect    ) [ 0000000000]
vals_35                        (bitcast       ) [ 0000000000]
tmp_48                         (partselect    ) [ 0000000000]
vals_36                        (bitcast       ) [ 0000000000]
tmp_49                         (partselect    ) [ 0000000000]
vals_37                        (bitcast       ) [ 0000000000]
tmp_50                         (partselect    ) [ 0000000000]
vals_38                        (bitcast       ) [ 0000000000]
tmp_51                         (partselect    ) [ 0000000000]
vals_39                        (bitcast       ) [ 0000000000]
tmp_52                         (partselect    ) [ 0000000000]
vals_40                        (bitcast       ) [ 0000000000]
tmp_53                         (partselect    ) [ 0000000000]
vals_41                        (bitcast       ) [ 0000000000]
tmp_54                         (partselect    ) [ 0000000000]
vals_42                        (bitcast       ) [ 0000000000]
tmp_55                         (partselect    ) [ 0000000000]
vals_43                        (bitcast       ) [ 0000000000]
tmp_56                         (partselect    ) [ 0000000000]
vals_44                        (bitcast       ) [ 0000000000]
tmp_57                         (partselect    ) [ 0000000000]
vals_45                        (bitcast       ) [ 0000000000]
tmp_58                         (partselect    ) [ 0000000000]
vals_46                        (bitcast       ) [ 0000000000]
tmp_59                         (partselect    ) [ 0001000000]
tmp_60                         (partselect    ) [ 0001000000]
tmp_61                         (partselect    ) [ 0001000000]
tmp_62                         (partselect    ) [ 0001000000]
tmp_63                         (partselect    ) [ 0001000000]
tmp_64                         (partselect    ) [ 0001000000]
tmp_65                         (partselect    ) [ 0001000000]
tmp_66                         (partselect    ) [ 0001000000]
tmp_67                         (partselect    ) [ 0001000000]
tmp_68                         (partselect    ) [ 0001000000]
tmp_69                         (partselect    ) [ 0001000000]
tmp_70                         (partselect    ) [ 0001000000]
tmp_71                         (partselect    ) [ 0001000000]
tmp_72                         (partselect    ) [ 0001000000]
tmp_73                         (partselect    ) [ 0001000000]
tmp_74                         (partselect    ) [ 0001000000]
muxLogicRAMData_to_store_ln130 (muxlogic      ) [ 0000000000]
muxLogicRAMAddr_to_store_ln130 (muxlogic      ) [ 0000000000]
store_ln130                    (store         ) [ 0000000000]
muxLogicRAMData_to_store_ln130 (muxlogic      ) [ 0000000000]
muxLogicRAMAddr_to_store_ln130 (muxlogic      ) [ 0000000000]
store_ln130                    (store         ) [ 0000000000]
muxLogicRAMData_to_store_ln130 (muxlogic      ) [ 0000000000]
muxLogicRAMAddr_to_store_ln130 (muxlogic      ) [ 0000000000]
store_ln130                    (store         ) [ 0000000000]
muxLogicRAMData_to_store_ln130 (muxlogic      ) [ 0000000000]
muxLogicRAMAddr_to_store_ln130 (muxlogic      ) [ 0000000000]
store_ln130                    (store         ) [ 0000000000]
muxLogicRAMData_to_store_ln130 (muxlogic      ) [ 0000000000]
muxLogicRAMAddr_to_store_ln130 (muxlogic      ) [ 0000000000]
store_ln130                    (store         ) [ 0000000000]
muxLogicRAMData_to_store_ln130 (muxlogic      ) [ 0000000000]
muxLogicRAMAddr_to_store_ln130 (muxlogic      ) [ 0000000000]
store_ln130                    (store         ) [ 0000000000]
muxLogicRAMData_to_store_ln130 (muxlogic      ) [ 0000000000]
muxLogicRAMAddr_to_store_ln130 (muxlogic      ) [ 0000000000]
store_ln130                    (store         ) [ 0000000000]
muxLogicRAMData_to_store_ln130 (muxlogic      ) [ 0000000000]
muxLogicRAMAddr_to_store_ln130 (muxlogic      ) [ 0000000000]
store_ln130                    (store         ) [ 0000000000]
muxLogicRAMData_to_store_ln130 (muxlogic      ) [ 0000000000]
muxLogicRAMAddr_to_store_ln130 (muxlogic      ) [ 0000000000]
store_ln130                    (store         ) [ 0000000000]
muxLogicRAMData_to_store_ln130 (muxlogic      ) [ 0000000000]
muxLogicRAMAddr_to_store_ln130 (muxlogic      ) [ 0000000000]
store_ln130                    (store         ) [ 0000000000]
muxLogicRAMData_to_store_ln130 (muxlogic      ) [ 0000000000]
muxLogicRAMAddr_to_store_ln130 (muxlogic      ) [ 0000000000]
store_ln130                    (store         ) [ 0000000000]
muxLogicRAMData_to_store_ln130 (muxlogic      ) [ 0000000000]
muxLogicRAMAddr_to_store_ln130 (muxlogic      ) [ 0000000000]
store_ln130                    (store         ) [ 0000000000]
muxLogicRAMData_to_store_ln130 (muxlogic      ) [ 0000000000]
muxLogicRAMAddr_to_store_ln130 (muxlogic      ) [ 0000000000]
store_ln130                    (store         ) [ 0000000000]
muxLogicRAMData_to_store_ln130 (muxlogic      ) [ 0000000000]
muxLogicRAMAddr_to_store_ln130 (muxlogic      ) [ 0000000000]
store_ln130                    (store         ) [ 0000000000]
muxLogicRAMData_to_store_ln130 (muxlogic      ) [ 0000000000]
muxLogicRAMAddr_to_store_ln130 (muxlogic      ) [ 0000000000]
store_ln130                    (store         ) [ 0000000000]
muxLogicRAMData_to_store_ln130 (muxlogic      ) [ 0000000000]
muxLogicRAMAddr_to_store_ln130 (muxlogic      ) [ 0000000000]
store_ln130                    (store         ) [ 0000000000]
tmp_107                        (bitconcatenate) [ 0000000000]
zext_ln130_1                   (zext          ) [ 0000000000]
tile_0_addr_4                  (getelementptr ) [ 0000000000]
tile_1_addr_4                  (getelementptr ) [ 0000000000]
tile_2_addr_4                  (getelementptr ) [ 0000000000]
tile_3_addr_4                  (getelementptr ) [ 0000000000]
tile_4_addr_4                  (getelementptr ) [ 0000000000]
tile_5_addr_4                  (getelementptr ) [ 0000000000]
tile_6_addr_4                  (getelementptr ) [ 0000000000]
tile_7_addr_4                  (getelementptr ) [ 0000000000]
tile_8_addr_4                  (getelementptr ) [ 0000000000]
tile_9_addr_4                  (getelementptr ) [ 0000000000]
tile_10_addr_4                 (getelementptr ) [ 0000000000]
tile_11_addr_4                 (getelementptr ) [ 0000000000]
tile_12_addr_4                 (getelementptr ) [ 0000000000]
tile_13_addr_4                 (getelementptr ) [ 0000000000]
tile_14_addr_4                 (getelementptr ) [ 0000000000]
tile_15_addr_4                 (getelementptr ) [ 0000000000]
muxLogicAXIMCE_to_word_1       (muxlogic      ) [ 0000000000]
word_1                         (read          ) [ 0000000000]
vals_47                        (bitcast       ) [ 0000000000]
vals_48                        (bitcast       ) [ 0000000000]
vals_49                        (bitcast       ) [ 0000000000]
vals_50                        (bitcast       ) [ 0000000000]
vals_51                        (bitcast       ) [ 0000000000]
vals_52                        (bitcast       ) [ 0000000000]
vals_53                        (bitcast       ) [ 0000000000]
vals_54                        (bitcast       ) [ 0000000000]
vals_55                        (bitcast       ) [ 0000000000]
vals_56                        (bitcast       ) [ 0000000000]
vals_57                        (bitcast       ) [ 0000000000]
vals_58                        (bitcast       ) [ 0000000000]
vals_59                        (bitcast       ) [ 0000000000]
vals_60                        (bitcast       ) [ 0000000000]
vals_61                        (bitcast       ) [ 0000000000]
vals_62                        (bitcast       ) [ 0000000000]
trunc_ln67_1                   (trunc         ) [ 0000100000]
tmp_76                         (partselect    ) [ 0000100000]
tmp_77                         (partselect    ) [ 0000100000]
tmp_78                         (partselect    ) [ 0000100000]
tmp_79                         (partselect    ) [ 0000100000]
tmp_80                         (partselect    ) [ 0000100000]
tmp_81                         (partselect    ) [ 0000100000]
tmp_82                         (partselect    ) [ 0000100000]
tmp_83                         (partselect    ) [ 0000100000]
tmp_84                         (partselect    ) [ 0000100000]
tmp_85                         (partselect    ) [ 0000100000]
tmp_86                         (partselect    ) [ 0000100000]
tmp_87                         (partselect    ) [ 0000100000]
tmp_88                         (partselect    ) [ 0000100000]
tmp_89                         (partselect    ) [ 0000100000]
tmp_90                         (partselect    ) [ 0000100000]
tmp_91                         (partselect    ) [ 0000110000]
tmp_92                         (partselect    ) [ 0000110000]
tmp_93                         (partselect    ) [ 0000110000]
tmp_94                         (partselect    ) [ 0000110000]
tmp_95                         (partselect    ) [ 0000110000]
tmp_96                         (partselect    ) [ 0000110000]
tmp_97                         (partselect    ) [ 0000110000]
tmp_98                         (partselect    ) [ 0000110000]
tmp_99                         (partselect    ) [ 0000110000]
tmp_100                        (partselect    ) [ 0000110000]
tmp_101                        (partselect    ) [ 0000110000]
tmp_102                        (partselect    ) [ 0000110000]
tmp_103                        (partselect    ) [ 0000110000]
tmp_104                        (partselect    ) [ 0000110000]
tmp_105                        (partselect    ) [ 0000110000]
tmp_106                        (partselect    ) [ 0000110000]
muxLogicRAMData_to_store_ln130 (muxlogic      ) [ 0000000000]
muxLogicRAMAddr_to_store_ln130 (muxlogic      ) [ 0000000000]
store_ln130                    (store         ) [ 0000000000]
muxLogicRAMData_to_store_ln130 (muxlogic      ) [ 0000000000]
muxLogicRAMAddr_to_store_ln130 (muxlogic      ) [ 0000000000]
store_ln130                    (store         ) [ 0000000000]
muxLogicRAMData_to_store_ln130 (muxlogic      ) [ 0000000000]
muxLogicRAMAddr_to_store_ln130 (muxlogic      ) [ 0000000000]
store_ln130                    (store         ) [ 0000000000]
muxLogicRAMData_to_store_ln130 (muxlogic      ) [ 0000000000]
muxLogicRAMAddr_to_store_ln130 (muxlogic      ) [ 0000000000]
store_ln130                    (store         ) [ 0000000000]
muxLogicRAMData_to_store_ln130 (muxlogic      ) [ 0000000000]
muxLogicRAMAddr_to_store_ln130 (muxlogic      ) [ 0000000000]
store_ln130                    (store         ) [ 0000000000]
muxLogicRAMData_to_store_ln130 (muxlogic      ) [ 0000000000]
muxLogicRAMAddr_to_store_ln130 (muxlogic      ) [ 0000000000]
store_ln130                    (store         ) [ 0000000000]
muxLogicRAMData_to_store_ln130 (muxlogic      ) [ 0000000000]
muxLogicRAMAddr_to_store_ln130 (muxlogic      ) [ 0000000000]
store_ln130                    (store         ) [ 0000000000]
muxLogicRAMData_to_store_ln130 (muxlogic      ) [ 0000000000]
muxLogicRAMAddr_to_store_ln130 (muxlogic      ) [ 0000000000]
store_ln130                    (store         ) [ 0000000000]
muxLogicRAMData_to_store_ln130 (muxlogic      ) [ 0000000000]
muxLogicRAMAddr_to_store_ln130 (muxlogic      ) [ 0000000000]
store_ln130                    (store         ) [ 0000000000]
muxLogicRAMData_to_store_ln130 (muxlogic      ) [ 0000000000]
muxLogicRAMAddr_to_store_ln130 (muxlogic      ) [ 0000000000]
store_ln130                    (store         ) [ 0000000000]
muxLogicRAMData_to_store_ln130 (muxlogic      ) [ 0000000000]
muxLogicRAMAddr_to_store_ln130 (muxlogic      ) [ 0000000000]
store_ln130                    (store         ) [ 0000000000]
muxLogicRAMData_to_store_ln130 (muxlogic      ) [ 0000000000]
muxLogicRAMAddr_to_store_ln130 (muxlogic      ) [ 0000000000]
store_ln130                    (store         ) [ 0000000000]
muxLogicRAMData_to_store_ln130 (muxlogic      ) [ 0000000000]
muxLogicRAMAddr_to_store_ln130 (muxlogic      ) [ 0000000000]
store_ln130                    (store         ) [ 0000000000]
muxLogicRAMData_to_store_ln130 (muxlogic      ) [ 0000000000]
muxLogicRAMAddr_to_store_ln130 (muxlogic      ) [ 0000000000]
store_ln130                    (store         ) [ 0000000000]
muxLogicRAMData_to_store_ln130 (muxlogic      ) [ 0000000000]
muxLogicRAMAddr_to_store_ln130 (muxlogic      ) [ 0000000000]
store_ln130                    (store         ) [ 0000000000]
muxLogicRAMData_to_store_ln130 (muxlogic      ) [ 0000000000]
muxLogicRAMAddr_to_store_ln130 (muxlogic      ) [ 0000000000]
store_ln130                    (store         ) [ 0000000000]
tmp_139                        (bitconcatenate) [ 0000000000]
zext_ln130_2                   (zext          ) [ 0000000000]
tile_0_addr_5                  (getelementptr ) [ 0000000000]
tile_1_addr_5                  (getelementptr ) [ 0000000000]
tile_2_addr_5                  (getelementptr ) [ 0000000000]
tile_3_addr_5                  (getelementptr ) [ 0000000000]
tile_4_addr_5                  (getelementptr ) [ 0000000000]
tile_5_addr_5                  (getelementptr ) [ 0000000000]
tile_6_addr_5                  (getelementptr ) [ 0000000000]
tile_7_addr_5                  (getelementptr ) [ 0000000000]
tile_8_addr_5                  (getelementptr ) [ 0000000000]
tile_9_addr_5                  (getelementptr ) [ 0000000000]
tile_10_addr_5                 (getelementptr ) [ 0000000000]
tile_11_addr_5                 (getelementptr ) [ 0000000000]
tile_12_addr_5                 (getelementptr ) [ 0000000000]
tile_13_addr_5                 (getelementptr ) [ 0000000000]
tile_14_addr_5                 (getelementptr ) [ 0000000000]
tile_15_addr_5                 (getelementptr ) [ 0000000000]
muxLogicAXIMCE_to_word_2       (muxlogic      ) [ 0000000000]
word_2                         (read          ) [ 0000000000]
vals_63                        (bitcast       ) [ 0000000000]
vals_64                        (bitcast       ) [ 0000000000]
vals_65                        (bitcast       ) [ 0000000000]
vals_66                        (bitcast       ) [ 0000000000]
vals_67                        (bitcast       ) [ 0000000000]
vals_68                        (bitcast       ) [ 0000000000]
vals_69                        (bitcast       ) [ 0000000000]
vals_70                        (bitcast       ) [ 0000000000]
vals_71                        (bitcast       ) [ 0000000000]
vals_72                        (bitcast       ) [ 0000000000]
vals_73                        (bitcast       ) [ 0000000000]
vals_74                        (bitcast       ) [ 0000000000]
vals_75                        (bitcast       ) [ 0000000000]
vals_76                        (bitcast       ) [ 0000000000]
vals_77                        (bitcast       ) [ 0000000000]
vals_78                        (bitcast       ) [ 0000000000]
trunc_ln67_2                   (trunc         ) [ 0000011000]
tmp_108                        (partselect    ) [ 0000011000]
tmp_109                        (partselect    ) [ 0000011000]
tmp_110                        (partselect    ) [ 0000011000]
tmp_111                        (partselect    ) [ 0000011000]
tmp_112                        (partselect    ) [ 0000011000]
tmp_113                        (partselect    ) [ 0000011000]
tmp_114                        (partselect    ) [ 0000011000]
tmp_115                        (partselect    ) [ 0000011000]
tmp_116                        (partselect    ) [ 0000011000]
tmp_117                        (partselect    ) [ 0000011000]
tmp_118                        (partselect    ) [ 0000011000]
tmp_119                        (partselect    ) [ 0000011000]
tmp_120                        (partselect    ) [ 0000011000]
tmp_121                        (partselect    ) [ 0000011000]
tmp_122                        (partselect    ) [ 0000011000]
tmp_123                        (partselect    ) [ 0000011100]
tmp_124                        (partselect    ) [ 0000011100]
tmp_125                        (partselect    ) [ 0000011100]
tmp_126                        (partselect    ) [ 0000011100]
tmp_127                        (partselect    ) [ 0000011100]
tmp_128                        (partselect    ) [ 0000011100]
tmp_129                        (partselect    ) [ 0000011100]
tmp_130                        (partselect    ) [ 0000011100]
tmp_131                        (partselect    ) [ 0000011100]
tmp_132                        (partselect    ) [ 0000011100]
tmp_133                        (partselect    ) [ 0000011100]
tmp_134                        (partselect    ) [ 0000011100]
tmp_135                        (partselect    ) [ 0000011100]
tmp_136                        (partselect    ) [ 0000011100]
tmp_137                        (partselect    ) [ 0000011100]
tmp_138                        (partselect    ) [ 0000011100]
muxLogicRAMData_to_store_ln130 (muxlogic      ) [ 0000000000]
muxLogicRAMAddr_to_store_ln130 (muxlogic      ) [ 0000000000]
store_ln130                    (store         ) [ 0000000000]
muxLogicRAMData_to_store_ln130 (muxlogic      ) [ 0000000000]
muxLogicRAMAddr_to_store_ln130 (muxlogic      ) [ 0000000000]
store_ln130                    (store         ) [ 0000000000]
muxLogicRAMData_to_store_ln130 (muxlogic      ) [ 0000000000]
muxLogicRAMAddr_to_store_ln130 (muxlogic      ) [ 0000000000]
store_ln130                    (store         ) [ 0000000000]
muxLogicRAMData_to_store_ln130 (muxlogic      ) [ 0000000000]
muxLogicRAMAddr_to_store_ln130 (muxlogic      ) [ 0000000000]
store_ln130                    (store         ) [ 0000000000]
muxLogicRAMData_to_store_ln130 (muxlogic      ) [ 0000000000]
muxLogicRAMAddr_to_store_ln130 (muxlogic      ) [ 0000000000]
store_ln130                    (store         ) [ 0000000000]
muxLogicRAMData_to_store_ln130 (muxlogic      ) [ 0000000000]
muxLogicRAMAddr_to_store_ln130 (muxlogic      ) [ 0000000000]
store_ln130                    (store         ) [ 0000000000]
muxLogicRAMData_to_store_ln130 (muxlogic      ) [ 0000000000]
muxLogicRAMAddr_to_store_ln130 (muxlogic      ) [ 0000000000]
store_ln130                    (store         ) [ 0000000000]
muxLogicRAMData_to_store_ln130 (muxlogic      ) [ 0000000000]
muxLogicRAMAddr_to_store_ln130 (muxlogic      ) [ 0000000000]
store_ln130                    (store         ) [ 0000000000]
muxLogicRAMData_to_store_ln130 (muxlogic      ) [ 0000000000]
muxLogicRAMAddr_to_store_ln130 (muxlogic      ) [ 0000000000]
store_ln130                    (store         ) [ 0000000000]
muxLogicRAMData_to_store_ln130 (muxlogic      ) [ 0000000000]
muxLogicRAMAddr_to_store_ln130 (muxlogic      ) [ 0000000000]
store_ln130                    (store         ) [ 0000000000]
muxLogicRAMData_to_store_ln130 (muxlogic      ) [ 0000000000]
muxLogicRAMAddr_to_store_ln130 (muxlogic      ) [ 0000000000]
store_ln130                    (store         ) [ 0000000000]
muxLogicRAMData_to_store_ln130 (muxlogic      ) [ 0000000000]
muxLogicRAMAddr_to_store_ln130 (muxlogic      ) [ 0000000000]
store_ln130                    (store         ) [ 0000000000]
muxLogicRAMData_to_store_ln130 (muxlogic      ) [ 0000000000]
muxLogicRAMAddr_to_store_ln130 (muxlogic      ) [ 0000000000]
store_ln130                    (store         ) [ 0000000000]
muxLogicRAMData_to_store_ln130 (muxlogic      ) [ 0000000000]
muxLogicRAMAddr_to_store_ln130 (muxlogic      ) [ 0000000000]
store_ln130                    (store         ) [ 0000000000]
muxLogicRAMData_to_store_ln130 (muxlogic      ) [ 0000000000]
muxLogicRAMAddr_to_store_ln130 (muxlogic      ) [ 0000000000]
store_ln130                    (store         ) [ 0000000000]
muxLogicRAMData_to_store_ln130 (muxlogic      ) [ 0000000000]
muxLogicRAMAddr_to_store_ln130 (muxlogic      ) [ 0000000000]
store_ln130                    (store         ) [ 0000000000]
tmp_171                        (bitconcatenate) [ 0000000000]
zext_ln130_3                   (zext          ) [ 0000000000]
tile_0_addr_6                  (getelementptr ) [ 0000000000]
tile_1_addr_6                  (getelementptr ) [ 0000000000]
tile_2_addr_6                  (getelementptr ) [ 0000000000]
tile_3_addr_6                  (getelementptr ) [ 0000000000]
tile_4_addr_6                  (getelementptr ) [ 0000000000]
tile_5_addr_6                  (getelementptr ) [ 0000000000]
tile_6_addr_6                  (getelementptr ) [ 0000000000]
tile_7_addr_6                  (getelementptr ) [ 0000000000]
tile_8_addr_6                  (getelementptr ) [ 0000000000]
tile_9_addr_6                  (getelementptr ) [ 0000000000]
tile_10_addr_6                 (getelementptr ) [ 0000000000]
tile_11_addr_6                 (getelementptr ) [ 0000000000]
tile_12_addr_6                 (getelementptr ) [ 0000000000]
tile_13_addr_6                 (getelementptr ) [ 0000000000]
tile_14_addr_6                 (getelementptr ) [ 0000000000]
tile_15_addr_6                 (getelementptr ) [ 0000000000]
muxLogicAXIMCE_to_word_3       (muxlogic      ) [ 0000000000]
word_3                         (read          ) [ 0000000000]
vals_79                        (bitcast       ) [ 0000000000]
vals_80                        (bitcast       ) [ 0000000000]
vals_81                        (bitcast       ) [ 0000000000]
vals_82                        (bitcast       ) [ 0000000000]
vals_83                        (bitcast       ) [ 0000000000]
vals_84                        (bitcast       ) [ 0000000000]
vals_85                        (bitcast       ) [ 0000000000]
vals_86                        (bitcast       ) [ 0000000000]
vals_87                        (bitcast       ) [ 0000000000]
vals_88                        (bitcast       ) [ 0000000000]
vals_89                        (bitcast       ) [ 0000000000]
vals_90                        (bitcast       ) [ 0000000000]
vals_91                        (bitcast       ) [ 0000000000]
vals_92                        (bitcast       ) [ 0000000000]
vals_93                        (bitcast       ) [ 0000000000]
vals_94                        (bitcast       ) [ 0000000000]
trunc_ln67_3                   (trunc         ) [ 0000001110]
tmp_140                        (partselect    ) [ 0000001110]
tmp_141                        (partselect    ) [ 0000001110]
tmp_142                        (partselect    ) [ 0000001110]
tmp_143                        (partselect    ) [ 0000001110]
tmp_144                        (partselect    ) [ 0000001110]
tmp_145                        (partselect    ) [ 0000001110]
tmp_146                        (partselect    ) [ 0000001110]
tmp_147                        (partselect    ) [ 0000001110]
tmp_148                        (partselect    ) [ 0000001110]
tmp_149                        (partselect    ) [ 0000001110]
tmp_150                        (partselect    ) [ 0000001110]
tmp_151                        (partselect    ) [ 0000001110]
tmp_152                        (partselect    ) [ 0000001110]
tmp_153                        (partselect    ) [ 0000001110]
tmp_154                        (partselect    ) [ 0000001110]
tmp_155                        (partselect    ) [ 0100001111]
tmp_156                        (partselect    ) [ 0100001111]
tmp_157                        (partselect    ) [ 0100001111]
tmp_158                        (partselect    ) [ 0100001111]
tmp_159                        (partselect    ) [ 0100001111]
tmp_160                        (partselect    ) [ 0100001111]
tmp_161                        (partselect    ) [ 0100001111]
tmp_162                        (partselect    ) [ 0100001111]
tmp_163                        (partselect    ) [ 0100001111]
tmp_164                        (partselect    ) [ 0100001111]
tmp_165                        (partselect    ) [ 0100001111]
tmp_166                        (partselect    ) [ 0100001111]
tmp_167                        (partselect    ) [ 0100001111]
tmp_168                        (partselect    ) [ 0100001111]
tmp_169                        (partselect    ) [ 0100001111]
tmp_170                        (partselect    ) [ 0100001111]
muxLogicRAMData_to_store_ln130 (muxlogic      ) [ 0000000000]
muxLogicRAMAddr_to_store_ln130 (muxlogic      ) [ 0000000000]
store_ln130                    (store         ) [ 0000000000]
muxLogicRAMData_to_store_ln130 (muxlogic      ) [ 0000000000]
muxLogicRAMAddr_to_store_ln130 (muxlogic      ) [ 0000000000]
store_ln130                    (store         ) [ 0000000000]
muxLogicRAMData_to_store_ln130 (muxlogic      ) [ 0000000000]
muxLogicRAMAddr_to_store_ln130 (muxlogic      ) [ 0000000000]
store_ln130                    (store         ) [ 0000000000]
muxLogicRAMData_to_store_ln130 (muxlogic      ) [ 0000000000]
muxLogicRAMAddr_to_store_ln130 (muxlogic      ) [ 0000000000]
store_ln130                    (store         ) [ 0000000000]
muxLogicRAMData_to_store_ln130 (muxlogic      ) [ 0000000000]
muxLogicRAMAddr_to_store_ln130 (muxlogic      ) [ 0000000000]
store_ln130                    (store         ) [ 0000000000]
muxLogicRAMData_to_store_ln130 (muxlogic      ) [ 0000000000]
muxLogicRAMAddr_to_store_ln130 (muxlogic      ) [ 0000000000]
store_ln130                    (store         ) [ 0000000000]
muxLogicRAMData_to_store_ln130 (muxlogic      ) [ 0000000000]
muxLogicRAMAddr_to_store_ln130 (muxlogic      ) [ 0000000000]
store_ln130                    (store         ) [ 0000000000]
muxLogicRAMData_to_store_ln130 (muxlogic      ) [ 0000000000]
muxLogicRAMAddr_to_store_ln130 (muxlogic      ) [ 0000000000]
store_ln130                    (store         ) [ 0000000000]
muxLogicRAMData_to_store_ln130 (muxlogic      ) [ 0000000000]
muxLogicRAMAddr_to_store_ln130 (muxlogic      ) [ 0000000000]
store_ln130                    (store         ) [ 0000000000]
muxLogicRAMData_to_store_ln130 (muxlogic      ) [ 0000000000]
muxLogicRAMAddr_to_store_ln130 (muxlogic      ) [ 0000000000]
store_ln130                    (store         ) [ 0000000000]
muxLogicRAMData_to_store_ln130 (muxlogic      ) [ 0000000000]
muxLogicRAMAddr_to_store_ln130 (muxlogic      ) [ 0000000000]
store_ln130                    (store         ) [ 0000000000]
muxLogicRAMData_to_store_ln130 (muxlogic      ) [ 0000000000]
muxLogicRAMAddr_to_store_ln130 (muxlogic      ) [ 0000000000]
store_ln130                    (store         ) [ 0000000000]
muxLogicRAMData_to_store_ln130 (muxlogic      ) [ 0000000000]
muxLogicRAMAddr_to_store_ln130 (muxlogic      ) [ 0000000000]
store_ln130                    (store         ) [ 0000000000]
muxLogicRAMData_to_store_ln130 (muxlogic      ) [ 0000000000]
muxLogicRAMAddr_to_store_ln130 (muxlogic      ) [ 0000000000]
store_ln130                    (store         ) [ 0000000000]
muxLogicRAMData_to_store_ln130 (muxlogic      ) [ 0000000000]
muxLogicRAMAddr_to_store_ln130 (muxlogic      ) [ 0000000000]
store_ln130                    (store         ) [ 0000000000]
muxLogicRAMData_to_store_ln130 (muxlogic      ) [ 0000000000]
muxLogicRAMAddr_to_store_ln130 (muxlogic      ) [ 0000000000]
store_ln130                    (store         ) [ 0000000000]
tmp_172                        (bitconcatenate) [ 0000000000]
zext_ln130_4                   (zext          ) [ 0000000000]
tile_0_addr_7                  (getelementptr ) [ 0000000000]
tile_1_addr_7                  (getelementptr ) [ 0000000000]
tile_2_addr_7                  (getelementptr ) [ 0000000000]
tile_3_addr_7                  (getelementptr ) [ 0000000000]
tile_4_addr_7                  (getelementptr ) [ 0000000000]
tile_5_addr_7                  (getelementptr ) [ 0000000000]
tile_6_addr_7                  (getelementptr ) [ 0000000000]
tile_7_addr_7                  (getelementptr ) [ 0000000000]
tile_8_addr_7                  (getelementptr ) [ 0000000000]
tile_9_addr_7                  (getelementptr ) [ 0000000000]
tile_10_addr_7                 (getelementptr ) [ 0000000000]
tile_11_addr_7                 (getelementptr ) [ 0000000000]
tile_12_addr_7                 (getelementptr ) [ 0000000000]
tile_13_addr_7                 (getelementptr ) [ 0000000000]
tile_14_addr_7                 (getelementptr ) [ 0000000000]
tile_15_addr_7                 (getelementptr ) [ 0000000000]
vals_95                        (bitcast       ) [ 0000000000]
vals_96                        (bitcast       ) [ 0000000000]
vals_97                        (bitcast       ) [ 0000000000]
vals_98                        (bitcast       ) [ 0000000000]
vals_99                        (bitcast       ) [ 0000000000]
vals_100                       (bitcast       ) [ 0000000000]
vals_101                       (bitcast       ) [ 0000000000]
vals_102                       (bitcast       ) [ 0000000000]
vals_103                       (bitcast       ) [ 0000000000]
vals_104                       (bitcast       ) [ 0000000000]
vals_105                       (bitcast       ) [ 0000000000]
vals_106                       (bitcast       ) [ 0000000000]
vals_107                       (bitcast       ) [ 0000000000]
vals_108                       (bitcast       ) [ 0000000000]
vals_109                       (bitcast       ) [ 0000000000]
vals_110                       (bitcast       ) [ 0000000000]
muxLogicRAMData_to_store_ln130 (muxlogic      ) [ 0000000000]
muxLogicRAMAddr_to_store_ln130 (muxlogic      ) [ 0000000000]
store_ln130                    (store         ) [ 0000000000]
muxLogicRAMData_to_store_ln130 (muxlogic      ) [ 0000000000]
muxLogicRAMAddr_to_store_ln130 (muxlogic      ) [ 0000000000]
store_ln130                    (store         ) [ 0000000000]
muxLogicRAMData_to_store_ln130 (muxlogic      ) [ 0000000000]
muxLogicRAMAddr_to_store_ln130 (muxlogic      ) [ 0000000000]
store_ln130                    (store         ) [ 0000000000]
muxLogicRAMData_to_store_ln130 (muxlogic      ) [ 0000000000]
muxLogicRAMAddr_to_store_ln130 (muxlogic      ) [ 0000000000]
store_ln130                    (store         ) [ 0000000000]
muxLogicRAMData_to_store_ln130 (muxlogic      ) [ 0000000000]
muxLogicRAMAddr_to_store_ln130 (muxlogic      ) [ 0000000000]
store_ln130                    (store         ) [ 0000000000]
muxLogicRAMData_to_store_ln130 (muxlogic      ) [ 0000000000]
muxLogicRAMAddr_to_store_ln130 (muxlogic      ) [ 0000000000]
store_ln130                    (store         ) [ 0000000000]
muxLogicRAMData_to_store_ln130 (muxlogic      ) [ 0000000000]
muxLogicRAMAddr_to_store_ln130 (muxlogic      ) [ 0000000000]
store_ln130                    (store         ) [ 0000000000]
muxLogicRAMData_to_store_ln130 (muxlogic      ) [ 0000000000]
muxLogicRAMAddr_to_store_ln130 (muxlogic      ) [ 0000000000]
store_ln130                    (store         ) [ 0000000000]
muxLogicRAMData_to_store_ln130 (muxlogic      ) [ 0000000000]
muxLogicRAMAddr_to_store_ln130 (muxlogic      ) [ 0000000000]
store_ln130                    (store         ) [ 0000000000]
muxLogicRAMData_to_store_ln130 (muxlogic      ) [ 0000000000]
muxLogicRAMAddr_to_store_ln130 (muxlogic      ) [ 0000000000]
store_ln130                    (store         ) [ 0000000000]
muxLogicRAMData_to_store_ln130 (muxlogic      ) [ 0000000000]
muxLogicRAMAddr_to_store_ln130 (muxlogic      ) [ 0000000000]
store_ln130                    (store         ) [ 0000000000]
muxLogicRAMData_to_store_ln130 (muxlogic      ) [ 0000000000]
muxLogicRAMAddr_to_store_ln130 (muxlogic      ) [ 0000000000]
store_ln130                    (store         ) [ 0000000000]
muxLogicRAMData_to_store_ln130 (muxlogic      ) [ 0000000000]
muxLogicRAMAddr_to_store_ln130 (muxlogic      ) [ 0000000000]
store_ln130                    (store         ) [ 0000000000]
muxLogicRAMData_to_store_ln130 (muxlogic      ) [ 0000000000]
muxLogicRAMAddr_to_store_ln130 (muxlogic      ) [ 0000000000]
store_ln130                    (store         ) [ 0000000000]
muxLogicRAMData_to_store_ln130 (muxlogic      ) [ 0000000000]
muxLogicRAMAddr_to_store_ln130 (muxlogic      ) [ 0000000000]
store_ln130                    (store         ) [ 0000000000]
muxLogicRAMData_to_store_ln130 (muxlogic      ) [ 0000000000]
muxLogicRAMAddr_to_store_ln130 (muxlogic      ) [ 0000000000]
store_ln130                    (store         ) [ 0000000000]
tmp_173                        (bitconcatenate) [ 0000000000]
zext_ln130_5                   (zext          ) [ 0000000000]
tile_0_addr_8                  (getelementptr ) [ 0000000000]
tile_1_addr_8                  (getelementptr ) [ 0000000000]
tile_2_addr_8                  (getelementptr ) [ 0000000000]
tile_3_addr_8                  (getelementptr ) [ 0000000000]
tile_4_addr_8                  (getelementptr ) [ 0000000000]
tile_5_addr_8                  (getelementptr ) [ 0000000000]
tile_6_addr_8                  (getelementptr ) [ 0000000000]
tile_7_addr_8                  (getelementptr ) [ 0000000000]
tile_8_addr_8                  (getelementptr ) [ 0000000000]
tile_9_addr_8                  (getelementptr ) [ 0000000000]
tile_10_addr_8                 (getelementptr ) [ 0000000000]
tile_11_addr_8                 (getelementptr ) [ 0000000000]
tile_12_addr_8                 (getelementptr ) [ 0000000000]
tile_13_addr_8                 (getelementptr ) [ 0000000000]
tile_14_addr_8                 (getelementptr ) [ 0000000000]
tile_15_addr_8                 (getelementptr ) [ 0000000000]
vals_111                       (bitcast       ) [ 0000000000]
vals_112                       (bitcast       ) [ 0000000000]
vals_113                       (bitcast       ) [ 0000000000]
vals_114                       (bitcast       ) [ 0000000000]
vals_115                       (bitcast       ) [ 0000000000]
vals_116                       (bitcast       ) [ 0000000000]
vals_117                       (bitcast       ) [ 0000000000]
vals_118                       (bitcast       ) [ 0000000000]
vals_119                       (bitcast       ) [ 0000000000]
vals_120                       (bitcast       ) [ 0000000000]
vals_121                       (bitcast       ) [ 0000000000]
vals_122                       (bitcast       ) [ 0000000000]
vals_123                       (bitcast       ) [ 0000000000]
vals_124                       (bitcast       ) [ 0000000000]
vals_125                       (bitcast       ) [ 0000000000]
vals_126                       (bitcast       ) [ 0000000000]
muxLogicRAMData_to_store_ln130 (muxlogic      ) [ 0000000000]
muxLogicRAMAddr_to_store_ln130 (muxlogic      ) [ 0000000000]
store_ln130                    (store         ) [ 0000000000]
muxLogicRAMData_to_store_ln130 (muxlogic      ) [ 0000000000]
muxLogicRAMAddr_to_store_ln130 (muxlogic      ) [ 0000000000]
store_ln130                    (store         ) [ 0000000000]
muxLogicRAMData_to_store_ln130 (muxlogic      ) [ 0000000000]
muxLogicRAMAddr_to_store_ln130 (muxlogic      ) [ 0000000000]
store_ln130                    (store         ) [ 0000000000]
muxLogicRAMData_to_store_ln130 (muxlogic      ) [ 0000000000]
muxLogicRAMAddr_to_store_ln130 (muxlogic      ) [ 0000000000]
store_ln130                    (store         ) [ 0000000000]
muxLogicRAMData_to_store_ln130 (muxlogic      ) [ 0000000000]
muxLogicRAMAddr_to_store_ln130 (muxlogic      ) [ 0000000000]
store_ln130                    (store         ) [ 0000000000]
muxLogicRAMData_to_store_ln130 (muxlogic      ) [ 0000000000]
muxLogicRAMAddr_to_store_ln130 (muxlogic      ) [ 0000000000]
store_ln130                    (store         ) [ 0000000000]
muxLogicRAMData_to_store_ln130 (muxlogic      ) [ 0000000000]
muxLogicRAMAddr_to_store_ln130 (muxlogic      ) [ 0000000000]
store_ln130                    (store         ) [ 0000000000]
muxLogicRAMData_to_store_ln130 (muxlogic      ) [ 0000000000]
muxLogicRAMAddr_to_store_ln130 (muxlogic      ) [ 0000000000]
store_ln130                    (store         ) [ 0000000000]
muxLogicRAMData_to_store_ln130 (muxlogic      ) [ 0000000000]
muxLogicRAMAddr_to_store_ln130 (muxlogic      ) [ 0000000000]
store_ln130                    (store         ) [ 0000000000]
muxLogicRAMData_to_store_ln130 (muxlogic      ) [ 0000000000]
muxLogicRAMAddr_to_store_ln130 (muxlogic      ) [ 0000000000]
store_ln130                    (store         ) [ 0000000000]
muxLogicRAMData_to_store_ln130 (muxlogic      ) [ 0000000000]
muxLogicRAMAddr_to_store_ln130 (muxlogic      ) [ 0000000000]
store_ln130                    (store         ) [ 0000000000]
muxLogicRAMData_to_store_ln130 (muxlogic      ) [ 0000000000]
muxLogicRAMAddr_to_store_ln130 (muxlogic      ) [ 0000000000]
store_ln130                    (store         ) [ 0000000000]
muxLogicRAMData_to_store_ln130 (muxlogic      ) [ 0000000000]
muxLogicRAMAddr_to_store_ln130 (muxlogic      ) [ 0000000000]
store_ln130                    (store         ) [ 0000000000]
muxLogicRAMData_to_store_ln130 (muxlogic      ) [ 0000000000]
muxLogicRAMAddr_to_store_ln130 (muxlogic      ) [ 0000000000]
store_ln130                    (store         ) [ 0000000000]
muxLogicRAMData_to_store_ln130 (muxlogic      ) [ 0000000000]
muxLogicRAMAddr_to_store_ln130 (muxlogic      ) [ 0000000000]
store_ln130                    (store         ) [ 0000000000]
muxLogicRAMData_to_store_ln130 (muxlogic      ) [ 0000000000]
muxLogicRAMAddr_to_store_ln130 (muxlogic      ) [ 0000000000]
store_ln130                    (store         ) [ 0000000000]
tmp_174                        (bitconcatenate) [ 0000000000]
zext_ln130_6                   (zext          ) [ 0000000000]
tile_0_addr_9                  (getelementptr ) [ 0000000000]
tile_1_addr_9                  (getelementptr ) [ 0000000000]
tile_2_addr_9                  (getelementptr ) [ 0000000000]
tile_3_addr_9                  (getelementptr ) [ 0000000000]
tile_4_addr_9                  (getelementptr ) [ 0000000000]
tile_5_addr_9                  (getelementptr ) [ 0000000000]
tile_6_addr_9                  (getelementptr ) [ 0000000000]
tile_7_addr_9                  (getelementptr ) [ 0000000000]
tile_8_addr_9                  (getelementptr ) [ 0000000000]
tile_9_addr_9                  (getelementptr ) [ 0000000000]
tile_10_addr_9                 (getelementptr ) [ 0000000000]
tile_11_addr_9                 (getelementptr ) [ 0000000000]
tile_12_addr_9                 (getelementptr ) [ 0000000000]
tile_13_addr_9                 (getelementptr ) [ 0000000000]
tile_14_addr_9                 (getelementptr ) [ 0000000000]
tile_15_addr_9                 (getelementptr ) [ 0000000000]
vals_127                       (bitcast       ) [ 0000000000]
vals_128                       (bitcast       ) [ 0000000000]
vals_129                       (bitcast       ) [ 0000000000]
vals_130                       (bitcast       ) [ 0000000000]
vals_131                       (bitcast       ) [ 0000000000]
vals_132                       (bitcast       ) [ 0000000000]
vals_133                       (bitcast       ) [ 0000000000]
vals_134                       (bitcast       ) [ 0000000000]
vals_135                       (bitcast       ) [ 0000000000]
vals_136                       (bitcast       ) [ 0000000000]
vals_137                       (bitcast       ) [ 0000000000]
vals_138                       (bitcast       ) [ 0000000000]
vals_139                       (bitcast       ) [ 0000000000]
vals_140                       (bitcast       ) [ 0000000000]
vals_141                       (bitcast       ) [ 0000000000]
vals_142                       (bitcast       ) [ 0000000000]
muxLogicRAMData_to_store_ln130 (muxlogic      ) [ 0000000000]
muxLogicRAMAddr_to_store_ln130 (muxlogic      ) [ 0000000000]
store_ln130                    (store         ) [ 0000000000]
muxLogicRAMData_to_store_ln130 (muxlogic      ) [ 0000000000]
muxLogicRAMAddr_to_store_ln130 (muxlogic      ) [ 0000000000]
store_ln130                    (store         ) [ 0000000000]
muxLogicRAMData_to_store_ln130 (muxlogic      ) [ 0000000000]
muxLogicRAMAddr_to_store_ln130 (muxlogic      ) [ 0000000000]
store_ln130                    (store         ) [ 0000000000]
muxLogicRAMData_to_store_ln130 (muxlogic      ) [ 0000000000]
muxLogicRAMAddr_to_store_ln130 (muxlogic      ) [ 0000000000]
store_ln130                    (store         ) [ 0000000000]
muxLogicRAMData_to_store_ln130 (muxlogic      ) [ 0000000000]
muxLogicRAMAddr_to_store_ln130 (muxlogic      ) [ 0000000000]
store_ln130                    (store         ) [ 0000000000]
muxLogicRAMData_to_store_ln130 (muxlogic      ) [ 0000000000]
muxLogicRAMAddr_to_store_ln130 (muxlogic      ) [ 0000000000]
store_ln130                    (store         ) [ 0000000000]
muxLogicRAMData_to_store_ln130 (muxlogic      ) [ 0000000000]
muxLogicRAMAddr_to_store_ln130 (muxlogic      ) [ 0000000000]
store_ln130                    (store         ) [ 0000000000]
muxLogicRAMData_to_store_ln130 (muxlogic      ) [ 0000000000]
muxLogicRAMAddr_to_store_ln130 (muxlogic      ) [ 0000000000]
store_ln130                    (store         ) [ 0000000000]
muxLogicRAMData_to_store_ln130 (muxlogic      ) [ 0000000000]
muxLogicRAMAddr_to_store_ln130 (muxlogic      ) [ 0000000000]
store_ln130                    (store         ) [ 0000000000]
muxLogicRAMData_to_store_ln130 (muxlogic      ) [ 0000000000]
muxLogicRAMAddr_to_store_ln130 (muxlogic      ) [ 0000000000]
store_ln130                    (store         ) [ 0000000000]
muxLogicRAMData_to_store_ln130 (muxlogic      ) [ 0000000000]
muxLogicRAMAddr_to_store_ln130 (muxlogic      ) [ 0000000000]
store_ln130                    (store         ) [ 0000000000]
muxLogicRAMData_to_store_ln130 (muxlogic      ) [ 0000000000]
muxLogicRAMAddr_to_store_ln130 (muxlogic      ) [ 0000000000]
store_ln130                    (store         ) [ 0000000000]
muxLogicRAMData_to_store_ln130 (muxlogic      ) [ 0000000000]
muxLogicRAMAddr_to_store_ln130 (muxlogic      ) [ 0000000000]
store_ln130                    (store         ) [ 0000000000]
muxLogicRAMData_to_store_ln130 (muxlogic      ) [ 0000000000]
muxLogicRAMAddr_to_store_ln130 (muxlogic      ) [ 0000000000]
store_ln130                    (store         ) [ 0000000000]
muxLogicRAMData_to_store_ln130 (muxlogic      ) [ 0000000000]
muxLogicRAMAddr_to_store_ln130 (muxlogic      ) [ 0000000000]
store_ln130                    (store         ) [ 0000000000]
muxLogicRAMData_to_store_ln130 (muxlogic      ) [ 0000000000]
muxLogicRAMAddr_to_store_ln130 (muxlogic      ) [ 0000000000]
store_ln130                    (store         ) [ 0000000000]
tmp_175                        (bitconcatenate) [ 0000000000]
zext_ln130_7                   (zext          ) [ 0000000000]
tile_0_addr_10                 (getelementptr ) [ 0000000000]
tile_1_addr_10                 (getelementptr ) [ 0000000000]
tile_2_addr_10                 (getelementptr ) [ 0000000000]
tile_3_addr_10                 (getelementptr ) [ 0000000000]
tile_4_addr_10                 (getelementptr ) [ 0000000000]
tile_5_addr_10                 (getelementptr ) [ 0000000000]
tile_6_addr_10                 (getelementptr ) [ 0000000000]
tile_7_addr_10                 (getelementptr ) [ 0000000000]
tile_8_addr_10                 (getelementptr ) [ 0000000000]
tile_9_addr_10                 (getelementptr ) [ 0000000000]
tile_10_addr_10                (getelementptr ) [ 0000000000]
tile_11_addr_10                (getelementptr ) [ 0000000000]
tile_12_addr_10                (getelementptr ) [ 0000000000]
tile_13_addr_10                (getelementptr ) [ 0000000000]
tile_14_addr_10                (getelementptr ) [ 0000000000]
tile_15_addr_10                (getelementptr ) [ 0000000000]
specpipeline_ln113             (specpipeline  ) [ 0000000000]
specloopname_ln112             (specloopname  ) [ 0000000000]
vals_143                       (bitcast       ) [ 0000000000]
vals_144                       (bitcast       ) [ 0000000000]
vals_145                       (bitcast       ) [ 0000000000]
vals_146                       (bitcast       ) [ 0000000000]
vals_147                       (bitcast       ) [ 0000000000]
vals_148                       (bitcast       ) [ 0000000000]
vals_149                       (bitcast       ) [ 0000000000]
vals_150                       (bitcast       ) [ 0000000000]
vals_151                       (bitcast       ) [ 0000000000]
vals_152                       (bitcast       ) [ 0000000000]
vals_153                       (bitcast       ) [ 0000000000]
vals_154                       (bitcast       ) [ 0000000000]
vals_155                       (bitcast       ) [ 0000000000]
vals_156                       (bitcast       ) [ 0000000000]
vals_157                       (bitcast       ) [ 0000000000]
vals_158                       (bitcast       ) [ 0000000000]
muxLogicRAMData_to_store_ln130 (muxlogic      ) [ 0000000000]
muxLogicRAMAddr_to_store_ln130 (muxlogic      ) [ 0000000000]
store_ln130                    (store         ) [ 0000000000]
muxLogicRAMData_to_store_ln130 (muxlogic      ) [ 0000000000]
muxLogicRAMAddr_to_store_ln130 (muxlogic      ) [ 0000000000]
store_ln130                    (store         ) [ 0000000000]
muxLogicRAMData_to_store_ln130 (muxlogic      ) [ 0000000000]
muxLogicRAMAddr_to_store_ln130 (muxlogic      ) [ 0000000000]
store_ln130                    (store         ) [ 0000000000]
muxLogicRAMData_to_store_ln130 (muxlogic      ) [ 0000000000]
muxLogicRAMAddr_to_store_ln130 (muxlogic      ) [ 0000000000]
store_ln130                    (store         ) [ 0000000000]
muxLogicRAMData_to_store_ln130 (muxlogic      ) [ 0000000000]
muxLogicRAMAddr_to_store_ln130 (muxlogic      ) [ 0000000000]
store_ln130                    (store         ) [ 0000000000]
muxLogicRAMData_to_store_ln130 (muxlogic      ) [ 0000000000]
muxLogicRAMAddr_to_store_ln130 (muxlogic      ) [ 0000000000]
store_ln130                    (store         ) [ 0000000000]
muxLogicRAMData_to_store_ln130 (muxlogic      ) [ 0000000000]
muxLogicRAMAddr_to_store_ln130 (muxlogic      ) [ 0000000000]
store_ln130                    (store         ) [ 0000000000]
muxLogicRAMData_to_store_ln130 (muxlogic      ) [ 0000000000]
muxLogicRAMAddr_to_store_ln130 (muxlogic      ) [ 0000000000]
store_ln130                    (store         ) [ 0000000000]
muxLogicRAMData_to_store_ln130 (muxlogic      ) [ 0000000000]
muxLogicRAMAddr_to_store_ln130 (muxlogic      ) [ 0000000000]
store_ln130                    (store         ) [ 0000000000]
muxLogicRAMData_to_store_ln130 (muxlogic      ) [ 0000000000]
muxLogicRAMAddr_to_store_ln130 (muxlogic      ) [ 0000000000]
store_ln130                    (store         ) [ 0000000000]
muxLogicRAMData_to_store_ln130 (muxlogic      ) [ 0000000000]
muxLogicRAMAddr_to_store_ln130 (muxlogic      ) [ 0000000000]
store_ln130                    (store         ) [ 0000000000]
muxLogicRAMData_to_store_ln130 (muxlogic      ) [ 0000000000]
muxLogicRAMAddr_to_store_ln130 (muxlogic      ) [ 0000000000]
store_ln130                    (store         ) [ 0000000000]
muxLogicRAMData_to_store_ln130 (muxlogic      ) [ 0000000000]
muxLogicRAMAddr_to_store_ln130 (muxlogic      ) [ 0000000000]
store_ln130                    (store         ) [ 0000000000]
muxLogicRAMData_to_store_ln130 (muxlogic      ) [ 0000000000]
muxLogicRAMAddr_to_store_ln130 (muxlogic      ) [ 0000000000]
store_ln130                    (store         ) [ 0000000000]
muxLogicRAMData_to_store_ln130 (muxlogic      ) [ 0000000000]
muxLogicRAMAddr_to_store_ln130 (muxlogic      ) [ 0000000000]
store_ln130                    (store         ) [ 0000000000]
muxLogicRAMData_to_store_ln130 (muxlogic      ) [ 0000000000]
muxLogicRAMAddr_to_store_ln130 (muxlogic      ) [ 0000000000]
store_ln130                    (store         ) [ 0000000000]
br_ln112                       (br            ) [ 0000000000]
ret_ln0                        (ret           ) [ 0000000000]
</LifeTime>

<model>

<comp_list>
<comp id="0" class="1000" name="num_rows">
<pin_list>
<pin id="1" dir="1" index="0" bw="1" slack="0"/>
</pin_list>
<bind>
<StgValue><ssdm name="num_rows"/></StgValue>
</bind>
</comp>

<comp id="2" class="1000" name="gmem_Q">
<pin_list>
<pin id="3" dir="1" index="0" bw="1" slack="0"/>
</pin_list>
<bind>
<StgValue><ssdm name="gmem_Q"/><MemPortTyVec>0 </MemPortTyVec>
</StgValue>
</bind>
</comp>

<comp id="4" class="1000" name="sext_ln112_2">
<pin_list>
<pin id="5" dir="1" index="0" bw="1" slack="0"/>
</pin_list>
<bind>
<StgValue><ssdm name="sext_ln112_2"/></StgValue>
</bind>
</comp>

<comp id="6" class="1000" name="tile_0">
<pin_list>
<pin id="7" dir="1" index="0" bw="1" slack="0"/>
</pin_list>
<bind>
<StgValue><ssdm name="tile_0"/><MemPortTyVec>3 0 </MemPortTyVec>
</StgValue>
</bind>
</comp>

<comp id="8" class="1000" name="tile_1">
<pin_list>
<pin id="9" dir="1" index="0" bw="1" slack="0"/>
</pin_list>
<bind>
<StgValue><ssdm name="tile_1"/><MemPortTyVec>3 0 </MemPortTyVec>
</StgValue>
</bind>
</comp>

<comp id="10" class="1000" name="tile_2">
<pin_list>
<pin id="11" dir="1" index="0" bw="1" slack="0"/>
</pin_list>
<bind>
<StgValue><ssdm name="tile_2"/><MemPortTyVec>3 0 </MemPortTyVec>
</StgValue>
</bind>
</comp>

<comp id="12" class="1000" name="tile_3">
<pin_list>
<pin id="13" dir="1" index="0" bw="1" slack="0"/>
</pin_list>
<bind>
<StgValue><ssdm name="tile_3"/><MemPortTyVec>3 0 </MemPortTyVec>
</StgValue>
</bind>
</comp>

<comp id="14" class="1000" name="tile_4">
<pin_list>
<pin id="15" dir="1" index="0" bw="1" slack="0"/>
</pin_list>
<bind>
<StgValue><ssdm name="tile_4"/><MemPortTyVec>3 0 </MemPortTyVec>
</StgValue>
</bind>
</comp>

<comp id="16" class="1000" name="tile_5">
<pin_list>
<pin id="17" dir="1" index="0" bw="1" slack="0"/>
</pin_list>
<bind>
<StgValue><ssdm name="tile_5"/><MemPortTyVec>3 0 </MemPortTyVec>
</StgValue>
</bind>
</comp>

<comp id="18" class="1000" name="tile_6">
<pin_list>
<pin id="19" dir="1" index="0" bw="1" slack="0"/>
</pin_list>
<bind>
<StgValue><ssdm name="tile_6"/><MemPortTyVec>3 0 </MemPortTyVec>
</StgValue>
</bind>
</comp>

<comp id="20" class="1000" name="tile_7">
<pin_list>
<pin id="21" dir="1" index="0" bw="1" slack="0"/>
</pin_list>
<bind>
<StgValue><ssdm name="tile_7"/><MemPortTyVec>3 0 </MemPortTyVec>
</StgValue>
</bind>
</comp>

<comp id="22" class="1000" name="tile_8">
<pin_list>
<pin id="23" dir="1" index="0" bw="1" slack="0"/>
</pin_list>
<bind>
<StgValue><ssdm name="tile_8"/><MemPortTyVec>3 0 </MemPortTyVec>
</StgValue>
</bind>
</comp>

<comp id="24" class="1000" name="tile_9">
<pin_list>
<pin id="25" dir="1" index="0" bw="1" slack="0"/>
</pin_list>
<bind>
<StgValue><ssdm name="tile_9"/><MemPortTyVec>3 0 </MemPortTyVec>
</StgValue>
</bind>
</comp>

<comp id="26" class="1000" name="tile_10">
<pin_list>
<pin id="27" dir="1" index="0" bw="1" slack="0"/>
</pin_list>
<bind>
<StgValue><ssdm name="tile_10"/><MemPortTyVec>3 0 </MemPortTyVec>
</StgValue>
</bind>
</comp>

<comp id="28" class="1000" name="tile_11">
<pin_list>
<pin id="29" dir="1" index="0" bw="1" slack="0"/>
</pin_list>
<bind>
<StgValue><ssdm name="tile_11"/><MemPortTyVec>3 0 </MemPortTyVec>
</StgValue>
</bind>
</comp>

<comp id="30" class="1000" name="tile_12">
<pin_list>
<pin id="31" dir="1" index="0" bw="1" slack="0"/>
</pin_list>
<bind>
<StgValue><ssdm name="tile_12"/><MemPortTyVec>3 0 </MemPortTyVec>
</StgValue>
</bind>
</comp>

<comp id="32" class="1000" name="tile_13">
<pin_list>
<pin id="33" dir="1" index="0" bw="1" slack="0"/>
</pin_list>
<bind>
<StgValue><ssdm name="tile_13"/><MemPortTyVec>3 0 </MemPortTyVec>
</StgValue>
</bind>
</comp>

<comp id="34" class="1000" name="tile_14">
<pin_list>
<pin id="35" dir="1" index="0" bw="1" slack="0"/>
</pin_list>
<bind>
<StgValue><ssdm name="tile_14"/><MemPortTyVec>3 0 </MemPortTyVec>
</StgValue>
</bind>
</comp>

<comp id="36" class="1000" name="tile_15">
<pin_list>
<pin id="37" dir="1" index="0" bw="1" slack="0"/>
</pin_list>
<bind>
<StgValue><ssdm name="tile_15"/><MemPortTyVec>3 0 </MemPortTyVec>
</StgValue>
</bind>
</comp>

<comp id="38" class="1001" name="const_38">
<pin_list>
<pin id="39" dir="1" index="0" bw="1" slack="0"/>
</pin_list>
<bind>
<StgValue><ssdm name=""/></StgValue>
</bind>
</comp>

<comp id="40" class="1001" name="const_40">
<pin_list>
<pin id="41" dir="1" index="0" bw="1" slack="0"/>
</pin_list>
<bind>
<StgValue><ssdm name="_ssdm_op_Read.ap_auto.i58"/></StgValue>
</bind>
</comp>

<comp id="42" class="1001" name="const_42">
<pin_list>
<pin id="43" dir="1" index="0" bw="1" slack="0"/>
</pin_list>
<bind>
<StgValue><ssdm name="_ssdm_op_Read.ap_auto.i32"/></StgValue>
</bind>
</comp>

<comp id="44" class="1001" name="const_44">
<pin_list>
<pin id="45" dir="1" index="0" bw="1" slack="2147483647"/>
</pin_list>
<bind>
<StgValue><ssdm name="_ssdm_op_SpecMemCore"/></StgValue>
</bind>
</comp>

<comp id="46" class="1001" name="const_46">
<pin_list>
<pin id="47" dir="1" index="0" bw="1" slack="2147483647"/>
</pin_list>
<bind>
<StgValue><ssdm name=""/></StgValue>
</bind>
</comp>

<comp id="48" class="1001" name="const_48">
<pin_list>
<pin id="49" dir="1" index="0" bw="1" slack="2147483647"/>
</pin_list>
<bind>
<StgValue><ssdm name=""/></StgValue>
</bind>
</comp>

<comp id="50" class="1001" name="const_50">
<pin_list>
<pin id="51" dir="1" index="0" bw="1" slack="2147483647"/>
</pin_list>
<bind>
<StgValue><ssdm name=""/></StgValue>
</bind>
</comp>

<comp id="52" class="1001" name="const_52">
<pin_list>
<pin id="53" dir="1" index="0" bw="1" slack="2147483647"/>
</pin_list>
<bind>
<StgValue><ssdm name="_ssdm_op_SpecInterface"/></StgValue>
</bind>
</comp>

<comp id="54" class="1001" name="const_54">
<pin_list>
<pin id="55" dir="1" index="0" bw="1" slack="2147483647"/>
</pin_list>
<bind>
<StgValue><ssdm name="empty_21"/></StgValue>
</bind>
</comp>

<comp id="56" class="1001" name="const_56">
<pin_list>
<pin id="57" dir="1" index="0" bw="1" slack="2147483647"/>
</pin_list>
<bind>
<StgValue><ssdm name=""/></StgValue>
</bind>
</comp>

<comp id="58" class="1001" name="const_58">
<pin_list>
<pin id="59" dir="1" index="0" bw="1" slack="2147483647"/>
</pin_list>
<bind>
<StgValue><ssdm name="empty_27"/></StgValue>
</bind>
</comp>

<comp id="60" class="1001" name="const_60">
<pin_list>
<pin id="61" dir="1" index="0" bw="1" slack="0"/>
</pin_list>
<bind>
<StgValue><ssdm name=""/></StgValue>
</bind>
</comp>

<comp id="62" class="1001" name="const_62">
<pin_list>
<pin id="63" dir="1" index="0" bw="1" slack="2147483647"/>
</pin_list>
<bind>
<StgValue><ssdm name=""/></StgValue>
</bind>
</comp>

<comp id="64" class="1001" name="const_64">
<pin_list>
<pin id="65" dir="1" index="0" bw="1" slack="2147483647"/>
</pin_list>
<bind>
<StgValue><ssdm name="empty_38"/></StgValue>
</bind>
</comp>

<comp id="66" class="1001" name="const_66">
<pin_list>
<pin id="67" dir="1" index="0" bw="1" slack="2147483647"/>
</pin_list>
<bind>
<StgValue><ssdm name="empty_28"/></StgValue>
</bind>
</comp>

<comp id="68" class="1001" name="const_68">
<pin_list>
<pin id="69" dir="1" index="0" bw="1" slack="0"/>
</pin_list>
<bind>
<StgValue><ssdm name=""/></StgValue>
</bind>
</comp>

<comp id="70" class="1001" name="const_70">
<pin_list>
<pin id="71" dir="1" index="0" bw="1" slack="2147483647"/>
</pin_list>
<bind>
<StgValue><ssdm name=""/></StgValue>
</bind>
</comp>

<comp id="72" class="1001" name="const_72">
<pin_list>
<pin id="73" dir="1" index="0" bw="1" slack="0"/>
</pin_list>
<bind>
<StgValue><ssdm name=""/></StgValue>
</bind>
</comp>

<comp id="74" class="1001" name="const_74">
<pin_list>
<pin id="75" dir="1" index="0" bw="1" slack="0"/>
</pin_list>
<bind>
<StgValue><ssdm name=""/></StgValue>
</bind>
</comp>

<comp id="76" class="1001" name="const_76">
<pin_list>
<pin id="77" dir="1" index="0" bw="1" slack="0"/>
</pin_list>
<bind>
<StgValue><ssdm name="_ssdm_op_BitConcatenate.i9.i6.i3"/></StgValue>
</bind>
</comp>

<comp id="78" class="1001" name="const_78">
<pin_list>
<pin id="79" dir="1" index="0" bw="1" slack="0"/>
</pin_list>
<bind>
<StgValue><ssdm name=""/></StgValue>
</bind>
</comp>

<comp id="80" class="1001" name="const_80">
<pin_list>
<pin id="81" dir="1" index="0" bw="1" slack="0"/>
</pin_list>
<bind>
<StgValue><ssdm name=""/></StgValue>
</bind>
</comp>

<comp id="82" class="1001" name="const_82">
<pin_list>
<pin id="83" dir="1" index="0" bw="1" slack="0"/>
</pin_list>
<bind>
<StgValue><ssdm name="_ssdm_op_Read.m_axi.p1i512"/></StgValue>
</bind>
</comp>

<comp id="84" class="1001" name="const_84">
<pin_list>
<pin id="85" dir="1" index="0" bw="1" slack="0"/>
</pin_list>
<bind>
<StgValue><ssdm name="_ssdm_op_PartSelect.i16.i512.i32"/></StgValue>
</bind>
</comp>

<comp id="86" class="1001" name="const_86">
<pin_list>
<pin id="87" dir="1" index="0" bw="1" slack="0"/>
</pin_list>
<bind>
<StgValue><ssdm name=""/></StgValue>
</bind>
</comp>

<comp id="88" class="1001" name="const_88">
<pin_list>
<pin id="89" dir="1" index="0" bw="1" slack="0"/>
</pin_list>
<bind>
<StgValue><ssdm name=""/></StgValue>
</bind>
</comp>

<comp id="90" class="1001" name="const_90">
<pin_list>
<pin id="91" dir="1" index="0" bw="1" slack="0"/>
</pin_list>
<bind>
<StgValue><ssdm name=""/></StgValue>
</bind>
</comp>

<comp id="92" class="1001" name="const_92">
<pin_list>
<pin id="93" dir="1" index="0" bw="1" slack="0"/>
</pin_list>
<bind>
<StgValue><ssdm name=""/></StgValue>
</bind>
</comp>

<comp id="94" class="1001" name="const_94">
<pin_list>
<pin id="95" dir="1" index="0" bw="1" slack="0"/>
</pin_list>
<bind>
<StgValue><ssdm name=""/></StgValue>
</bind>
</comp>

<comp id="96" class="1001" name="const_96">
<pin_list>
<pin id="97" dir="1" index="0" bw="1" slack="0"/>
</pin_list>
<bind>
<StgValue><ssdm name=""/></StgValue>
</bind>
</comp>

<comp id="98" class="1001" name="const_98">
<pin_list>
<pin id="99" dir="1" index="0" bw="1" slack="0"/>
</pin_list>
<bind>
<StgValue><ssdm name=""/></StgValue>
</bind>
</comp>

<comp id="100" class="1001" name="const_100">
<pin_list>
<pin id="101" dir="1" index="0" bw="1" slack="0"/>
</pin_list>
<bind>
<StgValue><ssdm name=""/></StgValue>
</bind>
</comp>

<comp id="102" class="1001" name="const_102">
<pin_list>
<pin id="103" dir="1" index="0" bw="1" slack="0"/>
</pin_list>
<bind>
<StgValue><ssdm name=""/></StgValue>
</bind>
</comp>

<comp id="104" class="1001" name="const_104">
<pin_list>
<pin id="105" dir="1" index="0" bw="1" slack="0"/>
</pin_list>
<bind>
<StgValue><ssdm name=""/></StgValue>
</bind>
</comp>

<comp id="106" class="1001" name="const_106">
<pin_list>
<pin id="107" dir="1" index="0" bw="1" slack="0"/>
</pin_list>
<bind>
<StgValue><ssdm name=""/></StgValue>
</bind>
</comp>

<comp id="108" class="1001" name="const_108">
<pin_list>
<pin id="109" dir="1" index="0" bw="1" slack="0"/>
</pin_list>
<bind>
<StgValue><ssdm name=""/></StgValue>
</bind>
</comp>

<comp id="110" class="1001" name="const_110">
<pin_list>
<pin id="111" dir="1" index="0" bw="1" slack="0"/>
</pin_list>
<bind>
<StgValue><ssdm name=""/></StgValue>
</bind>
</comp>

<comp id="112" class="1001" name="const_112">
<pin_list>
<pin id="113" dir="1" index="0" bw="1" slack="0"/>
</pin_list>
<bind>
<StgValue><ssdm name=""/></StgValue>
</bind>
</comp>

<comp id="114" class="1001" name="const_114">
<pin_list>
<pin id="115" dir="1" index="0" bw="1" slack="0"/>
</pin_list>
<bind>
<StgValue><ssdm name=""/></StgValue>
</bind>
</comp>

<comp id="116" class="1001" name="const_116">
<pin_list>
<pin id="117" dir="1" index="0" bw="1" slack="0"/>
</pin_list>
<bind>
<StgValue><ssdm name=""/></StgValue>
</bind>
</comp>

<comp id="118" class="1001" name="const_118">
<pin_list>
<pin id="119" dir="1" index="0" bw="1" slack="0"/>
</pin_list>
<bind>
<StgValue><ssdm name=""/></StgValue>
</bind>
</comp>

<comp id="120" class="1001" name="const_120">
<pin_list>
<pin id="121" dir="1" index="0" bw="1" slack="0"/>
</pin_list>
<bind>
<StgValue><ssdm name=""/></StgValue>
</bind>
</comp>

<comp id="122" class="1001" name="const_122">
<pin_list>
<pin id="123" dir="1" index="0" bw="1" slack="0"/>
</pin_list>
<bind>
<StgValue><ssdm name=""/></StgValue>
</bind>
</comp>

<comp id="124" class="1001" name="const_124">
<pin_list>
<pin id="125" dir="1" index="0" bw="1" slack="0"/>
</pin_list>
<bind>
<StgValue><ssdm name=""/></StgValue>
</bind>
</comp>

<comp id="126" class="1001" name="const_126">
<pin_list>
<pin id="127" dir="1" index="0" bw="1" slack="0"/>
</pin_list>
<bind>
<StgValue><ssdm name=""/></StgValue>
</bind>
</comp>

<comp id="128" class="1001" name="const_128">
<pin_list>
<pin id="129" dir="1" index="0" bw="1" slack="0"/>
</pin_list>
<bind>
<StgValue><ssdm name=""/></StgValue>
</bind>
</comp>

<comp id="130" class="1001" name="const_130">
<pin_list>
<pin id="131" dir="1" index="0" bw="1" slack="0"/>
</pin_list>
<bind>
<StgValue><ssdm name=""/></StgValue>
</bind>
</comp>

<comp id="132" class="1001" name="const_132">
<pin_list>
<pin id="133" dir="1" index="0" bw="1" slack="0"/>
</pin_list>
<bind>
<StgValue><ssdm name=""/></StgValue>
</bind>
</comp>

<comp id="134" class="1001" name="const_134">
<pin_list>
<pin id="135" dir="1" index="0" bw="1" slack="0"/>
</pin_list>
<bind>
<StgValue><ssdm name=""/></StgValue>
</bind>
</comp>

<comp id="136" class="1001" name="const_136">
<pin_list>
<pin id="137" dir="1" index="0" bw="1" slack="0"/>
</pin_list>
<bind>
<StgValue><ssdm name=""/></StgValue>
</bind>
</comp>

<comp id="138" class="1001" name="const_138">
<pin_list>
<pin id="139" dir="1" index="0" bw="1" slack="0"/>
</pin_list>
<bind>
<StgValue><ssdm name=""/></StgValue>
</bind>
</comp>

<comp id="140" class="1001" name="const_140">
<pin_list>
<pin id="141" dir="1" index="0" bw="1" slack="0"/>
</pin_list>
<bind>
<StgValue><ssdm name=""/></StgValue>
</bind>
</comp>

<comp id="142" class="1001" name="const_142">
<pin_list>
<pin id="143" dir="1" index="0" bw="1" slack="0"/>
</pin_list>
<bind>
<StgValue><ssdm name=""/></StgValue>
</bind>
</comp>

<comp id="144" class="1001" name="const_144">
<pin_list>
<pin id="145" dir="1" index="0" bw="1" slack="0"/>
</pin_list>
<bind>
<StgValue><ssdm name=""/></StgValue>
</bind>
</comp>

<comp id="146" class="1001" name="const_146">
<pin_list>
<pin id="147" dir="1" index="0" bw="1" slack="0"/>
</pin_list>
<bind>
<StgValue><ssdm name=""/></StgValue>
</bind>
</comp>

<comp id="148" class="1001" name="const_148">
<pin_list>
<pin id="149" dir="1" index="0" bw="1" slack="0"/>
</pin_list>
<bind>
<StgValue><ssdm name=""/></StgValue>
</bind>
</comp>

<comp id="150" class="1001" name="const_150">
<pin_list>
<pin id="151" dir="1" index="0" bw="1" slack="0"/>
</pin_list>
<bind>
<StgValue><ssdm name=""/></StgValue>
</bind>
</comp>

<comp id="152" class="1001" name="const_152">
<pin_list>
<pin id="153" dir="1" index="0" bw="1" slack="0"/>
</pin_list>
<bind>
<StgValue><ssdm name=""/></StgValue>
</bind>
</comp>

<comp id="154" class="1001" name="const_154">
<pin_list>
<pin id="155" dir="1" index="0" bw="1" slack="0"/>
</pin_list>
<bind>
<StgValue><ssdm name=""/></StgValue>
</bind>
</comp>

<comp id="156" class="1001" name="const_156">
<pin_list>
<pin id="157" dir="1" index="0" bw="1" slack="0"/>
</pin_list>
<bind>
<StgValue><ssdm name=""/></StgValue>
</bind>
</comp>

<comp id="158" class="1001" name="const_158">
<pin_list>
<pin id="159" dir="1" index="0" bw="1" slack="2147483647"/>
</pin_list>
<bind>
<StgValue><ssdm name="_ssdm_op_SpecPipeline"/></StgValue>
</bind>
</comp>

<comp id="160" class="1001" name="const_160">
<pin_list>
<pin id="161" dir="1" index="0" bw="1" slack="2147483647"/>
</pin_list>
<bind>
<StgValue><ssdm name="_ssdm_op_SpecLoopName"/></StgValue>
</bind>
</comp>

<comp id="162" class="1001" name="const_162">
<pin_list>
<pin id="163" dir="1" index="0" bw="1" slack="2147483647"/>
</pin_list>
<bind>
<StgValue><ssdm name="empty_23"/></StgValue>
</bind>
</comp>

<comp id="164" class="1004" name="r_fu_164">
<pin_list>
<pin id="165" dir="0" index="0" bw="1" slack="0"/>
<pin id="166" dir="1" index="1" bw="10" slack="0"/>
</pin_list>
<bind>
<opcode="alloca(26) " fcode="alloca"/>
<opset="r/1 "/>
</bind>
</comp>

<comp id="168" class="1004" name="sext_ln112_2_read_read_fu_168">
<pin_list>
<pin id="169" dir="0" index="0" bw="58" slack="0"/>
<pin id="170" dir="0" index="1" bw="58" slack="0"/>
<pin id="171" dir="1" index="2" bw="58" slack="0"/>
</pin_list>
<bind>
<opcode="read(1150) " fcode="read"/>
<opset="sext_ln112_2_read/1 "/>
</bind>
</comp>

<comp id="174" class="1004" name="num_rows_read_read_fu_174">
<pin_list>
<pin id="175" dir="0" index="0" bw="32" slack="0"/>
<pin id="176" dir="0" index="1" bw="32" slack="0"/>
<pin id="177" dir="1" index="2" bw="32" slack="0"/>
</pin_list>
<bind>
<opcode="read(1150) " fcode="read"/>
<opset="num_rows_read/1 "/>
</bind>
</comp>

<comp id="180" class="1004" name="tile_0_addr_gep_fu_180">
<pin_list>
<pin id="181" dir="0" index="0" bw="16" slack="0"/>
<pin id="182" dir="0" index="1" bw="1" slack="0"/>
<pin id="183" dir="0" index="2" bw="9" slack="0"/>
<pin id="184" dir="1" index="3" bw="9" slack="0"/>
</pin_list>
<bind>
<opcode="getelementptr(29) " fcode="getelementptr"/>
<opset="tile_0_addr/2 "/>
</bind>
</comp>

<comp id="187" class="1004" name="tile_1_addr_gep_fu_187">
<pin_list>
<pin id="188" dir="0" index="0" bw="16" slack="0"/>
<pin id="189" dir="0" index="1" bw="1" slack="0"/>
<pin id="190" dir="0" index="2" bw="9" slack="0"/>
<pin id="191" dir="1" index="3" bw="9" slack="0"/>
</pin_list>
<bind>
<opcode="getelementptr(29) " fcode="getelementptr"/>
<opset="tile_1_addr/2 "/>
</bind>
</comp>

<comp id="194" class="1004" name="tile_2_addr_gep_fu_194">
<pin_list>
<pin id="195" dir="0" index="0" bw="16" slack="0"/>
<pin id="196" dir="0" index="1" bw="1" slack="0"/>
<pin id="197" dir="0" index="2" bw="9" slack="0"/>
<pin id="198" dir="1" index="3" bw="9" slack="0"/>
</pin_list>
<bind>
<opcode="getelementptr(29) " fcode="getelementptr"/>
<opset="tile_2_addr/2 "/>
</bind>
</comp>

<comp id="201" class="1004" name="tile_3_addr_gep_fu_201">
<pin_list>
<pin id="202" dir="0" index="0" bw="16" slack="0"/>
<pin id="203" dir="0" index="1" bw="1" slack="0"/>
<pin id="204" dir="0" index="2" bw="9" slack="0"/>
<pin id="205" dir="1" index="3" bw="9" slack="0"/>
</pin_list>
<bind>
<opcode="getelementptr(29) " fcode="getelementptr"/>
<opset="tile_3_addr/2 "/>
</bind>
</comp>

<comp id="208" class="1004" name="tile_4_addr_gep_fu_208">
<pin_list>
<pin id="209" dir="0" index="0" bw="16" slack="0"/>
<pin id="210" dir="0" index="1" bw="1" slack="0"/>
<pin id="211" dir="0" index="2" bw="9" slack="0"/>
<pin id="212" dir="1" index="3" bw="9" slack="0"/>
</pin_list>
<bind>
<opcode="getelementptr(29) " fcode="getelementptr"/>
<opset="tile_4_addr/2 "/>
</bind>
</comp>

<comp id="215" class="1004" name="tile_5_addr_gep_fu_215">
<pin_list>
<pin id="216" dir="0" index="0" bw="16" slack="0"/>
<pin id="217" dir="0" index="1" bw="1" slack="0"/>
<pin id="218" dir="0" index="2" bw="9" slack="0"/>
<pin id="219" dir="1" index="3" bw="9" slack="0"/>
</pin_list>
<bind>
<opcode="getelementptr(29) " fcode="getelementptr"/>
<opset="tile_5_addr/2 "/>
</bind>
</comp>

<comp id="222" class="1004" name="tile_6_addr_gep_fu_222">
<pin_list>
<pin id="223" dir="0" index="0" bw="16" slack="0"/>
<pin id="224" dir="0" index="1" bw="1" slack="0"/>
<pin id="225" dir="0" index="2" bw="9" slack="0"/>
<pin id="226" dir="1" index="3" bw="9" slack="0"/>
</pin_list>
<bind>
<opcode="getelementptr(29) " fcode="getelementptr"/>
<opset="tile_6_addr/2 "/>
</bind>
</comp>

<comp id="229" class="1004" name="tile_7_addr_gep_fu_229">
<pin_list>
<pin id="230" dir="0" index="0" bw="16" slack="0"/>
<pin id="231" dir="0" index="1" bw="1" slack="0"/>
<pin id="232" dir="0" index="2" bw="9" slack="0"/>
<pin id="233" dir="1" index="3" bw="9" slack="0"/>
</pin_list>
<bind>
<opcode="getelementptr(29) " fcode="getelementptr"/>
<opset="tile_7_addr/2 "/>
</bind>
</comp>

<comp id="236" class="1004" name="tile_8_addr_gep_fu_236">
<pin_list>
<pin id="237" dir="0" index="0" bw="16" slack="0"/>
<pin id="238" dir="0" index="1" bw="1" slack="0"/>
<pin id="239" dir="0" index="2" bw="9" slack="0"/>
<pin id="240" dir="1" index="3" bw="9" slack="0"/>
</pin_list>
<bind>
<opcode="getelementptr(29) " fcode="getelementptr"/>
<opset="tile_8_addr/2 "/>
</bind>
</comp>

<comp id="243" class="1004" name="tile_9_addr_gep_fu_243">
<pin_list>
<pin id="244" dir="0" index="0" bw="16" slack="0"/>
<pin id="245" dir="0" index="1" bw="1" slack="0"/>
<pin id="246" dir="0" index="2" bw="9" slack="0"/>
<pin id="247" dir="1" index="3" bw="9" slack="0"/>
</pin_list>
<bind>
<opcode="getelementptr(29) " fcode="getelementptr"/>
<opset="tile_9_addr/2 "/>
</bind>
</comp>

<comp id="250" class="1004" name="tile_10_addr_gep_fu_250">
<pin_list>
<pin id="251" dir="0" index="0" bw="16" slack="0"/>
<pin id="252" dir="0" index="1" bw="1" slack="0"/>
<pin id="253" dir="0" index="2" bw="9" slack="0"/>
<pin id="254" dir="1" index="3" bw="9" slack="0"/>
</pin_list>
<bind>
<opcode="getelementptr(29) " fcode="getelementptr"/>
<opset="tile_10_addr/2 "/>
</bind>
</comp>

<comp id="257" class="1004" name="tile_11_addr_gep_fu_257">
<pin_list>
<pin id="258" dir="0" index="0" bw="16" slack="0"/>
<pin id="259" dir="0" index="1" bw="1" slack="0"/>
<pin id="260" dir="0" index="2" bw="9" slack="0"/>
<pin id="261" dir="1" index="3" bw="9" slack="0"/>
</pin_list>
<bind>
<opcode="getelementptr(29) " fcode="getelementptr"/>
<opset="tile_11_addr/2 "/>
</bind>
</comp>

<comp id="264" class="1004" name="tile_12_addr_gep_fu_264">
<pin_list>
<pin id="265" dir="0" index="0" bw="16" slack="0"/>
<pin id="266" dir="0" index="1" bw="1" slack="0"/>
<pin id="267" dir="0" index="2" bw="9" slack="0"/>
<pin id="268" dir="1" index="3" bw="9" slack="0"/>
</pin_list>
<bind>
<opcode="getelementptr(29) " fcode="getelementptr"/>
<opset="tile_12_addr/2 "/>
</bind>
</comp>

<comp id="271" class="1004" name="tile_13_addr_gep_fu_271">
<pin_list>
<pin id="272" dir="0" index="0" bw="16" slack="0"/>
<pin id="273" dir="0" index="1" bw="1" slack="0"/>
<pin id="274" dir="0" index="2" bw="9" slack="0"/>
<pin id="275" dir="1" index="3" bw="9" slack="0"/>
</pin_list>
<bind>
<opcode="getelementptr(29) " fcode="getelementptr"/>
<opset="tile_13_addr/2 "/>
</bind>
</comp>

<comp id="278" class="1004" name="tile_14_addr_gep_fu_278">
<pin_list>
<pin id="279" dir="0" index="0" bw="16" slack="0"/>
<pin id="280" dir="0" index="1" bw="1" slack="0"/>
<pin id="281" dir="0" index="2" bw="9" slack="0"/>
<pin id="282" dir="1" index="3" bw="9" slack="0"/>
</pin_list>
<bind>
<opcode="getelementptr(29) " fcode="getelementptr"/>
<opset="tile_14_addr/2 "/>
</bind>
</comp>

<comp id="285" class="1004" name="tile_15_addr_gep_fu_285">
<pin_list>
<pin id="286" dir="0" index="0" bw="16" slack="0"/>
<pin id="287" dir="0" index="1" bw="1" slack="0"/>
<pin id="288" dir="0" index="2" bw="9" slack="0"/>
<pin id="289" dir="1" index="3" bw="9" slack="0"/>
</pin_list>
<bind>
<opcode="getelementptr(29) " fcode="getelementptr"/>
<opset="tile_15_addr/2 "/>
</bind>
</comp>

<comp id="292" class="1004" name="grp_access_fu_292">
<pin_list>
<pin id="293" dir="0" index="0" bw="9" slack="2147483647"/>
<pin id="294" dir="0" index="1" bw="16" slack="2147483647"/>
<pin id="295" dir="0" index="2" bw="0" slack="0"/>
<pin id="297" dir="0" index="4" bw="9" slack="0"/>
<pin id="298" dir="0" index="5" bw="16" slack="2147483647"/>
<pin id="299" dir="0" index="6" bw="0" slack="2147483647"/>
<pin id="296" dir="1" index="3" bw="16" slack="2147483647"/>
<pin id="300" dir="1" index="7" bw="16" slack="2147483647"/>
</pin_list>
<bind>
<opcode="store(28) " fcode="store"/>
<opset="store_ln130/2 store_ln130/3 store_ln130/4 store_ln130/5 store_ln130/6 store_ln130/7 store_ln130/8 store_ln130/9 "/>
</bind>
</comp>

<comp id="302" class="1004" name="grp_access_fu_302">
<pin_list>
<pin id="303" dir="0" index="0" bw="9" slack="2147483647"/>
<pin id="304" dir="0" index="1" bw="16" slack="2147483647"/>
<pin id="305" dir="0" index="2" bw="0" slack="0"/>
<pin id="307" dir="0" index="4" bw="9" slack="0"/>
<pin id="308" dir="0" index="5" bw="16" slack="2147483647"/>
<pin id="309" dir="0" index="6" bw="0" slack="2147483647"/>
<pin id="306" dir="1" index="3" bw="16" slack="2147483647"/>
<pin id="310" dir="1" index="7" bw="16" slack="2147483647"/>
</pin_list>
<bind>
<opcode="store(28) " fcode="store"/>
<opset="store_ln130/2 store_ln130/3 store_ln130/4 store_ln130/5 store_ln130/6 store_ln130/7 store_ln130/8 store_ln130/9 "/>
</bind>
</comp>

<comp id="312" class="1004" name="grp_access_fu_312">
<pin_list>
<pin id="313" dir="0" index="0" bw="9" slack="2147483647"/>
<pin id="314" dir="0" index="1" bw="16" slack="2147483647"/>
<pin id="315" dir="0" index="2" bw="0" slack="0"/>
<pin id="317" dir="0" index="4" bw="9" slack="0"/>
<pin id="318" dir="0" index="5" bw="16" slack="2147483647"/>
<pin id="319" dir="0" index="6" bw="0" slack="2147483647"/>
<pin id="316" dir="1" index="3" bw="16" slack="2147483647"/>
<pin id="320" dir="1" index="7" bw="16" slack="2147483647"/>
</pin_list>
<bind>
<opcode="store(28) " fcode="store"/>
<opset="store_ln130/2 store_ln130/3 store_ln130/4 store_ln130/5 store_ln130/6 store_ln130/7 store_ln130/8 store_ln130/9 "/>
</bind>
</comp>

<comp id="322" class="1004" name="grp_access_fu_322">
<pin_list>
<pin id="323" dir="0" index="0" bw="9" slack="2147483647"/>
<pin id="324" dir="0" index="1" bw="16" slack="2147483647"/>
<pin id="325" dir="0" index="2" bw="0" slack="0"/>
<pin id="327" dir="0" index="4" bw="9" slack="0"/>
<pin id="328" dir="0" index="5" bw="16" slack="2147483647"/>
<pin id="329" dir="0" index="6" bw="0" slack="2147483647"/>
<pin id="326" dir="1" index="3" bw="16" slack="2147483647"/>
<pin id="330" dir="1" index="7" bw="16" slack="2147483647"/>
</pin_list>
<bind>
<opcode="store(28) " fcode="store"/>
<opset="store_ln130/2 store_ln130/3 store_ln130/4 store_ln130/5 store_ln130/6 store_ln130/7 store_ln130/8 store_ln130/9 "/>
</bind>
</comp>

<comp id="332" class="1004" name="grp_access_fu_332">
<pin_list>
<pin id="333" dir="0" index="0" bw="9" slack="2147483647"/>
<pin id="334" dir="0" index="1" bw="16" slack="2147483647"/>
<pin id="335" dir="0" index="2" bw="0" slack="0"/>
<pin id="337" dir="0" index="4" bw="9" slack="0"/>
<pin id="338" dir="0" index="5" bw="16" slack="2147483647"/>
<pin id="339" dir="0" index="6" bw="0" slack="2147483647"/>
<pin id="336" dir="1" index="3" bw="16" slack="2147483647"/>
<pin id="340" dir="1" index="7" bw="16" slack="2147483647"/>
</pin_list>
<bind>
<opcode="store(28) " fcode="store"/>
<opset="store_ln130/2 store_ln130/3 store_ln130/4 store_ln130/5 store_ln130/6 store_ln130/7 store_ln130/8 store_ln130/9 "/>
</bind>
</comp>

<comp id="342" class="1004" name="grp_access_fu_342">
<pin_list>
<pin id="343" dir="0" index="0" bw="9" slack="2147483647"/>
<pin id="344" dir="0" index="1" bw="16" slack="2147483647"/>
<pin id="345" dir="0" index="2" bw="0" slack="0"/>
<pin id="347" dir="0" index="4" bw="9" slack="0"/>
<pin id="348" dir="0" index="5" bw="16" slack="2147483647"/>
<pin id="349" dir="0" index="6" bw="0" slack="2147483647"/>
<pin id="346" dir="1" index="3" bw="16" slack="2147483647"/>
<pin id="350" dir="1" index="7" bw="16" slack="2147483647"/>
</pin_list>
<bind>
<opcode="store(28) " fcode="store"/>
<opset="store_ln130/2 store_ln130/3 store_ln130/4 store_ln130/5 store_ln130/6 store_ln130/7 store_ln130/8 store_ln130/9 "/>
</bind>
</comp>

<comp id="352" class="1004" name="grp_access_fu_352">
<pin_list>
<pin id="353" dir="0" index="0" bw="9" slack="2147483647"/>
<pin id="354" dir="0" index="1" bw="16" slack="2147483647"/>
<pin id="355" dir="0" index="2" bw="0" slack="0"/>
<pin id="357" dir="0" index="4" bw="9" slack="0"/>
<pin id="358" dir="0" index="5" bw="16" slack="2147483647"/>
<pin id="359" dir="0" index="6" bw="0" slack="2147483647"/>
<pin id="356" dir="1" index="3" bw="16" slack="2147483647"/>
<pin id="360" dir="1" index="7" bw="16" slack="2147483647"/>
</pin_list>
<bind>
<opcode="store(28) " fcode="store"/>
<opset="store_ln130/2 store_ln130/3 store_ln130/4 store_ln130/5 store_ln130/6 store_ln130/7 store_ln130/8 store_ln130/9 "/>
</bind>
</comp>

<comp id="362" class="1004" name="grp_access_fu_362">
<pin_list>
<pin id="363" dir="0" index="0" bw="9" slack="2147483647"/>
<pin id="364" dir="0" index="1" bw="16" slack="2147483647"/>
<pin id="365" dir="0" index="2" bw="0" slack="0"/>
<pin id="367" dir="0" index="4" bw="9" slack="0"/>
<pin id="368" dir="0" index="5" bw="16" slack="2147483647"/>
<pin id="369" dir="0" index="6" bw="0" slack="2147483647"/>
<pin id="366" dir="1" index="3" bw="16" slack="2147483647"/>
<pin id="370" dir="1" index="7" bw="16" slack="2147483647"/>
</pin_list>
<bind>
<opcode="store(28) " fcode="store"/>
<opset="store_ln130/2 store_ln130/3 store_ln130/4 store_ln130/5 store_ln130/6 store_ln130/7 store_ln130/8 store_ln130/9 "/>
</bind>
</comp>

<comp id="372" class="1004" name="grp_access_fu_372">
<pin_list>
<pin id="373" dir="0" index="0" bw="9" slack="2147483647"/>
<pin id="374" dir="0" index="1" bw="16" slack="2147483647"/>
<pin id="375" dir="0" index="2" bw="0" slack="0"/>
<pin id="377" dir="0" index="4" bw="9" slack="0"/>
<pin id="378" dir="0" index="5" bw="16" slack="2147483647"/>
<pin id="379" dir="0" index="6" bw="0" slack="2147483647"/>
<pin id="376" dir="1" index="3" bw="16" slack="2147483647"/>
<pin id="380" dir="1" index="7" bw="16" slack="2147483647"/>
</pin_list>
<bind>
<opcode="store(28) " fcode="store"/>
<opset="store_ln130/2 store_ln130/3 store_ln130/4 store_ln130/5 store_ln130/6 store_ln130/7 store_ln130/8 store_ln130/9 "/>
</bind>
</comp>

<comp id="382" class="1004" name="grp_access_fu_382">
<pin_list>
<pin id="383" dir="0" index="0" bw="9" slack="2147483647"/>
<pin id="384" dir="0" index="1" bw="16" slack="2147483647"/>
<pin id="385" dir="0" index="2" bw="0" slack="0"/>
<pin id="387" dir="0" index="4" bw="9" slack="0"/>
<pin id="388" dir="0" index="5" bw="16" slack="2147483647"/>
<pin id="389" dir="0" index="6" bw="0" slack="2147483647"/>
<pin id="386" dir="1" index="3" bw="16" slack="2147483647"/>
<pin id="390" dir="1" index="7" bw="16" slack="2147483647"/>
</pin_list>
<bind>
<opcode="store(28) " fcode="store"/>
<opset="store_ln130/2 store_ln130/3 store_ln130/4 store_ln130/5 store_ln130/6 store_ln130/7 store_ln130/8 store_ln130/9 "/>
</bind>
</comp>

<comp id="392" class="1004" name="grp_access_fu_392">
<pin_list>
<pin id="393" dir="0" index="0" bw="9" slack="2147483647"/>
<pin id="394" dir="0" index="1" bw="16" slack="2147483647"/>
<pin id="395" dir="0" index="2" bw="0" slack="0"/>
<pin id="397" dir="0" index="4" bw="9" slack="0"/>
<pin id="398" dir="0" index="5" bw="16" slack="2147483647"/>
<pin id="399" dir="0" index="6" bw="0" slack="2147483647"/>
<pin id="396" dir="1" index="3" bw="16" slack="2147483647"/>
<pin id="400" dir="1" index="7" bw="16" slack="2147483647"/>
</pin_list>
<bind>
<opcode="store(28) " fcode="store"/>
<opset="store_ln130/2 store_ln130/3 store_ln130/4 store_ln130/5 store_ln130/6 store_ln130/7 store_ln130/8 store_ln130/9 "/>
</bind>
</comp>

<comp id="402" class="1004" name="grp_access_fu_402">
<pin_list>
<pin id="403" dir="0" index="0" bw="9" slack="2147483647"/>
<pin id="404" dir="0" index="1" bw="16" slack="2147483647"/>
<pin id="405" dir="0" index="2" bw="0" slack="0"/>
<pin id="407" dir="0" index="4" bw="9" slack="0"/>
<pin id="408" dir="0" index="5" bw="16" slack="2147483647"/>
<pin id="409" dir="0" index="6" bw="0" slack="2147483647"/>
<pin id="406" dir="1" index="3" bw="16" slack="2147483647"/>
<pin id="410" dir="1" index="7" bw="16" slack="2147483647"/>
</pin_list>
<bind>
<opcode="store(28) " fcode="store"/>
<opset="store_ln130/2 store_ln130/3 store_ln130/4 store_ln130/5 store_ln130/6 store_ln130/7 store_ln130/8 store_ln130/9 "/>
</bind>
</comp>

<comp id="412" class="1004" name="grp_access_fu_412">
<pin_list>
<pin id="413" dir="0" index="0" bw="9" slack="2147483647"/>
<pin id="414" dir="0" index="1" bw="16" slack="2147483647"/>
<pin id="415" dir="0" index="2" bw="0" slack="0"/>
<pin id="417" dir="0" index="4" bw="9" slack="0"/>
<pin id="418" dir="0" index="5" bw="16" slack="2147483647"/>
<pin id="419" dir="0" index="6" bw="0" slack="2147483647"/>
<pin id="416" dir="1" index="3" bw="16" slack="2147483647"/>
<pin id="420" dir="1" index="7" bw="16" slack="2147483647"/>
</pin_list>
<bind>
<opcode="store(28) " fcode="store"/>
<opset="store_ln130/2 store_ln130/3 store_ln130/4 store_ln130/5 store_ln130/6 store_ln130/7 store_ln130/8 store_ln130/9 "/>
</bind>
</comp>

<comp id="422" class="1004" name="grp_access_fu_422">
<pin_list>
<pin id="423" dir="0" index="0" bw="9" slack="2147483647"/>
<pin id="424" dir="0" index="1" bw="16" slack="2147483647"/>
<pin id="425" dir="0" index="2" bw="0" slack="0"/>
<pin id="427" dir="0" index="4" bw="9" slack="0"/>
<pin id="428" dir="0" index="5" bw="16" slack="2147483647"/>
<pin id="429" dir="0" index="6" bw="0" slack="2147483647"/>
<pin id="426" dir="1" index="3" bw="16" slack="2147483647"/>
<pin id="430" dir="1" index="7" bw="16" slack="2147483647"/>
</pin_list>
<bind>
<opcode="store(28) " fcode="store"/>
<opset="store_ln130/2 store_ln130/3 store_ln130/4 store_ln130/5 store_ln130/6 store_ln130/7 store_ln130/8 store_ln130/9 "/>
</bind>
</comp>

<comp id="432" class="1004" name="grp_access_fu_432">
<pin_list>
<pin id="433" dir="0" index="0" bw="9" slack="2147483647"/>
<pin id="434" dir="0" index="1" bw="16" slack="2147483647"/>
<pin id="435" dir="0" index="2" bw="0" slack="0"/>
<pin id="437" dir="0" index="4" bw="9" slack="0"/>
<pin id="438" dir="0" index="5" bw="16" slack="2147483647"/>
<pin id="439" dir="0" index="6" bw="0" slack="2147483647"/>
<pin id="436" dir="1" index="3" bw="16" slack="2147483647"/>
<pin id="440" dir="1" index="7" bw="16" slack="2147483647"/>
</pin_list>
<bind>
<opcode="store(28) " fcode="store"/>
<opset="store_ln130/2 store_ln130/3 store_ln130/4 store_ln130/5 store_ln130/6 store_ln130/7 store_ln130/8 store_ln130/9 "/>
</bind>
</comp>

<comp id="442" class="1004" name="grp_access_fu_442">
<pin_list>
<pin id="443" dir="0" index="0" bw="9" slack="2147483647"/>
<pin id="444" dir="0" index="1" bw="16" slack="2147483647"/>
<pin id="445" dir="0" index="2" bw="0" slack="0"/>
<pin id="447" dir="0" index="4" bw="9" slack="0"/>
<pin id="448" dir="0" index="5" bw="16" slack="2147483647"/>
<pin id="449" dir="0" index="6" bw="0" slack="2147483647"/>
<pin id="446" dir="1" index="3" bw="16" slack="2147483647"/>
<pin id="450" dir="1" index="7" bw="16" slack="2147483647"/>
</pin_list>
<bind>
<opcode="store(28) " fcode="store"/>
<opset="store_ln130/2 store_ln130/3 store_ln130/4 store_ln130/5 store_ln130/6 store_ln130/7 store_ln130/8 store_ln130/9 "/>
</bind>
</comp>

<comp id="452" class="1004" name="tile_0_addr_4_gep_fu_452">
<pin_list>
<pin id="453" dir="0" index="0" bw="16" slack="0"/>
<pin id="454" dir="0" index="1" bw="1" slack="0"/>
<pin id="455" dir="0" index="2" bw="9" slack="0"/>
<pin id="456" dir="1" index="3" bw="9" slack="0"/>
</pin_list>
<bind>
<opcode="getelementptr(29) " fcode="getelementptr"/>
<opset="tile_0_addr_4/3 "/>
</bind>
</comp>

<comp id="459" class="1004" name="tile_1_addr_4_gep_fu_459">
<pin_list>
<pin id="460" dir="0" index="0" bw="16" slack="0"/>
<pin id="461" dir="0" index="1" bw="1" slack="0"/>
<pin id="462" dir="0" index="2" bw="9" slack="0"/>
<pin id="463" dir="1" index="3" bw="9" slack="0"/>
</pin_list>
<bind>
<opcode="getelementptr(29) " fcode="getelementptr"/>
<opset="tile_1_addr_4/3 "/>
</bind>
</comp>

<comp id="466" class="1004" name="tile_2_addr_4_gep_fu_466">
<pin_list>
<pin id="467" dir="0" index="0" bw="16" slack="0"/>
<pin id="468" dir="0" index="1" bw="1" slack="0"/>
<pin id="469" dir="0" index="2" bw="9" slack="0"/>
<pin id="470" dir="1" index="3" bw="9" slack="0"/>
</pin_list>
<bind>
<opcode="getelementptr(29) " fcode="getelementptr"/>
<opset="tile_2_addr_4/3 "/>
</bind>
</comp>

<comp id="473" class="1004" name="tile_3_addr_4_gep_fu_473">
<pin_list>
<pin id="474" dir="0" index="0" bw="16" slack="0"/>
<pin id="475" dir="0" index="1" bw="1" slack="0"/>
<pin id="476" dir="0" index="2" bw="9" slack="0"/>
<pin id="477" dir="1" index="3" bw="9" slack="0"/>
</pin_list>
<bind>
<opcode="getelementptr(29) " fcode="getelementptr"/>
<opset="tile_3_addr_4/3 "/>
</bind>
</comp>

<comp id="480" class="1004" name="tile_4_addr_4_gep_fu_480">
<pin_list>
<pin id="481" dir="0" index="0" bw="16" slack="0"/>
<pin id="482" dir="0" index="1" bw="1" slack="0"/>
<pin id="483" dir="0" index="2" bw="9" slack="0"/>
<pin id="484" dir="1" index="3" bw="9" slack="0"/>
</pin_list>
<bind>
<opcode="getelementptr(29) " fcode="getelementptr"/>
<opset="tile_4_addr_4/3 "/>
</bind>
</comp>

<comp id="487" class="1004" name="tile_5_addr_4_gep_fu_487">
<pin_list>
<pin id="488" dir="0" index="0" bw="16" slack="0"/>
<pin id="489" dir="0" index="1" bw="1" slack="0"/>
<pin id="490" dir="0" index="2" bw="9" slack="0"/>
<pin id="491" dir="1" index="3" bw="9" slack="0"/>
</pin_list>
<bind>
<opcode="getelementptr(29) " fcode="getelementptr"/>
<opset="tile_5_addr_4/3 "/>
</bind>
</comp>

<comp id="494" class="1004" name="tile_6_addr_4_gep_fu_494">
<pin_list>
<pin id="495" dir="0" index="0" bw="16" slack="0"/>
<pin id="496" dir="0" index="1" bw="1" slack="0"/>
<pin id="497" dir="0" index="2" bw="9" slack="0"/>
<pin id="498" dir="1" index="3" bw="9" slack="0"/>
</pin_list>
<bind>
<opcode="getelementptr(29) " fcode="getelementptr"/>
<opset="tile_6_addr_4/3 "/>
</bind>
</comp>

<comp id="501" class="1004" name="tile_7_addr_4_gep_fu_501">
<pin_list>
<pin id="502" dir="0" index="0" bw="16" slack="0"/>
<pin id="503" dir="0" index="1" bw="1" slack="0"/>
<pin id="504" dir="0" index="2" bw="9" slack="0"/>
<pin id="505" dir="1" index="3" bw="9" slack="0"/>
</pin_list>
<bind>
<opcode="getelementptr(29) " fcode="getelementptr"/>
<opset="tile_7_addr_4/3 "/>
</bind>
</comp>

<comp id="508" class="1004" name="tile_8_addr_4_gep_fu_508">
<pin_list>
<pin id="509" dir="0" index="0" bw="16" slack="0"/>
<pin id="510" dir="0" index="1" bw="1" slack="0"/>
<pin id="511" dir="0" index="2" bw="9" slack="0"/>
<pin id="512" dir="1" index="3" bw="9" slack="0"/>
</pin_list>
<bind>
<opcode="getelementptr(29) " fcode="getelementptr"/>
<opset="tile_8_addr_4/3 "/>
</bind>
</comp>

<comp id="515" class="1004" name="tile_9_addr_4_gep_fu_515">
<pin_list>
<pin id="516" dir="0" index="0" bw="16" slack="0"/>
<pin id="517" dir="0" index="1" bw="1" slack="0"/>
<pin id="518" dir="0" index="2" bw="9" slack="0"/>
<pin id="519" dir="1" index="3" bw="9" slack="0"/>
</pin_list>
<bind>
<opcode="getelementptr(29) " fcode="getelementptr"/>
<opset="tile_9_addr_4/3 "/>
</bind>
</comp>

<comp id="522" class="1004" name="tile_10_addr_4_gep_fu_522">
<pin_list>
<pin id="523" dir="0" index="0" bw="16" slack="0"/>
<pin id="524" dir="0" index="1" bw="1" slack="0"/>
<pin id="525" dir="0" index="2" bw="9" slack="0"/>
<pin id="526" dir="1" index="3" bw="9" slack="0"/>
</pin_list>
<bind>
<opcode="getelementptr(29) " fcode="getelementptr"/>
<opset="tile_10_addr_4/3 "/>
</bind>
</comp>

<comp id="529" class="1004" name="tile_11_addr_4_gep_fu_529">
<pin_list>
<pin id="530" dir="0" index="0" bw="16" slack="0"/>
<pin id="531" dir="0" index="1" bw="1" slack="0"/>
<pin id="532" dir="0" index="2" bw="9" slack="0"/>
<pin id="533" dir="1" index="3" bw="9" slack="0"/>
</pin_list>
<bind>
<opcode="getelementptr(29) " fcode="getelementptr"/>
<opset="tile_11_addr_4/3 "/>
</bind>
</comp>

<comp id="536" class="1004" name="tile_12_addr_4_gep_fu_536">
<pin_list>
<pin id="537" dir="0" index="0" bw="16" slack="0"/>
<pin id="538" dir="0" index="1" bw="1" slack="0"/>
<pin id="539" dir="0" index="2" bw="9" slack="0"/>
<pin id="540" dir="1" index="3" bw="9" slack="0"/>
</pin_list>
<bind>
<opcode="getelementptr(29) " fcode="getelementptr"/>
<opset="tile_12_addr_4/3 "/>
</bind>
</comp>

<comp id="543" class="1004" name="tile_13_addr_4_gep_fu_543">
<pin_list>
<pin id="544" dir="0" index="0" bw="16" slack="0"/>
<pin id="545" dir="0" index="1" bw="1" slack="0"/>
<pin id="546" dir="0" index="2" bw="9" slack="0"/>
<pin id="547" dir="1" index="3" bw="9" slack="0"/>
</pin_list>
<bind>
<opcode="getelementptr(29) " fcode="getelementptr"/>
<opset="tile_13_addr_4/3 "/>
</bind>
</comp>

<comp id="550" class="1004" name="tile_14_addr_4_gep_fu_550">
<pin_list>
<pin id="551" dir="0" index="0" bw="16" slack="0"/>
<pin id="552" dir="0" index="1" bw="1" slack="0"/>
<pin id="553" dir="0" index="2" bw="9" slack="0"/>
<pin id="554" dir="1" index="3" bw="9" slack="0"/>
</pin_list>
<bind>
<opcode="getelementptr(29) " fcode="getelementptr"/>
<opset="tile_14_addr_4/3 "/>
</bind>
</comp>

<comp id="557" class="1004" name="tile_15_addr_4_gep_fu_557">
<pin_list>
<pin id="558" dir="0" index="0" bw="16" slack="0"/>
<pin id="559" dir="0" index="1" bw="1" slack="0"/>
<pin id="560" dir="0" index="2" bw="9" slack="0"/>
<pin id="561" dir="1" index="3" bw="9" slack="0"/>
</pin_list>
<bind>
<opcode="getelementptr(29) " fcode="getelementptr"/>
<opset="tile_15_addr_4/3 "/>
</bind>
</comp>

<comp id="580" class="1004" name="tile_0_addr_5_gep_fu_580">
<pin_list>
<pin id="581" dir="0" index="0" bw="16" slack="0"/>
<pin id="582" dir="0" index="1" bw="1" slack="0"/>
<pin id="583" dir="0" index="2" bw="9" slack="0"/>
<pin id="584" dir="1" index="3" bw="9" slack="0"/>
</pin_list>
<bind>
<opcode="getelementptr(29) " fcode="getelementptr"/>
<opset="tile_0_addr_5/4 "/>
</bind>
</comp>

<comp id="587" class="1004" name="tile_1_addr_5_gep_fu_587">
<pin_list>
<pin id="588" dir="0" index="0" bw="16" slack="0"/>
<pin id="589" dir="0" index="1" bw="1" slack="0"/>
<pin id="590" dir="0" index="2" bw="9" slack="0"/>
<pin id="591" dir="1" index="3" bw="9" slack="0"/>
</pin_list>
<bind>
<opcode="getelementptr(29) " fcode="getelementptr"/>
<opset="tile_1_addr_5/4 "/>
</bind>
</comp>

<comp id="594" class="1004" name="tile_2_addr_5_gep_fu_594">
<pin_list>
<pin id="595" dir="0" index="0" bw="16" slack="0"/>
<pin id="596" dir="0" index="1" bw="1" slack="0"/>
<pin id="597" dir="0" index="2" bw="9" slack="0"/>
<pin id="598" dir="1" index="3" bw="9" slack="0"/>
</pin_list>
<bind>
<opcode="getelementptr(29) " fcode="getelementptr"/>
<opset="tile_2_addr_5/4 "/>
</bind>
</comp>

<comp id="601" class="1004" name="tile_3_addr_5_gep_fu_601">
<pin_list>
<pin id="602" dir="0" index="0" bw="16" slack="0"/>
<pin id="603" dir="0" index="1" bw="1" slack="0"/>
<pin id="604" dir="0" index="2" bw="9" slack="0"/>
<pin id="605" dir="1" index="3" bw="9" slack="0"/>
</pin_list>
<bind>
<opcode="getelementptr(29) " fcode="getelementptr"/>
<opset="tile_3_addr_5/4 "/>
</bind>
</comp>

<comp id="608" class="1004" name="tile_4_addr_5_gep_fu_608">
<pin_list>
<pin id="609" dir="0" index="0" bw="16" slack="0"/>
<pin id="610" dir="0" index="1" bw="1" slack="0"/>
<pin id="611" dir="0" index="2" bw="9" slack="0"/>
<pin id="612" dir="1" index="3" bw="9" slack="0"/>
</pin_list>
<bind>
<opcode="getelementptr(29) " fcode="getelementptr"/>
<opset="tile_4_addr_5/4 "/>
</bind>
</comp>

<comp id="615" class="1004" name="tile_5_addr_5_gep_fu_615">
<pin_list>
<pin id="616" dir="0" index="0" bw="16" slack="0"/>
<pin id="617" dir="0" index="1" bw="1" slack="0"/>
<pin id="618" dir="0" index="2" bw="9" slack="0"/>
<pin id="619" dir="1" index="3" bw="9" slack="0"/>
</pin_list>
<bind>
<opcode="getelementptr(29) " fcode="getelementptr"/>
<opset="tile_5_addr_5/4 "/>
</bind>
</comp>

<comp id="622" class="1004" name="tile_6_addr_5_gep_fu_622">
<pin_list>
<pin id="623" dir="0" index="0" bw="16" slack="0"/>
<pin id="624" dir="0" index="1" bw="1" slack="0"/>
<pin id="625" dir="0" index="2" bw="9" slack="0"/>
<pin id="626" dir="1" index="3" bw="9" slack="0"/>
</pin_list>
<bind>
<opcode="getelementptr(29) " fcode="getelementptr"/>
<opset="tile_6_addr_5/4 "/>
</bind>
</comp>

<comp id="629" class="1004" name="tile_7_addr_5_gep_fu_629">
<pin_list>
<pin id="630" dir="0" index="0" bw="16" slack="0"/>
<pin id="631" dir="0" index="1" bw="1" slack="0"/>
<pin id="632" dir="0" index="2" bw="9" slack="0"/>
<pin id="633" dir="1" index="3" bw="9" slack="0"/>
</pin_list>
<bind>
<opcode="getelementptr(29) " fcode="getelementptr"/>
<opset="tile_7_addr_5/4 "/>
</bind>
</comp>

<comp id="636" class="1004" name="tile_8_addr_5_gep_fu_636">
<pin_list>
<pin id="637" dir="0" index="0" bw="16" slack="0"/>
<pin id="638" dir="0" index="1" bw="1" slack="0"/>
<pin id="639" dir="0" index="2" bw="9" slack="0"/>
<pin id="640" dir="1" index="3" bw="9" slack="0"/>
</pin_list>
<bind>
<opcode="getelementptr(29) " fcode="getelementptr"/>
<opset="tile_8_addr_5/4 "/>
</bind>
</comp>

<comp id="643" class="1004" name="tile_9_addr_5_gep_fu_643">
<pin_list>
<pin id="644" dir="0" index="0" bw="16" slack="0"/>
<pin id="645" dir="0" index="1" bw="1" slack="0"/>
<pin id="646" dir="0" index="2" bw="9" slack="0"/>
<pin id="647" dir="1" index="3" bw="9" slack="0"/>
</pin_list>
<bind>
<opcode="getelementptr(29) " fcode="getelementptr"/>
<opset="tile_9_addr_5/4 "/>
</bind>
</comp>

<comp id="650" class="1004" name="tile_10_addr_5_gep_fu_650">
<pin_list>
<pin id="651" dir="0" index="0" bw="16" slack="0"/>
<pin id="652" dir="0" index="1" bw="1" slack="0"/>
<pin id="653" dir="0" index="2" bw="9" slack="0"/>
<pin id="654" dir="1" index="3" bw="9" slack="0"/>
</pin_list>
<bind>
<opcode="getelementptr(29) " fcode="getelementptr"/>
<opset="tile_10_addr_5/4 "/>
</bind>
</comp>

<comp id="657" class="1004" name="tile_11_addr_5_gep_fu_657">
<pin_list>
<pin id="658" dir="0" index="0" bw="16" slack="0"/>
<pin id="659" dir="0" index="1" bw="1" slack="0"/>
<pin id="660" dir="0" index="2" bw="9" slack="0"/>
<pin id="661" dir="1" index="3" bw="9" slack="0"/>
</pin_list>
<bind>
<opcode="getelementptr(29) " fcode="getelementptr"/>
<opset="tile_11_addr_5/4 "/>
</bind>
</comp>

<comp id="664" class="1004" name="tile_12_addr_5_gep_fu_664">
<pin_list>
<pin id="665" dir="0" index="0" bw="16" slack="0"/>
<pin id="666" dir="0" index="1" bw="1" slack="0"/>
<pin id="667" dir="0" index="2" bw="9" slack="0"/>
<pin id="668" dir="1" index="3" bw="9" slack="0"/>
</pin_list>
<bind>
<opcode="getelementptr(29) " fcode="getelementptr"/>
<opset="tile_12_addr_5/4 "/>
</bind>
</comp>

<comp id="671" class="1004" name="tile_13_addr_5_gep_fu_671">
<pin_list>
<pin id="672" dir="0" index="0" bw="16" slack="0"/>
<pin id="673" dir="0" index="1" bw="1" slack="0"/>
<pin id="674" dir="0" index="2" bw="9" slack="0"/>
<pin id="675" dir="1" index="3" bw="9" slack="0"/>
</pin_list>
<bind>
<opcode="getelementptr(29) " fcode="getelementptr"/>
<opset="tile_13_addr_5/4 "/>
</bind>
</comp>

<comp id="678" class="1004" name="tile_14_addr_5_gep_fu_678">
<pin_list>
<pin id="679" dir="0" index="0" bw="16" slack="0"/>
<pin id="680" dir="0" index="1" bw="1" slack="0"/>
<pin id="681" dir="0" index="2" bw="9" slack="0"/>
<pin id="682" dir="1" index="3" bw="9" slack="0"/>
</pin_list>
<bind>
<opcode="getelementptr(29) " fcode="getelementptr"/>
<opset="tile_14_addr_5/4 "/>
</bind>
</comp>

<comp id="685" class="1004" name="tile_15_addr_5_gep_fu_685">
<pin_list>
<pin id="686" dir="0" index="0" bw="16" slack="0"/>
<pin id="687" dir="0" index="1" bw="1" slack="0"/>
<pin id="688" dir="0" index="2" bw="9" slack="0"/>
<pin id="689" dir="1" index="3" bw="9" slack="0"/>
</pin_list>
<bind>
<opcode="getelementptr(29) " fcode="getelementptr"/>
<opset="tile_15_addr_5/4 "/>
</bind>
</comp>

<comp id="708" class="1004" name="tile_0_addr_6_gep_fu_708">
<pin_list>
<pin id="709" dir="0" index="0" bw="16" slack="0"/>
<pin id="710" dir="0" index="1" bw="1" slack="0"/>
<pin id="711" dir="0" index="2" bw="9" slack="0"/>
<pin id="712" dir="1" index="3" bw="9" slack="0"/>
</pin_list>
<bind>
<opcode="getelementptr(29) " fcode="getelementptr"/>
<opset="tile_0_addr_6/5 "/>
</bind>
</comp>

<comp id="715" class="1004" name="tile_1_addr_6_gep_fu_715">
<pin_list>
<pin id="716" dir="0" index="0" bw="16" slack="0"/>
<pin id="717" dir="0" index="1" bw="1" slack="0"/>
<pin id="718" dir="0" index="2" bw="9" slack="0"/>
<pin id="719" dir="1" index="3" bw="9" slack="0"/>
</pin_list>
<bind>
<opcode="getelementptr(29) " fcode="getelementptr"/>
<opset="tile_1_addr_6/5 "/>
</bind>
</comp>

<comp id="722" class="1004" name="tile_2_addr_6_gep_fu_722">
<pin_list>
<pin id="723" dir="0" index="0" bw="16" slack="0"/>
<pin id="724" dir="0" index="1" bw="1" slack="0"/>
<pin id="725" dir="0" index="2" bw="9" slack="0"/>
<pin id="726" dir="1" index="3" bw="9" slack="0"/>
</pin_list>
<bind>
<opcode="getelementptr(29) " fcode="getelementptr"/>
<opset="tile_2_addr_6/5 "/>
</bind>
</comp>

<comp id="729" class="1004" name="tile_3_addr_6_gep_fu_729">
<pin_list>
<pin id="730" dir="0" index="0" bw="16" slack="0"/>
<pin id="731" dir="0" index="1" bw="1" slack="0"/>
<pin id="732" dir="0" index="2" bw="9" slack="0"/>
<pin id="733" dir="1" index="3" bw="9" slack="0"/>
</pin_list>
<bind>
<opcode="getelementptr(29) " fcode="getelementptr"/>
<opset="tile_3_addr_6/5 "/>
</bind>
</comp>

<comp id="736" class="1004" name="tile_4_addr_6_gep_fu_736">
<pin_list>
<pin id="737" dir="0" index="0" bw="16" slack="0"/>
<pin id="738" dir="0" index="1" bw="1" slack="0"/>
<pin id="739" dir="0" index="2" bw="9" slack="0"/>
<pin id="740" dir="1" index="3" bw="9" slack="0"/>
</pin_list>
<bind>
<opcode="getelementptr(29) " fcode="getelementptr"/>
<opset="tile_4_addr_6/5 "/>
</bind>
</comp>

<comp id="743" class="1004" name="tile_5_addr_6_gep_fu_743">
<pin_list>
<pin id="744" dir="0" index="0" bw="16" slack="0"/>
<pin id="745" dir="0" index="1" bw="1" slack="0"/>
<pin id="746" dir="0" index="2" bw="9" slack="0"/>
<pin id="747" dir="1" index="3" bw="9" slack="0"/>
</pin_list>
<bind>
<opcode="getelementptr(29) " fcode="getelementptr"/>
<opset="tile_5_addr_6/5 "/>
</bind>
</comp>

<comp id="750" class="1004" name="tile_6_addr_6_gep_fu_750">
<pin_list>
<pin id="751" dir="0" index="0" bw="16" slack="0"/>
<pin id="752" dir="0" index="1" bw="1" slack="0"/>
<pin id="753" dir="0" index="2" bw="9" slack="0"/>
<pin id="754" dir="1" index="3" bw="9" slack="0"/>
</pin_list>
<bind>
<opcode="getelementptr(29) " fcode="getelementptr"/>
<opset="tile_6_addr_6/5 "/>
</bind>
</comp>

<comp id="757" class="1004" name="tile_7_addr_6_gep_fu_757">
<pin_list>
<pin id="758" dir="0" index="0" bw="16" slack="0"/>
<pin id="759" dir="0" index="1" bw="1" slack="0"/>
<pin id="760" dir="0" index="2" bw="9" slack="0"/>
<pin id="761" dir="1" index="3" bw="9" slack="0"/>
</pin_list>
<bind>
<opcode="getelementptr(29) " fcode="getelementptr"/>
<opset="tile_7_addr_6/5 "/>
</bind>
</comp>

<comp id="764" class="1004" name="tile_8_addr_6_gep_fu_764">
<pin_list>
<pin id="765" dir="0" index="0" bw="16" slack="0"/>
<pin id="766" dir="0" index="1" bw="1" slack="0"/>
<pin id="767" dir="0" index="2" bw="9" slack="0"/>
<pin id="768" dir="1" index="3" bw="9" slack="0"/>
</pin_list>
<bind>
<opcode="getelementptr(29) " fcode="getelementptr"/>
<opset="tile_8_addr_6/5 "/>
</bind>
</comp>

<comp id="771" class="1004" name="tile_9_addr_6_gep_fu_771">
<pin_list>
<pin id="772" dir="0" index="0" bw="16" slack="0"/>
<pin id="773" dir="0" index="1" bw="1" slack="0"/>
<pin id="774" dir="0" index="2" bw="9" slack="0"/>
<pin id="775" dir="1" index="3" bw="9" slack="0"/>
</pin_list>
<bind>
<opcode="getelementptr(29) " fcode="getelementptr"/>
<opset="tile_9_addr_6/5 "/>
</bind>
</comp>

<comp id="778" class="1004" name="tile_10_addr_6_gep_fu_778">
<pin_list>
<pin id="779" dir="0" index="0" bw="16" slack="0"/>
<pin id="780" dir="0" index="1" bw="1" slack="0"/>
<pin id="781" dir="0" index="2" bw="9" slack="0"/>
<pin id="782" dir="1" index="3" bw="9" slack="0"/>
</pin_list>
<bind>
<opcode="getelementptr(29) " fcode="getelementptr"/>
<opset="tile_10_addr_6/5 "/>
</bind>
</comp>

<comp id="785" class="1004" name="tile_11_addr_6_gep_fu_785">
<pin_list>
<pin id="786" dir="0" index="0" bw="16" slack="0"/>
<pin id="787" dir="0" index="1" bw="1" slack="0"/>
<pin id="788" dir="0" index="2" bw="9" slack="0"/>
<pin id="789" dir="1" index="3" bw="9" slack="0"/>
</pin_list>
<bind>
<opcode="getelementptr(29) " fcode="getelementptr"/>
<opset="tile_11_addr_6/5 "/>
</bind>
</comp>

<comp id="792" class="1004" name="tile_12_addr_6_gep_fu_792">
<pin_list>
<pin id="793" dir="0" index="0" bw="16" slack="0"/>
<pin id="794" dir="0" index="1" bw="1" slack="0"/>
<pin id="795" dir="0" index="2" bw="9" slack="0"/>
<pin id="796" dir="1" index="3" bw="9" slack="0"/>
</pin_list>
<bind>
<opcode="getelementptr(29) " fcode="getelementptr"/>
<opset="tile_12_addr_6/5 "/>
</bind>
</comp>

<comp id="799" class="1004" name="tile_13_addr_6_gep_fu_799">
<pin_list>
<pin id="800" dir="0" index="0" bw="16" slack="0"/>
<pin id="801" dir="0" index="1" bw="1" slack="0"/>
<pin id="802" dir="0" index="2" bw="9" slack="0"/>
<pin id="803" dir="1" index="3" bw="9" slack="0"/>
</pin_list>
<bind>
<opcode="getelementptr(29) " fcode="getelementptr"/>
<opset="tile_13_addr_6/5 "/>
</bind>
</comp>

<comp id="806" class="1004" name="tile_14_addr_6_gep_fu_806">
<pin_list>
<pin id="807" dir="0" index="0" bw="16" slack="0"/>
<pin id="808" dir="0" index="1" bw="1" slack="0"/>
<pin id="809" dir="0" index="2" bw="9" slack="0"/>
<pin id="810" dir="1" index="3" bw="9" slack="0"/>
</pin_list>
<bind>
<opcode="getelementptr(29) " fcode="getelementptr"/>
<opset="tile_14_addr_6/5 "/>
</bind>
</comp>

<comp id="813" class="1004" name="tile_15_addr_6_gep_fu_813">
<pin_list>
<pin id="814" dir="0" index="0" bw="16" slack="0"/>
<pin id="815" dir="0" index="1" bw="1" slack="0"/>
<pin id="816" dir="0" index="2" bw="9" slack="0"/>
<pin id="817" dir="1" index="3" bw="9" slack="0"/>
</pin_list>
<bind>
<opcode="getelementptr(29) " fcode="getelementptr"/>
<opset="tile_15_addr_6/5 "/>
</bind>
</comp>

<comp id="836" class="1004" name="tile_0_addr_7_gep_fu_836">
<pin_list>
<pin id="837" dir="0" index="0" bw="16" slack="0"/>
<pin id="838" dir="0" index="1" bw="1" slack="0"/>
<pin id="839" dir="0" index="2" bw="9" slack="0"/>
<pin id="840" dir="1" index="3" bw="9" slack="0"/>
</pin_list>
<bind>
<opcode="getelementptr(29) " fcode="getelementptr"/>
<opset="tile_0_addr_7/6 "/>
</bind>
</comp>

<comp id="843" class="1004" name="tile_1_addr_7_gep_fu_843">
<pin_list>
<pin id="844" dir="0" index="0" bw="16" slack="0"/>
<pin id="845" dir="0" index="1" bw="1" slack="0"/>
<pin id="846" dir="0" index="2" bw="9" slack="0"/>
<pin id="847" dir="1" index="3" bw="9" slack="0"/>
</pin_list>
<bind>
<opcode="getelementptr(29) " fcode="getelementptr"/>
<opset="tile_1_addr_7/6 "/>
</bind>
</comp>

<comp id="850" class="1004" name="tile_2_addr_7_gep_fu_850">
<pin_list>
<pin id="851" dir="0" index="0" bw="16" slack="0"/>
<pin id="852" dir="0" index="1" bw="1" slack="0"/>
<pin id="853" dir="0" index="2" bw="9" slack="0"/>
<pin id="854" dir="1" index="3" bw="9" slack="0"/>
</pin_list>
<bind>
<opcode="getelementptr(29) " fcode="getelementptr"/>
<opset="tile_2_addr_7/6 "/>
</bind>
</comp>

<comp id="857" class="1004" name="tile_3_addr_7_gep_fu_857">
<pin_list>
<pin id="858" dir="0" index="0" bw="16" slack="0"/>
<pin id="859" dir="0" index="1" bw="1" slack="0"/>
<pin id="860" dir="0" index="2" bw="9" slack="0"/>
<pin id="861" dir="1" index="3" bw="9" slack="0"/>
</pin_list>
<bind>
<opcode="getelementptr(29) " fcode="getelementptr"/>
<opset="tile_3_addr_7/6 "/>
</bind>
</comp>

<comp id="864" class="1004" name="tile_4_addr_7_gep_fu_864">
<pin_list>
<pin id="865" dir="0" index="0" bw="16" slack="0"/>
<pin id="866" dir="0" index="1" bw="1" slack="0"/>
<pin id="867" dir="0" index="2" bw="9" slack="0"/>
<pin id="868" dir="1" index="3" bw="9" slack="0"/>
</pin_list>
<bind>
<opcode="getelementptr(29) " fcode="getelementptr"/>
<opset="tile_4_addr_7/6 "/>
</bind>
</comp>

<comp id="871" class="1004" name="tile_5_addr_7_gep_fu_871">
<pin_list>
<pin id="872" dir="0" index="0" bw="16" slack="0"/>
<pin id="873" dir="0" index="1" bw="1" slack="0"/>
<pin id="874" dir="0" index="2" bw="9" slack="0"/>
<pin id="875" dir="1" index="3" bw="9" slack="0"/>
</pin_list>
<bind>
<opcode="getelementptr(29) " fcode="getelementptr"/>
<opset="tile_5_addr_7/6 "/>
</bind>
</comp>

<comp id="878" class="1004" name="tile_6_addr_7_gep_fu_878">
<pin_list>
<pin id="879" dir="0" index="0" bw="16" slack="0"/>
<pin id="880" dir="0" index="1" bw="1" slack="0"/>
<pin id="881" dir="0" index="2" bw="9" slack="0"/>
<pin id="882" dir="1" index="3" bw="9" slack="0"/>
</pin_list>
<bind>
<opcode="getelementptr(29) " fcode="getelementptr"/>
<opset="tile_6_addr_7/6 "/>
</bind>
</comp>

<comp id="885" class="1004" name="tile_7_addr_7_gep_fu_885">
<pin_list>
<pin id="886" dir="0" index="0" bw="16" slack="0"/>
<pin id="887" dir="0" index="1" bw="1" slack="0"/>
<pin id="888" dir="0" index="2" bw="9" slack="0"/>
<pin id="889" dir="1" index="3" bw="9" slack="0"/>
</pin_list>
<bind>
<opcode="getelementptr(29) " fcode="getelementptr"/>
<opset="tile_7_addr_7/6 "/>
</bind>
</comp>

<comp id="892" class="1004" name="tile_8_addr_7_gep_fu_892">
<pin_list>
<pin id="893" dir="0" index="0" bw="16" slack="0"/>
<pin id="894" dir="0" index="1" bw="1" slack="0"/>
<pin id="895" dir="0" index="2" bw="9" slack="0"/>
<pin id="896" dir="1" index="3" bw="9" slack="0"/>
</pin_list>
<bind>
<opcode="getelementptr(29) " fcode="getelementptr"/>
<opset="tile_8_addr_7/6 "/>
</bind>
</comp>

<comp id="899" class="1004" name="tile_9_addr_7_gep_fu_899">
<pin_list>
<pin id="900" dir="0" index="0" bw="16" slack="0"/>
<pin id="901" dir="0" index="1" bw="1" slack="0"/>
<pin id="902" dir="0" index="2" bw="9" slack="0"/>
<pin id="903" dir="1" index="3" bw="9" slack="0"/>
</pin_list>
<bind>
<opcode="getelementptr(29) " fcode="getelementptr"/>
<opset="tile_9_addr_7/6 "/>
</bind>
</comp>

<comp id="906" class="1004" name="tile_10_addr_7_gep_fu_906">
<pin_list>
<pin id="907" dir="0" index="0" bw="16" slack="0"/>
<pin id="908" dir="0" index="1" bw="1" slack="0"/>
<pin id="909" dir="0" index="2" bw="9" slack="0"/>
<pin id="910" dir="1" index="3" bw="9" slack="0"/>
</pin_list>
<bind>
<opcode="getelementptr(29) " fcode="getelementptr"/>
<opset="tile_10_addr_7/6 "/>
</bind>
</comp>

<comp id="913" class="1004" name="tile_11_addr_7_gep_fu_913">
<pin_list>
<pin id="914" dir="0" index="0" bw="16" slack="0"/>
<pin id="915" dir="0" index="1" bw="1" slack="0"/>
<pin id="916" dir="0" index="2" bw="9" slack="0"/>
<pin id="917" dir="1" index="3" bw="9" slack="0"/>
</pin_list>
<bind>
<opcode="getelementptr(29) " fcode="getelementptr"/>
<opset="tile_11_addr_7/6 "/>
</bind>
</comp>

<comp id="920" class="1004" name="tile_12_addr_7_gep_fu_920">
<pin_list>
<pin id="921" dir="0" index="0" bw="16" slack="0"/>
<pin id="922" dir="0" index="1" bw="1" slack="0"/>
<pin id="923" dir="0" index="2" bw="9" slack="0"/>
<pin id="924" dir="1" index="3" bw="9" slack="0"/>
</pin_list>
<bind>
<opcode="getelementptr(29) " fcode="getelementptr"/>
<opset="tile_12_addr_7/6 "/>
</bind>
</comp>

<comp id="927" class="1004" name="tile_13_addr_7_gep_fu_927">
<pin_list>
<pin id="928" dir="0" index="0" bw="16" slack="0"/>
<pin id="929" dir="0" index="1" bw="1" slack="0"/>
<pin id="930" dir="0" index="2" bw="9" slack="0"/>
<pin id="931" dir="1" index="3" bw="9" slack="0"/>
</pin_list>
<bind>
<opcode="getelementptr(29) " fcode="getelementptr"/>
<opset="tile_13_addr_7/6 "/>
</bind>
</comp>

<comp id="934" class="1004" name="tile_14_addr_7_gep_fu_934">
<pin_list>
<pin id="935" dir="0" index="0" bw="16" slack="0"/>
<pin id="936" dir="0" index="1" bw="1" slack="0"/>
<pin id="937" dir="0" index="2" bw="9" slack="0"/>
<pin id="938" dir="1" index="3" bw="9" slack="0"/>
</pin_list>
<bind>
<opcode="getelementptr(29) " fcode="getelementptr"/>
<opset="tile_14_addr_7/6 "/>
</bind>
</comp>

<comp id="941" class="1004" name="tile_15_addr_7_gep_fu_941">
<pin_list>
<pin id="942" dir="0" index="0" bw="16" slack="0"/>
<pin id="943" dir="0" index="1" bw="1" slack="0"/>
<pin id="944" dir="0" index="2" bw="9" slack="0"/>
<pin id="945" dir="1" index="3" bw="9" slack="0"/>
</pin_list>
<bind>
<opcode="getelementptr(29) " fcode="getelementptr"/>
<opset="tile_15_addr_7/6 "/>
</bind>
</comp>

<comp id="964" class="1004" name="tile_0_addr_8_gep_fu_964">
<pin_list>
<pin id="965" dir="0" index="0" bw="16" slack="0"/>
<pin id="966" dir="0" index="1" bw="1" slack="0"/>
<pin id="967" dir="0" index="2" bw="9" slack="0"/>
<pin id="968" dir="1" index="3" bw="9" slack="0"/>
</pin_list>
<bind>
<opcode="getelementptr(29) " fcode="getelementptr"/>
<opset="tile_0_addr_8/7 "/>
</bind>
</comp>

<comp id="971" class="1004" name="tile_1_addr_8_gep_fu_971">
<pin_list>
<pin id="972" dir="0" index="0" bw="16" slack="0"/>
<pin id="973" dir="0" index="1" bw="1" slack="0"/>
<pin id="974" dir="0" index="2" bw="9" slack="0"/>
<pin id="975" dir="1" index="3" bw="9" slack="0"/>
</pin_list>
<bind>
<opcode="getelementptr(29) " fcode="getelementptr"/>
<opset="tile_1_addr_8/7 "/>
</bind>
</comp>

<comp id="978" class="1004" name="tile_2_addr_8_gep_fu_978">
<pin_list>
<pin id="979" dir="0" index="0" bw="16" slack="0"/>
<pin id="980" dir="0" index="1" bw="1" slack="0"/>
<pin id="981" dir="0" index="2" bw="9" slack="0"/>
<pin id="982" dir="1" index="3" bw="9" slack="0"/>
</pin_list>
<bind>
<opcode="getelementptr(29) " fcode="getelementptr"/>
<opset="tile_2_addr_8/7 "/>
</bind>
</comp>

<comp id="985" class="1004" name="tile_3_addr_8_gep_fu_985">
<pin_list>
<pin id="986" dir="0" index="0" bw="16" slack="0"/>
<pin id="987" dir="0" index="1" bw="1" slack="0"/>
<pin id="988" dir="0" index="2" bw="9" slack="0"/>
<pin id="989" dir="1" index="3" bw="9" slack="0"/>
</pin_list>
<bind>
<opcode="getelementptr(29) " fcode="getelementptr"/>
<opset="tile_3_addr_8/7 "/>
</bind>
</comp>

<comp id="992" class="1004" name="tile_4_addr_8_gep_fu_992">
<pin_list>
<pin id="993" dir="0" index="0" bw="16" slack="0"/>
<pin id="994" dir="0" index="1" bw="1" slack="0"/>
<pin id="995" dir="0" index="2" bw="9" slack="0"/>
<pin id="996" dir="1" index="3" bw="9" slack="0"/>
</pin_list>
<bind>
<opcode="getelementptr(29) " fcode="getelementptr"/>
<opset="tile_4_addr_8/7 "/>
</bind>
</comp>

<comp id="999" class="1004" name="tile_5_addr_8_gep_fu_999">
<pin_list>
<pin id="1000" dir="0" index="0" bw="16" slack="0"/>
<pin id="1001" dir="0" index="1" bw="1" slack="0"/>
<pin id="1002" dir="0" index="2" bw="9" slack="0"/>
<pin id="1003" dir="1" index="3" bw="9" slack="0"/>
</pin_list>
<bind>
<opcode="getelementptr(29) " fcode="getelementptr"/>
<opset="tile_5_addr_8/7 "/>
</bind>
</comp>

<comp id="1006" class="1004" name="tile_6_addr_8_gep_fu_1006">
<pin_list>
<pin id="1007" dir="0" index="0" bw="16" slack="0"/>
<pin id="1008" dir="0" index="1" bw="1" slack="0"/>
<pin id="1009" dir="0" index="2" bw="9" slack="0"/>
<pin id="1010" dir="1" index="3" bw="9" slack="0"/>
</pin_list>
<bind>
<opcode="getelementptr(29) " fcode="getelementptr"/>
<opset="tile_6_addr_8/7 "/>
</bind>
</comp>

<comp id="1013" class="1004" name="tile_7_addr_8_gep_fu_1013">
<pin_list>
<pin id="1014" dir="0" index="0" bw="16" slack="0"/>
<pin id="1015" dir="0" index="1" bw="1" slack="0"/>
<pin id="1016" dir="0" index="2" bw="9" slack="0"/>
<pin id="1017" dir="1" index="3" bw="9" slack="0"/>
</pin_list>
<bind>
<opcode="getelementptr(29) " fcode="getelementptr"/>
<opset="tile_7_addr_8/7 "/>
</bind>
</comp>

<comp id="1020" class="1004" name="tile_8_addr_8_gep_fu_1020">
<pin_list>
<pin id="1021" dir="0" index="0" bw="16" slack="0"/>
<pin id="1022" dir="0" index="1" bw="1" slack="0"/>
<pin id="1023" dir="0" index="2" bw="9" slack="0"/>
<pin id="1024" dir="1" index="3" bw="9" slack="0"/>
</pin_list>
<bind>
<opcode="getelementptr(29) " fcode="getelementptr"/>
<opset="tile_8_addr_8/7 "/>
</bind>
</comp>

<comp id="1027" class="1004" name="tile_9_addr_8_gep_fu_1027">
<pin_list>
<pin id="1028" dir="0" index="0" bw="16" slack="0"/>
<pin id="1029" dir="0" index="1" bw="1" slack="0"/>
<pin id="1030" dir="0" index="2" bw="9" slack="0"/>
<pin id="1031" dir="1" index="3" bw="9" slack="0"/>
</pin_list>
<bind>
<opcode="getelementptr(29) " fcode="getelementptr"/>
<opset="tile_9_addr_8/7 "/>
</bind>
</comp>

<comp id="1034" class="1004" name="tile_10_addr_8_gep_fu_1034">
<pin_list>
<pin id="1035" dir="0" index="0" bw="16" slack="0"/>
<pin id="1036" dir="0" index="1" bw="1" slack="0"/>
<pin id="1037" dir="0" index="2" bw="9" slack="0"/>
<pin id="1038" dir="1" index="3" bw="9" slack="0"/>
</pin_list>
<bind>
<opcode="getelementptr(29) " fcode="getelementptr"/>
<opset="tile_10_addr_8/7 "/>
</bind>
</comp>

<comp id="1041" class="1004" name="tile_11_addr_8_gep_fu_1041">
<pin_list>
<pin id="1042" dir="0" index="0" bw="16" slack="0"/>
<pin id="1043" dir="0" index="1" bw="1" slack="0"/>
<pin id="1044" dir="0" index="2" bw="9" slack="0"/>
<pin id="1045" dir="1" index="3" bw="9" slack="0"/>
</pin_list>
<bind>
<opcode="getelementptr(29) " fcode="getelementptr"/>
<opset="tile_11_addr_8/7 "/>
</bind>
</comp>

<comp id="1048" class="1004" name="tile_12_addr_8_gep_fu_1048">
<pin_list>
<pin id="1049" dir="0" index="0" bw="16" slack="0"/>
<pin id="1050" dir="0" index="1" bw="1" slack="0"/>
<pin id="1051" dir="0" index="2" bw="9" slack="0"/>
<pin id="1052" dir="1" index="3" bw="9" slack="0"/>
</pin_list>
<bind>
<opcode="getelementptr(29) " fcode="getelementptr"/>
<opset="tile_12_addr_8/7 "/>
</bind>
</comp>

<comp id="1055" class="1004" name="tile_13_addr_8_gep_fu_1055">
<pin_list>
<pin id="1056" dir="0" index="0" bw="16" slack="0"/>
<pin id="1057" dir="0" index="1" bw="1" slack="0"/>
<pin id="1058" dir="0" index="2" bw="9" slack="0"/>
<pin id="1059" dir="1" index="3" bw="9" slack="0"/>
</pin_list>
<bind>
<opcode="getelementptr(29) " fcode="getelementptr"/>
<opset="tile_13_addr_8/7 "/>
</bind>
</comp>

<comp id="1062" class="1004" name="tile_14_addr_8_gep_fu_1062">
<pin_list>
<pin id="1063" dir="0" index="0" bw="16" slack="0"/>
<pin id="1064" dir="0" index="1" bw="1" slack="0"/>
<pin id="1065" dir="0" index="2" bw="9" slack="0"/>
<pin id="1066" dir="1" index="3" bw="9" slack="0"/>
</pin_list>
<bind>
<opcode="getelementptr(29) " fcode="getelementptr"/>
<opset="tile_14_addr_8/7 "/>
</bind>
</comp>

<comp id="1069" class="1004" name="tile_15_addr_8_gep_fu_1069">
<pin_list>
<pin id="1070" dir="0" index="0" bw="16" slack="0"/>
<pin id="1071" dir="0" index="1" bw="1" slack="0"/>
<pin id="1072" dir="0" index="2" bw="9" slack="0"/>
<pin id="1073" dir="1" index="3" bw="9" slack="0"/>
</pin_list>
<bind>
<opcode="getelementptr(29) " fcode="getelementptr"/>
<opset="tile_15_addr_8/7 "/>
</bind>
</comp>

<comp id="1092" class="1004" name="tile_0_addr_9_gep_fu_1092">
<pin_list>
<pin id="1093" dir="0" index="0" bw="16" slack="0"/>
<pin id="1094" dir="0" index="1" bw="1" slack="0"/>
<pin id="1095" dir="0" index="2" bw="9" slack="0"/>
<pin id="1096" dir="1" index="3" bw="9" slack="0"/>
</pin_list>
<bind>
<opcode="getelementptr(29) " fcode="getelementptr"/>
<opset="tile_0_addr_9/8 "/>
</bind>
</comp>

<comp id="1099" class="1004" name="tile_1_addr_9_gep_fu_1099">
<pin_list>
<pin id="1100" dir="0" index="0" bw="16" slack="0"/>
<pin id="1101" dir="0" index="1" bw="1" slack="0"/>
<pin id="1102" dir="0" index="2" bw="9" slack="0"/>
<pin id="1103" dir="1" index="3" bw="9" slack="0"/>
</pin_list>
<bind>
<opcode="getelementptr(29) " fcode="getelementptr"/>
<opset="tile_1_addr_9/8 "/>
</bind>
</comp>

<comp id="1106" class="1004" name="tile_2_addr_9_gep_fu_1106">
<pin_list>
<pin id="1107" dir="0" index="0" bw="16" slack="0"/>
<pin id="1108" dir="0" index="1" bw="1" slack="0"/>
<pin id="1109" dir="0" index="2" bw="9" slack="0"/>
<pin id="1110" dir="1" index="3" bw="9" slack="0"/>
</pin_list>
<bind>
<opcode="getelementptr(29) " fcode="getelementptr"/>
<opset="tile_2_addr_9/8 "/>
</bind>
</comp>

<comp id="1113" class="1004" name="tile_3_addr_9_gep_fu_1113">
<pin_list>
<pin id="1114" dir="0" index="0" bw="16" slack="0"/>
<pin id="1115" dir="0" index="1" bw="1" slack="0"/>
<pin id="1116" dir="0" index="2" bw="9" slack="0"/>
<pin id="1117" dir="1" index="3" bw="9" slack="0"/>
</pin_list>
<bind>
<opcode="getelementptr(29) " fcode="getelementptr"/>
<opset="tile_3_addr_9/8 "/>
</bind>
</comp>

<comp id="1120" class="1004" name="tile_4_addr_9_gep_fu_1120">
<pin_list>
<pin id="1121" dir="0" index="0" bw="16" slack="0"/>
<pin id="1122" dir="0" index="1" bw="1" slack="0"/>
<pin id="1123" dir="0" index="2" bw="9" slack="0"/>
<pin id="1124" dir="1" index="3" bw="9" slack="0"/>
</pin_list>
<bind>
<opcode="getelementptr(29) " fcode="getelementptr"/>
<opset="tile_4_addr_9/8 "/>
</bind>
</comp>

<comp id="1127" class="1004" name="tile_5_addr_9_gep_fu_1127">
<pin_list>
<pin id="1128" dir="0" index="0" bw="16" slack="0"/>
<pin id="1129" dir="0" index="1" bw="1" slack="0"/>
<pin id="1130" dir="0" index="2" bw="9" slack="0"/>
<pin id="1131" dir="1" index="3" bw="9" slack="0"/>
</pin_list>
<bind>
<opcode="getelementptr(29) " fcode="getelementptr"/>
<opset="tile_5_addr_9/8 "/>
</bind>
</comp>

<comp id="1134" class="1004" name="tile_6_addr_9_gep_fu_1134">
<pin_list>
<pin id="1135" dir="0" index="0" bw="16" slack="0"/>
<pin id="1136" dir="0" index="1" bw="1" slack="0"/>
<pin id="1137" dir="0" index="2" bw="9" slack="0"/>
<pin id="1138" dir="1" index="3" bw="9" slack="0"/>
</pin_list>
<bind>
<opcode="getelementptr(29) " fcode="getelementptr"/>
<opset="tile_6_addr_9/8 "/>
</bind>
</comp>

<comp id="1141" class="1004" name="tile_7_addr_9_gep_fu_1141">
<pin_list>
<pin id="1142" dir="0" index="0" bw="16" slack="0"/>
<pin id="1143" dir="0" index="1" bw="1" slack="0"/>
<pin id="1144" dir="0" index="2" bw="9" slack="0"/>
<pin id="1145" dir="1" index="3" bw="9" slack="0"/>
</pin_list>
<bind>
<opcode="getelementptr(29) " fcode="getelementptr"/>
<opset="tile_7_addr_9/8 "/>
</bind>
</comp>

<comp id="1148" class="1004" name="tile_8_addr_9_gep_fu_1148">
<pin_list>
<pin id="1149" dir="0" index="0" bw="16" slack="0"/>
<pin id="1150" dir="0" index="1" bw="1" slack="0"/>
<pin id="1151" dir="0" index="2" bw="9" slack="0"/>
<pin id="1152" dir="1" index="3" bw="9" slack="0"/>
</pin_list>
<bind>
<opcode="getelementptr(29) " fcode="getelementptr"/>
<opset="tile_8_addr_9/8 "/>
</bind>
</comp>

<comp id="1155" class="1004" name="tile_9_addr_9_gep_fu_1155">
<pin_list>
<pin id="1156" dir="0" index="0" bw="16" slack="0"/>
<pin id="1157" dir="0" index="1" bw="1" slack="0"/>
<pin id="1158" dir="0" index="2" bw="9" slack="0"/>
<pin id="1159" dir="1" index="3" bw="9" slack="0"/>
</pin_list>
<bind>
<opcode="getelementptr(29) " fcode="getelementptr"/>
<opset="tile_9_addr_9/8 "/>
</bind>
</comp>

<comp id="1162" class="1004" name="tile_10_addr_9_gep_fu_1162">
<pin_list>
<pin id="1163" dir="0" index="0" bw="16" slack="0"/>
<pin id="1164" dir="0" index="1" bw="1" slack="0"/>
<pin id="1165" dir="0" index="2" bw="9" slack="0"/>
<pin id="1166" dir="1" index="3" bw="9" slack="0"/>
</pin_list>
<bind>
<opcode="getelementptr(29) " fcode="getelementptr"/>
<opset="tile_10_addr_9/8 "/>
</bind>
</comp>

<comp id="1169" class="1004" name="tile_11_addr_9_gep_fu_1169">
<pin_list>
<pin id="1170" dir="0" index="0" bw="16" slack="0"/>
<pin id="1171" dir="0" index="1" bw="1" slack="0"/>
<pin id="1172" dir="0" index="2" bw="9" slack="0"/>
<pin id="1173" dir="1" index="3" bw="9" slack="0"/>
</pin_list>
<bind>
<opcode="getelementptr(29) " fcode="getelementptr"/>
<opset="tile_11_addr_9/8 "/>
</bind>
</comp>

<comp id="1176" class="1004" name="tile_12_addr_9_gep_fu_1176">
<pin_list>
<pin id="1177" dir="0" index="0" bw="16" slack="0"/>
<pin id="1178" dir="0" index="1" bw="1" slack="0"/>
<pin id="1179" dir="0" index="2" bw="9" slack="0"/>
<pin id="1180" dir="1" index="3" bw="9" slack="0"/>
</pin_list>
<bind>
<opcode="getelementptr(29) " fcode="getelementptr"/>
<opset="tile_12_addr_9/8 "/>
</bind>
</comp>

<comp id="1183" class="1004" name="tile_13_addr_9_gep_fu_1183">
<pin_list>
<pin id="1184" dir="0" index="0" bw="16" slack="0"/>
<pin id="1185" dir="0" index="1" bw="1" slack="0"/>
<pin id="1186" dir="0" index="2" bw="9" slack="0"/>
<pin id="1187" dir="1" index="3" bw="9" slack="0"/>
</pin_list>
<bind>
<opcode="getelementptr(29) " fcode="getelementptr"/>
<opset="tile_13_addr_9/8 "/>
</bind>
</comp>

<comp id="1190" class="1004" name="tile_14_addr_9_gep_fu_1190">
<pin_list>
<pin id="1191" dir="0" index="0" bw="16" slack="0"/>
<pin id="1192" dir="0" index="1" bw="1" slack="0"/>
<pin id="1193" dir="0" index="2" bw="9" slack="0"/>
<pin id="1194" dir="1" index="3" bw="9" slack="0"/>
</pin_list>
<bind>
<opcode="getelementptr(29) " fcode="getelementptr"/>
<opset="tile_14_addr_9/8 "/>
</bind>
</comp>

<comp id="1197" class="1004" name="tile_15_addr_9_gep_fu_1197">
<pin_list>
<pin id="1198" dir="0" index="0" bw="16" slack="0"/>
<pin id="1199" dir="0" index="1" bw="1" slack="0"/>
<pin id="1200" dir="0" index="2" bw="9" slack="0"/>
<pin id="1201" dir="1" index="3" bw="9" slack="0"/>
</pin_list>
<bind>
<opcode="getelementptr(29) " fcode="getelementptr"/>
<opset="tile_15_addr_9/8 "/>
</bind>
</comp>

<comp id="1220" class="1004" name="tile_0_addr_10_gep_fu_1220">
<pin_list>
<pin id="1221" dir="0" index="0" bw="16" slack="0"/>
<pin id="1222" dir="0" index="1" bw="1" slack="0"/>
<pin id="1223" dir="0" index="2" bw="9" slack="0"/>
<pin id="1224" dir="1" index="3" bw="9" slack="0"/>
</pin_list>
<bind>
<opcode="getelementptr(29) " fcode="getelementptr"/>
<opset="tile_0_addr_10/9 "/>
</bind>
</comp>

<comp id="1227" class="1004" name="tile_1_addr_10_gep_fu_1227">
<pin_list>
<pin id="1228" dir="0" index="0" bw="16" slack="0"/>
<pin id="1229" dir="0" index="1" bw="1" slack="0"/>
<pin id="1230" dir="0" index="2" bw="9" slack="0"/>
<pin id="1231" dir="1" index="3" bw="9" slack="0"/>
</pin_list>
<bind>
<opcode="getelementptr(29) " fcode="getelementptr"/>
<opset="tile_1_addr_10/9 "/>
</bind>
</comp>

<comp id="1234" class="1004" name="tile_2_addr_10_gep_fu_1234">
<pin_list>
<pin id="1235" dir="0" index="0" bw="16" slack="0"/>
<pin id="1236" dir="0" index="1" bw="1" slack="0"/>
<pin id="1237" dir="0" index="2" bw="9" slack="0"/>
<pin id="1238" dir="1" index="3" bw="9" slack="0"/>
</pin_list>
<bind>
<opcode="getelementptr(29) " fcode="getelementptr"/>
<opset="tile_2_addr_10/9 "/>
</bind>
</comp>

<comp id="1241" class="1004" name="tile_3_addr_10_gep_fu_1241">
<pin_list>
<pin id="1242" dir="0" index="0" bw="16" slack="0"/>
<pin id="1243" dir="0" index="1" bw="1" slack="0"/>
<pin id="1244" dir="0" index="2" bw="9" slack="0"/>
<pin id="1245" dir="1" index="3" bw="9" slack="0"/>
</pin_list>
<bind>
<opcode="getelementptr(29) " fcode="getelementptr"/>
<opset="tile_3_addr_10/9 "/>
</bind>
</comp>

<comp id="1248" class="1004" name="tile_4_addr_10_gep_fu_1248">
<pin_list>
<pin id="1249" dir="0" index="0" bw="16" slack="0"/>
<pin id="1250" dir="0" index="1" bw="1" slack="0"/>
<pin id="1251" dir="0" index="2" bw="9" slack="0"/>
<pin id="1252" dir="1" index="3" bw="9" slack="0"/>
</pin_list>
<bind>
<opcode="getelementptr(29) " fcode="getelementptr"/>
<opset="tile_4_addr_10/9 "/>
</bind>
</comp>

<comp id="1255" class="1004" name="tile_5_addr_10_gep_fu_1255">
<pin_list>
<pin id="1256" dir="0" index="0" bw="16" slack="0"/>
<pin id="1257" dir="0" index="1" bw="1" slack="0"/>
<pin id="1258" dir="0" index="2" bw="9" slack="0"/>
<pin id="1259" dir="1" index="3" bw="9" slack="0"/>
</pin_list>
<bind>
<opcode="getelementptr(29) " fcode="getelementptr"/>
<opset="tile_5_addr_10/9 "/>
</bind>
</comp>

<comp id="1262" class="1004" name="tile_6_addr_10_gep_fu_1262">
<pin_list>
<pin id="1263" dir="0" index="0" bw="16" slack="0"/>
<pin id="1264" dir="0" index="1" bw="1" slack="0"/>
<pin id="1265" dir="0" index="2" bw="9" slack="0"/>
<pin id="1266" dir="1" index="3" bw="9" slack="0"/>
</pin_list>
<bind>
<opcode="getelementptr(29) " fcode="getelementptr"/>
<opset="tile_6_addr_10/9 "/>
</bind>
</comp>

<comp id="1269" class="1004" name="tile_7_addr_10_gep_fu_1269">
<pin_list>
<pin id="1270" dir="0" index="0" bw="16" slack="0"/>
<pin id="1271" dir="0" index="1" bw="1" slack="0"/>
<pin id="1272" dir="0" index="2" bw="9" slack="0"/>
<pin id="1273" dir="1" index="3" bw="9" slack="0"/>
</pin_list>
<bind>
<opcode="getelementptr(29) " fcode="getelementptr"/>
<opset="tile_7_addr_10/9 "/>
</bind>
</comp>

<comp id="1276" class="1004" name="tile_8_addr_10_gep_fu_1276">
<pin_list>
<pin id="1277" dir="0" index="0" bw="16" slack="0"/>
<pin id="1278" dir="0" index="1" bw="1" slack="0"/>
<pin id="1279" dir="0" index="2" bw="9" slack="0"/>
<pin id="1280" dir="1" index="3" bw="9" slack="0"/>
</pin_list>
<bind>
<opcode="getelementptr(29) " fcode="getelementptr"/>
<opset="tile_8_addr_10/9 "/>
</bind>
</comp>

<comp id="1283" class="1004" name="tile_9_addr_10_gep_fu_1283">
<pin_list>
<pin id="1284" dir="0" index="0" bw="16" slack="0"/>
<pin id="1285" dir="0" index="1" bw="1" slack="0"/>
<pin id="1286" dir="0" index="2" bw="9" slack="0"/>
<pin id="1287" dir="1" index="3" bw="9" slack="0"/>
</pin_list>
<bind>
<opcode="getelementptr(29) " fcode="getelementptr"/>
<opset="tile_9_addr_10/9 "/>
</bind>
</comp>

<comp id="1290" class="1004" name="tile_10_addr_10_gep_fu_1290">
<pin_list>
<pin id="1291" dir="0" index="0" bw="16" slack="0"/>
<pin id="1292" dir="0" index="1" bw="1" slack="0"/>
<pin id="1293" dir="0" index="2" bw="9" slack="0"/>
<pin id="1294" dir="1" index="3" bw="9" slack="0"/>
</pin_list>
<bind>
<opcode="getelementptr(29) " fcode="getelementptr"/>
<opset="tile_10_addr_10/9 "/>
</bind>
</comp>

<comp id="1297" class="1004" name="tile_11_addr_10_gep_fu_1297">
<pin_list>
<pin id="1298" dir="0" index="0" bw="16" slack="0"/>
<pin id="1299" dir="0" index="1" bw="1" slack="0"/>
<pin id="1300" dir="0" index="2" bw="9" slack="0"/>
<pin id="1301" dir="1" index="3" bw="9" slack="0"/>
</pin_list>
<bind>
<opcode="getelementptr(29) " fcode="getelementptr"/>
<opset="tile_11_addr_10/9 "/>
</bind>
</comp>

<comp id="1304" class="1004" name="tile_12_addr_10_gep_fu_1304">
<pin_list>
<pin id="1305" dir="0" index="0" bw="16" slack="0"/>
<pin id="1306" dir="0" index="1" bw="1" slack="0"/>
<pin id="1307" dir="0" index="2" bw="9" slack="0"/>
<pin id="1308" dir="1" index="3" bw="9" slack="0"/>
</pin_list>
<bind>
<opcode="getelementptr(29) " fcode="getelementptr"/>
<opset="tile_12_addr_10/9 "/>
</bind>
</comp>

<comp id="1311" class="1004" name="tile_13_addr_10_gep_fu_1311">
<pin_list>
<pin id="1312" dir="0" index="0" bw="16" slack="0"/>
<pin id="1313" dir="0" index="1" bw="1" slack="0"/>
<pin id="1314" dir="0" index="2" bw="9" slack="0"/>
<pin id="1315" dir="1" index="3" bw="9" slack="0"/>
</pin_list>
<bind>
<opcode="getelementptr(29) " fcode="getelementptr"/>
<opset="tile_13_addr_10/9 "/>
</bind>
</comp>

<comp id="1318" class="1004" name="tile_14_addr_10_gep_fu_1318">
<pin_list>
<pin id="1319" dir="0" index="0" bw="16" slack="0"/>
<pin id="1320" dir="0" index="1" bw="1" slack="0"/>
<pin id="1321" dir="0" index="2" bw="9" slack="0"/>
<pin id="1322" dir="1" index="3" bw="9" slack="0"/>
</pin_list>
<bind>
<opcode="getelementptr(29) " fcode="getelementptr"/>
<opset="tile_14_addr_10/9 "/>
</bind>
</comp>

<comp id="1325" class="1004" name="tile_15_addr_10_gep_fu_1325">
<pin_list>
<pin id="1326" dir="0" index="0" bw="16" slack="0"/>
<pin id="1327" dir="0" index="1" bw="1" slack="0"/>
<pin id="1328" dir="0" index="2" bw="9" slack="0"/>
<pin id="1329" dir="1" index="3" bw="9" slack="0"/>
</pin_list>
<bind>
<opcode="getelementptr(29) " fcode="getelementptr"/>
<opset="tile_15_addr_10/9 "/>
</bind>
</comp>

<comp id="1348" class="1004" name="grp_read_fu_1348">
<pin_list>
<pin id="1349" dir="0" index="0" bw="512" slack="0"/>
<pin id="1350" dir="0" index="1" bw="512" slack="0"/>
<pin id="1351" dir="1" index="2" bw="512" slack="0"/>
</pin_list>
<bind>
<opcode="read(1150) " fcode="read"/>
<opset="word/2 word_1/3 word_2/4 word_3/5 "/>
</bind>
</comp>

<comp id="1353" class="1004" name="grp_fu_1353">
<pin_list>
<pin id="1354" dir="1" index="0" bw="512" slack="2147483647"/>
</pin_list>
<bind>
<opcode="muxlogic(592) " fcode="muxlogic"/>
<opset="muxLogicAXIMCE_to_word/2 muxLogicAXIMCE_to_word_1/3 muxLogicAXIMCE_to_word_2/4 muxLogicAXIMCE_to_word_3/5 "/>
</bind>
</comp>

<comp id="1355" class="1004" name="grp_fu_1355">
<pin_list>
<pin id="1356" dir="0" index="0" bw="16" slack="0"/>
<pin id="1357" dir="0" index="1" bw="512" slack="0"/>
<pin id="1358" dir="0" index="2" bw="6" slack="0"/>
<pin id="1359" dir="1" index="3" bw="16" slack="0"/>
</pin_list>
<bind>
<opcode="partselect(1002) " fcode="partselect"/>
<opset="tmp_s/2 tmp_76/3 tmp_108/4 tmp_140/5 "/>
</bind>
</comp>

<comp id="1363" class="1004" name="grp_fu_1363">
<pin_list>
<pin id="1364" dir="0" index="0" bw="16" slack="0"/>
<pin id="1365" dir="0" index="1" bw="512" slack="0"/>
<pin id="1366" dir="0" index="2" bw="7" slack="0"/>
<pin id="1367" dir="1" index="3" bw="16" slack="0"/>
</pin_list>
<bind>
<opcode="partselect(1002) " fcode="partselect"/>
<opset="tmp_45/2 tmp_77/3 tmp_109/4 tmp_141/5 "/>
</bind>
</comp>

<comp id="1371" class="1004" name="grp_fu_1371">
<pin_list>
<pin id="1372" dir="0" index="0" bw="16" slack="0"/>
<pin id="1373" dir="0" index="1" bw="512" slack="0"/>
<pin id="1374" dir="0" index="2" bw="7" slack="0"/>
<pin id="1375" dir="1" index="3" bw="16" slack="0"/>
</pin_list>
<bind>
<opcode="partselect(1002) " fcode="partselect"/>
<opset="tmp_46/2 tmp_78/3 tmp_110/4 tmp_142/5 "/>
</bind>
</comp>

<comp id="1379" class="1004" name="grp_fu_1379">
<pin_list>
<pin id="1380" dir="0" index="0" bw="16" slack="0"/>
<pin id="1381" dir="0" index="1" bw="512" slack="0"/>
<pin id="1382" dir="0" index="2" bw="8" slack="0"/>
<pin id="1383" dir="1" index="3" bw="16" slack="0"/>
</pin_list>
<bind>
<opcode="partselect(1002) " fcode="partselect"/>
<opset="tmp_47/2 tmp_79/3 tmp_111/4 tmp_143/5 "/>
</bind>
</comp>

<comp id="1387" class="1004" name="grp_fu_1387">
<pin_list>
<pin id="1388" dir="0" index="0" bw="16" slack="0"/>
<pin id="1389" dir="0" index="1" bw="512" slack="0"/>
<pin id="1390" dir="0" index="2" bw="8" slack="0"/>
<pin id="1391" dir="1" index="3" bw="16" slack="0"/>
</pin_list>
<bind>
<opcode="partselect(1002) " fcode="partselect"/>
<opset="tmp_48/2 tmp_80/3 tmp_112/4 tmp_144/5 "/>
</bind>
</comp>

<comp id="1395" class="1004" name="grp_fu_1395">
<pin_list>
<pin id="1396" dir="0" index="0" bw="16" slack="0"/>
<pin id="1397" dir="0" index="1" bw="512" slack="0"/>
<pin id="1398" dir="0" index="2" bw="8" slack="0"/>
<pin id="1399" dir="1" index="3" bw="16" slack="0"/>
</pin_list>
<bind>
<opcode="partselect(1002) " fcode="partselect"/>
<opset="tmp_49/2 tmp_81/3 tmp_113/4 tmp_145/5 "/>
</bind>
</comp>

<comp id="1403" class="1004" name="grp_fu_1403">
<pin_list>
<pin id="1404" dir="0" index="0" bw="16" slack="0"/>
<pin id="1405" dir="0" index="1" bw="512" slack="0"/>
<pin id="1406" dir="0" index="2" bw="8" slack="0"/>
<pin id="1407" dir="1" index="3" bw="16" slack="0"/>
</pin_list>
<bind>
<opcode="partselect(1002) " fcode="partselect"/>
<opset="tmp_50/2 tmp_82/3 tmp_114/4 tmp_146/5 "/>
</bind>
</comp>

<comp id="1411" class="1004" name="grp_fu_1411">
<pin_list>
<pin id="1412" dir="0" index="0" bw="16" slack="0"/>
<pin id="1413" dir="0" index="1" bw="512" slack="0"/>
<pin id="1414" dir="0" index="2" bw="9" slack="0"/>
<pin id="1415" dir="1" index="3" bw="16" slack="0"/>
</pin_list>
<bind>
<opcode="partselect(1002) " fcode="partselect"/>
<opset="tmp_51/2 tmp_83/3 tmp_115/4 tmp_147/5 "/>
</bind>
</comp>

<comp id="1419" class="1004" name="grp_fu_1419">
<pin_list>
<pin id="1420" dir="0" index="0" bw="16" slack="0"/>
<pin id="1421" dir="0" index="1" bw="512" slack="0"/>
<pin id="1422" dir="0" index="2" bw="9" slack="0"/>
<pin id="1423" dir="1" index="3" bw="16" slack="0"/>
</pin_list>
<bind>
<opcode="partselect(1002) " fcode="partselect"/>
<opset="tmp_52/2 tmp_84/3 tmp_116/4 tmp_148/5 "/>
</bind>
</comp>

<comp id="1427" class="1004" name="grp_fu_1427">
<pin_list>
<pin id="1428" dir="0" index="0" bw="16" slack="0"/>
<pin id="1429" dir="0" index="1" bw="512" slack="0"/>
<pin id="1430" dir="0" index="2" bw="9" slack="0"/>
<pin id="1431" dir="1" index="3" bw="16" slack="0"/>
</pin_list>
<bind>
<opcode="partselect(1002) " fcode="partselect"/>
<opset="tmp_53/2 tmp_85/3 tmp_117/4 tmp_149/5 "/>
</bind>
</comp>

<comp id="1435" class="1004" name="grp_fu_1435">
<pin_list>
<pin id="1436" dir="0" index="0" bw="16" slack="0"/>
<pin id="1437" dir="0" index="1" bw="512" slack="0"/>
<pin id="1438" dir="0" index="2" bw="9" slack="0"/>
<pin id="1439" dir="1" index="3" bw="16" slack="0"/>
</pin_list>
<bind>
<opcode="partselect(1002) " fcode="partselect"/>
<opset="tmp_54/2 tmp_86/3 tmp_118/4 tmp_150/5 "/>
</bind>
</comp>

<comp id="1443" class="1004" name="grp_fu_1443">
<pin_list>
<pin id="1444" dir="0" index="0" bw="16" slack="0"/>
<pin id="1445" dir="0" index="1" bw="512" slack="0"/>
<pin id="1446" dir="0" index="2" bw="9" slack="0"/>
<pin id="1447" dir="1" index="3" bw="16" slack="0"/>
</pin_list>
<bind>
<opcode="partselect(1002) " fcode="partselect"/>
<opset="tmp_55/2 tmp_87/3 tmp_119/4 tmp_151/5 "/>
</bind>
</comp>

<comp id="1451" class="1004" name="grp_fu_1451">
<pin_list>
<pin id="1452" dir="0" index="0" bw="16" slack="0"/>
<pin id="1453" dir="0" index="1" bw="512" slack="0"/>
<pin id="1454" dir="0" index="2" bw="9" slack="0"/>
<pin id="1455" dir="1" index="3" bw="16" slack="0"/>
</pin_list>
<bind>
<opcode="partselect(1002) " fcode="partselect"/>
<opset="tmp_56/2 tmp_88/3 tmp_120/4 tmp_152/5 "/>
</bind>
</comp>

<comp id="1459" class="1004" name="grp_fu_1459">
<pin_list>
<pin id="1460" dir="0" index="0" bw="16" slack="0"/>
<pin id="1461" dir="0" index="1" bw="512" slack="0"/>
<pin id="1462" dir="0" index="2" bw="9" slack="0"/>
<pin id="1463" dir="1" index="3" bw="16" slack="0"/>
</pin_list>
<bind>
<opcode="partselect(1002) " fcode="partselect"/>
<opset="tmp_57/2 tmp_89/3 tmp_121/4 tmp_153/5 "/>
</bind>
</comp>

<comp id="1467" class="1004" name="grp_fu_1467">
<pin_list>
<pin id="1468" dir="0" index="0" bw="16" slack="0"/>
<pin id="1469" dir="0" index="1" bw="512" slack="0"/>
<pin id="1470" dir="0" index="2" bw="9" slack="0"/>
<pin id="1471" dir="1" index="3" bw="16" slack="0"/>
</pin_list>
<bind>
<opcode="partselect(1002) " fcode="partselect"/>
<opset="tmp_58/2 tmp_90/3 tmp_122/4 tmp_154/5 "/>
</bind>
</comp>

<comp id="1475" class="1004" name="grp_fu_1475">
<pin_list>
<pin id="1476" dir="0" index="0" bw="16" slack="0"/>
<pin id="1477" dir="0" index="1" bw="512" slack="0"/>
<pin id="1478" dir="0" index="2" bw="10" slack="0"/>
<pin id="1479" dir="1" index="3" bw="16" slack="1"/>
</pin_list>
<bind>
<opcode="partselect(1002) " fcode="partselect"/>
<opset="tmp_59/2 tmp_91/3 tmp_123/4 tmp_155/5 "/>
</bind>
</comp>

<comp id="1483" class="1004" name="grp_fu_1483">
<pin_list>
<pin id="1484" dir="0" index="0" bw="16" slack="0"/>
<pin id="1485" dir="0" index="1" bw="512" slack="0"/>
<pin id="1486" dir="0" index="2" bw="10" slack="0"/>
<pin id="1487" dir="1" index="3" bw="16" slack="1"/>
</pin_list>
<bind>
<opcode="partselect(1002) " fcode="partselect"/>
<opset="tmp_60/2 tmp_92/3 tmp_124/4 tmp_156/5 "/>
</bind>
</comp>

<comp id="1491" class="1004" name="grp_fu_1491">
<pin_list>
<pin id="1492" dir="0" index="0" bw="16" slack="0"/>
<pin id="1493" dir="0" index="1" bw="512" slack="0"/>
<pin id="1494" dir="0" index="2" bw="10" slack="0"/>
<pin id="1495" dir="1" index="3" bw="16" slack="1"/>
</pin_list>
<bind>
<opcode="partselect(1002) " fcode="partselect"/>
<opset="tmp_61/2 tmp_93/3 tmp_125/4 tmp_157/5 "/>
</bind>
</comp>

<comp id="1499" class="1004" name="grp_fu_1499">
<pin_list>
<pin id="1500" dir="0" index="0" bw="16" slack="0"/>
<pin id="1501" dir="0" index="1" bw="512" slack="0"/>
<pin id="1502" dir="0" index="2" bw="10" slack="0"/>
<pin id="1503" dir="1" index="3" bw="16" slack="1"/>
</pin_list>
<bind>
<opcode="partselect(1002) " fcode="partselect"/>
<opset="tmp_62/2 tmp_94/3 tmp_126/4 tmp_158/5 "/>
</bind>
</comp>

<comp id="1507" class="1004" name="grp_fu_1507">
<pin_list>
<pin id="1508" dir="0" index="0" bw="16" slack="0"/>
<pin id="1509" dir="0" index="1" bw="512" slack="0"/>
<pin id="1510" dir="0" index="2" bw="10" slack="0"/>
<pin id="1511" dir="1" index="3" bw="16" slack="1"/>
</pin_list>
<bind>
<opcode="partselect(1002) " fcode="partselect"/>
<opset="tmp_63/2 tmp_95/3 tmp_127/4 tmp_159/5 "/>
</bind>
</comp>

<comp id="1515" class="1004" name="grp_fu_1515">
<pin_list>
<pin id="1516" dir="0" index="0" bw="16" slack="0"/>
<pin id="1517" dir="0" index="1" bw="512" slack="0"/>
<pin id="1518" dir="0" index="2" bw="10" slack="0"/>
<pin id="1519" dir="1" index="3" bw="16" slack="1"/>
</pin_list>
<bind>
<opcode="partselect(1002) " fcode="partselect"/>
<opset="tmp_64/2 tmp_96/3 tmp_128/4 tmp_160/5 "/>
</bind>
</comp>

<comp id="1523" class="1004" name="grp_fu_1523">
<pin_list>
<pin id="1524" dir="0" index="0" bw="16" slack="0"/>
<pin id="1525" dir="0" index="1" bw="512" slack="0"/>
<pin id="1526" dir="0" index="2" bw="10" slack="0"/>
<pin id="1527" dir="1" index="3" bw="16" slack="1"/>
</pin_list>
<bind>
<opcode="partselect(1002) " fcode="partselect"/>
<opset="tmp_65/2 tmp_97/3 tmp_129/4 tmp_161/5 "/>
</bind>
</comp>

<comp id="1531" class="1004" name="grp_fu_1531">
<pin_list>
<pin id="1532" dir="0" index="0" bw="16" slack="0"/>
<pin id="1533" dir="0" index="1" bw="512" slack="0"/>
<pin id="1534" dir="0" index="2" bw="10" slack="0"/>
<pin id="1535" dir="1" index="3" bw="16" slack="1"/>
</pin_list>
<bind>
<opcode="partselect(1002) " fcode="partselect"/>
<opset="tmp_66/2 tmp_98/3 tmp_130/4 tmp_162/5 "/>
</bind>
</comp>

<comp id="1539" class="1004" name="grp_fu_1539">
<pin_list>
<pin id="1540" dir="0" index="0" bw="16" slack="0"/>
<pin id="1541" dir="0" index="1" bw="512" slack="0"/>
<pin id="1542" dir="0" index="2" bw="10" slack="0"/>
<pin id="1543" dir="1" index="3" bw="16" slack="1"/>
</pin_list>
<bind>
<opcode="partselect(1002) " fcode="partselect"/>
<opset="tmp_67/2 tmp_99/3 tmp_131/4 tmp_163/5 "/>
</bind>
</comp>

<comp id="1547" class="1004" name="grp_fu_1547">
<pin_list>
<pin id="1548" dir="0" index="0" bw="16" slack="0"/>
<pin id="1549" dir="0" index="1" bw="512" slack="0"/>
<pin id="1550" dir="0" index="2" bw="10" slack="0"/>
<pin id="1551" dir="1" index="3" bw="16" slack="1"/>
</pin_list>
<bind>
<opcode="partselect(1002) " fcode="partselect"/>
<opset="tmp_68/2 tmp_100/3 tmp_132/4 tmp_164/5 "/>
</bind>
</comp>

<comp id="1555" class="1004" name="grp_fu_1555">
<pin_list>
<pin id="1556" dir="0" index="0" bw="16" slack="0"/>
<pin id="1557" dir="0" index="1" bw="512" slack="0"/>
<pin id="1558" dir="0" index="2" bw="10" slack="0"/>
<pin id="1559" dir="1" index="3" bw="16" slack="1"/>
</pin_list>
<bind>
<opcode="partselect(1002) " fcode="partselect"/>
<opset="tmp_69/2 tmp_101/3 tmp_133/4 tmp_165/5 "/>
</bind>
</comp>

<comp id="1563" class="1004" name="grp_fu_1563">
<pin_list>
<pin id="1564" dir="0" index="0" bw="16" slack="0"/>
<pin id="1565" dir="0" index="1" bw="512" slack="0"/>
<pin id="1566" dir="0" index="2" bw="10" slack="0"/>
<pin id="1567" dir="1" index="3" bw="16" slack="1"/>
</pin_list>
<bind>
<opcode="partselect(1002) " fcode="partselect"/>
<opset="tmp_70/2 tmp_102/3 tmp_134/4 tmp_166/5 "/>
</bind>
</comp>

<comp id="1571" class="1004" name="grp_fu_1571">
<pin_list>
<pin id="1572" dir="0" index="0" bw="16" slack="0"/>
<pin id="1573" dir="0" index="1" bw="512" slack="0"/>
<pin id="1574" dir="0" index="2" bw="10" slack="0"/>
<pin id="1575" dir="1" index="3" bw="16" slack="1"/>
</pin_list>
<bind>
<opcode="partselect(1002) " fcode="partselect"/>
<opset="tmp_71/2 tmp_103/3 tmp_135/4 tmp_167/5 "/>
</bind>
</comp>

<comp id="1579" class="1004" name="grp_fu_1579">
<pin_list>
<pin id="1580" dir="0" index="0" bw="16" slack="0"/>
<pin id="1581" dir="0" index="1" bw="512" slack="0"/>
<pin id="1582" dir="0" index="2" bw="10" slack="0"/>
<pin id="1583" dir="1" index="3" bw="16" slack="1"/>
</pin_list>
<bind>
<opcode="partselect(1002) " fcode="partselect"/>
<opset="tmp_72/2 tmp_104/3 tmp_136/4 tmp_168/5 "/>
</bind>
</comp>

<comp id="1587" class="1004" name="grp_fu_1587">
<pin_list>
<pin id="1588" dir="0" index="0" bw="16" slack="0"/>
<pin id="1589" dir="0" index="1" bw="512" slack="0"/>
<pin id="1590" dir="0" index="2" bw="10" slack="0"/>
<pin id="1591" dir="1" index="3" bw="16" slack="1"/>
</pin_list>
<bind>
<opcode="partselect(1002) " fcode="partselect"/>
<opset="tmp_73/2 tmp_105/3 tmp_137/4 tmp_169/5 "/>
</bind>
</comp>

<comp id="1595" class="1004" name="grp_fu_1595">
<pin_list>
<pin id="1596" dir="0" index="0" bw="16" slack="0"/>
<pin id="1597" dir="0" index="1" bw="512" slack="0"/>
<pin id="1598" dir="0" index="2" bw="10" slack="0"/>
<pin id="1599" dir="1" index="3" bw="16" slack="1"/>
</pin_list>
<bind>
<opcode="partselect(1002) " fcode="partselect"/>
<opset="tmp_74/2 tmp_106/3 tmp_138/4 tmp_170/5 "/>
</bind>
</comp>

<comp id="1603" class="1005" name="reg_1603">
<pin_list>
<pin id="1604" dir="0" index="0" bw="16" slack="1"/>
<pin id="1605" dir="1" index="1" bw="16" slack="1"/>
</pin_list>
<bind>
<opset="tmp_59 tmp_91 tmp_155 "/>
</bind>
</comp>

<comp id="1607" class="1005" name="reg_1607">
<pin_list>
<pin id="1608" dir="0" index="0" bw="16" slack="1"/>
<pin id="1609" dir="1" index="1" bw="16" slack="1"/>
</pin_list>
<bind>
<opset="tmp_60 tmp_92 tmp_156 "/>
</bind>
</comp>

<comp id="1611" class="1005" name="reg_1611">
<pin_list>
<pin id="1612" dir="0" index="0" bw="16" slack="1"/>
<pin id="1613" dir="1" index="1" bw="16" slack="1"/>
</pin_list>
<bind>
<opset="tmp_61 tmp_93 tmp_157 "/>
</bind>
</comp>

<comp id="1615" class="1005" name="reg_1615">
<pin_list>
<pin id="1616" dir="0" index="0" bw="16" slack="1"/>
<pin id="1617" dir="1" index="1" bw="16" slack="1"/>
</pin_list>
<bind>
<opset="tmp_62 tmp_94 tmp_158 "/>
</bind>
</comp>

<comp id="1619" class="1005" name="reg_1619">
<pin_list>
<pin id="1620" dir="0" index="0" bw="16" slack="1"/>
<pin id="1621" dir="1" index="1" bw="16" slack="1"/>
</pin_list>
<bind>
<opset="tmp_63 tmp_95 tmp_159 "/>
</bind>
</comp>

<comp id="1623" class="1005" name="reg_1623">
<pin_list>
<pin id="1624" dir="0" index="0" bw="16" slack="1"/>
<pin id="1625" dir="1" index="1" bw="16" slack="1"/>
</pin_list>
<bind>
<opset="tmp_64 tmp_96 tmp_160 "/>
</bind>
</comp>

<comp id="1627" class="1005" name="reg_1627">
<pin_list>
<pin id="1628" dir="0" index="0" bw="16" slack="1"/>
<pin id="1629" dir="1" index="1" bw="16" slack="1"/>
</pin_list>
<bind>
<opset="tmp_65 tmp_97 tmp_161 "/>
</bind>
</comp>

<comp id="1631" class="1005" name="reg_1631">
<pin_list>
<pin id="1632" dir="0" index="0" bw="16" slack="1"/>
<pin id="1633" dir="1" index="1" bw="16" slack="1"/>
</pin_list>
<bind>
<opset="tmp_66 tmp_98 tmp_162 "/>
</bind>
</comp>

<comp id="1635" class="1005" name="reg_1635">
<pin_list>
<pin id="1636" dir="0" index="0" bw="16" slack="1"/>
<pin id="1637" dir="1" index="1" bw="16" slack="1"/>
</pin_list>
<bind>
<opset="tmp_67 tmp_99 tmp_163 "/>
</bind>
</comp>

<comp id="1639" class="1005" name="reg_1639">
<pin_list>
<pin id="1640" dir="0" index="0" bw="16" slack="1"/>
<pin id="1641" dir="1" index="1" bw="16" slack="1"/>
</pin_list>
<bind>
<opset="tmp_68 tmp_100 tmp_164 "/>
</bind>
</comp>

<comp id="1643" class="1005" name="reg_1643">
<pin_list>
<pin id="1644" dir="0" index="0" bw="16" slack="1"/>
<pin id="1645" dir="1" index="1" bw="16" slack="1"/>
</pin_list>
<bind>
<opset="tmp_69 tmp_101 tmp_165 "/>
</bind>
</comp>

<comp id="1647" class="1005" name="reg_1647">
<pin_list>
<pin id="1648" dir="0" index="0" bw="16" slack="1"/>
<pin id="1649" dir="1" index="1" bw="16" slack="1"/>
</pin_list>
<bind>
<opset="tmp_70 tmp_102 tmp_166 "/>
</bind>
</comp>

<comp id="1651" class="1005" name="reg_1651">
<pin_list>
<pin id="1652" dir="0" index="0" bw="16" slack="1"/>
<pin id="1653" dir="1" index="1" bw="16" slack="1"/>
</pin_list>
<bind>
<opset="tmp_71 tmp_103 tmp_167 "/>
</bind>
</comp>

<comp id="1655" class="1005" name="reg_1655">
<pin_list>
<pin id="1656" dir="0" index="0" bw="16" slack="1"/>
<pin id="1657" dir="1" index="1" bw="16" slack="1"/>
</pin_list>
<bind>
<opset="tmp_72 tmp_104 tmp_168 "/>
</bind>
</comp>

<comp id="1659" class="1005" name="reg_1659">
<pin_list>
<pin id="1660" dir="0" index="0" bw="16" slack="1"/>
<pin id="1661" dir="1" index="1" bw="16" slack="1"/>
</pin_list>
<bind>
<opset="tmp_73 tmp_105 tmp_169 "/>
</bind>
</comp>

<comp id="1663" class="1005" name="reg_1663">
<pin_list>
<pin id="1664" dir="0" index="0" bw="16" slack="1"/>
<pin id="1665" dir="1" index="1" bw="16" slack="1"/>
</pin_list>
<bind>
<opset="tmp_74 tmp_106 tmp_170 "/>
</bind>
</comp>

<comp id="1667" class="1005" name="reg_1667">
<pin_list>
<pin id="1668" dir="0" index="0" bw="16" slack="1"/>
<pin id="1669" dir="1" index="1" bw="16" slack="1"/>
</pin_list>
<bind>
<opset="tmp_76 tmp_108 "/>
</bind>
</comp>

<comp id="1671" class="1005" name="reg_1671">
<pin_list>
<pin id="1672" dir="0" index="0" bw="16" slack="1"/>
<pin id="1673" dir="1" index="1" bw="16" slack="1"/>
</pin_list>
<bind>
<opset="tmp_77 tmp_109 "/>
</bind>
</comp>

<comp id="1675" class="1005" name="reg_1675">
<pin_list>
<pin id="1676" dir="0" index="0" bw="16" slack="1"/>
<pin id="1677" dir="1" index="1" bw="16" slack="1"/>
</pin_list>
<bind>
<opset="tmp_78 tmp_110 "/>
</bind>
</comp>

<comp id="1679" class="1005" name="reg_1679">
<pin_list>
<pin id="1680" dir="0" index="0" bw="16" slack="1"/>
<pin id="1681" dir="1" index="1" bw="16" slack="1"/>
</pin_list>
<bind>
<opset="tmp_79 tmp_111 "/>
</bind>
</comp>

<comp id="1683" class="1005" name="reg_1683">
<pin_list>
<pin id="1684" dir="0" index="0" bw="16" slack="1"/>
<pin id="1685" dir="1" index="1" bw="16" slack="1"/>
</pin_list>
<bind>
<opset="tmp_80 tmp_112 "/>
</bind>
</comp>

<comp id="1687" class="1005" name="reg_1687">
<pin_list>
<pin id="1688" dir="0" index="0" bw="16" slack="1"/>
<pin id="1689" dir="1" index="1" bw="16" slack="1"/>
</pin_list>
<bind>
<opset="tmp_81 tmp_113 "/>
</bind>
</comp>

<comp id="1691" class="1005" name="reg_1691">
<pin_list>
<pin id="1692" dir="0" index="0" bw="16" slack="1"/>
<pin id="1693" dir="1" index="1" bw="16" slack="1"/>
</pin_list>
<bind>
<opset="tmp_82 tmp_114 "/>
</bind>
</comp>

<comp id="1695" class="1005" name="reg_1695">
<pin_list>
<pin id="1696" dir="0" index="0" bw="16" slack="1"/>
<pin id="1697" dir="1" index="1" bw="16" slack="1"/>
</pin_list>
<bind>
<opset="tmp_83 tmp_115 "/>
</bind>
</comp>

<comp id="1699" class="1005" name="reg_1699">
<pin_list>
<pin id="1700" dir="0" index="0" bw="16" slack="1"/>
<pin id="1701" dir="1" index="1" bw="16" slack="1"/>
</pin_list>
<bind>
<opset="tmp_84 tmp_116 "/>
</bind>
</comp>

<comp id="1703" class="1005" name="reg_1703">
<pin_list>
<pin id="1704" dir="0" index="0" bw="16" slack="1"/>
<pin id="1705" dir="1" index="1" bw="16" slack="1"/>
</pin_list>
<bind>
<opset="tmp_85 tmp_117 "/>
</bind>
</comp>

<comp id="1707" class="1005" name="reg_1707">
<pin_list>
<pin id="1708" dir="0" index="0" bw="16" slack="1"/>
<pin id="1709" dir="1" index="1" bw="16" slack="1"/>
</pin_list>
<bind>
<opset="tmp_86 tmp_118 "/>
</bind>
</comp>

<comp id="1711" class="1005" name="reg_1711">
<pin_list>
<pin id="1712" dir="0" index="0" bw="16" slack="1"/>
<pin id="1713" dir="1" index="1" bw="16" slack="1"/>
</pin_list>
<bind>
<opset="tmp_87 tmp_119 "/>
</bind>
</comp>

<comp id="1715" class="1005" name="reg_1715">
<pin_list>
<pin id="1716" dir="0" index="0" bw="16" slack="1"/>
<pin id="1717" dir="1" index="1" bw="16" slack="1"/>
</pin_list>
<bind>
<opset="tmp_88 tmp_120 "/>
</bind>
</comp>

<comp id="1719" class="1005" name="reg_1719">
<pin_list>
<pin id="1720" dir="0" index="0" bw="16" slack="1"/>
<pin id="1721" dir="1" index="1" bw="16" slack="1"/>
</pin_list>
<bind>
<opset="tmp_89 tmp_121 "/>
</bind>
</comp>

<comp id="1723" class="1005" name="reg_1723">
<pin_list>
<pin id="1724" dir="0" index="0" bw="16" slack="1"/>
<pin id="1725" dir="1" index="1" bw="16" slack="1"/>
</pin_list>
<bind>
<opset="tmp_90 tmp_122 "/>
</bind>
</comp>

<comp id="1727" class="1004" name="sext_ln112_2_cast_fu_1727">
<pin_list>
<pin id="1728" dir="0" index="0" bw="58" slack="0"/>
<pin id="1729" dir="1" index="1" bw="64" slack="1"/>
</pin_list>
<bind>
<opcode="sext(35) " fcode="sext"/>
<opset="sext_ln112_2_cast/1 "/>
</bind>
</comp>

<comp id="1731" class="1004" name="store_ln112_store_fu_1731">
<pin_list>
<pin id="1732" dir="0" index="0" bw="1" slack="0"/>
<pin id="1733" dir="0" index="1" bw="10" slack="0"/>
<pin id="1734" dir="1" index="2" bw="0" slack="2147483647"/>
</pin_list>
<bind>
<opcode="store(28) " fcode="store"/>
<opset="store_ln112/1 "/>
</bind>
</comp>

<comp id="1736" class="1004" name="r_1_load_fu_1736">
<pin_list>
<pin id="1737" dir="0" index="0" bw="10" slack="0"/>
<pin id="1738" dir="1" index="1" bw="10" slack="0"/>
</pin_list>
<bind>
<opcode="load(27) " fcode="load"/>
<opset="r_1/1 "/>
</bind>
</comp>

<comp id="1739" class="1004" name="add_ln112_fu_1739">
<pin_list>
<pin id="1740" dir="0" index="0" bw="10" slack="0"/>
<pin id="1741" dir="0" index="1" bw="1" slack="0"/>
<pin id="1742" dir="1" index="2" bw="10" slack="0"/>
</pin_list>
<bind>
<opcode="add(8) " fcode="add"/>
<opset="add_ln112/1 "/>
</bind>
</comp>

<comp id="1745" class="1004" name="zext_ln112_fu_1745">
<pin_list>
<pin id="1746" dir="0" index="0" bw="10" slack="0"/>
<pin id="1747" dir="1" index="1" bw="32" slack="0"/>
</pin_list>
<bind>
<opcode="zext(34) " fcode="zext"/>
<opset="zext_ln112/1 "/>
</bind>
</comp>

<comp id="1749" class="1004" name="icmp_ln112_fu_1749">
<pin_list>
<pin id="1750" dir="0" index="0" bw="32" slack="0"/>
<pin id="1751" dir="0" index="1" bw="32" slack="0"/>
<pin id="1752" dir="1" index="2" bw="1" slack="1"/>
</pin_list>
<bind>
<opcode="icmp(45) " fcode="icmp"/>
<opset="icmp_ln112/1 "/>
</bind>
</comp>

<comp id="1755" class="1004" name="trunc_ln112_fu_1755">
<pin_list>
<pin id="1756" dir="0" index="0" bw="10" slack="0"/>
<pin id="1757" dir="1" index="1" bw="6" slack="1"/>
</pin_list>
<bind>
<opcode="trunc(33) " fcode="trunc"/>
<opset="trunc_ln112/1 "/>
</bind>
</comp>

<comp id="1759" class="1004" name="store_ln112_store_fu_1759">
<pin_list>
<pin id="1760" dir="0" index="0" bw="10" slack="0"/>
<pin id="1761" dir="0" index="1" bw="10" slack="0"/>
<pin id="1762" dir="1" index="2" bw="0" slack="2147483647"/>
</pin_list>
<bind>
<opcode="store(28) " fcode="store"/>
<opset="store_ln112/1 "/>
</bind>
</comp>

<comp id="1764" class="1004" name="gmem_Q_addr_fu_1764">
<pin_list>
<pin id="1765" dir="0" index="0" bw="64" slack="0"/>
<pin id="1766" dir="0" index="1" bw="64" slack="1"/>
<pin id="1767" dir="1" index="2" bw="64" slack="0"/>
</pin_list>
<bind>
<opcode="getelementptr(29) " fcode="getelementptr"/>
<opset="gmem_Q_addr/2 "/>
</bind>
</comp>

<comp id="1770" class="1004" name="tmp_75_fu_1770">
<pin_list>
<pin id="1771" dir="0" index="0" bw="9" slack="0"/>
<pin id="1772" dir="0" index="1" bw="6" slack="1"/>
<pin id="1773" dir="0" index="2" bw="1" slack="0"/>
<pin id="1774" dir="1" index="3" bw="9" slack="0"/>
</pin_list>
<bind>
<opcode="bitconcatenate(1004) " fcode="bitconcatenate"/>
<opset="tmp_75/2 "/>
</bind>
</comp>

<comp id="1777" class="1004" name="zext_ln130_fu_1777">
<pin_list>
<pin id="1778" dir="0" index="0" bw="9" slack="0"/>
<pin id="1779" dir="1" index="1" bw="64" slack="0"/>
</pin_list>
<bind>
<opcode="zext(34) " fcode="zext"/>
<opset="zext_ln130/2 "/>
</bind>
</comp>

<comp id="1797" class="1004" name="trunc_ln67_fu_1797">
<pin_list>
<pin id="1798" dir="0" index="0" bw="512" slack="0"/>
<pin id="1799" dir="1" index="1" bw="16" slack="0"/>
</pin_list>
<bind>
<opcode="trunc(33) " fcode="trunc"/>
<opset="trunc_ln67/2 "/>
</bind>
</comp>

<comp id="1801" class="1004" name="vals_fu_1801">
<pin_list>
<pin id="1802" dir="0" index="0" bw="16" slack="0"/>
<pin id="1803" dir="1" index="1" bw="16" slack="0"/>
</pin_list>
<bind>
<opcode="bitcast(44) " fcode="bitcast"/>
<opset="vals/2 "/>
</bind>
</comp>

<comp id="1806" class="1004" name="vals_32_fu_1806">
<pin_list>
<pin id="1807" dir="0" index="0" bw="16" slack="0"/>
<pin id="1808" dir="1" index="1" bw="16" slack="0"/>
</pin_list>
<bind>
<opcode="bitcast(44) " fcode="bitcast"/>
<opset="vals_32/2 "/>
</bind>
</comp>

<comp id="1811" class="1004" name="vals_33_fu_1811">
<pin_list>
<pin id="1812" dir="0" index="0" bw="16" slack="0"/>
<pin id="1813" dir="1" index="1" bw="16" slack="0"/>
</pin_list>
<bind>
<opcode="bitcast(44) " fcode="bitcast"/>
<opset="vals_33/2 "/>
</bind>
</comp>

<comp id="1816" class="1004" name="vals_34_fu_1816">
<pin_list>
<pin id="1817" dir="0" index="0" bw="16" slack="0"/>
<pin id="1818" dir="1" index="1" bw="16" slack="0"/>
</pin_list>
<bind>
<opcode="bitcast(44) " fcode="bitcast"/>
<opset="vals_34/2 "/>
</bind>
</comp>

<comp id="1821" class="1004" name="vals_35_fu_1821">
<pin_list>
<pin id="1822" dir="0" index="0" bw="16" slack="0"/>
<pin id="1823" dir="1" index="1" bw="16" slack="0"/>
</pin_list>
<bind>
<opcode="bitcast(44) " fcode="bitcast"/>
<opset="vals_35/2 "/>
</bind>
</comp>

<comp id="1826" class="1004" name="vals_36_fu_1826">
<pin_list>
<pin id="1827" dir="0" index="0" bw="16" slack="0"/>
<pin id="1828" dir="1" index="1" bw="16" slack="0"/>
</pin_list>
<bind>
<opcode="bitcast(44) " fcode="bitcast"/>
<opset="vals_36/2 "/>
</bind>
</comp>

<comp id="1831" class="1004" name="vals_37_fu_1831">
<pin_list>
<pin id="1832" dir="0" index="0" bw="16" slack="0"/>
<pin id="1833" dir="1" index="1" bw="16" slack="0"/>
</pin_list>
<bind>
<opcode="bitcast(44) " fcode="bitcast"/>
<opset="vals_37/2 "/>
</bind>
</comp>

<comp id="1836" class="1004" name="vals_38_fu_1836">
<pin_list>
<pin id="1837" dir="0" index="0" bw="16" slack="0"/>
<pin id="1838" dir="1" index="1" bw="16" slack="0"/>
</pin_list>
<bind>
<opcode="bitcast(44) " fcode="bitcast"/>
<opset="vals_38/2 "/>
</bind>
</comp>

<comp id="1841" class="1004" name="vals_39_fu_1841">
<pin_list>
<pin id="1842" dir="0" index="0" bw="16" slack="0"/>
<pin id="1843" dir="1" index="1" bw="16" slack="0"/>
</pin_list>
<bind>
<opcode="bitcast(44) " fcode="bitcast"/>
<opset="vals_39/2 "/>
</bind>
</comp>

<comp id="1846" class="1004" name="vals_40_fu_1846">
<pin_list>
<pin id="1847" dir="0" index="0" bw="16" slack="0"/>
<pin id="1848" dir="1" index="1" bw="16" slack="0"/>
</pin_list>
<bind>
<opcode="bitcast(44) " fcode="bitcast"/>
<opset="vals_40/2 "/>
</bind>
</comp>

<comp id="1851" class="1004" name="vals_41_fu_1851">
<pin_list>
<pin id="1852" dir="0" index="0" bw="16" slack="0"/>
<pin id="1853" dir="1" index="1" bw="16" slack="0"/>
</pin_list>
<bind>
<opcode="bitcast(44) " fcode="bitcast"/>
<opset="vals_41/2 "/>
</bind>
</comp>

<comp id="1856" class="1004" name="vals_42_fu_1856">
<pin_list>
<pin id="1857" dir="0" index="0" bw="16" slack="0"/>
<pin id="1858" dir="1" index="1" bw="16" slack="0"/>
</pin_list>
<bind>
<opcode="bitcast(44) " fcode="bitcast"/>
<opset="vals_42/2 "/>
</bind>
</comp>

<comp id="1861" class="1004" name="vals_43_fu_1861">
<pin_list>
<pin id="1862" dir="0" index="0" bw="16" slack="0"/>
<pin id="1863" dir="1" index="1" bw="16" slack="0"/>
</pin_list>
<bind>
<opcode="bitcast(44) " fcode="bitcast"/>
<opset="vals_43/2 "/>
</bind>
</comp>

<comp id="1866" class="1004" name="vals_44_fu_1866">
<pin_list>
<pin id="1867" dir="0" index="0" bw="16" slack="0"/>
<pin id="1868" dir="1" index="1" bw="16" slack="0"/>
</pin_list>
<bind>
<opcode="bitcast(44) " fcode="bitcast"/>
<opset="vals_44/2 "/>
</bind>
</comp>

<comp id="1871" class="1004" name="vals_45_fu_1871">
<pin_list>
<pin id="1872" dir="0" index="0" bw="16" slack="0"/>
<pin id="1873" dir="1" index="1" bw="16" slack="0"/>
</pin_list>
<bind>
<opcode="bitcast(44) " fcode="bitcast"/>
<opset="vals_45/2 "/>
</bind>
</comp>

<comp id="1876" class="1004" name="vals_46_fu_1876">
<pin_list>
<pin id="1877" dir="0" index="0" bw="16" slack="0"/>
<pin id="1878" dir="1" index="1" bw="16" slack="0"/>
</pin_list>
<bind>
<opcode="bitcast(44) " fcode="bitcast"/>
<opset="vals_46/2 "/>
</bind>
</comp>

<comp id="1881" class="1004" name="muxLogicRAMData_to_store_ln130_fu_1881">
<pin_list>
<pin id="1882" dir="0" index="0" bw="16" slack="0"/>
<pin id="1883" dir="1" index="1" bw="0" slack="2147483647"/>
</pin_list>
<bind>
<opcode="muxlogic(592) " fcode="muxlogic"/>
<opset="muxLogicRAMData_to_store_ln130/2 "/>
</bind>
</comp>

<comp id="1885" class="1004" name="muxLogicRAMAddr_to_store_ln130_fu_1885">
<pin_list>
<pin id="1886" dir="0" index="0" bw="9" slack="0"/>
<pin id="1887" dir="1" index="1" bw="0" slack="2147483647"/>
</pin_list>
<bind>
<opcode="muxlogic(592) " fcode="muxlogic"/>
<opset="muxLogicRAMAddr_to_store_ln130/2 "/>
</bind>
</comp>

<comp id="1889" class="1004" name="muxLogicRAMData_to_store_ln130_fu_1889">
<pin_list>
<pin id="1890" dir="0" index="0" bw="16" slack="0"/>
<pin id="1891" dir="1" index="1" bw="0" slack="2147483647"/>
</pin_list>
<bind>
<opcode="muxlogic(592) " fcode="muxlogic"/>
<opset="muxLogicRAMData_to_store_ln130/2 "/>
</bind>
</comp>

<comp id="1893" class="1004" name="muxLogicRAMAddr_to_store_ln130_fu_1893">
<pin_list>
<pin id="1894" dir="0" index="0" bw="9" slack="0"/>
<pin id="1895" dir="1" index="1" bw="0" slack="2147483647"/>
</pin_list>
<bind>
<opcode="muxlogic(592) " fcode="muxlogic"/>
<opset="muxLogicRAMAddr_to_store_ln130/2 "/>
</bind>
</comp>

<comp id="1897" class="1004" name="muxLogicRAMData_to_store_ln130_fu_1897">
<pin_list>
<pin id="1898" dir="0" index="0" bw="16" slack="0"/>
<pin id="1899" dir="1" index="1" bw="0" slack="2147483647"/>
</pin_list>
<bind>
<opcode="muxlogic(592) " fcode="muxlogic"/>
<opset="muxLogicRAMData_to_store_ln130/2 "/>
</bind>
</comp>

<comp id="1901" class="1004" name="muxLogicRAMAddr_to_store_ln130_fu_1901">
<pin_list>
<pin id="1902" dir="0" index="0" bw="9" slack="0"/>
<pin id="1903" dir="1" index="1" bw="0" slack="2147483647"/>
</pin_list>
<bind>
<opcode="muxlogic(592) " fcode="muxlogic"/>
<opset="muxLogicRAMAddr_to_store_ln130/2 "/>
</bind>
</comp>

<comp id="1905" class="1004" name="muxLogicRAMData_to_store_ln130_fu_1905">
<pin_list>
<pin id="1906" dir="0" index="0" bw="16" slack="0"/>
<pin id="1907" dir="1" index="1" bw="0" slack="2147483647"/>
</pin_list>
<bind>
<opcode="muxlogic(592) " fcode="muxlogic"/>
<opset="muxLogicRAMData_to_store_ln130/2 "/>
</bind>
</comp>

<comp id="1909" class="1004" name="muxLogicRAMAddr_to_store_ln130_fu_1909">
<pin_list>
<pin id="1910" dir="0" index="0" bw="9" slack="0"/>
<pin id="1911" dir="1" index="1" bw="0" slack="2147483647"/>
</pin_list>
<bind>
<opcode="muxlogic(592) " fcode="muxlogic"/>
<opset="muxLogicRAMAddr_to_store_ln130/2 "/>
</bind>
</comp>

<comp id="1913" class="1004" name="muxLogicRAMData_to_store_ln130_fu_1913">
<pin_list>
<pin id="1914" dir="0" index="0" bw="16" slack="0"/>
<pin id="1915" dir="1" index="1" bw="0" slack="2147483647"/>
</pin_list>
<bind>
<opcode="muxlogic(592) " fcode="muxlogic"/>
<opset="muxLogicRAMData_to_store_ln130/2 "/>
</bind>
</comp>

<comp id="1917" class="1004" name="muxLogicRAMAddr_to_store_ln130_fu_1917">
<pin_list>
<pin id="1918" dir="0" index="0" bw="9" slack="0"/>
<pin id="1919" dir="1" index="1" bw="0" slack="2147483647"/>
</pin_list>
<bind>
<opcode="muxlogic(592) " fcode="muxlogic"/>
<opset="muxLogicRAMAddr_to_store_ln130/2 "/>
</bind>
</comp>

<comp id="1921" class="1004" name="muxLogicRAMData_to_store_ln130_fu_1921">
<pin_list>
<pin id="1922" dir="0" index="0" bw="16" slack="0"/>
<pin id="1923" dir="1" index="1" bw="0" slack="2147483647"/>
</pin_list>
<bind>
<opcode="muxlogic(592) " fcode="muxlogic"/>
<opset="muxLogicRAMData_to_store_ln130/2 "/>
</bind>
</comp>

<comp id="1925" class="1004" name="muxLogicRAMAddr_to_store_ln130_fu_1925">
<pin_list>
<pin id="1926" dir="0" index="0" bw="9" slack="0"/>
<pin id="1927" dir="1" index="1" bw="0" slack="2147483647"/>
</pin_list>
<bind>
<opcode="muxlogic(592) " fcode="muxlogic"/>
<opset="muxLogicRAMAddr_to_store_ln130/2 "/>
</bind>
</comp>

<comp id="1929" class="1004" name="muxLogicRAMData_to_store_ln130_fu_1929">
<pin_list>
<pin id="1930" dir="0" index="0" bw="16" slack="0"/>
<pin id="1931" dir="1" index="1" bw="0" slack="2147483647"/>
</pin_list>
<bind>
<opcode="muxlogic(592) " fcode="muxlogic"/>
<opset="muxLogicRAMData_to_store_ln130/2 "/>
</bind>
</comp>

<comp id="1933" class="1004" name="muxLogicRAMAddr_to_store_ln130_fu_1933">
<pin_list>
<pin id="1934" dir="0" index="0" bw="9" slack="0"/>
<pin id="1935" dir="1" index="1" bw="0" slack="2147483647"/>
</pin_list>
<bind>
<opcode="muxlogic(592) " fcode="muxlogic"/>
<opset="muxLogicRAMAddr_to_store_ln130/2 "/>
</bind>
</comp>

<comp id="1937" class="1004" name="muxLogicRAMData_to_store_ln130_fu_1937">
<pin_list>
<pin id="1938" dir="0" index="0" bw="16" slack="0"/>
<pin id="1939" dir="1" index="1" bw="0" slack="2147483647"/>
</pin_list>
<bind>
<opcode="muxlogic(592) " fcode="muxlogic"/>
<opset="muxLogicRAMData_to_store_ln130/2 "/>
</bind>
</comp>

<comp id="1941" class="1004" name="muxLogicRAMAddr_to_store_ln130_fu_1941">
<pin_list>
<pin id="1942" dir="0" index="0" bw="9" slack="0"/>
<pin id="1943" dir="1" index="1" bw="0" slack="2147483647"/>
</pin_list>
<bind>
<opcode="muxlogic(592) " fcode="muxlogic"/>
<opset="muxLogicRAMAddr_to_store_ln130/2 "/>
</bind>
</comp>

<comp id="1945" class="1004" name="muxLogicRAMData_to_store_ln130_fu_1945">
<pin_list>
<pin id="1946" dir="0" index="0" bw="16" slack="0"/>
<pin id="1947" dir="1" index="1" bw="0" slack="2147483647"/>
</pin_list>
<bind>
<opcode="muxlogic(592) " fcode="muxlogic"/>
<opset="muxLogicRAMData_to_store_ln130/2 "/>
</bind>
</comp>

<comp id="1949" class="1004" name="muxLogicRAMAddr_to_store_ln130_fu_1949">
<pin_list>
<pin id="1950" dir="0" index="0" bw="9" slack="0"/>
<pin id="1951" dir="1" index="1" bw="0" slack="2147483647"/>
</pin_list>
<bind>
<opcode="muxlogic(592) " fcode="muxlogic"/>
<opset="muxLogicRAMAddr_to_store_ln130/2 "/>
</bind>
</comp>

<comp id="1953" class="1004" name="muxLogicRAMData_to_store_ln130_fu_1953">
<pin_list>
<pin id="1954" dir="0" index="0" bw="16" slack="0"/>
<pin id="1955" dir="1" index="1" bw="0" slack="2147483647"/>
</pin_list>
<bind>
<opcode="muxlogic(592) " fcode="muxlogic"/>
<opset="muxLogicRAMData_to_store_ln130/2 "/>
</bind>
</comp>

<comp id="1957" class="1004" name="muxLogicRAMAddr_to_store_ln130_fu_1957">
<pin_list>
<pin id="1958" dir="0" index="0" bw="9" slack="0"/>
<pin id="1959" dir="1" index="1" bw="0" slack="2147483647"/>
</pin_list>
<bind>
<opcode="muxlogic(592) " fcode="muxlogic"/>
<opset="muxLogicRAMAddr_to_store_ln130/2 "/>
</bind>
</comp>

<comp id="1961" class="1004" name="muxLogicRAMData_to_store_ln130_fu_1961">
<pin_list>
<pin id="1962" dir="0" index="0" bw="16" slack="0"/>
<pin id="1963" dir="1" index="1" bw="0" slack="2147483647"/>
</pin_list>
<bind>
<opcode="muxlogic(592) " fcode="muxlogic"/>
<opset="muxLogicRAMData_to_store_ln130/2 "/>
</bind>
</comp>

<comp id="1965" class="1004" name="muxLogicRAMAddr_to_store_ln130_fu_1965">
<pin_list>
<pin id="1966" dir="0" index="0" bw="9" slack="0"/>
<pin id="1967" dir="1" index="1" bw="0" slack="2147483647"/>
</pin_list>
<bind>
<opcode="muxlogic(592) " fcode="muxlogic"/>
<opset="muxLogicRAMAddr_to_store_ln130/2 "/>
</bind>
</comp>

<comp id="1969" class="1004" name="muxLogicRAMData_to_store_ln130_fu_1969">
<pin_list>
<pin id="1970" dir="0" index="0" bw="16" slack="0"/>
<pin id="1971" dir="1" index="1" bw="0" slack="2147483647"/>
</pin_list>
<bind>
<opcode="muxlogic(592) " fcode="muxlogic"/>
<opset="muxLogicRAMData_to_store_ln130/2 "/>
</bind>
</comp>

<comp id="1973" class="1004" name="muxLogicRAMAddr_to_store_ln130_fu_1973">
<pin_list>
<pin id="1974" dir="0" index="0" bw="9" slack="0"/>
<pin id="1975" dir="1" index="1" bw="0" slack="2147483647"/>
</pin_list>
<bind>
<opcode="muxlogic(592) " fcode="muxlogic"/>
<opset="muxLogicRAMAddr_to_store_ln130/2 "/>
</bind>
</comp>

<comp id="1977" class="1004" name="muxLogicRAMData_to_store_ln130_fu_1977">
<pin_list>
<pin id="1978" dir="0" index="0" bw="16" slack="0"/>
<pin id="1979" dir="1" index="1" bw="0" slack="2147483647"/>
</pin_list>
<bind>
<opcode="muxlogic(592) " fcode="muxlogic"/>
<opset="muxLogicRAMData_to_store_ln130/2 "/>
</bind>
</comp>

<comp id="1981" class="1004" name="muxLogicRAMAddr_to_store_ln130_fu_1981">
<pin_list>
<pin id="1982" dir="0" index="0" bw="9" slack="0"/>
<pin id="1983" dir="1" index="1" bw="0" slack="2147483647"/>
</pin_list>
<bind>
<opcode="muxlogic(592) " fcode="muxlogic"/>
<opset="muxLogicRAMAddr_to_store_ln130/2 "/>
</bind>
</comp>

<comp id="1985" class="1004" name="muxLogicRAMData_to_store_ln130_fu_1985">
<pin_list>
<pin id="1986" dir="0" index="0" bw="16" slack="0"/>
<pin id="1987" dir="1" index="1" bw="0" slack="2147483647"/>
</pin_list>
<bind>
<opcode="muxlogic(592) " fcode="muxlogic"/>
<opset="muxLogicRAMData_to_store_ln130/2 "/>
</bind>
</comp>

<comp id="1989" class="1004" name="muxLogicRAMAddr_to_store_ln130_fu_1989">
<pin_list>
<pin id="1990" dir="0" index="0" bw="9" slack="0"/>
<pin id="1991" dir="1" index="1" bw="0" slack="2147483647"/>
</pin_list>
<bind>
<opcode="muxlogic(592) " fcode="muxlogic"/>
<opset="muxLogicRAMAddr_to_store_ln130/2 "/>
</bind>
</comp>

<comp id="1993" class="1004" name="muxLogicRAMData_to_store_ln130_fu_1993">
<pin_list>
<pin id="1994" dir="0" index="0" bw="16" slack="0"/>
<pin id="1995" dir="1" index="1" bw="0" slack="2147483647"/>
</pin_list>
<bind>
<opcode="muxlogic(592) " fcode="muxlogic"/>
<opset="muxLogicRAMData_to_store_ln130/2 "/>
</bind>
</comp>

<comp id="1997" class="1004" name="muxLogicRAMAddr_to_store_ln130_fu_1997">
<pin_list>
<pin id="1998" dir="0" index="0" bw="9" slack="0"/>
<pin id="1999" dir="1" index="1" bw="0" slack="2147483647"/>
</pin_list>
<bind>
<opcode="muxlogic(592) " fcode="muxlogic"/>
<opset="muxLogicRAMAddr_to_store_ln130/2 "/>
</bind>
</comp>

<comp id="2001" class="1004" name="muxLogicRAMData_to_store_ln130_fu_2001">
<pin_list>
<pin id="2002" dir="0" index="0" bw="16" slack="0"/>
<pin id="2003" dir="1" index="1" bw="0" slack="2147483647"/>
</pin_list>
<bind>
<opcode="muxlogic(592) " fcode="muxlogic"/>
<opset="muxLogicRAMData_to_store_ln130/2 "/>
</bind>
</comp>

<comp id="2005" class="1004" name="muxLogicRAMAddr_to_store_ln130_fu_2005">
<pin_list>
<pin id="2006" dir="0" index="0" bw="9" slack="0"/>
<pin id="2007" dir="1" index="1" bw="0" slack="2147483647"/>
</pin_list>
<bind>
<opcode="muxlogic(592) " fcode="muxlogic"/>
<opset="muxLogicRAMAddr_to_store_ln130/2 "/>
</bind>
</comp>

<comp id="2009" class="1004" name="tmp_107_fu_2009">
<pin_list>
<pin id="2010" dir="0" index="0" bw="9" slack="0"/>
<pin id="2011" dir="0" index="1" bw="6" slack="2"/>
<pin id="2012" dir="0" index="2" bw="1" slack="0"/>
<pin id="2013" dir="1" index="3" bw="9" slack="0"/>
</pin_list>
<bind>
<opcode="bitconcatenate(1004) " fcode="bitconcatenate"/>
<opset="tmp_107/3 "/>
</bind>
</comp>

<comp id="2016" class="1004" name="zext_ln130_1_fu_2016">
<pin_list>
<pin id="2017" dir="0" index="0" bw="9" slack="0"/>
<pin id="2018" dir="1" index="1" bw="64" slack="0"/>
</pin_list>
<bind>
<opcode="zext(34) " fcode="zext"/>
<opset="zext_ln130_1/3 "/>
</bind>
</comp>

<comp id="2036" class="1004" name="vals_47_fu_2036">
<pin_list>
<pin id="2037" dir="0" index="0" bw="16" slack="1"/>
<pin id="2038" dir="1" index="1" bw="16" slack="0"/>
</pin_list>
<bind>
<opcode="bitcast(44) " fcode="bitcast"/>
<opset="vals_47/3 "/>
</bind>
</comp>

<comp id="2041" class="1004" name="vals_48_fu_2041">
<pin_list>
<pin id="2042" dir="0" index="0" bw="16" slack="1"/>
<pin id="2043" dir="1" index="1" bw="16" slack="0"/>
</pin_list>
<bind>
<opcode="bitcast(44) " fcode="bitcast"/>
<opset="vals_48/3 "/>
</bind>
</comp>

<comp id="2046" class="1004" name="vals_49_fu_2046">
<pin_list>
<pin id="2047" dir="0" index="0" bw="16" slack="1"/>
<pin id="2048" dir="1" index="1" bw="16" slack="0"/>
</pin_list>
<bind>
<opcode="bitcast(44) " fcode="bitcast"/>
<opset="vals_49/3 "/>
</bind>
</comp>

<comp id="2051" class="1004" name="vals_50_fu_2051">
<pin_list>
<pin id="2052" dir="0" index="0" bw="16" slack="1"/>
<pin id="2053" dir="1" index="1" bw="16" slack="0"/>
</pin_list>
<bind>
<opcode="bitcast(44) " fcode="bitcast"/>
<opset="vals_50/3 "/>
</bind>
</comp>

<comp id="2056" class="1004" name="vals_51_fu_2056">
<pin_list>
<pin id="2057" dir="0" index="0" bw="16" slack="1"/>
<pin id="2058" dir="1" index="1" bw="16" slack="0"/>
</pin_list>
<bind>
<opcode="bitcast(44) " fcode="bitcast"/>
<opset="vals_51/3 "/>
</bind>
</comp>

<comp id="2061" class="1004" name="vals_52_fu_2061">
<pin_list>
<pin id="2062" dir="0" index="0" bw="16" slack="1"/>
<pin id="2063" dir="1" index="1" bw="16" slack="0"/>
</pin_list>
<bind>
<opcode="bitcast(44) " fcode="bitcast"/>
<opset="vals_52/3 "/>
</bind>
</comp>

<comp id="2066" class="1004" name="vals_53_fu_2066">
<pin_list>
<pin id="2067" dir="0" index="0" bw="16" slack="1"/>
<pin id="2068" dir="1" index="1" bw="16" slack="0"/>
</pin_list>
<bind>
<opcode="bitcast(44) " fcode="bitcast"/>
<opset="vals_53/3 "/>
</bind>
</comp>

<comp id="2071" class="1004" name="vals_54_fu_2071">
<pin_list>
<pin id="2072" dir="0" index="0" bw="16" slack="1"/>
<pin id="2073" dir="1" index="1" bw="16" slack="0"/>
</pin_list>
<bind>
<opcode="bitcast(44) " fcode="bitcast"/>
<opset="vals_54/3 "/>
</bind>
</comp>

<comp id="2076" class="1004" name="vals_55_fu_2076">
<pin_list>
<pin id="2077" dir="0" index="0" bw="16" slack="1"/>
<pin id="2078" dir="1" index="1" bw="16" slack="0"/>
</pin_list>
<bind>
<opcode="bitcast(44) " fcode="bitcast"/>
<opset="vals_55/3 "/>
</bind>
</comp>

<comp id="2081" class="1004" name="vals_56_fu_2081">
<pin_list>
<pin id="2082" dir="0" index="0" bw="16" slack="1"/>
<pin id="2083" dir="1" index="1" bw="16" slack="0"/>
</pin_list>
<bind>
<opcode="bitcast(44) " fcode="bitcast"/>
<opset="vals_56/3 "/>
</bind>
</comp>

<comp id="2086" class="1004" name="vals_57_fu_2086">
<pin_list>
<pin id="2087" dir="0" index="0" bw="16" slack="1"/>
<pin id="2088" dir="1" index="1" bw="16" slack="0"/>
</pin_list>
<bind>
<opcode="bitcast(44) " fcode="bitcast"/>
<opset="vals_57/3 "/>
</bind>
</comp>

<comp id="2091" class="1004" name="vals_58_fu_2091">
<pin_list>
<pin id="2092" dir="0" index="0" bw="16" slack="1"/>
<pin id="2093" dir="1" index="1" bw="16" slack="0"/>
</pin_list>
<bind>
<opcode="bitcast(44) " fcode="bitcast"/>
<opset="vals_58/3 "/>
</bind>
</comp>

<comp id="2096" class="1004" name="vals_59_fu_2096">
<pin_list>
<pin id="2097" dir="0" index="0" bw="16" slack="1"/>
<pin id="2098" dir="1" index="1" bw="16" slack="0"/>
</pin_list>
<bind>
<opcode="bitcast(44) " fcode="bitcast"/>
<opset="vals_59/3 "/>
</bind>
</comp>

<comp id="2101" class="1004" name="vals_60_fu_2101">
<pin_list>
<pin id="2102" dir="0" index="0" bw="16" slack="1"/>
<pin id="2103" dir="1" index="1" bw="16" slack="0"/>
</pin_list>
<bind>
<opcode="bitcast(44) " fcode="bitcast"/>
<opset="vals_60/3 "/>
</bind>
</comp>

<comp id="2106" class="1004" name="vals_61_fu_2106">
<pin_list>
<pin id="2107" dir="0" index="0" bw="16" slack="1"/>
<pin id="2108" dir="1" index="1" bw="16" slack="0"/>
</pin_list>
<bind>
<opcode="bitcast(44) " fcode="bitcast"/>
<opset="vals_61/3 "/>
</bind>
</comp>

<comp id="2111" class="1004" name="vals_62_fu_2111">
<pin_list>
<pin id="2112" dir="0" index="0" bw="16" slack="1"/>
<pin id="2113" dir="1" index="1" bw="16" slack="0"/>
</pin_list>
<bind>
<opcode="bitcast(44) " fcode="bitcast"/>
<opset="vals_62/3 "/>
</bind>
</comp>

<comp id="2116" class="1004" name="trunc_ln67_1_fu_2116">
<pin_list>
<pin id="2117" dir="0" index="0" bw="512" slack="0"/>
<pin id="2118" dir="1" index="1" bw="16" slack="1"/>
</pin_list>
<bind>
<opcode="trunc(33) " fcode="trunc"/>
<opset="trunc_ln67_1/3 "/>
</bind>
</comp>

<comp id="2120" class="1004" name="muxLogicRAMData_to_store_ln130_fu_2120">
<pin_list>
<pin id="2121" dir="0" index="0" bw="16" slack="0"/>
<pin id="2122" dir="1" index="1" bw="0" slack="2147483647"/>
</pin_list>
<bind>
<opcode="muxlogic(592) " fcode="muxlogic"/>
<opset="muxLogicRAMData_to_store_ln130/3 "/>
</bind>
</comp>

<comp id="2124" class="1004" name="muxLogicRAMAddr_to_store_ln130_fu_2124">
<pin_list>
<pin id="2125" dir="0" index="0" bw="9" slack="0"/>
<pin id="2126" dir="1" index="1" bw="0" slack="2147483647"/>
</pin_list>
<bind>
<opcode="muxlogic(592) " fcode="muxlogic"/>
<opset="muxLogicRAMAddr_to_store_ln130/3 "/>
</bind>
</comp>

<comp id="2128" class="1004" name="muxLogicRAMData_to_store_ln130_fu_2128">
<pin_list>
<pin id="2129" dir="0" index="0" bw="16" slack="0"/>
<pin id="2130" dir="1" index="1" bw="0" slack="2147483647"/>
</pin_list>
<bind>
<opcode="muxlogic(592) " fcode="muxlogic"/>
<opset="muxLogicRAMData_to_store_ln130/3 "/>
</bind>
</comp>

<comp id="2132" class="1004" name="muxLogicRAMAddr_to_store_ln130_fu_2132">
<pin_list>
<pin id="2133" dir="0" index="0" bw="9" slack="0"/>
<pin id="2134" dir="1" index="1" bw="0" slack="2147483647"/>
</pin_list>
<bind>
<opcode="muxlogic(592) " fcode="muxlogic"/>
<opset="muxLogicRAMAddr_to_store_ln130/3 "/>
</bind>
</comp>

<comp id="2136" class="1004" name="muxLogicRAMData_to_store_ln130_fu_2136">
<pin_list>
<pin id="2137" dir="0" index="0" bw="16" slack="0"/>
<pin id="2138" dir="1" index="1" bw="0" slack="2147483647"/>
</pin_list>
<bind>
<opcode="muxlogic(592) " fcode="muxlogic"/>
<opset="muxLogicRAMData_to_store_ln130/3 "/>
</bind>
</comp>

<comp id="2140" class="1004" name="muxLogicRAMAddr_to_store_ln130_fu_2140">
<pin_list>
<pin id="2141" dir="0" index="0" bw="9" slack="0"/>
<pin id="2142" dir="1" index="1" bw="0" slack="2147483647"/>
</pin_list>
<bind>
<opcode="muxlogic(592) " fcode="muxlogic"/>
<opset="muxLogicRAMAddr_to_store_ln130/3 "/>
</bind>
</comp>

<comp id="2144" class="1004" name="muxLogicRAMData_to_store_ln130_fu_2144">
<pin_list>
<pin id="2145" dir="0" index="0" bw="16" slack="0"/>
<pin id="2146" dir="1" index="1" bw="0" slack="2147483647"/>
</pin_list>
<bind>
<opcode="muxlogic(592) " fcode="muxlogic"/>
<opset="muxLogicRAMData_to_store_ln130/3 "/>
</bind>
</comp>

<comp id="2148" class="1004" name="muxLogicRAMAddr_to_store_ln130_fu_2148">
<pin_list>
<pin id="2149" dir="0" index="0" bw="9" slack="0"/>
<pin id="2150" dir="1" index="1" bw="0" slack="2147483647"/>
</pin_list>
<bind>
<opcode="muxlogic(592) " fcode="muxlogic"/>
<opset="muxLogicRAMAddr_to_store_ln130/3 "/>
</bind>
</comp>

<comp id="2152" class="1004" name="muxLogicRAMData_to_store_ln130_fu_2152">
<pin_list>
<pin id="2153" dir="0" index="0" bw="16" slack="0"/>
<pin id="2154" dir="1" index="1" bw="0" slack="2147483647"/>
</pin_list>
<bind>
<opcode="muxlogic(592) " fcode="muxlogic"/>
<opset="muxLogicRAMData_to_store_ln130/3 "/>
</bind>
</comp>

<comp id="2156" class="1004" name="muxLogicRAMAddr_to_store_ln130_fu_2156">
<pin_list>
<pin id="2157" dir="0" index="0" bw="9" slack="0"/>
<pin id="2158" dir="1" index="1" bw="0" slack="2147483647"/>
</pin_list>
<bind>
<opcode="muxlogic(592) " fcode="muxlogic"/>
<opset="muxLogicRAMAddr_to_store_ln130/3 "/>
</bind>
</comp>

<comp id="2160" class="1004" name="muxLogicRAMData_to_store_ln130_fu_2160">
<pin_list>
<pin id="2161" dir="0" index="0" bw="16" slack="0"/>
<pin id="2162" dir="1" index="1" bw="0" slack="2147483647"/>
</pin_list>
<bind>
<opcode="muxlogic(592) " fcode="muxlogic"/>
<opset="muxLogicRAMData_to_store_ln130/3 "/>
</bind>
</comp>

<comp id="2164" class="1004" name="muxLogicRAMAddr_to_store_ln130_fu_2164">
<pin_list>
<pin id="2165" dir="0" index="0" bw="9" slack="0"/>
<pin id="2166" dir="1" index="1" bw="0" slack="2147483647"/>
</pin_list>
<bind>
<opcode="muxlogic(592) " fcode="muxlogic"/>
<opset="muxLogicRAMAddr_to_store_ln130/3 "/>
</bind>
</comp>

<comp id="2168" class="1004" name="muxLogicRAMData_to_store_ln130_fu_2168">
<pin_list>
<pin id="2169" dir="0" index="0" bw="16" slack="0"/>
<pin id="2170" dir="1" index="1" bw="0" slack="2147483647"/>
</pin_list>
<bind>
<opcode="muxlogic(592) " fcode="muxlogic"/>
<opset="muxLogicRAMData_to_store_ln130/3 "/>
</bind>
</comp>

<comp id="2172" class="1004" name="muxLogicRAMAddr_to_store_ln130_fu_2172">
<pin_list>
<pin id="2173" dir="0" index="0" bw="9" slack="0"/>
<pin id="2174" dir="1" index="1" bw="0" slack="2147483647"/>
</pin_list>
<bind>
<opcode="muxlogic(592) " fcode="muxlogic"/>
<opset="muxLogicRAMAddr_to_store_ln130/3 "/>
</bind>
</comp>

<comp id="2176" class="1004" name="muxLogicRAMData_to_store_ln130_fu_2176">
<pin_list>
<pin id="2177" dir="0" index="0" bw="16" slack="0"/>
<pin id="2178" dir="1" index="1" bw="0" slack="2147483647"/>
</pin_list>
<bind>
<opcode="muxlogic(592) " fcode="muxlogic"/>
<opset="muxLogicRAMData_to_store_ln130/3 "/>
</bind>
</comp>

<comp id="2180" class="1004" name="muxLogicRAMAddr_to_store_ln130_fu_2180">
<pin_list>
<pin id="2181" dir="0" index="0" bw="9" slack="0"/>
<pin id="2182" dir="1" index="1" bw="0" slack="2147483647"/>
</pin_list>
<bind>
<opcode="muxlogic(592) " fcode="muxlogic"/>
<opset="muxLogicRAMAddr_to_store_ln130/3 "/>
</bind>
</comp>

<comp id="2184" class="1004" name="muxLogicRAMData_to_store_ln130_fu_2184">
<pin_list>
<pin id="2185" dir="0" index="0" bw="16" slack="0"/>
<pin id="2186" dir="1" index="1" bw="0" slack="2147483647"/>
</pin_list>
<bind>
<opcode="muxlogic(592) " fcode="muxlogic"/>
<opset="muxLogicRAMData_to_store_ln130/3 "/>
</bind>
</comp>

<comp id="2188" class="1004" name="muxLogicRAMAddr_to_store_ln130_fu_2188">
<pin_list>
<pin id="2189" dir="0" index="0" bw="9" slack="0"/>
<pin id="2190" dir="1" index="1" bw="0" slack="2147483647"/>
</pin_list>
<bind>
<opcode="muxlogic(592) " fcode="muxlogic"/>
<opset="muxLogicRAMAddr_to_store_ln130/3 "/>
</bind>
</comp>

<comp id="2192" class="1004" name="muxLogicRAMData_to_store_ln130_fu_2192">
<pin_list>
<pin id="2193" dir="0" index="0" bw="16" slack="0"/>
<pin id="2194" dir="1" index="1" bw="0" slack="2147483647"/>
</pin_list>
<bind>
<opcode="muxlogic(592) " fcode="muxlogic"/>
<opset="muxLogicRAMData_to_store_ln130/3 "/>
</bind>
</comp>

<comp id="2196" class="1004" name="muxLogicRAMAddr_to_store_ln130_fu_2196">
<pin_list>
<pin id="2197" dir="0" index="0" bw="9" slack="0"/>
<pin id="2198" dir="1" index="1" bw="0" slack="2147483647"/>
</pin_list>
<bind>
<opcode="muxlogic(592) " fcode="muxlogic"/>
<opset="muxLogicRAMAddr_to_store_ln130/3 "/>
</bind>
</comp>

<comp id="2200" class="1004" name="muxLogicRAMData_to_store_ln130_fu_2200">
<pin_list>
<pin id="2201" dir="0" index="0" bw="16" slack="0"/>
<pin id="2202" dir="1" index="1" bw="0" slack="2147483647"/>
</pin_list>
<bind>
<opcode="muxlogic(592) " fcode="muxlogic"/>
<opset="muxLogicRAMData_to_store_ln130/3 "/>
</bind>
</comp>

<comp id="2204" class="1004" name="muxLogicRAMAddr_to_store_ln130_fu_2204">
<pin_list>
<pin id="2205" dir="0" index="0" bw="9" slack="0"/>
<pin id="2206" dir="1" index="1" bw="0" slack="2147483647"/>
</pin_list>
<bind>
<opcode="muxlogic(592) " fcode="muxlogic"/>
<opset="muxLogicRAMAddr_to_store_ln130/3 "/>
</bind>
</comp>

<comp id="2208" class="1004" name="muxLogicRAMData_to_store_ln130_fu_2208">
<pin_list>
<pin id="2209" dir="0" index="0" bw="16" slack="0"/>
<pin id="2210" dir="1" index="1" bw="0" slack="2147483647"/>
</pin_list>
<bind>
<opcode="muxlogic(592) " fcode="muxlogic"/>
<opset="muxLogicRAMData_to_store_ln130/3 "/>
</bind>
</comp>

<comp id="2212" class="1004" name="muxLogicRAMAddr_to_store_ln130_fu_2212">
<pin_list>
<pin id="2213" dir="0" index="0" bw="9" slack="0"/>
<pin id="2214" dir="1" index="1" bw="0" slack="2147483647"/>
</pin_list>
<bind>
<opcode="muxlogic(592) " fcode="muxlogic"/>
<opset="muxLogicRAMAddr_to_store_ln130/3 "/>
</bind>
</comp>

<comp id="2216" class="1004" name="muxLogicRAMData_to_store_ln130_fu_2216">
<pin_list>
<pin id="2217" dir="0" index="0" bw="16" slack="0"/>
<pin id="2218" dir="1" index="1" bw="0" slack="2147483647"/>
</pin_list>
<bind>
<opcode="muxlogic(592) " fcode="muxlogic"/>
<opset="muxLogicRAMData_to_store_ln130/3 "/>
</bind>
</comp>

<comp id="2220" class="1004" name="muxLogicRAMAddr_to_store_ln130_fu_2220">
<pin_list>
<pin id="2221" dir="0" index="0" bw="9" slack="0"/>
<pin id="2222" dir="1" index="1" bw="0" slack="2147483647"/>
</pin_list>
<bind>
<opcode="muxlogic(592) " fcode="muxlogic"/>
<opset="muxLogicRAMAddr_to_store_ln130/3 "/>
</bind>
</comp>

<comp id="2224" class="1004" name="muxLogicRAMData_to_store_ln130_fu_2224">
<pin_list>
<pin id="2225" dir="0" index="0" bw="16" slack="0"/>
<pin id="2226" dir="1" index="1" bw="0" slack="2147483647"/>
</pin_list>
<bind>
<opcode="muxlogic(592) " fcode="muxlogic"/>
<opset="muxLogicRAMData_to_store_ln130/3 "/>
</bind>
</comp>

<comp id="2228" class="1004" name="muxLogicRAMAddr_to_store_ln130_fu_2228">
<pin_list>
<pin id="2229" dir="0" index="0" bw="9" slack="0"/>
<pin id="2230" dir="1" index="1" bw="0" slack="2147483647"/>
</pin_list>
<bind>
<opcode="muxlogic(592) " fcode="muxlogic"/>
<opset="muxLogicRAMAddr_to_store_ln130/3 "/>
</bind>
</comp>

<comp id="2232" class="1004" name="muxLogicRAMData_to_store_ln130_fu_2232">
<pin_list>
<pin id="2233" dir="0" index="0" bw="16" slack="0"/>
<pin id="2234" dir="1" index="1" bw="0" slack="2147483647"/>
</pin_list>
<bind>
<opcode="muxlogic(592) " fcode="muxlogic"/>
<opset="muxLogicRAMData_to_store_ln130/3 "/>
</bind>
</comp>

<comp id="2236" class="1004" name="muxLogicRAMAddr_to_store_ln130_fu_2236">
<pin_list>
<pin id="2237" dir="0" index="0" bw="9" slack="0"/>
<pin id="2238" dir="1" index="1" bw="0" slack="2147483647"/>
</pin_list>
<bind>
<opcode="muxlogic(592) " fcode="muxlogic"/>
<opset="muxLogicRAMAddr_to_store_ln130/3 "/>
</bind>
</comp>

<comp id="2240" class="1004" name="muxLogicRAMData_to_store_ln130_fu_2240">
<pin_list>
<pin id="2241" dir="0" index="0" bw="16" slack="0"/>
<pin id="2242" dir="1" index="1" bw="0" slack="2147483647"/>
</pin_list>
<bind>
<opcode="muxlogic(592) " fcode="muxlogic"/>
<opset="muxLogicRAMData_to_store_ln130/3 "/>
</bind>
</comp>

<comp id="2244" class="1004" name="muxLogicRAMAddr_to_store_ln130_fu_2244">
<pin_list>
<pin id="2245" dir="0" index="0" bw="9" slack="0"/>
<pin id="2246" dir="1" index="1" bw="0" slack="2147483647"/>
</pin_list>
<bind>
<opcode="muxlogic(592) " fcode="muxlogic"/>
<opset="muxLogicRAMAddr_to_store_ln130/3 "/>
</bind>
</comp>

<comp id="2248" class="1004" name="tmp_139_fu_2248">
<pin_list>
<pin id="2249" dir="0" index="0" bw="9" slack="0"/>
<pin id="2250" dir="0" index="1" bw="6" slack="3"/>
<pin id="2251" dir="0" index="2" bw="3" slack="0"/>
<pin id="2252" dir="1" index="3" bw="9" slack="0"/>
</pin_list>
<bind>
<opcode="bitconcatenate(1004) " fcode="bitconcatenate"/>
<opset="tmp_139/4 "/>
</bind>
</comp>

<comp id="2255" class="1004" name="zext_ln130_2_fu_2255">
<pin_list>
<pin id="2256" dir="0" index="0" bw="9" slack="0"/>
<pin id="2257" dir="1" index="1" bw="64" slack="0"/>
</pin_list>
<bind>
<opcode="zext(34) " fcode="zext"/>
<opset="zext_ln130_2/4 "/>
</bind>
</comp>

<comp id="2275" class="1004" name="vals_63_fu_2275">
<pin_list>
<pin id="2276" dir="0" index="0" bw="16" slack="1"/>
<pin id="2277" dir="1" index="1" bw="16" slack="0"/>
</pin_list>
<bind>
<opcode="bitcast(44) " fcode="bitcast"/>
<opset="vals_63/4 "/>
</bind>
</comp>

<comp id="2279" class="1004" name="vals_64_fu_2279">
<pin_list>
<pin id="2280" dir="0" index="0" bw="16" slack="1"/>
<pin id="2281" dir="1" index="1" bw="16" slack="0"/>
</pin_list>
<bind>
<opcode="bitcast(44) " fcode="bitcast"/>
<opset="vals_64/4 "/>
</bind>
</comp>

<comp id="2284" class="1004" name="vals_65_fu_2284">
<pin_list>
<pin id="2285" dir="0" index="0" bw="16" slack="1"/>
<pin id="2286" dir="1" index="1" bw="16" slack="0"/>
</pin_list>
<bind>
<opcode="bitcast(44) " fcode="bitcast"/>
<opset="vals_65/4 "/>
</bind>
</comp>

<comp id="2289" class="1004" name="vals_66_fu_2289">
<pin_list>
<pin id="2290" dir="0" index="0" bw="16" slack="1"/>
<pin id="2291" dir="1" index="1" bw="16" slack="0"/>
</pin_list>
<bind>
<opcode="bitcast(44) " fcode="bitcast"/>
<opset="vals_66/4 "/>
</bind>
</comp>

<comp id="2294" class="1004" name="vals_67_fu_2294">
<pin_list>
<pin id="2295" dir="0" index="0" bw="16" slack="1"/>
<pin id="2296" dir="1" index="1" bw="16" slack="0"/>
</pin_list>
<bind>
<opcode="bitcast(44) " fcode="bitcast"/>
<opset="vals_67/4 "/>
</bind>
</comp>

<comp id="2299" class="1004" name="vals_68_fu_2299">
<pin_list>
<pin id="2300" dir="0" index="0" bw="16" slack="1"/>
<pin id="2301" dir="1" index="1" bw="16" slack="0"/>
</pin_list>
<bind>
<opcode="bitcast(44) " fcode="bitcast"/>
<opset="vals_68/4 "/>
</bind>
</comp>

<comp id="2304" class="1004" name="vals_69_fu_2304">
<pin_list>
<pin id="2305" dir="0" index="0" bw="16" slack="1"/>
<pin id="2306" dir="1" index="1" bw="16" slack="0"/>
</pin_list>
<bind>
<opcode="bitcast(44) " fcode="bitcast"/>
<opset="vals_69/4 "/>
</bind>
</comp>

<comp id="2309" class="1004" name="vals_70_fu_2309">
<pin_list>
<pin id="2310" dir="0" index="0" bw="16" slack="1"/>
<pin id="2311" dir="1" index="1" bw="16" slack="0"/>
</pin_list>
<bind>
<opcode="bitcast(44) " fcode="bitcast"/>
<opset="vals_70/4 "/>
</bind>
</comp>

<comp id="2314" class="1004" name="vals_71_fu_2314">
<pin_list>
<pin id="2315" dir="0" index="0" bw="16" slack="1"/>
<pin id="2316" dir="1" index="1" bw="16" slack="0"/>
</pin_list>
<bind>
<opcode="bitcast(44) " fcode="bitcast"/>
<opset="vals_71/4 "/>
</bind>
</comp>

<comp id="2319" class="1004" name="vals_72_fu_2319">
<pin_list>
<pin id="2320" dir="0" index="0" bw="16" slack="1"/>
<pin id="2321" dir="1" index="1" bw="16" slack="0"/>
</pin_list>
<bind>
<opcode="bitcast(44) " fcode="bitcast"/>
<opset="vals_72/4 "/>
</bind>
</comp>

<comp id="2324" class="1004" name="vals_73_fu_2324">
<pin_list>
<pin id="2325" dir="0" index="0" bw="16" slack="1"/>
<pin id="2326" dir="1" index="1" bw="16" slack="0"/>
</pin_list>
<bind>
<opcode="bitcast(44) " fcode="bitcast"/>
<opset="vals_73/4 "/>
</bind>
</comp>

<comp id="2329" class="1004" name="vals_74_fu_2329">
<pin_list>
<pin id="2330" dir="0" index="0" bw="16" slack="1"/>
<pin id="2331" dir="1" index="1" bw="16" slack="0"/>
</pin_list>
<bind>
<opcode="bitcast(44) " fcode="bitcast"/>
<opset="vals_74/4 "/>
</bind>
</comp>

<comp id="2334" class="1004" name="vals_75_fu_2334">
<pin_list>
<pin id="2335" dir="0" index="0" bw="16" slack="1"/>
<pin id="2336" dir="1" index="1" bw="16" slack="0"/>
</pin_list>
<bind>
<opcode="bitcast(44) " fcode="bitcast"/>
<opset="vals_75/4 "/>
</bind>
</comp>

<comp id="2339" class="1004" name="vals_76_fu_2339">
<pin_list>
<pin id="2340" dir="0" index="0" bw="16" slack="1"/>
<pin id="2341" dir="1" index="1" bw="16" slack="0"/>
</pin_list>
<bind>
<opcode="bitcast(44) " fcode="bitcast"/>
<opset="vals_76/4 "/>
</bind>
</comp>

<comp id="2344" class="1004" name="vals_77_fu_2344">
<pin_list>
<pin id="2345" dir="0" index="0" bw="16" slack="1"/>
<pin id="2346" dir="1" index="1" bw="16" slack="0"/>
</pin_list>
<bind>
<opcode="bitcast(44) " fcode="bitcast"/>
<opset="vals_77/4 "/>
</bind>
</comp>

<comp id="2349" class="1004" name="vals_78_fu_2349">
<pin_list>
<pin id="2350" dir="0" index="0" bw="16" slack="1"/>
<pin id="2351" dir="1" index="1" bw="16" slack="0"/>
</pin_list>
<bind>
<opcode="bitcast(44) " fcode="bitcast"/>
<opset="vals_78/4 "/>
</bind>
</comp>

<comp id="2354" class="1004" name="trunc_ln67_2_fu_2354">
<pin_list>
<pin id="2355" dir="0" index="0" bw="512" slack="0"/>
<pin id="2356" dir="1" index="1" bw="16" slack="2"/>
</pin_list>
<bind>
<opcode="trunc(33) " fcode="trunc"/>
<opset="trunc_ln67_2/4 "/>
</bind>
</comp>

<comp id="2358" class="1004" name="muxLogicRAMData_to_store_ln130_fu_2358">
<pin_list>
<pin id="2359" dir="0" index="0" bw="16" slack="0"/>
<pin id="2360" dir="1" index="1" bw="0" slack="2147483647"/>
</pin_list>
<bind>
<opcode="muxlogic(592) " fcode="muxlogic"/>
<opset="muxLogicRAMData_to_store_ln130/4 "/>
</bind>
</comp>

<comp id="2362" class="1004" name="muxLogicRAMAddr_to_store_ln130_fu_2362">
<pin_list>
<pin id="2363" dir="0" index="0" bw="9" slack="0"/>
<pin id="2364" dir="1" index="1" bw="0" slack="2147483647"/>
</pin_list>
<bind>
<opcode="muxlogic(592) " fcode="muxlogic"/>
<opset="muxLogicRAMAddr_to_store_ln130/4 "/>
</bind>
</comp>

<comp id="2366" class="1004" name="muxLogicRAMData_to_store_ln130_fu_2366">
<pin_list>
<pin id="2367" dir="0" index="0" bw="16" slack="0"/>
<pin id="2368" dir="1" index="1" bw="0" slack="2147483647"/>
</pin_list>
<bind>
<opcode="muxlogic(592) " fcode="muxlogic"/>
<opset="muxLogicRAMData_to_store_ln130/4 "/>
</bind>
</comp>

<comp id="2370" class="1004" name="muxLogicRAMAddr_to_store_ln130_fu_2370">
<pin_list>
<pin id="2371" dir="0" index="0" bw="9" slack="0"/>
<pin id="2372" dir="1" index="1" bw="0" slack="2147483647"/>
</pin_list>
<bind>
<opcode="muxlogic(592) " fcode="muxlogic"/>
<opset="muxLogicRAMAddr_to_store_ln130/4 "/>
</bind>
</comp>

<comp id="2374" class="1004" name="muxLogicRAMData_to_store_ln130_fu_2374">
<pin_list>
<pin id="2375" dir="0" index="0" bw="16" slack="0"/>
<pin id="2376" dir="1" index="1" bw="0" slack="2147483647"/>
</pin_list>
<bind>
<opcode="muxlogic(592) " fcode="muxlogic"/>
<opset="muxLogicRAMData_to_store_ln130/4 "/>
</bind>
</comp>

<comp id="2378" class="1004" name="muxLogicRAMAddr_to_store_ln130_fu_2378">
<pin_list>
<pin id="2379" dir="0" index="0" bw="9" slack="0"/>
<pin id="2380" dir="1" index="1" bw="0" slack="2147483647"/>
</pin_list>
<bind>
<opcode="muxlogic(592) " fcode="muxlogic"/>
<opset="muxLogicRAMAddr_to_store_ln130/4 "/>
</bind>
</comp>

<comp id="2382" class="1004" name="muxLogicRAMData_to_store_ln130_fu_2382">
<pin_list>
<pin id="2383" dir="0" index="0" bw="16" slack="0"/>
<pin id="2384" dir="1" index="1" bw="0" slack="2147483647"/>
</pin_list>
<bind>
<opcode="muxlogic(592) " fcode="muxlogic"/>
<opset="muxLogicRAMData_to_store_ln130/4 "/>
</bind>
</comp>

<comp id="2386" class="1004" name="muxLogicRAMAddr_to_store_ln130_fu_2386">
<pin_list>
<pin id="2387" dir="0" index="0" bw="9" slack="0"/>
<pin id="2388" dir="1" index="1" bw="0" slack="2147483647"/>
</pin_list>
<bind>
<opcode="muxlogic(592) " fcode="muxlogic"/>
<opset="muxLogicRAMAddr_to_store_ln130/4 "/>
</bind>
</comp>

<comp id="2390" class="1004" name="muxLogicRAMData_to_store_ln130_fu_2390">
<pin_list>
<pin id="2391" dir="0" index="0" bw="16" slack="0"/>
<pin id="2392" dir="1" index="1" bw="0" slack="2147483647"/>
</pin_list>
<bind>
<opcode="muxlogic(592) " fcode="muxlogic"/>
<opset="muxLogicRAMData_to_store_ln130/4 "/>
</bind>
</comp>

<comp id="2394" class="1004" name="muxLogicRAMAddr_to_store_ln130_fu_2394">
<pin_list>
<pin id="2395" dir="0" index="0" bw="9" slack="0"/>
<pin id="2396" dir="1" index="1" bw="0" slack="2147483647"/>
</pin_list>
<bind>
<opcode="muxlogic(592) " fcode="muxlogic"/>
<opset="muxLogicRAMAddr_to_store_ln130/4 "/>
</bind>
</comp>

<comp id="2398" class="1004" name="muxLogicRAMData_to_store_ln130_fu_2398">
<pin_list>
<pin id="2399" dir="0" index="0" bw="16" slack="0"/>
<pin id="2400" dir="1" index="1" bw="0" slack="2147483647"/>
</pin_list>
<bind>
<opcode="muxlogic(592) " fcode="muxlogic"/>
<opset="muxLogicRAMData_to_store_ln130/4 "/>
</bind>
</comp>

<comp id="2402" class="1004" name="muxLogicRAMAddr_to_store_ln130_fu_2402">
<pin_list>
<pin id="2403" dir="0" index="0" bw="9" slack="0"/>
<pin id="2404" dir="1" index="1" bw="0" slack="2147483647"/>
</pin_list>
<bind>
<opcode="muxlogic(592) " fcode="muxlogic"/>
<opset="muxLogicRAMAddr_to_store_ln130/4 "/>
</bind>
</comp>

<comp id="2406" class="1004" name="muxLogicRAMData_to_store_ln130_fu_2406">
<pin_list>
<pin id="2407" dir="0" index="0" bw="16" slack="0"/>
<pin id="2408" dir="1" index="1" bw="0" slack="2147483647"/>
</pin_list>
<bind>
<opcode="muxlogic(592) " fcode="muxlogic"/>
<opset="muxLogicRAMData_to_store_ln130/4 "/>
</bind>
</comp>

<comp id="2410" class="1004" name="muxLogicRAMAddr_to_store_ln130_fu_2410">
<pin_list>
<pin id="2411" dir="0" index="0" bw="9" slack="0"/>
<pin id="2412" dir="1" index="1" bw="0" slack="2147483647"/>
</pin_list>
<bind>
<opcode="muxlogic(592) " fcode="muxlogic"/>
<opset="muxLogicRAMAddr_to_store_ln130/4 "/>
</bind>
</comp>

<comp id="2414" class="1004" name="muxLogicRAMData_to_store_ln130_fu_2414">
<pin_list>
<pin id="2415" dir="0" index="0" bw="16" slack="0"/>
<pin id="2416" dir="1" index="1" bw="0" slack="2147483647"/>
</pin_list>
<bind>
<opcode="muxlogic(592) " fcode="muxlogic"/>
<opset="muxLogicRAMData_to_store_ln130/4 "/>
</bind>
</comp>

<comp id="2418" class="1004" name="muxLogicRAMAddr_to_store_ln130_fu_2418">
<pin_list>
<pin id="2419" dir="0" index="0" bw="9" slack="0"/>
<pin id="2420" dir="1" index="1" bw="0" slack="2147483647"/>
</pin_list>
<bind>
<opcode="muxlogic(592) " fcode="muxlogic"/>
<opset="muxLogicRAMAddr_to_store_ln130/4 "/>
</bind>
</comp>

<comp id="2422" class="1004" name="muxLogicRAMData_to_store_ln130_fu_2422">
<pin_list>
<pin id="2423" dir="0" index="0" bw="16" slack="0"/>
<pin id="2424" dir="1" index="1" bw="0" slack="2147483647"/>
</pin_list>
<bind>
<opcode="muxlogic(592) " fcode="muxlogic"/>
<opset="muxLogicRAMData_to_store_ln130/4 "/>
</bind>
</comp>

<comp id="2426" class="1004" name="muxLogicRAMAddr_to_store_ln130_fu_2426">
<pin_list>
<pin id="2427" dir="0" index="0" bw="9" slack="0"/>
<pin id="2428" dir="1" index="1" bw="0" slack="2147483647"/>
</pin_list>
<bind>
<opcode="muxlogic(592) " fcode="muxlogic"/>
<opset="muxLogicRAMAddr_to_store_ln130/4 "/>
</bind>
</comp>

<comp id="2430" class="1004" name="muxLogicRAMData_to_store_ln130_fu_2430">
<pin_list>
<pin id="2431" dir="0" index="0" bw="16" slack="0"/>
<pin id="2432" dir="1" index="1" bw="0" slack="2147483647"/>
</pin_list>
<bind>
<opcode="muxlogic(592) " fcode="muxlogic"/>
<opset="muxLogicRAMData_to_store_ln130/4 "/>
</bind>
</comp>

<comp id="2434" class="1004" name="muxLogicRAMAddr_to_store_ln130_fu_2434">
<pin_list>
<pin id="2435" dir="0" index="0" bw="9" slack="0"/>
<pin id="2436" dir="1" index="1" bw="0" slack="2147483647"/>
</pin_list>
<bind>
<opcode="muxlogic(592) " fcode="muxlogic"/>
<opset="muxLogicRAMAddr_to_store_ln130/4 "/>
</bind>
</comp>

<comp id="2438" class="1004" name="muxLogicRAMData_to_store_ln130_fu_2438">
<pin_list>
<pin id="2439" dir="0" index="0" bw="16" slack="0"/>
<pin id="2440" dir="1" index="1" bw="0" slack="2147483647"/>
</pin_list>
<bind>
<opcode="muxlogic(592) " fcode="muxlogic"/>
<opset="muxLogicRAMData_to_store_ln130/4 "/>
</bind>
</comp>

<comp id="2442" class="1004" name="muxLogicRAMAddr_to_store_ln130_fu_2442">
<pin_list>
<pin id="2443" dir="0" index="0" bw="9" slack="0"/>
<pin id="2444" dir="1" index="1" bw="0" slack="2147483647"/>
</pin_list>
<bind>
<opcode="muxlogic(592) " fcode="muxlogic"/>
<opset="muxLogicRAMAddr_to_store_ln130/4 "/>
</bind>
</comp>

<comp id="2446" class="1004" name="muxLogicRAMData_to_store_ln130_fu_2446">
<pin_list>
<pin id="2447" dir="0" index="0" bw="16" slack="0"/>
<pin id="2448" dir="1" index="1" bw="0" slack="2147483647"/>
</pin_list>
<bind>
<opcode="muxlogic(592) " fcode="muxlogic"/>
<opset="muxLogicRAMData_to_store_ln130/4 "/>
</bind>
</comp>

<comp id="2450" class="1004" name="muxLogicRAMAddr_to_store_ln130_fu_2450">
<pin_list>
<pin id="2451" dir="0" index="0" bw="9" slack="0"/>
<pin id="2452" dir="1" index="1" bw="0" slack="2147483647"/>
</pin_list>
<bind>
<opcode="muxlogic(592) " fcode="muxlogic"/>
<opset="muxLogicRAMAddr_to_store_ln130/4 "/>
</bind>
</comp>

<comp id="2454" class="1004" name="muxLogicRAMData_to_store_ln130_fu_2454">
<pin_list>
<pin id="2455" dir="0" index="0" bw="16" slack="0"/>
<pin id="2456" dir="1" index="1" bw="0" slack="2147483647"/>
</pin_list>
<bind>
<opcode="muxlogic(592) " fcode="muxlogic"/>
<opset="muxLogicRAMData_to_store_ln130/4 "/>
</bind>
</comp>

<comp id="2458" class="1004" name="muxLogicRAMAddr_to_store_ln130_fu_2458">
<pin_list>
<pin id="2459" dir="0" index="0" bw="9" slack="0"/>
<pin id="2460" dir="1" index="1" bw="0" slack="2147483647"/>
</pin_list>
<bind>
<opcode="muxlogic(592) " fcode="muxlogic"/>
<opset="muxLogicRAMAddr_to_store_ln130/4 "/>
</bind>
</comp>

<comp id="2462" class="1004" name="muxLogicRAMData_to_store_ln130_fu_2462">
<pin_list>
<pin id="2463" dir="0" index="0" bw="16" slack="0"/>
<pin id="2464" dir="1" index="1" bw="0" slack="2147483647"/>
</pin_list>
<bind>
<opcode="muxlogic(592) " fcode="muxlogic"/>
<opset="muxLogicRAMData_to_store_ln130/4 "/>
</bind>
</comp>

<comp id="2466" class="1004" name="muxLogicRAMAddr_to_store_ln130_fu_2466">
<pin_list>
<pin id="2467" dir="0" index="0" bw="9" slack="0"/>
<pin id="2468" dir="1" index="1" bw="0" slack="2147483647"/>
</pin_list>
<bind>
<opcode="muxlogic(592) " fcode="muxlogic"/>
<opset="muxLogicRAMAddr_to_store_ln130/4 "/>
</bind>
</comp>

<comp id="2470" class="1004" name="muxLogicRAMData_to_store_ln130_fu_2470">
<pin_list>
<pin id="2471" dir="0" index="0" bw="16" slack="0"/>
<pin id="2472" dir="1" index="1" bw="0" slack="2147483647"/>
</pin_list>
<bind>
<opcode="muxlogic(592) " fcode="muxlogic"/>
<opset="muxLogicRAMData_to_store_ln130/4 "/>
</bind>
</comp>

<comp id="2474" class="1004" name="muxLogicRAMAddr_to_store_ln130_fu_2474">
<pin_list>
<pin id="2475" dir="0" index="0" bw="9" slack="0"/>
<pin id="2476" dir="1" index="1" bw="0" slack="2147483647"/>
</pin_list>
<bind>
<opcode="muxlogic(592) " fcode="muxlogic"/>
<opset="muxLogicRAMAddr_to_store_ln130/4 "/>
</bind>
</comp>

<comp id="2478" class="1004" name="muxLogicRAMData_to_store_ln130_fu_2478">
<pin_list>
<pin id="2479" dir="0" index="0" bw="16" slack="0"/>
<pin id="2480" dir="1" index="1" bw="0" slack="2147483647"/>
</pin_list>
<bind>
<opcode="muxlogic(592) " fcode="muxlogic"/>
<opset="muxLogicRAMData_to_store_ln130/4 "/>
</bind>
</comp>

<comp id="2482" class="1004" name="muxLogicRAMAddr_to_store_ln130_fu_2482">
<pin_list>
<pin id="2483" dir="0" index="0" bw="9" slack="0"/>
<pin id="2484" dir="1" index="1" bw="0" slack="2147483647"/>
</pin_list>
<bind>
<opcode="muxlogic(592) " fcode="muxlogic"/>
<opset="muxLogicRAMAddr_to_store_ln130/4 "/>
</bind>
</comp>

<comp id="2486" class="1004" name="tmp_171_fu_2486">
<pin_list>
<pin id="2487" dir="0" index="0" bw="9" slack="0"/>
<pin id="2488" dir="0" index="1" bw="6" slack="4"/>
<pin id="2489" dir="0" index="2" bw="3" slack="0"/>
<pin id="2490" dir="1" index="3" bw="9" slack="0"/>
</pin_list>
<bind>
<opcode="bitconcatenate(1004) " fcode="bitconcatenate"/>
<opset="tmp_171/5 "/>
</bind>
</comp>

<comp id="2493" class="1004" name="zext_ln130_3_fu_2493">
<pin_list>
<pin id="2494" dir="0" index="0" bw="9" slack="0"/>
<pin id="2495" dir="1" index="1" bw="64" slack="0"/>
</pin_list>
<bind>
<opcode="zext(34) " fcode="zext"/>
<opset="zext_ln130_3/5 "/>
</bind>
</comp>

<comp id="2513" class="1004" name="vals_79_fu_2513">
<pin_list>
<pin id="2514" dir="0" index="0" bw="16" slack="2"/>
<pin id="2515" dir="1" index="1" bw="16" slack="0"/>
</pin_list>
<bind>
<opcode="bitcast(44) " fcode="bitcast"/>
<opset="vals_79/5 "/>
</bind>
</comp>

<comp id="2518" class="1004" name="vals_80_fu_2518">
<pin_list>
<pin id="2519" dir="0" index="0" bw="16" slack="2"/>
<pin id="2520" dir="1" index="1" bw="16" slack="0"/>
</pin_list>
<bind>
<opcode="bitcast(44) " fcode="bitcast"/>
<opset="vals_80/5 "/>
</bind>
</comp>

<comp id="2523" class="1004" name="vals_81_fu_2523">
<pin_list>
<pin id="2524" dir="0" index="0" bw="16" slack="2"/>
<pin id="2525" dir="1" index="1" bw="16" slack="0"/>
</pin_list>
<bind>
<opcode="bitcast(44) " fcode="bitcast"/>
<opset="vals_81/5 "/>
</bind>
</comp>

<comp id="2528" class="1004" name="vals_82_fu_2528">
<pin_list>
<pin id="2529" dir="0" index="0" bw="16" slack="2"/>
<pin id="2530" dir="1" index="1" bw="16" slack="0"/>
</pin_list>
<bind>
<opcode="bitcast(44) " fcode="bitcast"/>
<opset="vals_82/5 "/>
</bind>
</comp>

<comp id="2533" class="1004" name="vals_83_fu_2533">
<pin_list>
<pin id="2534" dir="0" index="0" bw="16" slack="2"/>
<pin id="2535" dir="1" index="1" bw="16" slack="0"/>
</pin_list>
<bind>
<opcode="bitcast(44) " fcode="bitcast"/>
<opset="vals_83/5 "/>
</bind>
</comp>

<comp id="2538" class="1004" name="vals_84_fu_2538">
<pin_list>
<pin id="2539" dir="0" index="0" bw="16" slack="2"/>
<pin id="2540" dir="1" index="1" bw="16" slack="0"/>
</pin_list>
<bind>
<opcode="bitcast(44) " fcode="bitcast"/>
<opset="vals_84/5 "/>
</bind>
</comp>

<comp id="2543" class="1004" name="vals_85_fu_2543">
<pin_list>
<pin id="2544" dir="0" index="0" bw="16" slack="2"/>
<pin id="2545" dir="1" index="1" bw="16" slack="0"/>
</pin_list>
<bind>
<opcode="bitcast(44) " fcode="bitcast"/>
<opset="vals_85/5 "/>
</bind>
</comp>

<comp id="2548" class="1004" name="vals_86_fu_2548">
<pin_list>
<pin id="2549" dir="0" index="0" bw="16" slack="2"/>
<pin id="2550" dir="1" index="1" bw="16" slack="0"/>
</pin_list>
<bind>
<opcode="bitcast(44) " fcode="bitcast"/>
<opset="vals_86/5 "/>
</bind>
</comp>

<comp id="2553" class="1004" name="vals_87_fu_2553">
<pin_list>
<pin id="2554" dir="0" index="0" bw="16" slack="2"/>
<pin id="2555" dir="1" index="1" bw="16" slack="0"/>
</pin_list>
<bind>
<opcode="bitcast(44) " fcode="bitcast"/>
<opset="vals_87/5 "/>
</bind>
</comp>

<comp id="2558" class="1004" name="vals_88_fu_2558">
<pin_list>
<pin id="2559" dir="0" index="0" bw="16" slack="2"/>
<pin id="2560" dir="1" index="1" bw="16" slack="0"/>
</pin_list>
<bind>
<opcode="bitcast(44) " fcode="bitcast"/>
<opset="vals_88/5 "/>
</bind>
</comp>

<comp id="2563" class="1004" name="vals_89_fu_2563">
<pin_list>
<pin id="2564" dir="0" index="0" bw="16" slack="2"/>
<pin id="2565" dir="1" index="1" bw="16" slack="0"/>
</pin_list>
<bind>
<opcode="bitcast(44) " fcode="bitcast"/>
<opset="vals_89/5 "/>
</bind>
</comp>

<comp id="2568" class="1004" name="vals_90_fu_2568">
<pin_list>
<pin id="2569" dir="0" index="0" bw="16" slack="2"/>
<pin id="2570" dir="1" index="1" bw="16" slack="0"/>
</pin_list>
<bind>
<opcode="bitcast(44) " fcode="bitcast"/>
<opset="vals_90/5 "/>
</bind>
</comp>

<comp id="2573" class="1004" name="vals_91_fu_2573">
<pin_list>
<pin id="2574" dir="0" index="0" bw="16" slack="2"/>
<pin id="2575" dir="1" index="1" bw="16" slack="0"/>
</pin_list>
<bind>
<opcode="bitcast(44) " fcode="bitcast"/>
<opset="vals_91/5 "/>
</bind>
</comp>

<comp id="2578" class="1004" name="vals_92_fu_2578">
<pin_list>
<pin id="2579" dir="0" index="0" bw="16" slack="2"/>
<pin id="2580" dir="1" index="1" bw="16" slack="0"/>
</pin_list>
<bind>
<opcode="bitcast(44) " fcode="bitcast"/>
<opset="vals_92/5 "/>
</bind>
</comp>

<comp id="2583" class="1004" name="vals_93_fu_2583">
<pin_list>
<pin id="2584" dir="0" index="0" bw="16" slack="2"/>
<pin id="2585" dir="1" index="1" bw="16" slack="0"/>
</pin_list>
<bind>
<opcode="bitcast(44) " fcode="bitcast"/>
<opset="vals_93/5 "/>
</bind>
</comp>

<comp id="2588" class="1004" name="vals_94_fu_2588">
<pin_list>
<pin id="2589" dir="0" index="0" bw="16" slack="2"/>
<pin id="2590" dir="1" index="1" bw="16" slack="0"/>
</pin_list>
<bind>
<opcode="bitcast(44) " fcode="bitcast"/>
<opset="vals_94/5 "/>
</bind>
</comp>

<comp id="2593" class="1004" name="trunc_ln67_3_fu_2593">
<pin_list>
<pin id="2594" dir="0" index="0" bw="512" slack="0"/>
<pin id="2595" dir="1" index="1" bw="16" slack="3"/>
</pin_list>
<bind>
<opcode="trunc(33) " fcode="trunc"/>
<opset="trunc_ln67_3/5 "/>
</bind>
</comp>

<comp id="2597" class="1004" name="muxLogicRAMData_to_store_ln130_fu_2597">
<pin_list>
<pin id="2598" dir="0" index="0" bw="16" slack="0"/>
<pin id="2599" dir="1" index="1" bw="0" slack="2147483647"/>
</pin_list>
<bind>
<opcode="muxlogic(592) " fcode="muxlogic"/>
<opset="muxLogicRAMData_to_store_ln130/5 "/>
</bind>
</comp>

<comp id="2601" class="1004" name="muxLogicRAMAddr_to_store_ln130_fu_2601">
<pin_list>
<pin id="2602" dir="0" index="0" bw="9" slack="0"/>
<pin id="2603" dir="1" index="1" bw="0" slack="2147483647"/>
</pin_list>
<bind>
<opcode="muxlogic(592) " fcode="muxlogic"/>
<opset="muxLogicRAMAddr_to_store_ln130/5 "/>
</bind>
</comp>

<comp id="2605" class="1004" name="muxLogicRAMData_to_store_ln130_fu_2605">
<pin_list>
<pin id="2606" dir="0" index="0" bw="16" slack="0"/>
<pin id="2607" dir="1" index="1" bw="0" slack="2147483647"/>
</pin_list>
<bind>
<opcode="muxlogic(592) " fcode="muxlogic"/>
<opset="muxLogicRAMData_to_store_ln130/5 "/>
</bind>
</comp>

<comp id="2609" class="1004" name="muxLogicRAMAddr_to_store_ln130_fu_2609">
<pin_list>
<pin id="2610" dir="0" index="0" bw="9" slack="0"/>
<pin id="2611" dir="1" index="1" bw="0" slack="2147483647"/>
</pin_list>
<bind>
<opcode="muxlogic(592) " fcode="muxlogic"/>
<opset="muxLogicRAMAddr_to_store_ln130/5 "/>
</bind>
</comp>

<comp id="2613" class="1004" name="muxLogicRAMData_to_store_ln130_fu_2613">
<pin_list>
<pin id="2614" dir="0" index="0" bw="16" slack="0"/>
<pin id="2615" dir="1" index="1" bw="0" slack="2147483647"/>
</pin_list>
<bind>
<opcode="muxlogic(592) " fcode="muxlogic"/>
<opset="muxLogicRAMData_to_store_ln130/5 "/>
</bind>
</comp>

<comp id="2617" class="1004" name="muxLogicRAMAddr_to_store_ln130_fu_2617">
<pin_list>
<pin id="2618" dir="0" index="0" bw="9" slack="0"/>
<pin id="2619" dir="1" index="1" bw="0" slack="2147483647"/>
</pin_list>
<bind>
<opcode="muxlogic(592) " fcode="muxlogic"/>
<opset="muxLogicRAMAddr_to_store_ln130/5 "/>
</bind>
</comp>

<comp id="2621" class="1004" name="muxLogicRAMData_to_store_ln130_fu_2621">
<pin_list>
<pin id="2622" dir="0" index="0" bw="16" slack="0"/>
<pin id="2623" dir="1" index="1" bw="0" slack="2147483647"/>
</pin_list>
<bind>
<opcode="muxlogic(592) " fcode="muxlogic"/>
<opset="muxLogicRAMData_to_store_ln130/5 "/>
</bind>
</comp>

<comp id="2625" class="1004" name="muxLogicRAMAddr_to_store_ln130_fu_2625">
<pin_list>
<pin id="2626" dir="0" index="0" bw="9" slack="0"/>
<pin id="2627" dir="1" index="1" bw="0" slack="2147483647"/>
</pin_list>
<bind>
<opcode="muxlogic(592) " fcode="muxlogic"/>
<opset="muxLogicRAMAddr_to_store_ln130/5 "/>
</bind>
</comp>

<comp id="2629" class="1004" name="muxLogicRAMData_to_store_ln130_fu_2629">
<pin_list>
<pin id="2630" dir="0" index="0" bw="16" slack="0"/>
<pin id="2631" dir="1" index="1" bw="0" slack="2147483647"/>
</pin_list>
<bind>
<opcode="muxlogic(592) " fcode="muxlogic"/>
<opset="muxLogicRAMData_to_store_ln130/5 "/>
</bind>
</comp>

<comp id="2633" class="1004" name="muxLogicRAMAddr_to_store_ln130_fu_2633">
<pin_list>
<pin id="2634" dir="0" index="0" bw="9" slack="0"/>
<pin id="2635" dir="1" index="1" bw="0" slack="2147483647"/>
</pin_list>
<bind>
<opcode="muxlogic(592) " fcode="muxlogic"/>
<opset="muxLogicRAMAddr_to_store_ln130/5 "/>
</bind>
</comp>

<comp id="2637" class="1004" name="muxLogicRAMData_to_store_ln130_fu_2637">
<pin_list>
<pin id="2638" dir="0" index="0" bw="16" slack="0"/>
<pin id="2639" dir="1" index="1" bw="0" slack="2147483647"/>
</pin_list>
<bind>
<opcode="muxlogic(592) " fcode="muxlogic"/>
<opset="muxLogicRAMData_to_store_ln130/5 "/>
</bind>
</comp>

<comp id="2641" class="1004" name="muxLogicRAMAddr_to_store_ln130_fu_2641">
<pin_list>
<pin id="2642" dir="0" index="0" bw="9" slack="0"/>
<pin id="2643" dir="1" index="1" bw="0" slack="2147483647"/>
</pin_list>
<bind>
<opcode="muxlogic(592) " fcode="muxlogic"/>
<opset="muxLogicRAMAddr_to_store_ln130/5 "/>
</bind>
</comp>

<comp id="2645" class="1004" name="muxLogicRAMData_to_store_ln130_fu_2645">
<pin_list>
<pin id="2646" dir="0" index="0" bw="16" slack="0"/>
<pin id="2647" dir="1" index="1" bw="0" slack="2147483647"/>
</pin_list>
<bind>
<opcode="muxlogic(592) " fcode="muxlogic"/>
<opset="muxLogicRAMData_to_store_ln130/5 "/>
</bind>
</comp>

<comp id="2649" class="1004" name="muxLogicRAMAddr_to_store_ln130_fu_2649">
<pin_list>
<pin id="2650" dir="0" index="0" bw="9" slack="0"/>
<pin id="2651" dir="1" index="1" bw="0" slack="2147483647"/>
</pin_list>
<bind>
<opcode="muxlogic(592) " fcode="muxlogic"/>
<opset="muxLogicRAMAddr_to_store_ln130/5 "/>
</bind>
</comp>

<comp id="2653" class="1004" name="muxLogicRAMData_to_store_ln130_fu_2653">
<pin_list>
<pin id="2654" dir="0" index="0" bw="16" slack="0"/>
<pin id="2655" dir="1" index="1" bw="0" slack="2147483647"/>
</pin_list>
<bind>
<opcode="muxlogic(592) " fcode="muxlogic"/>
<opset="muxLogicRAMData_to_store_ln130/5 "/>
</bind>
</comp>

<comp id="2657" class="1004" name="muxLogicRAMAddr_to_store_ln130_fu_2657">
<pin_list>
<pin id="2658" dir="0" index="0" bw="9" slack="0"/>
<pin id="2659" dir="1" index="1" bw="0" slack="2147483647"/>
</pin_list>
<bind>
<opcode="muxlogic(592) " fcode="muxlogic"/>
<opset="muxLogicRAMAddr_to_store_ln130/5 "/>
</bind>
</comp>

<comp id="2661" class="1004" name="muxLogicRAMData_to_store_ln130_fu_2661">
<pin_list>
<pin id="2662" dir="0" index="0" bw="16" slack="0"/>
<pin id="2663" dir="1" index="1" bw="0" slack="2147483647"/>
</pin_list>
<bind>
<opcode="muxlogic(592) " fcode="muxlogic"/>
<opset="muxLogicRAMData_to_store_ln130/5 "/>
</bind>
</comp>

<comp id="2665" class="1004" name="muxLogicRAMAddr_to_store_ln130_fu_2665">
<pin_list>
<pin id="2666" dir="0" index="0" bw="9" slack="0"/>
<pin id="2667" dir="1" index="1" bw="0" slack="2147483647"/>
</pin_list>
<bind>
<opcode="muxlogic(592) " fcode="muxlogic"/>
<opset="muxLogicRAMAddr_to_store_ln130/5 "/>
</bind>
</comp>

<comp id="2669" class="1004" name="muxLogicRAMData_to_store_ln130_fu_2669">
<pin_list>
<pin id="2670" dir="0" index="0" bw="16" slack="0"/>
<pin id="2671" dir="1" index="1" bw="0" slack="2147483647"/>
</pin_list>
<bind>
<opcode="muxlogic(592) " fcode="muxlogic"/>
<opset="muxLogicRAMData_to_store_ln130/5 "/>
</bind>
</comp>

<comp id="2673" class="1004" name="muxLogicRAMAddr_to_store_ln130_fu_2673">
<pin_list>
<pin id="2674" dir="0" index="0" bw="9" slack="0"/>
<pin id="2675" dir="1" index="1" bw="0" slack="2147483647"/>
</pin_list>
<bind>
<opcode="muxlogic(592) " fcode="muxlogic"/>
<opset="muxLogicRAMAddr_to_store_ln130/5 "/>
</bind>
</comp>

<comp id="2677" class="1004" name="muxLogicRAMData_to_store_ln130_fu_2677">
<pin_list>
<pin id="2678" dir="0" index="0" bw="16" slack="0"/>
<pin id="2679" dir="1" index="1" bw="0" slack="2147483647"/>
</pin_list>
<bind>
<opcode="muxlogic(592) " fcode="muxlogic"/>
<opset="muxLogicRAMData_to_store_ln130/5 "/>
</bind>
</comp>

<comp id="2681" class="1004" name="muxLogicRAMAddr_to_store_ln130_fu_2681">
<pin_list>
<pin id="2682" dir="0" index="0" bw="9" slack="0"/>
<pin id="2683" dir="1" index="1" bw="0" slack="2147483647"/>
</pin_list>
<bind>
<opcode="muxlogic(592) " fcode="muxlogic"/>
<opset="muxLogicRAMAddr_to_store_ln130/5 "/>
</bind>
</comp>

<comp id="2685" class="1004" name="muxLogicRAMData_to_store_ln130_fu_2685">
<pin_list>
<pin id="2686" dir="0" index="0" bw="16" slack="0"/>
<pin id="2687" dir="1" index="1" bw="0" slack="2147483647"/>
</pin_list>
<bind>
<opcode="muxlogic(592) " fcode="muxlogic"/>
<opset="muxLogicRAMData_to_store_ln130/5 "/>
</bind>
</comp>

<comp id="2689" class="1004" name="muxLogicRAMAddr_to_store_ln130_fu_2689">
<pin_list>
<pin id="2690" dir="0" index="0" bw="9" slack="0"/>
<pin id="2691" dir="1" index="1" bw="0" slack="2147483647"/>
</pin_list>
<bind>
<opcode="muxlogic(592) " fcode="muxlogic"/>
<opset="muxLogicRAMAddr_to_store_ln130/5 "/>
</bind>
</comp>

<comp id="2693" class="1004" name="muxLogicRAMData_to_store_ln130_fu_2693">
<pin_list>
<pin id="2694" dir="0" index="0" bw="16" slack="0"/>
<pin id="2695" dir="1" index="1" bw="0" slack="2147483647"/>
</pin_list>
<bind>
<opcode="muxlogic(592) " fcode="muxlogic"/>
<opset="muxLogicRAMData_to_store_ln130/5 "/>
</bind>
</comp>

<comp id="2697" class="1004" name="muxLogicRAMAddr_to_store_ln130_fu_2697">
<pin_list>
<pin id="2698" dir="0" index="0" bw="9" slack="0"/>
<pin id="2699" dir="1" index="1" bw="0" slack="2147483647"/>
</pin_list>
<bind>
<opcode="muxlogic(592) " fcode="muxlogic"/>
<opset="muxLogicRAMAddr_to_store_ln130/5 "/>
</bind>
</comp>

<comp id="2701" class="1004" name="muxLogicRAMData_to_store_ln130_fu_2701">
<pin_list>
<pin id="2702" dir="0" index="0" bw="16" slack="0"/>
<pin id="2703" dir="1" index="1" bw="0" slack="2147483647"/>
</pin_list>
<bind>
<opcode="muxlogic(592) " fcode="muxlogic"/>
<opset="muxLogicRAMData_to_store_ln130/5 "/>
</bind>
</comp>

<comp id="2705" class="1004" name="muxLogicRAMAddr_to_store_ln130_fu_2705">
<pin_list>
<pin id="2706" dir="0" index="0" bw="9" slack="0"/>
<pin id="2707" dir="1" index="1" bw="0" slack="2147483647"/>
</pin_list>
<bind>
<opcode="muxlogic(592) " fcode="muxlogic"/>
<opset="muxLogicRAMAddr_to_store_ln130/5 "/>
</bind>
</comp>

<comp id="2709" class="1004" name="muxLogicRAMData_to_store_ln130_fu_2709">
<pin_list>
<pin id="2710" dir="0" index="0" bw="16" slack="0"/>
<pin id="2711" dir="1" index="1" bw="0" slack="2147483647"/>
</pin_list>
<bind>
<opcode="muxlogic(592) " fcode="muxlogic"/>
<opset="muxLogicRAMData_to_store_ln130/5 "/>
</bind>
</comp>

<comp id="2713" class="1004" name="muxLogicRAMAddr_to_store_ln130_fu_2713">
<pin_list>
<pin id="2714" dir="0" index="0" bw="9" slack="0"/>
<pin id="2715" dir="1" index="1" bw="0" slack="2147483647"/>
</pin_list>
<bind>
<opcode="muxlogic(592) " fcode="muxlogic"/>
<opset="muxLogicRAMAddr_to_store_ln130/5 "/>
</bind>
</comp>

<comp id="2717" class="1004" name="muxLogicRAMData_to_store_ln130_fu_2717">
<pin_list>
<pin id="2718" dir="0" index="0" bw="16" slack="0"/>
<pin id="2719" dir="1" index="1" bw="0" slack="2147483647"/>
</pin_list>
<bind>
<opcode="muxlogic(592) " fcode="muxlogic"/>
<opset="muxLogicRAMData_to_store_ln130/5 "/>
</bind>
</comp>

<comp id="2721" class="1004" name="muxLogicRAMAddr_to_store_ln130_fu_2721">
<pin_list>
<pin id="2722" dir="0" index="0" bw="9" slack="0"/>
<pin id="2723" dir="1" index="1" bw="0" slack="2147483647"/>
</pin_list>
<bind>
<opcode="muxlogic(592) " fcode="muxlogic"/>
<opset="muxLogicRAMAddr_to_store_ln130/5 "/>
</bind>
</comp>

<comp id="2725" class="1004" name="tmp_172_fu_2725">
<pin_list>
<pin id="2726" dir="0" index="0" bw="9" slack="0"/>
<pin id="2727" dir="0" index="1" bw="6" slack="5"/>
<pin id="2728" dir="0" index="2" bw="3" slack="0"/>
<pin id="2729" dir="1" index="3" bw="9" slack="0"/>
</pin_list>
<bind>
<opcode="bitconcatenate(1004) " fcode="bitconcatenate"/>
<opset="tmp_172/6 "/>
</bind>
</comp>

<comp id="2732" class="1004" name="zext_ln130_4_fu_2732">
<pin_list>
<pin id="2733" dir="0" index="0" bw="9" slack="0"/>
<pin id="2734" dir="1" index="1" bw="64" slack="0"/>
</pin_list>
<bind>
<opcode="zext(34) " fcode="zext"/>
<opset="zext_ln130_4/6 "/>
</bind>
</comp>

<comp id="2752" class="1004" name="vals_95_fu_2752">
<pin_list>
<pin id="2753" dir="0" index="0" bw="16" slack="2"/>
<pin id="2754" dir="1" index="1" bw="16" slack="0"/>
</pin_list>
<bind>
<opcode="bitcast(44) " fcode="bitcast"/>
<opset="vals_95/6 "/>
</bind>
</comp>

<comp id="2756" class="1004" name="vals_96_fu_2756">
<pin_list>
<pin id="2757" dir="0" index="0" bw="16" slack="2"/>
<pin id="2758" dir="1" index="1" bw="16" slack="0"/>
</pin_list>
<bind>
<opcode="bitcast(44) " fcode="bitcast"/>
<opset="vals_96/6 "/>
</bind>
</comp>

<comp id="2761" class="1004" name="vals_97_fu_2761">
<pin_list>
<pin id="2762" dir="0" index="0" bw="16" slack="2"/>
<pin id="2763" dir="1" index="1" bw="16" slack="0"/>
</pin_list>
<bind>
<opcode="bitcast(44) " fcode="bitcast"/>
<opset="vals_97/6 "/>
</bind>
</comp>

<comp id="2766" class="1004" name="vals_98_fu_2766">
<pin_list>
<pin id="2767" dir="0" index="0" bw="16" slack="2"/>
<pin id="2768" dir="1" index="1" bw="16" slack="0"/>
</pin_list>
<bind>
<opcode="bitcast(44) " fcode="bitcast"/>
<opset="vals_98/6 "/>
</bind>
</comp>

<comp id="2771" class="1004" name="vals_99_fu_2771">
<pin_list>
<pin id="2772" dir="0" index="0" bw="16" slack="2"/>
<pin id="2773" dir="1" index="1" bw="16" slack="0"/>
</pin_list>
<bind>
<opcode="bitcast(44) " fcode="bitcast"/>
<opset="vals_99/6 "/>
</bind>
</comp>

<comp id="2776" class="1004" name="vals_100_fu_2776">
<pin_list>
<pin id="2777" dir="0" index="0" bw="16" slack="2"/>
<pin id="2778" dir="1" index="1" bw="16" slack="0"/>
</pin_list>
<bind>
<opcode="bitcast(44) " fcode="bitcast"/>
<opset="vals_100/6 "/>
</bind>
</comp>

<comp id="2781" class="1004" name="vals_101_fu_2781">
<pin_list>
<pin id="2782" dir="0" index="0" bw="16" slack="2"/>
<pin id="2783" dir="1" index="1" bw="16" slack="0"/>
</pin_list>
<bind>
<opcode="bitcast(44) " fcode="bitcast"/>
<opset="vals_101/6 "/>
</bind>
</comp>

<comp id="2786" class="1004" name="vals_102_fu_2786">
<pin_list>
<pin id="2787" dir="0" index="0" bw="16" slack="2"/>
<pin id="2788" dir="1" index="1" bw="16" slack="0"/>
</pin_list>
<bind>
<opcode="bitcast(44) " fcode="bitcast"/>
<opset="vals_102/6 "/>
</bind>
</comp>

<comp id="2791" class="1004" name="vals_103_fu_2791">
<pin_list>
<pin id="2792" dir="0" index="0" bw="16" slack="2"/>
<pin id="2793" dir="1" index="1" bw="16" slack="0"/>
</pin_list>
<bind>
<opcode="bitcast(44) " fcode="bitcast"/>
<opset="vals_103/6 "/>
</bind>
</comp>

<comp id="2796" class="1004" name="vals_104_fu_2796">
<pin_list>
<pin id="2797" dir="0" index="0" bw="16" slack="2"/>
<pin id="2798" dir="1" index="1" bw="16" slack="0"/>
</pin_list>
<bind>
<opcode="bitcast(44) " fcode="bitcast"/>
<opset="vals_104/6 "/>
</bind>
</comp>

<comp id="2801" class="1004" name="vals_105_fu_2801">
<pin_list>
<pin id="2802" dir="0" index="0" bw="16" slack="2"/>
<pin id="2803" dir="1" index="1" bw="16" slack="0"/>
</pin_list>
<bind>
<opcode="bitcast(44) " fcode="bitcast"/>
<opset="vals_105/6 "/>
</bind>
</comp>

<comp id="2806" class="1004" name="vals_106_fu_2806">
<pin_list>
<pin id="2807" dir="0" index="0" bw="16" slack="2"/>
<pin id="2808" dir="1" index="1" bw="16" slack="0"/>
</pin_list>
<bind>
<opcode="bitcast(44) " fcode="bitcast"/>
<opset="vals_106/6 "/>
</bind>
</comp>

<comp id="2811" class="1004" name="vals_107_fu_2811">
<pin_list>
<pin id="2812" dir="0" index="0" bw="16" slack="2"/>
<pin id="2813" dir="1" index="1" bw="16" slack="0"/>
</pin_list>
<bind>
<opcode="bitcast(44) " fcode="bitcast"/>
<opset="vals_107/6 "/>
</bind>
</comp>

<comp id="2816" class="1004" name="vals_108_fu_2816">
<pin_list>
<pin id="2817" dir="0" index="0" bw="16" slack="2"/>
<pin id="2818" dir="1" index="1" bw="16" slack="0"/>
</pin_list>
<bind>
<opcode="bitcast(44) " fcode="bitcast"/>
<opset="vals_108/6 "/>
</bind>
</comp>

<comp id="2821" class="1004" name="vals_109_fu_2821">
<pin_list>
<pin id="2822" dir="0" index="0" bw="16" slack="2"/>
<pin id="2823" dir="1" index="1" bw="16" slack="0"/>
</pin_list>
<bind>
<opcode="bitcast(44) " fcode="bitcast"/>
<opset="vals_109/6 "/>
</bind>
</comp>

<comp id="2826" class="1004" name="vals_110_fu_2826">
<pin_list>
<pin id="2827" dir="0" index="0" bw="16" slack="2"/>
<pin id="2828" dir="1" index="1" bw="16" slack="0"/>
</pin_list>
<bind>
<opcode="bitcast(44) " fcode="bitcast"/>
<opset="vals_110/6 "/>
</bind>
</comp>

<comp id="2831" class="1004" name="muxLogicRAMData_to_store_ln130_fu_2831">
<pin_list>
<pin id="2832" dir="0" index="0" bw="16" slack="0"/>
<pin id="2833" dir="1" index="1" bw="0" slack="2147483647"/>
</pin_list>
<bind>
<opcode="muxlogic(592) " fcode="muxlogic"/>
<opset="muxLogicRAMData_to_store_ln130/6 "/>
</bind>
</comp>

<comp id="2835" class="1004" name="muxLogicRAMAddr_to_store_ln130_fu_2835">
<pin_list>
<pin id="2836" dir="0" index="0" bw="9" slack="0"/>
<pin id="2837" dir="1" index="1" bw="0" slack="2147483647"/>
</pin_list>
<bind>
<opcode="muxlogic(592) " fcode="muxlogic"/>
<opset="muxLogicRAMAddr_to_store_ln130/6 "/>
</bind>
</comp>

<comp id="2839" class="1004" name="muxLogicRAMData_to_store_ln130_fu_2839">
<pin_list>
<pin id="2840" dir="0" index="0" bw="16" slack="0"/>
<pin id="2841" dir="1" index="1" bw="0" slack="2147483647"/>
</pin_list>
<bind>
<opcode="muxlogic(592) " fcode="muxlogic"/>
<opset="muxLogicRAMData_to_store_ln130/6 "/>
</bind>
</comp>

<comp id="2843" class="1004" name="muxLogicRAMAddr_to_store_ln130_fu_2843">
<pin_list>
<pin id="2844" dir="0" index="0" bw="9" slack="0"/>
<pin id="2845" dir="1" index="1" bw="0" slack="2147483647"/>
</pin_list>
<bind>
<opcode="muxlogic(592) " fcode="muxlogic"/>
<opset="muxLogicRAMAddr_to_store_ln130/6 "/>
</bind>
</comp>

<comp id="2847" class="1004" name="muxLogicRAMData_to_store_ln130_fu_2847">
<pin_list>
<pin id="2848" dir="0" index="0" bw="16" slack="0"/>
<pin id="2849" dir="1" index="1" bw="0" slack="2147483647"/>
</pin_list>
<bind>
<opcode="muxlogic(592) " fcode="muxlogic"/>
<opset="muxLogicRAMData_to_store_ln130/6 "/>
</bind>
</comp>

<comp id="2851" class="1004" name="muxLogicRAMAddr_to_store_ln130_fu_2851">
<pin_list>
<pin id="2852" dir="0" index="0" bw="9" slack="0"/>
<pin id="2853" dir="1" index="1" bw="0" slack="2147483647"/>
</pin_list>
<bind>
<opcode="muxlogic(592) " fcode="muxlogic"/>
<opset="muxLogicRAMAddr_to_store_ln130/6 "/>
</bind>
</comp>

<comp id="2855" class="1004" name="muxLogicRAMData_to_store_ln130_fu_2855">
<pin_list>
<pin id="2856" dir="0" index="0" bw="16" slack="0"/>
<pin id="2857" dir="1" index="1" bw="0" slack="2147483647"/>
</pin_list>
<bind>
<opcode="muxlogic(592) " fcode="muxlogic"/>
<opset="muxLogicRAMData_to_store_ln130/6 "/>
</bind>
</comp>

<comp id="2859" class="1004" name="muxLogicRAMAddr_to_store_ln130_fu_2859">
<pin_list>
<pin id="2860" dir="0" index="0" bw="9" slack="0"/>
<pin id="2861" dir="1" index="1" bw="0" slack="2147483647"/>
</pin_list>
<bind>
<opcode="muxlogic(592) " fcode="muxlogic"/>
<opset="muxLogicRAMAddr_to_store_ln130/6 "/>
</bind>
</comp>

<comp id="2863" class="1004" name="muxLogicRAMData_to_store_ln130_fu_2863">
<pin_list>
<pin id="2864" dir="0" index="0" bw="16" slack="0"/>
<pin id="2865" dir="1" index="1" bw="0" slack="2147483647"/>
</pin_list>
<bind>
<opcode="muxlogic(592) " fcode="muxlogic"/>
<opset="muxLogicRAMData_to_store_ln130/6 "/>
</bind>
</comp>

<comp id="2867" class="1004" name="muxLogicRAMAddr_to_store_ln130_fu_2867">
<pin_list>
<pin id="2868" dir="0" index="0" bw="9" slack="0"/>
<pin id="2869" dir="1" index="1" bw="0" slack="2147483647"/>
</pin_list>
<bind>
<opcode="muxlogic(592) " fcode="muxlogic"/>
<opset="muxLogicRAMAddr_to_store_ln130/6 "/>
</bind>
</comp>

<comp id="2871" class="1004" name="muxLogicRAMData_to_store_ln130_fu_2871">
<pin_list>
<pin id="2872" dir="0" index="0" bw="16" slack="0"/>
<pin id="2873" dir="1" index="1" bw="0" slack="2147483647"/>
</pin_list>
<bind>
<opcode="muxlogic(592) " fcode="muxlogic"/>
<opset="muxLogicRAMData_to_store_ln130/6 "/>
</bind>
</comp>

<comp id="2875" class="1004" name="muxLogicRAMAddr_to_store_ln130_fu_2875">
<pin_list>
<pin id="2876" dir="0" index="0" bw="9" slack="0"/>
<pin id="2877" dir="1" index="1" bw="0" slack="2147483647"/>
</pin_list>
<bind>
<opcode="muxlogic(592) " fcode="muxlogic"/>
<opset="muxLogicRAMAddr_to_store_ln130/6 "/>
</bind>
</comp>

<comp id="2879" class="1004" name="muxLogicRAMData_to_store_ln130_fu_2879">
<pin_list>
<pin id="2880" dir="0" index="0" bw="16" slack="0"/>
<pin id="2881" dir="1" index="1" bw="0" slack="2147483647"/>
</pin_list>
<bind>
<opcode="muxlogic(592) " fcode="muxlogic"/>
<opset="muxLogicRAMData_to_store_ln130/6 "/>
</bind>
</comp>

<comp id="2883" class="1004" name="muxLogicRAMAddr_to_store_ln130_fu_2883">
<pin_list>
<pin id="2884" dir="0" index="0" bw="9" slack="0"/>
<pin id="2885" dir="1" index="1" bw="0" slack="2147483647"/>
</pin_list>
<bind>
<opcode="muxlogic(592) " fcode="muxlogic"/>
<opset="muxLogicRAMAddr_to_store_ln130/6 "/>
</bind>
</comp>

<comp id="2887" class="1004" name="muxLogicRAMData_to_store_ln130_fu_2887">
<pin_list>
<pin id="2888" dir="0" index="0" bw="16" slack="0"/>
<pin id="2889" dir="1" index="1" bw="0" slack="2147483647"/>
</pin_list>
<bind>
<opcode="muxlogic(592) " fcode="muxlogic"/>
<opset="muxLogicRAMData_to_store_ln130/6 "/>
</bind>
</comp>

<comp id="2891" class="1004" name="muxLogicRAMAddr_to_store_ln130_fu_2891">
<pin_list>
<pin id="2892" dir="0" index="0" bw="9" slack="0"/>
<pin id="2893" dir="1" index="1" bw="0" slack="2147483647"/>
</pin_list>
<bind>
<opcode="muxlogic(592) " fcode="muxlogic"/>
<opset="muxLogicRAMAddr_to_store_ln130/6 "/>
</bind>
</comp>

<comp id="2895" class="1004" name="muxLogicRAMData_to_store_ln130_fu_2895">
<pin_list>
<pin id="2896" dir="0" index="0" bw="16" slack="0"/>
<pin id="2897" dir="1" index="1" bw="0" slack="2147483647"/>
</pin_list>
<bind>
<opcode="muxlogic(592) " fcode="muxlogic"/>
<opset="muxLogicRAMData_to_store_ln130/6 "/>
</bind>
</comp>

<comp id="2899" class="1004" name="muxLogicRAMAddr_to_store_ln130_fu_2899">
<pin_list>
<pin id="2900" dir="0" index="0" bw="9" slack="0"/>
<pin id="2901" dir="1" index="1" bw="0" slack="2147483647"/>
</pin_list>
<bind>
<opcode="muxlogic(592) " fcode="muxlogic"/>
<opset="muxLogicRAMAddr_to_store_ln130/6 "/>
</bind>
</comp>

<comp id="2903" class="1004" name="muxLogicRAMData_to_store_ln130_fu_2903">
<pin_list>
<pin id="2904" dir="0" index="0" bw="16" slack="0"/>
<pin id="2905" dir="1" index="1" bw="0" slack="2147483647"/>
</pin_list>
<bind>
<opcode="muxlogic(592) " fcode="muxlogic"/>
<opset="muxLogicRAMData_to_store_ln130/6 "/>
</bind>
</comp>

<comp id="2907" class="1004" name="muxLogicRAMAddr_to_store_ln130_fu_2907">
<pin_list>
<pin id="2908" dir="0" index="0" bw="9" slack="0"/>
<pin id="2909" dir="1" index="1" bw="0" slack="2147483647"/>
</pin_list>
<bind>
<opcode="muxlogic(592) " fcode="muxlogic"/>
<opset="muxLogicRAMAddr_to_store_ln130/6 "/>
</bind>
</comp>

<comp id="2911" class="1004" name="muxLogicRAMData_to_store_ln130_fu_2911">
<pin_list>
<pin id="2912" dir="0" index="0" bw="16" slack="0"/>
<pin id="2913" dir="1" index="1" bw="0" slack="2147483647"/>
</pin_list>
<bind>
<opcode="muxlogic(592) " fcode="muxlogic"/>
<opset="muxLogicRAMData_to_store_ln130/6 "/>
</bind>
</comp>

<comp id="2915" class="1004" name="muxLogicRAMAddr_to_store_ln130_fu_2915">
<pin_list>
<pin id="2916" dir="0" index="0" bw="9" slack="0"/>
<pin id="2917" dir="1" index="1" bw="0" slack="2147483647"/>
</pin_list>
<bind>
<opcode="muxlogic(592) " fcode="muxlogic"/>
<opset="muxLogicRAMAddr_to_store_ln130/6 "/>
</bind>
</comp>

<comp id="2919" class="1004" name="muxLogicRAMData_to_store_ln130_fu_2919">
<pin_list>
<pin id="2920" dir="0" index="0" bw="16" slack="0"/>
<pin id="2921" dir="1" index="1" bw="0" slack="2147483647"/>
</pin_list>
<bind>
<opcode="muxlogic(592) " fcode="muxlogic"/>
<opset="muxLogicRAMData_to_store_ln130/6 "/>
</bind>
</comp>

<comp id="2923" class="1004" name="muxLogicRAMAddr_to_store_ln130_fu_2923">
<pin_list>
<pin id="2924" dir="0" index="0" bw="9" slack="0"/>
<pin id="2925" dir="1" index="1" bw="0" slack="2147483647"/>
</pin_list>
<bind>
<opcode="muxlogic(592) " fcode="muxlogic"/>
<opset="muxLogicRAMAddr_to_store_ln130/6 "/>
</bind>
</comp>

<comp id="2927" class="1004" name="muxLogicRAMData_to_store_ln130_fu_2927">
<pin_list>
<pin id="2928" dir="0" index="0" bw="16" slack="0"/>
<pin id="2929" dir="1" index="1" bw="0" slack="2147483647"/>
</pin_list>
<bind>
<opcode="muxlogic(592) " fcode="muxlogic"/>
<opset="muxLogicRAMData_to_store_ln130/6 "/>
</bind>
</comp>

<comp id="2931" class="1004" name="muxLogicRAMAddr_to_store_ln130_fu_2931">
<pin_list>
<pin id="2932" dir="0" index="0" bw="9" slack="0"/>
<pin id="2933" dir="1" index="1" bw="0" slack="2147483647"/>
</pin_list>
<bind>
<opcode="muxlogic(592) " fcode="muxlogic"/>
<opset="muxLogicRAMAddr_to_store_ln130/6 "/>
</bind>
</comp>

<comp id="2935" class="1004" name="muxLogicRAMData_to_store_ln130_fu_2935">
<pin_list>
<pin id="2936" dir="0" index="0" bw="16" slack="0"/>
<pin id="2937" dir="1" index="1" bw="0" slack="2147483647"/>
</pin_list>
<bind>
<opcode="muxlogic(592) " fcode="muxlogic"/>
<opset="muxLogicRAMData_to_store_ln130/6 "/>
</bind>
</comp>

<comp id="2939" class="1004" name="muxLogicRAMAddr_to_store_ln130_fu_2939">
<pin_list>
<pin id="2940" dir="0" index="0" bw="9" slack="0"/>
<pin id="2941" dir="1" index="1" bw="0" slack="2147483647"/>
</pin_list>
<bind>
<opcode="muxlogic(592) " fcode="muxlogic"/>
<opset="muxLogicRAMAddr_to_store_ln130/6 "/>
</bind>
</comp>

<comp id="2943" class="1004" name="muxLogicRAMData_to_store_ln130_fu_2943">
<pin_list>
<pin id="2944" dir="0" index="0" bw="16" slack="0"/>
<pin id="2945" dir="1" index="1" bw="0" slack="2147483647"/>
</pin_list>
<bind>
<opcode="muxlogic(592) " fcode="muxlogic"/>
<opset="muxLogicRAMData_to_store_ln130/6 "/>
</bind>
</comp>

<comp id="2947" class="1004" name="muxLogicRAMAddr_to_store_ln130_fu_2947">
<pin_list>
<pin id="2948" dir="0" index="0" bw="9" slack="0"/>
<pin id="2949" dir="1" index="1" bw="0" slack="2147483647"/>
</pin_list>
<bind>
<opcode="muxlogic(592) " fcode="muxlogic"/>
<opset="muxLogicRAMAddr_to_store_ln130/6 "/>
</bind>
</comp>

<comp id="2951" class="1004" name="muxLogicRAMData_to_store_ln130_fu_2951">
<pin_list>
<pin id="2952" dir="0" index="0" bw="16" slack="0"/>
<pin id="2953" dir="1" index="1" bw="0" slack="2147483647"/>
</pin_list>
<bind>
<opcode="muxlogic(592) " fcode="muxlogic"/>
<opset="muxLogicRAMData_to_store_ln130/6 "/>
</bind>
</comp>

<comp id="2955" class="1004" name="muxLogicRAMAddr_to_store_ln130_fu_2955">
<pin_list>
<pin id="2956" dir="0" index="0" bw="9" slack="0"/>
<pin id="2957" dir="1" index="1" bw="0" slack="2147483647"/>
</pin_list>
<bind>
<opcode="muxlogic(592) " fcode="muxlogic"/>
<opset="muxLogicRAMAddr_to_store_ln130/6 "/>
</bind>
</comp>

<comp id="2959" class="1004" name="tmp_173_fu_2959">
<pin_list>
<pin id="2960" dir="0" index="0" bw="9" slack="0"/>
<pin id="2961" dir="0" index="1" bw="6" slack="6"/>
<pin id="2962" dir="0" index="2" bw="3" slack="0"/>
<pin id="2963" dir="1" index="3" bw="9" slack="0"/>
</pin_list>
<bind>
<opcode="bitconcatenate(1004) " fcode="bitconcatenate"/>
<opset="tmp_173/7 "/>
</bind>
</comp>

<comp id="2966" class="1004" name="zext_ln130_5_fu_2966">
<pin_list>
<pin id="2967" dir="0" index="0" bw="9" slack="0"/>
<pin id="2968" dir="1" index="1" bw="64" slack="0"/>
</pin_list>
<bind>
<opcode="zext(34) " fcode="zext"/>
<opset="zext_ln130_5/7 "/>
</bind>
</comp>

<comp id="2986" class="1004" name="vals_111_fu_2986">
<pin_list>
<pin id="2987" dir="0" index="0" bw="16" slack="3"/>
<pin id="2988" dir="1" index="1" bw="16" slack="0"/>
</pin_list>
<bind>
<opcode="bitcast(44) " fcode="bitcast"/>
<opset="vals_111/7 "/>
</bind>
</comp>

<comp id="2990" class="1004" name="vals_112_fu_2990">
<pin_list>
<pin id="2991" dir="0" index="0" bw="16" slack="3"/>
<pin id="2992" dir="1" index="1" bw="16" slack="0"/>
</pin_list>
<bind>
<opcode="bitcast(44) " fcode="bitcast"/>
<opset="vals_112/7 "/>
</bind>
</comp>

<comp id="2994" class="1004" name="vals_113_fu_2994">
<pin_list>
<pin id="2995" dir="0" index="0" bw="16" slack="3"/>
<pin id="2996" dir="1" index="1" bw="16" slack="0"/>
</pin_list>
<bind>
<opcode="bitcast(44) " fcode="bitcast"/>
<opset="vals_113/7 "/>
</bind>
</comp>

<comp id="2998" class="1004" name="vals_114_fu_2998">
<pin_list>
<pin id="2999" dir="0" index="0" bw="16" slack="3"/>
<pin id="3000" dir="1" index="1" bw="16" slack="0"/>
</pin_list>
<bind>
<opcode="bitcast(44) " fcode="bitcast"/>
<opset="vals_114/7 "/>
</bind>
</comp>

<comp id="3002" class="1004" name="vals_115_fu_3002">
<pin_list>
<pin id="3003" dir="0" index="0" bw="16" slack="3"/>
<pin id="3004" dir="1" index="1" bw="16" slack="0"/>
</pin_list>
<bind>
<opcode="bitcast(44) " fcode="bitcast"/>
<opset="vals_115/7 "/>
</bind>
</comp>

<comp id="3006" class="1004" name="vals_116_fu_3006">
<pin_list>
<pin id="3007" dir="0" index="0" bw="16" slack="3"/>
<pin id="3008" dir="1" index="1" bw="16" slack="0"/>
</pin_list>
<bind>
<opcode="bitcast(44) " fcode="bitcast"/>
<opset="vals_116/7 "/>
</bind>
</comp>

<comp id="3010" class="1004" name="vals_117_fu_3010">
<pin_list>
<pin id="3011" dir="0" index="0" bw="16" slack="3"/>
<pin id="3012" dir="1" index="1" bw="16" slack="0"/>
</pin_list>
<bind>
<opcode="bitcast(44) " fcode="bitcast"/>
<opset="vals_117/7 "/>
</bind>
</comp>

<comp id="3014" class="1004" name="vals_118_fu_3014">
<pin_list>
<pin id="3015" dir="0" index="0" bw="16" slack="3"/>
<pin id="3016" dir="1" index="1" bw="16" slack="0"/>
</pin_list>
<bind>
<opcode="bitcast(44) " fcode="bitcast"/>
<opset="vals_118/7 "/>
</bind>
</comp>

<comp id="3018" class="1004" name="vals_119_fu_3018">
<pin_list>
<pin id="3019" dir="0" index="0" bw="16" slack="3"/>
<pin id="3020" dir="1" index="1" bw="16" slack="0"/>
</pin_list>
<bind>
<opcode="bitcast(44) " fcode="bitcast"/>
<opset="vals_119/7 "/>
</bind>
</comp>

<comp id="3022" class="1004" name="vals_120_fu_3022">
<pin_list>
<pin id="3023" dir="0" index="0" bw="16" slack="3"/>
<pin id="3024" dir="1" index="1" bw="16" slack="0"/>
</pin_list>
<bind>
<opcode="bitcast(44) " fcode="bitcast"/>
<opset="vals_120/7 "/>
</bind>
</comp>

<comp id="3026" class="1004" name="vals_121_fu_3026">
<pin_list>
<pin id="3027" dir="0" index="0" bw="16" slack="3"/>
<pin id="3028" dir="1" index="1" bw="16" slack="0"/>
</pin_list>
<bind>
<opcode="bitcast(44) " fcode="bitcast"/>
<opset="vals_121/7 "/>
</bind>
</comp>

<comp id="3030" class="1004" name="vals_122_fu_3030">
<pin_list>
<pin id="3031" dir="0" index="0" bw="16" slack="3"/>
<pin id="3032" dir="1" index="1" bw="16" slack="0"/>
</pin_list>
<bind>
<opcode="bitcast(44) " fcode="bitcast"/>
<opset="vals_122/7 "/>
</bind>
</comp>

<comp id="3034" class="1004" name="vals_123_fu_3034">
<pin_list>
<pin id="3035" dir="0" index="0" bw="16" slack="3"/>
<pin id="3036" dir="1" index="1" bw="16" slack="0"/>
</pin_list>
<bind>
<opcode="bitcast(44) " fcode="bitcast"/>
<opset="vals_123/7 "/>
</bind>
</comp>

<comp id="3038" class="1004" name="vals_124_fu_3038">
<pin_list>
<pin id="3039" dir="0" index="0" bw="16" slack="3"/>
<pin id="3040" dir="1" index="1" bw="16" slack="0"/>
</pin_list>
<bind>
<opcode="bitcast(44) " fcode="bitcast"/>
<opset="vals_124/7 "/>
</bind>
</comp>

<comp id="3042" class="1004" name="vals_125_fu_3042">
<pin_list>
<pin id="3043" dir="0" index="0" bw="16" slack="3"/>
<pin id="3044" dir="1" index="1" bw="16" slack="0"/>
</pin_list>
<bind>
<opcode="bitcast(44) " fcode="bitcast"/>
<opset="vals_125/7 "/>
</bind>
</comp>

<comp id="3046" class="1004" name="vals_126_fu_3046">
<pin_list>
<pin id="3047" dir="0" index="0" bw="16" slack="3"/>
<pin id="3048" dir="1" index="1" bw="16" slack="0"/>
</pin_list>
<bind>
<opcode="bitcast(44) " fcode="bitcast"/>
<opset="vals_126/7 "/>
</bind>
</comp>

<comp id="3050" class="1004" name="muxLogicRAMData_to_store_ln130_fu_3050">
<pin_list>
<pin id="3051" dir="0" index="0" bw="16" slack="0"/>
<pin id="3052" dir="1" index="1" bw="0" slack="2147483647"/>
</pin_list>
<bind>
<opcode="muxlogic(592) " fcode="muxlogic"/>
<opset="muxLogicRAMData_to_store_ln130/7 "/>
</bind>
</comp>

<comp id="3054" class="1004" name="muxLogicRAMAddr_to_store_ln130_fu_3054">
<pin_list>
<pin id="3055" dir="0" index="0" bw="9" slack="0"/>
<pin id="3056" dir="1" index="1" bw="0" slack="2147483647"/>
</pin_list>
<bind>
<opcode="muxlogic(592) " fcode="muxlogic"/>
<opset="muxLogicRAMAddr_to_store_ln130/7 "/>
</bind>
</comp>

<comp id="3058" class="1004" name="muxLogicRAMData_to_store_ln130_fu_3058">
<pin_list>
<pin id="3059" dir="0" index="0" bw="16" slack="0"/>
<pin id="3060" dir="1" index="1" bw="0" slack="2147483647"/>
</pin_list>
<bind>
<opcode="muxlogic(592) " fcode="muxlogic"/>
<opset="muxLogicRAMData_to_store_ln130/7 "/>
</bind>
</comp>

<comp id="3062" class="1004" name="muxLogicRAMAddr_to_store_ln130_fu_3062">
<pin_list>
<pin id="3063" dir="0" index="0" bw="9" slack="0"/>
<pin id="3064" dir="1" index="1" bw="0" slack="2147483647"/>
</pin_list>
<bind>
<opcode="muxlogic(592) " fcode="muxlogic"/>
<opset="muxLogicRAMAddr_to_store_ln130/7 "/>
</bind>
</comp>

<comp id="3066" class="1004" name="muxLogicRAMData_to_store_ln130_fu_3066">
<pin_list>
<pin id="3067" dir="0" index="0" bw="16" slack="0"/>
<pin id="3068" dir="1" index="1" bw="0" slack="2147483647"/>
</pin_list>
<bind>
<opcode="muxlogic(592) " fcode="muxlogic"/>
<opset="muxLogicRAMData_to_store_ln130/7 "/>
</bind>
</comp>

<comp id="3070" class="1004" name="muxLogicRAMAddr_to_store_ln130_fu_3070">
<pin_list>
<pin id="3071" dir="0" index="0" bw="9" slack="0"/>
<pin id="3072" dir="1" index="1" bw="0" slack="2147483647"/>
</pin_list>
<bind>
<opcode="muxlogic(592) " fcode="muxlogic"/>
<opset="muxLogicRAMAddr_to_store_ln130/7 "/>
</bind>
</comp>

<comp id="3074" class="1004" name="muxLogicRAMData_to_store_ln130_fu_3074">
<pin_list>
<pin id="3075" dir="0" index="0" bw="16" slack="0"/>
<pin id="3076" dir="1" index="1" bw="0" slack="2147483647"/>
</pin_list>
<bind>
<opcode="muxlogic(592) " fcode="muxlogic"/>
<opset="muxLogicRAMData_to_store_ln130/7 "/>
</bind>
</comp>

<comp id="3078" class="1004" name="muxLogicRAMAddr_to_store_ln130_fu_3078">
<pin_list>
<pin id="3079" dir="0" index="0" bw="9" slack="0"/>
<pin id="3080" dir="1" index="1" bw="0" slack="2147483647"/>
</pin_list>
<bind>
<opcode="muxlogic(592) " fcode="muxlogic"/>
<opset="muxLogicRAMAddr_to_store_ln130/7 "/>
</bind>
</comp>

<comp id="3082" class="1004" name="muxLogicRAMData_to_store_ln130_fu_3082">
<pin_list>
<pin id="3083" dir="0" index="0" bw="16" slack="0"/>
<pin id="3084" dir="1" index="1" bw="0" slack="2147483647"/>
</pin_list>
<bind>
<opcode="muxlogic(592) " fcode="muxlogic"/>
<opset="muxLogicRAMData_to_store_ln130/7 "/>
</bind>
</comp>

<comp id="3086" class="1004" name="muxLogicRAMAddr_to_store_ln130_fu_3086">
<pin_list>
<pin id="3087" dir="0" index="0" bw="9" slack="0"/>
<pin id="3088" dir="1" index="1" bw="0" slack="2147483647"/>
</pin_list>
<bind>
<opcode="muxlogic(592) " fcode="muxlogic"/>
<opset="muxLogicRAMAddr_to_store_ln130/7 "/>
</bind>
</comp>

<comp id="3090" class="1004" name="muxLogicRAMData_to_store_ln130_fu_3090">
<pin_list>
<pin id="3091" dir="0" index="0" bw="16" slack="0"/>
<pin id="3092" dir="1" index="1" bw="0" slack="2147483647"/>
</pin_list>
<bind>
<opcode="muxlogic(592) " fcode="muxlogic"/>
<opset="muxLogicRAMData_to_store_ln130/7 "/>
</bind>
</comp>

<comp id="3094" class="1004" name="muxLogicRAMAddr_to_store_ln130_fu_3094">
<pin_list>
<pin id="3095" dir="0" index="0" bw="9" slack="0"/>
<pin id="3096" dir="1" index="1" bw="0" slack="2147483647"/>
</pin_list>
<bind>
<opcode="muxlogic(592) " fcode="muxlogic"/>
<opset="muxLogicRAMAddr_to_store_ln130/7 "/>
</bind>
</comp>

<comp id="3098" class="1004" name="muxLogicRAMData_to_store_ln130_fu_3098">
<pin_list>
<pin id="3099" dir="0" index="0" bw="16" slack="0"/>
<pin id="3100" dir="1" index="1" bw="0" slack="2147483647"/>
</pin_list>
<bind>
<opcode="muxlogic(592) " fcode="muxlogic"/>
<opset="muxLogicRAMData_to_store_ln130/7 "/>
</bind>
</comp>

<comp id="3102" class="1004" name="muxLogicRAMAddr_to_store_ln130_fu_3102">
<pin_list>
<pin id="3103" dir="0" index="0" bw="9" slack="0"/>
<pin id="3104" dir="1" index="1" bw="0" slack="2147483647"/>
</pin_list>
<bind>
<opcode="muxlogic(592) " fcode="muxlogic"/>
<opset="muxLogicRAMAddr_to_store_ln130/7 "/>
</bind>
</comp>

<comp id="3106" class="1004" name="muxLogicRAMData_to_store_ln130_fu_3106">
<pin_list>
<pin id="3107" dir="0" index="0" bw="16" slack="0"/>
<pin id="3108" dir="1" index="1" bw="0" slack="2147483647"/>
</pin_list>
<bind>
<opcode="muxlogic(592) " fcode="muxlogic"/>
<opset="muxLogicRAMData_to_store_ln130/7 "/>
</bind>
</comp>

<comp id="3110" class="1004" name="muxLogicRAMAddr_to_store_ln130_fu_3110">
<pin_list>
<pin id="3111" dir="0" index="0" bw="9" slack="0"/>
<pin id="3112" dir="1" index="1" bw="0" slack="2147483647"/>
</pin_list>
<bind>
<opcode="muxlogic(592) " fcode="muxlogic"/>
<opset="muxLogicRAMAddr_to_store_ln130/7 "/>
</bind>
</comp>

<comp id="3114" class="1004" name="muxLogicRAMData_to_store_ln130_fu_3114">
<pin_list>
<pin id="3115" dir="0" index="0" bw="16" slack="0"/>
<pin id="3116" dir="1" index="1" bw="0" slack="2147483647"/>
</pin_list>
<bind>
<opcode="muxlogic(592) " fcode="muxlogic"/>
<opset="muxLogicRAMData_to_store_ln130/7 "/>
</bind>
</comp>

<comp id="3118" class="1004" name="muxLogicRAMAddr_to_store_ln130_fu_3118">
<pin_list>
<pin id="3119" dir="0" index="0" bw="9" slack="0"/>
<pin id="3120" dir="1" index="1" bw="0" slack="2147483647"/>
</pin_list>
<bind>
<opcode="muxlogic(592) " fcode="muxlogic"/>
<opset="muxLogicRAMAddr_to_store_ln130/7 "/>
</bind>
</comp>

<comp id="3122" class="1004" name="muxLogicRAMData_to_store_ln130_fu_3122">
<pin_list>
<pin id="3123" dir="0" index="0" bw="16" slack="0"/>
<pin id="3124" dir="1" index="1" bw="0" slack="2147483647"/>
</pin_list>
<bind>
<opcode="muxlogic(592) " fcode="muxlogic"/>
<opset="muxLogicRAMData_to_store_ln130/7 "/>
</bind>
</comp>

<comp id="3126" class="1004" name="muxLogicRAMAddr_to_store_ln130_fu_3126">
<pin_list>
<pin id="3127" dir="0" index="0" bw="9" slack="0"/>
<pin id="3128" dir="1" index="1" bw="0" slack="2147483647"/>
</pin_list>
<bind>
<opcode="muxlogic(592) " fcode="muxlogic"/>
<opset="muxLogicRAMAddr_to_store_ln130/7 "/>
</bind>
</comp>

<comp id="3130" class="1004" name="muxLogicRAMData_to_store_ln130_fu_3130">
<pin_list>
<pin id="3131" dir="0" index="0" bw="16" slack="0"/>
<pin id="3132" dir="1" index="1" bw="0" slack="2147483647"/>
</pin_list>
<bind>
<opcode="muxlogic(592) " fcode="muxlogic"/>
<opset="muxLogicRAMData_to_store_ln130/7 "/>
</bind>
</comp>

<comp id="3134" class="1004" name="muxLogicRAMAddr_to_store_ln130_fu_3134">
<pin_list>
<pin id="3135" dir="0" index="0" bw="9" slack="0"/>
<pin id="3136" dir="1" index="1" bw="0" slack="2147483647"/>
</pin_list>
<bind>
<opcode="muxlogic(592) " fcode="muxlogic"/>
<opset="muxLogicRAMAddr_to_store_ln130/7 "/>
</bind>
</comp>

<comp id="3138" class="1004" name="muxLogicRAMData_to_store_ln130_fu_3138">
<pin_list>
<pin id="3139" dir="0" index="0" bw="16" slack="0"/>
<pin id="3140" dir="1" index="1" bw="0" slack="2147483647"/>
</pin_list>
<bind>
<opcode="muxlogic(592) " fcode="muxlogic"/>
<opset="muxLogicRAMData_to_store_ln130/7 "/>
</bind>
</comp>

<comp id="3142" class="1004" name="muxLogicRAMAddr_to_store_ln130_fu_3142">
<pin_list>
<pin id="3143" dir="0" index="0" bw="9" slack="0"/>
<pin id="3144" dir="1" index="1" bw="0" slack="2147483647"/>
</pin_list>
<bind>
<opcode="muxlogic(592) " fcode="muxlogic"/>
<opset="muxLogicRAMAddr_to_store_ln130/7 "/>
</bind>
</comp>

<comp id="3146" class="1004" name="muxLogicRAMData_to_store_ln130_fu_3146">
<pin_list>
<pin id="3147" dir="0" index="0" bw="16" slack="0"/>
<pin id="3148" dir="1" index="1" bw="0" slack="2147483647"/>
</pin_list>
<bind>
<opcode="muxlogic(592) " fcode="muxlogic"/>
<opset="muxLogicRAMData_to_store_ln130/7 "/>
</bind>
</comp>

<comp id="3150" class="1004" name="muxLogicRAMAddr_to_store_ln130_fu_3150">
<pin_list>
<pin id="3151" dir="0" index="0" bw="9" slack="0"/>
<pin id="3152" dir="1" index="1" bw="0" slack="2147483647"/>
</pin_list>
<bind>
<opcode="muxlogic(592) " fcode="muxlogic"/>
<opset="muxLogicRAMAddr_to_store_ln130/7 "/>
</bind>
</comp>

<comp id="3154" class="1004" name="muxLogicRAMData_to_store_ln130_fu_3154">
<pin_list>
<pin id="3155" dir="0" index="0" bw="16" slack="0"/>
<pin id="3156" dir="1" index="1" bw="0" slack="2147483647"/>
</pin_list>
<bind>
<opcode="muxlogic(592) " fcode="muxlogic"/>
<opset="muxLogicRAMData_to_store_ln130/7 "/>
</bind>
</comp>

<comp id="3158" class="1004" name="muxLogicRAMAddr_to_store_ln130_fu_3158">
<pin_list>
<pin id="3159" dir="0" index="0" bw="9" slack="0"/>
<pin id="3160" dir="1" index="1" bw="0" slack="2147483647"/>
</pin_list>
<bind>
<opcode="muxlogic(592) " fcode="muxlogic"/>
<opset="muxLogicRAMAddr_to_store_ln130/7 "/>
</bind>
</comp>

<comp id="3162" class="1004" name="muxLogicRAMData_to_store_ln130_fu_3162">
<pin_list>
<pin id="3163" dir="0" index="0" bw="16" slack="0"/>
<pin id="3164" dir="1" index="1" bw="0" slack="2147483647"/>
</pin_list>
<bind>
<opcode="muxlogic(592) " fcode="muxlogic"/>
<opset="muxLogicRAMData_to_store_ln130/7 "/>
</bind>
</comp>

<comp id="3166" class="1004" name="muxLogicRAMAddr_to_store_ln130_fu_3166">
<pin_list>
<pin id="3167" dir="0" index="0" bw="9" slack="0"/>
<pin id="3168" dir="1" index="1" bw="0" slack="2147483647"/>
</pin_list>
<bind>
<opcode="muxlogic(592) " fcode="muxlogic"/>
<opset="muxLogicRAMAddr_to_store_ln130/7 "/>
</bind>
</comp>

<comp id="3170" class="1004" name="muxLogicRAMData_to_store_ln130_fu_3170">
<pin_list>
<pin id="3171" dir="0" index="0" bw="16" slack="0"/>
<pin id="3172" dir="1" index="1" bw="0" slack="2147483647"/>
</pin_list>
<bind>
<opcode="muxlogic(592) " fcode="muxlogic"/>
<opset="muxLogicRAMData_to_store_ln130/7 "/>
</bind>
</comp>

<comp id="3174" class="1004" name="muxLogicRAMAddr_to_store_ln130_fu_3174">
<pin_list>
<pin id="3175" dir="0" index="0" bw="9" slack="0"/>
<pin id="3176" dir="1" index="1" bw="0" slack="2147483647"/>
</pin_list>
<bind>
<opcode="muxlogic(592) " fcode="muxlogic"/>
<opset="muxLogicRAMAddr_to_store_ln130/7 "/>
</bind>
</comp>

<comp id="3178" class="1004" name="tmp_174_fu_3178">
<pin_list>
<pin id="3179" dir="0" index="0" bw="9" slack="0"/>
<pin id="3180" dir="0" index="1" bw="6" slack="7"/>
<pin id="3181" dir="0" index="2" bw="2" slack="0"/>
<pin id="3182" dir="1" index="3" bw="9" slack="0"/>
</pin_list>
<bind>
<opcode="bitconcatenate(1004) " fcode="bitconcatenate"/>
<opset="tmp_174/8 "/>
</bind>
</comp>

<comp id="3185" class="1004" name="zext_ln130_6_fu_3185">
<pin_list>
<pin id="3186" dir="0" index="0" bw="9" slack="0"/>
<pin id="3187" dir="1" index="1" bw="64" slack="0"/>
</pin_list>
<bind>
<opcode="zext(34) " fcode="zext"/>
<opset="zext_ln130_6/8 "/>
</bind>
</comp>

<comp id="3205" class="1004" name="vals_127_fu_3205">
<pin_list>
<pin id="3206" dir="0" index="0" bw="16" slack="3"/>
<pin id="3207" dir="1" index="1" bw="16" slack="0"/>
</pin_list>
<bind>
<opcode="bitcast(44) " fcode="bitcast"/>
<opset="vals_127/8 "/>
</bind>
</comp>

<comp id="3209" class="1004" name="vals_128_fu_3209">
<pin_list>
<pin id="3210" dir="0" index="0" bw="16" slack="3"/>
<pin id="3211" dir="1" index="1" bw="16" slack="0"/>
</pin_list>
<bind>
<opcode="bitcast(44) " fcode="bitcast"/>
<opset="vals_128/8 "/>
</bind>
</comp>

<comp id="3213" class="1004" name="vals_129_fu_3213">
<pin_list>
<pin id="3214" dir="0" index="0" bw="16" slack="3"/>
<pin id="3215" dir="1" index="1" bw="16" slack="0"/>
</pin_list>
<bind>
<opcode="bitcast(44) " fcode="bitcast"/>
<opset="vals_129/8 "/>
</bind>
</comp>

<comp id="3217" class="1004" name="vals_130_fu_3217">
<pin_list>
<pin id="3218" dir="0" index="0" bw="16" slack="3"/>
<pin id="3219" dir="1" index="1" bw="16" slack="0"/>
</pin_list>
<bind>
<opcode="bitcast(44) " fcode="bitcast"/>
<opset="vals_130/8 "/>
</bind>
</comp>

<comp id="3221" class="1004" name="vals_131_fu_3221">
<pin_list>
<pin id="3222" dir="0" index="0" bw="16" slack="3"/>
<pin id="3223" dir="1" index="1" bw="16" slack="0"/>
</pin_list>
<bind>
<opcode="bitcast(44) " fcode="bitcast"/>
<opset="vals_131/8 "/>
</bind>
</comp>

<comp id="3225" class="1004" name="vals_132_fu_3225">
<pin_list>
<pin id="3226" dir="0" index="0" bw="16" slack="3"/>
<pin id="3227" dir="1" index="1" bw="16" slack="0"/>
</pin_list>
<bind>
<opcode="bitcast(44) " fcode="bitcast"/>
<opset="vals_132/8 "/>
</bind>
</comp>

<comp id="3229" class="1004" name="vals_133_fu_3229">
<pin_list>
<pin id="3230" dir="0" index="0" bw="16" slack="3"/>
<pin id="3231" dir="1" index="1" bw="16" slack="0"/>
</pin_list>
<bind>
<opcode="bitcast(44) " fcode="bitcast"/>
<opset="vals_133/8 "/>
</bind>
</comp>

<comp id="3233" class="1004" name="vals_134_fu_3233">
<pin_list>
<pin id="3234" dir="0" index="0" bw="16" slack="3"/>
<pin id="3235" dir="1" index="1" bw="16" slack="0"/>
</pin_list>
<bind>
<opcode="bitcast(44) " fcode="bitcast"/>
<opset="vals_134/8 "/>
</bind>
</comp>

<comp id="3237" class="1004" name="vals_135_fu_3237">
<pin_list>
<pin id="3238" dir="0" index="0" bw="16" slack="3"/>
<pin id="3239" dir="1" index="1" bw="16" slack="0"/>
</pin_list>
<bind>
<opcode="bitcast(44) " fcode="bitcast"/>
<opset="vals_135/8 "/>
</bind>
</comp>

<comp id="3241" class="1004" name="vals_136_fu_3241">
<pin_list>
<pin id="3242" dir="0" index="0" bw="16" slack="3"/>
<pin id="3243" dir="1" index="1" bw="16" slack="0"/>
</pin_list>
<bind>
<opcode="bitcast(44) " fcode="bitcast"/>
<opset="vals_136/8 "/>
</bind>
</comp>

<comp id="3245" class="1004" name="vals_137_fu_3245">
<pin_list>
<pin id="3246" dir="0" index="0" bw="16" slack="3"/>
<pin id="3247" dir="1" index="1" bw="16" slack="0"/>
</pin_list>
<bind>
<opcode="bitcast(44) " fcode="bitcast"/>
<opset="vals_137/8 "/>
</bind>
</comp>

<comp id="3249" class="1004" name="vals_138_fu_3249">
<pin_list>
<pin id="3250" dir="0" index="0" bw="16" slack="3"/>
<pin id="3251" dir="1" index="1" bw="16" slack="0"/>
</pin_list>
<bind>
<opcode="bitcast(44) " fcode="bitcast"/>
<opset="vals_138/8 "/>
</bind>
</comp>

<comp id="3253" class="1004" name="vals_139_fu_3253">
<pin_list>
<pin id="3254" dir="0" index="0" bw="16" slack="3"/>
<pin id="3255" dir="1" index="1" bw="16" slack="0"/>
</pin_list>
<bind>
<opcode="bitcast(44) " fcode="bitcast"/>
<opset="vals_139/8 "/>
</bind>
</comp>

<comp id="3257" class="1004" name="vals_140_fu_3257">
<pin_list>
<pin id="3258" dir="0" index="0" bw="16" slack="3"/>
<pin id="3259" dir="1" index="1" bw="16" slack="0"/>
</pin_list>
<bind>
<opcode="bitcast(44) " fcode="bitcast"/>
<opset="vals_140/8 "/>
</bind>
</comp>

<comp id="3261" class="1004" name="vals_141_fu_3261">
<pin_list>
<pin id="3262" dir="0" index="0" bw="16" slack="3"/>
<pin id="3263" dir="1" index="1" bw="16" slack="0"/>
</pin_list>
<bind>
<opcode="bitcast(44) " fcode="bitcast"/>
<opset="vals_141/8 "/>
</bind>
</comp>

<comp id="3265" class="1004" name="vals_142_fu_3265">
<pin_list>
<pin id="3266" dir="0" index="0" bw="16" slack="3"/>
<pin id="3267" dir="1" index="1" bw="16" slack="0"/>
</pin_list>
<bind>
<opcode="bitcast(44) " fcode="bitcast"/>
<opset="vals_142/8 "/>
</bind>
</comp>

<comp id="3269" class="1004" name="muxLogicRAMData_to_store_ln130_fu_3269">
<pin_list>
<pin id="3270" dir="0" index="0" bw="16" slack="0"/>
<pin id="3271" dir="1" index="1" bw="0" slack="2147483647"/>
</pin_list>
<bind>
<opcode="muxlogic(592) " fcode="muxlogic"/>
<opset="muxLogicRAMData_to_store_ln130/8 "/>
</bind>
</comp>

<comp id="3273" class="1004" name="muxLogicRAMAddr_to_store_ln130_fu_3273">
<pin_list>
<pin id="3274" dir="0" index="0" bw="9" slack="0"/>
<pin id="3275" dir="1" index="1" bw="0" slack="2147483647"/>
</pin_list>
<bind>
<opcode="muxlogic(592) " fcode="muxlogic"/>
<opset="muxLogicRAMAddr_to_store_ln130/8 "/>
</bind>
</comp>

<comp id="3277" class="1004" name="muxLogicRAMData_to_store_ln130_fu_3277">
<pin_list>
<pin id="3278" dir="0" index="0" bw="16" slack="0"/>
<pin id="3279" dir="1" index="1" bw="0" slack="2147483647"/>
</pin_list>
<bind>
<opcode="muxlogic(592) " fcode="muxlogic"/>
<opset="muxLogicRAMData_to_store_ln130/8 "/>
</bind>
</comp>

<comp id="3281" class="1004" name="muxLogicRAMAddr_to_store_ln130_fu_3281">
<pin_list>
<pin id="3282" dir="0" index="0" bw="9" slack="0"/>
<pin id="3283" dir="1" index="1" bw="0" slack="2147483647"/>
</pin_list>
<bind>
<opcode="muxlogic(592) " fcode="muxlogic"/>
<opset="muxLogicRAMAddr_to_store_ln130/8 "/>
</bind>
</comp>

<comp id="3285" class="1004" name="muxLogicRAMData_to_store_ln130_fu_3285">
<pin_list>
<pin id="3286" dir="0" index="0" bw="16" slack="0"/>
<pin id="3287" dir="1" index="1" bw="0" slack="2147483647"/>
</pin_list>
<bind>
<opcode="muxlogic(592) " fcode="muxlogic"/>
<opset="muxLogicRAMData_to_store_ln130/8 "/>
</bind>
</comp>

<comp id="3289" class="1004" name="muxLogicRAMAddr_to_store_ln130_fu_3289">
<pin_list>
<pin id="3290" dir="0" index="0" bw="9" slack="0"/>
<pin id="3291" dir="1" index="1" bw="0" slack="2147483647"/>
</pin_list>
<bind>
<opcode="muxlogic(592) " fcode="muxlogic"/>
<opset="muxLogicRAMAddr_to_store_ln130/8 "/>
</bind>
</comp>

<comp id="3293" class="1004" name="muxLogicRAMData_to_store_ln130_fu_3293">
<pin_list>
<pin id="3294" dir="0" index="0" bw="16" slack="0"/>
<pin id="3295" dir="1" index="1" bw="0" slack="2147483647"/>
</pin_list>
<bind>
<opcode="muxlogic(592) " fcode="muxlogic"/>
<opset="muxLogicRAMData_to_store_ln130/8 "/>
</bind>
</comp>

<comp id="3297" class="1004" name="muxLogicRAMAddr_to_store_ln130_fu_3297">
<pin_list>
<pin id="3298" dir="0" index="0" bw="9" slack="0"/>
<pin id="3299" dir="1" index="1" bw="0" slack="2147483647"/>
</pin_list>
<bind>
<opcode="muxlogic(592) " fcode="muxlogic"/>
<opset="muxLogicRAMAddr_to_store_ln130/8 "/>
</bind>
</comp>

<comp id="3301" class="1004" name="muxLogicRAMData_to_store_ln130_fu_3301">
<pin_list>
<pin id="3302" dir="0" index="0" bw="16" slack="0"/>
<pin id="3303" dir="1" index="1" bw="0" slack="2147483647"/>
</pin_list>
<bind>
<opcode="muxlogic(592) " fcode="muxlogic"/>
<opset="muxLogicRAMData_to_store_ln130/8 "/>
</bind>
</comp>

<comp id="3305" class="1004" name="muxLogicRAMAddr_to_store_ln130_fu_3305">
<pin_list>
<pin id="3306" dir="0" index="0" bw="9" slack="0"/>
<pin id="3307" dir="1" index="1" bw="0" slack="2147483647"/>
</pin_list>
<bind>
<opcode="muxlogic(592) " fcode="muxlogic"/>
<opset="muxLogicRAMAddr_to_store_ln130/8 "/>
</bind>
</comp>

<comp id="3309" class="1004" name="muxLogicRAMData_to_store_ln130_fu_3309">
<pin_list>
<pin id="3310" dir="0" index="0" bw="16" slack="0"/>
<pin id="3311" dir="1" index="1" bw="0" slack="2147483647"/>
</pin_list>
<bind>
<opcode="muxlogic(592) " fcode="muxlogic"/>
<opset="muxLogicRAMData_to_store_ln130/8 "/>
</bind>
</comp>

<comp id="3313" class="1004" name="muxLogicRAMAddr_to_store_ln130_fu_3313">
<pin_list>
<pin id="3314" dir="0" index="0" bw="9" slack="0"/>
<pin id="3315" dir="1" index="1" bw="0" slack="2147483647"/>
</pin_list>
<bind>
<opcode="muxlogic(592) " fcode="muxlogic"/>
<opset="muxLogicRAMAddr_to_store_ln130/8 "/>
</bind>
</comp>

<comp id="3317" class="1004" name="muxLogicRAMData_to_store_ln130_fu_3317">
<pin_list>
<pin id="3318" dir="0" index="0" bw="16" slack="0"/>
<pin id="3319" dir="1" index="1" bw="0" slack="2147483647"/>
</pin_list>
<bind>
<opcode="muxlogic(592) " fcode="muxlogic"/>
<opset="muxLogicRAMData_to_store_ln130/8 "/>
</bind>
</comp>

<comp id="3321" class="1004" name="muxLogicRAMAddr_to_store_ln130_fu_3321">
<pin_list>
<pin id="3322" dir="0" index="0" bw="9" slack="0"/>
<pin id="3323" dir="1" index="1" bw="0" slack="2147483647"/>
</pin_list>
<bind>
<opcode="muxlogic(592) " fcode="muxlogic"/>
<opset="muxLogicRAMAddr_to_store_ln130/8 "/>
</bind>
</comp>

<comp id="3325" class="1004" name="muxLogicRAMData_to_store_ln130_fu_3325">
<pin_list>
<pin id="3326" dir="0" index="0" bw="16" slack="0"/>
<pin id="3327" dir="1" index="1" bw="0" slack="2147483647"/>
</pin_list>
<bind>
<opcode="muxlogic(592) " fcode="muxlogic"/>
<opset="muxLogicRAMData_to_store_ln130/8 "/>
</bind>
</comp>

<comp id="3329" class="1004" name="muxLogicRAMAddr_to_store_ln130_fu_3329">
<pin_list>
<pin id="3330" dir="0" index="0" bw="9" slack="0"/>
<pin id="3331" dir="1" index="1" bw="0" slack="2147483647"/>
</pin_list>
<bind>
<opcode="muxlogic(592) " fcode="muxlogic"/>
<opset="muxLogicRAMAddr_to_store_ln130/8 "/>
</bind>
</comp>

<comp id="3333" class="1004" name="muxLogicRAMData_to_store_ln130_fu_3333">
<pin_list>
<pin id="3334" dir="0" index="0" bw="16" slack="0"/>
<pin id="3335" dir="1" index="1" bw="0" slack="2147483647"/>
</pin_list>
<bind>
<opcode="muxlogic(592) " fcode="muxlogic"/>
<opset="muxLogicRAMData_to_store_ln130/8 "/>
</bind>
</comp>

<comp id="3337" class="1004" name="muxLogicRAMAddr_to_store_ln130_fu_3337">
<pin_list>
<pin id="3338" dir="0" index="0" bw="9" slack="0"/>
<pin id="3339" dir="1" index="1" bw="0" slack="2147483647"/>
</pin_list>
<bind>
<opcode="muxlogic(592) " fcode="muxlogic"/>
<opset="muxLogicRAMAddr_to_store_ln130/8 "/>
</bind>
</comp>

<comp id="3341" class="1004" name="muxLogicRAMData_to_store_ln130_fu_3341">
<pin_list>
<pin id="3342" dir="0" index="0" bw="16" slack="0"/>
<pin id="3343" dir="1" index="1" bw="0" slack="2147483647"/>
</pin_list>
<bind>
<opcode="muxlogic(592) " fcode="muxlogic"/>
<opset="muxLogicRAMData_to_store_ln130/8 "/>
</bind>
</comp>

<comp id="3345" class="1004" name="muxLogicRAMAddr_to_store_ln130_fu_3345">
<pin_list>
<pin id="3346" dir="0" index="0" bw="9" slack="0"/>
<pin id="3347" dir="1" index="1" bw="0" slack="2147483647"/>
</pin_list>
<bind>
<opcode="muxlogic(592) " fcode="muxlogic"/>
<opset="muxLogicRAMAddr_to_store_ln130/8 "/>
</bind>
</comp>

<comp id="3349" class="1004" name="muxLogicRAMData_to_store_ln130_fu_3349">
<pin_list>
<pin id="3350" dir="0" index="0" bw="16" slack="0"/>
<pin id="3351" dir="1" index="1" bw="0" slack="2147483647"/>
</pin_list>
<bind>
<opcode="muxlogic(592) " fcode="muxlogic"/>
<opset="muxLogicRAMData_to_store_ln130/8 "/>
</bind>
</comp>

<comp id="3353" class="1004" name="muxLogicRAMAddr_to_store_ln130_fu_3353">
<pin_list>
<pin id="3354" dir="0" index="0" bw="9" slack="0"/>
<pin id="3355" dir="1" index="1" bw="0" slack="2147483647"/>
</pin_list>
<bind>
<opcode="muxlogic(592) " fcode="muxlogic"/>
<opset="muxLogicRAMAddr_to_store_ln130/8 "/>
</bind>
</comp>

<comp id="3357" class="1004" name="muxLogicRAMData_to_store_ln130_fu_3357">
<pin_list>
<pin id="3358" dir="0" index="0" bw="16" slack="0"/>
<pin id="3359" dir="1" index="1" bw="0" slack="2147483647"/>
</pin_list>
<bind>
<opcode="muxlogic(592) " fcode="muxlogic"/>
<opset="muxLogicRAMData_to_store_ln130/8 "/>
</bind>
</comp>

<comp id="3361" class="1004" name="muxLogicRAMAddr_to_store_ln130_fu_3361">
<pin_list>
<pin id="3362" dir="0" index="0" bw="9" slack="0"/>
<pin id="3363" dir="1" index="1" bw="0" slack="2147483647"/>
</pin_list>
<bind>
<opcode="muxlogic(592) " fcode="muxlogic"/>
<opset="muxLogicRAMAddr_to_store_ln130/8 "/>
</bind>
</comp>

<comp id="3365" class="1004" name="muxLogicRAMData_to_store_ln130_fu_3365">
<pin_list>
<pin id="3366" dir="0" index="0" bw="16" slack="0"/>
<pin id="3367" dir="1" index="1" bw="0" slack="2147483647"/>
</pin_list>
<bind>
<opcode="muxlogic(592) " fcode="muxlogic"/>
<opset="muxLogicRAMData_to_store_ln130/8 "/>
</bind>
</comp>

<comp id="3369" class="1004" name="muxLogicRAMAddr_to_store_ln130_fu_3369">
<pin_list>
<pin id="3370" dir="0" index="0" bw="9" slack="0"/>
<pin id="3371" dir="1" index="1" bw="0" slack="2147483647"/>
</pin_list>
<bind>
<opcode="muxlogic(592) " fcode="muxlogic"/>
<opset="muxLogicRAMAddr_to_store_ln130/8 "/>
</bind>
</comp>

<comp id="3373" class="1004" name="muxLogicRAMData_to_store_ln130_fu_3373">
<pin_list>
<pin id="3374" dir="0" index="0" bw="16" slack="0"/>
<pin id="3375" dir="1" index="1" bw="0" slack="2147483647"/>
</pin_list>
<bind>
<opcode="muxlogic(592) " fcode="muxlogic"/>
<opset="muxLogicRAMData_to_store_ln130/8 "/>
</bind>
</comp>

<comp id="3377" class="1004" name="muxLogicRAMAddr_to_store_ln130_fu_3377">
<pin_list>
<pin id="3378" dir="0" index="0" bw="9" slack="0"/>
<pin id="3379" dir="1" index="1" bw="0" slack="2147483647"/>
</pin_list>
<bind>
<opcode="muxlogic(592) " fcode="muxlogic"/>
<opset="muxLogicRAMAddr_to_store_ln130/8 "/>
</bind>
</comp>

<comp id="3381" class="1004" name="muxLogicRAMData_to_store_ln130_fu_3381">
<pin_list>
<pin id="3382" dir="0" index="0" bw="16" slack="0"/>
<pin id="3383" dir="1" index="1" bw="0" slack="2147483647"/>
</pin_list>
<bind>
<opcode="muxlogic(592) " fcode="muxlogic"/>
<opset="muxLogicRAMData_to_store_ln130/8 "/>
</bind>
</comp>

<comp id="3385" class="1004" name="muxLogicRAMAddr_to_store_ln130_fu_3385">
<pin_list>
<pin id="3386" dir="0" index="0" bw="9" slack="0"/>
<pin id="3387" dir="1" index="1" bw="0" slack="2147483647"/>
</pin_list>
<bind>
<opcode="muxlogic(592) " fcode="muxlogic"/>
<opset="muxLogicRAMAddr_to_store_ln130/8 "/>
</bind>
</comp>

<comp id="3389" class="1004" name="muxLogicRAMData_to_store_ln130_fu_3389">
<pin_list>
<pin id="3390" dir="0" index="0" bw="16" slack="0"/>
<pin id="3391" dir="1" index="1" bw="0" slack="2147483647"/>
</pin_list>
<bind>
<opcode="muxlogic(592) " fcode="muxlogic"/>
<opset="muxLogicRAMData_to_store_ln130/8 "/>
</bind>
</comp>

<comp id="3393" class="1004" name="muxLogicRAMAddr_to_store_ln130_fu_3393">
<pin_list>
<pin id="3394" dir="0" index="0" bw="9" slack="0"/>
<pin id="3395" dir="1" index="1" bw="0" slack="2147483647"/>
</pin_list>
<bind>
<opcode="muxlogic(592) " fcode="muxlogic"/>
<opset="muxLogicRAMAddr_to_store_ln130/8 "/>
</bind>
</comp>

<comp id="3397" class="1004" name="tmp_175_fu_3397">
<pin_list>
<pin id="3398" dir="0" index="0" bw="9" slack="0"/>
<pin id="3399" dir="0" index="1" bw="6" slack="8"/>
<pin id="3400" dir="0" index="2" bw="1" slack="0"/>
<pin id="3401" dir="1" index="3" bw="9" slack="0"/>
</pin_list>
<bind>
<opcode="bitconcatenate(1004) " fcode="bitconcatenate"/>
<opset="tmp_175/9 "/>
</bind>
</comp>

<comp id="3404" class="1004" name="zext_ln130_7_fu_3404">
<pin_list>
<pin id="3405" dir="0" index="0" bw="9" slack="0"/>
<pin id="3406" dir="1" index="1" bw="64" slack="0"/>
</pin_list>
<bind>
<opcode="zext(34) " fcode="zext"/>
<opset="zext_ln130_7/9 "/>
</bind>
</comp>

<comp id="3424" class="1004" name="vals_143_fu_3424">
<pin_list>
<pin id="3425" dir="0" index="0" bw="16" slack="4"/>
<pin id="3426" dir="1" index="1" bw="16" slack="0"/>
</pin_list>
<bind>
<opcode="bitcast(44) " fcode="bitcast"/>
<opset="vals_143/9 "/>
</bind>
</comp>

<comp id="3429" class="1004" name="vals_144_fu_3429">
<pin_list>
<pin id="3430" dir="0" index="0" bw="16" slack="4"/>
<pin id="3431" dir="1" index="1" bw="16" slack="0"/>
</pin_list>
<bind>
<opcode="bitcast(44) " fcode="bitcast"/>
<opset="vals_144/9 "/>
</bind>
</comp>

<comp id="3434" class="1004" name="vals_145_fu_3434">
<pin_list>
<pin id="3435" dir="0" index="0" bw="16" slack="4"/>
<pin id="3436" dir="1" index="1" bw="16" slack="0"/>
</pin_list>
<bind>
<opcode="bitcast(44) " fcode="bitcast"/>
<opset="vals_145/9 "/>
</bind>
</comp>

<comp id="3439" class="1004" name="vals_146_fu_3439">
<pin_list>
<pin id="3440" dir="0" index="0" bw="16" slack="4"/>
<pin id="3441" dir="1" index="1" bw="16" slack="0"/>
</pin_list>
<bind>
<opcode="bitcast(44) " fcode="bitcast"/>
<opset="vals_146/9 "/>
</bind>
</comp>

<comp id="3444" class="1004" name="vals_147_fu_3444">
<pin_list>
<pin id="3445" dir="0" index="0" bw="16" slack="4"/>
<pin id="3446" dir="1" index="1" bw="16" slack="0"/>
</pin_list>
<bind>
<opcode="bitcast(44) " fcode="bitcast"/>
<opset="vals_147/9 "/>
</bind>
</comp>

<comp id="3449" class="1004" name="vals_148_fu_3449">
<pin_list>
<pin id="3450" dir="0" index="0" bw="16" slack="4"/>
<pin id="3451" dir="1" index="1" bw="16" slack="0"/>
</pin_list>
<bind>
<opcode="bitcast(44) " fcode="bitcast"/>
<opset="vals_148/9 "/>
</bind>
</comp>

<comp id="3454" class="1004" name="vals_149_fu_3454">
<pin_list>
<pin id="3455" dir="0" index="0" bw="16" slack="4"/>
<pin id="3456" dir="1" index="1" bw="16" slack="0"/>
</pin_list>
<bind>
<opcode="bitcast(44) " fcode="bitcast"/>
<opset="vals_149/9 "/>
</bind>
</comp>

<comp id="3459" class="1004" name="vals_150_fu_3459">
<pin_list>
<pin id="3460" dir="0" index="0" bw="16" slack="4"/>
<pin id="3461" dir="1" index="1" bw="16" slack="0"/>
</pin_list>
<bind>
<opcode="bitcast(44) " fcode="bitcast"/>
<opset="vals_150/9 "/>
</bind>
</comp>

<comp id="3464" class="1004" name="vals_151_fu_3464">
<pin_list>
<pin id="3465" dir="0" index="0" bw="16" slack="4"/>
<pin id="3466" dir="1" index="1" bw="16" slack="0"/>
</pin_list>
<bind>
<opcode="bitcast(44) " fcode="bitcast"/>
<opset="vals_151/9 "/>
</bind>
</comp>

<comp id="3469" class="1004" name="vals_152_fu_3469">
<pin_list>
<pin id="3470" dir="0" index="0" bw="16" slack="4"/>
<pin id="3471" dir="1" index="1" bw="16" slack="0"/>
</pin_list>
<bind>
<opcode="bitcast(44) " fcode="bitcast"/>
<opset="vals_152/9 "/>
</bind>
</comp>

<comp id="3474" class="1004" name="vals_153_fu_3474">
<pin_list>
<pin id="3475" dir="0" index="0" bw="16" slack="4"/>
<pin id="3476" dir="1" index="1" bw="16" slack="0"/>
</pin_list>
<bind>
<opcode="bitcast(44) " fcode="bitcast"/>
<opset="vals_153/9 "/>
</bind>
</comp>

<comp id="3479" class="1004" name="vals_154_fu_3479">
<pin_list>
<pin id="3480" dir="0" index="0" bw="16" slack="4"/>
<pin id="3481" dir="1" index="1" bw="16" slack="0"/>
</pin_list>
<bind>
<opcode="bitcast(44) " fcode="bitcast"/>
<opset="vals_154/9 "/>
</bind>
</comp>

<comp id="3484" class="1004" name="vals_155_fu_3484">
<pin_list>
<pin id="3485" dir="0" index="0" bw="16" slack="4"/>
<pin id="3486" dir="1" index="1" bw="16" slack="0"/>
</pin_list>
<bind>
<opcode="bitcast(44) " fcode="bitcast"/>
<opset="vals_155/9 "/>
</bind>
</comp>

<comp id="3489" class="1004" name="vals_156_fu_3489">
<pin_list>
<pin id="3490" dir="0" index="0" bw="16" slack="4"/>
<pin id="3491" dir="1" index="1" bw="16" slack="0"/>
</pin_list>
<bind>
<opcode="bitcast(44) " fcode="bitcast"/>
<opset="vals_156/9 "/>
</bind>
</comp>

<comp id="3494" class="1004" name="vals_157_fu_3494">
<pin_list>
<pin id="3495" dir="0" index="0" bw="16" slack="4"/>
<pin id="3496" dir="1" index="1" bw="16" slack="0"/>
</pin_list>
<bind>
<opcode="bitcast(44) " fcode="bitcast"/>
<opset="vals_157/9 "/>
</bind>
</comp>

<comp id="3499" class="1004" name="vals_158_fu_3499">
<pin_list>
<pin id="3500" dir="0" index="0" bw="16" slack="4"/>
<pin id="3501" dir="1" index="1" bw="16" slack="0"/>
</pin_list>
<bind>
<opcode="bitcast(44) " fcode="bitcast"/>
<opset="vals_158/9 "/>
</bind>
</comp>

<comp id="3504" class="1004" name="muxLogicRAMData_to_store_ln130_fu_3504">
<pin_list>
<pin id="3505" dir="0" index="0" bw="16" slack="0"/>
<pin id="3506" dir="1" index="1" bw="0" slack="2147483647"/>
</pin_list>
<bind>
<opcode="muxlogic(592) " fcode="muxlogic"/>
<opset="muxLogicRAMData_to_store_ln130/9 "/>
</bind>
</comp>

<comp id="3508" class="1004" name="muxLogicRAMAddr_to_store_ln130_fu_3508">
<pin_list>
<pin id="3509" dir="0" index="0" bw="9" slack="0"/>
<pin id="3510" dir="1" index="1" bw="0" slack="2147483647"/>
</pin_list>
<bind>
<opcode="muxlogic(592) " fcode="muxlogic"/>
<opset="muxLogicRAMAddr_to_store_ln130/9 "/>
</bind>
</comp>

<comp id="3512" class="1004" name="muxLogicRAMData_to_store_ln130_fu_3512">
<pin_list>
<pin id="3513" dir="0" index="0" bw="16" slack="0"/>
<pin id="3514" dir="1" index="1" bw="0" slack="2147483647"/>
</pin_list>
<bind>
<opcode="muxlogic(592) " fcode="muxlogic"/>
<opset="muxLogicRAMData_to_store_ln130/9 "/>
</bind>
</comp>

<comp id="3516" class="1004" name="muxLogicRAMAddr_to_store_ln130_fu_3516">
<pin_list>
<pin id="3517" dir="0" index="0" bw="9" slack="0"/>
<pin id="3518" dir="1" index="1" bw="0" slack="2147483647"/>
</pin_list>
<bind>
<opcode="muxlogic(592) " fcode="muxlogic"/>
<opset="muxLogicRAMAddr_to_store_ln130/9 "/>
</bind>
</comp>

<comp id="3520" class="1004" name="muxLogicRAMData_to_store_ln130_fu_3520">
<pin_list>
<pin id="3521" dir="0" index="0" bw="16" slack="0"/>
<pin id="3522" dir="1" index="1" bw="0" slack="2147483647"/>
</pin_list>
<bind>
<opcode="muxlogic(592) " fcode="muxlogic"/>
<opset="muxLogicRAMData_to_store_ln130/9 "/>
</bind>
</comp>

<comp id="3524" class="1004" name="muxLogicRAMAddr_to_store_ln130_fu_3524">
<pin_list>
<pin id="3525" dir="0" index="0" bw="9" slack="0"/>
<pin id="3526" dir="1" index="1" bw="0" slack="2147483647"/>
</pin_list>
<bind>
<opcode="muxlogic(592) " fcode="muxlogic"/>
<opset="muxLogicRAMAddr_to_store_ln130/9 "/>
</bind>
</comp>

<comp id="3528" class="1004" name="muxLogicRAMData_to_store_ln130_fu_3528">
<pin_list>
<pin id="3529" dir="0" index="0" bw="16" slack="0"/>
<pin id="3530" dir="1" index="1" bw="0" slack="2147483647"/>
</pin_list>
<bind>
<opcode="muxlogic(592) " fcode="muxlogic"/>
<opset="muxLogicRAMData_to_store_ln130/9 "/>
</bind>
</comp>

<comp id="3532" class="1004" name="muxLogicRAMAddr_to_store_ln130_fu_3532">
<pin_list>
<pin id="3533" dir="0" index="0" bw="9" slack="0"/>
<pin id="3534" dir="1" index="1" bw="0" slack="2147483647"/>
</pin_list>
<bind>
<opcode="muxlogic(592) " fcode="muxlogic"/>
<opset="muxLogicRAMAddr_to_store_ln130/9 "/>
</bind>
</comp>

<comp id="3536" class="1004" name="muxLogicRAMData_to_store_ln130_fu_3536">
<pin_list>
<pin id="3537" dir="0" index="0" bw="16" slack="0"/>
<pin id="3538" dir="1" index="1" bw="0" slack="2147483647"/>
</pin_list>
<bind>
<opcode="muxlogic(592) " fcode="muxlogic"/>
<opset="muxLogicRAMData_to_store_ln130/9 "/>
</bind>
</comp>

<comp id="3540" class="1004" name="muxLogicRAMAddr_to_store_ln130_fu_3540">
<pin_list>
<pin id="3541" dir="0" index="0" bw="9" slack="0"/>
<pin id="3542" dir="1" index="1" bw="0" slack="2147483647"/>
</pin_list>
<bind>
<opcode="muxlogic(592) " fcode="muxlogic"/>
<opset="muxLogicRAMAddr_to_store_ln130/9 "/>
</bind>
</comp>

<comp id="3544" class="1004" name="muxLogicRAMData_to_store_ln130_fu_3544">
<pin_list>
<pin id="3545" dir="0" index="0" bw="16" slack="0"/>
<pin id="3546" dir="1" index="1" bw="0" slack="2147483647"/>
</pin_list>
<bind>
<opcode="muxlogic(592) " fcode="muxlogic"/>
<opset="muxLogicRAMData_to_store_ln130/9 "/>
</bind>
</comp>

<comp id="3548" class="1004" name="muxLogicRAMAddr_to_store_ln130_fu_3548">
<pin_list>
<pin id="3549" dir="0" index="0" bw="9" slack="0"/>
<pin id="3550" dir="1" index="1" bw="0" slack="2147483647"/>
</pin_list>
<bind>
<opcode="muxlogic(592) " fcode="muxlogic"/>
<opset="muxLogicRAMAddr_to_store_ln130/9 "/>
</bind>
</comp>

<comp id="3552" class="1004" name="muxLogicRAMData_to_store_ln130_fu_3552">
<pin_list>
<pin id="3553" dir="0" index="0" bw="16" slack="0"/>
<pin id="3554" dir="1" index="1" bw="0" slack="2147483647"/>
</pin_list>
<bind>
<opcode="muxlogic(592) " fcode="muxlogic"/>
<opset="muxLogicRAMData_to_store_ln130/9 "/>
</bind>
</comp>

<comp id="3556" class="1004" name="muxLogicRAMAddr_to_store_ln130_fu_3556">
<pin_list>
<pin id="3557" dir="0" index="0" bw="9" slack="0"/>
<pin id="3558" dir="1" index="1" bw="0" slack="2147483647"/>
</pin_list>
<bind>
<opcode="muxlogic(592) " fcode="muxlogic"/>
<opset="muxLogicRAMAddr_to_store_ln130/9 "/>
</bind>
</comp>

<comp id="3560" class="1004" name="muxLogicRAMData_to_store_ln130_fu_3560">
<pin_list>
<pin id="3561" dir="0" index="0" bw="16" slack="0"/>
<pin id="3562" dir="1" index="1" bw="0" slack="2147483647"/>
</pin_list>
<bind>
<opcode="muxlogic(592) " fcode="muxlogic"/>
<opset="muxLogicRAMData_to_store_ln130/9 "/>
</bind>
</comp>

<comp id="3564" class="1004" name="muxLogicRAMAddr_to_store_ln130_fu_3564">
<pin_list>
<pin id="3565" dir="0" index="0" bw="9" slack="0"/>
<pin id="3566" dir="1" index="1" bw="0" slack="2147483647"/>
</pin_list>
<bind>
<opcode="muxlogic(592) " fcode="muxlogic"/>
<opset="muxLogicRAMAddr_to_store_ln130/9 "/>
</bind>
</comp>

<comp id="3568" class="1004" name="muxLogicRAMData_to_store_ln130_fu_3568">
<pin_list>
<pin id="3569" dir="0" index="0" bw="16" slack="0"/>
<pin id="3570" dir="1" index="1" bw="0" slack="2147483647"/>
</pin_list>
<bind>
<opcode="muxlogic(592) " fcode="muxlogic"/>
<opset="muxLogicRAMData_to_store_ln130/9 "/>
</bind>
</comp>

<comp id="3572" class="1004" name="muxLogicRAMAddr_to_store_ln130_fu_3572">
<pin_list>
<pin id="3573" dir="0" index="0" bw="9" slack="0"/>
<pin id="3574" dir="1" index="1" bw="0" slack="2147483647"/>
</pin_list>
<bind>
<opcode="muxlogic(592) " fcode="muxlogic"/>
<opset="muxLogicRAMAddr_to_store_ln130/9 "/>
</bind>
</comp>

<comp id="3576" class="1004" name="muxLogicRAMData_to_store_ln130_fu_3576">
<pin_list>
<pin id="3577" dir="0" index="0" bw="16" slack="0"/>
<pin id="3578" dir="1" index="1" bw="0" slack="2147483647"/>
</pin_list>
<bind>
<opcode="muxlogic(592) " fcode="muxlogic"/>
<opset="muxLogicRAMData_to_store_ln130/9 "/>
</bind>
</comp>

<comp id="3580" class="1004" name="muxLogicRAMAddr_to_store_ln130_fu_3580">
<pin_list>
<pin id="3581" dir="0" index="0" bw="9" slack="0"/>
<pin id="3582" dir="1" index="1" bw="0" slack="2147483647"/>
</pin_list>
<bind>
<opcode="muxlogic(592) " fcode="muxlogic"/>
<opset="muxLogicRAMAddr_to_store_ln130/9 "/>
</bind>
</comp>

<comp id="3584" class="1004" name="muxLogicRAMData_to_store_ln130_fu_3584">
<pin_list>
<pin id="3585" dir="0" index="0" bw="16" slack="0"/>
<pin id="3586" dir="1" index="1" bw="0" slack="2147483647"/>
</pin_list>
<bind>
<opcode="muxlogic(592) " fcode="muxlogic"/>
<opset="muxLogicRAMData_to_store_ln130/9 "/>
</bind>
</comp>

<comp id="3588" class="1004" name="muxLogicRAMAddr_to_store_ln130_fu_3588">
<pin_list>
<pin id="3589" dir="0" index="0" bw="9" slack="0"/>
<pin id="3590" dir="1" index="1" bw="0" slack="2147483647"/>
</pin_list>
<bind>
<opcode="muxlogic(592) " fcode="muxlogic"/>
<opset="muxLogicRAMAddr_to_store_ln130/9 "/>
</bind>
</comp>

<comp id="3592" class="1004" name="muxLogicRAMData_to_store_ln130_fu_3592">
<pin_list>
<pin id="3593" dir="0" index="0" bw="16" slack="0"/>
<pin id="3594" dir="1" index="1" bw="0" slack="2147483647"/>
</pin_list>
<bind>
<opcode="muxlogic(592) " fcode="muxlogic"/>
<opset="muxLogicRAMData_to_store_ln130/9 "/>
</bind>
</comp>

<comp id="3596" class="1004" name="muxLogicRAMAddr_to_store_ln130_fu_3596">
<pin_list>
<pin id="3597" dir="0" index="0" bw="9" slack="0"/>
<pin id="3598" dir="1" index="1" bw="0" slack="2147483647"/>
</pin_list>
<bind>
<opcode="muxlogic(592) " fcode="muxlogic"/>
<opset="muxLogicRAMAddr_to_store_ln130/9 "/>
</bind>
</comp>

<comp id="3600" class="1004" name="muxLogicRAMData_to_store_ln130_fu_3600">
<pin_list>
<pin id="3601" dir="0" index="0" bw="16" slack="0"/>
<pin id="3602" dir="1" index="1" bw="0" slack="2147483647"/>
</pin_list>
<bind>
<opcode="muxlogic(592) " fcode="muxlogic"/>
<opset="muxLogicRAMData_to_store_ln130/9 "/>
</bind>
</comp>

<comp id="3604" class="1004" name="muxLogicRAMAddr_to_store_ln130_fu_3604">
<pin_list>
<pin id="3605" dir="0" index="0" bw="9" slack="0"/>
<pin id="3606" dir="1" index="1" bw="0" slack="2147483647"/>
</pin_list>
<bind>
<opcode="muxlogic(592) " fcode="muxlogic"/>
<opset="muxLogicRAMAddr_to_store_ln130/9 "/>
</bind>
</comp>

<comp id="3608" class="1004" name="muxLogicRAMData_to_store_ln130_fu_3608">
<pin_list>
<pin id="3609" dir="0" index="0" bw="16" slack="0"/>
<pin id="3610" dir="1" index="1" bw="0" slack="2147483647"/>
</pin_list>
<bind>
<opcode="muxlogic(592) " fcode="muxlogic"/>
<opset="muxLogicRAMData_to_store_ln130/9 "/>
</bind>
</comp>

<comp id="3612" class="1004" name="muxLogicRAMAddr_to_store_ln130_fu_3612">
<pin_list>
<pin id="3613" dir="0" index="0" bw="9" slack="0"/>
<pin id="3614" dir="1" index="1" bw="0" slack="2147483647"/>
</pin_list>
<bind>
<opcode="muxlogic(592) " fcode="muxlogic"/>
<opset="muxLogicRAMAddr_to_store_ln130/9 "/>
</bind>
</comp>

<comp id="3616" class="1004" name="muxLogicRAMData_to_store_ln130_fu_3616">
<pin_list>
<pin id="3617" dir="0" index="0" bw="16" slack="0"/>
<pin id="3618" dir="1" index="1" bw="0" slack="2147483647"/>
</pin_list>
<bind>
<opcode="muxlogic(592) " fcode="muxlogic"/>
<opset="muxLogicRAMData_to_store_ln130/9 "/>
</bind>
</comp>

<comp id="3620" class="1004" name="muxLogicRAMAddr_to_store_ln130_fu_3620">
<pin_list>
<pin id="3621" dir="0" index="0" bw="9" slack="0"/>
<pin id="3622" dir="1" index="1" bw="0" slack="2147483647"/>
</pin_list>
<bind>
<opcode="muxlogic(592) " fcode="muxlogic"/>
<opset="muxLogicRAMAddr_to_store_ln130/9 "/>
</bind>
</comp>

<comp id="3624" class="1004" name="muxLogicRAMData_to_store_ln130_fu_3624">
<pin_list>
<pin id="3625" dir="0" index="0" bw="16" slack="0"/>
<pin id="3626" dir="1" index="1" bw="0" slack="2147483647"/>
</pin_list>
<bind>
<opcode="muxlogic(592) " fcode="muxlogic"/>
<opset="muxLogicRAMData_to_store_ln130/9 "/>
</bind>
</comp>

<comp id="3628" class="1004" name="muxLogicRAMAddr_to_store_ln130_fu_3628">
<pin_list>
<pin id="3629" dir="0" index="0" bw="9" slack="0"/>
<pin id="3630" dir="1" index="1" bw="0" slack="2147483647"/>
</pin_list>
<bind>
<opcode="muxlogic(592) " fcode="muxlogic"/>
<opset="muxLogicRAMAddr_to_store_ln130/9 "/>
</bind>
</comp>

<comp id="3632" class="1005" name="r_reg_3632">
<pin_list>
<pin id="3633" dir="0" index="0" bw="10" slack="0"/>
<pin id="3634" dir="1" index="1" bw="10" slack="0"/>
</pin_list>
<bind>
<opset="r "/>
</bind>
</comp>

<comp id="3639" class="1005" name="sext_ln112_2_cast_reg_3639">
<pin_list>
<pin id="3640" dir="0" index="0" bw="64" slack="1"/>
<pin id="3641" dir="1" index="1" bw="64" slack="1"/>
</pin_list>
<bind>
<opset="sext_ln112_2_cast "/>
</bind>
</comp>

<comp id="3644" class="1005" name="icmp_ln112_reg_3644">
<pin_list>
<pin id="3645" dir="0" index="0" bw="1" slack="1"/>
<pin id="3646" dir="1" index="1" bw="1" slack="2147483647"/>
</pin_list>
<bind>
<opset="icmp_ln112 "/>
</bind>
</comp>

<comp id="3648" class="1005" name="trunc_ln112_reg_3648">
<pin_list>
<pin id="3649" dir="0" index="0" bw="6" slack="1"/>
<pin id="3650" dir="1" index="1" bw="6" slack="1"/>
</pin_list>
<bind>
<opset="trunc_ln112 "/>
</bind>
</comp>

<comp id="3660" class="1005" name="gmem_Q_addr_reg_3660">
<pin_list>
<pin id="3661" dir="0" index="0" bw="512" slack="1"/>
<pin id="3662" dir="1" index="1" bw="512" slack="1"/>
</pin_list>
<bind>
<opset="gmem_Q_addr "/>
</bind>
</comp>

<comp id="3665" class="1005" name="trunc_ln67_1_reg_3665">
<pin_list>
<pin id="3666" dir="0" index="0" bw="16" slack="1"/>
<pin id="3667" dir="1" index="1" bw="16" slack="1"/>
</pin_list>
<bind>
<opset="trunc_ln67_1 "/>
</bind>
</comp>

<comp id="3670" class="1005" name="trunc_ln67_2_reg_3670">
<pin_list>
<pin id="3671" dir="0" index="0" bw="16" slack="2"/>
<pin id="3672" dir="1" index="1" bw="16" slack="2"/>
</pin_list>
<bind>
<opset="trunc_ln67_2 "/>
</bind>
</comp>

<comp id="3675" class="1005" name="tmp_123_reg_3675">
<pin_list>
<pin id="3676" dir="0" index="0" bw="16" slack="3"/>
<pin id="3677" dir="1" index="1" bw="16" slack="3"/>
</pin_list>
<bind>
<opset="tmp_123 "/>
</bind>
</comp>

<comp id="3680" class="1005" name="tmp_124_reg_3680">
<pin_list>
<pin id="3681" dir="0" index="0" bw="16" slack="3"/>
<pin id="3682" dir="1" index="1" bw="16" slack="3"/>
</pin_list>
<bind>
<opset="tmp_124 "/>
</bind>
</comp>

<comp id="3685" class="1005" name="tmp_125_reg_3685">
<pin_list>
<pin id="3686" dir="0" index="0" bw="16" slack="3"/>
<pin id="3687" dir="1" index="1" bw="16" slack="3"/>
</pin_list>
<bind>
<opset="tmp_125 "/>
</bind>
</comp>

<comp id="3690" class="1005" name="tmp_126_reg_3690">
<pin_list>
<pin id="3691" dir="0" index="0" bw="16" slack="3"/>
<pin id="3692" dir="1" index="1" bw="16" slack="3"/>
</pin_list>
<bind>
<opset="tmp_126 "/>
</bind>
</comp>

<comp id="3695" class="1005" name="tmp_127_reg_3695">
<pin_list>
<pin id="3696" dir="0" index="0" bw="16" slack="3"/>
<pin id="3697" dir="1" index="1" bw="16" slack="3"/>
</pin_list>
<bind>
<opset="tmp_127 "/>
</bind>
</comp>

<comp id="3700" class="1005" name="tmp_128_reg_3700">
<pin_list>
<pin id="3701" dir="0" index="0" bw="16" slack="3"/>
<pin id="3702" dir="1" index="1" bw="16" slack="3"/>
</pin_list>
<bind>
<opset="tmp_128 "/>
</bind>
</comp>

<comp id="3705" class="1005" name="tmp_129_reg_3705">
<pin_list>
<pin id="3706" dir="0" index="0" bw="16" slack="3"/>
<pin id="3707" dir="1" index="1" bw="16" slack="3"/>
</pin_list>
<bind>
<opset="tmp_129 "/>
</bind>
</comp>

<comp id="3710" class="1005" name="tmp_130_reg_3710">
<pin_list>
<pin id="3711" dir="0" index="0" bw="16" slack="3"/>
<pin id="3712" dir="1" index="1" bw="16" slack="3"/>
</pin_list>
<bind>
<opset="tmp_130 "/>
</bind>
</comp>

<comp id="3715" class="1005" name="tmp_131_reg_3715">
<pin_list>
<pin id="3716" dir="0" index="0" bw="16" slack="3"/>
<pin id="3717" dir="1" index="1" bw="16" slack="3"/>
</pin_list>
<bind>
<opset="tmp_131 "/>
</bind>
</comp>

<comp id="3720" class="1005" name="tmp_132_reg_3720">
<pin_list>
<pin id="3721" dir="0" index="0" bw="16" slack="3"/>
<pin id="3722" dir="1" index="1" bw="16" slack="3"/>
</pin_list>
<bind>
<opset="tmp_132 "/>
</bind>
</comp>

<comp id="3725" class="1005" name="tmp_133_reg_3725">
<pin_list>
<pin id="3726" dir="0" index="0" bw="16" slack="3"/>
<pin id="3727" dir="1" index="1" bw="16" slack="3"/>
</pin_list>
<bind>
<opset="tmp_133 "/>
</bind>
</comp>

<comp id="3730" class="1005" name="tmp_134_reg_3730">
<pin_list>
<pin id="3731" dir="0" index="0" bw="16" slack="3"/>
<pin id="3732" dir="1" index="1" bw="16" slack="3"/>
</pin_list>
<bind>
<opset="tmp_134 "/>
</bind>
</comp>

<comp id="3735" class="1005" name="tmp_135_reg_3735">
<pin_list>
<pin id="3736" dir="0" index="0" bw="16" slack="3"/>
<pin id="3737" dir="1" index="1" bw="16" slack="3"/>
</pin_list>
<bind>
<opset="tmp_135 "/>
</bind>
</comp>

<comp id="3740" class="1005" name="tmp_136_reg_3740">
<pin_list>
<pin id="3741" dir="0" index="0" bw="16" slack="3"/>
<pin id="3742" dir="1" index="1" bw="16" slack="3"/>
</pin_list>
<bind>
<opset="tmp_136 "/>
</bind>
</comp>

<comp id="3745" class="1005" name="tmp_137_reg_3745">
<pin_list>
<pin id="3746" dir="0" index="0" bw="16" slack="3"/>
<pin id="3747" dir="1" index="1" bw="16" slack="3"/>
</pin_list>
<bind>
<opset="tmp_137 "/>
</bind>
</comp>

<comp id="3750" class="1005" name="tmp_138_reg_3750">
<pin_list>
<pin id="3751" dir="0" index="0" bw="16" slack="3"/>
<pin id="3752" dir="1" index="1" bw="16" slack="3"/>
</pin_list>
<bind>
<opset="tmp_138 "/>
</bind>
</comp>

<comp id="3755" class="1005" name="trunc_ln67_3_reg_3755">
<pin_list>
<pin id="3756" dir="0" index="0" bw="16" slack="3"/>
<pin id="3757" dir="1" index="1" bw="16" slack="3"/>
</pin_list>
<bind>
<opset="trunc_ln67_3 "/>
</bind>
</comp>

<comp id="3760" class="1005" name="tmp_140_reg_3760">
<pin_list>
<pin id="3761" dir="0" index="0" bw="16" slack="3"/>
<pin id="3762" dir="1" index="1" bw="16" slack="3"/>
</pin_list>
<bind>
<opset="tmp_140 "/>
</bind>
</comp>

<comp id="3765" class="1005" name="tmp_141_reg_3765">
<pin_list>
<pin id="3766" dir="0" index="0" bw="16" slack="3"/>
<pin id="3767" dir="1" index="1" bw="16" slack="3"/>
</pin_list>
<bind>
<opset="tmp_141 "/>
</bind>
</comp>

<comp id="3770" class="1005" name="tmp_142_reg_3770">
<pin_list>
<pin id="3771" dir="0" index="0" bw="16" slack="3"/>
<pin id="3772" dir="1" index="1" bw="16" slack="3"/>
</pin_list>
<bind>
<opset="tmp_142 "/>
</bind>
</comp>

<comp id="3775" class="1005" name="tmp_143_reg_3775">
<pin_list>
<pin id="3776" dir="0" index="0" bw="16" slack="3"/>
<pin id="3777" dir="1" index="1" bw="16" slack="3"/>
</pin_list>
<bind>
<opset="tmp_143 "/>
</bind>
</comp>

<comp id="3780" class="1005" name="tmp_144_reg_3780">
<pin_list>
<pin id="3781" dir="0" index="0" bw="16" slack="3"/>
<pin id="3782" dir="1" index="1" bw="16" slack="3"/>
</pin_list>
<bind>
<opset="tmp_144 "/>
</bind>
</comp>

<comp id="3785" class="1005" name="tmp_145_reg_3785">
<pin_list>
<pin id="3786" dir="0" index="0" bw="16" slack="3"/>
<pin id="3787" dir="1" index="1" bw="16" slack="3"/>
</pin_list>
<bind>
<opset="tmp_145 "/>
</bind>
</comp>

<comp id="3790" class="1005" name="tmp_146_reg_3790">
<pin_list>
<pin id="3791" dir="0" index="0" bw="16" slack="3"/>
<pin id="3792" dir="1" index="1" bw="16" slack="3"/>
</pin_list>
<bind>
<opset="tmp_146 "/>
</bind>
</comp>

<comp id="3795" class="1005" name="tmp_147_reg_3795">
<pin_list>
<pin id="3796" dir="0" index="0" bw="16" slack="3"/>
<pin id="3797" dir="1" index="1" bw="16" slack="3"/>
</pin_list>
<bind>
<opset="tmp_147 "/>
</bind>
</comp>

<comp id="3800" class="1005" name="tmp_148_reg_3800">
<pin_list>
<pin id="3801" dir="0" index="0" bw="16" slack="3"/>
<pin id="3802" dir="1" index="1" bw="16" slack="3"/>
</pin_list>
<bind>
<opset="tmp_148 "/>
</bind>
</comp>

<comp id="3805" class="1005" name="tmp_149_reg_3805">
<pin_list>
<pin id="3806" dir="0" index="0" bw="16" slack="3"/>
<pin id="3807" dir="1" index="1" bw="16" slack="3"/>
</pin_list>
<bind>
<opset="tmp_149 "/>
</bind>
</comp>

<comp id="3810" class="1005" name="tmp_150_reg_3810">
<pin_list>
<pin id="3811" dir="0" index="0" bw="16" slack="3"/>
<pin id="3812" dir="1" index="1" bw="16" slack="3"/>
</pin_list>
<bind>
<opset="tmp_150 "/>
</bind>
</comp>

<comp id="3815" class="1005" name="tmp_151_reg_3815">
<pin_list>
<pin id="3816" dir="0" index="0" bw="16" slack="3"/>
<pin id="3817" dir="1" index="1" bw="16" slack="3"/>
</pin_list>
<bind>
<opset="tmp_151 "/>
</bind>
</comp>

<comp id="3820" class="1005" name="tmp_152_reg_3820">
<pin_list>
<pin id="3821" dir="0" index="0" bw="16" slack="3"/>
<pin id="3822" dir="1" index="1" bw="16" slack="3"/>
</pin_list>
<bind>
<opset="tmp_152 "/>
</bind>
</comp>

<comp id="3825" class="1005" name="tmp_153_reg_3825">
<pin_list>
<pin id="3826" dir="0" index="0" bw="16" slack="3"/>
<pin id="3827" dir="1" index="1" bw="16" slack="3"/>
</pin_list>
<bind>
<opset="tmp_153 "/>
</bind>
</comp>

<comp id="3830" class="1005" name="tmp_154_reg_3830">
<pin_list>
<pin id="3831" dir="0" index="0" bw="16" slack="3"/>
<pin id="3832" dir="1" index="1" bw="16" slack="3"/>
</pin_list>
<bind>
<opset="tmp_154 "/>
</bind>
</comp>

</comp_list>

<net_list>
<net id="167"><net_src comp="38" pin="0"/><net_sink comp="164" pin=0"/></net>

<net id="172"><net_src comp="40" pin="0"/><net_sink comp="168" pin=0"/></net>

<net id="173"><net_src comp="4" pin="0"/><net_sink comp="168" pin=1"/></net>

<net id="178"><net_src comp="42" pin="0"/><net_sink comp="174" pin=0"/></net>

<net id="179"><net_src comp="0" pin="0"/><net_sink comp="174" pin=1"/></net>

<net id="185"><net_src comp="6" pin="0"/><net_sink comp="180" pin=0"/></net>

<net id="186"><net_src comp="80" pin="0"/><net_sink comp="180" pin=1"/></net>

<net id="192"><net_src comp="8" pin="0"/><net_sink comp="187" pin=0"/></net>

<net id="193"><net_src comp="80" pin="0"/><net_sink comp="187" pin=1"/></net>

<net id="199"><net_src comp="10" pin="0"/><net_sink comp="194" pin=0"/></net>

<net id="200"><net_src comp="80" pin="0"/><net_sink comp="194" pin=1"/></net>

<net id="206"><net_src comp="12" pin="0"/><net_sink comp="201" pin=0"/></net>

<net id="207"><net_src comp="80" pin="0"/><net_sink comp="201" pin=1"/></net>

<net id="213"><net_src comp="14" pin="0"/><net_sink comp="208" pin=0"/></net>

<net id="214"><net_src comp="80" pin="0"/><net_sink comp="208" pin=1"/></net>

<net id="220"><net_src comp="16" pin="0"/><net_sink comp="215" pin=0"/></net>

<net id="221"><net_src comp="80" pin="0"/><net_sink comp="215" pin=1"/></net>

<net id="227"><net_src comp="18" pin="0"/><net_sink comp="222" pin=0"/></net>

<net id="228"><net_src comp="80" pin="0"/><net_sink comp="222" pin=1"/></net>

<net id="234"><net_src comp="20" pin="0"/><net_sink comp="229" pin=0"/></net>

<net id="235"><net_src comp="80" pin="0"/><net_sink comp="229" pin=1"/></net>

<net id="241"><net_src comp="22" pin="0"/><net_sink comp="236" pin=0"/></net>

<net id="242"><net_src comp="80" pin="0"/><net_sink comp="236" pin=1"/></net>

<net id="248"><net_src comp="24" pin="0"/><net_sink comp="243" pin=0"/></net>

<net id="249"><net_src comp="80" pin="0"/><net_sink comp="243" pin=1"/></net>

<net id="255"><net_src comp="26" pin="0"/><net_sink comp="250" pin=0"/></net>

<net id="256"><net_src comp="80" pin="0"/><net_sink comp="250" pin=1"/></net>

<net id="262"><net_src comp="28" pin="0"/><net_sink comp="257" pin=0"/></net>

<net id="263"><net_src comp="80" pin="0"/><net_sink comp="257" pin=1"/></net>

<net id="269"><net_src comp="30" pin="0"/><net_sink comp="264" pin=0"/></net>

<net id="270"><net_src comp="80" pin="0"/><net_sink comp="264" pin=1"/></net>

<net id="276"><net_src comp="32" pin="0"/><net_sink comp="271" pin=0"/></net>

<net id="277"><net_src comp="80" pin="0"/><net_sink comp="271" pin=1"/></net>

<net id="283"><net_src comp="34" pin="0"/><net_sink comp="278" pin=0"/></net>

<net id="284"><net_src comp="80" pin="0"/><net_sink comp="278" pin=1"/></net>

<net id="290"><net_src comp="36" pin="0"/><net_sink comp="285" pin=0"/></net>

<net id="291"><net_src comp="80" pin="0"/><net_sink comp="285" pin=1"/></net>

<net id="301"><net_src comp="180" pin="3"/><net_sink comp="292" pin=2"/></net>

<net id="311"><net_src comp="187" pin="3"/><net_sink comp="302" pin=2"/></net>

<net id="321"><net_src comp="194" pin="3"/><net_sink comp="312" pin=2"/></net>

<net id="331"><net_src comp="201" pin="3"/><net_sink comp="322" pin=2"/></net>

<net id="341"><net_src comp="208" pin="3"/><net_sink comp="332" pin=2"/></net>

<net id="351"><net_src comp="215" pin="3"/><net_sink comp="342" pin=2"/></net>

<net id="361"><net_src comp="222" pin="3"/><net_sink comp="352" pin=2"/></net>

<net id="371"><net_src comp="229" pin="3"/><net_sink comp="362" pin=2"/></net>

<net id="381"><net_src comp="236" pin="3"/><net_sink comp="372" pin=2"/></net>

<net id="391"><net_src comp="243" pin="3"/><net_sink comp="382" pin=2"/></net>

<net id="401"><net_src comp="250" pin="3"/><net_sink comp="392" pin=2"/></net>

<net id="411"><net_src comp="257" pin="3"/><net_sink comp="402" pin=2"/></net>

<net id="421"><net_src comp="264" pin="3"/><net_sink comp="412" pin=2"/></net>

<net id="431"><net_src comp="271" pin="3"/><net_sink comp="422" pin=2"/></net>

<net id="441"><net_src comp="278" pin="3"/><net_sink comp="432" pin=2"/></net>

<net id="451"><net_src comp="285" pin="3"/><net_sink comp="442" pin=2"/></net>

<net id="457"><net_src comp="6" pin="0"/><net_sink comp="452" pin=0"/></net>

<net id="458"><net_src comp="80" pin="0"/><net_sink comp="452" pin=1"/></net>

<net id="464"><net_src comp="8" pin="0"/><net_sink comp="459" pin=0"/></net>

<net id="465"><net_src comp="80" pin="0"/><net_sink comp="459" pin=1"/></net>

<net id="471"><net_src comp="10" pin="0"/><net_sink comp="466" pin=0"/></net>

<net id="472"><net_src comp="80" pin="0"/><net_sink comp="466" pin=1"/></net>

<net id="478"><net_src comp="12" pin="0"/><net_sink comp="473" pin=0"/></net>

<net id="479"><net_src comp="80" pin="0"/><net_sink comp="473" pin=1"/></net>

<net id="485"><net_src comp="14" pin="0"/><net_sink comp="480" pin=0"/></net>

<net id="486"><net_src comp="80" pin="0"/><net_sink comp="480" pin=1"/></net>

<net id="492"><net_src comp="16" pin="0"/><net_sink comp="487" pin=0"/></net>

<net id="493"><net_src comp="80" pin="0"/><net_sink comp="487" pin=1"/></net>

<net id="499"><net_src comp="18" pin="0"/><net_sink comp="494" pin=0"/></net>

<net id="500"><net_src comp="80" pin="0"/><net_sink comp="494" pin=1"/></net>

<net id="506"><net_src comp="20" pin="0"/><net_sink comp="501" pin=0"/></net>

<net id="507"><net_src comp="80" pin="0"/><net_sink comp="501" pin=1"/></net>

<net id="513"><net_src comp="22" pin="0"/><net_sink comp="508" pin=0"/></net>

<net id="514"><net_src comp="80" pin="0"/><net_sink comp="508" pin=1"/></net>

<net id="520"><net_src comp="24" pin="0"/><net_sink comp="515" pin=0"/></net>

<net id="521"><net_src comp="80" pin="0"/><net_sink comp="515" pin=1"/></net>

<net id="527"><net_src comp="26" pin="0"/><net_sink comp="522" pin=0"/></net>

<net id="528"><net_src comp="80" pin="0"/><net_sink comp="522" pin=1"/></net>

<net id="534"><net_src comp="28" pin="0"/><net_sink comp="529" pin=0"/></net>

<net id="535"><net_src comp="80" pin="0"/><net_sink comp="529" pin=1"/></net>

<net id="541"><net_src comp="30" pin="0"/><net_sink comp="536" pin=0"/></net>

<net id="542"><net_src comp="80" pin="0"/><net_sink comp="536" pin=1"/></net>

<net id="548"><net_src comp="32" pin="0"/><net_sink comp="543" pin=0"/></net>

<net id="549"><net_src comp="80" pin="0"/><net_sink comp="543" pin=1"/></net>

<net id="555"><net_src comp="34" pin="0"/><net_sink comp="550" pin=0"/></net>

<net id="556"><net_src comp="80" pin="0"/><net_sink comp="550" pin=1"/></net>

<net id="562"><net_src comp="36" pin="0"/><net_sink comp="557" pin=0"/></net>

<net id="563"><net_src comp="80" pin="0"/><net_sink comp="557" pin=1"/></net>

<net id="564"><net_src comp="452" pin="3"/><net_sink comp="292" pin=2"/></net>

<net id="565"><net_src comp="459" pin="3"/><net_sink comp="302" pin=2"/></net>

<net id="566"><net_src comp="466" pin="3"/><net_sink comp="312" pin=2"/></net>

<net id="567"><net_src comp="473" pin="3"/><net_sink comp="322" pin=2"/></net>

<net id="568"><net_src comp="480" pin="3"/><net_sink comp="332" pin=2"/></net>

<net id="569"><net_src comp="487" pin="3"/><net_sink comp="342" pin=2"/></net>

<net id="570"><net_src comp="494" pin="3"/><net_sink comp="352" pin=2"/></net>

<net id="571"><net_src comp="501" pin="3"/><net_sink comp="362" pin=2"/></net>

<net id="572"><net_src comp="508" pin="3"/><net_sink comp="372" pin=2"/></net>

<net id="573"><net_src comp="515" pin="3"/><net_sink comp="382" pin=2"/></net>

<net id="574"><net_src comp="522" pin="3"/><net_sink comp="392" pin=2"/></net>

<net id="575"><net_src comp="529" pin="3"/><net_sink comp="402" pin=2"/></net>

<net id="576"><net_src comp="536" pin="3"/><net_sink comp="412" pin=2"/></net>

<net id="577"><net_src comp="543" pin="3"/><net_sink comp="422" pin=2"/></net>

<net id="578"><net_src comp="550" pin="3"/><net_sink comp="432" pin=2"/></net>

<net id="579"><net_src comp="557" pin="3"/><net_sink comp="442" pin=2"/></net>

<net id="585"><net_src comp="6" pin="0"/><net_sink comp="580" pin=0"/></net>

<net id="586"><net_src comp="80" pin="0"/><net_sink comp="580" pin=1"/></net>

<net id="592"><net_src comp="8" pin="0"/><net_sink comp="587" pin=0"/></net>

<net id="593"><net_src comp="80" pin="0"/><net_sink comp="587" pin=1"/></net>

<net id="599"><net_src comp="10" pin="0"/><net_sink comp="594" pin=0"/></net>

<net id="600"><net_src comp="80" pin="0"/><net_sink comp="594" pin=1"/></net>

<net id="606"><net_src comp="12" pin="0"/><net_sink comp="601" pin=0"/></net>

<net id="607"><net_src comp="80" pin="0"/><net_sink comp="601" pin=1"/></net>

<net id="613"><net_src comp="14" pin="0"/><net_sink comp="608" pin=0"/></net>

<net id="614"><net_src comp="80" pin="0"/><net_sink comp="608" pin=1"/></net>

<net id="620"><net_src comp="16" pin="0"/><net_sink comp="615" pin=0"/></net>

<net id="621"><net_src comp="80" pin="0"/><net_sink comp="615" pin=1"/></net>

<net id="627"><net_src comp="18" pin="0"/><net_sink comp="622" pin=0"/></net>

<net id="628"><net_src comp="80" pin="0"/><net_sink comp="622" pin=1"/></net>

<net id="634"><net_src comp="20" pin="0"/><net_sink comp="629" pin=0"/></net>

<net id="635"><net_src comp="80" pin="0"/><net_sink comp="629" pin=1"/></net>

<net id="641"><net_src comp="22" pin="0"/><net_sink comp="636" pin=0"/></net>

<net id="642"><net_src comp="80" pin="0"/><net_sink comp="636" pin=1"/></net>

<net id="648"><net_src comp="24" pin="0"/><net_sink comp="643" pin=0"/></net>

<net id="649"><net_src comp="80" pin="0"/><net_sink comp="643" pin=1"/></net>

<net id="655"><net_src comp="26" pin="0"/><net_sink comp="650" pin=0"/></net>

<net id="656"><net_src comp="80" pin="0"/><net_sink comp="650" pin=1"/></net>

<net id="662"><net_src comp="28" pin="0"/><net_sink comp="657" pin=0"/></net>

<net id="663"><net_src comp="80" pin="0"/><net_sink comp="657" pin=1"/></net>

<net id="669"><net_src comp="30" pin="0"/><net_sink comp="664" pin=0"/></net>

<net id="670"><net_src comp="80" pin="0"/><net_sink comp="664" pin=1"/></net>

<net id="676"><net_src comp="32" pin="0"/><net_sink comp="671" pin=0"/></net>

<net id="677"><net_src comp="80" pin="0"/><net_sink comp="671" pin=1"/></net>

<net id="683"><net_src comp="34" pin="0"/><net_sink comp="678" pin=0"/></net>

<net id="684"><net_src comp="80" pin="0"/><net_sink comp="678" pin=1"/></net>

<net id="690"><net_src comp="36" pin="0"/><net_sink comp="685" pin=0"/></net>

<net id="691"><net_src comp="80" pin="0"/><net_sink comp="685" pin=1"/></net>

<net id="692"><net_src comp="580" pin="3"/><net_sink comp="292" pin=2"/></net>

<net id="693"><net_src comp="587" pin="3"/><net_sink comp="302" pin=2"/></net>

<net id="694"><net_src comp="594" pin="3"/><net_sink comp="312" pin=2"/></net>

<net id="695"><net_src comp="601" pin="3"/><net_sink comp="322" pin=2"/></net>

<net id="696"><net_src comp="608" pin="3"/><net_sink comp="332" pin=2"/></net>

<net id="697"><net_src comp="615" pin="3"/><net_sink comp="342" pin=2"/></net>

<net id="698"><net_src comp="622" pin="3"/><net_sink comp="352" pin=2"/></net>

<net id="699"><net_src comp="629" pin="3"/><net_sink comp="362" pin=2"/></net>

<net id="700"><net_src comp="636" pin="3"/><net_sink comp="372" pin=2"/></net>

<net id="701"><net_src comp="643" pin="3"/><net_sink comp="382" pin=2"/></net>

<net id="702"><net_src comp="650" pin="3"/><net_sink comp="392" pin=2"/></net>

<net id="703"><net_src comp="657" pin="3"/><net_sink comp="402" pin=2"/></net>

<net id="704"><net_src comp="664" pin="3"/><net_sink comp="412" pin=2"/></net>

<net id="705"><net_src comp="671" pin="3"/><net_sink comp="422" pin=2"/></net>

<net id="706"><net_src comp="678" pin="3"/><net_sink comp="432" pin=2"/></net>

<net id="707"><net_src comp="685" pin="3"/><net_sink comp="442" pin=2"/></net>

<net id="713"><net_src comp="6" pin="0"/><net_sink comp="708" pin=0"/></net>

<net id="714"><net_src comp="80" pin="0"/><net_sink comp="708" pin=1"/></net>

<net id="720"><net_src comp="8" pin="0"/><net_sink comp="715" pin=0"/></net>

<net id="721"><net_src comp="80" pin="0"/><net_sink comp="715" pin=1"/></net>

<net id="727"><net_src comp="10" pin="0"/><net_sink comp="722" pin=0"/></net>

<net id="728"><net_src comp="80" pin="0"/><net_sink comp="722" pin=1"/></net>

<net id="734"><net_src comp="12" pin="0"/><net_sink comp="729" pin=0"/></net>

<net id="735"><net_src comp="80" pin="0"/><net_sink comp="729" pin=1"/></net>

<net id="741"><net_src comp="14" pin="0"/><net_sink comp="736" pin=0"/></net>

<net id="742"><net_src comp="80" pin="0"/><net_sink comp="736" pin=1"/></net>

<net id="748"><net_src comp="16" pin="0"/><net_sink comp="743" pin=0"/></net>

<net id="749"><net_src comp="80" pin="0"/><net_sink comp="743" pin=1"/></net>

<net id="755"><net_src comp="18" pin="0"/><net_sink comp="750" pin=0"/></net>

<net id="756"><net_src comp="80" pin="0"/><net_sink comp="750" pin=1"/></net>

<net id="762"><net_src comp="20" pin="0"/><net_sink comp="757" pin=0"/></net>

<net id="763"><net_src comp="80" pin="0"/><net_sink comp="757" pin=1"/></net>

<net id="769"><net_src comp="22" pin="0"/><net_sink comp="764" pin=0"/></net>

<net id="770"><net_src comp="80" pin="0"/><net_sink comp="764" pin=1"/></net>

<net id="776"><net_src comp="24" pin="0"/><net_sink comp="771" pin=0"/></net>

<net id="777"><net_src comp="80" pin="0"/><net_sink comp="771" pin=1"/></net>

<net id="783"><net_src comp="26" pin="0"/><net_sink comp="778" pin=0"/></net>

<net id="784"><net_src comp="80" pin="0"/><net_sink comp="778" pin=1"/></net>

<net id="790"><net_src comp="28" pin="0"/><net_sink comp="785" pin=0"/></net>

<net id="791"><net_src comp="80" pin="0"/><net_sink comp="785" pin=1"/></net>

<net id="797"><net_src comp="30" pin="0"/><net_sink comp="792" pin=0"/></net>

<net id="798"><net_src comp="80" pin="0"/><net_sink comp="792" pin=1"/></net>

<net id="804"><net_src comp="32" pin="0"/><net_sink comp="799" pin=0"/></net>

<net id="805"><net_src comp="80" pin="0"/><net_sink comp="799" pin=1"/></net>

<net id="811"><net_src comp="34" pin="0"/><net_sink comp="806" pin=0"/></net>

<net id="812"><net_src comp="80" pin="0"/><net_sink comp="806" pin=1"/></net>

<net id="818"><net_src comp="36" pin="0"/><net_sink comp="813" pin=0"/></net>

<net id="819"><net_src comp="80" pin="0"/><net_sink comp="813" pin=1"/></net>

<net id="820"><net_src comp="708" pin="3"/><net_sink comp="292" pin=2"/></net>

<net id="821"><net_src comp="715" pin="3"/><net_sink comp="302" pin=2"/></net>

<net id="822"><net_src comp="722" pin="3"/><net_sink comp="312" pin=2"/></net>

<net id="823"><net_src comp="729" pin="3"/><net_sink comp="322" pin=2"/></net>

<net id="824"><net_src comp="736" pin="3"/><net_sink comp="332" pin=2"/></net>

<net id="825"><net_src comp="743" pin="3"/><net_sink comp="342" pin=2"/></net>

<net id="826"><net_src comp="750" pin="3"/><net_sink comp="352" pin=2"/></net>

<net id="827"><net_src comp="757" pin="3"/><net_sink comp="362" pin=2"/></net>

<net id="828"><net_src comp="764" pin="3"/><net_sink comp="372" pin=2"/></net>

<net id="829"><net_src comp="771" pin="3"/><net_sink comp="382" pin=2"/></net>

<net id="830"><net_src comp="778" pin="3"/><net_sink comp="392" pin=2"/></net>

<net id="831"><net_src comp="785" pin="3"/><net_sink comp="402" pin=2"/></net>

<net id="832"><net_src comp="792" pin="3"/><net_sink comp="412" pin=2"/></net>

<net id="833"><net_src comp="799" pin="3"/><net_sink comp="422" pin=2"/></net>

<net id="834"><net_src comp="806" pin="3"/><net_sink comp="432" pin=2"/></net>

<net id="835"><net_src comp="813" pin="3"/><net_sink comp="442" pin=2"/></net>

<net id="841"><net_src comp="6" pin="0"/><net_sink comp="836" pin=0"/></net>

<net id="842"><net_src comp="80" pin="0"/><net_sink comp="836" pin=1"/></net>

<net id="848"><net_src comp="8" pin="0"/><net_sink comp="843" pin=0"/></net>

<net id="849"><net_src comp="80" pin="0"/><net_sink comp="843" pin=1"/></net>

<net id="855"><net_src comp="10" pin="0"/><net_sink comp="850" pin=0"/></net>

<net id="856"><net_src comp="80" pin="0"/><net_sink comp="850" pin=1"/></net>

<net id="862"><net_src comp="12" pin="0"/><net_sink comp="857" pin=0"/></net>

<net id="863"><net_src comp="80" pin="0"/><net_sink comp="857" pin=1"/></net>

<net id="869"><net_src comp="14" pin="0"/><net_sink comp="864" pin=0"/></net>

<net id="870"><net_src comp="80" pin="0"/><net_sink comp="864" pin=1"/></net>

<net id="876"><net_src comp="16" pin="0"/><net_sink comp="871" pin=0"/></net>

<net id="877"><net_src comp="80" pin="0"/><net_sink comp="871" pin=1"/></net>

<net id="883"><net_src comp="18" pin="0"/><net_sink comp="878" pin=0"/></net>

<net id="884"><net_src comp="80" pin="0"/><net_sink comp="878" pin=1"/></net>

<net id="890"><net_src comp="20" pin="0"/><net_sink comp="885" pin=0"/></net>

<net id="891"><net_src comp="80" pin="0"/><net_sink comp="885" pin=1"/></net>

<net id="897"><net_src comp="22" pin="0"/><net_sink comp="892" pin=0"/></net>

<net id="898"><net_src comp="80" pin="0"/><net_sink comp="892" pin=1"/></net>

<net id="904"><net_src comp="24" pin="0"/><net_sink comp="899" pin=0"/></net>

<net id="905"><net_src comp="80" pin="0"/><net_sink comp="899" pin=1"/></net>

<net id="911"><net_src comp="26" pin="0"/><net_sink comp="906" pin=0"/></net>

<net id="912"><net_src comp="80" pin="0"/><net_sink comp="906" pin=1"/></net>

<net id="918"><net_src comp="28" pin="0"/><net_sink comp="913" pin=0"/></net>

<net id="919"><net_src comp="80" pin="0"/><net_sink comp="913" pin=1"/></net>

<net id="925"><net_src comp="30" pin="0"/><net_sink comp="920" pin=0"/></net>

<net id="926"><net_src comp="80" pin="0"/><net_sink comp="920" pin=1"/></net>

<net id="932"><net_src comp="32" pin="0"/><net_sink comp="927" pin=0"/></net>

<net id="933"><net_src comp="80" pin="0"/><net_sink comp="927" pin=1"/></net>

<net id="939"><net_src comp="34" pin="0"/><net_sink comp="934" pin=0"/></net>

<net id="940"><net_src comp="80" pin="0"/><net_sink comp="934" pin=1"/></net>

<net id="946"><net_src comp="36" pin="0"/><net_sink comp="941" pin=0"/></net>

<net id="947"><net_src comp="80" pin="0"/><net_sink comp="941" pin=1"/></net>

<net id="948"><net_src comp="836" pin="3"/><net_sink comp="292" pin=2"/></net>

<net id="949"><net_src comp="843" pin="3"/><net_sink comp="302" pin=2"/></net>

<net id="950"><net_src comp="850" pin="3"/><net_sink comp="312" pin=2"/></net>

<net id="951"><net_src comp="857" pin="3"/><net_sink comp="322" pin=2"/></net>

<net id="952"><net_src comp="864" pin="3"/><net_sink comp="332" pin=2"/></net>

<net id="953"><net_src comp="871" pin="3"/><net_sink comp="342" pin=2"/></net>

<net id="954"><net_src comp="878" pin="3"/><net_sink comp="352" pin=2"/></net>

<net id="955"><net_src comp="885" pin="3"/><net_sink comp="362" pin=2"/></net>

<net id="956"><net_src comp="892" pin="3"/><net_sink comp="372" pin=2"/></net>

<net id="957"><net_src comp="899" pin="3"/><net_sink comp="382" pin=2"/></net>

<net id="958"><net_src comp="906" pin="3"/><net_sink comp="392" pin=2"/></net>

<net id="959"><net_src comp="913" pin="3"/><net_sink comp="402" pin=2"/></net>

<net id="960"><net_src comp="920" pin="3"/><net_sink comp="412" pin=2"/></net>

<net id="961"><net_src comp="927" pin="3"/><net_sink comp="422" pin=2"/></net>

<net id="962"><net_src comp="934" pin="3"/><net_sink comp="432" pin=2"/></net>

<net id="963"><net_src comp="941" pin="3"/><net_sink comp="442" pin=2"/></net>

<net id="969"><net_src comp="6" pin="0"/><net_sink comp="964" pin=0"/></net>

<net id="970"><net_src comp="80" pin="0"/><net_sink comp="964" pin=1"/></net>

<net id="976"><net_src comp="8" pin="0"/><net_sink comp="971" pin=0"/></net>

<net id="977"><net_src comp="80" pin="0"/><net_sink comp="971" pin=1"/></net>

<net id="983"><net_src comp="10" pin="0"/><net_sink comp="978" pin=0"/></net>

<net id="984"><net_src comp="80" pin="0"/><net_sink comp="978" pin=1"/></net>

<net id="990"><net_src comp="12" pin="0"/><net_sink comp="985" pin=0"/></net>

<net id="991"><net_src comp="80" pin="0"/><net_sink comp="985" pin=1"/></net>

<net id="997"><net_src comp="14" pin="0"/><net_sink comp="992" pin=0"/></net>

<net id="998"><net_src comp="80" pin="0"/><net_sink comp="992" pin=1"/></net>

<net id="1004"><net_src comp="16" pin="0"/><net_sink comp="999" pin=0"/></net>

<net id="1005"><net_src comp="80" pin="0"/><net_sink comp="999" pin=1"/></net>

<net id="1011"><net_src comp="18" pin="0"/><net_sink comp="1006" pin=0"/></net>

<net id="1012"><net_src comp="80" pin="0"/><net_sink comp="1006" pin=1"/></net>

<net id="1018"><net_src comp="20" pin="0"/><net_sink comp="1013" pin=0"/></net>

<net id="1019"><net_src comp="80" pin="0"/><net_sink comp="1013" pin=1"/></net>

<net id="1025"><net_src comp="22" pin="0"/><net_sink comp="1020" pin=0"/></net>

<net id="1026"><net_src comp="80" pin="0"/><net_sink comp="1020" pin=1"/></net>

<net id="1032"><net_src comp="24" pin="0"/><net_sink comp="1027" pin=0"/></net>

<net id="1033"><net_src comp="80" pin="0"/><net_sink comp="1027" pin=1"/></net>

<net id="1039"><net_src comp="26" pin="0"/><net_sink comp="1034" pin=0"/></net>

<net id="1040"><net_src comp="80" pin="0"/><net_sink comp="1034" pin=1"/></net>

<net id="1046"><net_src comp="28" pin="0"/><net_sink comp="1041" pin=0"/></net>

<net id="1047"><net_src comp="80" pin="0"/><net_sink comp="1041" pin=1"/></net>

<net id="1053"><net_src comp="30" pin="0"/><net_sink comp="1048" pin=0"/></net>

<net id="1054"><net_src comp="80" pin="0"/><net_sink comp="1048" pin=1"/></net>

<net id="1060"><net_src comp="32" pin="0"/><net_sink comp="1055" pin=0"/></net>

<net id="1061"><net_src comp="80" pin="0"/><net_sink comp="1055" pin=1"/></net>

<net id="1067"><net_src comp="34" pin="0"/><net_sink comp="1062" pin=0"/></net>

<net id="1068"><net_src comp="80" pin="0"/><net_sink comp="1062" pin=1"/></net>

<net id="1074"><net_src comp="36" pin="0"/><net_sink comp="1069" pin=0"/></net>

<net id="1075"><net_src comp="80" pin="0"/><net_sink comp="1069" pin=1"/></net>

<net id="1076"><net_src comp="964" pin="3"/><net_sink comp="292" pin=2"/></net>

<net id="1077"><net_src comp="971" pin="3"/><net_sink comp="302" pin=2"/></net>

<net id="1078"><net_src comp="978" pin="3"/><net_sink comp="312" pin=2"/></net>

<net id="1079"><net_src comp="985" pin="3"/><net_sink comp="322" pin=2"/></net>

<net id="1080"><net_src comp="992" pin="3"/><net_sink comp="332" pin=2"/></net>

<net id="1081"><net_src comp="999" pin="3"/><net_sink comp="342" pin=2"/></net>

<net id="1082"><net_src comp="1006" pin="3"/><net_sink comp="352" pin=2"/></net>

<net id="1083"><net_src comp="1013" pin="3"/><net_sink comp="362" pin=2"/></net>

<net id="1084"><net_src comp="1020" pin="3"/><net_sink comp="372" pin=2"/></net>

<net id="1085"><net_src comp="1027" pin="3"/><net_sink comp="382" pin=2"/></net>

<net id="1086"><net_src comp="1034" pin="3"/><net_sink comp="392" pin=2"/></net>

<net id="1087"><net_src comp="1041" pin="3"/><net_sink comp="402" pin=2"/></net>

<net id="1088"><net_src comp="1048" pin="3"/><net_sink comp="412" pin=2"/></net>

<net id="1089"><net_src comp="1055" pin="3"/><net_sink comp="422" pin=2"/></net>

<net id="1090"><net_src comp="1062" pin="3"/><net_sink comp="432" pin=2"/></net>

<net id="1091"><net_src comp="1069" pin="3"/><net_sink comp="442" pin=2"/></net>

<net id="1097"><net_src comp="6" pin="0"/><net_sink comp="1092" pin=0"/></net>

<net id="1098"><net_src comp="80" pin="0"/><net_sink comp="1092" pin=1"/></net>

<net id="1104"><net_src comp="8" pin="0"/><net_sink comp="1099" pin=0"/></net>

<net id="1105"><net_src comp="80" pin="0"/><net_sink comp="1099" pin=1"/></net>

<net id="1111"><net_src comp="10" pin="0"/><net_sink comp="1106" pin=0"/></net>

<net id="1112"><net_src comp="80" pin="0"/><net_sink comp="1106" pin=1"/></net>

<net id="1118"><net_src comp="12" pin="0"/><net_sink comp="1113" pin=0"/></net>

<net id="1119"><net_src comp="80" pin="0"/><net_sink comp="1113" pin=1"/></net>

<net id="1125"><net_src comp="14" pin="0"/><net_sink comp="1120" pin=0"/></net>

<net id="1126"><net_src comp="80" pin="0"/><net_sink comp="1120" pin=1"/></net>

<net id="1132"><net_src comp="16" pin="0"/><net_sink comp="1127" pin=0"/></net>

<net id="1133"><net_src comp="80" pin="0"/><net_sink comp="1127" pin=1"/></net>

<net id="1139"><net_src comp="18" pin="0"/><net_sink comp="1134" pin=0"/></net>

<net id="1140"><net_src comp="80" pin="0"/><net_sink comp="1134" pin=1"/></net>

<net id="1146"><net_src comp="20" pin="0"/><net_sink comp="1141" pin=0"/></net>

<net id="1147"><net_src comp="80" pin="0"/><net_sink comp="1141" pin=1"/></net>

<net id="1153"><net_src comp="22" pin="0"/><net_sink comp="1148" pin=0"/></net>

<net id="1154"><net_src comp="80" pin="0"/><net_sink comp="1148" pin=1"/></net>

<net id="1160"><net_src comp="24" pin="0"/><net_sink comp="1155" pin=0"/></net>

<net id="1161"><net_src comp="80" pin="0"/><net_sink comp="1155" pin=1"/></net>

<net id="1167"><net_src comp="26" pin="0"/><net_sink comp="1162" pin=0"/></net>

<net id="1168"><net_src comp="80" pin="0"/><net_sink comp="1162" pin=1"/></net>

<net id="1174"><net_src comp="28" pin="0"/><net_sink comp="1169" pin=0"/></net>

<net id="1175"><net_src comp="80" pin="0"/><net_sink comp="1169" pin=1"/></net>

<net id="1181"><net_src comp="30" pin="0"/><net_sink comp="1176" pin=0"/></net>

<net id="1182"><net_src comp="80" pin="0"/><net_sink comp="1176" pin=1"/></net>

<net id="1188"><net_src comp="32" pin="0"/><net_sink comp="1183" pin=0"/></net>

<net id="1189"><net_src comp="80" pin="0"/><net_sink comp="1183" pin=1"/></net>

<net id="1195"><net_src comp="34" pin="0"/><net_sink comp="1190" pin=0"/></net>

<net id="1196"><net_src comp="80" pin="0"/><net_sink comp="1190" pin=1"/></net>

<net id="1202"><net_src comp="36" pin="0"/><net_sink comp="1197" pin=0"/></net>

<net id="1203"><net_src comp="80" pin="0"/><net_sink comp="1197" pin=1"/></net>

<net id="1204"><net_src comp="1092" pin="3"/><net_sink comp="292" pin=2"/></net>

<net id="1205"><net_src comp="1099" pin="3"/><net_sink comp="302" pin=2"/></net>

<net id="1206"><net_src comp="1106" pin="3"/><net_sink comp="312" pin=2"/></net>

<net id="1207"><net_src comp="1113" pin="3"/><net_sink comp="322" pin=2"/></net>

<net id="1208"><net_src comp="1120" pin="3"/><net_sink comp="332" pin=2"/></net>

<net id="1209"><net_src comp="1127" pin="3"/><net_sink comp="342" pin=2"/></net>

<net id="1210"><net_src comp="1134" pin="3"/><net_sink comp="352" pin=2"/></net>

<net id="1211"><net_src comp="1141" pin="3"/><net_sink comp="362" pin=2"/></net>

<net id="1212"><net_src comp="1148" pin="3"/><net_sink comp="372" pin=2"/></net>

<net id="1213"><net_src comp="1155" pin="3"/><net_sink comp="382" pin=2"/></net>

<net id="1214"><net_src comp="1162" pin="3"/><net_sink comp="392" pin=2"/></net>

<net id="1215"><net_src comp="1169" pin="3"/><net_sink comp="402" pin=2"/></net>

<net id="1216"><net_src comp="1176" pin="3"/><net_sink comp="412" pin=2"/></net>

<net id="1217"><net_src comp="1183" pin="3"/><net_sink comp="422" pin=2"/></net>

<net id="1218"><net_src comp="1190" pin="3"/><net_sink comp="432" pin=2"/></net>

<net id="1219"><net_src comp="1197" pin="3"/><net_sink comp="442" pin=2"/></net>

<net id="1225"><net_src comp="6" pin="0"/><net_sink comp="1220" pin=0"/></net>

<net id="1226"><net_src comp="80" pin="0"/><net_sink comp="1220" pin=1"/></net>

<net id="1232"><net_src comp="8" pin="0"/><net_sink comp="1227" pin=0"/></net>

<net id="1233"><net_src comp="80" pin="0"/><net_sink comp="1227" pin=1"/></net>

<net id="1239"><net_src comp="10" pin="0"/><net_sink comp="1234" pin=0"/></net>

<net id="1240"><net_src comp="80" pin="0"/><net_sink comp="1234" pin=1"/></net>

<net id="1246"><net_src comp="12" pin="0"/><net_sink comp="1241" pin=0"/></net>

<net id="1247"><net_src comp="80" pin="0"/><net_sink comp="1241" pin=1"/></net>

<net id="1253"><net_src comp="14" pin="0"/><net_sink comp="1248" pin=0"/></net>

<net id="1254"><net_src comp="80" pin="0"/><net_sink comp="1248" pin=1"/></net>

<net id="1260"><net_src comp="16" pin="0"/><net_sink comp="1255" pin=0"/></net>

<net id="1261"><net_src comp="80" pin="0"/><net_sink comp="1255" pin=1"/></net>

<net id="1267"><net_src comp="18" pin="0"/><net_sink comp="1262" pin=0"/></net>

<net id="1268"><net_src comp="80" pin="0"/><net_sink comp="1262" pin=1"/></net>

<net id="1274"><net_src comp="20" pin="0"/><net_sink comp="1269" pin=0"/></net>

<net id="1275"><net_src comp="80" pin="0"/><net_sink comp="1269" pin=1"/></net>

<net id="1281"><net_src comp="22" pin="0"/><net_sink comp="1276" pin=0"/></net>

<net id="1282"><net_src comp="80" pin="0"/><net_sink comp="1276" pin=1"/></net>

<net id="1288"><net_src comp="24" pin="0"/><net_sink comp="1283" pin=0"/></net>

<net id="1289"><net_src comp="80" pin="0"/><net_sink comp="1283" pin=1"/></net>

<net id="1295"><net_src comp="26" pin="0"/><net_sink comp="1290" pin=0"/></net>

<net id="1296"><net_src comp="80" pin="0"/><net_sink comp="1290" pin=1"/></net>

<net id="1302"><net_src comp="28" pin="0"/><net_sink comp="1297" pin=0"/></net>

<net id="1303"><net_src comp="80" pin="0"/><net_sink comp="1297" pin=1"/></net>

<net id="1309"><net_src comp="30" pin="0"/><net_sink comp="1304" pin=0"/></net>

<net id="1310"><net_src comp="80" pin="0"/><net_sink comp="1304" pin=1"/></net>

<net id="1316"><net_src comp="32" pin="0"/><net_sink comp="1311" pin=0"/></net>

<net id="1317"><net_src comp="80" pin="0"/><net_sink comp="1311" pin=1"/></net>

<net id="1323"><net_src comp="34" pin="0"/><net_sink comp="1318" pin=0"/></net>

<net id="1324"><net_src comp="80" pin="0"/><net_sink comp="1318" pin=1"/></net>

<net id="1330"><net_src comp="36" pin="0"/><net_sink comp="1325" pin=0"/></net>

<net id="1331"><net_src comp="80" pin="0"/><net_sink comp="1325" pin=1"/></net>

<net id="1332"><net_src comp="1220" pin="3"/><net_sink comp="292" pin=2"/></net>

<net id="1333"><net_src comp="1227" pin="3"/><net_sink comp="302" pin=2"/></net>

<net id="1334"><net_src comp="1234" pin="3"/><net_sink comp="312" pin=2"/></net>

<net id="1335"><net_src comp="1241" pin="3"/><net_sink comp="322" pin=2"/></net>

<net id="1336"><net_src comp="1248" pin="3"/><net_sink comp="332" pin=2"/></net>

<net id="1337"><net_src comp="1255" pin="3"/><net_sink comp="342" pin=2"/></net>

<net id="1338"><net_src comp="1262" pin="3"/><net_sink comp="352" pin=2"/></net>

<net id="1339"><net_src comp="1269" pin="3"/><net_sink comp="362" pin=2"/></net>

<net id="1340"><net_src comp="1276" pin="3"/><net_sink comp="372" pin=2"/></net>

<net id="1341"><net_src comp="1283" pin="3"/><net_sink comp="382" pin=2"/></net>

<net id="1342"><net_src comp="1290" pin="3"/><net_sink comp="392" pin=2"/></net>

<net id="1343"><net_src comp="1297" pin="3"/><net_sink comp="402" pin=2"/></net>

<net id="1344"><net_src comp="1304" pin="3"/><net_sink comp="412" pin=2"/></net>

<net id="1345"><net_src comp="1311" pin="3"/><net_sink comp="422" pin=2"/></net>

<net id="1346"><net_src comp="1318" pin="3"/><net_sink comp="432" pin=2"/></net>

<net id="1347"><net_src comp="1325" pin="3"/><net_sink comp="442" pin=2"/></net>

<net id="1352"><net_src comp="82" pin="0"/><net_sink comp="1348" pin=0"/></net>

<net id="1360"><net_src comp="84" pin="0"/><net_sink comp="1355" pin=0"/></net>

<net id="1361"><net_src comp="1348" pin="2"/><net_sink comp="1355" pin=1"/></net>

<net id="1362"><net_src comp="68" pin="0"/><net_sink comp="1355" pin=2"/></net>

<net id="1368"><net_src comp="84" pin="0"/><net_sink comp="1363" pin=0"/></net>

<net id="1369"><net_src comp="1348" pin="2"/><net_sink comp="1363" pin=1"/></net>

<net id="1370"><net_src comp="86" pin="0"/><net_sink comp="1363" pin=2"/></net>

<net id="1376"><net_src comp="84" pin="0"/><net_sink comp="1371" pin=0"/></net>

<net id="1377"><net_src comp="1348" pin="2"/><net_sink comp="1371" pin=1"/></net>

<net id="1378"><net_src comp="88" pin="0"/><net_sink comp="1371" pin=2"/></net>

<net id="1384"><net_src comp="84" pin="0"/><net_sink comp="1379" pin=0"/></net>

<net id="1385"><net_src comp="1348" pin="2"/><net_sink comp="1379" pin=1"/></net>

<net id="1386"><net_src comp="60" pin="0"/><net_sink comp="1379" pin=2"/></net>

<net id="1392"><net_src comp="84" pin="0"/><net_sink comp="1387" pin=0"/></net>

<net id="1393"><net_src comp="1348" pin="2"/><net_sink comp="1387" pin=1"/></net>

<net id="1394"><net_src comp="90" pin="0"/><net_sink comp="1387" pin=2"/></net>

<net id="1400"><net_src comp="84" pin="0"/><net_sink comp="1395" pin=0"/></net>

<net id="1401"><net_src comp="1348" pin="2"/><net_sink comp="1395" pin=1"/></net>

<net id="1402"><net_src comp="92" pin="0"/><net_sink comp="1395" pin=2"/></net>

<net id="1408"><net_src comp="84" pin="0"/><net_sink comp="1403" pin=0"/></net>

<net id="1409"><net_src comp="1348" pin="2"/><net_sink comp="1403" pin=1"/></net>

<net id="1410"><net_src comp="94" pin="0"/><net_sink comp="1403" pin=2"/></net>

<net id="1416"><net_src comp="84" pin="0"/><net_sink comp="1411" pin=0"/></net>

<net id="1417"><net_src comp="1348" pin="2"/><net_sink comp="1411" pin=1"/></net>

<net id="1418"><net_src comp="96" pin="0"/><net_sink comp="1411" pin=2"/></net>

<net id="1424"><net_src comp="84" pin="0"/><net_sink comp="1419" pin=0"/></net>

<net id="1425"><net_src comp="1348" pin="2"/><net_sink comp="1419" pin=1"/></net>

<net id="1426"><net_src comp="98" pin="0"/><net_sink comp="1419" pin=2"/></net>

<net id="1432"><net_src comp="84" pin="0"/><net_sink comp="1427" pin=0"/></net>

<net id="1433"><net_src comp="1348" pin="2"/><net_sink comp="1427" pin=1"/></net>

<net id="1434"><net_src comp="100" pin="0"/><net_sink comp="1427" pin=2"/></net>

<net id="1440"><net_src comp="84" pin="0"/><net_sink comp="1435" pin=0"/></net>

<net id="1441"><net_src comp="1348" pin="2"/><net_sink comp="1435" pin=1"/></net>

<net id="1442"><net_src comp="102" pin="0"/><net_sink comp="1435" pin=2"/></net>

<net id="1448"><net_src comp="84" pin="0"/><net_sink comp="1443" pin=0"/></net>

<net id="1449"><net_src comp="1348" pin="2"/><net_sink comp="1443" pin=1"/></net>

<net id="1450"><net_src comp="104" pin="0"/><net_sink comp="1443" pin=2"/></net>

<net id="1456"><net_src comp="84" pin="0"/><net_sink comp="1451" pin=0"/></net>

<net id="1457"><net_src comp="1348" pin="2"/><net_sink comp="1451" pin=1"/></net>

<net id="1458"><net_src comp="106" pin="0"/><net_sink comp="1451" pin=2"/></net>

<net id="1464"><net_src comp="84" pin="0"/><net_sink comp="1459" pin=0"/></net>

<net id="1465"><net_src comp="1348" pin="2"/><net_sink comp="1459" pin=1"/></net>

<net id="1466"><net_src comp="108" pin="0"/><net_sink comp="1459" pin=2"/></net>

<net id="1472"><net_src comp="84" pin="0"/><net_sink comp="1467" pin=0"/></net>

<net id="1473"><net_src comp="1348" pin="2"/><net_sink comp="1467" pin=1"/></net>

<net id="1474"><net_src comp="110" pin="0"/><net_sink comp="1467" pin=2"/></net>

<net id="1480"><net_src comp="84" pin="0"/><net_sink comp="1475" pin=0"/></net>

<net id="1481"><net_src comp="1348" pin="2"/><net_sink comp="1475" pin=1"/></net>

<net id="1482"><net_src comp="112" pin="0"/><net_sink comp="1475" pin=2"/></net>

<net id="1488"><net_src comp="84" pin="0"/><net_sink comp="1483" pin=0"/></net>

<net id="1489"><net_src comp="1348" pin="2"/><net_sink comp="1483" pin=1"/></net>

<net id="1490"><net_src comp="114" pin="0"/><net_sink comp="1483" pin=2"/></net>

<net id="1496"><net_src comp="84" pin="0"/><net_sink comp="1491" pin=0"/></net>

<net id="1497"><net_src comp="1348" pin="2"/><net_sink comp="1491" pin=1"/></net>

<net id="1498"><net_src comp="116" pin="0"/><net_sink comp="1491" pin=2"/></net>

<net id="1504"><net_src comp="84" pin="0"/><net_sink comp="1499" pin=0"/></net>

<net id="1505"><net_src comp="1348" pin="2"/><net_sink comp="1499" pin=1"/></net>

<net id="1506"><net_src comp="118" pin="0"/><net_sink comp="1499" pin=2"/></net>

<net id="1512"><net_src comp="84" pin="0"/><net_sink comp="1507" pin=0"/></net>

<net id="1513"><net_src comp="1348" pin="2"/><net_sink comp="1507" pin=1"/></net>

<net id="1514"><net_src comp="120" pin="0"/><net_sink comp="1507" pin=2"/></net>

<net id="1520"><net_src comp="84" pin="0"/><net_sink comp="1515" pin=0"/></net>

<net id="1521"><net_src comp="1348" pin="2"/><net_sink comp="1515" pin=1"/></net>

<net id="1522"><net_src comp="122" pin="0"/><net_sink comp="1515" pin=2"/></net>

<net id="1528"><net_src comp="84" pin="0"/><net_sink comp="1523" pin=0"/></net>

<net id="1529"><net_src comp="1348" pin="2"/><net_sink comp="1523" pin=1"/></net>

<net id="1530"><net_src comp="124" pin="0"/><net_sink comp="1523" pin=2"/></net>

<net id="1536"><net_src comp="84" pin="0"/><net_sink comp="1531" pin=0"/></net>

<net id="1537"><net_src comp="1348" pin="2"/><net_sink comp="1531" pin=1"/></net>

<net id="1538"><net_src comp="126" pin="0"/><net_sink comp="1531" pin=2"/></net>

<net id="1544"><net_src comp="84" pin="0"/><net_sink comp="1539" pin=0"/></net>

<net id="1545"><net_src comp="1348" pin="2"/><net_sink comp="1539" pin=1"/></net>

<net id="1546"><net_src comp="128" pin="0"/><net_sink comp="1539" pin=2"/></net>

<net id="1552"><net_src comp="84" pin="0"/><net_sink comp="1547" pin=0"/></net>

<net id="1553"><net_src comp="1348" pin="2"/><net_sink comp="1547" pin=1"/></net>

<net id="1554"><net_src comp="130" pin="0"/><net_sink comp="1547" pin=2"/></net>

<net id="1560"><net_src comp="84" pin="0"/><net_sink comp="1555" pin=0"/></net>

<net id="1561"><net_src comp="1348" pin="2"/><net_sink comp="1555" pin=1"/></net>

<net id="1562"><net_src comp="132" pin="0"/><net_sink comp="1555" pin=2"/></net>

<net id="1568"><net_src comp="84" pin="0"/><net_sink comp="1563" pin=0"/></net>

<net id="1569"><net_src comp="1348" pin="2"/><net_sink comp="1563" pin=1"/></net>

<net id="1570"><net_src comp="134" pin="0"/><net_sink comp="1563" pin=2"/></net>

<net id="1576"><net_src comp="84" pin="0"/><net_sink comp="1571" pin=0"/></net>

<net id="1577"><net_src comp="1348" pin="2"/><net_sink comp="1571" pin=1"/></net>

<net id="1578"><net_src comp="136" pin="0"/><net_sink comp="1571" pin=2"/></net>

<net id="1584"><net_src comp="84" pin="0"/><net_sink comp="1579" pin=0"/></net>

<net id="1585"><net_src comp="1348" pin="2"/><net_sink comp="1579" pin=1"/></net>

<net id="1586"><net_src comp="138" pin="0"/><net_sink comp="1579" pin=2"/></net>

<net id="1592"><net_src comp="84" pin="0"/><net_sink comp="1587" pin=0"/></net>

<net id="1593"><net_src comp="1348" pin="2"/><net_sink comp="1587" pin=1"/></net>

<net id="1594"><net_src comp="140" pin="0"/><net_sink comp="1587" pin=2"/></net>

<net id="1600"><net_src comp="84" pin="0"/><net_sink comp="1595" pin=0"/></net>

<net id="1601"><net_src comp="1348" pin="2"/><net_sink comp="1595" pin=1"/></net>

<net id="1602"><net_src comp="142" pin="0"/><net_sink comp="1595" pin=2"/></net>

<net id="1606"><net_src comp="1475" pin="3"/><net_sink comp="1603" pin=0"/></net>

<net id="1610"><net_src comp="1483" pin="3"/><net_sink comp="1607" pin=0"/></net>

<net id="1614"><net_src comp="1491" pin="3"/><net_sink comp="1611" pin=0"/></net>

<net id="1618"><net_src comp="1499" pin="3"/><net_sink comp="1615" pin=0"/></net>

<net id="1622"><net_src comp="1507" pin="3"/><net_sink comp="1619" pin=0"/></net>

<net id="1626"><net_src comp="1515" pin="3"/><net_sink comp="1623" pin=0"/></net>

<net id="1630"><net_src comp="1523" pin="3"/><net_sink comp="1627" pin=0"/></net>

<net id="1634"><net_src comp="1531" pin="3"/><net_sink comp="1631" pin=0"/></net>

<net id="1638"><net_src comp="1539" pin="3"/><net_sink comp="1635" pin=0"/></net>

<net id="1642"><net_src comp="1547" pin="3"/><net_sink comp="1639" pin=0"/></net>

<net id="1646"><net_src comp="1555" pin="3"/><net_sink comp="1643" pin=0"/></net>

<net id="1650"><net_src comp="1563" pin="3"/><net_sink comp="1647" pin=0"/></net>

<net id="1654"><net_src comp="1571" pin="3"/><net_sink comp="1651" pin=0"/></net>

<net id="1658"><net_src comp="1579" pin="3"/><net_sink comp="1655" pin=0"/></net>

<net id="1662"><net_src comp="1587" pin="3"/><net_sink comp="1659" pin=0"/></net>

<net id="1666"><net_src comp="1595" pin="3"/><net_sink comp="1663" pin=0"/></net>

<net id="1670"><net_src comp="1355" pin="3"/><net_sink comp="1667" pin=0"/></net>

<net id="1674"><net_src comp="1363" pin="3"/><net_sink comp="1671" pin=0"/></net>

<net id="1678"><net_src comp="1371" pin="3"/><net_sink comp="1675" pin=0"/></net>

<net id="1682"><net_src comp="1379" pin="3"/><net_sink comp="1679" pin=0"/></net>

<net id="1686"><net_src comp="1387" pin="3"/><net_sink comp="1683" pin=0"/></net>

<net id="1690"><net_src comp="1395" pin="3"/><net_sink comp="1687" pin=0"/></net>

<net id="1694"><net_src comp="1403" pin="3"/><net_sink comp="1691" pin=0"/></net>

<net id="1698"><net_src comp="1411" pin="3"/><net_sink comp="1695" pin=0"/></net>

<net id="1702"><net_src comp="1419" pin="3"/><net_sink comp="1699" pin=0"/></net>

<net id="1706"><net_src comp="1427" pin="3"/><net_sink comp="1703" pin=0"/></net>

<net id="1710"><net_src comp="1435" pin="3"/><net_sink comp="1707" pin=0"/></net>

<net id="1714"><net_src comp="1443" pin="3"/><net_sink comp="1711" pin=0"/></net>

<net id="1718"><net_src comp="1451" pin="3"/><net_sink comp="1715" pin=0"/></net>

<net id="1722"><net_src comp="1459" pin="3"/><net_sink comp="1719" pin=0"/></net>

<net id="1726"><net_src comp="1467" pin="3"/><net_sink comp="1723" pin=0"/></net>

<net id="1730"><net_src comp="168" pin="2"/><net_sink comp="1727" pin=0"/></net>

<net id="1735"><net_src comp="72" pin="0"/><net_sink comp="1731" pin=0"/></net>

<net id="1743"><net_src comp="1736" pin="1"/><net_sink comp="1739" pin=0"/></net>

<net id="1744"><net_src comp="74" pin="0"/><net_sink comp="1739" pin=1"/></net>

<net id="1748"><net_src comp="1736" pin="1"/><net_sink comp="1745" pin=0"/></net>

<net id="1753"><net_src comp="1745" pin="1"/><net_sink comp="1749" pin=0"/></net>

<net id="1754"><net_src comp="174" pin="2"/><net_sink comp="1749" pin=1"/></net>

<net id="1758"><net_src comp="1736" pin="1"/><net_sink comp="1755" pin=0"/></net>

<net id="1763"><net_src comp="1739" pin="2"/><net_sink comp="1759" pin=0"/></net>

<net id="1768"><net_src comp="2" pin="0"/><net_sink comp="1764" pin=0"/></net>

<net id="1769"><net_src comp="1764" pin="2"/><net_sink comp="1348" pin=1"/></net>

<net id="1775"><net_src comp="76" pin="0"/><net_sink comp="1770" pin=0"/></net>

<net id="1776"><net_src comp="78" pin="0"/><net_sink comp="1770" pin=2"/></net>

<net id="1780"><net_src comp="1770" pin="3"/><net_sink comp="1777" pin=0"/></net>

<net id="1781"><net_src comp="1777" pin="1"/><net_sink comp="180" pin=2"/></net>

<net id="1782"><net_src comp="1777" pin="1"/><net_sink comp="187" pin=2"/></net>

<net id="1783"><net_src comp="1777" pin="1"/><net_sink comp="194" pin=2"/></net>

<net id="1784"><net_src comp="1777" pin="1"/><net_sink comp="201" pin=2"/></net>

<net id="1785"><net_src comp="1777" pin="1"/><net_sink comp="208" pin=2"/></net>

<net id="1786"><net_src comp="1777" pin="1"/><net_sink comp="215" pin=2"/></net>

<net id="1787"><net_src comp="1777" pin="1"/><net_sink comp="222" pin=2"/></net>

<net id="1788"><net_src comp="1777" pin="1"/><net_sink comp="229" pin=2"/></net>

<net id="1789"><net_src comp="1777" pin="1"/><net_sink comp="236" pin=2"/></net>

<net id="1790"><net_src comp="1777" pin="1"/><net_sink comp="243" pin=2"/></net>

<net id="1791"><net_src comp="1777" pin="1"/><net_sink comp="250" pin=2"/></net>

<net id="1792"><net_src comp="1777" pin="1"/><net_sink comp="257" pin=2"/></net>

<net id="1793"><net_src comp="1777" pin="1"/><net_sink comp="264" pin=2"/></net>

<net id="1794"><net_src comp="1777" pin="1"/><net_sink comp="271" pin=2"/></net>

<net id="1795"><net_src comp="1777" pin="1"/><net_sink comp="278" pin=2"/></net>

<net id="1796"><net_src comp="1777" pin="1"/><net_sink comp="285" pin=2"/></net>

<net id="1800"><net_src comp="1348" pin="2"/><net_sink comp="1797" pin=0"/></net>

<net id="1804"><net_src comp="1797" pin="1"/><net_sink comp="1801" pin=0"/></net>

<net id="1805"><net_src comp="1801" pin="1"/><net_sink comp="292" pin=4"/></net>

<net id="1809"><net_src comp="1355" pin="3"/><net_sink comp="1806" pin=0"/></net>

<net id="1810"><net_src comp="1806" pin="1"/><net_sink comp="302" pin=4"/></net>

<net id="1814"><net_src comp="1363" pin="3"/><net_sink comp="1811" pin=0"/></net>

<net id="1815"><net_src comp="1811" pin="1"/><net_sink comp="312" pin=4"/></net>

<net id="1819"><net_src comp="1371" pin="3"/><net_sink comp="1816" pin=0"/></net>

<net id="1820"><net_src comp="1816" pin="1"/><net_sink comp="322" pin=4"/></net>

<net id="1824"><net_src comp="1379" pin="3"/><net_sink comp="1821" pin=0"/></net>

<net id="1825"><net_src comp="1821" pin="1"/><net_sink comp="332" pin=4"/></net>

<net id="1829"><net_src comp="1387" pin="3"/><net_sink comp="1826" pin=0"/></net>

<net id="1830"><net_src comp="1826" pin="1"/><net_sink comp="342" pin=4"/></net>

<net id="1834"><net_src comp="1395" pin="3"/><net_sink comp="1831" pin=0"/></net>

<net id="1835"><net_src comp="1831" pin="1"/><net_sink comp="352" pin=4"/></net>

<net id="1839"><net_src comp="1403" pin="3"/><net_sink comp="1836" pin=0"/></net>

<net id="1840"><net_src comp="1836" pin="1"/><net_sink comp="362" pin=4"/></net>

<net id="1844"><net_src comp="1411" pin="3"/><net_sink comp="1841" pin=0"/></net>

<net id="1845"><net_src comp="1841" pin="1"/><net_sink comp="372" pin=4"/></net>

<net id="1849"><net_src comp="1419" pin="3"/><net_sink comp="1846" pin=0"/></net>

<net id="1850"><net_src comp="1846" pin="1"/><net_sink comp="382" pin=4"/></net>

<net id="1854"><net_src comp="1427" pin="3"/><net_sink comp="1851" pin=0"/></net>

<net id="1855"><net_src comp="1851" pin="1"/><net_sink comp="392" pin=4"/></net>

<net id="1859"><net_src comp="1435" pin="3"/><net_sink comp="1856" pin=0"/></net>

<net id="1860"><net_src comp="1856" pin="1"/><net_sink comp="402" pin=4"/></net>

<net id="1864"><net_src comp="1443" pin="3"/><net_sink comp="1861" pin=0"/></net>

<net id="1865"><net_src comp="1861" pin="1"/><net_sink comp="412" pin=4"/></net>

<net id="1869"><net_src comp="1451" pin="3"/><net_sink comp="1866" pin=0"/></net>

<net id="1870"><net_src comp="1866" pin="1"/><net_sink comp="422" pin=4"/></net>

<net id="1874"><net_src comp="1459" pin="3"/><net_sink comp="1871" pin=0"/></net>

<net id="1875"><net_src comp="1871" pin="1"/><net_sink comp="432" pin=4"/></net>

<net id="1879"><net_src comp="1467" pin="3"/><net_sink comp="1876" pin=0"/></net>

<net id="1880"><net_src comp="1876" pin="1"/><net_sink comp="442" pin=4"/></net>

<net id="1884"><net_src comp="1801" pin="1"/><net_sink comp="1881" pin=0"/></net>

<net id="1888"><net_src comp="180" pin="3"/><net_sink comp="1885" pin=0"/></net>

<net id="1892"><net_src comp="1806" pin="1"/><net_sink comp="1889" pin=0"/></net>

<net id="1896"><net_src comp="187" pin="3"/><net_sink comp="1893" pin=0"/></net>

<net id="1900"><net_src comp="1811" pin="1"/><net_sink comp="1897" pin=0"/></net>

<net id="1904"><net_src comp="194" pin="3"/><net_sink comp="1901" pin=0"/></net>

<net id="1908"><net_src comp="1816" pin="1"/><net_sink comp="1905" pin=0"/></net>

<net id="1912"><net_src comp="201" pin="3"/><net_sink comp="1909" pin=0"/></net>

<net id="1916"><net_src comp="1821" pin="1"/><net_sink comp="1913" pin=0"/></net>

<net id="1920"><net_src comp="208" pin="3"/><net_sink comp="1917" pin=0"/></net>

<net id="1924"><net_src comp="1826" pin="1"/><net_sink comp="1921" pin=0"/></net>

<net id="1928"><net_src comp="215" pin="3"/><net_sink comp="1925" pin=0"/></net>

<net id="1932"><net_src comp="1831" pin="1"/><net_sink comp="1929" pin=0"/></net>

<net id="1936"><net_src comp="222" pin="3"/><net_sink comp="1933" pin=0"/></net>

<net id="1940"><net_src comp="1836" pin="1"/><net_sink comp="1937" pin=0"/></net>

<net id="1944"><net_src comp="229" pin="3"/><net_sink comp="1941" pin=0"/></net>

<net id="1948"><net_src comp="1841" pin="1"/><net_sink comp="1945" pin=0"/></net>

<net id="1952"><net_src comp="236" pin="3"/><net_sink comp="1949" pin=0"/></net>

<net id="1956"><net_src comp="1846" pin="1"/><net_sink comp="1953" pin=0"/></net>

<net id="1960"><net_src comp="243" pin="3"/><net_sink comp="1957" pin=0"/></net>

<net id="1964"><net_src comp="1851" pin="1"/><net_sink comp="1961" pin=0"/></net>

<net id="1968"><net_src comp="250" pin="3"/><net_sink comp="1965" pin=0"/></net>

<net id="1972"><net_src comp="1856" pin="1"/><net_sink comp="1969" pin=0"/></net>

<net id="1976"><net_src comp="257" pin="3"/><net_sink comp="1973" pin=0"/></net>

<net id="1980"><net_src comp="1861" pin="1"/><net_sink comp="1977" pin=0"/></net>

<net id="1984"><net_src comp="264" pin="3"/><net_sink comp="1981" pin=0"/></net>

<net id="1988"><net_src comp="1866" pin="1"/><net_sink comp="1985" pin=0"/></net>

<net id="1992"><net_src comp="271" pin="3"/><net_sink comp="1989" pin=0"/></net>

<net id="1996"><net_src comp="1871" pin="1"/><net_sink comp="1993" pin=0"/></net>

<net id="2000"><net_src comp="278" pin="3"/><net_sink comp="1997" pin=0"/></net>

<net id="2004"><net_src comp="1876" pin="1"/><net_sink comp="2001" pin=0"/></net>

<net id="2008"><net_src comp="285" pin="3"/><net_sink comp="2005" pin=0"/></net>

<net id="2014"><net_src comp="76" pin="0"/><net_sink comp="2009" pin=0"/></net>

<net id="2015"><net_src comp="144" pin="0"/><net_sink comp="2009" pin=2"/></net>

<net id="2019"><net_src comp="2009" pin="3"/><net_sink comp="2016" pin=0"/></net>

<net id="2020"><net_src comp="2016" pin="1"/><net_sink comp="452" pin=2"/></net>

<net id="2021"><net_src comp="2016" pin="1"/><net_sink comp="459" pin=2"/></net>

<net id="2022"><net_src comp="2016" pin="1"/><net_sink comp="466" pin=2"/></net>

<net id="2023"><net_src comp="2016" pin="1"/><net_sink comp="473" pin=2"/></net>

<net id="2024"><net_src comp="2016" pin="1"/><net_sink comp="480" pin=2"/></net>

<net id="2025"><net_src comp="2016" pin="1"/><net_sink comp="487" pin=2"/></net>

<net id="2026"><net_src comp="2016" pin="1"/><net_sink comp="494" pin=2"/></net>

<net id="2027"><net_src comp="2016" pin="1"/><net_sink comp="501" pin=2"/></net>

<net id="2028"><net_src comp="2016" pin="1"/><net_sink comp="508" pin=2"/></net>

<net id="2029"><net_src comp="2016" pin="1"/><net_sink comp="515" pin=2"/></net>

<net id="2030"><net_src comp="2016" pin="1"/><net_sink comp="522" pin=2"/></net>

<net id="2031"><net_src comp="2016" pin="1"/><net_sink comp="529" pin=2"/></net>

<net id="2032"><net_src comp="2016" pin="1"/><net_sink comp="536" pin=2"/></net>

<net id="2033"><net_src comp="2016" pin="1"/><net_sink comp="543" pin=2"/></net>

<net id="2034"><net_src comp="2016" pin="1"/><net_sink comp="550" pin=2"/></net>

<net id="2035"><net_src comp="2016" pin="1"/><net_sink comp="557" pin=2"/></net>

<net id="2039"><net_src comp="1603" pin="1"/><net_sink comp="2036" pin=0"/></net>

<net id="2040"><net_src comp="2036" pin="1"/><net_sink comp="292" pin=4"/></net>

<net id="2044"><net_src comp="1607" pin="1"/><net_sink comp="2041" pin=0"/></net>

<net id="2045"><net_src comp="2041" pin="1"/><net_sink comp="302" pin=4"/></net>

<net id="2049"><net_src comp="1611" pin="1"/><net_sink comp="2046" pin=0"/></net>

<net id="2050"><net_src comp="2046" pin="1"/><net_sink comp="312" pin=4"/></net>

<net id="2054"><net_src comp="1615" pin="1"/><net_sink comp="2051" pin=0"/></net>

<net id="2055"><net_src comp="2051" pin="1"/><net_sink comp="322" pin=4"/></net>

<net id="2059"><net_src comp="1619" pin="1"/><net_sink comp="2056" pin=0"/></net>

<net id="2060"><net_src comp="2056" pin="1"/><net_sink comp="332" pin=4"/></net>

<net id="2064"><net_src comp="1623" pin="1"/><net_sink comp="2061" pin=0"/></net>

<net id="2065"><net_src comp="2061" pin="1"/><net_sink comp="342" pin=4"/></net>

<net id="2069"><net_src comp="1627" pin="1"/><net_sink comp="2066" pin=0"/></net>

<net id="2070"><net_src comp="2066" pin="1"/><net_sink comp="352" pin=4"/></net>

<net id="2074"><net_src comp="1631" pin="1"/><net_sink comp="2071" pin=0"/></net>

<net id="2075"><net_src comp="2071" pin="1"/><net_sink comp="362" pin=4"/></net>

<net id="2079"><net_src comp="1635" pin="1"/><net_sink comp="2076" pin=0"/></net>

<net id="2080"><net_src comp="2076" pin="1"/><net_sink comp="372" pin=4"/></net>

<net id="2084"><net_src comp="1639" pin="1"/><net_sink comp="2081" pin=0"/></net>

<net id="2085"><net_src comp="2081" pin="1"/><net_sink comp="382" pin=4"/></net>

<net id="2089"><net_src comp="1643" pin="1"/><net_sink comp="2086" pin=0"/></net>

<net id="2090"><net_src comp="2086" pin="1"/><net_sink comp="392" pin=4"/></net>

<net id="2094"><net_src comp="1647" pin="1"/><net_sink comp="2091" pin=0"/></net>

<net id="2095"><net_src comp="2091" pin="1"/><net_sink comp="402" pin=4"/></net>

<net id="2099"><net_src comp="1651" pin="1"/><net_sink comp="2096" pin=0"/></net>

<net id="2100"><net_src comp="2096" pin="1"/><net_sink comp="412" pin=4"/></net>

<net id="2104"><net_src comp="1655" pin="1"/><net_sink comp="2101" pin=0"/></net>

<net id="2105"><net_src comp="2101" pin="1"/><net_sink comp="422" pin=4"/></net>

<net id="2109"><net_src comp="1659" pin="1"/><net_sink comp="2106" pin=0"/></net>

<net id="2110"><net_src comp="2106" pin="1"/><net_sink comp="432" pin=4"/></net>

<net id="2114"><net_src comp="1663" pin="1"/><net_sink comp="2111" pin=0"/></net>

<net id="2115"><net_src comp="2111" pin="1"/><net_sink comp="442" pin=4"/></net>

<net id="2119"><net_src comp="1348" pin="2"/><net_sink comp="2116" pin=0"/></net>

<net id="2123"><net_src comp="2036" pin="1"/><net_sink comp="2120" pin=0"/></net>

<net id="2127"><net_src comp="452" pin="3"/><net_sink comp="2124" pin=0"/></net>

<net id="2131"><net_src comp="2041" pin="1"/><net_sink comp="2128" pin=0"/></net>

<net id="2135"><net_src comp="459" pin="3"/><net_sink comp="2132" pin=0"/></net>

<net id="2139"><net_src comp="2046" pin="1"/><net_sink comp="2136" pin=0"/></net>

<net id="2143"><net_src comp="466" pin="3"/><net_sink comp="2140" pin=0"/></net>

<net id="2147"><net_src comp="2051" pin="1"/><net_sink comp="2144" pin=0"/></net>

<net id="2151"><net_src comp="473" pin="3"/><net_sink comp="2148" pin=0"/></net>

<net id="2155"><net_src comp="2056" pin="1"/><net_sink comp="2152" pin=0"/></net>

<net id="2159"><net_src comp="480" pin="3"/><net_sink comp="2156" pin=0"/></net>

<net id="2163"><net_src comp="2061" pin="1"/><net_sink comp="2160" pin=0"/></net>

<net id="2167"><net_src comp="487" pin="3"/><net_sink comp="2164" pin=0"/></net>

<net id="2171"><net_src comp="2066" pin="1"/><net_sink comp="2168" pin=0"/></net>

<net id="2175"><net_src comp="494" pin="3"/><net_sink comp="2172" pin=0"/></net>

<net id="2179"><net_src comp="2071" pin="1"/><net_sink comp="2176" pin=0"/></net>

<net id="2183"><net_src comp="501" pin="3"/><net_sink comp="2180" pin=0"/></net>

<net id="2187"><net_src comp="2076" pin="1"/><net_sink comp="2184" pin=0"/></net>

<net id="2191"><net_src comp="508" pin="3"/><net_sink comp="2188" pin=0"/></net>

<net id="2195"><net_src comp="2081" pin="1"/><net_sink comp="2192" pin=0"/></net>

<net id="2199"><net_src comp="515" pin="3"/><net_sink comp="2196" pin=0"/></net>

<net id="2203"><net_src comp="2086" pin="1"/><net_sink comp="2200" pin=0"/></net>

<net id="2207"><net_src comp="522" pin="3"/><net_sink comp="2204" pin=0"/></net>

<net id="2211"><net_src comp="2091" pin="1"/><net_sink comp="2208" pin=0"/></net>

<net id="2215"><net_src comp="529" pin="3"/><net_sink comp="2212" pin=0"/></net>

<net id="2219"><net_src comp="2096" pin="1"/><net_sink comp="2216" pin=0"/></net>

<net id="2223"><net_src comp="536" pin="3"/><net_sink comp="2220" pin=0"/></net>

<net id="2227"><net_src comp="2101" pin="1"/><net_sink comp="2224" pin=0"/></net>

<net id="2231"><net_src comp="543" pin="3"/><net_sink comp="2228" pin=0"/></net>

<net id="2235"><net_src comp="2106" pin="1"/><net_sink comp="2232" pin=0"/></net>

<net id="2239"><net_src comp="550" pin="3"/><net_sink comp="2236" pin=0"/></net>

<net id="2243"><net_src comp="2111" pin="1"/><net_sink comp="2240" pin=0"/></net>

<net id="2247"><net_src comp="557" pin="3"/><net_sink comp="2244" pin=0"/></net>

<net id="2253"><net_src comp="76" pin="0"/><net_sink comp="2248" pin=0"/></net>

<net id="2254"><net_src comp="146" pin="0"/><net_sink comp="2248" pin=2"/></net>

<net id="2258"><net_src comp="2248" pin="3"/><net_sink comp="2255" pin=0"/></net>

<net id="2259"><net_src comp="2255" pin="1"/><net_sink comp="580" pin=2"/></net>

<net id="2260"><net_src comp="2255" pin="1"/><net_sink comp="587" pin=2"/></net>

<net id="2261"><net_src comp="2255" pin="1"/><net_sink comp="594" pin=2"/></net>

<net id="2262"><net_src comp="2255" pin="1"/><net_sink comp="601" pin=2"/></net>

<net id="2263"><net_src comp="2255" pin="1"/><net_sink comp="608" pin=2"/></net>

<net id="2264"><net_src comp="2255" pin="1"/><net_sink comp="615" pin=2"/></net>

<net id="2265"><net_src comp="2255" pin="1"/><net_sink comp="622" pin=2"/></net>

<net id="2266"><net_src comp="2255" pin="1"/><net_sink comp="629" pin=2"/></net>

<net id="2267"><net_src comp="2255" pin="1"/><net_sink comp="636" pin=2"/></net>

<net id="2268"><net_src comp="2255" pin="1"/><net_sink comp="643" pin=2"/></net>

<net id="2269"><net_src comp="2255" pin="1"/><net_sink comp="650" pin=2"/></net>

<net id="2270"><net_src comp="2255" pin="1"/><net_sink comp="657" pin=2"/></net>

<net id="2271"><net_src comp="2255" pin="1"/><net_sink comp="664" pin=2"/></net>

<net id="2272"><net_src comp="2255" pin="1"/><net_sink comp="671" pin=2"/></net>

<net id="2273"><net_src comp="2255" pin="1"/><net_sink comp="678" pin=2"/></net>

<net id="2274"><net_src comp="2255" pin="1"/><net_sink comp="685" pin=2"/></net>

<net id="2278"><net_src comp="2275" pin="1"/><net_sink comp="292" pin=4"/></net>

<net id="2282"><net_src comp="1667" pin="1"/><net_sink comp="2279" pin=0"/></net>

<net id="2283"><net_src comp="2279" pin="1"/><net_sink comp="302" pin=4"/></net>

<net id="2287"><net_src comp="1671" pin="1"/><net_sink comp="2284" pin=0"/></net>

<net id="2288"><net_src comp="2284" pin="1"/><net_sink comp="312" pin=4"/></net>

<net id="2292"><net_src comp="1675" pin="1"/><net_sink comp="2289" pin=0"/></net>

<net id="2293"><net_src comp="2289" pin="1"/><net_sink comp="322" pin=4"/></net>

<net id="2297"><net_src comp="1679" pin="1"/><net_sink comp="2294" pin=0"/></net>

<net id="2298"><net_src comp="2294" pin="1"/><net_sink comp="332" pin=4"/></net>

<net id="2302"><net_src comp="1683" pin="1"/><net_sink comp="2299" pin=0"/></net>

<net id="2303"><net_src comp="2299" pin="1"/><net_sink comp="342" pin=4"/></net>

<net id="2307"><net_src comp="1687" pin="1"/><net_sink comp="2304" pin=0"/></net>

<net id="2308"><net_src comp="2304" pin="1"/><net_sink comp="352" pin=4"/></net>

<net id="2312"><net_src comp="1691" pin="1"/><net_sink comp="2309" pin=0"/></net>

<net id="2313"><net_src comp="2309" pin="1"/><net_sink comp="362" pin=4"/></net>

<net id="2317"><net_src comp="1695" pin="1"/><net_sink comp="2314" pin=0"/></net>

<net id="2318"><net_src comp="2314" pin="1"/><net_sink comp="372" pin=4"/></net>

<net id="2322"><net_src comp="1699" pin="1"/><net_sink comp="2319" pin=0"/></net>

<net id="2323"><net_src comp="2319" pin="1"/><net_sink comp="382" pin=4"/></net>

<net id="2327"><net_src comp="1703" pin="1"/><net_sink comp="2324" pin=0"/></net>

<net id="2328"><net_src comp="2324" pin="1"/><net_sink comp="392" pin=4"/></net>

<net id="2332"><net_src comp="1707" pin="1"/><net_sink comp="2329" pin=0"/></net>

<net id="2333"><net_src comp="2329" pin="1"/><net_sink comp="402" pin=4"/></net>

<net id="2337"><net_src comp="1711" pin="1"/><net_sink comp="2334" pin=0"/></net>

<net id="2338"><net_src comp="2334" pin="1"/><net_sink comp="412" pin=4"/></net>

<net id="2342"><net_src comp="1715" pin="1"/><net_sink comp="2339" pin=0"/></net>

<net id="2343"><net_src comp="2339" pin="1"/><net_sink comp="422" pin=4"/></net>

<net id="2347"><net_src comp="1719" pin="1"/><net_sink comp="2344" pin=0"/></net>

<net id="2348"><net_src comp="2344" pin="1"/><net_sink comp="432" pin=4"/></net>

<net id="2352"><net_src comp="1723" pin="1"/><net_sink comp="2349" pin=0"/></net>

<net id="2353"><net_src comp="2349" pin="1"/><net_sink comp="442" pin=4"/></net>

<net id="2357"><net_src comp="1348" pin="2"/><net_sink comp="2354" pin=0"/></net>

<net id="2361"><net_src comp="2275" pin="1"/><net_sink comp="2358" pin=0"/></net>

<net id="2365"><net_src comp="580" pin="3"/><net_sink comp="2362" pin=0"/></net>

<net id="2369"><net_src comp="2279" pin="1"/><net_sink comp="2366" pin=0"/></net>

<net id="2373"><net_src comp="587" pin="3"/><net_sink comp="2370" pin=0"/></net>

<net id="2377"><net_src comp="2284" pin="1"/><net_sink comp="2374" pin=0"/></net>

<net id="2381"><net_src comp="594" pin="3"/><net_sink comp="2378" pin=0"/></net>

<net id="2385"><net_src comp="2289" pin="1"/><net_sink comp="2382" pin=0"/></net>

<net id="2389"><net_src comp="601" pin="3"/><net_sink comp="2386" pin=0"/></net>

<net id="2393"><net_src comp="2294" pin="1"/><net_sink comp="2390" pin=0"/></net>

<net id="2397"><net_src comp="608" pin="3"/><net_sink comp="2394" pin=0"/></net>

<net id="2401"><net_src comp="2299" pin="1"/><net_sink comp="2398" pin=0"/></net>

<net id="2405"><net_src comp="615" pin="3"/><net_sink comp="2402" pin=0"/></net>

<net id="2409"><net_src comp="2304" pin="1"/><net_sink comp="2406" pin=0"/></net>

<net id="2413"><net_src comp="622" pin="3"/><net_sink comp="2410" pin=0"/></net>

<net id="2417"><net_src comp="2309" pin="1"/><net_sink comp="2414" pin=0"/></net>

<net id="2421"><net_src comp="629" pin="3"/><net_sink comp="2418" pin=0"/></net>

<net id="2425"><net_src comp="2314" pin="1"/><net_sink comp="2422" pin=0"/></net>

<net id="2429"><net_src comp="636" pin="3"/><net_sink comp="2426" pin=0"/></net>

<net id="2433"><net_src comp="2319" pin="1"/><net_sink comp="2430" pin=0"/></net>

<net id="2437"><net_src comp="643" pin="3"/><net_sink comp="2434" pin=0"/></net>

<net id="2441"><net_src comp="2324" pin="1"/><net_sink comp="2438" pin=0"/></net>

<net id="2445"><net_src comp="650" pin="3"/><net_sink comp="2442" pin=0"/></net>

<net id="2449"><net_src comp="2329" pin="1"/><net_sink comp="2446" pin=0"/></net>

<net id="2453"><net_src comp="657" pin="3"/><net_sink comp="2450" pin=0"/></net>

<net id="2457"><net_src comp="2334" pin="1"/><net_sink comp="2454" pin=0"/></net>

<net id="2461"><net_src comp="664" pin="3"/><net_sink comp="2458" pin=0"/></net>

<net id="2465"><net_src comp="2339" pin="1"/><net_sink comp="2462" pin=0"/></net>

<net id="2469"><net_src comp="671" pin="3"/><net_sink comp="2466" pin=0"/></net>

<net id="2473"><net_src comp="2344" pin="1"/><net_sink comp="2470" pin=0"/></net>

<net id="2477"><net_src comp="678" pin="3"/><net_sink comp="2474" pin=0"/></net>

<net id="2481"><net_src comp="2349" pin="1"/><net_sink comp="2478" pin=0"/></net>

<net id="2485"><net_src comp="685" pin="3"/><net_sink comp="2482" pin=0"/></net>

<net id="2491"><net_src comp="76" pin="0"/><net_sink comp="2486" pin=0"/></net>

<net id="2492"><net_src comp="148" pin="0"/><net_sink comp="2486" pin=2"/></net>

<net id="2496"><net_src comp="2486" pin="3"/><net_sink comp="2493" pin=0"/></net>

<net id="2497"><net_src comp="2493" pin="1"/><net_sink comp="708" pin=2"/></net>

<net id="2498"><net_src comp="2493" pin="1"/><net_sink comp="715" pin=2"/></net>

<net id="2499"><net_src comp="2493" pin="1"/><net_sink comp="722" pin=2"/></net>

<net id="2500"><net_src comp="2493" pin="1"/><net_sink comp="729" pin=2"/></net>

<net id="2501"><net_src comp="2493" pin="1"/><net_sink comp="736" pin=2"/></net>

<net id="2502"><net_src comp="2493" pin="1"/><net_sink comp="743" pin=2"/></net>

<net id="2503"><net_src comp="2493" pin="1"/><net_sink comp="750" pin=2"/></net>

<net id="2504"><net_src comp="2493" pin="1"/><net_sink comp="757" pin=2"/></net>

<net id="2505"><net_src comp="2493" pin="1"/><net_sink comp="764" pin=2"/></net>

<net id="2506"><net_src comp="2493" pin="1"/><net_sink comp="771" pin=2"/></net>

<net id="2507"><net_src comp="2493" pin="1"/><net_sink comp="778" pin=2"/></net>

<net id="2508"><net_src comp="2493" pin="1"/><net_sink comp="785" pin=2"/></net>

<net id="2509"><net_src comp="2493" pin="1"/><net_sink comp="792" pin=2"/></net>

<net id="2510"><net_src comp="2493" pin="1"/><net_sink comp="799" pin=2"/></net>

<net id="2511"><net_src comp="2493" pin="1"/><net_sink comp="806" pin=2"/></net>

<net id="2512"><net_src comp="2493" pin="1"/><net_sink comp="813" pin=2"/></net>

<net id="2516"><net_src comp="1603" pin="1"/><net_sink comp="2513" pin=0"/></net>

<net id="2517"><net_src comp="2513" pin="1"/><net_sink comp="292" pin=4"/></net>

<net id="2521"><net_src comp="1607" pin="1"/><net_sink comp="2518" pin=0"/></net>

<net id="2522"><net_src comp="2518" pin="1"/><net_sink comp="302" pin=4"/></net>

<net id="2526"><net_src comp="1611" pin="1"/><net_sink comp="2523" pin=0"/></net>

<net id="2527"><net_src comp="2523" pin="1"/><net_sink comp="312" pin=4"/></net>

<net id="2531"><net_src comp="1615" pin="1"/><net_sink comp="2528" pin=0"/></net>

<net id="2532"><net_src comp="2528" pin="1"/><net_sink comp="322" pin=4"/></net>

<net id="2536"><net_src comp="1619" pin="1"/><net_sink comp="2533" pin=0"/></net>

<net id="2537"><net_src comp="2533" pin="1"/><net_sink comp="332" pin=4"/></net>

<net id="2541"><net_src comp="1623" pin="1"/><net_sink comp="2538" pin=0"/></net>

<net id="2542"><net_src comp="2538" pin="1"/><net_sink comp="342" pin=4"/></net>

<net id="2546"><net_src comp="1627" pin="1"/><net_sink comp="2543" pin=0"/></net>

<net id="2547"><net_src comp="2543" pin="1"/><net_sink comp="352" pin=4"/></net>

<net id="2551"><net_src comp="1631" pin="1"/><net_sink comp="2548" pin=0"/></net>

<net id="2552"><net_src comp="2548" pin="1"/><net_sink comp="362" pin=4"/></net>

<net id="2556"><net_src comp="1635" pin="1"/><net_sink comp="2553" pin=0"/></net>

<net id="2557"><net_src comp="2553" pin="1"/><net_sink comp="372" pin=4"/></net>

<net id="2561"><net_src comp="1639" pin="1"/><net_sink comp="2558" pin=0"/></net>

<net id="2562"><net_src comp="2558" pin="1"/><net_sink comp="382" pin=4"/></net>

<net id="2566"><net_src comp="1643" pin="1"/><net_sink comp="2563" pin=0"/></net>

<net id="2567"><net_src comp="2563" pin="1"/><net_sink comp="392" pin=4"/></net>

<net id="2571"><net_src comp="1647" pin="1"/><net_sink comp="2568" pin=0"/></net>

<net id="2572"><net_src comp="2568" pin="1"/><net_sink comp="402" pin=4"/></net>

<net id="2576"><net_src comp="1651" pin="1"/><net_sink comp="2573" pin=0"/></net>

<net id="2577"><net_src comp="2573" pin="1"/><net_sink comp="412" pin=4"/></net>

<net id="2581"><net_src comp="1655" pin="1"/><net_sink comp="2578" pin=0"/></net>

<net id="2582"><net_src comp="2578" pin="1"/><net_sink comp="422" pin=4"/></net>

<net id="2586"><net_src comp="1659" pin="1"/><net_sink comp="2583" pin=0"/></net>

<net id="2587"><net_src comp="2583" pin="1"/><net_sink comp="432" pin=4"/></net>

<net id="2591"><net_src comp="1663" pin="1"/><net_sink comp="2588" pin=0"/></net>

<net id="2592"><net_src comp="2588" pin="1"/><net_sink comp="442" pin=4"/></net>

<net id="2596"><net_src comp="1348" pin="2"/><net_sink comp="2593" pin=0"/></net>

<net id="2600"><net_src comp="2513" pin="1"/><net_sink comp="2597" pin=0"/></net>

<net id="2604"><net_src comp="708" pin="3"/><net_sink comp="2601" pin=0"/></net>

<net id="2608"><net_src comp="2518" pin="1"/><net_sink comp="2605" pin=0"/></net>

<net id="2612"><net_src comp="715" pin="3"/><net_sink comp="2609" pin=0"/></net>

<net id="2616"><net_src comp="2523" pin="1"/><net_sink comp="2613" pin=0"/></net>

<net id="2620"><net_src comp="722" pin="3"/><net_sink comp="2617" pin=0"/></net>

<net id="2624"><net_src comp="2528" pin="1"/><net_sink comp="2621" pin=0"/></net>

<net id="2628"><net_src comp="729" pin="3"/><net_sink comp="2625" pin=0"/></net>

<net id="2632"><net_src comp="2533" pin="1"/><net_sink comp="2629" pin=0"/></net>

<net id="2636"><net_src comp="736" pin="3"/><net_sink comp="2633" pin=0"/></net>

<net id="2640"><net_src comp="2538" pin="1"/><net_sink comp="2637" pin=0"/></net>

<net id="2644"><net_src comp="743" pin="3"/><net_sink comp="2641" pin=0"/></net>

<net id="2648"><net_src comp="2543" pin="1"/><net_sink comp="2645" pin=0"/></net>

<net id="2652"><net_src comp="750" pin="3"/><net_sink comp="2649" pin=0"/></net>

<net id="2656"><net_src comp="2548" pin="1"/><net_sink comp="2653" pin=0"/></net>

<net id="2660"><net_src comp="757" pin="3"/><net_sink comp="2657" pin=0"/></net>

<net id="2664"><net_src comp="2553" pin="1"/><net_sink comp="2661" pin=0"/></net>

<net id="2668"><net_src comp="764" pin="3"/><net_sink comp="2665" pin=0"/></net>

<net id="2672"><net_src comp="2558" pin="1"/><net_sink comp="2669" pin=0"/></net>

<net id="2676"><net_src comp="771" pin="3"/><net_sink comp="2673" pin=0"/></net>

<net id="2680"><net_src comp="2563" pin="1"/><net_sink comp="2677" pin=0"/></net>

<net id="2684"><net_src comp="778" pin="3"/><net_sink comp="2681" pin=0"/></net>

<net id="2688"><net_src comp="2568" pin="1"/><net_sink comp="2685" pin=0"/></net>

<net id="2692"><net_src comp="785" pin="3"/><net_sink comp="2689" pin=0"/></net>

<net id="2696"><net_src comp="2573" pin="1"/><net_sink comp="2693" pin=0"/></net>

<net id="2700"><net_src comp="792" pin="3"/><net_sink comp="2697" pin=0"/></net>

<net id="2704"><net_src comp="2578" pin="1"/><net_sink comp="2701" pin=0"/></net>

<net id="2708"><net_src comp="799" pin="3"/><net_sink comp="2705" pin=0"/></net>

<net id="2712"><net_src comp="2583" pin="1"/><net_sink comp="2709" pin=0"/></net>

<net id="2716"><net_src comp="806" pin="3"/><net_sink comp="2713" pin=0"/></net>

<net id="2720"><net_src comp="2588" pin="1"/><net_sink comp="2717" pin=0"/></net>

<net id="2724"><net_src comp="813" pin="3"/><net_sink comp="2721" pin=0"/></net>

<net id="2730"><net_src comp="76" pin="0"/><net_sink comp="2725" pin=0"/></net>

<net id="2731"><net_src comp="150" pin="0"/><net_sink comp="2725" pin=2"/></net>

<net id="2735"><net_src comp="2725" pin="3"/><net_sink comp="2732" pin=0"/></net>

<net id="2736"><net_src comp="2732" pin="1"/><net_sink comp="836" pin=2"/></net>

<net id="2737"><net_src comp="2732" pin="1"/><net_sink comp="843" pin=2"/></net>

<net id="2738"><net_src comp="2732" pin="1"/><net_sink comp="850" pin=2"/></net>

<net id="2739"><net_src comp="2732" pin="1"/><net_sink comp="857" pin=2"/></net>

<net id="2740"><net_src comp="2732" pin="1"/><net_sink comp="864" pin=2"/></net>

<net id="2741"><net_src comp="2732" pin="1"/><net_sink comp="871" pin=2"/></net>

<net id="2742"><net_src comp="2732" pin="1"/><net_sink comp="878" pin=2"/></net>

<net id="2743"><net_src comp="2732" pin="1"/><net_sink comp="885" pin=2"/></net>

<net id="2744"><net_src comp="2732" pin="1"/><net_sink comp="892" pin=2"/></net>

<net id="2745"><net_src comp="2732" pin="1"/><net_sink comp="899" pin=2"/></net>

<net id="2746"><net_src comp="2732" pin="1"/><net_sink comp="906" pin=2"/></net>

<net id="2747"><net_src comp="2732" pin="1"/><net_sink comp="913" pin=2"/></net>

<net id="2748"><net_src comp="2732" pin="1"/><net_sink comp="920" pin=2"/></net>

<net id="2749"><net_src comp="2732" pin="1"/><net_sink comp="927" pin=2"/></net>

<net id="2750"><net_src comp="2732" pin="1"/><net_sink comp="934" pin=2"/></net>

<net id="2751"><net_src comp="2732" pin="1"/><net_sink comp="941" pin=2"/></net>

<net id="2755"><net_src comp="2752" pin="1"/><net_sink comp="292" pin=4"/></net>

<net id="2759"><net_src comp="1667" pin="1"/><net_sink comp="2756" pin=0"/></net>

<net id="2760"><net_src comp="2756" pin="1"/><net_sink comp="302" pin=4"/></net>

<net id="2764"><net_src comp="1671" pin="1"/><net_sink comp="2761" pin=0"/></net>

<net id="2765"><net_src comp="2761" pin="1"/><net_sink comp="312" pin=4"/></net>

<net id="2769"><net_src comp="1675" pin="1"/><net_sink comp="2766" pin=0"/></net>

<net id="2770"><net_src comp="2766" pin="1"/><net_sink comp="322" pin=4"/></net>

<net id="2774"><net_src comp="1679" pin="1"/><net_sink comp="2771" pin=0"/></net>

<net id="2775"><net_src comp="2771" pin="1"/><net_sink comp="332" pin=4"/></net>

<net id="2779"><net_src comp="1683" pin="1"/><net_sink comp="2776" pin=0"/></net>

<net id="2780"><net_src comp="2776" pin="1"/><net_sink comp="342" pin=4"/></net>

<net id="2784"><net_src comp="1687" pin="1"/><net_sink comp="2781" pin=0"/></net>

<net id="2785"><net_src comp="2781" pin="1"/><net_sink comp="352" pin=4"/></net>

<net id="2789"><net_src comp="1691" pin="1"/><net_sink comp="2786" pin=0"/></net>

<net id="2790"><net_src comp="2786" pin="1"/><net_sink comp="362" pin=4"/></net>

<net id="2794"><net_src comp="1695" pin="1"/><net_sink comp="2791" pin=0"/></net>

<net id="2795"><net_src comp="2791" pin="1"/><net_sink comp="372" pin=4"/></net>

<net id="2799"><net_src comp="1699" pin="1"/><net_sink comp="2796" pin=0"/></net>

<net id="2800"><net_src comp="2796" pin="1"/><net_sink comp="382" pin=4"/></net>

<net id="2804"><net_src comp="1703" pin="1"/><net_sink comp="2801" pin=0"/></net>

<net id="2805"><net_src comp="2801" pin="1"/><net_sink comp="392" pin=4"/></net>

<net id="2809"><net_src comp="1707" pin="1"/><net_sink comp="2806" pin=0"/></net>

<net id="2810"><net_src comp="2806" pin="1"/><net_sink comp="402" pin=4"/></net>

<net id="2814"><net_src comp="1711" pin="1"/><net_sink comp="2811" pin=0"/></net>

<net id="2815"><net_src comp="2811" pin="1"/><net_sink comp="412" pin=4"/></net>

<net id="2819"><net_src comp="1715" pin="1"/><net_sink comp="2816" pin=0"/></net>

<net id="2820"><net_src comp="2816" pin="1"/><net_sink comp="422" pin=4"/></net>

<net id="2824"><net_src comp="1719" pin="1"/><net_sink comp="2821" pin=0"/></net>

<net id="2825"><net_src comp="2821" pin="1"/><net_sink comp="432" pin=4"/></net>

<net id="2829"><net_src comp="1723" pin="1"/><net_sink comp="2826" pin=0"/></net>

<net id="2830"><net_src comp="2826" pin="1"/><net_sink comp="442" pin=4"/></net>

<net id="2834"><net_src comp="2752" pin="1"/><net_sink comp="2831" pin=0"/></net>

<net id="2838"><net_src comp="836" pin="3"/><net_sink comp="2835" pin=0"/></net>

<net id="2842"><net_src comp="2756" pin="1"/><net_sink comp="2839" pin=0"/></net>

<net id="2846"><net_src comp="843" pin="3"/><net_sink comp="2843" pin=0"/></net>

<net id="2850"><net_src comp="2761" pin="1"/><net_sink comp="2847" pin=0"/></net>

<net id="2854"><net_src comp="850" pin="3"/><net_sink comp="2851" pin=0"/></net>

<net id="2858"><net_src comp="2766" pin="1"/><net_sink comp="2855" pin=0"/></net>

<net id="2862"><net_src comp="857" pin="3"/><net_sink comp="2859" pin=0"/></net>

<net id="2866"><net_src comp="2771" pin="1"/><net_sink comp="2863" pin=0"/></net>

<net id="2870"><net_src comp="864" pin="3"/><net_sink comp="2867" pin=0"/></net>

<net id="2874"><net_src comp="2776" pin="1"/><net_sink comp="2871" pin=0"/></net>

<net id="2878"><net_src comp="871" pin="3"/><net_sink comp="2875" pin=0"/></net>

<net id="2882"><net_src comp="2781" pin="1"/><net_sink comp="2879" pin=0"/></net>

<net id="2886"><net_src comp="878" pin="3"/><net_sink comp="2883" pin=0"/></net>

<net id="2890"><net_src comp="2786" pin="1"/><net_sink comp="2887" pin=0"/></net>

<net id="2894"><net_src comp="885" pin="3"/><net_sink comp="2891" pin=0"/></net>

<net id="2898"><net_src comp="2791" pin="1"/><net_sink comp="2895" pin=0"/></net>

<net id="2902"><net_src comp="892" pin="3"/><net_sink comp="2899" pin=0"/></net>

<net id="2906"><net_src comp="2796" pin="1"/><net_sink comp="2903" pin=0"/></net>

<net id="2910"><net_src comp="899" pin="3"/><net_sink comp="2907" pin=0"/></net>

<net id="2914"><net_src comp="2801" pin="1"/><net_sink comp="2911" pin=0"/></net>

<net id="2918"><net_src comp="906" pin="3"/><net_sink comp="2915" pin=0"/></net>

<net id="2922"><net_src comp="2806" pin="1"/><net_sink comp="2919" pin=0"/></net>

<net id="2926"><net_src comp="913" pin="3"/><net_sink comp="2923" pin=0"/></net>

<net id="2930"><net_src comp="2811" pin="1"/><net_sink comp="2927" pin=0"/></net>

<net id="2934"><net_src comp="920" pin="3"/><net_sink comp="2931" pin=0"/></net>

<net id="2938"><net_src comp="2816" pin="1"/><net_sink comp="2935" pin=0"/></net>

<net id="2942"><net_src comp="927" pin="3"/><net_sink comp="2939" pin=0"/></net>

<net id="2946"><net_src comp="2821" pin="1"/><net_sink comp="2943" pin=0"/></net>

<net id="2950"><net_src comp="934" pin="3"/><net_sink comp="2947" pin=0"/></net>

<net id="2954"><net_src comp="2826" pin="1"/><net_sink comp="2951" pin=0"/></net>

<net id="2958"><net_src comp="941" pin="3"/><net_sink comp="2955" pin=0"/></net>

<net id="2964"><net_src comp="76" pin="0"/><net_sink comp="2959" pin=0"/></net>

<net id="2965"><net_src comp="152" pin="0"/><net_sink comp="2959" pin=2"/></net>

<net id="2969"><net_src comp="2959" pin="3"/><net_sink comp="2966" pin=0"/></net>

<net id="2970"><net_src comp="2966" pin="1"/><net_sink comp="964" pin=2"/></net>

<net id="2971"><net_src comp="2966" pin="1"/><net_sink comp="971" pin=2"/></net>

<net id="2972"><net_src comp="2966" pin="1"/><net_sink comp="978" pin=2"/></net>

<net id="2973"><net_src comp="2966" pin="1"/><net_sink comp="985" pin=2"/></net>

<net id="2974"><net_src comp="2966" pin="1"/><net_sink comp="992" pin=2"/></net>

<net id="2975"><net_src comp="2966" pin="1"/><net_sink comp="999" pin=2"/></net>

<net id="2976"><net_src comp="2966" pin="1"/><net_sink comp="1006" pin=2"/></net>

<net id="2977"><net_src comp="2966" pin="1"/><net_sink comp="1013" pin=2"/></net>

<net id="2978"><net_src comp="2966" pin="1"/><net_sink comp="1020" pin=2"/></net>

<net id="2979"><net_src comp="2966" pin="1"/><net_sink comp="1027" pin=2"/></net>

<net id="2980"><net_src comp="2966" pin="1"/><net_sink comp="1034" pin=2"/></net>

<net id="2981"><net_src comp="2966" pin="1"/><net_sink comp="1041" pin=2"/></net>

<net id="2982"><net_src comp="2966" pin="1"/><net_sink comp="1048" pin=2"/></net>

<net id="2983"><net_src comp="2966" pin="1"/><net_sink comp="1055" pin=2"/></net>

<net id="2984"><net_src comp="2966" pin="1"/><net_sink comp="1062" pin=2"/></net>

<net id="2985"><net_src comp="2966" pin="1"/><net_sink comp="1069" pin=2"/></net>

<net id="2989"><net_src comp="2986" pin="1"/><net_sink comp="292" pin=4"/></net>

<net id="2993"><net_src comp="2990" pin="1"/><net_sink comp="302" pin=4"/></net>

<net id="2997"><net_src comp="2994" pin="1"/><net_sink comp="312" pin=4"/></net>

<net id="3001"><net_src comp="2998" pin="1"/><net_sink comp="322" pin=4"/></net>

<net id="3005"><net_src comp="3002" pin="1"/><net_sink comp="332" pin=4"/></net>

<net id="3009"><net_src comp="3006" pin="1"/><net_sink comp="342" pin=4"/></net>

<net id="3013"><net_src comp="3010" pin="1"/><net_sink comp="352" pin=4"/></net>

<net id="3017"><net_src comp="3014" pin="1"/><net_sink comp="362" pin=4"/></net>

<net id="3021"><net_src comp="3018" pin="1"/><net_sink comp="372" pin=4"/></net>

<net id="3025"><net_src comp="3022" pin="1"/><net_sink comp="382" pin=4"/></net>

<net id="3029"><net_src comp="3026" pin="1"/><net_sink comp="392" pin=4"/></net>

<net id="3033"><net_src comp="3030" pin="1"/><net_sink comp="402" pin=4"/></net>

<net id="3037"><net_src comp="3034" pin="1"/><net_sink comp="412" pin=4"/></net>

<net id="3041"><net_src comp="3038" pin="1"/><net_sink comp="422" pin=4"/></net>

<net id="3045"><net_src comp="3042" pin="1"/><net_sink comp="432" pin=4"/></net>

<net id="3049"><net_src comp="3046" pin="1"/><net_sink comp="442" pin=4"/></net>

<net id="3053"><net_src comp="2986" pin="1"/><net_sink comp="3050" pin=0"/></net>

<net id="3057"><net_src comp="964" pin="3"/><net_sink comp="3054" pin=0"/></net>

<net id="3061"><net_src comp="2990" pin="1"/><net_sink comp="3058" pin=0"/></net>

<net id="3065"><net_src comp="971" pin="3"/><net_sink comp="3062" pin=0"/></net>

<net id="3069"><net_src comp="2994" pin="1"/><net_sink comp="3066" pin=0"/></net>

<net id="3073"><net_src comp="978" pin="3"/><net_sink comp="3070" pin=0"/></net>

<net id="3077"><net_src comp="2998" pin="1"/><net_sink comp="3074" pin=0"/></net>

<net id="3081"><net_src comp="985" pin="3"/><net_sink comp="3078" pin=0"/></net>

<net id="3085"><net_src comp="3002" pin="1"/><net_sink comp="3082" pin=0"/></net>

<net id="3089"><net_src comp="992" pin="3"/><net_sink comp="3086" pin=0"/></net>

<net id="3093"><net_src comp="3006" pin="1"/><net_sink comp="3090" pin=0"/></net>

<net id="3097"><net_src comp="999" pin="3"/><net_sink comp="3094" pin=0"/></net>

<net id="3101"><net_src comp="3010" pin="1"/><net_sink comp="3098" pin=0"/></net>

<net id="3105"><net_src comp="1006" pin="3"/><net_sink comp="3102" pin=0"/></net>

<net id="3109"><net_src comp="3014" pin="1"/><net_sink comp="3106" pin=0"/></net>

<net id="3113"><net_src comp="1013" pin="3"/><net_sink comp="3110" pin=0"/></net>

<net id="3117"><net_src comp="3018" pin="1"/><net_sink comp="3114" pin=0"/></net>

<net id="3121"><net_src comp="1020" pin="3"/><net_sink comp="3118" pin=0"/></net>

<net id="3125"><net_src comp="3022" pin="1"/><net_sink comp="3122" pin=0"/></net>

<net id="3129"><net_src comp="1027" pin="3"/><net_sink comp="3126" pin=0"/></net>

<net id="3133"><net_src comp="3026" pin="1"/><net_sink comp="3130" pin=0"/></net>

<net id="3137"><net_src comp="1034" pin="3"/><net_sink comp="3134" pin=0"/></net>

<net id="3141"><net_src comp="3030" pin="1"/><net_sink comp="3138" pin=0"/></net>

<net id="3145"><net_src comp="1041" pin="3"/><net_sink comp="3142" pin=0"/></net>

<net id="3149"><net_src comp="3034" pin="1"/><net_sink comp="3146" pin=0"/></net>

<net id="3153"><net_src comp="1048" pin="3"/><net_sink comp="3150" pin=0"/></net>

<net id="3157"><net_src comp="3038" pin="1"/><net_sink comp="3154" pin=0"/></net>

<net id="3161"><net_src comp="1055" pin="3"/><net_sink comp="3158" pin=0"/></net>

<net id="3165"><net_src comp="3042" pin="1"/><net_sink comp="3162" pin=0"/></net>

<net id="3169"><net_src comp="1062" pin="3"/><net_sink comp="3166" pin=0"/></net>

<net id="3173"><net_src comp="3046" pin="1"/><net_sink comp="3170" pin=0"/></net>

<net id="3177"><net_src comp="1069" pin="3"/><net_sink comp="3174" pin=0"/></net>

<net id="3183"><net_src comp="76" pin="0"/><net_sink comp="3178" pin=0"/></net>

<net id="3184"><net_src comp="154" pin="0"/><net_sink comp="3178" pin=2"/></net>

<net id="3188"><net_src comp="3178" pin="3"/><net_sink comp="3185" pin=0"/></net>

<net id="3189"><net_src comp="3185" pin="1"/><net_sink comp="1092" pin=2"/></net>

<net id="3190"><net_src comp="3185" pin="1"/><net_sink comp="1099" pin=2"/></net>

<net id="3191"><net_src comp="3185" pin="1"/><net_sink comp="1106" pin=2"/></net>

<net id="3192"><net_src comp="3185" pin="1"/><net_sink comp="1113" pin=2"/></net>

<net id="3193"><net_src comp="3185" pin="1"/><net_sink comp="1120" pin=2"/></net>

<net id="3194"><net_src comp="3185" pin="1"/><net_sink comp="1127" pin=2"/></net>

<net id="3195"><net_src comp="3185" pin="1"/><net_sink comp="1134" pin=2"/></net>

<net id="3196"><net_src comp="3185" pin="1"/><net_sink comp="1141" pin=2"/></net>

<net id="3197"><net_src comp="3185" pin="1"/><net_sink comp="1148" pin=2"/></net>

<net id="3198"><net_src comp="3185" pin="1"/><net_sink comp="1155" pin=2"/></net>

<net id="3199"><net_src comp="3185" pin="1"/><net_sink comp="1162" pin=2"/></net>

<net id="3200"><net_src comp="3185" pin="1"/><net_sink comp="1169" pin=2"/></net>

<net id="3201"><net_src comp="3185" pin="1"/><net_sink comp="1176" pin=2"/></net>

<net id="3202"><net_src comp="3185" pin="1"/><net_sink comp="1183" pin=2"/></net>

<net id="3203"><net_src comp="3185" pin="1"/><net_sink comp="1190" pin=2"/></net>

<net id="3204"><net_src comp="3185" pin="1"/><net_sink comp="1197" pin=2"/></net>

<net id="3208"><net_src comp="3205" pin="1"/><net_sink comp="292" pin=4"/></net>

<net id="3212"><net_src comp="3209" pin="1"/><net_sink comp="302" pin=4"/></net>

<net id="3216"><net_src comp="3213" pin="1"/><net_sink comp="312" pin=4"/></net>

<net id="3220"><net_src comp="3217" pin="1"/><net_sink comp="322" pin=4"/></net>

<net id="3224"><net_src comp="3221" pin="1"/><net_sink comp="332" pin=4"/></net>

<net id="3228"><net_src comp="3225" pin="1"/><net_sink comp="342" pin=4"/></net>

<net id="3232"><net_src comp="3229" pin="1"/><net_sink comp="352" pin=4"/></net>

<net id="3236"><net_src comp="3233" pin="1"/><net_sink comp="362" pin=4"/></net>

<net id="3240"><net_src comp="3237" pin="1"/><net_sink comp="372" pin=4"/></net>

<net id="3244"><net_src comp="3241" pin="1"/><net_sink comp="382" pin=4"/></net>

<net id="3248"><net_src comp="3245" pin="1"/><net_sink comp="392" pin=4"/></net>

<net id="3252"><net_src comp="3249" pin="1"/><net_sink comp="402" pin=4"/></net>

<net id="3256"><net_src comp="3253" pin="1"/><net_sink comp="412" pin=4"/></net>

<net id="3260"><net_src comp="3257" pin="1"/><net_sink comp="422" pin=4"/></net>

<net id="3264"><net_src comp="3261" pin="1"/><net_sink comp="432" pin=4"/></net>

<net id="3268"><net_src comp="3265" pin="1"/><net_sink comp="442" pin=4"/></net>

<net id="3272"><net_src comp="3205" pin="1"/><net_sink comp="3269" pin=0"/></net>

<net id="3276"><net_src comp="1092" pin="3"/><net_sink comp="3273" pin=0"/></net>

<net id="3280"><net_src comp="3209" pin="1"/><net_sink comp="3277" pin=0"/></net>

<net id="3284"><net_src comp="1099" pin="3"/><net_sink comp="3281" pin=0"/></net>

<net id="3288"><net_src comp="3213" pin="1"/><net_sink comp="3285" pin=0"/></net>

<net id="3292"><net_src comp="1106" pin="3"/><net_sink comp="3289" pin=0"/></net>

<net id="3296"><net_src comp="3217" pin="1"/><net_sink comp="3293" pin=0"/></net>

<net id="3300"><net_src comp="1113" pin="3"/><net_sink comp="3297" pin=0"/></net>

<net id="3304"><net_src comp="3221" pin="1"/><net_sink comp="3301" pin=0"/></net>

<net id="3308"><net_src comp="1120" pin="3"/><net_sink comp="3305" pin=0"/></net>

<net id="3312"><net_src comp="3225" pin="1"/><net_sink comp="3309" pin=0"/></net>

<net id="3316"><net_src comp="1127" pin="3"/><net_sink comp="3313" pin=0"/></net>

<net id="3320"><net_src comp="3229" pin="1"/><net_sink comp="3317" pin=0"/></net>

<net id="3324"><net_src comp="1134" pin="3"/><net_sink comp="3321" pin=0"/></net>

<net id="3328"><net_src comp="3233" pin="1"/><net_sink comp="3325" pin=0"/></net>

<net id="3332"><net_src comp="1141" pin="3"/><net_sink comp="3329" pin=0"/></net>

<net id="3336"><net_src comp="3237" pin="1"/><net_sink comp="3333" pin=0"/></net>

<net id="3340"><net_src comp="1148" pin="3"/><net_sink comp="3337" pin=0"/></net>

<net id="3344"><net_src comp="3241" pin="1"/><net_sink comp="3341" pin=0"/></net>

<net id="3348"><net_src comp="1155" pin="3"/><net_sink comp="3345" pin=0"/></net>

<net id="3352"><net_src comp="3245" pin="1"/><net_sink comp="3349" pin=0"/></net>

<net id="3356"><net_src comp="1162" pin="3"/><net_sink comp="3353" pin=0"/></net>

<net id="3360"><net_src comp="3249" pin="1"/><net_sink comp="3357" pin=0"/></net>

<net id="3364"><net_src comp="1169" pin="3"/><net_sink comp="3361" pin=0"/></net>

<net id="3368"><net_src comp="3253" pin="1"/><net_sink comp="3365" pin=0"/></net>

<net id="3372"><net_src comp="1176" pin="3"/><net_sink comp="3369" pin=0"/></net>

<net id="3376"><net_src comp="3257" pin="1"/><net_sink comp="3373" pin=0"/></net>

<net id="3380"><net_src comp="1183" pin="3"/><net_sink comp="3377" pin=0"/></net>

<net id="3384"><net_src comp="3261" pin="1"/><net_sink comp="3381" pin=0"/></net>

<net id="3388"><net_src comp="1190" pin="3"/><net_sink comp="3385" pin=0"/></net>

<net id="3392"><net_src comp="3265" pin="1"/><net_sink comp="3389" pin=0"/></net>

<net id="3396"><net_src comp="1197" pin="3"/><net_sink comp="3393" pin=0"/></net>

<net id="3402"><net_src comp="76" pin="0"/><net_sink comp="3397" pin=0"/></net>

<net id="3403"><net_src comp="156" pin="0"/><net_sink comp="3397" pin=2"/></net>

<net id="3407"><net_src comp="3397" pin="3"/><net_sink comp="3404" pin=0"/></net>

<net id="3408"><net_src comp="3404" pin="1"/><net_sink comp="1220" pin=2"/></net>

<net id="3409"><net_src comp="3404" pin="1"/><net_sink comp="1227" pin=2"/></net>

<net id="3410"><net_src comp="3404" pin="1"/><net_sink comp="1234" pin=2"/></net>

<net id="3411"><net_src comp="3404" pin="1"/><net_sink comp="1241" pin=2"/></net>

<net id="3412"><net_src comp="3404" pin="1"/><net_sink comp="1248" pin=2"/></net>

<net id="3413"><net_src comp="3404" pin="1"/><net_sink comp="1255" pin=2"/></net>

<net id="3414"><net_src comp="3404" pin="1"/><net_sink comp="1262" pin=2"/></net>

<net id="3415"><net_src comp="3404" pin="1"/><net_sink comp="1269" pin=2"/></net>

<net id="3416"><net_src comp="3404" pin="1"/><net_sink comp="1276" pin=2"/></net>

<net id="3417"><net_src comp="3404" pin="1"/><net_sink comp="1283" pin=2"/></net>

<net id="3418"><net_src comp="3404" pin="1"/><net_sink comp="1290" pin=2"/></net>

<net id="3419"><net_src comp="3404" pin="1"/><net_sink comp="1297" pin=2"/></net>

<net id="3420"><net_src comp="3404" pin="1"/><net_sink comp="1304" pin=2"/></net>

<net id="3421"><net_src comp="3404" pin="1"/><net_sink comp="1311" pin=2"/></net>

<net id="3422"><net_src comp="3404" pin="1"/><net_sink comp="1318" pin=2"/></net>

<net id="3423"><net_src comp="3404" pin="1"/><net_sink comp="1325" pin=2"/></net>

<net id="3427"><net_src comp="1603" pin="1"/><net_sink comp="3424" pin=0"/></net>

<net id="3428"><net_src comp="3424" pin="1"/><net_sink comp="292" pin=4"/></net>

<net id="3432"><net_src comp="1607" pin="1"/><net_sink comp="3429" pin=0"/></net>

<net id="3433"><net_src comp="3429" pin="1"/><net_sink comp="302" pin=4"/></net>

<net id="3437"><net_src comp="1611" pin="1"/><net_sink comp="3434" pin=0"/></net>

<net id="3438"><net_src comp="3434" pin="1"/><net_sink comp="312" pin=4"/></net>

<net id="3442"><net_src comp="1615" pin="1"/><net_sink comp="3439" pin=0"/></net>

<net id="3443"><net_src comp="3439" pin="1"/><net_sink comp="322" pin=4"/></net>

<net id="3447"><net_src comp="1619" pin="1"/><net_sink comp="3444" pin=0"/></net>

<net id="3448"><net_src comp="3444" pin="1"/><net_sink comp="332" pin=4"/></net>

<net id="3452"><net_src comp="1623" pin="1"/><net_sink comp="3449" pin=0"/></net>

<net id="3453"><net_src comp="3449" pin="1"/><net_sink comp="342" pin=4"/></net>

<net id="3457"><net_src comp="1627" pin="1"/><net_sink comp="3454" pin=0"/></net>

<net id="3458"><net_src comp="3454" pin="1"/><net_sink comp="352" pin=4"/></net>

<net id="3462"><net_src comp="1631" pin="1"/><net_sink comp="3459" pin=0"/></net>

<net id="3463"><net_src comp="3459" pin="1"/><net_sink comp="362" pin=4"/></net>

<net id="3467"><net_src comp="1635" pin="1"/><net_sink comp="3464" pin=0"/></net>

<net id="3468"><net_src comp="3464" pin="1"/><net_sink comp="372" pin=4"/></net>

<net id="3472"><net_src comp="1639" pin="1"/><net_sink comp="3469" pin=0"/></net>

<net id="3473"><net_src comp="3469" pin="1"/><net_sink comp="382" pin=4"/></net>

<net id="3477"><net_src comp="1643" pin="1"/><net_sink comp="3474" pin=0"/></net>

<net id="3478"><net_src comp="3474" pin="1"/><net_sink comp="392" pin=4"/></net>

<net id="3482"><net_src comp="1647" pin="1"/><net_sink comp="3479" pin=0"/></net>

<net id="3483"><net_src comp="3479" pin="1"/><net_sink comp="402" pin=4"/></net>

<net id="3487"><net_src comp="1651" pin="1"/><net_sink comp="3484" pin=0"/></net>

<net id="3488"><net_src comp="3484" pin="1"/><net_sink comp="412" pin=4"/></net>

<net id="3492"><net_src comp="1655" pin="1"/><net_sink comp="3489" pin=0"/></net>

<net id="3493"><net_src comp="3489" pin="1"/><net_sink comp="422" pin=4"/></net>

<net id="3497"><net_src comp="1659" pin="1"/><net_sink comp="3494" pin=0"/></net>

<net id="3498"><net_src comp="3494" pin="1"/><net_sink comp="432" pin=4"/></net>

<net id="3502"><net_src comp="1663" pin="1"/><net_sink comp="3499" pin=0"/></net>

<net id="3503"><net_src comp="3499" pin="1"/><net_sink comp="442" pin=4"/></net>

<net id="3507"><net_src comp="3424" pin="1"/><net_sink comp="3504" pin=0"/></net>

<net id="3511"><net_src comp="1220" pin="3"/><net_sink comp="3508" pin=0"/></net>

<net id="3515"><net_src comp="3429" pin="1"/><net_sink comp="3512" pin=0"/></net>

<net id="3519"><net_src comp="1227" pin="3"/><net_sink comp="3516" pin=0"/></net>

<net id="3523"><net_src comp="3434" pin="1"/><net_sink comp="3520" pin=0"/></net>

<net id="3527"><net_src comp="1234" pin="3"/><net_sink comp="3524" pin=0"/></net>

<net id="3531"><net_src comp="3439" pin="1"/><net_sink comp="3528" pin=0"/></net>

<net id="3535"><net_src comp="1241" pin="3"/><net_sink comp="3532" pin=0"/></net>

<net id="3539"><net_src comp="3444" pin="1"/><net_sink comp="3536" pin=0"/></net>

<net id="3543"><net_src comp="1248" pin="3"/><net_sink comp="3540" pin=0"/></net>

<net id="3547"><net_src comp="3449" pin="1"/><net_sink comp="3544" pin=0"/></net>

<net id="3551"><net_src comp="1255" pin="3"/><net_sink comp="3548" pin=0"/></net>

<net id="3555"><net_src comp="3454" pin="1"/><net_sink comp="3552" pin=0"/></net>

<net id="3559"><net_src comp="1262" pin="3"/><net_sink comp="3556" pin=0"/></net>

<net id="3563"><net_src comp="3459" pin="1"/><net_sink comp="3560" pin=0"/></net>

<net id="3567"><net_src comp="1269" pin="3"/><net_sink comp="3564" pin=0"/></net>

<net id="3571"><net_src comp="3464" pin="1"/><net_sink comp="3568" pin=0"/></net>

<net id="3575"><net_src comp="1276" pin="3"/><net_sink comp="3572" pin=0"/></net>

<net id="3579"><net_src comp="3469" pin="1"/><net_sink comp="3576" pin=0"/></net>

<net id="3583"><net_src comp="1283" pin="3"/><net_sink comp="3580" pin=0"/></net>

<net id="3587"><net_src comp="3474" pin="1"/><net_sink comp="3584" pin=0"/></net>

<net id="3591"><net_src comp="1290" pin="3"/><net_sink comp="3588" pin=0"/></net>

<net id="3595"><net_src comp="3479" pin="1"/><net_sink comp="3592" pin=0"/></net>

<net id="3599"><net_src comp="1297" pin="3"/><net_sink comp="3596" pin=0"/></net>

<net id="3603"><net_src comp="3484" pin="1"/><net_sink comp="3600" pin=0"/></net>

<net id="3607"><net_src comp="1304" pin="3"/><net_sink comp="3604" pin=0"/></net>

<net id="3611"><net_src comp="3489" pin="1"/><net_sink comp="3608" pin=0"/></net>

<net id="3615"><net_src comp="1311" pin="3"/><net_sink comp="3612" pin=0"/></net>

<net id="3619"><net_src comp="3494" pin="1"/><net_sink comp="3616" pin=0"/></net>

<net id="3623"><net_src comp="1318" pin="3"/><net_sink comp="3620" pin=0"/></net>

<net id="3627"><net_src comp="3499" pin="1"/><net_sink comp="3624" pin=0"/></net>

<net id="3631"><net_src comp="1325" pin="3"/><net_sink comp="3628" pin=0"/></net>

<net id="3635"><net_src comp="164" pin="1"/><net_sink comp="3632" pin=0"/></net>

<net id="3636"><net_src comp="3632" pin="1"/><net_sink comp="1731" pin=1"/></net>

<net id="3637"><net_src comp="3632" pin="1"/><net_sink comp="1736" pin=0"/></net>

<net id="3638"><net_src comp="3632" pin="1"/><net_sink comp="1759" pin=1"/></net>

<net id="3642"><net_src comp="1727" pin="1"/><net_sink comp="3639" pin=0"/></net>

<net id="3643"><net_src comp="3639" pin="1"/><net_sink comp="1764" pin=1"/></net>

<net id="3647"><net_src comp="1749" pin="2"/><net_sink comp="3644" pin=0"/></net>

<net id="3651"><net_src comp="1755" pin="1"/><net_sink comp="3648" pin=0"/></net>

<net id="3652"><net_src comp="3648" pin="1"/><net_sink comp="1770" pin=1"/></net>

<net id="3653"><net_src comp="3648" pin="1"/><net_sink comp="2009" pin=1"/></net>

<net id="3654"><net_src comp="3648" pin="1"/><net_sink comp="2248" pin=1"/></net>

<net id="3655"><net_src comp="3648" pin="1"/><net_sink comp="2486" pin=1"/></net>

<net id="3656"><net_src comp="3648" pin="1"/><net_sink comp="2725" pin=1"/></net>

<net id="3657"><net_src comp="3648" pin="1"/><net_sink comp="2959" pin=1"/></net>

<net id="3658"><net_src comp="3648" pin="1"/><net_sink comp="3178" pin=1"/></net>

<net id="3659"><net_src comp="3648" pin="1"/><net_sink comp="3397" pin=1"/></net>

<net id="3663"><net_src comp="1764" pin="2"/><net_sink comp="3660" pin=0"/></net>

<net id="3664"><net_src comp="3660" pin="1"/><net_sink comp="1348" pin=1"/></net>

<net id="3668"><net_src comp="2116" pin="1"/><net_sink comp="3665" pin=0"/></net>

<net id="3669"><net_src comp="3665" pin="1"/><net_sink comp="2275" pin=0"/></net>

<net id="3673"><net_src comp="2354" pin="1"/><net_sink comp="3670" pin=0"/></net>

<net id="3674"><net_src comp="3670" pin="1"/><net_sink comp="2752" pin=0"/></net>

<net id="3678"><net_src comp="1475" pin="3"/><net_sink comp="3675" pin=0"/></net>

<net id="3679"><net_src comp="3675" pin="1"/><net_sink comp="2986" pin=0"/></net>

<net id="3683"><net_src comp="1483" pin="3"/><net_sink comp="3680" pin=0"/></net>

<net id="3684"><net_src comp="3680" pin="1"/><net_sink comp="2990" pin=0"/></net>

<net id="3688"><net_src comp="1491" pin="3"/><net_sink comp="3685" pin=0"/></net>

<net id="3689"><net_src comp="3685" pin="1"/><net_sink comp="2994" pin=0"/></net>

<net id="3693"><net_src comp="1499" pin="3"/><net_sink comp="3690" pin=0"/></net>

<net id="3694"><net_src comp="3690" pin="1"/><net_sink comp="2998" pin=0"/></net>

<net id="3698"><net_src comp="1507" pin="3"/><net_sink comp="3695" pin=0"/></net>

<net id="3699"><net_src comp="3695" pin="1"/><net_sink comp="3002" pin=0"/></net>

<net id="3703"><net_src comp="1515" pin="3"/><net_sink comp="3700" pin=0"/></net>

<net id="3704"><net_src comp="3700" pin="1"/><net_sink comp="3006" pin=0"/></net>

<net id="3708"><net_src comp="1523" pin="3"/><net_sink comp="3705" pin=0"/></net>

<net id="3709"><net_src comp="3705" pin="1"/><net_sink comp="3010" pin=0"/></net>

<net id="3713"><net_src comp="1531" pin="3"/><net_sink comp="3710" pin=0"/></net>

<net id="3714"><net_src comp="3710" pin="1"/><net_sink comp="3014" pin=0"/></net>

<net id="3718"><net_src comp="1539" pin="3"/><net_sink comp="3715" pin=0"/></net>

<net id="3719"><net_src comp="3715" pin="1"/><net_sink comp="3018" pin=0"/></net>

<net id="3723"><net_src comp="1547" pin="3"/><net_sink comp="3720" pin=0"/></net>

<net id="3724"><net_src comp="3720" pin="1"/><net_sink comp="3022" pin=0"/></net>

<net id="3728"><net_src comp="1555" pin="3"/><net_sink comp="3725" pin=0"/></net>

<net id="3729"><net_src comp="3725" pin="1"/><net_sink comp="3026" pin=0"/></net>

<net id="3733"><net_src comp="1563" pin="3"/><net_sink comp="3730" pin=0"/></net>

<net id="3734"><net_src comp="3730" pin="1"/><net_sink comp="3030" pin=0"/></net>

<net id="3738"><net_src comp="1571" pin="3"/><net_sink comp="3735" pin=0"/></net>

<net id="3739"><net_src comp="3735" pin="1"/><net_sink comp="3034" pin=0"/></net>

<net id="3743"><net_src comp="1579" pin="3"/><net_sink comp="3740" pin=0"/></net>

<net id="3744"><net_src comp="3740" pin="1"/><net_sink comp="3038" pin=0"/></net>

<net id="3748"><net_src comp="1587" pin="3"/><net_sink comp="3745" pin=0"/></net>

<net id="3749"><net_src comp="3745" pin="1"/><net_sink comp="3042" pin=0"/></net>

<net id="3753"><net_src comp="1595" pin="3"/><net_sink comp="3750" pin=0"/></net>

<net id="3754"><net_src comp="3750" pin="1"/><net_sink comp="3046" pin=0"/></net>

<net id="3758"><net_src comp="2593" pin="1"/><net_sink comp="3755" pin=0"/></net>

<net id="3759"><net_src comp="3755" pin="1"/><net_sink comp="3205" pin=0"/></net>

<net id="3763"><net_src comp="1355" pin="3"/><net_sink comp="3760" pin=0"/></net>

<net id="3764"><net_src comp="3760" pin="1"/><net_sink comp="3209" pin=0"/></net>

<net id="3768"><net_src comp="1363" pin="3"/><net_sink comp="3765" pin=0"/></net>

<net id="3769"><net_src comp="3765" pin="1"/><net_sink comp="3213" pin=0"/></net>

<net id="3773"><net_src comp="1371" pin="3"/><net_sink comp="3770" pin=0"/></net>

<net id="3774"><net_src comp="3770" pin="1"/><net_sink comp="3217" pin=0"/></net>

<net id="3778"><net_src comp="1379" pin="3"/><net_sink comp="3775" pin=0"/></net>

<net id="3779"><net_src comp="3775" pin="1"/><net_sink comp="3221" pin=0"/></net>

<net id="3783"><net_src comp="1387" pin="3"/><net_sink comp="3780" pin=0"/></net>

<net id="3784"><net_src comp="3780" pin="1"/><net_sink comp="3225" pin=0"/></net>

<net id="3788"><net_src comp="1395" pin="3"/><net_sink comp="3785" pin=0"/></net>

<net id="3789"><net_src comp="3785" pin="1"/><net_sink comp="3229" pin=0"/></net>

<net id="3793"><net_src comp="1403" pin="3"/><net_sink comp="3790" pin=0"/></net>

<net id="3794"><net_src comp="3790" pin="1"/><net_sink comp="3233" pin=0"/></net>

<net id="3798"><net_src comp="1411" pin="3"/><net_sink comp="3795" pin=0"/></net>

<net id="3799"><net_src comp="3795" pin="1"/><net_sink comp="3237" pin=0"/></net>

<net id="3803"><net_src comp="1419" pin="3"/><net_sink comp="3800" pin=0"/></net>

<net id="3804"><net_src comp="3800" pin="1"/><net_sink comp="3241" pin=0"/></net>

<net id="3808"><net_src comp="1427" pin="3"/><net_sink comp="3805" pin=0"/></net>

<net id="3809"><net_src comp="3805" pin="1"/><net_sink comp="3245" pin=0"/></net>

<net id="3813"><net_src comp="1435" pin="3"/><net_sink comp="3810" pin=0"/></net>

<net id="3814"><net_src comp="3810" pin="1"/><net_sink comp="3249" pin=0"/></net>

<net id="3818"><net_src comp="1443" pin="3"/><net_sink comp="3815" pin=0"/></net>

<net id="3819"><net_src comp="3815" pin="1"/><net_sink comp="3253" pin=0"/></net>

<net id="3823"><net_src comp="1451" pin="3"/><net_sink comp="3820" pin=0"/></net>

<net id="3824"><net_src comp="3820" pin="1"/><net_sink comp="3257" pin=0"/></net>

<net id="3828"><net_src comp="1459" pin="3"/><net_sink comp="3825" pin=0"/></net>

<net id="3829"><net_src comp="3825" pin="1"/><net_sink comp="3261" pin=0"/></net>

<net id="3833"><net_src comp="1467" pin="3"/><net_sink comp="3830" pin=0"/></net>

<net id="3834"><net_src comp="3830" pin="1"/><net_sink comp="3265" pin=0"/></net>

</net_list>

</model> 
---------------- Datapath Model END ------------------

* FSMD analyzer results:
  - Output states:
	Port: gmem_Q | {}
	Port: tile_0 | {2 3 4 5 6 7 8 9 }
	Port: tile_1 | {2 3 4 5 6 7 8 9 }
	Port: tile_2 | {2 3 4 5 6 7 8 9 }
	Port: tile_3 | {2 3 4 5 6 7 8 9 }
	Port: tile_4 | {2 3 4 5 6 7 8 9 }
	Port: tile_5 | {2 3 4 5 6 7 8 9 }
	Port: tile_6 | {2 3 4 5 6 7 8 9 }
	Port: tile_7 | {2 3 4 5 6 7 8 9 }
	Port: tile_8 | {2 3 4 5 6 7 8 9 }
	Port: tile_9 | {2 3 4 5 6 7 8 9 }
	Port: tile_10 | {2 3 4 5 6 7 8 9 }
	Port: tile_11 | {2 3 4 5 6 7 8 9 }
	Port: tile_12 | {2 3 4 5 6 7 8 9 }
	Port: tile_13 | {2 3 4 5 6 7 8 9 }
	Port: tile_14 | {2 3 4 5 6 7 8 9 }
	Port: tile_15 | {2 3 4 5 6 7 8 9 }
 - Input state : 
	Port: load_tile_fp16_Pipeline_LOAD_TILE_ROWS : num_rows | {1 }
	Port: load_tile_fp16_Pipeline_LOAD_TILE_ROWS : gmem_Q | {2 3 4 5 }
	Port: load_tile_fp16_Pipeline_LOAD_TILE_ROWS : sext_ln112_2 | {1 }
	Port: load_tile_fp16_Pipeline_LOAD_TILE_ROWS : tile_0 | {}
	Port: load_tile_fp16_Pipeline_LOAD_TILE_ROWS : tile_1 | {}
	Port: load_tile_fp16_Pipeline_LOAD_TILE_ROWS : tile_2 | {}
	Port: load_tile_fp16_Pipeline_LOAD_TILE_ROWS : tile_3 | {}
	Port: load_tile_fp16_Pipeline_LOAD_TILE_ROWS : tile_4 | {}
	Port: load_tile_fp16_Pipeline_LOAD_TILE_ROWS : tile_5 | {}
	Port: load_tile_fp16_Pipeline_LOAD_TILE_ROWS : tile_6 | {}
	Port: load_tile_fp16_Pipeline_LOAD_TILE_ROWS : tile_7 | {}
	Port: load_tile_fp16_Pipeline_LOAD_TILE_ROWS : tile_8 | {}
	Port: load_tile_fp16_Pipeline_LOAD_TILE_ROWS : tile_9 | {}
	Port: load_tile_fp16_Pipeline_LOAD_TILE_ROWS : tile_10 | {}
	Port: load_tile_fp16_Pipeline_LOAD_TILE_ROWS : tile_11 | {}
	Port: load_tile_fp16_Pipeline_LOAD_TILE_ROWS : tile_12 | {}
	Port: load_tile_fp16_Pipeline_LOAD_TILE_ROWS : tile_13 | {}
	Port: load_tile_fp16_Pipeline_LOAD_TILE_ROWS : tile_14 | {}
	Port: load_tile_fp16_Pipeline_LOAD_TILE_ROWS : tile_15 | {}
  - Chain level:
	State 1
		store_ln112 : 1
		r_1 : 1
		add_ln112 : 2
		zext_ln112 : 2
		icmp_ln112 : 3
		br_ln112 : 4
		trunc_ln112 : 2
		store_ln112 : 3
	State 2
		zext_ln130 : 1
		tile_0_addr : 2
		tile_1_addr : 2
		tile_2_addr : 2
		tile_3_addr : 2
		tile_4_addr : 2
		tile_5_addr : 2
		tile_6_addr : 2
		tile_7_addr : 2
		tile_8_addr : 2
		tile_9_addr : 2
		tile_10_addr : 2
		tile_11_addr : 2
		tile_12_addr : 2
		tile_13_addr : 2
		tile_14_addr : 2
		tile_15_addr : 2
		word : 1
		trunc_ln67 : 1
		vals : 2
		tmp_s : 1
		vals_32 : 2
		tmp_45 : 1
		vals_33 : 2
		tmp_46 : 1
		vals_34 : 2
		tmp_47 : 1
		vals_35 : 2
		tmp_48 : 1
		vals_36 : 2
		tmp_49 : 1
		vals_37 : 2
		tmp_50 : 1
		vals_38 : 2
		tmp_51 : 1
		vals_39 : 2
		tmp_52 : 1
		vals_40 : 2
		tmp_53 : 1
		vals_41 : 2
		tmp_54 : 1
		vals_42 : 2
		tmp_55 : 1
		vals_43 : 2
		tmp_56 : 1
		vals_44 : 2
		tmp_57 : 1
		vals_45 : 2
		tmp_58 : 1
		vals_46 : 2
		tmp_59 : 1
		tmp_60 : 1
		tmp_61 : 1
		tmp_62 : 1
		tmp_63 : 1
		tmp_64 : 1
		tmp_65 : 1
		tmp_66 : 1
		tmp_67 : 1
		tmp_68 : 1
		tmp_69 : 1
		tmp_70 : 1
		tmp_71 : 1
		tmp_72 : 1
		tmp_73 : 1
		tmp_74 : 1
		muxLogicRAMData_to_store_ln130 : 3
		muxLogicRAMAddr_to_store_ln130 : 3
		store_ln130 : 3
		muxLogicRAMData_to_store_ln130 : 3
		muxLogicRAMAddr_to_store_ln130 : 3
		store_ln130 : 3
		muxLogicRAMData_to_store_ln130 : 3
		muxLogicRAMAddr_to_store_ln130 : 3
		store_ln130 : 3
		muxLogicRAMData_to_store_ln130 : 3
		muxLogicRAMAddr_to_store_ln130 : 3
		store_ln130 : 3
		muxLogicRAMData_to_store_ln130 : 3
		muxLogicRAMAddr_to_store_ln130 : 3
		store_ln130 : 3
		muxLogicRAMData_to_store_ln130 : 3
		muxLogicRAMAddr_to_store_ln130 : 3
		store_ln130 : 3
		muxLogicRAMData_to_store_ln130 : 3
		muxLogicRAMAddr_to_store_ln130 : 3
		store_ln130 : 3
		muxLogicRAMData_to_store_ln130 : 3
		muxLogicRAMAddr_to_store_ln130 : 3
		store_ln130 : 3
		muxLogicRAMData_to_store_ln130 : 3
		muxLogicRAMAddr_to_store_ln130 : 3
		store_ln130 : 3
		muxLogicRAMData_to_store_ln130 : 3
		muxLogicRAMAddr_to_store_ln130 : 3
		store_ln130 : 3
		muxLogicRAMData_to_store_ln130 : 3
		muxLogicRAMAddr_to_store_ln130 : 3
		store_ln130 : 3
		muxLogicRAMData_to_store_ln130 : 3
		muxLogicRAMAddr_to_store_ln130 : 3
		store_ln130 : 3
		muxLogicRAMData_to_store_ln130 : 3
		muxLogicRAMAddr_to_store_ln130 : 3
		store_ln130 : 3
		muxLogicRAMData_to_store_ln130 : 3
		muxLogicRAMAddr_to_store_ln130 : 3
		store_ln130 : 3
		muxLogicRAMData_to_store_ln130 : 3
		muxLogicRAMAddr_to_store_ln130 : 3
		store_ln130 : 3
		muxLogicRAMData_to_store_ln130 : 3
		muxLogicRAMAddr_to_store_ln130 : 3
		store_ln130 : 3
	State 3
		zext_ln130_1 : 1
		tile_0_addr_4 : 2
		tile_1_addr_4 : 2
		tile_2_addr_4 : 2
		tile_3_addr_4 : 2
		tile_4_addr_4 : 2
		tile_5_addr_4 : 2
		tile_6_addr_4 : 2
		tile_7_addr_4 : 2
		tile_8_addr_4 : 2
		tile_9_addr_4 : 2
		tile_10_addr_4 : 2
		tile_11_addr_4 : 2
		tile_12_addr_4 : 2
		tile_13_addr_4 : 2
		tile_14_addr_4 : 2
		tile_15_addr_4 : 2
		muxLogicRAMData_to_store_ln130 : 1
		muxLogicRAMAddr_to_store_ln130 : 3
		store_ln130 : 3
		muxLogicRAMData_to_store_ln130 : 1
		muxLogicRAMAddr_to_store_ln130 : 3
		store_ln130 : 3
		muxLogicRAMData_to_store_ln130 : 1
		muxLogicRAMAddr_to_store_ln130 : 3
		store_ln130 : 3
		muxLogicRAMData_to_store_ln130 : 1
		muxLogicRAMAddr_to_store_ln130 : 3
		store_ln130 : 3
		muxLogicRAMData_to_store_ln130 : 1
		muxLogicRAMAddr_to_store_ln130 : 3
		store_ln130 : 3
		muxLogicRAMData_to_store_ln130 : 1
		muxLogicRAMAddr_to_store_ln130 : 3
		store_ln130 : 3
		muxLogicRAMData_to_store_ln130 : 1
		muxLogicRAMAddr_to_store_ln130 : 3
		store_ln130 : 3
		muxLogicRAMData_to_store_ln130 : 1
		muxLogicRAMAddr_to_store_ln130 : 3
		store_ln130 : 3
		muxLogicRAMData_to_store_ln130 : 1
		muxLogicRAMAddr_to_store_ln130 : 3
		store_ln130 : 3
		muxLogicRAMData_to_store_ln130 : 1
		muxLogicRAMAddr_to_store_ln130 : 3
		store_ln130 : 3
		muxLogicRAMData_to_store_ln130 : 1
		muxLogicRAMAddr_to_store_ln130 : 3
		store_ln130 : 3
		muxLogicRAMData_to_store_ln130 : 1
		muxLogicRAMAddr_to_store_ln130 : 3
		store_ln130 : 3
		muxLogicRAMData_to_store_ln130 : 1
		muxLogicRAMAddr_to_store_ln130 : 3
		store_ln130 : 3
		muxLogicRAMData_to_store_ln130 : 1
		muxLogicRAMAddr_to_store_ln130 : 3
		store_ln130 : 3
		muxLogicRAMData_to_store_ln130 : 1
		muxLogicRAMAddr_to_store_ln130 : 3
		store_ln130 : 3
		muxLogicRAMData_to_store_ln130 : 1
		muxLogicRAMAddr_to_store_ln130 : 3
		store_ln130 : 3
	State 4
		zext_ln130_2 : 1
		tile_0_addr_5 : 2
		tile_1_addr_5 : 2
		tile_2_addr_5 : 2
		tile_3_addr_5 : 2
		tile_4_addr_5 : 2
		tile_5_addr_5 : 2
		tile_6_addr_5 : 2
		tile_7_addr_5 : 2
		tile_8_addr_5 : 2
		tile_9_addr_5 : 2
		tile_10_addr_5 : 2
		tile_11_addr_5 : 2
		tile_12_addr_5 : 2
		tile_13_addr_5 : 2
		tile_14_addr_5 : 2
		tile_15_addr_5 : 2
		muxLogicRAMData_to_store_ln130 : 1
		muxLogicRAMAddr_to_store_ln130 : 3
		store_ln130 : 3
		muxLogicRAMData_to_store_ln130 : 1
		muxLogicRAMAddr_to_store_ln130 : 3
		store_ln130 : 3
		muxLogicRAMData_to_store_ln130 : 1
		muxLogicRAMAddr_to_store_ln130 : 3
		store_ln130 : 3
		muxLogicRAMData_to_store_ln130 : 1
		muxLogicRAMAddr_to_store_ln130 : 3
		store_ln130 : 3
		muxLogicRAMData_to_store_ln130 : 1
		muxLogicRAMAddr_to_store_ln130 : 3
		store_ln130 : 3
		muxLogicRAMData_to_store_ln130 : 1
		muxLogicRAMAddr_to_store_ln130 : 3
		store_ln130 : 3
		muxLogicRAMData_to_store_ln130 : 1
		muxLogicRAMAddr_to_store_ln130 : 3
		store_ln130 : 3
		muxLogicRAMData_to_store_ln130 : 1
		muxLogicRAMAddr_to_store_ln130 : 3
		store_ln130 : 3
		muxLogicRAMData_to_store_ln130 : 1
		muxLogicRAMAddr_to_store_ln130 : 3
		store_ln130 : 3
		muxLogicRAMData_to_store_ln130 : 1
		muxLogicRAMAddr_to_store_ln130 : 3
		store_ln130 : 3
		muxLogicRAMData_to_store_ln130 : 1
		muxLogicRAMAddr_to_store_ln130 : 3
		store_ln130 : 3
		muxLogicRAMData_to_store_ln130 : 1
		muxLogicRAMAddr_to_store_ln130 : 3
		store_ln130 : 3
		muxLogicRAMData_to_store_ln130 : 1
		muxLogicRAMAddr_to_store_ln130 : 3
		store_ln130 : 3
		muxLogicRAMData_to_store_ln130 : 1
		muxLogicRAMAddr_to_store_ln130 : 3
		store_ln130 : 3
		muxLogicRAMData_to_store_ln130 : 1
		muxLogicRAMAddr_to_store_ln130 : 3
		store_ln130 : 3
		muxLogicRAMData_to_store_ln130 : 1
		muxLogicRAMAddr_to_store_ln130 : 3
		store_ln130 : 3
	State 5
		zext_ln130_3 : 1
		tile_0_addr_6 : 2
		tile_1_addr_6 : 2
		tile_2_addr_6 : 2
		tile_3_addr_6 : 2
		tile_4_addr_6 : 2
		tile_5_addr_6 : 2
		tile_6_addr_6 : 2
		tile_7_addr_6 : 2
		tile_8_addr_6 : 2
		tile_9_addr_6 : 2
		tile_10_addr_6 : 2
		tile_11_addr_6 : 2
		tile_12_addr_6 : 2
		tile_13_addr_6 : 2
		tile_14_addr_6 : 2
		tile_15_addr_6 : 2
		muxLogicRAMData_to_store_ln130 : 1
		muxLogicRAMAddr_to_store_ln130 : 3
		store_ln130 : 3
		muxLogicRAMData_to_store_ln130 : 1
		muxLogicRAMAddr_to_store_ln130 : 3
		store_ln130 : 3
		muxLogicRAMData_to_store_ln130 : 1
		muxLogicRAMAddr_to_store_ln130 : 3
		store_ln130 : 3
		muxLogicRAMData_to_store_ln130 : 1
		muxLogicRAMAddr_to_store_ln130 : 3
		store_ln130 : 3
		muxLogicRAMData_to_store_ln130 : 1
		muxLogicRAMAddr_to_store_ln130 : 3
		store_ln130 : 3
		muxLogicRAMData_to_store_ln130 : 1
		muxLogicRAMAddr_to_store_ln130 : 3
		store_ln130 : 3
		muxLogicRAMData_to_store_ln130 : 1
		muxLogicRAMAddr_to_store_ln130 : 3
		store_ln130 : 3
		muxLogicRAMData_to_store_ln130 : 1
		muxLogicRAMAddr_to_store_ln130 : 3
		store_ln130 : 3
		muxLogicRAMData_to_store_ln130 : 1
		muxLogicRAMAddr_to_store_ln130 : 3
		store_ln130 : 3
		muxLogicRAMData_to_store_ln130 : 1
		muxLogicRAMAddr_to_store_ln130 : 3
		store_ln130 : 3
		muxLogicRAMData_to_store_ln130 : 1
		muxLogicRAMAddr_to_store_ln130 : 3
		store_ln130 : 3
		muxLogicRAMData_to_store_ln130 : 1
		muxLogicRAMAddr_to_store_ln130 : 3
		store_ln130 : 3
		muxLogicRAMData_to_store_ln130 : 1
		muxLogicRAMAddr_to_store_ln130 : 3
		store_ln130 : 3
		muxLogicRAMData_to_store_ln130 : 1
		muxLogicRAMAddr_to_store_ln130 : 3
		store_ln130 : 3
		muxLogicRAMData_to_store_ln130 : 1
		muxLogicRAMAddr_to_store_ln130 : 3
		store_ln130 : 3
		muxLogicRAMData_to_store_ln130 : 1
		muxLogicRAMAddr_to_store_ln130 : 3
		store_ln130 : 3
	State 6
		zext_ln130_4 : 1
		tile_0_addr_7 : 2
		tile_1_addr_7 : 2
		tile_2_addr_7 : 2
		tile_3_addr_7 : 2
		tile_4_addr_7 : 2
		tile_5_addr_7 : 2
		tile_6_addr_7 : 2
		tile_7_addr_7 : 2
		tile_8_addr_7 : 2
		tile_9_addr_7 : 2
		tile_10_addr_7 : 2
		tile_11_addr_7 : 2
		tile_12_addr_7 : 2
		tile_13_addr_7 : 2
		tile_14_addr_7 : 2
		tile_15_addr_7 : 2
		muxLogicRAMData_to_store_ln130 : 1
		muxLogicRAMAddr_to_store_ln130 : 3
		store_ln130 : 3
		muxLogicRAMData_to_store_ln130 : 1
		muxLogicRAMAddr_to_store_ln130 : 3
		store_ln130 : 3
		muxLogicRAMData_to_store_ln130 : 1
		muxLogicRAMAddr_to_store_ln130 : 3
		store_ln130 : 3
		muxLogicRAMData_to_store_ln130 : 1
		muxLogicRAMAddr_to_store_ln130 : 3
		store_ln130 : 3
		muxLogicRAMData_to_store_ln130 : 1
		muxLogicRAMAddr_to_store_ln130 : 3
		store_ln130 : 3
		muxLogicRAMData_to_store_ln130 : 1
		muxLogicRAMAddr_to_store_ln130 : 3
		store_ln130 : 3
		muxLogicRAMData_to_store_ln130 : 1
		muxLogicRAMAddr_to_store_ln130 : 3
		store_ln130 : 3
		muxLogicRAMData_to_store_ln130 : 1
		muxLogicRAMAddr_to_store_ln130 : 3
		store_ln130 : 3
		muxLogicRAMData_to_store_ln130 : 1
		muxLogicRAMAddr_to_store_ln130 : 3
		store_ln130 : 3
		muxLogicRAMData_to_store_ln130 : 1
		muxLogicRAMAddr_to_store_ln130 : 3
		store_ln130 : 3
		muxLogicRAMData_to_store_ln130 : 1
		muxLogicRAMAddr_to_store_ln130 : 3
		store_ln130 : 3
		muxLogicRAMData_to_store_ln130 : 1
		muxLogicRAMAddr_to_store_ln130 : 3
		store_ln130 : 3
		muxLogicRAMData_to_store_ln130 : 1
		muxLogicRAMAddr_to_store_ln130 : 3
		store_ln130 : 3
		muxLogicRAMData_to_store_ln130 : 1
		muxLogicRAMAddr_to_store_ln130 : 3
		store_ln130 : 3
		muxLogicRAMData_to_store_ln130 : 1
		muxLogicRAMAddr_to_store_ln130 : 3
		store_ln130 : 3
		muxLogicRAMData_to_store_ln130 : 1
		muxLogicRAMAddr_to_store_ln130 : 3
		store_ln130 : 3
	State 7
		zext_ln130_5 : 1
		tile_0_addr_8 : 2
		tile_1_addr_8 : 2
		tile_2_addr_8 : 2
		tile_3_addr_8 : 2
		tile_4_addr_8 : 2
		tile_5_addr_8 : 2
		tile_6_addr_8 : 2
		tile_7_addr_8 : 2
		tile_8_addr_8 : 2
		tile_9_addr_8 : 2
		tile_10_addr_8 : 2
		tile_11_addr_8 : 2
		tile_12_addr_8 : 2
		tile_13_addr_8 : 2
		tile_14_addr_8 : 2
		tile_15_addr_8 : 2
		muxLogicRAMData_to_store_ln130 : 1
		muxLogicRAMAddr_to_store_ln130 : 3
		store_ln130 : 3
		muxLogicRAMData_to_store_ln130 : 1
		muxLogicRAMAddr_to_store_ln130 : 3
		store_ln130 : 3
		muxLogicRAMData_to_store_ln130 : 1
		muxLogicRAMAddr_to_store_ln130 : 3
		store_ln130 : 3
		muxLogicRAMData_to_store_ln130 : 1
		muxLogicRAMAddr_to_store_ln130 : 3
		store_ln130 : 3
		muxLogicRAMData_to_store_ln130 : 1
		muxLogicRAMAddr_to_store_ln130 : 3
		store_ln130 : 3
		muxLogicRAMData_to_store_ln130 : 1
		muxLogicRAMAddr_to_store_ln130 : 3
		store_ln130 : 3
		muxLogicRAMData_to_store_ln130 : 1
		muxLogicRAMAddr_to_store_ln130 : 3
		store_ln130 : 3
		muxLogicRAMData_to_store_ln130 : 1
		muxLogicRAMAddr_to_store_ln130 : 3
		store_ln130 : 3
		muxLogicRAMData_to_store_ln130 : 1
		muxLogicRAMAddr_to_store_ln130 : 3
		store_ln130 : 3
		muxLogicRAMData_to_store_ln130 : 1
		muxLogicRAMAddr_to_store_ln130 : 3
		store_ln130 : 3
		muxLogicRAMData_to_store_ln130 : 1
		muxLogicRAMAddr_to_store_ln130 : 3
		store_ln130 : 3
		muxLogicRAMData_to_store_ln130 : 1
		muxLogicRAMAddr_to_store_ln130 : 3
		store_ln130 : 3
		muxLogicRAMData_to_store_ln130 : 1
		muxLogicRAMAddr_to_store_ln130 : 3
		store_ln130 : 3
		muxLogicRAMData_to_store_ln130 : 1
		muxLogicRAMAddr_to_store_ln130 : 3
		store_ln130 : 3
		muxLogicRAMData_to_store_ln130 : 1
		muxLogicRAMAddr_to_store_ln130 : 3
		store_ln130 : 3
		muxLogicRAMData_to_store_ln130 : 1
		muxLogicRAMAddr_to_store_ln130 : 3
		store_ln130 : 3
	State 8
		zext_ln130_6 : 1
		tile_0_addr_9 : 2
		tile_1_addr_9 : 2
		tile_2_addr_9 : 2
		tile_3_addr_9 : 2
		tile_4_addr_9 : 2
		tile_5_addr_9 : 2
		tile_6_addr_9 : 2
		tile_7_addr_9 : 2
		tile_8_addr_9 : 2
		tile_9_addr_9 : 2
		tile_10_addr_9 : 2
		tile_11_addr_9 : 2
		tile_12_addr_9 : 2
		tile_13_addr_9 : 2
		tile_14_addr_9 : 2
		tile_15_addr_9 : 2
		muxLogicRAMData_to_store_ln130 : 1
		muxLogicRAMAddr_to_store_ln130 : 3
		store_ln130 : 3
		muxLogicRAMData_to_store_ln130 : 1
		muxLogicRAMAddr_to_store_ln130 : 3
		store_ln130 : 3
		muxLogicRAMData_to_store_ln130 : 1
		muxLogicRAMAddr_to_store_ln130 : 3
		store_ln130 : 3
		muxLogicRAMData_to_store_ln130 : 1
		muxLogicRAMAddr_to_store_ln130 : 3
		store_ln130 : 3
		muxLogicRAMData_to_store_ln130 : 1
		muxLogicRAMAddr_to_store_ln130 : 3
		store_ln130 : 3
		muxLogicRAMData_to_store_ln130 : 1
		muxLogicRAMAddr_to_store_ln130 : 3
		store_ln130 : 3
		muxLogicRAMData_to_store_ln130 : 1
		muxLogicRAMAddr_to_store_ln130 : 3
		store_ln130 : 3
		muxLogicRAMData_to_store_ln130 : 1
		muxLogicRAMAddr_to_store_ln130 : 3
		store_ln130 : 3
		muxLogicRAMData_to_store_ln130 : 1
		muxLogicRAMAddr_to_store_ln130 : 3
		store_ln130 : 3
		muxLogicRAMData_to_store_ln130 : 1
		muxLogicRAMAddr_to_store_ln130 : 3
		store_ln130 : 3
		muxLogicRAMData_to_store_ln130 : 1
		muxLogicRAMAddr_to_store_ln130 : 3
		store_ln130 : 3
		muxLogicRAMData_to_store_ln130 : 1
		muxLogicRAMAddr_to_store_ln130 : 3
		store_ln130 : 3
		muxLogicRAMData_to_store_ln130 : 1
		muxLogicRAMAddr_to_store_ln130 : 3
		store_ln130 : 3
		muxLogicRAMData_to_store_ln130 : 1
		muxLogicRAMAddr_to_store_ln130 : 3
		store_ln130 : 3
		muxLogicRAMData_to_store_ln130 : 1
		muxLogicRAMAddr_to_store_ln130 : 3
		store_ln130 : 3
		muxLogicRAMData_to_store_ln130 : 1
		muxLogicRAMAddr_to_store_ln130 : 3
		store_ln130 : 3
	State 9
		zext_ln130_7 : 1
		tile_0_addr_10 : 2
		tile_1_addr_10 : 2
		tile_2_addr_10 : 2
		tile_3_addr_10 : 2
		tile_4_addr_10 : 2
		tile_5_addr_10 : 2
		tile_6_addr_10 : 2
		tile_7_addr_10 : 2
		tile_8_addr_10 : 2
		tile_9_addr_10 : 2
		tile_10_addr_10 : 2
		tile_11_addr_10 : 2
		tile_12_addr_10 : 2
		tile_13_addr_10 : 2
		tile_14_addr_10 : 2
		tile_15_addr_10 : 2
		muxLogicRAMData_to_store_ln130 : 1
		muxLogicRAMAddr_to_store_ln130 : 3
		store_ln130 : 3
		muxLogicRAMData_to_store_ln130 : 1
		muxLogicRAMAddr_to_store_ln130 : 3
		store_ln130 : 3
		muxLogicRAMData_to_store_ln130 : 1
		muxLogicRAMAddr_to_store_ln130 : 3
		store_ln130 : 3
		muxLogicRAMData_to_store_ln130 : 1
		muxLogicRAMAddr_to_store_ln130 : 3
		store_ln130 : 3
		muxLogicRAMData_to_store_ln130 : 1
		muxLogicRAMAddr_to_store_ln130 : 3
		store_ln130 : 3
		muxLogicRAMData_to_store_ln130 : 1
		muxLogicRAMAddr_to_store_ln130 : 3
		store_ln130 : 3
		muxLogicRAMData_to_store_ln130 : 1
		muxLogicRAMAddr_to_store_ln130 : 3
		store_ln130 : 3
		muxLogicRAMData_to_store_ln130 : 1
		muxLogicRAMAddr_to_store_ln130 : 3
		store_ln130 : 3
		muxLogicRAMData_to_store_ln130 : 1
		muxLogicRAMAddr_to_store_ln130 : 3
		store_ln130 : 3
		muxLogicRAMData_to_store_ln130 : 1
		muxLogicRAMAddr_to_store_ln130 : 3
		store_ln130 : 3
		muxLogicRAMData_to_store_ln130 : 1
		muxLogicRAMAddr_to_store_ln130 : 3
		store_ln130 : 3
		muxLogicRAMData_to_store_ln130 : 1
		muxLogicRAMAddr_to_store_ln130 : 3
		store_ln130 : 3
		muxLogicRAMData_to_store_ln130 : 1
		muxLogicRAMAddr_to_store_ln130 : 3
		store_ln130 : 3
		muxLogicRAMData_to_store_ln130 : 1
		muxLogicRAMAddr_to_store_ln130 : 3
		store_ln130 : 3
		muxLogicRAMData_to_store_ln130 : 1
		muxLogicRAMAddr_to_store_ln130 : 3
		store_ln130 : 3
		muxLogicRAMData_to_store_ln130 : 1
		muxLogicRAMAddr_to_store_ln130 : 3
		store_ln130 : 3


============================================================
+ Verbose Summary: Datapath Resource usage 
============================================================

* Functional unit list:
|----------|----------------------------------------|---------|---------|
| Operation|             Functional Unit            |    FF   |   LUT   |
|----------|----------------------------------------|---------|---------|
|   icmp   |           icmp_ln112_fu_1749           |    0    |    16   |
|----------|----------------------------------------|---------|---------|
|    add   |            add_ln112_fu_1739           |    0    |    10   |
|----------|----------------------------------------|---------|---------|
|          |      sext_ln112_2_read_read_fu_168     |    0    |    0    |
|   read   |        num_rows_read_read_fu_174       |    0    |    0    |
|          |            grp_read_fu_1348            |    0    |    0    |
|----------|----------------------------------------|---------|---------|
|          |               grp_fu_1353              |    0    |    0    |
|          | muxLogicRAMData_to_store_ln130_fu_1881 |    0    |    0    |
|          | muxLogicRAMAddr_to_store_ln130_fu_1885 |    0    |    0    |
|          | muxLogicRAMData_to_store_ln130_fu_1889 |    0    |    0    |
|          | muxLogicRAMAddr_to_store_ln130_fu_1893 |    0    |    0    |
|          | muxLogicRAMData_to_store_ln130_fu_1897 |    0    |    0    |
|          | muxLogicRAMAddr_to_store_ln130_fu_1901 |    0    |    0    |
|          | muxLogicRAMData_to_store_ln130_fu_1905 |    0    |    0    |
|          | muxLogicRAMAddr_to_store_ln130_fu_1909 |    0    |    0    |
|          | muxLogicRAMData_to_store_ln130_fu_1913 |    0    |    0    |
|          | muxLogicRAMAddr_to_store_ln130_fu_1917 |    0    |    0    |
|          | muxLogicRAMData_to_store_ln130_fu_1921 |    0    |    0    |
|          | muxLogicRAMAddr_to_store_ln130_fu_1925 |    0    |    0    |
|          | muxLogicRAMData_to_store_ln130_fu_1929 |    0    |    0    |
|          | muxLogicRAMAddr_to_store_ln130_fu_1933 |    0    |    0    |
|          | muxLogicRAMData_to_store_ln130_fu_1937 |    0    |    0    |
|          | muxLogicRAMAddr_to_store_ln130_fu_1941 |    0    |    0    |
|          | muxLogicRAMData_to_store_ln130_fu_1945 |    0    |    0    |
|          | muxLogicRAMAddr_to_store_ln130_fu_1949 |    0    |    0    |
|          | muxLogicRAMData_to_store_ln130_fu_1953 |    0    |    0    |
|          | muxLogicRAMAddr_to_store_ln130_fu_1957 |    0    |    0    |
|          | muxLogicRAMData_to_store_ln130_fu_1961 |    0    |    0    |
|          | muxLogicRAMAddr_to_store_ln130_fu_1965 |    0    |    0    |
|          | muxLogicRAMData_to_store_ln130_fu_1969 |    0    |    0    |
|          | muxLogicRAMAddr_to_store_ln130_fu_1973 |    0    |    0    |
|          | muxLogicRAMData_to_store_ln130_fu_1977 |    0    |    0    |
|          | muxLogicRAMAddr_to_store_ln130_fu_1981 |    0    |    0    |
|          | muxLogicRAMData_to_store_ln130_fu_1985 |    0    |    0    |
|          | muxLogicRAMAddr_to_store_ln130_fu_1989 |    0    |    0    |
|          | muxLogicRAMData_to_store_ln130_fu_1993 |    0    |    0    |
|          | muxLogicRAMAddr_to_store_ln130_fu_1997 |    0    |    0    |
|          | muxLogicRAMData_to_store_ln130_fu_2001 |    0    |    0    |
|          | muxLogicRAMAddr_to_store_ln130_fu_2005 |    0    |    0    |
|          | muxLogicRAMData_to_store_ln130_fu_2120 |    0    |    0    |
|          | muxLogicRAMAddr_to_store_ln130_fu_2124 |    0    |    0    |
|          | muxLogicRAMData_to_store_ln130_fu_2128 |    0    |    0    |
|          | muxLogicRAMAddr_to_store_ln130_fu_2132 |    0    |    0    |
|          | muxLogicRAMData_to_store_ln130_fu_2136 |    0    |    0    |
|          | muxLogicRAMAddr_to_store_ln130_fu_2140 |    0    |    0    |
|          | muxLogicRAMData_to_store_ln130_fu_2144 |    0    |    0    |
|          | muxLogicRAMAddr_to_store_ln130_fu_2148 |    0    |    0    |
|          | muxLogicRAMData_to_store_ln130_fu_2152 |    0    |    0    |
|          | muxLogicRAMAddr_to_store_ln130_fu_2156 |    0    |    0    |
|          | muxLogicRAMData_to_store_ln130_fu_2160 |    0    |    0    |
|          | muxLogicRAMAddr_to_store_ln130_fu_2164 |    0    |    0    |
|          | muxLogicRAMData_to_store_ln130_fu_2168 |    0    |    0    |
|          | muxLogicRAMAddr_to_store_ln130_fu_2172 |    0    |    0    |
|          | muxLogicRAMData_to_store_ln130_fu_2176 |    0    |    0    |
|          | muxLogicRAMAddr_to_store_ln130_fu_2180 |    0    |    0    |
|          | muxLogicRAMData_to_store_ln130_fu_2184 |    0    |    0    |
|          | muxLogicRAMAddr_to_store_ln130_fu_2188 |    0    |    0    |
|          | muxLogicRAMData_to_store_ln130_fu_2192 |    0    |    0    |
|          | muxLogicRAMAddr_to_store_ln130_fu_2196 |    0    |    0    |
|          | muxLogicRAMData_to_store_ln130_fu_2200 |    0    |    0    |
|          | muxLogicRAMAddr_to_store_ln130_fu_2204 |    0    |    0    |
|          | muxLogicRAMData_to_store_ln130_fu_2208 |    0    |    0    |
|          | muxLogicRAMAddr_to_store_ln130_fu_2212 |    0    |    0    |
|          | muxLogicRAMData_to_store_ln130_fu_2216 |    0    |    0    |
|          | muxLogicRAMAddr_to_store_ln130_fu_2220 |    0    |    0    |
|          | muxLogicRAMData_to_store_ln130_fu_2224 |    0    |    0    |
|          | muxLogicRAMAddr_to_store_ln130_fu_2228 |    0    |    0    |
|          | muxLogicRAMData_to_store_ln130_fu_2232 |    0    |    0    |
|          | muxLogicRAMAddr_to_store_ln130_fu_2236 |    0    |    0    |
|          | muxLogicRAMData_to_store_ln130_fu_2240 |    0    |    0    |
|          | muxLogicRAMAddr_to_store_ln130_fu_2244 |    0    |    0    |
|          | muxLogicRAMData_to_store_ln130_fu_2358 |    0    |    0    |
|          | muxLogicRAMAddr_to_store_ln130_fu_2362 |    0    |    0    |
|          | muxLogicRAMData_to_store_ln130_fu_2366 |    0    |    0    |
|          | muxLogicRAMAddr_to_store_ln130_fu_2370 |    0    |    0    |
|          | muxLogicRAMData_to_store_ln130_fu_2374 |    0    |    0    |
|          | muxLogicRAMAddr_to_store_ln130_fu_2378 |    0    |    0    |
|          | muxLogicRAMData_to_store_ln130_fu_2382 |    0    |    0    |
|          | muxLogicRAMAddr_to_store_ln130_fu_2386 |    0    |    0    |
|          | muxLogicRAMData_to_store_ln130_fu_2390 |    0    |    0    |
|          | muxLogicRAMAddr_to_store_ln130_fu_2394 |    0    |    0    |
|          | muxLogicRAMData_to_store_ln130_fu_2398 |    0    |    0    |
|          | muxLogicRAMAddr_to_store_ln130_fu_2402 |    0    |    0    |
|          | muxLogicRAMData_to_store_ln130_fu_2406 |    0    |    0    |
|          | muxLogicRAMAddr_to_store_ln130_fu_2410 |    0    |    0    |
|          | muxLogicRAMData_to_store_ln130_fu_2414 |    0    |    0    |
|          | muxLogicRAMAddr_to_store_ln130_fu_2418 |    0    |    0    |
|          | muxLogicRAMData_to_store_ln130_fu_2422 |    0    |    0    |
|          | muxLogicRAMAddr_to_store_ln130_fu_2426 |    0    |    0    |
|          | muxLogicRAMData_to_store_ln130_fu_2430 |    0    |    0    |
|          | muxLogicRAMAddr_to_store_ln130_fu_2434 |    0    |    0    |
|          | muxLogicRAMData_to_store_ln130_fu_2438 |    0    |    0    |
|          | muxLogicRAMAddr_to_store_ln130_fu_2442 |    0    |    0    |
|          | muxLogicRAMData_to_store_ln130_fu_2446 |    0    |    0    |
|          | muxLogicRAMAddr_to_store_ln130_fu_2450 |    0    |    0    |
|          | muxLogicRAMData_to_store_ln130_fu_2454 |    0    |    0    |
|          | muxLogicRAMAddr_to_store_ln130_fu_2458 |    0    |    0    |
|          | muxLogicRAMData_to_store_ln130_fu_2462 |    0    |    0    |
|          | muxLogicRAMAddr_to_store_ln130_fu_2466 |    0    |    0    |
|          | muxLogicRAMData_to_store_ln130_fu_2470 |    0    |    0    |
|          | muxLogicRAMAddr_to_store_ln130_fu_2474 |    0    |    0    |
|          | muxLogicRAMData_to_store_ln130_fu_2478 |    0    |    0    |
|          | muxLogicRAMAddr_to_store_ln130_fu_2482 |    0    |    0    |
|          | muxLogicRAMData_to_store_ln130_fu_2597 |    0    |    0    |
|          | muxLogicRAMAddr_to_store_ln130_fu_2601 |    0    |    0    |
|          | muxLogicRAMData_to_store_ln130_fu_2605 |    0    |    0    |
|          | muxLogicRAMAddr_to_store_ln130_fu_2609 |    0    |    0    |
|          | muxLogicRAMData_to_store_ln130_fu_2613 |    0    |    0    |
|          | muxLogicRAMAddr_to_store_ln130_fu_2617 |    0    |    0    |
|          | muxLogicRAMData_to_store_ln130_fu_2621 |    0    |    0    |
|          | muxLogicRAMAddr_to_store_ln130_fu_2625 |    0    |    0    |
|          | muxLogicRAMData_to_store_ln130_fu_2629 |    0    |    0    |
|          | muxLogicRAMAddr_to_store_ln130_fu_2633 |    0    |    0    |
|          | muxLogicRAMData_to_store_ln130_fu_2637 |    0    |    0    |
|          | muxLogicRAMAddr_to_store_ln130_fu_2641 |    0    |    0    |
|          | muxLogicRAMData_to_store_ln130_fu_2645 |    0    |    0    |
|          | muxLogicRAMAddr_to_store_ln130_fu_2649 |    0    |    0    |
|          | muxLogicRAMData_to_store_ln130_fu_2653 |    0    |    0    |
|          | muxLogicRAMAddr_to_store_ln130_fu_2657 |    0    |    0    |
|          | muxLogicRAMData_to_store_ln130_fu_2661 |    0    |    0    |
|          | muxLogicRAMAddr_to_store_ln130_fu_2665 |    0    |    0    |
|          | muxLogicRAMData_to_store_ln130_fu_2669 |    0    |    0    |
|          | muxLogicRAMAddr_to_store_ln130_fu_2673 |    0    |    0    |
|          | muxLogicRAMData_to_store_ln130_fu_2677 |    0    |    0    |
|          | muxLogicRAMAddr_to_store_ln130_fu_2681 |    0    |    0    |
|          | muxLogicRAMData_to_store_ln130_fu_2685 |    0    |    0    |
|          | muxLogicRAMAddr_to_store_ln130_fu_2689 |    0    |    0    |
|          | muxLogicRAMData_to_store_ln130_fu_2693 |    0    |    0    |
|          | muxLogicRAMAddr_to_store_ln130_fu_2697 |    0    |    0    |
|          | muxLogicRAMData_to_store_ln130_fu_2701 |    0    |    0    |
|          | muxLogicRAMAddr_to_store_ln130_fu_2705 |    0    |    0    |
|          | muxLogicRAMData_to_store_ln130_fu_2709 |    0    |    0    |
|          | muxLogicRAMAddr_to_store_ln130_fu_2713 |    0    |    0    |
|          | muxLogicRAMData_to_store_ln130_fu_2717 |    0    |    0    |
| muxlogic | muxLogicRAMAddr_to_store_ln130_fu_2721 |    0    |    0    |
|          | muxLogicRAMData_to_store_ln130_fu_2831 |    0    |    0    |
|          | muxLogicRAMAddr_to_store_ln130_fu_2835 |    0    |    0    |
|          | muxLogicRAMData_to_store_ln130_fu_2839 |    0    |    0    |
|          | muxLogicRAMAddr_to_store_ln130_fu_2843 |    0    |    0    |
|          | muxLogicRAMData_to_store_ln130_fu_2847 |    0    |    0    |
|          | muxLogicRAMAddr_to_store_ln130_fu_2851 |    0    |    0    |
|          | muxLogicRAMData_to_store_ln130_fu_2855 |    0    |    0    |
|          | muxLogicRAMAddr_to_store_ln130_fu_2859 |    0    |    0    |
|          | muxLogicRAMData_to_store_ln130_fu_2863 |    0    |    0    |
|          | muxLogicRAMAddr_to_store_ln130_fu_2867 |    0    |    0    |
|          | muxLogicRAMData_to_store_ln130_fu_2871 |    0    |    0    |
|          | muxLogicRAMAddr_to_store_ln130_fu_2875 |    0    |    0    |
|          | muxLogicRAMData_to_store_ln130_fu_2879 |    0    |    0    |
|          | muxLogicRAMAddr_to_store_ln130_fu_2883 |    0    |    0    |
|          | muxLogicRAMData_to_store_ln130_fu_2887 |    0    |    0    |
|          | muxLogicRAMAddr_to_store_ln130_fu_2891 |    0    |    0    |
|          | muxLogicRAMData_to_store_ln130_fu_2895 |    0    |    0    |
|          | muxLogicRAMAddr_to_store_ln130_fu_2899 |    0    |    0    |
|          | muxLogicRAMData_to_store_ln130_fu_2903 |    0    |    0    |
|          | muxLogicRAMAddr_to_store_ln130_fu_2907 |    0    |    0    |
|          | muxLogicRAMData_to_store_ln130_fu_2911 |    0    |    0    |
|          | muxLogicRAMAddr_to_store_ln130_fu_2915 |    0    |    0    |
|          | muxLogicRAMData_to_store_ln130_fu_2919 |    0    |    0    |
|          | muxLogicRAMAddr_to_store_ln130_fu_2923 |    0    |    0    |
|          | muxLogicRAMData_to_store_ln130_fu_2927 |    0    |    0    |
|          | muxLogicRAMAddr_to_store_ln130_fu_2931 |    0    |    0    |
|          | muxLogicRAMData_to_store_ln130_fu_2935 |    0    |    0    |
|          | muxLogicRAMAddr_to_store_ln130_fu_2939 |    0    |    0    |
|          | muxLogicRAMData_to_store_ln130_fu_2943 |    0    |    0    |
|          | muxLogicRAMAddr_to_store_ln130_fu_2947 |    0    |    0    |
|          | muxLogicRAMData_to_store_ln130_fu_2951 |    0    |    0    |
|          | muxLogicRAMAddr_to_store_ln130_fu_2955 |    0    |    0    |
|          | muxLogicRAMData_to_store_ln130_fu_3050 |    0    |    0    |
|          | muxLogicRAMAddr_to_store_ln130_fu_3054 |    0    |    0    |
|          | muxLogicRAMData_to_store_ln130_fu_3058 |    0    |    0    |
|          | muxLogicRAMAddr_to_store_ln130_fu_3062 |    0    |    0    |
|          | muxLogicRAMData_to_store_ln130_fu_3066 |    0    |    0    |
|          | muxLogicRAMAddr_to_store_ln130_fu_3070 |    0    |    0    |
|          | muxLogicRAMData_to_store_ln130_fu_3074 |    0    |    0    |
|          | muxLogicRAMAddr_to_store_ln130_fu_3078 |    0    |    0    |
|          | muxLogicRAMData_to_store_ln130_fu_3082 |    0    |    0    |
|          | muxLogicRAMAddr_to_store_ln130_fu_3086 |    0    |    0    |
|          | muxLogicRAMData_to_store_ln130_fu_3090 |    0    |    0    |
|          | muxLogicRAMAddr_to_store_ln130_fu_3094 |    0    |    0    |
|          | muxLogicRAMData_to_store_ln130_fu_3098 |    0    |    0    |
|          | muxLogicRAMAddr_to_store_ln130_fu_3102 |    0    |    0    |
|          | muxLogicRAMData_to_store_ln130_fu_3106 |    0    |    0    |
|          | muxLogicRAMAddr_to_store_ln130_fu_3110 |    0    |    0    |
|          | muxLogicRAMData_to_store_ln130_fu_3114 |    0    |    0    |
|          | muxLogicRAMAddr_to_store_ln130_fu_3118 |    0    |    0    |
|          | muxLogicRAMData_to_store_ln130_fu_3122 |    0    |    0    |
|          | muxLogicRAMAddr_to_store_ln130_fu_3126 |    0    |    0    |
|          | muxLogicRAMData_to_store_ln130_fu_3130 |    0    |    0    |
|          | muxLogicRAMAddr_to_store_ln130_fu_3134 |    0    |    0    |
|          | muxLogicRAMData_to_store_ln130_fu_3138 |    0    |    0    |
|          | muxLogicRAMAddr_to_store_ln130_fu_3142 |    0    |    0    |
|          | muxLogicRAMData_to_store_ln130_fu_3146 |    0    |    0    |
|          | muxLogicRAMAddr_to_store_ln130_fu_3150 |    0    |    0    |
|          | muxLogicRAMData_to_store_ln130_fu_3154 |    0    |    0    |
|          | muxLogicRAMAddr_to_store_ln130_fu_3158 |    0    |    0    |
|          | muxLogicRAMData_to_store_ln130_fu_3162 |    0    |    0    |
|          | muxLogicRAMAddr_to_store_ln130_fu_3166 |    0    |    0    |
|          | muxLogicRAMData_to_store_ln130_fu_3170 |    0    |    0    |
|          | muxLogicRAMAddr_to_store_ln130_fu_3174 |    0    |    0    |
|          | muxLogicRAMData_to_store_ln130_fu_3269 |    0    |    0    |
|          | muxLogicRAMAddr_to_store_ln130_fu_3273 |    0    |    0    |
|          | muxLogicRAMData_to_store_ln130_fu_3277 |    0    |    0    |
|          | muxLogicRAMAddr_to_store_ln130_fu_3281 |    0    |    0    |
|          | muxLogicRAMData_to_store_ln130_fu_3285 |    0    |    0    |
|          | muxLogicRAMAddr_to_store_ln130_fu_3289 |    0    |    0    |
|          | muxLogicRAMData_to_store_ln130_fu_3293 |    0    |    0    |
|          | muxLogicRAMAddr_to_store_ln130_fu_3297 |    0    |    0    |
|          | muxLogicRAMData_to_store_ln130_fu_3301 |    0    |    0    |
|          | muxLogicRAMAddr_to_store_ln130_fu_3305 |    0    |    0    |
|          | muxLogicRAMData_to_store_ln130_fu_3309 |    0    |    0    |
|          | muxLogicRAMAddr_to_store_ln130_fu_3313 |    0    |    0    |
|          | muxLogicRAMData_to_store_ln130_fu_3317 |    0    |    0    |
|          | muxLogicRAMAddr_to_store_ln130_fu_3321 |    0    |    0    |
|          | muxLogicRAMData_to_store_ln130_fu_3325 |    0    |    0    |
|          | muxLogicRAMAddr_to_store_ln130_fu_3329 |    0    |    0    |
|          | muxLogicRAMData_to_store_ln130_fu_3333 |    0    |    0    |
|          | muxLogicRAMAddr_to_store_ln130_fu_3337 |    0    |    0    |
|          | muxLogicRAMData_to_store_ln130_fu_3341 |    0    |    0    |
|          | muxLogicRAMAddr_to_store_ln130_fu_3345 |    0    |    0    |
|          | muxLogicRAMData_to_store_ln130_fu_3349 |    0    |    0    |
|          | muxLogicRAMAddr_to_store_ln130_fu_3353 |    0    |    0    |
|          | muxLogicRAMData_to_store_ln130_fu_3357 |    0    |    0    |
|          | muxLogicRAMAddr_to_store_ln130_fu_3361 |    0    |    0    |
|          | muxLogicRAMData_to_store_ln130_fu_3365 |    0    |    0    |
|          | muxLogicRAMAddr_to_store_ln130_fu_3369 |    0    |    0    |
|          | muxLogicRAMData_to_store_ln130_fu_3373 |    0    |    0    |
|          | muxLogicRAMAddr_to_store_ln130_fu_3377 |    0    |    0    |
|          | muxLogicRAMData_to_store_ln130_fu_3381 |    0    |    0    |
|          | muxLogicRAMAddr_to_store_ln130_fu_3385 |    0    |    0    |
|          | muxLogicRAMData_to_store_ln130_fu_3389 |    0    |    0    |
|          | muxLogicRAMAddr_to_store_ln130_fu_3393 |    0    |    0    |
|          | muxLogicRAMData_to_store_ln130_fu_3504 |    0    |    0    |
|          | muxLogicRAMAddr_to_store_ln130_fu_3508 |    0    |    0    |
|          | muxLogicRAMData_to_store_ln130_fu_3512 |    0    |    0    |
|          | muxLogicRAMAddr_to_store_ln130_fu_3516 |    0    |    0    |
|          | muxLogicRAMData_to_store_ln130_fu_3520 |    0    |    0    |
|          | muxLogicRAMAddr_to_store_ln130_fu_3524 |    0    |    0    |
|          | muxLogicRAMData_to_store_ln130_fu_3528 |    0    |    0    |
|          | muxLogicRAMAddr_to_store_ln130_fu_3532 |    0    |    0    |
|          | muxLogicRAMData_to_store_ln130_fu_3536 |    0    |    0    |
|          | muxLogicRAMAddr_to_store_ln130_fu_3540 |    0    |    0    |
|          | muxLogicRAMData_to_store_ln130_fu_3544 |    0    |    0    |
|          | muxLogicRAMAddr_to_store_ln130_fu_3548 |    0    |    0    |
|          | muxLogicRAMData_to_store_ln130_fu_3552 |    0    |    0    |
|          | muxLogicRAMAddr_to_store_ln130_fu_3556 |    0    |    0    |
|          | muxLogicRAMData_to_store_ln130_fu_3560 |    0    |    0    |
|          | muxLogicRAMAddr_to_store_ln130_fu_3564 |    0    |    0    |
|          | muxLogicRAMData_to_store_ln130_fu_3568 |    0    |    0    |
|          | muxLogicRAMAddr_to_store_ln130_fu_3572 |    0    |    0    |
|          | muxLogicRAMData_to_store_ln130_fu_3576 |    0    |    0    |
|          | muxLogicRAMAddr_to_store_ln130_fu_3580 |    0    |    0    |
|          | muxLogicRAMData_to_store_ln130_fu_3584 |    0    |    0    |
|          | muxLogicRAMAddr_to_store_ln130_fu_3588 |    0    |    0    |
|          | muxLogicRAMData_to_store_ln130_fu_3592 |    0    |    0    |
|          | muxLogicRAMAddr_to_store_ln130_fu_3596 |    0    |    0    |
|          | muxLogicRAMData_to_store_ln130_fu_3600 |    0    |    0    |
|          | muxLogicRAMAddr_to_store_ln130_fu_3604 |    0    |    0    |
|          | muxLogicRAMData_to_store_ln130_fu_3608 |    0    |    0    |
|          | muxLogicRAMAddr_to_store_ln130_fu_3612 |    0    |    0    |
|          | muxLogicRAMData_to_store_ln130_fu_3616 |    0    |    0    |
|          | muxLogicRAMAddr_to_store_ln130_fu_3620 |    0    |    0    |
|          | muxLogicRAMData_to_store_ln130_fu_3624 |    0    |    0    |
|          | muxLogicRAMAddr_to_store_ln130_fu_3628 |    0    |    0    |
|----------|----------------------------------------|---------|---------|
|          |               grp_fu_1355              |    0    |    0    |
|          |               grp_fu_1363              |    0    |    0    |
|          |               grp_fu_1371              |    0    |    0    |
|          |               grp_fu_1379              |    0    |    0    |
|          |               grp_fu_1387              |    0    |    0    |
|          |               grp_fu_1395              |    0    |    0    |
|          |               grp_fu_1403              |    0    |    0    |
|          |               grp_fu_1411              |    0    |    0    |
|          |               grp_fu_1419              |    0    |    0    |
|          |               grp_fu_1427              |    0    |    0    |
|          |               grp_fu_1435              |    0    |    0    |
|          |               grp_fu_1443              |    0    |    0    |
|          |               grp_fu_1451              |    0    |    0    |
|          |               grp_fu_1459              |    0    |    0    |
|          |               grp_fu_1467              |    0    |    0    |
|partselect|               grp_fu_1475              |    0    |    0    |
|          |               grp_fu_1483              |    0    |    0    |
|          |               grp_fu_1491              |    0    |    0    |
|          |               grp_fu_1499              |    0    |    0    |
|          |               grp_fu_1507              |    0    |    0    |
|          |               grp_fu_1515              |    0    |    0    |
|          |               grp_fu_1523              |    0    |    0    |
|          |               grp_fu_1531              |    0    |    0    |
|          |               grp_fu_1539              |    0    |    0    |
|          |               grp_fu_1547              |    0    |    0    |
|          |               grp_fu_1555              |    0    |    0    |
|          |               grp_fu_1563              |    0    |    0    |
|          |               grp_fu_1571              |    0    |    0    |
|          |               grp_fu_1579              |    0    |    0    |
|          |               grp_fu_1587              |    0    |    0    |
|          |               grp_fu_1595              |    0    |    0    |
|----------|----------------------------------------|---------|---------|
|   sext   |        sext_ln112_2_cast_fu_1727       |    0    |    0    |
|----------|----------------------------------------|---------|---------|
|          |           zext_ln112_fu_1745           |    0    |    0    |
|          |           zext_ln130_fu_1777           |    0    |    0    |
|          |          zext_ln130_1_fu_2016          |    0    |    0    |
|          |          zext_ln130_2_fu_2255          |    0    |    0    |
|   zext   |          zext_ln130_3_fu_2493          |    0    |    0    |
|          |          zext_ln130_4_fu_2732          |    0    |    0    |
|          |          zext_ln130_5_fu_2966          |    0    |    0    |
|          |          zext_ln130_6_fu_3185          |    0    |    0    |
|          |          zext_ln130_7_fu_3404          |    0    |    0    |
|----------|----------------------------------------|---------|---------|
|          |           trunc_ln112_fu_1755          |    0    |    0    |
|          |           trunc_ln67_fu_1797           |    0    |    0    |
|   trunc  |          trunc_ln67_1_fu_2116          |    0    |    0    |
|          |          trunc_ln67_2_fu_2354          |    0    |    0    |
|          |          trunc_ln67_3_fu_2593          |    0    |    0    |
|----------|----------------------------------------|---------|---------|
|          |             tmp_75_fu_1770             |    0    |    0    |
|          |             tmp_107_fu_2009            |    0    |    0    |
|          |             tmp_139_fu_2248            |    0    |    0    |
|bitconcatenate|             tmp_171_fu_2486            |    0    |    0    |
|          |             tmp_172_fu_2725            |    0    |    0    |
|          |             tmp_173_fu_2959            |    0    |    0    |
|          |             tmp_174_fu_3178            |    0    |    0    |
|          |             tmp_175_fu_3397            |    0    |    0    |
|----------|----------------------------------------|---------|---------|
|   Total  |                                        |    0    |    26   |
|----------|----------------------------------------|---------|---------|

Memories:
N/A

* Register list:
+--------------------------+--------+
|                          |   FF   |
+--------------------------+--------+
|   gmem_Q_addr_reg_3660   |   512  |
|    icmp_ln112_reg_3644   |    1   |
|        r_reg_3632        |   10   |
|         reg_1603         |   16   |
|         reg_1607         |   16   |
|         reg_1611         |   16   |
|         reg_1615         |   16   |
|         reg_1619         |   16   |
|         reg_1623         |   16   |
|         reg_1627         |   16   |
|         reg_1631         |   16   |
|         reg_1635         |   16   |
|         reg_1639         |   16   |
|         reg_1643         |   16   |
|         reg_1647         |   16   |
|         reg_1651         |   16   |
|         reg_1655         |   16   |
|         reg_1659         |   16   |
|         reg_1663         |   16   |
|         reg_1667         |   16   |
|         reg_1671         |   16   |
|         reg_1675         |   16   |
|         reg_1679         |   16   |
|         reg_1683         |   16   |
|         reg_1687         |   16   |
|         reg_1691         |   16   |
|         reg_1695         |   16   |
|         reg_1699         |   16   |
|         reg_1703         |   16   |
|         reg_1707         |   16   |
|         reg_1711         |   16   |
|         reg_1715         |   16   |
|         reg_1719         |   16   |
|         reg_1723         |   16   |
|sext_ln112_2_cast_reg_3639|   64   |
|     tmp_123_reg_3675     |   16   |
|     tmp_124_reg_3680     |   16   |
|     tmp_125_reg_3685     |   16   |
|     tmp_126_reg_3690     |   16   |
|     tmp_127_reg_3695     |   16   |
|     tmp_128_reg_3700     |   16   |
|     tmp_129_reg_3705     |   16   |
|     tmp_130_reg_3710     |   16   |
|     tmp_131_reg_3715     |   16   |
|     tmp_132_reg_3720     |   16   |
|     tmp_133_reg_3725     |   16   |
|     tmp_134_reg_3730     |   16   |
|     tmp_135_reg_3735     |   16   |
|     tmp_136_reg_3740     |   16   |
|     tmp_137_reg_3745     |   16   |
|     tmp_138_reg_3750     |   16   |
|     tmp_140_reg_3760     |   16   |
|     tmp_141_reg_3765     |   16   |
|     tmp_142_reg_3770     |   16   |
|     tmp_143_reg_3775     |   16   |
|     tmp_144_reg_3780     |   16   |
|     tmp_145_reg_3785     |   16   |
|     tmp_146_reg_3790     |   16   |
|     tmp_147_reg_3795     |   16   |
|     tmp_148_reg_3800     |   16   |
|     tmp_149_reg_3805     |   16   |
|     tmp_150_reg_3810     |   16   |
|     tmp_151_reg_3815     |   16   |
|     tmp_152_reg_3820     |   16   |
|     tmp_153_reg_3825     |   16   |
|     tmp_154_reg_3830     |   16   |
|   trunc_ln112_reg_3648   |    6   |
|   trunc_ln67_1_reg_3665  |   16   |
|   trunc_ln67_2_reg_3670  |   16   |
|   trunc_ln67_3_reg_3755  |   16   |
+--------------------------+--------+
|           Total          |  1633  |
+--------------------------+--------+

* Multiplexer (MUX) list: 
|-------------------|------|------|------|--------||---------||---------||---------|
|        Comp       |  Pin | Size |  BW  | S x BW ||  Delay  ||    FF   ||   LUT   |
|-------------------|------|------|------|--------||---------||---------||---------|
| grp_access_fu_292 |  p2  |   8  |   0  |    0   ||    0    ||    3    |
| grp_access_fu_292 |  p4  |   8  |   9  |   72   ||    0    ||    48   |
| grp_access_fu_302 |  p2  |   8  |   0  |    0   ||    0    ||    3    |
| grp_access_fu_302 |  p4  |   8  |   9  |   72   ||    0    ||    48   |
| grp_access_fu_312 |  p2  |   8  |   0  |    0   ||    0    ||    3    |
| grp_access_fu_312 |  p4  |   8  |   9  |   72   ||    0    ||    48   |
| grp_access_fu_322 |  p2  |   8  |   0  |    0   ||    0    ||    3    |
| grp_access_fu_322 |  p4  |   8  |   9  |   72   ||    0    ||    48   |
| grp_access_fu_332 |  p2  |   8  |   0  |    0   ||    0    ||    3    |
| grp_access_fu_332 |  p4  |   8  |   9  |   72   ||    0    ||    48   |
| grp_access_fu_342 |  p2  |   8  |   0  |    0   ||    0    ||    3    |
| grp_access_fu_342 |  p4  |   8  |   9  |   72   ||    0    ||    48   |
| grp_access_fu_352 |  p2  |   8  |   0  |    0   ||    0    ||    3    |
| grp_access_fu_352 |  p4  |   8  |   9  |   72   ||    0    ||    48   |
| grp_access_fu_362 |  p2  |   8  |   0  |    0   ||    0    ||    3    |
| grp_access_fu_362 |  p4  |   8  |   9  |   72   ||    0    ||    48   |
| grp_access_fu_372 |  p2  |   8  |   0  |    0   ||    0    ||    3    |
| grp_access_fu_372 |  p4  |   8  |   9  |   72   ||    0    ||    48   |
| grp_access_fu_382 |  p2  |   8  |   0  |    0   ||    0    ||    3    |
| grp_access_fu_382 |  p4  |   8  |   9  |   72   ||    0    ||    48   |
| grp_access_fu_392 |  p2  |   8  |   0  |    0   ||    0    ||    3    |
| grp_access_fu_392 |  p4  |   8  |   9  |   72   ||    0    ||    48   |
| grp_access_fu_402 |  p2  |   8  |   0  |    0   ||    0    ||    3    |
| grp_access_fu_402 |  p4  |   8  |   9  |   72   ||    0    ||    48   |
| grp_access_fu_412 |  p2  |   8  |   0  |    0   ||    0    ||    3    |
| grp_access_fu_412 |  p4  |   8  |   9  |   72   ||    0    ||    48   |
| grp_access_fu_422 |  p2  |   8  |   0  |    0   ||    0    ||    3    |
| grp_access_fu_422 |  p4  |   8  |   9  |   72   ||    0    ||    48   |
| grp_access_fu_432 |  p2  |   8  |   0  |    0   ||    0    ||    3    |
| grp_access_fu_432 |  p4  |   8  |   9  |   72   ||    0    ||    48   |
| grp_access_fu_442 |  p2  |   8  |   0  |    0   ||    0    ||    3    |
| grp_access_fu_442 |  p4  |   8  |   9  |   72   ||    0    ||    48   |
|  grp_read_fu_1348 |  p1  |   2  |  512 |  1024  ||    0    ||   118   |
|-------------------|------|------|------|--------||---------||---------||---------|
|       Total       |      |      |      |  2176  ||  20.195 ||    0    ||   934   |
|-------------------|------|------|------|--------||---------||---------||---------|



* Summary:
+-----------+--------+--------+--------+
|           |  Delay |   FF   |   LUT  |
+-----------+--------+--------+--------+
|  Function |    -   |    0   |   26   |
|   Memory  |    -   |    -   |    -   |
|Multiplexer|   20   |    0   |   934  |
|  Register |    -   |  1633  |    -   |
+-----------+--------+--------+--------+
|   Total   |   20   |  1633  |   960  |
+-----------+--------+--------+--------+
