

================================================================
== Vitis HLS Report for 'normalize_output'
================================================================
* Date:           Sun Mar 22 18:06:19 2026

* Version:        2025.1 (Build 6135595 on May 21 2025)
* Project:        FlashAtt1
* Solution:       hls (Vivado IP Flow Target)
* Product family: versalhbm
* Target device:  xcvh1582-lsva4737-2LHP-e-S


================================================================
== Performance Estimates
================================================================
+ Timing: 
    * Summary: 
    +--------+----------+----------+------------+
    |  Clock |  Target  | Estimated| Uncertainty|
    +--------+----------+----------+------------+
    |ap_clk  |  10.00 ns|  6.969 ns|     2.70 ns|
    +--------+----------+----------+------------+

+ Latency: 
    * Summary: 
    +---------+---------+----------+----------+-----+-----+------------------------------------------------+
    |  Latency (cycles) |  Latency (absolute) |  Interval |                    Pipeline                    |
    |   min   |   max   |    min   |    max   | min | max |                      Type                      |
    +---------+---------+----------+----------+-----+-----+------------------------------------------------+
    |        ?|        ?|         ?|         ?|    0|    0|  loop auto-rewind stp (delay=0 clock cycles(s))|
    +---------+---------+----------+----------+-----+-----+------------------------------------------------+

    + Detail: 
        * Instance: 
        N/A

        * Loop: 
        +-----------------------+---------+---------+----------+-----------+-----------+------+----------+
        |                       |  Latency (cycles) | Iteration|  Initiation Interval  | Trip |          |
        |       Loop Name       |   min   |   max   |  Latency |  achieved |   target  | Count| Pipelined|
        +-----------------------+---------+---------+----------+-----------+-----------+------+----------+
        |- NORM_ROWS_NORM_COLS  |        ?|        ?|         8|          1|          1|     ?|       yes|
        +-----------------------+---------+---------+----------+-----------+-----------+------+----------+

============================================================
+ Verbose Summary: Synthesis Manager
============================================================
InlineROM: 1
ExposeGlobal: 0
============================================================
+ Verbose Summary: CDFG Model
============================================================
IsTopModel: 0
ResetActiveHigh: 1
IsCombinational: 0
IsDatapathOnly: 0
HasWiredReturn: 1
HasMFsm: 2
HasVarLatency: 1
IsPipeline: 0
IsRtlPipelined: 0
IsInstanceOverlapped: 0
IsDontTouch: 0
HasImplIP: 0
IsGatedGlobalClock: 0

+ Individual pipeline summary: 
  * Pipeline-0: initiation interval (II) = 1, depth = 9


============================================================
+ Verbose Summary: Schedule
============================================================
* Number of FSM states : 9
* Pipeline : 1
  Pipeline-0 : II = 1, D = 9, States = { 1 2 3 4 5 6 7 8 9 }
* Dataflow Pipeline: 0

* FSM state transitions: 
1 --> 2 
2 --> 3 
3 --> 4 
4 --> 5 
5 --> 6 
6 --> 7 
7 --> 8 
8 --> 9 
9 --> 

* FSM state operations: 

State 1 <SV = 0> <Delay = 1.08>
ST_1 : Operation 11 [1/1] (0.00ns)   --->   "%k = alloca i32 1" [./flashattentionsoftmax.h:197]   --->   Operation 11 'alloca' 'k' <Predicate = true> <Delay = 0.00>
ST_1 : Operation 12 [1/1] (0.00ns)   --->   "%i = alloca i32 1" [./flashattentionsoftmax.h:193]   --->   Operation 12 'alloca' 'i' <Predicate = true> <Delay = 0.00>
ST_1 : Operation 13 [1/1] (0.00ns)   --->   "%indvar_flatten = alloca i32 1"   --->   Operation 13 'alloca' 'indvar_flatten' <Predicate = true> <Delay = 0.00>
ST_1 : Operation 14 [1/1] (0.00ns)   --->   "%br_actual_read = read i32 @_ssdm_op_Read.ap_auto.i32, i32 %br_actual"   --->   Operation 14 'read' 'br_actual_read' <Predicate = true> <Delay = 0.00>
ST_1 : Operation 15 [1/1] (0.00ns)   --->   "%l_i_63_val_read = read i32 @_ssdm_op_Read.ap_auto.float, i32 %l_i_63_val"   --->   Operation 15 'read' 'l_i_63_val_read' <Predicate = true> <Delay = 0.00>
ST_1 : Operation 16 [1/1] (0.00ns)   --->   "%l_i_62_val_read = read i32 @_ssdm_op_Read.ap_auto.float, i32 %l_i_62_val"   --->   Operation 16 'read' 'l_i_62_val_read' <Predicate = true> <Delay = 0.00>
ST_1 : Operation 17 [1/1] (0.00ns)   --->   "%l_i_61_val_read = read i32 @_ssdm_op_Read.ap_auto.float, i32 %l_i_61_val"   --->   Operation 17 'read' 'l_i_61_val_read' <Predicate = true> <Delay = 0.00>
ST_1 : Operation 18 [1/1] (0.00ns)   --->   "%l_i_60_val_read = read i32 @_ssdm_op_Read.ap_auto.float, i32 %l_i_60_val"   --->   Operation 18 'read' 'l_i_60_val_read' <Predicate = true> <Delay = 0.00>
ST_1 : Operation 19 [1/1] (0.00ns)   --->   "%l_i_59_val_read = read i32 @_ssdm_op_Read.ap_auto.float, i32 %l_i_59_val"   --->   Operation 19 'read' 'l_i_59_val_read' <Predicate = true> <Delay = 0.00>
ST_1 : Operation 20 [1/1] (0.00ns)   --->   "%l_i_58_val_read = read i32 @_ssdm_op_Read.ap_auto.float, i32 %l_i_58_val"   --->   Operation 20 'read' 'l_i_58_val_read' <Predicate = true> <Delay = 0.00>
ST_1 : Operation 21 [1/1] (0.00ns)   --->   "%l_i_57_val_read = read i32 @_ssdm_op_Read.ap_auto.float, i32 %l_i_57_val"   --->   Operation 21 'read' 'l_i_57_val_read' <Predicate = true> <Delay = 0.00>
ST_1 : Operation 22 [1/1] (0.00ns)   --->   "%l_i_56_val_read = read i32 @_ssdm_op_Read.ap_auto.float, i32 %l_i_56_val"   --->   Operation 22 'read' 'l_i_56_val_read' <Predicate = true> <Delay = 0.00>
ST_1 : Operation 23 [1/1] (0.00ns)   --->   "%l_i_55_val_read = read i32 @_ssdm_op_Read.ap_auto.float, i32 %l_i_55_val"   --->   Operation 23 'read' 'l_i_55_val_read' <Predicate = true> <Delay = 0.00>
ST_1 : Operation 24 [1/1] (0.00ns)   --->   "%l_i_54_val_read = read i32 @_ssdm_op_Read.ap_auto.float, i32 %l_i_54_val"   --->   Operation 24 'read' 'l_i_54_val_read' <Predicate = true> <Delay = 0.00>
ST_1 : Operation 25 [1/1] (0.00ns)   --->   "%l_i_53_val_read = read i32 @_ssdm_op_Read.ap_auto.float, i32 %l_i_53_val"   --->   Operation 25 'read' 'l_i_53_val_read' <Predicate = true> <Delay = 0.00>
ST_1 : Operation 26 [1/1] (0.00ns)   --->   "%l_i_52_val_read = read i32 @_ssdm_op_Read.ap_auto.float, i32 %l_i_52_val"   --->   Operation 26 'read' 'l_i_52_val_read' <Predicate = true> <Delay = 0.00>
ST_1 : Operation 27 [1/1] (0.00ns)   --->   "%l_i_51_val_read = read i32 @_ssdm_op_Read.ap_auto.float, i32 %l_i_51_val"   --->   Operation 27 'read' 'l_i_51_val_read' <Predicate = true> <Delay = 0.00>
ST_1 : Operation 28 [1/1] (0.00ns)   --->   "%l_i_50_val_read = read i32 @_ssdm_op_Read.ap_auto.float, i32 %l_i_50_val"   --->   Operation 28 'read' 'l_i_50_val_read' <Predicate = true> <Delay = 0.00>
ST_1 : Operation 29 [1/1] (0.00ns)   --->   "%l_i_49_val_read = read i32 @_ssdm_op_Read.ap_auto.float, i32 %l_i_49_val"   --->   Operation 29 'read' 'l_i_49_val_read' <Predicate = true> <Delay = 0.00>
ST_1 : Operation 30 [1/1] (0.00ns)   --->   "%l_i_48_val_read = read i32 @_ssdm_op_Read.ap_auto.float, i32 %l_i_48_val"   --->   Operation 30 'read' 'l_i_48_val_read' <Predicate = true> <Delay = 0.00>
ST_1 : Operation 31 [1/1] (0.00ns)   --->   "%l_i_47_val_read = read i32 @_ssdm_op_Read.ap_auto.float, i32 %l_i_47_val"   --->   Operation 31 'read' 'l_i_47_val_read' <Predicate = true> <Delay = 0.00>
ST_1 : Operation 32 [1/1] (0.00ns)   --->   "%l_i_46_val_read = read i32 @_ssdm_op_Read.ap_auto.float, i32 %l_i_46_val"   --->   Operation 32 'read' 'l_i_46_val_read' <Predicate = true> <Delay = 0.00>
ST_1 : Operation 33 [1/1] (0.00ns)   --->   "%l_i_45_val_read = read i32 @_ssdm_op_Read.ap_auto.float, i32 %l_i_45_val"   --->   Operation 33 'read' 'l_i_45_val_read' <Predicate = true> <Delay = 0.00>
ST_1 : Operation 34 [1/1] (0.00ns)   --->   "%l_i_44_val_read = read i32 @_ssdm_op_Read.ap_auto.float, i32 %l_i_44_val"   --->   Operation 34 'read' 'l_i_44_val_read' <Predicate = true> <Delay = 0.00>
ST_1 : Operation 35 [1/1] (0.00ns)   --->   "%l_i_43_val_read = read i32 @_ssdm_op_Read.ap_auto.float, i32 %l_i_43_val"   --->   Operation 35 'read' 'l_i_43_val_read' <Predicate = true> <Delay = 0.00>
ST_1 : Operation 36 [1/1] (0.00ns)   --->   "%l_i_42_val_read = read i32 @_ssdm_op_Read.ap_auto.float, i32 %l_i_42_val"   --->   Operation 36 'read' 'l_i_42_val_read' <Predicate = true> <Delay = 0.00>
ST_1 : Operation 37 [1/1] (0.00ns)   --->   "%l_i_41_val_read = read i32 @_ssdm_op_Read.ap_auto.float, i32 %l_i_41_val"   --->   Operation 37 'read' 'l_i_41_val_read' <Predicate = true> <Delay = 0.00>
ST_1 : Operation 38 [1/1] (0.00ns)   --->   "%l_i_40_val_read = read i32 @_ssdm_op_Read.ap_auto.float, i32 %l_i_40_val"   --->   Operation 38 'read' 'l_i_40_val_read' <Predicate = true> <Delay = 0.00>
ST_1 : Operation 39 [1/1] (0.00ns)   --->   "%l_i_39_val_read = read i32 @_ssdm_op_Read.ap_auto.float, i32 %l_i_39_val"   --->   Operation 39 'read' 'l_i_39_val_read' <Predicate = true> <Delay = 0.00>
ST_1 : Operation 40 [1/1] (0.00ns)   --->   "%l_i_38_val_read = read i32 @_ssdm_op_Read.ap_auto.float, i32 %l_i_38_val"   --->   Operation 40 'read' 'l_i_38_val_read' <Predicate = true> <Delay = 0.00>
ST_1 : Operation 41 [1/1] (0.00ns)   --->   "%l_i_37_val_read = read i32 @_ssdm_op_Read.ap_auto.float, i32 %l_i_37_val"   --->   Operation 41 'read' 'l_i_37_val_read' <Predicate = true> <Delay = 0.00>
ST_1 : Operation 42 [1/1] (0.00ns)   --->   "%l_i_36_val_read = read i32 @_ssdm_op_Read.ap_auto.float, i32 %l_i_36_val"   --->   Operation 42 'read' 'l_i_36_val_read' <Predicate = true> <Delay = 0.00>
ST_1 : Operation 43 [1/1] (0.00ns)   --->   "%l_i_35_val_read = read i32 @_ssdm_op_Read.ap_auto.float, i32 %l_i_35_val"   --->   Operation 43 'read' 'l_i_35_val_read' <Predicate = true> <Delay = 0.00>
ST_1 : Operation 44 [1/1] (0.00ns)   --->   "%l_i_34_val_read = read i32 @_ssdm_op_Read.ap_auto.float, i32 %l_i_34_val"   --->   Operation 44 'read' 'l_i_34_val_read' <Predicate = true> <Delay = 0.00>
ST_1 : Operation 45 [1/1] (0.00ns)   --->   "%l_i_33_val_read = read i32 @_ssdm_op_Read.ap_auto.float, i32 %l_i_33_val"   --->   Operation 45 'read' 'l_i_33_val_read' <Predicate = true> <Delay = 0.00>
ST_1 : Operation 46 [1/1] (0.00ns)   --->   "%l_i_32_val_read = read i32 @_ssdm_op_Read.ap_auto.float, i32 %l_i_32_val"   --->   Operation 46 'read' 'l_i_32_val_read' <Predicate = true> <Delay = 0.00>
ST_1 : Operation 47 [1/1] (0.00ns)   --->   "%l_i_31_val_read = read i32 @_ssdm_op_Read.ap_auto.float, i32 %l_i_31_val"   --->   Operation 47 'read' 'l_i_31_val_read' <Predicate = true> <Delay = 0.00>
ST_1 : Operation 48 [1/1] (0.00ns)   --->   "%l_i_30_val_read = read i32 @_ssdm_op_Read.ap_auto.float, i32 %l_i_30_val"   --->   Operation 48 'read' 'l_i_30_val_read' <Predicate = true> <Delay = 0.00>
ST_1 : Operation 49 [1/1] (0.00ns)   --->   "%l_i_29_val_read = read i32 @_ssdm_op_Read.ap_auto.float, i32 %l_i_29_val"   --->   Operation 49 'read' 'l_i_29_val_read' <Predicate = true> <Delay = 0.00>
ST_1 : Operation 50 [1/1] (0.00ns)   --->   "%l_i_28_val_read = read i32 @_ssdm_op_Read.ap_auto.float, i32 %l_i_28_val"   --->   Operation 50 'read' 'l_i_28_val_read' <Predicate = true> <Delay = 0.00>
ST_1 : Operation 51 [1/1] (0.00ns)   --->   "%l_i_27_val_read = read i32 @_ssdm_op_Read.ap_auto.float, i32 %l_i_27_val"   --->   Operation 51 'read' 'l_i_27_val_read' <Predicate = true> <Delay = 0.00>
ST_1 : Operation 52 [1/1] (0.00ns)   --->   "%l_i_26_val_read = read i32 @_ssdm_op_Read.ap_auto.float, i32 %l_i_26_val"   --->   Operation 52 'read' 'l_i_26_val_read' <Predicate = true> <Delay = 0.00>
ST_1 : Operation 53 [1/1] (0.00ns)   --->   "%l_i_25_val_read = read i32 @_ssdm_op_Read.ap_auto.float, i32 %l_i_25_val"   --->   Operation 53 'read' 'l_i_25_val_read' <Predicate = true> <Delay = 0.00>
ST_1 : Operation 54 [1/1] (0.00ns)   --->   "%l_i_24_val_read = read i32 @_ssdm_op_Read.ap_auto.float, i32 %l_i_24_val"   --->   Operation 54 'read' 'l_i_24_val_read' <Predicate = true> <Delay = 0.00>
ST_1 : Operation 55 [1/1] (0.00ns)   --->   "%l_i_23_val_read = read i32 @_ssdm_op_Read.ap_auto.float, i32 %l_i_23_val"   --->   Operation 55 'read' 'l_i_23_val_read' <Predicate = true> <Delay = 0.00>
ST_1 : Operation 56 [1/1] (0.00ns)   --->   "%l_i_22_val_read = read i32 @_ssdm_op_Read.ap_auto.float, i32 %l_i_22_val"   --->   Operation 56 'read' 'l_i_22_val_read' <Predicate = true> <Delay = 0.00>
ST_1 : Operation 57 [1/1] (0.00ns)   --->   "%l_i_21_val_read = read i32 @_ssdm_op_Read.ap_auto.float, i32 %l_i_21_val"   --->   Operation 57 'read' 'l_i_21_val_read' <Predicate = true> <Delay = 0.00>
ST_1 : Operation 58 [1/1] (0.00ns)   --->   "%l_i_20_val_read = read i32 @_ssdm_op_Read.ap_auto.float, i32 %l_i_20_val"   --->   Operation 58 'read' 'l_i_20_val_read' <Predicate = true> <Delay = 0.00>
ST_1 : Operation 59 [1/1] (0.00ns)   --->   "%l_i_19_val_read = read i32 @_ssdm_op_Read.ap_auto.float, i32 %l_i_19_val"   --->   Operation 59 'read' 'l_i_19_val_read' <Predicate = true> <Delay = 0.00>
ST_1 : Operation 60 [1/1] (0.00ns)   --->   "%l_i_18_val_read = read i32 @_ssdm_op_Read.ap_auto.float, i32 %l_i_18_val"   --->   Operation 60 'read' 'l_i_18_val_read' <Predicate = true> <Delay = 0.00>
ST_1 : Operation 61 [1/1] (0.00ns)   --->   "%l_i_17_val_read = read i32 @_ssdm_op_Read.ap_auto.float, i32 %l_i_17_val"   --->   Operation 61 'read' 'l_i_17_val_read' <Predicate = true> <Delay = 0.00>
ST_1 : Operation 62 [1/1] (0.00ns)   --->   "%l_i_16_val_read = read i32 @_ssdm_op_Read.ap_auto.float, i32 %l_i_16_val"   --->   Operation 62 'read' 'l_i_16_val_read' <Predicate = true> <Delay = 0.00>
ST_1 : Operation 63 [1/1] (0.00ns)   --->   "%l_i_15_val_read = read i32 @_ssdm_op_Read.ap_auto.float, i32 %l_i_15_val"   --->   Operation 63 'read' 'l_i_15_val_read' <Predicate = true> <Delay = 0.00>
ST_1 : Operation 64 [1/1] (0.00ns)   --->   "%l_i_14_val_read = read i32 @_ssdm_op_Read.ap_auto.float, i32 %l_i_14_val"   --->   Operation 64 'read' 'l_i_14_val_read' <Predicate = true> <Delay = 0.00>
ST_1 : Operation 65 [1/1] (0.00ns)   --->   "%l_i_13_val_read = read i32 @_ssdm_op_Read.ap_auto.float, i32 %l_i_13_val"   --->   Operation 65 'read' 'l_i_13_val_read' <Predicate = true> <Delay = 0.00>
ST_1 : Operation 66 [1/1] (0.00ns)   --->   "%l_i_12_val_read = read i32 @_ssdm_op_Read.ap_auto.float, i32 %l_i_12_val"   --->   Operation 66 'read' 'l_i_12_val_read' <Predicate = true> <Delay = 0.00>
ST_1 : Operation 67 [1/1] (0.00ns)   --->   "%l_i_11_val_read = read i32 @_ssdm_op_Read.ap_auto.float, i32 %l_i_11_val"   --->   Operation 67 'read' 'l_i_11_val_read' <Predicate = true> <Delay = 0.00>
ST_1 : Operation 68 [1/1] (0.00ns)   --->   "%l_i_10_val_read = read i32 @_ssdm_op_Read.ap_auto.float, i32 %l_i_10_val"   --->   Operation 68 'read' 'l_i_10_val_read' <Predicate = true> <Delay = 0.00>
ST_1 : Operation 69 [1/1] (0.00ns)   --->   "%l_i_9_val_read = read i32 @_ssdm_op_Read.ap_auto.float, i32 %l_i_9_val"   --->   Operation 69 'read' 'l_i_9_val_read' <Predicate = true> <Delay = 0.00>
ST_1 : Operation 70 [1/1] (0.00ns)   --->   "%l_i_8_val_read = read i32 @_ssdm_op_Read.ap_auto.float, i32 %l_i_8_val"   --->   Operation 70 'read' 'l_i_8_val_read' <Predicate = true> <Delay = 0.00>
ST_1 : Operation 71 [1/1] (0.00ns)   --->   "%l_i_7_val_read = read i32 @_ssdm_op_Read.ap_auto.float, i32 %l_i_7_val"   --->   Operation 71 'read' 'l_i_7_val_read' <Predicate = true> <Delay = 0.00>
ST_1 : Operation 72 [1/1] (0.00ns)   --->   "%l_i_6_val_read = read i32 @_ssdm_op_Read.ap_auto.float, i32 %l_i_6_val"   --->   Operation 72 'read' 'l_i_6_val_read' <Predicate = true> <Delay = 0.00>
ST_1 : Operation 73 [1/1] (0.00ns)   --->   "%l_i_5_val_read = read i32 @_ssdm_op_Read.ap_auto.float, i32 %l_i_5_val"   --->   Operation 73 'read' 'l_i_5_val_read' <Predicate = true> <Delay = 0.00>
ST_1 : Operation 74 [1/1] (0.00ns)   --->   "%l_i_4_val_read = read i32 @_ssdm_op_Read.ap_auto.float, i32 %l_i_4_val"   --->   Operation 74 'read' 'l_i_4_val_read' <Predicate = true> <Delay = 0.00>
ST_1 : Operation 75 [1/1] (0.00ns)   --->   "%l_i_3_val_read = read i32 @_ssdm_op_Read.ap_auto.float, i32 %l_i_3_val"   --->   Operation 75 'read' 'l_i_3_val_read' <Predicate = true> <Delay = 0.00>
ST_1 : Operation 76 [1/1] (0.00ns)   --->   "%l_i_2_val_read = read i32 @_ssdm_op_Read.ap_auto.float, i32 %l_i_2_val"   --->   Operation 76 'read' 'l_i_2_val_read' <Predicate = true> <Delay = 0.00>
ST_1 : Operation 77 [1/1] (0.00ns)   --->   "%l_i_1_val_read = read i32 @_ssdm_op_Read.ap_auto.float, i32 %l_i_1_val"   --->   Operation 77 'read' 'l_i_1_val_read' <Predicate = true> <Delay = 0.00>
ST_1 : Operation 78 [1/1] (0.00ns)   --->   "%l_i_0_val_read = read i32 @_ssdm_op_Read.ap_auto.float, i32 %l_i_0_val"   --->   Operation 78 'read' 'l_i_0_val_read' <Predicate = true> <Delay = 0.00>
ST_1 : Operation 79 [1/1] (0.00ns)   --->   "%empty = trunc i32 %br_actual_read"   --->   Operation 79 'trunc' 'empty' <Predicate = true> <Delay = 0.00>
ST_1 : Operation 80 [1/1] (0.00ns)   --->   "%specmemcore_ln0 = specmemcore void @_ssdm_op_SpecMemCore, i32 %O_fp32_0, i64 666, i64 22, i64 18446744073709551615"   --->   Operation 80 'specmemcore' 'specmemcore_ln0' <Predicate = true> <Delay = 0.00>
ST_1 : Operation 81 [1/1] (0.00ns)   --->   "%specmemcore_ln0 = specmemcore void @_ssdm_op_SpecMemCore, i32 %O_fp32_1, i64 666, i64 22, i64 18446744073709551615"   --->   Operation 81 'specmemcore' 'specmemcore_ln0' <Predicate = true> <Delay = 0.00>
ST_1 : Operation 82 [1/1] (0.00ns)   --->   "%specmemcore_ln0 = specmemcore void @_ssdm_op_SpecMemCore, i32 %O_fp32_2, i64 666, i64 22, i64 18446744073709551615"   --->   Operation 82 'specmemcore' 'specmemcore_ln0' <Predicate = true> <Delay = 0.00>
ST_1 : Operation 83 [1/1] (0.00ns)   --->   "%specmemcore_ln0 = specmemcore void @_ssdm_op_SpecMemCore, i32 %O_fp32_3, i64 666, i64 22, i64 18446744073709551615"   --->   Operation 83 'specmemcore' 'specmemcore_ln0' <Predicate = true> <Delay = 0.00>
ST_1 : Operation 84 [1/1] (0.00ns)   --->   "%specmemcore_ln0 = specmemcore void @_ssdm_op_SpecMemCore, i32 %O_fp32_4, i64 666, i64 22, i64 18446744073709551615"   --->   Operation 84 'specmemcore' 'specmemcore_ln0' <Predicate = true> <Delay = 0.00>
ST_1 : Operation 85 [1/1] (0.00ns)   --->   "%specmemcore_ln0 = specmemcore void @_ssdm_op_SpecMemCore, i32 %O_fp32_5, i64 666, i64 22, i64 18446744073709551615"   --->   Operation 85 'specmemcore' 'specmemcore_ln0' <Predicate = true> <Delay = 0.00>
ST_1 : Operation 86 [1/1] (0.00ns)   --->   "%specmemcore_ln0 = specmemcore void @_ssdm_op_SpecMemCore, i32 %O_fp32_6, i64 666, i64 22, i64 18446744073709551615"   --->   Operation 86 'specmemcore' 'specmemcore_ln0' <Predicate = true> <Delay = 0.00>
ST_1 : Operation 87 [1/1] (0.00ns)   --->   "%specmemcore_ln0 = specmemcore void @_ssdm_op_SpecMemCore, i32 %O_fp32_7, i64 666, i64 22, i64 18446744073709551615"   --->   Operation 87 'specmemcore' 'specmemcore_ln0' <Predicate = true> <Delay = 0.00>
ST_1 : Operation 88 [1/1] (0.00ns)   --->   "%specmemcore_ln0 = specmemcore void @_ssdm_op_SpecMemCore, i32 %O_fp32_8, i64 666, i64 22, i64 18446744073709551615"   --->   Operation 88 'specmemcore' 'specmemcore_ln0' <Predicate = true> <Delay = 0.00>
ST_1 : Operation 89 [1/1] (0.00ns)   --->   "%specmemcore_ln0 = specmemcore void @_ssdm_op_SpecMemCore, i32 %O_fp32_9, i64 666, i64 22, i64 18446744073709551615"   --->   Operation 89 'specmemcore' 'specmemcore_ln0' <Predicate = true> <Delay = 0.00>
ST_1 : Operation 90 [1/1] (0.00ns)   --->   "%specmemcore_ln0 = specmemcore void @_ssdm_op_SpecMemCore, i32 %O_fp32_10, i64 666, i64 22, i64 18446744073709551615"   --->   Operation 90 'specmemcore' 'specmemcore_ln0' <Predicate = true> <Delay = 0.00>
ST_1 : Operation 91 [1/1] (0.00ns)   --->   "%specmemcore_ln0 = specmemcore void @_ssdm_op_SpecMemCore, i32 %O_fp32_11, i64 666, i64 22, i64 18446744073709551615"   --->   Operation 91 'specmemcore' 'specmemcore_ln0' <Predicate = true> <Delay = 0.00>
ST_1 : Operation 92 [1/1] (0.00ns)   --->   "%specmemcore_ln0 = specmemcore void @_ssdm_op_SpecMemCore, i32 %O_fp32_12, i64 666, i64 22, i64 18446744073709551615"   --->   Operation 92 'specmemcore' 'specmemcore_ln0' <Predicate = true> <Delay = 0.00>
ST_1 : Operation 93 [1/1] (0.00ns)   --->   "%specmemcore_ln0 = specmemcore void @_ssdm_op_SpecMemCore, i32 %O_fp32_13, i64 666, i64 22, i64 18446744073709551615"   --->   Operation 93 'specmemcore' 'specmemcore_ln0' <Predicate = true> <Delay = 0.00>
ST_1 : Operation 94 [1/1] (0.00ns)   --->   "%specmemcore_ln0 = specmemcore void @_ssdm_op_SpecMemCore, i32 %O_fp32_14, i64 666, i64 22, i64 18446744073709551615"   --->   Operation 94 'specmemcore' 'specmemcore_ln0' <Predicate = true> <Delay = 0.00>
ST_1 : Operation 95 [1/1] (0.00ns)   --->   "%specmemcore_ln0 = specmemcore void @_ssdm_op_SpecMemCore, i32 %O_fp32_15, i64 666, i64 22, i64 18446744073709551615"   --->   Operation 95 'specmemcore' 'specmemcore_ln0' <Predicate = true> <Delay = 0.00>
ST_1 : Operation 96 [1/1] (0.00ns)   --->   "%specmemcore_ln0 = specmemcore void @_ssdm_op_SpecMemCore, i16 %O_fp16_0, i64 666, i64 22, i64 18446744073709551615"   --->   Operation 96 'specmemcore' 'specmemcore_ln0' <Predicate = true> <Delay = 0.00>
ST_1 : Operation 97 [1/1] (0.00ns)   --->   "%specmemcore_ln0 = specmemcore void @_ssdm_op_SpecMemCore, i16 %O_fp16_1, i64 666, i64 22, i64 18446744073709551615"   --->   Operation 97 'specmemcore' 'specmemcore_ln0' <Predicate = true> <Delay = 0.00>
ST_1 : Operation 98 [1/1] (0.00ns)   --->   "%specmemcore_ln0 = specmemcore void @_ssdm_op_SpecMemCore, i16 %O_fp16_2, i64 666, i64 22, i64 18446744073709551615"   --->   Operation 98 'specmemcore' 'specmemcore_ln0' <Predicate = true> <Delay = 0.00>
ST_1 : Operation 99 [1/1] (0.00ns)   --->   "%specmemcore_ln0 = specmemcore void @_ssdm_op_SpecMemCore, i16 %O_fp16_3, i64 666, i64 22, i64 18446744073709551615"   --->   Operation 99 'specmemcore' 'specmemcore_ln0' <Predicate = true> <Delay = 0.00>
ST_1 : Operation 100 [1/1] (0.00ns)   --->   "%specmemcore_ln0 = specmemcore void @_ssdm_op_SpecMemCore, i16 %O_fp16_4, i64 666, i64 22, i64 18446744073709551615"   --->   Operation 100 'specmemcore' 'specmemcore_ln0' <Predicate = true> <Delay = 0.00>
ST_1 : Operation 101 [1/1] (0.00ns)   --->   "%specmemcore_ln0 = specmemcore void @_ssdm_op_SpecMemCore, i16 %O_fp16_5, i64 666, i64 22, i64 18446744073709551615"   --->   Operation 101 'specmemcore' 'specmemcore_ln0' <Predicate = true> <Delay = 0.00>
ST_1 : Operation 102 [1/1] (0.00ns)   --->   "%specmemcore_ln0 = specmemcore void @_ssdm_op_SpecMemCore, i16 %O_fp16_6, i64 666, i64 22, i64 18446744073709551615"   --->   Operation 102 'specmemcore' 'specmemcore_ln0' <Predicate = true> <Delay = 0.00>
ST_1 : Operation 103 [1/1] (0.00ns)   --->   "%specmemcore_ln0 = specmemcore void @_ssdm_op_SpecMemCore, i16 %O_fp16_7, i64 666, i64 22, i64 18446744073709551615"   --->   Operation 103 'specmemcore' 'specmemcore_ln0' <Predicate = true> <Delay = 0.00>
ST_1 : Operation 104 [1/1] (0.00ns)   --->   "%specmemcore_ln0 = specmemcore void @_ssdm_op_SpecMemCore, i16 %O_fp16_8, i64 666, i64 22, i64 18446744073709551615"   --->   Operation 104 'specmemcore' 'specmemcore_ln0' <Predicate = true> <Delay = 0.00>
ST_1 : Operation 105 [1/1] (0.00ns)   --->   "%specmemcore_ln0 = specmemcore void @_ssdm_op_SpecMemCore, i16 %O_fp16_9, i64 666, i64 22, i64 18446744073709551615"   --->   Operation 105 'specmemcore' 'specmemcore_ln0' <Predicate = true> <Delay = 0.00>
ST_1 : Operation 106 [1/1] (0.00ns)   --->   "%specmemcore_ln0 = specmemcore void @_ssdm_op_SpecMemCore, i16 %O_fp16_10, i64 666, i64 22, i64 18446744073709551615"   --->   Operation 106 'specmemcore' 'specmemcore_ln0' <Predicate = true> <Delay = 0.00>
ST_1 : Operation 107 [1/1] (0.00ns)   --->   "%specmemcore_ln0 = specmemcore void @_ssdm_op_SpecMemCore, i16 %O_fp16_11, i64 666, i64 22, i64 18446744073709551615"   --->   Operation 107 'specmemcore' 'specmemcore_ln0' <Predicate = true> <Delay = 0.00>
ST_1 : Operation 108 [1/1] (0.00ns)   --->   "%specmemcore_ln0 = specmemcore void @_ssdm_op_SpecMemCore, i16 %O_fp16_12, i64 666, i64 22, i64 18446744073709551615"   --->   Operation 108 'specmemcore' 'specmemcore_ln0' <Predicate = true> <Delay = 0.00>
ST_1 : Operation 109 [1/1] (0.00ns)   --->   "%specmemcore_ln0 = specmemcore void @_ssdm_op_SpecMemCore, i16 %O_fp16_13, i64 666, i64 22, i64 18446744073709551615"   --->   Operation 109 'specmemcore' 'specmemcore_ln0' <Predicate = true> <Delay = 0.00>
ST_1 : Operation 110 [1/1] (0.00ns)   --->   "%specmemcore_ln0 = specmemcore void @_ssdm_op_SpecMemCore, i16 %O_fp16_14, i64 666, i64 22, i64 18446744073709551615"   --->   Operation 110 'specmemcore' 'specmemcore_ln0' <Predicate = true> <Delay = 0.00>
ST_1 : Operation 111 [1/1] (0.00ns)   --->   "%specmemcore_ln0 = specmemcore void @_ssdm_op_SpecMemCore, i16 %O_fp16_15, i64 666, i64 22, i64 18446744073709551615"   --->   Operation 111 'specmemcore' 'specmemcore_ln0' <Predicate = true> <Delay = 0.00>
ST_1 : Operation 112 [1/1] (0.67ns)   --->   "%empty_75 = icmp_sgt  i32 %br_actual_read, i32 0"   --->   Operation 112 'icmp' 'empty_75' <Predicate = true> <Delay = 0.67> <CoreInst = "Cmp">   --->   Core 9 'Cmp' <Latency = 0> <II = 1> <Delay = 0.67> <FuncUnit> <Opcode : 'setle' 'setge' 'setlt' 'setgt'> <InPorts = 2> <OutPorts = 1>
ST_1 : Operation 113 [1/1] (0.41ns)   --->   "%empty_76 = select i1 %empty_75, i31 %empty, i31 0"   --->   Operation 113 'select' 'empty_76' <Predicate = true> <Delay = 0.41> <CoreInst = "Sel">   --->   Core 77 'Sel' <Latency = 0> <II = 1> <Delay = 0.41> <FuncUnit> <Opcode : 'select'> <InPorts = 3> <OutPorts = 1>
ST_1 : Operation 114 [1/1] (0.00ns)   --->   "%tmp_s = bitconcatenate i34 @_ssdm_op_BitConcatenate.i34.i31.i3, i31 %empty_76, i3 0"   --->   Operation 114 'bitconcatenate' 'tmp_s' <Predicate = true> <Delay = 0.00>
ST_1 : Operation 115 [1/1] (0.46ns)   --->   "%store_ln0 = store i34 0, i34 %indvar_flatten"   --->   Operation 115 'store' 'store_ln0' <Predicate = true> <Delay = 0.46>
ST_1 : Operation 116 [1/1] (0.42ns)   --->   "%store_ln193 = store i31 0, i31 %i" [./flashattentionsoftmax.h:193]   --->   Operation 116 'store' 'store_ln193' <Predicate = true> <Delay = 0.42>
ST_1 : Operation 117 [1/1] (0.36ns)   --->   "%store_ln197 = store i8 0, i8 %k" [./flashattentionsoftmax.h:197]   --->   Operation 117 'store' 'store_ln197' <Predicate = true> <Delay = 0.36>
ST_1 : Operation 118 [1/1] (0.00ns)   --->   "%br_ln193 = br void %for.inc" [./flashattentionsoftmax.h:193]   --->   Operation 118 'br' 'br_ln193' <Predicate = true> <Delay = 0.00>

State 2 <SV = 1> <Delay = 2.42>
ST_2 : Operation 119 [1/1] (0.00ns)   --->   "%indvar_flatten_load = load i34 %indvar_flatten" [./flashattentionsoftmax.h:193]   --->   Operation 119 'load' 'indvar_flatten_load' <Predicate = true> <Delay = 0.00>
ST_2 : Operation 120 [1/1] (0.86ns)   --->   "%add_ln193_1 = add i34 %indvar_flatten_load, i34 1" [./flashattentionsoftmax.h:193]   --->   Operation 120 'add' 'add_ln193_1' <Predicate = true> <Delay = 0.86> <CoreInst = "Adder">   --->   Core 1 'Adder' <Latency = 0> <II = 1> <Delay = 0.86> <FuncUnit> <Opcode : 'add' 'sub'> <InPorts = 2> <OutPorts = 1>
ST_2 : Operation 121 [1/1] (0.71ns)   --->   "%icmp_ln193 = icmp_eq  i34 %indvar_flatten_load, i34 %tmp_s" [./flashattentionsoftmax.h:193]   --->   Operation 121 'icmp' 'icmp_ln193' <Predicate = true> <Delay = 0.71> <CoreInst = "ICmp_EQ">   --->   Core 156 'ICmp_EQ' <Latency = 0> <II = 1> <Delay = 0.71> <FuncUnit> <Opcode : 'seteq' 'setne'> <InPorts = 2> <OutPorts = 1>
ST_2 : Operation 122 [1/1] (0.00ns)   --->   "%br_ln193 = br i1 %icmp_ln193, void %for.inc13, void %for.end15" [./flashattentionsoftmax.h:193]   --->   Operation 122 'br' 'br_ln193' <Predicate = true> <Delay = 0.00>
ST_2 : Operation 123 [1/1] (0.00ns)   --->   "%k_load = load i8 %k" [./flashattentionsoftmax.h:193]   --->   Operation 123 'load' 'k_load' <Predicate = (!icmp_ln193)> <Delay = 0.00>
ST_2 : Operation 124 [1/1] (0.00ns)   --->   "%i_load = load i31 %i" [./flashattentionsoftmax.h:193]   --->   Operation 124 'load' 'i_load' <Predicate = (!icmp_ln193)> <Delay = 0.00>
ST_2 : Operation 125 [1/1] (0.00ns)   --->   "%trunc_ln193 = trunc i8 %k_load" [./flashattentionsoftmax.h:193]   --->   Operation 125 'trunc' 'trunc_ln193' <Predicate = (!icmp_ln193)> <Delay = 0.00>
ST_2 : Operation 126 [1/1] (0.85ns)   --->   "%add_ln193 = add i31 %i_load, i31 1" [./flashattentionsoftmax.h:193]   --->   Operation 126 'add' 'add_ln193' <Predicate = (!icmp_ln193)> <Delay = 0.85> <CoreInst = "Adder">   --->   Core 1 'Adder' <Latency = 0> <II = 1> <Delay = 0.85> <FuncUnit> <Opcode : 'add' 'sub'> <InPorts = 2> <OutPorts = 1>
ST_2 : Operation 127 [1/1] (0.00ns)   --->   "%tmp_3 = bitselect i1 @_ssdm_op_BitSelect.i1.i8.i32, i8 %k_load, i32 7" [./flashattentionsoftmax.h:197]   --->   Operation 127 'bitselect' 'tmp_3' <Predicate = (!icmp_ln193)> <Delay = 0.00>
ST_2 : Operation 128 [1/1] (0.34ns)   --->   "%select_ln193 = select i1 %tmp_3, i7 0, i7 %trunc_ln193" [./flashattentionsoftmax.h:193]   --->   Operation 128 'select' 'select_ln193' <Predicate = (!icmp_ln193)> <Delay = 0.34> <CoreInst = "Sel">   --->   Core 77 'Sel' <Latency = 0> <II = 1> <Delay = 0.34> <FuncUnit> <Opcode : 'select'> <InPorts = 3> <OutPorts = 1>
ST_2 : Operation 129 [1/1] (0.00ns)   --->   "%zext_ln193 = zext i7 %select_ln193" [./flashattentionsoftmax.h:193]   --->   Operation 129 'zext' 'zext_ln193' <Predicate = (!icmp_ln193)> <Delay = 0.00>
ST_2 : Operation 130 [1/1] (0.41ns)   --->   "%select_ln193_1 = select i1 %tmp_3, i31 %add_ln193, i31 %i_load" [./flashattentionsoftmax.h:193]   --->   Operation 130 'select' 'select_ln193_1' <Predicate = (!icmp_ln193)> <Delay = 0.41> <CoreInst = "Sel">   --->   Core 77 'Sel' <Latency = 0> <II = 1> <Delay = 0.41> <FuncUnit> <Opcode : 'select'> <InPorts = 3> <OutPorts = 1>
ST_2 : Operation 131 [1/1] (0.00ns)   --->   "%trunc_ln193_1 = trunc i31 %select_ln193_1" [./flashattentionsoftmax.h:193]   --->   Operation 131 'trunc' 'trunc_ln193_1' <Predicate = (!icmp_ln193)> <Delay = 0.00>
ST_2 : Operation 132 [1/1] (1.16ns)   --->   "%tmp = sparsemux i32 @_ssdm_op_SparseMux.ap_auto.64float.float.i6, i6 0, i32 %l_i_0_val_read, i6 1, i32 %l_i_1_val_read, i6 2, i32 %l_i_2_val_read, i6 3, i32 %l_i_3_val_read, i6 4, i32 %l_i_4_val_read, i6 5, i32 %l_i_5_val_read, i6 6, i32 %l_i_6_val_read, i6 7, i32 %l_i_7_val_read, i6 8, i32 %l_i_8_val_read, i6 9, i32 %l_i_9_val_read, i6 10, i32 %l_i_10_val_read, i6 11, i32 %l_i_11_val_read, i6 12, i32 %l_i_12_val_read, i6 13, i32 %l_i_13_val_read, i6 14, i32 %l_i_14_val_read, i6 15, i32 %l_i_15_val_read, i6 16, i32 %l_i_16_val_read, i6 17, i32 %l_i_17_val_read, i6 18, i32 %l_i_18_val_read, i6 19, i32 %l_i_19_val_read, i6 20, i32 %l_i_20_val_read, i6 21, i32 %l_i_21_val_read, i6 22, i32 %l_i_22_val_read, i6 23, i32 %l_i_23_val_read, i6 24, i32 %l_i_24_val_read, i6 25, i32 %l_i_25_val_read, i6 26, i32 %l_i_26_val_read, i6 27, i32 %l_i_27_val_read, i6 28, i32 %l_i_28_val_read, i6 29, i32 %l_i_29_val_read, i6 30, i32 %l_i_30_val_read, i6 31, i32 %l_i_31_val_read, i6 32, i32 %l_i_32_val_read, i6 33, i32 %l_i_33_val_read, i6 34, i32 %l_i_34_val_read, i6 35, i32 %l_i_35_val_read, i6 36, i32 %l_i_36_val_read, i6 37, i32 %l_i_37_val_read, i6 38, i32 %l_i_38_val_read, i6 39, i32 %l_i_39_val_read, i6 40, i32 %l_i_40_val_read, i6 41, i32 %l_i_41_val_read, i6 42, i32 %l_i_42_val_read, i6 43, i32 %l_i_43_val_read, i6 44, i32 %l_i_44_val_read, i6 45, i32 %l_i_45_val_read, i6 46, i32 %l_i_46_val_read, i6 47, i32 %l_i_47_val_read, i6 48, i32 %l_i_48_val_read, i6 49, i32 %l_i_49_val_read, i6 50, i32 %l_i_50_val_read, i6 51, i32 %l_i_51_val_read, i6 52, i32 %l_i_52_val_read, i6 53, i32 %l_i_53_val_read, i6 54, i32 %l_i_54_val_read, i6 55, i32 %l_i_55_val_read, i6 56, i32 %l_i_56_val_read, i6 57, i32 %l_i_57_val_read, i6 58, i32 %l_i_58_val_read, i6 59, i32 %l_i_59_val_read, i6 60, i32 %l_i_60_val_read, i6 61, i32 %l_i_61_val_read, i6 62, i32 %l_i_62_val_read, i6 63, i32 %l_i_63_val_read, i32 <undef>, i6 %trunc_ln193_1" [./flashattentionsoftmax.h:194]   --->   Operation 132 'sparsemux' 'tmp' <Predicate = (!icmp_ln193)> <Delay = 1.16> <CoreInst = "BinarySparseMux_DontCare">   --->   Core 150 'BinarySparseMux_DontCare' <Latency = 0> <II = 1> <Delay = 1.16> <FuncUnit> <Opcode : 'sparsemux'> <InPorts = 0> <OutPorts = 1>
ST_2 : Operation 133 [1/1] (0.00ns)   --->   "%lshr_ln = partselect i3 @_ssdm_op_PartSelect.i3.i7.i32.i32, i7 %select_ln193, i32 4, i32 6" [./flashattentionsoftmax.h:197]   --->   Operation 133 'partselect' 'lshr_ln' <Predicate = (!icmp_ln193)> <Delay = 0.00>
ST_2 : Operation 134 [1/1] (0.66ns)   --->   "%add_ln197 = add i8 %zext_ln193, i8 16" [./flashattentionsoftmax.h:197]   --->   Operation 134 'add' 'add_ln197' <Predicate = (!icmp_ln193)> <Delay = 0.66> <CoreInst = "Adder">   --->   Core 1 'Adder' <Latency = 0> <II = 1> <Delay = 0.66> <FuncUnit> <Opcode : 'add' 'sub'> <InPorts = 2> <OutPorts = 1>
ST_2 : Operation 135 [1/1] (0.46ns)   --->   "%store_ln193 = store i34 %add_ln193_1, i34 %indvar_flatten" [./flashattentionsoftmax.h:193]   --->   Operation 135 'store' 'store_ln193' <Predicate = (!icmp_ln193)> <Delay = 0.46>
ST_2 : Operation 136 [1/1] (0.42ns)   --->   "%store_ln193 = store i31 %select_ln193_1, i31 %i" [./flashattentionsoftmax.h:193]   --->   Operation 136 'store' 'store_ln193' <Predicate = (!icmp_ln193)> <Delay = 0.42>
ST_2 : Operation 137 [1/1] (0.36ns)   --->   "%store_ln197 = store i8 %add_ln197, i8 %k" [./flashattentionsoftmax.h:197]   --->   Operation 137 'store' 'store_ln197' <Predicate = (!icmp_ln193)> <Delay = 0.36>

State 3 <SV = 2> <Delay = 6.07>
ST_3 : Operation 138 [1/1] (0.00ns)   --->   "%muxLogicI0_to_inv_l = muxlogic i32 1"   --->   Operation 138 'muxlogic' 'muxLogicI0_to_inv_l' <Predicate = true> <Delay = 0.00>
ST_3 : Operation 139 [1/1] (0.00ns)   --->   "%muxLogicI1_to_inv_l = muxlogic i32 %tmp"   --->   Operation 139 'muxlogic' 'muxLogicI1_to_inv_l' <Predicate = true> <Delay = 0.00>
ST_3 : Operation 140 [6/6] (6.07ns)   --->   "%inv_l = fdiv i32 1, i32 %tmp" [./flashattentionsoftmax.h:194]   --->   Operation 140 'fdiv' 'inv_l' <Predicate = true> <Delay = 6.07> <CoreInst = "FDiv">   --->   Core 24 'FDiv' <Latency = 5> <II = 1> <Delay = 6.26> <FuncUnit> <Opcode : 'fdiv' 'frem'> <InPorts = 2> <OutPorts = 1>

State 4 <SV = 3> <Delay = 6.26>
ST_4 : Operation 141 [5/6] (6.26ns)   --->   "%inv_l = fdiv i32 1, i32 %tmp" [./flashattentionsoftmax.h:194]   --->   Operation 141 'fdiv' 'inv_l' <Predicate = true> <Delay = 6.26> <CoreInst = "FDiv">   --->   Core 24 'FDiv' <Latency = 5> <II = 1> <Delay = 6.26> <FuncUnit> <Opcode : 'fdiv' 'frem'> <InPorts = 2> <OutPorts = 1>

State 5 <SV = 4> <Delay = 6.26>
ST_5 : Operation 142 [4/6] (6.26ns)   --->   "%inv_l = fdiv i32 1, i32 %tmp" [./flashattentionsoftmax.h:194]   --->   Operation 142 'fdiv' 'inv_l' <Predicate = true> <Delay = 6.26> <CoreInst = "FDiv">   --->   Core 24 'FDiv' <Latency = 5> <II = 1> <Delay = 6.26> <FuncUnit> <Opcode : 'fdiv' 'frem'> <InPorts = 2> <OutPorts = 1>

State 6 <SV = 5> <Delay = 6.26>
ST_6 : Operation 143 [3/6] (6.26ns)   --->   "%inv_l = fdiv i32 1, i32 %tmp" [./flashattentionsoftmax.h:194]   --->   Operation 143 'fdiv' 'inv_l' <Predicate = true> <Delay = 6.26> <CoreInst = "FDiv">   --->   Core 24 'FDiv' <Latency = 5> <II = 1> <Delay = 6.26> <FuncUnit> <Opcode : 'fdiv' 'frem'> <InPorts = 2> <OutPorts = 1>

State 7 <SV = 6> <Delay = 6.26>
ST_7 : Operation 144 [2/6] (6.26ns)   --->   "%inv_l = fdiv i32 1, i32 %tmp" [./flashattentionsoftmax.h:194]   --->   Operation 144 'fdiv' 'inv_l' <Predicate = true> <Delay = 6.26> <CoreInst = "FDiv">   --->   Core 24 'FDiv' <Latency = 5> <II = 1> <Delay = 6.26> <FuncUnit> <Opcode : 'fdiv' 'frem'> <InPorts = 2> <OutPorts = 1>
ST_7 : Operation 145 [1/1] (0.00ns)   --->   "%tmp_24 = bitconcatenate i9 @_ssdm_op_BitConcatenate.i9.i6.i3, i6 %trunc_ln193_1, i3 %lshr_ln" [./flashattentionsoftmax.h:200]   --->   Operation 145 'bitconcatenate' 'tmp_24' <Predicate = true> <Delay = 0.00>
ST_7 : Operation 146 [1/1] (0.00ns)   --->   "%zext_ln200 = zext i9 %tmp_24" [./flashattentionsoftmax.h:200]   --->   Operation 146 'zext' 'zext_ln200' <Predicate = true> <Delay = 0.00>
ST_7 : Operation 147 [1/1] (0.00ns)   --->   "%O_fp32_0_addr = getelementptr i32 %O_fp32_0, i64 0, i64 %zext_ln200" [./flashattentionsoftmax.h:200]   --->   Operation 147 'getelementptr' 'O_fp32_0_addr' <Predicate = true> <Delay = 0.00>
ST_7 : Operation 148 [1/1] (0.00ns)   --->   "%O_fp32_1_addr = getelementptr i32 %O_fp32_1, i64 0, i64 %zext_ln200" [./flashattentionsoftmax.h:200]   --->   Operation 148 'getelementptr' 'O_fp32_1_addr' <Predicate = true> <Delay = 0.00>
ST_7 : Operation 149 [1/1] (0.00ns)   --->   "%O_fp32_2_addr = getelementptr i32 %O_fp32_2, i64 0, i64 %zext_ln200" [./flashattentionsoftmax.h:200]   --->   Operation 149 'getelementptr' 'O_fp32_2_addr' <Predicate = true> <Delay = 0.00>
ST_7 : Operation 150 [1/1] (0.00ns)   --->   "%O_fp32_3_addr = getelementptr i32 %O_fp32_3, i64 0, i64 %zext_ln200" [./flashattentionsoftmax.h:200]   --->   Operation 150 'getelementptr' 'O_fp32_3_addr' <Predicate = true> <Delay = 0.00>
ST_7 : Operation 151 [1/1] (0.00ns)   --->   "%O_fp32_4_addr = getelementptr i32 %O_fp32_4, i64 0, i64 %zext_ln200" [./flashattentionsoftmax.h:200]   --->   Operation 151 'getelementptr' 'O_fp32_4_addr' <Predicate = true> <Delay = 0.00>
ST_7 : Operation 152 [1/1] (0.00ns)   --->   "%O_fp32_5_addr = getelementptr i32 %O_fp32_5, i64 0, i64 %zext_ln200" [./flashattentionsoftmax.h:200]   --->   Operation 152 'getelementptr' 'O_fp32_5_addr' <Predicate = true> <Delay = 0.00>
ST_7 : Operation 153 [1/1] (0.00ns)   --->   "%O_fp32_6_addr = getelementptr i32 %O_fp32_6, i64 0, i64 %zext_ln200" [./flashattentionsoftmax.h:200]   --->   Operation 153 'getelementptr' 'O_fp32_6_addr' <Predicate = true> <Delay = 0.00>
ST_7 : Operation 154 [1/1] (0.00ns)   --->   "%O_fp32_7_addr = getelementptr i32 %O_fp32_7, i64 0, i64 %zext_ln200" [./flashattentionsoftmax.h:200]   --->   Operation 154 'getelementptr' 'O_fp32_7_addr' <Predicate = true> <Delay = 0.00>
ST_7 : Operation 155 [1/1] (0.00ns)   --->   "%O_fp32_8_addr = getelementptr i32 %O_fp32_8, i64 0, i64 %zext_ln200" [./flashattentionsoftmax.h:200]   --->   Operation 155 'getelementptr' 'O_fp32_8_addr' <Predicate = true> <Delay = 0.00>
ST_7 : Operation 156 [1/1] (0.00ns)   --->   "%O_fp32_9_addr = getelementptr i32 %O_fp32_9, i64 0, i64 %zext_ln200" [./flashattentionsoftmax.h:200]   --->   Operation 156 'getelementptr' 'O_fp32_9_addr' <Predicate = true> <Delay = 0.00>
ST_7 : Operation 157 [1/1] (0.00ns)   --->   "%O_fp32_10_addr = getelementptr i32 %O_fp32_10, i64 0, i64 %zext_ln200" [./flashattentionsoftmax.h:200]   --->   Operation 157 'getelementptr' 'O_fp32_10_addr' <Predicate = true> <Delay = 0.00>
ST_7 : Operation 158 [1/1] (0.00ns)   --->   "%O_fp32_11_addr = getelementptr i32 %O_fp32_11, i64 0, i64 %zext_ln200" [./flashattentionsoftmax.h:200]   --->   Operation 158 'getelementptr' 'O_fp32_11_addr' <Predicate = true> <Delay = 0.00>
ST_7 : Operation 159 [1/1] (0.00ns)   --->   "%O_fp32_12_addr = getelementptr i32 %O_fp32_12, i64 0, i64 %zext_ln200" [./flashattentionsoftmax.h:200]   --->   Operation 159 'getelementptr' 'O_fp32_12_addr' <Predicate = true> <Delay = 0.00>
ST_7 : Operation 160 [1/1] (0.00ns)   --->   "%O_fp32_13_addr = getelementptr i32 %O_fp32_13, i64 0, i64 %zext_ln200" [./flashattentionsoftmax.h:200]   --->   Operation 160 'getelementptr' 'O_fp32_13_addr' <Predicate = true> <Delay = 0.00>
ST_7 : Operation 161 [1/1] (0.00ns)   --->   "%O_fp32_14_addr = getelementptr i32 %O_fp32_14, i64 0, i64 %zext_ln200" [./flashattentionsoftmax.h:200]   --->   Operation 161 'getelementptr' 'O_fp32_14_addr' <Predicate = true> <Delay = 0.00>
ST_7 : Operation 162 [1/1] (0.00ns)   --->   "%O_fp32_15_addr = getelementptr i32 %O_fp32_15, i64 0, i64 %zext_ln200" [./flashattentionsoftmax.h:200]   --->   Operation 162 'getelementptr' 'O_fp32_15_addr' <Predicate = true> <Delay = 0.00>
ST_7 : Operation 163 [1/1] (0.43ns) (share mux size 3)   --->   "%muxLogicRAMAddr_to_O_fp32_0_load = muxlogic i9 %O_fp32_0_addr"   --->   Operation 163 'muxlogic' 'muxLogicRAMAddr_to_O_fp32_0_load' <Predicate = true> <Delay = 0.43>
ST_7 : Operation 164 [2/2] (0.62ns) (share mux size 6)   --->   "%O_fp32_0_load = load i9 %O_fp32_0_addr" [./flashattentionsoftmax.h:200]   --->   Operation 164 'load' 'O_fp32_0_load' <Predicate = true> <Delay = 0.62> <CoreInst = "RAM_2P_BRAM">   --->   Core 97 'RAM_2P_BRAM' <Latency = 1> <II = 1> <Delay = 0.86> <Storage> <Opcode : 'load' 'store'> <Ports = 2> <Width = 32> <Depth = 512> <RAM>
ST_7 : Operation 165 [1/1] (0.43ns) (share mux size 3)   --->   "%muxLogicRAMAddr_to_O_fp32_1_load = muxlogic i9 %O_fp32_1_addr"   --->   Operation 165 'muxlogic' 'muxLogicRAMAddr_to_O_fp32_1_load' <Predicate = true> <Delay = 0.43>
ST_7 : Operation 166 [2/2] (0.62ns) (share mux size 6)   --->   "%O_fp32_1_load = load i9 %O_fp32_1_addr" [./flashattentionsoftmax.h:200]   --->   Operation 166 'load' 'O_fp32_1_load' <Predicate = true> <Delay = 0.62> <CoreInst = "RAM_2P_BRAM">   --->   Core 97 'RAM_2P_BRAM' <Latency = 1> <II = 1> <Delay = 0.86> <Storage> <Opcode : 'load' 'store'> <Ports = 2> <Width = 32> <Depth = 512> <RAM>
ST_7 : Operation 167 [1/1] (0.43ns) (share mux size 3)   --->   "%muxLogicRAMAddr_to_O_fp32_2_load = muxlogic i9 %O_fp32_2_addr"   --->   Operation 167 'muxlogic' 'muxLogicRAMAddr_to_O_fp32_2_load' <Predicate = true> <Delay = 0.43>
ST_7 : Operation 168 [2/2] (0.62ns) (share mux size 6)   --->   "%O_fp32_2_load = load i9 %O_fp32_2_addr" [./flashattentionsoftmax.h:200]   --->   Operation 168 'load' 'O_fp32_2_load' <Predicate = true> <Delay = 0.62> <CoreInst = "RAM_2P_BRAM">   --->   Core 97 'RAM_2P_BRAM' <Latency = 1> <II = 1> <Delay = 0.86> <Storage> <Opcode : 'load' 'store'> <Ports = 2> <Width = 32> <Depth = 512> <RAM>
ST_7 : Operation 169 [1/1] (0.43ns) (share mux size 3)   --->   "%muxLogicRAMAddr_to_O_fp32_3_load = muxlogic i9 %O_fp32_3_addr"   --->   Operation 169 'muxlogic' 'muxLogicRAMAddr_to_O_fp32_3_load' <Predicate = true> <Delay = 0.43>
ST_7 : Operation 170 [2/2] (0.62ns) (share mux size 6)   --->   "%O_fp32_3_load = load i9 %O_fp32_3_addr" [./flashattentionsoftmax.h:200]   --->   Operation 170 'load' 'O_fp32_3_load' <Predicate = true> <Delay = 0.62> <CoreInst = "RAM_2P_BRAM">   --->   Core 97 'RAM_2P_BRAM' <Latency = 1> <II = 1> <Delay = 0.86> <Storage> <Opcode : 'load' 'store'> <Ports = 2> <Width = 32> <Depth = 512> <RAM>
ST_7 : Operation 171 [1/1] (0.43ns) (share mux size 3)   --->   "%muxLogicRAMAddr_to_O_fp32_4_load = muxlogic i9 %O_fp32_4_addr"   --->   Operation 171 'muxlogic' 'muxLogicRAMAddr_to_O_fp32_4_load' <Predicate = true> <Delay = 0.43>
ST_7 : Operation 172 [2/2] (0.62ns) (share mux size 6)   --->   "%O_fp32_4_load = load i9 %O_fp32_4_addr" [./flashattentionsoftmax.h:200]   --->   Operation 172 'load' 'O_fp32_4_load' <Predicate = true> <Delay = 0.62> <CoreInst = "RAM_2P_BRAM">   --->   Core 97 'RAM_2P_BRAM' <Latency = 1> <II = 1> <Delay = 0.86> <Storage> <Opcode : 'load' 'store'> <Ports = 2> <Width = 32> <Depth = 512> <RAM>
ST_7 : Operation 173 [1/1] (0.43ns) (share mux size 3)   --->   "%muxLogicRAMAddr_to_O_fp32_5_load = muxlogic i9 %O_fp32_5_addr"   --->   Operation 173 'muxlogic' 'muxLogicRAMAddr_to_O_fp32_5_load' <Predicate = true> <Delay = 0.43>
ST_7 : Operation 174 [2/2] (0.62ns) (share mux size 6)   --->   "%O_fp32_5_load = load i9 %O_fp32_5_addr" [./flashattentionsoftmax.h:200]   --->   Operation 174 'load' 'O_fp32_5_load' <Predicate = true> <Delay = 0.62> <CoreInst = "RAM_2P_BRAM">   --->   Core 97 'RAM_2P_BRAM' <Latency = 1> <II = 1> <Delay = 0.86> <Storage> <Opcode : 'load' 'store'> <Ports = 2> <Width = 32> <Depth = 512> <RAM>
ST_7 : Operation 175 [1/1] (0.43ns) (share mux size 3)   --->   "%muxLogicRAMAddr_to_O_fp32_6_load = muxlogic i9 %O_fp32_6_addr"   --->   Operation 175 'muxlogic' 'muxLogicRAMAddr_to_O_fp32_6_load' <Predicate = true> <Delay = 0.43>
ST_7 : Operation 176 [2/2] (0.62ns) (share mux size 6)   --->   "%O_fp32_6_load = load i9 %O_fp32_6_addr" [./flashattentionsoftmax.h:200]   --->   Operation 176 'load' 'O_fp32_6_load' <Predicate = true> <Delay = 0.62> <CoreInst = "RAM_2P_BRAM">   --->   Core 97 'RAM_2P_BRAM' <Latency = 1> <II = 1> <Delay = 0.86> <Storage> <Opcode : 'load' 'store'> <Ports = 2> <Width = 32> <Depth = 512> <RAM>
ST_7 : Operation 177 [1/1] (0.43ns) (share mux size 3)   --->   "%muxLogicRAMAddr_to_O_fp32_7_load = muxlogic i9 %O_fp32_7_addr"   --->   Operation 177 'muxlogic' 'muxLogicRAMAddr_to_O_fp32_7_load' <Predicate = true> <Delay = 0.43>
ST_7 : Operation 178 [2/2] (0.62ns) (share mux size 6)   --->   "%O_fp32_7_load = load i9 %O_fp32_7_addr" [./flashattentionsoftmax.h:200]   --->   Operation 178 'load' 'O_fp32_7_load' <Predicate = true> <Delay = 0.62> <CoreInst = "RAM_2P_BRAM">   --->   Core 97 'RAM_2P_BRAM' <Latency = 1> <II = 1> <Delay = 0.86> <Storage> <Opcode : 'load' 'store'> <Ports = 2> <Width = 32> <Depth = 512> <RAM>
ST_7 : Operation 179 [1/1] (0.43ns) (share mux size 3)   --->   "%muxLogicRAMAddr_to_O_fp32_8_load = muxlogic i9 %O_fp32_8_addr"   --->   Operation 179 'muxlogic' 'muxLogicRAMAddr_to_O_fp32_8_load' <Predicate = true> <Delay = 0.43>
ST_7 : Operation 180 [2/2] (0.62ns) (share mux size 6)   --->   "%O_fp32_8_load = load i9 %O_fp32_8_addr" [./flashattentionsoftmax.h:200]   --->   Operation 180 'load' 'O_fp32_8_load' <Predicate = true> <Delay = 0.62> <CoreInst = "RAM_2P_BRAM">   --->   Core 97 'RAM_2P_BRAM' <Latency = 1> <II = 1> <Delay = 0.86> <Storage> <Opcode : 'load' 'store'> <Ports = 2> <Width = 32> <Depth = 512> <RAM>
ST_7 : Operation 181 [1/1] (0.43ns) (share mux size 3)   --->   "%muxLogicRAMAddr_to_O_fp32_9_load = muxlogic i9 %O_fp32_9_addr"   --->   Operation 181 'muxlogic' 'muxLogicRAMAddr_to_O_fp32_9_load' <Predicate = true> <Delay = 0.43>
ST_7 : Operation 182 [2/2] (0.62ns) (share mux size 6)   --->   "%O_fp32_9_load = load i9 %O_fp32_9_addr" [./flashattentionsoftmax.h:200]   --->   Operation 182 'load' 'O_fp32_9_load' <Predicate = true> <Delay = 0.62> <CoreInst = "RAM_2P_BRAM">   --->   Core 97 'RAM_2P_BRAM' <Latency = 1> <II = 1> <Delay = 0.86> <Storage> <Opcode : 'load' 'store'> <Ports = 2> <Width = 32> <Depth = 512> <RAM>
ST_7 : Operation 183 [1/1] (0.43ns) (share mux size 3)   --->   "%muxLogicRAMAddr_to_O_fp32_10_load = muxlogic i9 %O_fp32_10_addr"   --->   Operation 183 'muxlogic' 'muxLogicRAMAddr_to_O_fp32_10_load' <Predicate = true> <Delay = 0.43>
ST_7 : Operation 184 [2/2] (0.62ns) (share mux size 6)   --->   "%O_fp32_10_load = load i9 %O_fp32_10_addr" [./flashattentionsoftmax.h:200]   --->   Operation 184 'load' 'O_fp32_10_load' <Predicate = true> <Delay = 0.62> <CoreInst = "RAM_2P_BRAM">   --->   Core 97 'RAM_2P_BRAM' <Latency = 1> <II = 1> <Delay = 0.86> <Storage> <Opcode : 'load' 'store'> <Ports = 2> <Width = 32> <Depth = 512> <RAM>
ST_7 : Operation 185 [1/1] (0.43ns) (share mux size 3)   --->   "%muxLogicRAMAddr_to_O_fp32_11_load = muxlogic i9 %O_fp32_11_addr"   --->   Operation 185 'muxlogic' 'muxLogicRAMAddr_to_O_fp32_11_load' <Predicate = true> <Delay = 0.43>
ST_7 : Operation 186 [2/2] (0.62ns) (share mux size 6)   --->   "%O_fp32_11_load = load i9 %O_fp32_11_addr" [./flashattentionsoftmax.h:200]   --->   Operation 186 'load' 'O_fp32_11_load' <Predicate = true> <Delay = 0.62> <CoreInst = "RAM_2P_BRAM">   --->   Core 97 'RAM_2P_BRAM' <Latency = 1> <II = 1> <Delay = 0.86> <Storage> <Opcode : 'load' 'store'> <Ports = 2> <Width = 32> <Depth = 512> <RAM>
ST_7 : Operation 187 [1/1] (0.43ns) (share mux size 3)   --->   "%muxLogicRAMAddr_to_O_fp32_12_load = muxlogic i9 %O_fp32_12_addr"   --->   Operation 187 'muxlogic' 'muxLogicRAMAddr_to_O_fp32_12_load' <Predicate = true> <Delay = 0.43>
ST_7 : Operation 188 [2/2] (0.62ns) (share mux size 6)   --->   "%O_fp32_12_load = load i9 %O_fp32_12_addr" [./flashattentionsoftmax.h:200]   --->   Operation 188 'load' 'O_fp32_12_load' <Predicate = true> <Delay = 0.62> <CoreInst = "RAM_2P_BRAM">   --->   Core 97 'RAM_2P_BRAM' <Latency = 1> <II = 1> <Delay = 0.86> <Storage> <Opcode : 'load' 'store'> <Ports = 2> <Width = 32> <Depth = 512> <RAM>
ST_7 : Operation 189 [1/1] (0.43ns) (share mux size 3)   --->   "%muxLogicRAMAddr_to_O_fp32_13_load = muxlogic i9 %O_fp32_13_addr"   --->   Operation 189 'muxlogic' 'muxLogicRAMAddr_to_O_fp32_13_load' <Predicate = true> <Delay = 0.43>
ST_7 : Operation 190 [2/2] (0.62ns) (share mux size 6)   --->   "%O_fp32_13_load = load i9 %O_fp32_13_addr" [./flashattentionsoftmax.h:200]   --->   Operation 190 'load' 'O_fp32_13_load' <Predicate = true> <Delay = 0.62> <CoreInst = "RAM_2P_BRAM">   --->   Core 97 'RAM_2P_BRAM' <Latency = 1> <II = 1> <Delay = 0.86> <Storage> <Opcode : 'load' 'store'> <Ports = 2> <Width = 32> <Depth = 512> <RAM>
ST_7 : Operation 191 [1/1] (0.43ns) (share mux size 3)   --->   "%muxLogicRAMAddr_to_O_fp32_14_load = muxlogic i9 %O_fp32_14_addr"   --->   Operation 191 'muxlogic' 'muxLogicRAMAddr_to_O_fp32_14_load' <Predicate = true> <Delay = 0.43>
ST_7 : Operation 192 [2/2] (0.62ns) (share mux size 6)   --->   "%O_fp32_14_load = load i9 %O_fp32_14_addr" [./flashattentionsoftmax.h:200]   --->   Operation 192 'load' 'O_fp32_14_load' <Predicate = true> <Delay = 0.62> <CoreInst = "RAM_2P_BRAM">   --->   Core 97 'RAM_2P_BRAM' <Latency = 1> <II = 1> <Delay = 0.86> <Storage> <Opcode : 'load' 'store'> <Ports = 2> <Width = 32> <Depth = 512> <RAM>
ST_7 : Operation 193 [1/1] (0.43ns) (share mux size 3)   --->   "%muxLogicRAMAddr_to_O_fp32_15_load = muxlogic i9 %O_fp32_15_addr"   --->   Operation 193 'muxlogic' 'muxLogicRAMAddr_to_O_fp32_15_load' <Predicate = true> <Delay = 0.43>
ST_7 : Operation 194 [2/2] (0.62ns) (share mux size 6)   --->   "%O_fp32_15_load = load i9 %O_fp32_15_addr" [./flashattentionsoftmax.h:200]   --->   Operation 194 'load' 'O_fp32_15_load' <Predicate = true> <Delay = 0.62> <CoreInst = "RAM_2P_BRAM">   --->   Core 97 'RAM_2P_BRAM' <Latency = 1> <II = 1> <Delay = 0.86> <Storage> <Opcode : 'load' 'store'> <Ports = 2> <Width = 32> <Depth = 512> <RAM>

State 8 <SV = 7> <Delay = 6.96>
ST_8 : Operation 195 [1/6] (0.09ns)   --->   "%inv_l = fdiv i32 1, i32 %tmp" [./flashattentionsoftmax.h:194]   --->   Operation 195 'fdiv' 'inv_l' <Predicate = true> <Delay = 0.09> <CoreInst = "FDiv">   --->   Core 24 'FDiv' <Latency = 5> <II = 1> <Delay = 6.26> <FuncUnit> <Opcode : 'fdiv' 'frem'> <InPorts = 2> <OutPorts = 1>
ST_8 : Operation 196 [1/2] ( I:0.86ns O:0.86ns ) (share mux size 6)   --->   "%O_fp32_0_load = load i9 %O_fp32_0_addr" [./flashattentionsoftmax.h:200]   --->   Operation 196 'load' 'O_fp32_0_load' <Predicate = true> <Delay = 0.86> <CoreInst = "RAM_2P_BRAM">   --->   Core 97 'RAM_2P_BRAM' <Latency = 1> <II = 1> <Delay = 0.86> <Storage> <Opcode : 'load' 'store'> <Ports = 2> <Width = 32> <Depth = 512> <RAM>
ST_8 : Operation 197 [1/1] (1.16ns) (share mux size 33)   --->   "%muxLogicI0_to_mul = muxlogic i32 %O_fp32_0_load"   --->   Operation 197 'muxlogic' 'muxLogicI0_to_mul' <Predicate = true> <Delay = 1.16>
ST_8 : Operation 198 [1/1] (1.16ns) (share mux size 33)   --->   "%muxLogicI1_to_mul = muxlogic i32 %inv_l"   --->   Operation 198 'muxlogic' 'muxLogicI1_to_mul' <Predicate = true> <Delay = 1.16>
ST_8 : Operation 199 [1/1] (2.48ns) (share mux size 33)   --->   "%mul = fmul i32 %O_fp32_0_load, i32 %inv_l" [./flashattentionsoftmax.h:200]   --->   Operation 199 'fmul' 'mul' <Predicate = true> <Delay = 2.48> <CoreInst = "FMul_primitivedsp">   --->   Core 14 'FMul_primitivedsp' <Latency = 0> <II = 1> <Delay = 2.48> <FuncUnit> <Opcode : 'fmul'> <InPorts = 2> <OutPorts = 1>
ST_8 : Operation 200 [1/1] (1.09ns) (share mux size 33)   --->   "%muxLogicI0_to_conv = muxlogic i32 %mul"   --->   Operation 200 'muxlogic' 'muxLogicI0_to_conv' <Predicate = true> <Delay = 1.09>
ST_8 : Operation 201 [1/1] (1.35ns) (share mux size 33)   --->   "%conv = sptohp i32 %mul" [./flashattentionsoftmax.h:200]   --->   Operation 201 'sptohp' 'conv' <Predicate = true> <Delay = 1.35> <CoreInst = "Float2Half">   --->   Core 73 'Float2Half' <Latency = 0> <II = 1> <Delay = 1.35> <FuncUnit> <Opcode : 'sptohp'> <InPorts = 1> <OutPorts = 1>
ST_8 : Operation 202 [1/2] ( I:0.86ns O:0.86ns ) (share mux size 6)   --->   "%O_fp32_1_load = load i9 %O_fp32_1_addr" [./flashattentionsoftmax.h:200]   --->   Operation 202 'load' 'O_fp32_1_load' <Predicate = true> <Delay = 0.86> <CoreInst = "RAM_2P_BRAM">   --->   Core 97 'RAM_2P_BRAM' <Latency = 1> <II = 1> <Delay = 0.86> <Storage> <Opcode : 'load' 'store'> <Ports = 2> <Width = 32> <Depth = 512> <RAM>
ST_8 : Operation 203 [1/1] (1.16ns) (share mux size 33)   --->   "%muxLogicI0_to_mul_1 = muxlogic i32 %O_fp32_1_load"   --->   Operation 203 'muxlogic' 'muxLogicI0_to_mul_1' <Predicate = true> <Delay = 1.16>
ST_8 : Operation 204 [1/1] (1.16ns) (share mux size 33)   --->   "%muxLogicI1_to_mul_1 = muxlogic i32 %inv_l"   --->   Operation 204 'muxlogic' 'muxLogicI1_to_mul_1' <Predicate = true> <Delay = 1.16>
ST_8 : Operation 205 [1/1] (2.48ns) (share mux size 33)   --->   "%mul_1 = fmul i32 %O_fp32_1_load, i32 %inv_l" [./flashattentionsoftmax.h:200]   --->   Operation 205 'fmul' 'mul_1' <Predicate = true> <Delay = 2.48> <CoreInst = "FMul_primitivedsp">   --->   Core 14 'FMul_primitivedsp' <Latency = 0> <II = 1> <Delay = 2.48> <FuncUnit> <Opcode : 'fmul'> <InPorts = 2> <OutPorts = 1>
ST_8 : Operation 206 [1/1] (1.09ns) (share mux size 33)   --->   "%muxLogicI0_to_conv_1 = muxlogic i32 %mul_1"   --->   Operation 206 'muxlogic' 'muxLogicI0_to_conv_1' <Predicate = true> <Delay = 1.09>
ST_8 : Operation 207 [1/1] (1.35ns) (share mux size 33)   --->   "%conv_1 = sptohp i32 %mul_1" [./flashattentionsoftmax.h:200]   --->   Operation 207 'sptohp' 'conv_1' <Predicate = true> <Delay = 1.35> <CoreInst = "Float2Half">   --->   Core 73 'Float2Half' <Latency = 0> <II = 1> <Delay = 1.35> <FuncUnit> <Opcode : 'sptohp'> <InPorts = 1> <OutPorts = 1>
ST_8 : Operation 208 [1/2] ( I:0.86ns O:0.86ns ) (share mux size 6)   --->   "%O_fp32_2_load = load i9 %O_fp32_2_addr" [./flashattentionsoftmax.h:200]   --->   Operation 208 'load' 'O_fp32_2_load' <Predicate = true> <Delay = 0.86> <CoreInst = "RAM_2P_BRAM">   --->   Core 97 'RAM_2P_BRAM' <Latency = 1> <II = 1> <Delay = 0.86> <Storage> <Opcode : 'load' 'store'> <Ports = 2> <Width = 32> <Depth = 512> <RAM>
ST_8 : Operation 209 [1/1] (1.16ns) (share mux size 33)   --->   "%muxLogicI0_to_mul_2 = muxlogic i32 %O_fp32_2_load"   --->   Operation 209 'muxlogic' 'muxLogicI0_to_mul_2' <Predicate = true> <Delay = 1.16>
ST_8 : Operation 210 [1/1] (1.16ns) (share mux size 33)   --->   "%muxLogicI1_to_mul_2 = muxlogic i32 %inv_l"   --->   Operation 210 'muxlogic' 'muxLogicI1_to_mul_2' <Predicate = true> <Delay = 1.16>
ST_8 : Operation 211 [1/1] (2.48ns) (share mux size 33)   --->   "%mul_2 = fmul i32 %O_fp32_2_load, i32 %inv_l" [./flashattentionsoftmax.h:200]   --->   Operation 211 'fmul' 'mul_2' <Predicate = true> <Delay = 2.48> <CoreInst = "FMul_primitivedsp">   --->   Core 14 'FMul_primitivedsp' <Latency = 0> <II = 1> <Delay = 2.48> <FuncUnit> <Opcode : 'fmul'> <InPorts = 2> <OutPorts = 1>
ST_8 : Operation 212 [1/1] (1.09ns) (share mux size 33)   --->   "%muxLogicI0_to_conv_2 = muxlogic i32 %mul_2"   --->   Operation 212 'muxlogic' 'muxLogicI0_to_conv_2' <Predicate = true> <Delay = 1.09>
ST_8 : Operation 213 [1/1] (1.35ns) (share mux size 33)   --->   "%conv_2 = sptohp i32 %mul_2" [./flashattentionsoftmax.h:200]   --->   Operation 213 'sptohp' 'conv_2' <Predicate = true> <Delay = 1.35> <CoreInst = "Float2Half">   --->   Core 73 'Float2Half' <Latency = 0> <II = 1> <Delay = 1.35> <FuncUnit> <Opcode : 'sptohp'> <InPorts = 1> <OutPorts = 1>
ST_8 : Operation 214 [1/2] ( I:0.86ns O:0.86ns ) (share mux size 6)   --->   "%O_fp32_3_load = load i9 %O_fp32_3_addr" [./flashattentionsoftmax.h:200]   --->   Operation 214 'load' 'O_fp32_3_load' <Predicate = true> <Delay = 0.86> <CoreInst = "RAM_2P_BRAM">   --->   Core 97 'RAM_2P_BRAM' <Latency = 1> <II = 1> <Delay = 0.86> <Storage> <Opcode : 'load' 'store'> <Ports = 2> <Width = 32> <Depth = 512> <RAM>
ST_8 : Operation 215 [1/1] (1.16ns) (share mux size 33)   --->   "%muxLogicI0_to_mul_3 = muxlogic i32 %O_fp32_3_load"   --->   Operation 215 'muxlogic' 'muxLogicI0_to_mul_3' <Predicate = true> <Delay = 1.16>
ST_8 : Operation 216 [1/1] (1.16ns) (share mux size 33)   --->   "%muxLogicI1_to_mul_3 = muxlogic i32 %inv_l"   --->   Operation 216 'muxlogic' 'muxLogicI1_to_mul_3' <Predicate = true> <Delay = 1.16>
ST_8 : Operation 217 [1/1] (2.48ns) (share mux size 33)   --->   "%mul_3 = fmul i32 %O_fp32_3_load, i32 %inv_l" [./flashattentionsoftmax.h:200]   --->   Operation 217 'fmul' 'mul_3' <Predicate = true> <Delay = 2.48> <CoreInst = "FMul_primitivedsp">   --->   Core 14 'FMul_primitivedsp' <Latency = 0> <II = 1> <Delay = 2.48> <FuncUnit> <Opcode : 'fmul'> <InPorts = 2> <OutPorts = 1>
ST_8 : Operation 218 [1/1] (1.09ns) (share mux size 33)   --->   "%muxLogicI0_to_conv_3 = muxlogic i32 %mul_3"   --->   Operation 218 'muxlogic' 'muxLogicI0_to_conv_3' <Predicate = true> <Delay = 1.09>
ST_8 : Operation 219 [1/1] (1.35ns) (share mux size 33)   --->   "%conv_3 = sptohp i32 %mul_3" [./flashattentionsoftmax.h:200]   --->   Operation 219 'sptohp' 'conv_3' <Predicate = true> <Delay = 1.35> <CoreInst = "Float2Half">   --->   Core 73 'Float2Half' <Latency = 0> <II = 1> <Delay = 1.35> <FuncUnit> <Opcode : 'sptohp'> <InPorts = 1> <OutPorts = 1>
ST_8 : Operation 220 [1/2] ( I:0.86ns O:0.86ns ) (share mux size 6)   --->   "%O_fp32_4_load = load i9 %O_fp32_4_addr" [./flashattentionsoftmax.h:200]   --->   Operation 220 'load' 'O_fp32_4_load' <Predicate = true> <Delay = 0.86> <CoreInst = "RAM_2P_BRAM">   --->   Core 97 'RAM_2P_BRAM' <Latency = 1> <II = 1> <Delay = 0.86> <Storage> <Opcode : 'load' 'store'> <Ports = 2> <Width = 32> <Depth = 512> <RAM>
ST_8 : Operation 221 [1/1] (1.16ns) (share mux size 33)   --->   "%muxLogicI0_to_mul_4 = muxlogic i32 %O_fp32_4_load"   --->   Operation 221 'muxlogic' 'muxLogicI0_to_mul_4' <Predicate = true> <Delay = 1.16>
ST_8 : Operation 222 [1/1] (1.16ns) (share mux size 33)   --->   "%muxLogicI1_to_mul_4 = muxlogic i32 %inv_l"   --->   Operation 222 'muxlogic' 'muxLogicI1_to_mul_4' <Predicate = true> <Delay = 1.16>
ST_8 : Operation 223 [1/1] (2.48ns) (share mux size 33)   --->   "%mul_4 = fmul i32 %O_fp32_4_load, i32 %inv_l" [./flashattentionsoftmax.h:200]   --->   Operation 223 'fmul' 'mul_4' <Predicate = true> <Delay = 2.48> <CoreInst = "FMul_primitivedsp">   --->   Core 14 'FMul_primitivedsp' <Latency = 0> <II = 1> <Delay = 2.48> <FuncUnit> <Opcode : 'fmul'> <InPorts = 2> <OutPorts = 1>
ST_8 : Operation 224 [1/1] (1.09ns) (share mux size 33)   --->   "%muxLogicI0_to_conv_4 = muxlogic i32 %mul_4"   --->   Operation 224 'muxlogic' 'muxLogicI0_to_conv_4' <Predicate = true> <Delay = 1.09>
ST_8 : Operation 225 [1/1] (1.35ns) (share mux size 33)   --->   "%conv_4 = sptohp i32 %mul_4" [./flashattentionsoftmax.h:200]   --->   Operation 225 'sptohp' 'conv_4' <Predicate = true> <Delay = 1.35> <CoreInst = "Float2Half">   --->   Core 73 'Float2Half' <Latency = 0> <II = 1> <Delay = 1.35> <FuncUnit> <Opcode : 'sptohp'> <InPorts = 1> <OutPorts = 1>
ST_8 : Operation 226 [1/2] ( I:0.86ns O:0.86ns ) (share mux size 6)   --->   "%O_fp32_5_load = load i9 %O_fp32_5_addr" [./flashattentionsoftmax.h:200]   --->   Operation 226 'load' 'O_fp32_5_load' <Predicate = true> <Delay = 0.86> <CoreInst = "RAM_2P_BRAM">   --->   Core 97 'RAM_2P_BRAM' <Latency = 1> <II = 1> <Delay = 0.86> <Storage> <Opcode : 'load' 'store'> <Ports = 2> <Width = 32> <Depth = 512> <RAM>
ST_8 : Operation 227 [1/1] (1.16ns) (share mux size 33)   --->   "%muxLogicI0_to_mul_5 = muxlogic i32 %O_fp32_5_load"   --->   Operation 227 'muxlogic' 'muxLogicI0_to_mul_5' <Predicate = true> <Delay = 1.16>
ST_8 : Operation 228 [1/1] (1.16ns) (share mux size 33)   --->   "%muxLogicI1_to_mul_5 = muxlogic i32 %inv_l"   --->   Operation 228 'muxlogic' 'muxLogicI1_to_mul_5' <Predicate = true> <Delay = 1.16>
ST_8 : Operation 229 [1/1] (2.48ns) (share mux size 33)   --->   "%mul_5 = fmul i32 %O_fp32_5_load, i32 %inv_l" [./flashattentionsoftmax.h:200]   --->   Operation 229 'fmul' 'mul_5' <Predicate = true> <Delay = 2.48> <CoreInst = "FMul_primitivedsp">   --->   Core 14 'FMul_primitivedsp' <Latency = 0> <II = 1> <Delay = 2.48> <FuncUnit> <Opcode : 'fmul'> <InPorts = 2> <OutPorts = 1>
ST_8 : Operation 230 [1/1] (1.09ns) (share mux size 33)   --->   "%muxLogicI0_to_conv_5 = muxlogic i32 %mul_5"   --->   Operation 230 'muxlogic' 'muxLogicI0_to_conv_5' <Predicate = true> <Delay = 1.09>
ST_8 : Operation 231 [1/1] (1.35ns) (share mux size 33)   --->   "%conv_5 = sptohp i32 %mul_5" [./flashattentionsoftmax.h:200]   --->   Operation 231 'sptohp' 'conv_5' <Predicate = true> <Delay = 1.35> <CoreInst = "Float2Half">   --->   Core 73 'Float2Half' <Latency = 0> <II = 1> <Delay = 1.35> <FuncUnit> <Opcode : 'sptohp'> <InPorts = 1> <OutPorts = 1>
ST_8 : Operation 232 [1/2] ( I:0.86ns O:0.86ns ) (share mux size 6)   --->   "%O_fp32_6_load = load i9 %O_fp32_6_addr" [./flashattentionsoftmax.h:200]   --->   Operation 232 'load' 'O_fp32_6_load' <Predicate = true> <Delay = 0.86> <CoreInst = "RAM_2P_BRAM">   --->   Core 97 'RAM_2P_BRAM' <Latency = 1> <II = 1> <Delay = 0.86> <Storage> <Opcode : 'load' 'store'> <Ports = 2> <Width = 32> <Depth = 512> <RAM>
ST_8 : Operation 233 [1/1] (1.16ns) (share mux size 33)   --->   "%muxLogicI0_to_mul_6 = muxlogic i32 %O_fp32_6_load"   --->   Operation 233 'muxlogic' 'muxLogicI0_to_mul_6' <Predicate = true> <Delay = 1.16>
ST_8 : Operation 234 [1/1] (1.16ns) (share mux size 33)   --->   "%muxLogicI1_to_mul_6 = muxlogic i32 %inv_l"   --->   Operation 234 'muxlogic' 'muxLogicI1_to_mul_6' <Predicate = true> <Delay = 1.16>
ST_8 : Operation 235 [1/1] (2.48ns) (share mux size 33)   --->   "%mul_6 = fmul i32 %O_fp32_6_load, i32 %inv_l" [./flashattentionsoftmax.h:200]   --->   Operation 235 'fmul' 'mul_6' <Predicate = true> <Delay = 2.48> <CoreInst = "FMul_primitivedsp">   --->   Core 14 'FMul_primitivedsp' <Latency = 0> <II = 1> <Delay = 2.48> <FuncUnit> <Opcode : 'fmul'> <InPorts = 2> <OutPorts = 1>
ST_8 : Operation 236 [1/1] (1.09ns) (share mux size 33)   --->   "%muxLogicI0_to_conv_6 = muxlogic i32 %mul_6"   --->   Operation 236 'muxlogic' 'muxLogicI0_to_conv_6' <Predicate = true> <Delay = 1.09>
ST_8 : Operation 237 [1/1] (1.35ns) (share mux size 33)   --->   "%conv_6 = sptohp i32 %mul_6" [./flashattentionsoftmax.h:200]   --->   Operation 237 'sptohp' 'conv_6' <Predicate = true> <Delay = 1.35> <CoreInst = "Float2Half">   --->   Core 73 'Float2Half' <Latency = 0> <II = 1> <Delay = 1.35> <FuncUnit> <Opcode : 'sptohp'> <InPorts = 1> <OutPorts = 1>
ST_8 : Operation 238 [1/2] ( I:0.86ns O:0.86ns ) (share mux size 6)   --->   "%O_fp32_7_load = load i9 %O_fp32_7_addr" [./flashattentionsoftmax.h:200]   --->   Operation 238 'load' 'O_fp32_7_load' <Predicate = true> <Delay = 0.86> <CoreInst = "RAM_2P_BRAM">   --->   Core 97 'RAM_2P_BRAM' <Latency = 1> <II = 1> <Delay = 0.86> <Storage> <Opcode : 'load' 'store'> <Ports = 2> <Width = 32> <Depth = 512> <RAM>
ST_8 : Operation 239 [1/1] (1.16ns) (share mux size 33)   --->   "%muxLogicI0_to_mul_7 = muxlogic i32 %O_fp32_7_load"   --->   Operation 239 'muxlogic' 'muxLogicI0_to_mul_7' <Predicate = true> <Delay = 1.16>
ST_8 : Operation 240 [1/1] (1.16ns) (share mux size 33)   --->   "%muxLogicI1_to_mul_7 = muxlogic i32 %inv_l"   --->   Operation 240 'muxlogic' 'muxLogicI1_to_mul_7' <Predicate = true> <Delay = 1.16>
ST_8 : Operation 241 [1/1] (2.48ns) (share mux size 33)   --->   "%mul_7 = fmul i32 %O_fp32_7_load, i32 %inv_l" [./flashattentionsoftmax.h:200]   --->   Operation 241 'fmul' 'mul_7' <Predicate = true> <Delay = 2.48> <CoreInst = "FMul_primitivedsp">   --->   Core 14 'FMul_primitivedsp' <Latency = 0> <II = 1> <Delay = 2.48> <FuncUnit> <Opcode : 'fmul'> <InPorts = 2> <OutPorts = 1>
ST_8 : Operation 242 [1/1] (1.09ns) (share mux size 33)   --->   "%muxLogicI0_to_conv_7 = muxlogic i32 %mul_7"   --->   Operation 242 'muxlogic' 'muxLogicI0_to_conv_7' <Predicate = true> <Delay = 1.09>
ST_8 : Operation 243 [1/1] (1.35ns) (share mux size 33)   --->   "%conv_7 = sptohp i32 %mul_7" [./flashattentionsoftmax.h:200]   --->   Operation 243 'sptohp' 'conv_7' <Predicate = true> <Delay = 1.35> <CoreInst = "Float2Half">   --->   Core 73 'Float2Half' <Latency = 0> <II = 1> <Delay = 1.35> <FuncUnit> <Opcode : 'sptohp'> <InPorts = 1> <OutPorts = 1>
ST_8 : Operation 244 [1/2] ( I:0.86ns O:0.86ns ) (share mux size 6)   --->   "%O_fp32_8_load = load i9 %O_fp32_8_addr" [./flashattentionsoftmax.h:200]   --->   Operation 244 'load' 'O_fp32_8_load' <Predicate = true> <Delay = 0.86> <CoreInst = "RAM_2P_BRAM">   --->   Core 97 'RAM_2P_BRAM' <Latency = 1> <II = 1> <Delay = 0.86> <Storage> <Opcode : 'load' 'store'> <Ports = 2> <Width = 32> <Depth = 512> <RAM>
ST_8 : Operation 245 [1/1] (1.16ns) (share mux size 33)   --->   "%muxLogicI0_to_mul_8 = muxlogic i32 %O_fp32_8_load"   --->   Operation 245 'muxlogic' 'muxLogicI0_to_mul_8' <Predicate = true> <Delay = 1.16>
ST_8 : Operation 246 [1/1] (1.16ns) (share mux size 33)   --->   "%muxLogicI1_to_mul_8 = muxlogic i32 %inv_l"   --->   Operation 246 'muxlogic' 'muxLogicI1_to_mul_8' <Predicate = true> <Delay = 1.16>
ST_8 : Operation 247 [1/1] (2.48ns) (share mux size 33)   --->   "%mul_8 = fmul i32 %O_fp32_8_load, i32 %inv_l" [./flashattentionsoftmax.h:200]   --->   Operation 247 'fmul' 'mul_8' <Predicate = true> <Delay = 2.48> <CoreInst = "FMul_primitivedsp">   --->   Core 14 'FMul_primitivedsp' <Latency = 0> <II = 1> <Delay = 2.48> <FuncUnit> <Opcode : 'fmul'> <InPorts = 2> <OutPorts = 1>
ST_8 : Operation 248 [1/1] (1.09ns) (share mux size 33)   --->   "%muxLogicI0_to_conv_8 = muxlogic i32 %mul_8"   --->   Operation 248 'muxlogic' 'muxLogicI0_to_conv_8' <Predicate = true> <Delay = 1.09>
ST_8 : Operation 249 [1/1] (1.35ns) (share mux size 33)   --->   "%conv_8 = sptohp i32 %mul_8" [./flashattentionsoftmax.h:200]   --->   Operation 249 'sptohp' 'conv_8' <Predicate = true> <Delay = 1.35> <CoreInst = "Float2Half">   --->   Core 73 'Float2Half' <Latency = 0> <II = 1> <Delay = 1.35> <FuncUnit> <Opcode : 'sptohp'> <InPorts = 1> <OutPorts = 1>
ST_8 : Operation 250 [1/2] ( I:0.86ns O:0.86ns ) (share mux size 6)   --->   "%O_fp32_9_load = load i9 %O_fp32_9_addr" [./flashattentionsoftmax.h:200]   --->   Operation 250 'load' 'O_fp32_9_load' <Predicate = true> <Delay = 0.86> <CoreInst = "RAM_2P_BRAM">   --->   Core 97 'RAM_2P_BRAM' <Latency = 1> <II = 1> <Delay = 0.86> <Storage> <Opcode : 'load' 'store'> <Ports = 2> <Width = 32> <Depth = 512> <RAM>
ST_8 : Operation 251 [1/1] (1.16ns) (share mux size 33)   --->   "%muxLogicI0_to_mul_9 = muxlogic i32 %O_fp32_9_load"   --->   Operation 251 'muxlogic' 'muxLogicI0_to_mul_9' <Predicate = true> <Delay = 1.16>
ST_8 : Operation 252 [1/1] (1.16ns) (share mux size 33)   --->   "%muxLogicI1_to_mul_9 = muxlogic i32 %inv_l"   --->   Operation 252 'muxlogic' 'muxLogicI1_to_mul_9' <Predicate = true> <Delay = 1.16>
ST_8 : Operation 253 [1/1] (2.48ns) (share mux size 33)   --->   "%mul_9 = fmul i32 %O_fp32_9_load, i32 %inv_l" [./flashattentionsoftmax.h:200]   --->   Operation 253 'fmul' 'mul_9' <Predicate = true> <Delay = 2.48> <CoreInst = "FMul_primitivedsp">   --->   Core 14 'FMul_primitivedsp' <Latency = 0> <II = 1> <Delay = 2.48> <FuncUnit> <Opcode : 'fmul'> <InPorts = 2> <OutPorts = 1>
ST_8 : Operation 254 [1/1] (1.09ns) (share mux size 33)   --->   "%muxLogicI0_to_conv_9 = muxlogic i32 %mul_9"   --->   Operation 254 'muxlogic' 'muxLogicI0_to_conv_9' <Predicate = true> <Delay = 1.09>
ST_8 : Operation 255 [1/1] (1.35ns) (share mux size 33)   --->   "%conv_9 = sptohp i32 %mul_9" [./flashattentionsoftmax.h:200]   --->   Operation 255 'sptohp' 'conv_9' <Predicate = true> <Delay = 1.35> <CoreInst = "Float2Half">   --->   Core 73 'Float2Half' <Latency = 0> <II = 1> <Delay = 1.35> <FuncUnit> <Opcode : 'sptohp'> <InPorts = 1> <OutPorts = 1>
ST_8 : Operation 256 [1/2] ( I:0.86ns O:0.86ns ) (share mux size 6)   --->   "%O_fp32_10_load = load i9 %O_fp32_10_addr" [./flashattentionsoftmax.h:200]   --->   Operation 256 'load' 'O_fp32_10_load' <Predicate = true> <Delay = 0.86> <CoreInst = "RAM_2P_BRAM">   --->   Core 97 'RAM_2P_BRAM' <Latency = 1> <II = 1> <Delay = 0.86> <Storage> <Opcode : 'load' 'store'> <Ports = 2> <Width = 32> <Depth = 512> <RAM>
ST_8 : Operation 257 [1/1] (1.16ns) (share mux size 33)   --->   "%muxLogicI0_to_mul_s = muxlogic i32 %O_fp32_10_load"   --->   Operation 257 'muxlogic' 'muxLogicI0_to_mul_s' <Predicate = true> <Delay = 1.16>
ST_8 : Operation 258 [1/1] (1.16ns) (share mux size 33)   --->   "%muxLogicI1_to_mul_s = muxlogic i32 %inv_l"   --->   Operation 258 'muxlogic' 'muxLogicI1_to_mul_s' <Predicate = true> <Delay = 1.16>
ST_8 : Operation 259 [1/1] (2.48ns) (share mux size 33)   --->   "%mul_s = fmul i32 %O_fp32_10_load, i32 %inv_l" [./flashattentionsoftmax.h:200]   --->   Operation 259 'fmul' 'mul_s' <Predicate = true> <Delay = 2.48> <CoreInst = "FMul_primitivedsp">   --->   Core 14 'FMul_primitivedsp' <Latency = 0> <II = 1> <Delay = 2.48> <FuncUnit> <Opcode : 'fmul'> <InPorts = 2> <OutPorts = 1>
ST_8 : Operation 260 [1/1] (1.09ns) (share mux size 33)   --->   "%muxLogicI0_to_conv_s = muxlogic i32 %mul_s"   --->   Operation 260 'muxlogic' 'muxLogicI0_to_conv_s' <Predicate = true> <Delay = 1.09>
ST_8 : Operation 261 [1/1] (1.35ns) (share mux size 33)   --->   "%conv_s = sptohp i32 %mul_s" [./flashattentionsoftmax.h:200]   --->   Operation 261 'sptohp' 'conv_s' <Predicate = true> <Delay = 1.35> <CoreInst = "Float2Half">   --->   Core 73 'Float2Half' <Latency = 0> <II = 1> <Delay = 1.35> <FuncUnit> <Opcode : 'sptohp'> <InPorts = 1> <OutPorts = 1>
ST_8 : Operation 262 [1/2] ( I:0.86ns O:0.86ns ) (share mux size 6)   --->   "%O_fp32_11_load = load i9 %O_fp32_11_addr" [./flashattentionsoftmax.h:200]   --->   Operation 262 'load' 'O_fp32_11_load' <Predicate = true> <Delay = 0.86> <CoreInst = "RAM_2P_BRAM">   --->   Core 97 'RAM_2P_BRAM' <Latency = 1> <II = 1> <Delay = 0.86> <Storage> <Opcode : 'load' 'store'> <Ports = 2> <Width = 32> <Depth = 512> <RAM>
ST_8 : Operation 263 [1/1] (1.16ns) (share mux size 33)   --->   "%muxLogicI0_to_mul_10 = muxlogic i32 %O_fp32_11_load"   --->   Operation 263 'muxlogic' 'muxLogicI0_to_mul_10' <Predicate = true> <Delay = 1.16>
ST_8 : Operation 264 [1/1] (1.16ns) (share mux size 33)   --->   "%muxLogicI1_to_mul_10 = muxlogic i32 %inv_l"   --->   Operation 264 'muxlogic' 'muxLogicI1_to_mul_10' <Predicate = true> <Delay = 1.16>
ST_8 : Operation 265 [1/1] (2.48ns) (share mux size 33)   --->   "%mul_10 = fmul i32 %O_fp32_11_load, i32 %inv_l" [./flashattentionsoftmax.h:200]   --->   Operation 265 'fmul' 'mul_10' <Predicate = true> <Delay = 2.48> <CoreInst = "FMul_primitivedsp">   --->   Core 14 'FMul_primitivedsp' <Latency = 0> <II = 1> <Delay = 2.48> <FuncUnit> <Opcode : 'fmul'> <InPorts = 2> <OutPorts = 1>
ST_8 : Operation 266 [1/1] (1.09ns) (share mux size 33)   --->   "%muxLogicI0_to_conv_10 = muxlogic i32 %mul_10"   --->   Operation 266 'muxlogic' 'muxLogicI0_to_conv_10' <Predicate = true> <Delay = 1.09>
ST_8 : Operation 267 [1/1] (1.35ns) (share mux size 33)   --->   "%conv_10 = sptohp i32 %mul_10" [./flashattentionsoftmax.h:200]   --->   Operation 267 'sptohp' 'conv_10' <Predicate = true> <Delay = 1.35> <CoreInst = "Float2Half">   --->   Core 73 'Float2Half' <Latency = 0> <II = 1> <Delay = 1.35> <FuncUnit> <Opcode : 'sptohp'> <InPorts = 1> <OutPorts = 1>
ST_8 : Operation 268 [1/2] ( I:0.86ns O:0.86ns ) (share mux size 6)   --->   "%O_fp32_12_load = load i9 %O_fp32_12_addr" [./flashattentionsoftmax.h:200]   --->   Operation 268 'load' 'O_fp32_12_load' <Predicate = true> <Delay = 0.86> <CoreInst = "RAM_2P_BRAM">   --->   Core 97 'RAM_2P_BRAM' <Latency = 1> <II = 1> <Delay = 0.86> <Storage> <Opcode : 'load' 'store'> <Ports = 2> <Width = 32> <Depth = 512> <RAM>
ST_8 : Operation 269 [1/1] (1.16ns) (share mux size 33)   --->   "%muxLogicI0_to_mul_11 = muxlogic i32 %O_fp32_12_load"   --->   Operation 269 'muxlogic' 'muxLogicI0_to_mul_11' <Predicate = true> <Delay = 1.16>
ST_8 : Operation 270 [1/1] (1.16ns) (share mux size 33)   --->   "%muxLogicI1_to_mul_11 = muxlogic i32 %inv_l"   --->   Operation 270 'muxlogic' 'muxLogicI1_to_mul_11' <Predicate = true> <Delay = 1.16>
ST_8 : Operation 271 [1/1] (2.48ns) (share mux size 33)   --->   "%mul_11 = fmul i32 %O_fp32_12_load, i32 %inv_l" [./flashattentionsoftmax.h:200]   --->   Operation 271 'fmul' 'mul_11' <Predicate = true> <Delay = 2.48> <CoreInst = "FMul_primitivedsp">   --->   Core 14 'FMul_primitivedsp' <Latency = 0> <II = 1> <Delay = 2.48> <FuncUnit> <Opcode : 'fmul'> <InPorts = 2> <OutPorts = 1>
ST_8 : Operation 272 [1/1] (1.09ns) (share mux size 33)   --->   "%muxLogicI0_to_conv_11 = muxlogic i32 %mul_11"   --->   Operation 272 'muxlogic' 'muxLogicI0_to_conv_11' <Predicate = true> <Delay = 1.09>
ST_8 : Operation 273 [1/1] (1.35ns) (share mux size 33)   --->   "%conv_11 = sptohp i32 %mul_11" [./flashattentionsoftmax.h:200]   --->   Operation 273 'sptohp' 'conv_11' <Predicate = true> <Delay = 1.35> <CoreInst = "Float2Half">   --->   Core 73 'Float2Half' <Latency = 0> <II = 1> <Delay = 1.35> <FuncUnit> <Opcode : 'sptohp'> <InPorts = 1> <OutPorts = 1>
ST_8 : Operation 274 [1/2] ( I:0.86ns O:0.86ns ) (share mux size 6)   --->   "%O_fp32_13_load = load i9 %O_fp32_13_addr" [./flashattentionsoftmax.h:200]   --->   Operation 274 'load' 'O_fp32_13_load' <Predicate = true> <Delay = 0.86> <CoreInst = "RAM_2P_BRAM">   --->   Core 97 'RAM_2P_BRAM' <Latency = 1> <II = 1> <Delay = 0.86> <Storage> <Opcode : 'load' 'store'> <Ports = 2> <Width = 32> <Depth = 512> <RAM>
ST_8 : Operation 275 [1/1] (1.16ns) (share mux size 33)   --->   "%muxLogicI0_to_mul_12 = muxlogic i32 %O_fp32_13_load"   --->   Operation 275 'muxlogic' 'muxLogicI0_to_mul_12' <Predicate = true> <Delay = 1.16>
ST_8 : Operation 276 [1/1] (1.16ns) (share mux size 33)   --->   "%muxLogicI1_to_mul_12 = muxlogic i32 %inv_l"   --->   Operation 276 'muxlogic' 'muxLogicI1_to_mul_12' <Predicate = true> <Delay = 1.16>
ST_8 : Operation 277 [1/1] (2.48ns) (share mux size 33)   --->   "%mul_12 = fmul i32 %O_fp32_13_load, i32 %inv_l" [./flashattentionsoftmax.h:200]   --->   Operation 277 'fmul' 'mul_12' <Predicate = true> <Delay = 2.48> <CoreInst = "FMul_primitivedsp">   --->   Core 14 'FMul_primitivedsp' <Latency = 0> <II = 1> <Delay = 2.48> <FuncUnit> <Opcode : 'fmul'> <InPorts = 2> <OutPorts = 1>
ST_8 : Operation 278 [1/1] (1.09ns) (share mux size 33)   --->   "%muxLogicI0_to_conv_12 = muxlogic i32 %mul_12"   --->   Operation 278 'muxlogic' 'muxLogicI0_to_conv_12' <Predicate = true> <Delay = 1.09>
ST_8 : Operation 279 [1/1] (1.35ns) (share mux size 33)   --->   "%conv_12 = sptohp i32 %mul_12" [./flashattentionsoftmax.h:200]   --->   Operation 279 'sptohp' 'conv_12' <Predicate = true> <Delay = 1.35> <CoreInst = "Float2Half">   --->   Core 73 'Float2Half' <Latency = 0> <II = 1> <Delay = 1.35> <FuncUnit> <Opcode : 'sptohp'> <InPorts = 1> <OutPorts = 1>
ST_8 : Operation 280 [1/2] ( I:0.86ns O:0.86ns ) (share mux size 6)   --->   "%O_fp32_14_load = load i9 %O_fp32_14_addr" [./flashattentionsoftmax.h:200]   --->   Operation 280 'load' 'O_fp32_14_load' <Predicate = true> <Delay = 0.86> <CoreInst = "RAM_2P_BRAM">   --->   Core 97 'RAM_2P_BRAM' <Latency = 1> <II = 1> <Delay = 0.86> <Storage> <Opcode : 'load' 'store'> <Ports = 2> <Width = 32> <Depth = 512> <RAM>
ST_8 : Operation 281 [1/1] (1.16ns) (share mux size 33)   --->   "%muxLogicI0_to_mul_13 = muxlogic i32 %O_fp32_14_load"   --->   Operation 281 'muxlogic' 'muxLogicI0_to_mul_13' <Predicate = true> <Delay = 1.16>
ST_8 : Operation 282 [1/1] (1.16ns) (share mux size 33)   --->   "%muxLogicI1_to_mul_13 = muxlogic i32 %inv_l"   --->   Operation 282 'muxlogic' 'muxLogicI1_to_mul_13' <Predicate = true> <Delay = 1.16>
ST_8 : Operation 283 [1/1] (2.48ns) (share mux size 33)   --->   "%mul_13 = fmul i32 %O_fp32_14_load, i32 %inv_l" [./flashattentionsoftmax.h:200]   --->   Operation 283 'fmul' 'mul_13' <Predicate = true> <Delay = 2.48> <CoreInst = "FMul_primitivedsp">   --->   Core 14 'FMul_primitivedsp' <Latency = 0> <II = 1> <Delay = 2.48> <FuncUnit> <Opcode : 'fmul'> <InPorts = 2> <OutPorts = 1>
ST_8 : Operation 284 [1/1] (1.09ns) (share mux size 33)   --->   "%muxLogicI0_to_conv_13 = muxlogic i32 %mul_13"   --->   Operation 284 'muxlogic' 'muxLogicI0_to_conv_13' <Predicate = true> <Delay = 1.09>
ST_8 : Operation 285 [1/1] (1.35ns) (share mux size 33)   --->   "%conv_13 = sptohp i32 %mul_13" [./flashattentionsoftmax.h:200]   --->   Operation 285 'sptohp' 'conv_13' <Predicate = true> <Delay = 1.35> <CoreInst = "Float2Half">   --->   Core 73 'Float2Half' <Latency = 0> <II = 1> <Delay = 1.35> <FuncUnit> <Opcode : 'sptohp'> <InPorts = 1> <OutPorts = 1>
ST_8 : Operation 286 [1/2] ( I:0.86ns O:0.86ns ) (share mux size 6)   --->   "%O_fp32_15_load = load i9 %O_fp32_15_addr" [./flashattentionsoftmax.h:200]   --->   Operation 286 'load' 'O_fp32_15_load' <Predicate = true> <Delay = 0.86> <CoreInst = "RAM_2P_BRAM">   --->   Core 97 'RAM_2P_BRAM' <Latency = 1> <II = 1> <Delay = 0.86> <Storage> <Opcode : 'load' 'store'> <Ports = 2> <Width = 32> <Depth = 512> <RAM>
ST_8 : Operation 287 [1/1] (1.16ns) (share mux size 33)   --->   "%muxLogicI0_to_mul_14 = muxlogic i32 %O_fp32_15_load"   --->   Operation 287 'muxlogic' 'muxLogicI0_to_mul_14' <Predicate = true> <Delay = 1.16>
ST_8 : Operation 288 [1/1] (1.16ns) (share mux size 33)   --->   "%muxLogicI1_to_mul_14 = muxlogic i32 %inv_l"   --->   Operation 288 'muxlogic' 'muxLogicI1_to_mul_14' <Predicate = true> <Delay = 1.16>
ST_8 : Operation 289 [1/1] (2.48ns) (share mux size 33)   --->   "%mul_14 = fmul i32 %O_fp32_15_load, i32 %inv_l" [./flashattentionsoftmax.h:200]   --->   Operation 289 'fmul' 'mul_14' <Predicate = true> <Delay = 2.48> <CoreInst = "FMul_primitivedsp">   --->   Core 14 'FMul_primitivedsp' <Latency = 0> <II = 1> <Delay = 2.48> <FuncUnit> <Opcode : 'fmul'> <InPorts = 2> <OutPorts = 1>
ST_8 : Operation 290 [1/1] (1.09ns) (share mux size 33)   --->   "%muxLogicI0_to_conv_14 = muxlogic i32 %mul_14"   --->   Operation 290 'muxlogic' 'muxLogicI0_to_conv_14' <Predicate = true> <Delay = 1.09>
ST_8 : Operation 291 [1/1] (1.35ns) (share mux size 33)   --->   "%conv_14 = sptohp i32 %mul_14" [./flashattentionsoftmax.h:200]   --->   Operation 291 'sptohp' 'conv_14' <Predicate = true> <Delay = 1.35> <CoreInst = "Float2Half">   --->   Core 73 'Float2Half' <Latency = 0> <II = 1> <Delay = 1.35> <FuncUnit> <Opcode : 'sptohp'> <InPorts = 1> <OutPorts = 1>
ST_8 : Operation 359 [1/1] (0.28ns)   --->   "%ret_ln203 = ret" [./flashattentionsoftmax.h:203]   --->   Operation 359 'ret' 'ret_ln203' <Predicate = (icmp_ln193)> <Delay = 0.28>

State 9 <SV = 8> <Delay = 1.25>
ST_9 : Operation 292 [1/1] (0.00ns)   --->   "%specloopname_ln0 = specloopname void @_ssdm_op_SpecLoopName, void @NORM_ROWS_NORM_COLS_str"   --->   Operation 292 'specloopname' 'specloopname_ln0' <Predicate = true> <Delay = 0.00>
ST_9 : Operation 293 [1/1] (0.00ns)   --->   "%specpipeline_ln198 = specpipeline void @_ssdm_op_SpecPipeline, i32 1, i32 0, i32 0, i32 0, void @empty_27" [./flashattentionsoftmax.h:198]   --->   Operation 293 'specpipeline' 'specpipeline_ln198' <Predicate = true> <Delay = 0.00>
ST_9 : Operation 294 [1/1] (0.00ns)   --->   "%O_fp16_0_addr = getelementptr i16 %O_fp16_0, i64 0, i64 %zext_ln200" [./flashattentionsoftmax.h:200]   --->   Operation 294 'getelementptr' 'O_fp16_0_addr' <Predicate = true> <Delay = 0.00>
ST_9 : Operation 295 [1/1] (0.00ns)   --->   "%O_fp16_1_addr = getelementptr i16 %O_fp16_1, i64 0, i64 %zext_ln200" [./flashattentionsoftmax.h:200]   --->   Operation 295 'getelementptr' 'O_fp16_1_addr' <Predicate = true> <Delay = 0.00>
ST_9 : Operation 296 [1/1] (0.00ns)   --->   "%O_fp16_2_addr = getelementptr i16 %O_fp16_2, i64 0, i64 %zext_ln200" [./flashattentionsoftmax.h:200]   --->   Operation 296 'getelementptr' 'O_fp16_2_addr' <Predicate = true> <Delay = 0.00>
ST_9 : Operation 297 [1/1] (0.00ns)   --->   "%O_fp16_3_addr = getelementptr i16 %O_fp16_3, i64 0, i64 %zext_ln200" [./flashattentionsoftmax.h:200]   --->   Operation 297 'getelementptr' 'O_fp16_3_addr' <Predicate = true> <Delay = 0.00>
ST_9 : Operation 298 [1/1] (0.00ns)   --->   "%O_fp16_4_addr = getelementptr i16 %O_fp16_4, i64 0, i64 %zext_ln200" [./flashattentionsoftmax.h:200]   --->   Operation 298 'getelementptr' 'O_fp16_4_addr' <Predicate = true> <Delay = 0.00>
ST_9 : Operation 299 [1/1] (0.00ns)   --->   "%O_fp16_5_addr = getelementptr i16 %O_fp16_5, i64 0, i64 %zext_ln200" [./flashattentionsoftmax.h:200]   --->   Operation 299 'getelementptr' 'O_fp16_5_addr' <Predicate = true> <Delay = 0.00>
ST_9 : Operation 300 [1/1] (0.00ns)   --->   "%O_fp16_6_addr = getelementptr i16 %O_fp16_6, i64 0, i64 %zext_ln200" [./flashattentionsoftmax.h:200]   --->   Operation 300 'getelementptr' 'O_fp16_6_addr' <Predicate = true> <Delay = 0.00>
ST_9 : Operation 301 [1/1] (0.00ns)   --->   "%O_fp16_7_addr = getelementptr i16 %O_fp16_7, i64 0, i64 %zext_ln200" [./flashattentionsoftmax.h:200]   --->   Operation 301 'getelementptr' 'O_fp16_7_addr' <Predicate = true> <Delay = 0.00>
ST_9 : Operation 302 [1/1] (0.00ns)   --->   "%O_fp16_8_addr = getelementptr i16 %O_fp16_8, i64 0, i64 %zext_ln200" [./flashattentionsoftmax.h:200]   --->   Operation 302 'getelementptr' 'O_fp16_8_addr' <Predicate = true> <Delay = 0.00>
ST_9 : Operation 303 [1/1] (0.00ns)   --->   "%O_fp16_9_addr = getelementptr i16 %O_fp16_9, i64 0, i64 %zext_ln200" [./flashattentionsoftmax.h:200]   --->   Operation 303 'getelementptr' 'O_fp16_9_addr' <Predicate = true> <Delay = 0.00>
ST_9 : Operation 304 [1/1] (0.00ns)   --->   "%O_fp16_10_addr = getelementptr i16 %O_fp16_10, i64 0, i64 %zext_ln200" [./flashattentionsoftmax.h:200]   --->   Operation 304 'getelementptr' 'O_fp16_10_addr' <Predicate = true> <Delay = 0.00>
ST_9 : Operation 305 [1/1] (0.00ns)   --->   "%O_fp16_11_addr = getelementptr i16 %O_fp16_11, i64 0, i64 %zext_ln200" [./flashattentionsoftmax.h:200]   --->   Operation 305 'getelementptr' 'O_fp16_11_addr' <Predicate = true> <Delay = 0.00>
ST_9 : Operation 306 [1/1] (0.00ns)   --->   "%O_fp16_12_addr = getelementptr i16 %O_fp16_12, i64 0, i64 %zext_ln200" [./flashattentionsoftmax.h:200]   --->   Operation 306 'getelementptr' 'O_fp16_12_addr' <Predicate = true> <Delay = 0.00>
ST_9 : Operation 307 [1/1] (0.00ns)   --->   "%O_fp16_13_addr = getelementptr i16 %O_fp16_13, i64 0, i64 %zext_ln200" [./flashattentionsoftmax.h:200]   --->   Operation 307 'getelementptr' 'O_fp16_13_addr' <Predicate = true> <Delay = 0.00>
ST_9 : Operation 308 [1/1] (0.00ns)   --->   "%O_fp16_14_addr = getelementptr i16 %O_fp16_14, i64 0, i64 %zext_ln200" [./flashattentionsoftmax.h:200]   --->   Operation 308 'getelementptr' 'O_fp16_14_addr' <Predicate = true> <Delay = 0.00>
ST_9 : Operation 309 [1/1] (0.00ns)   --->   "%O_fp16_15_addr = getelementptr i16 %O_fp16_15, i64 0, i64 %zext_ln200" [./flashattentionsoftmax.h:200]   --->   Operation 309 'getelementptr' 'O_fp16_15_addr' <Predicate = true> <Delay = 0.00>
ST_9 : Operation 310 [1/1] (0.69ns) (share mux size 8)   --->   "%muxLogicRAMData_to_store_ln200 = muxlogic i16 %conv"   --->   Operation 310 'muxlogic' 'muxLogicRAMData_to_store_ln200' <Predicate = true> <Delay = 0.69>
ST_9 : Operation 311 [1/1] (0.69ns) (share mux size 8)   --->   "%muxLogicRAMAddr_to_store_ln200 = muxlogic i9 %O_fp16_0_addr"   --->   Operation 311 'muxlogic' 'muxLogicRAMAddr_to_store_ln200' <Predicate = true> <Delay = 0.69>
ST_9 : Operation 312 [1/1] ( I:0.55ns O:0.55ns ) (share mux size 15)   --->   "%store_ln200 = store i16 %conv, i9 %O_fp16_0_addr" [./flashattentionsoftmax.h:200]   --->   Operation 312 'store' 'store_ln200' <Predicate = true> <Delay = 0.55> <CoreInst = "RAM_2P_BRAM">   --->   Core 97 'RAM_2P_BRAM' <Latency = 1> <II = 1> <Delay = 0.86> <Storage> <Opcode : 'load' 'store'> <Ports = 2> <Width = 16> <Depth = 512> <RAM>
ST_9 : Operation 313 [1/1] (0.69ns) (share mux size 8)   --->   "%muxLogicRAMData_to_store_ln200 = muxlogic i16 %conv_1"   --->   Operation 313 'muxlogic' 'muxLogicRAMData_to_store_ln200' <Predicate = true> <Delay = 0.69>
ST_9 : Operation 314 [1/1] (0.69ns) (share mux size 8)   --->   "%muxLogicRAMAddr_to_store_ln200 = muxlogic i9 %O_fp16_1_addr"   --->   Operation 314 'muxlogic' 'muxLogicRAMAddr_to_store_ln200' <Predicate = true> <Delay = 0.69>
ST_9 : Operation 315 [1/1] ( I:0.55ns O:0.55ns ) (share mux size 15)   --->   "%store_ln200 = store i16 %conv_1, i9 %O_fp16_1_addr" [./flashattentionsoftmax.h:200]   --->   Operation 315 'store' 'store_ln200' <Predicate = true> <Delay = 0.55> <CoreInst = "RAM_2P_BRAM">   --->   Core 97 'RAM_2P_BRAM' <Latency = 1> <II = 1> <Delay = 0.86> <Storage> <Opcode : 'load' 'store'> <Ports = 2> <Width = 16> <Depth = 512> <RAM>
ST_9 : Operation 316 [1/1] (0.69ns) (share mux size 8)   --->   "%muxLogicRAMData_to_store_ln200 = muxlogic i16 %conv_2"   --->   Operation 316 'muxlogic' 'muxLogicRAMData_to_store_ln200' <Predicate = true> <Delay = 0.69>
ST_9 : Operation 317 [1/1] (0.69ns) (share mux size 8)   --->   "%muxLogicRAMAddr_to_store_ln200 = muxlogic i9 %O_fp16_2_addr"   --->   Operation 317 'muxlogic' 'muxLogicRAMAddr_to_store_ln200' <Predicate = true> <Delay = 0.69>
ST_9 : Operation 318 [1/1] ( I:0.55ns O:0.55ns ) (share mux size 15)   --->   "%store_ln200 = store i16 %conv_2, i9 %O_fp16_2_addr" [./flashattentionsoftmax.h:200]   --->   Operation 318 'store' 'store_ln200' <Predicate = true> <Delay = 0.55> <CoreInst = "RAM_2P_BRAM">   --->   Core 97 'RAM_2P_BRAM' <Latency = 1> <II = 1> <Delay = 0.86> <Storage> <Opcode : 'load' 'store'> <Ports = 2> <Width = 16> <Depth = 512> <RAM>
ST_9 : Operation 319 [1/1] (0.69ns) (share mux size 8)   --->   "%muxLogicRAMData_to_store_ln200 = muxlogic i16 %conv_3"   --->   Operation 319 'muxlogic' 'muxLogicRAMData_to_store_ln200' <Predicate = true> <Delay = 0.69>
ST_9 : Operation 320 [1/1] (0.69ns) (share mux size 8)   --->   "%muxLogicRAMAddr_to_store_ln200 = muxlogic i9 %O_fp16_3_addr"   --->   Operation 320 'muxlogic' 'muxLogicRAMAddr_to_store_ln200' <Predicate = true> <Delay = 0.69>
ST_9 : Operation 321 [1/1] ( I:0.55ns O:0.55ns ) (share mux size 15)   --->   "%store_ln200 = store i16 %conv_3, i9 %O_fp16_3_addr" [./flashattentionsoftmax.h:200]   --->   Operation 321 'store' 'store_ln200' <Predicate = true> <Delay = 0.55> <CoreInst = "RAM_2P_BRAM">   --->   Core 97 'RAM_2P_BRAM' <Latency = 1> <II = 1> <Delay = 0.86> <Storage> <Opcode : 'load' 'store'> <Ports = 2> <Width = 16> <Depth = 512> <RAM>
ST_9 : Operation 322 [1/1] (0.69ns) (share mux size 8)   --->   "%muxLogicRAMData_to_store_ln200 = muxlogic i16 %conv_4"   --->   Operation 322 'muxlogic' 'muxLogicRAMData_to_store_ln200' <Predicate = true> <Delay = 0.69>
ST_9 : Operation 323 [1/1] (0.69ns) (share mux size 8)   --->   "%muxLogicRAMAddr_to_store_ln200 = muxlogic i9 %O_fp16_4_addr"   --->   Operation 323 'muxlogic' 'muxLogicRAMAddr_to_store_ln200' <Predicate = true> <Delay = 0.69>
ST_9 : Operation 324 [1/1] ( I:0.55ns O:0.55ns ) (share mux size 15)   --->   "%store_ln200 = store i16 %conv_4, i9 %O_fp16_4_addr" [./flashattentionsoftmax.h:200]   --->   Operation 324 'store' 'store_ln200' <Predicate = true> <Delay = 0.55> <CoreInst = "RAM_2P_BRAM">   --->   Core 97 'RAM_2P_BRAM' <Latency = 1> <II = 1> <Delay = 0.86> <Storage> <Opcode : 'load' 'store'> <Ports = 2> <Width = 16> <Depth = 512> <RAM>
ST_9 : Operation 325 [1/1] (0.69ns) (share mux size 8)   --->   "%muxLogicRAMData_to_store_ln200 = muxlogic i16 %conv_5"   --->   Operation 325 'muxlogic' 'muxLogicRAMData_to_store_ln200' <Predicate = true> <Delay = 0.69>
ST_9 : Operation 326 [1/1] (0.69ns) (share mux size 8)   --->   "%muxLogicRAMAddr_to_store_ln200 = muxlogic i9 %O_fp16_5_addr"   --->   Operation 326 'muxlogic' 'muxLogicRAMAddr_to_store_ln200' <Predicate = true> <Delay = 0.69>
ST_9 : Operation 327 [1/1] ( I:0.55ns O:0.55ns ) (share mux size 15)   --->   "%store_ln200 = store i16 %conv_5, i9 %O_fp16_5_addr" [./flashattentionsoftmax.h:200]   --->   Operation 327 'store' 'store_ln200' <Predicate = true> <Delay = 0.55> <CoreInst = "RAM_2P_BRAM">   --->   Core 97 'RAM_2P_BRAM' <Latency = 1> <II = 1> <Delay = 0.86> <Storage> <Opcode : 'load' 'store'> <Ports = 2> <Width = 16> <Depth = 512> <RAM>
ST_9 : Operation 328 [1/1] (0.69ns) (share mux size 8)   --->   "%muxLogicRAMData_to_store_ln200 = muxlogic i16 %conv_6"   --->   Operation 328 'muxlogic' 'muxLogicRAMData_to_store_ln200' <Predicate = true> <Delay = 0.69>
ST_9 : Operation 329 [1/1] (0.69ns) (share mux size 8)   --->   "%muxLogicRAMAddr_to_store_ln200 = muxlogic i9 %O_fp16_6_addr"   --->   Operation 329 'muxlogic' 'muxLogicRAMAddr_to_store_ln200' <Predicate = true> <Delay = 0.69>
ST_9 : Operation 330 [1/1] ( I:0.55ns O:0.55ns ) (share mux size 15)   --->   "%store_ln200 = store i16 %conv_6, i9 %O_fp16_6_addr" [./flashattentionsoftmax.h:200]   --->   Operation 330 'store' 'store_ln200' <Predicate = true> <Delay = 0.55> <CoreInst = "RAM_2P_BRAM">   --->   Core 97 'RAM_2P_BRAM' <Latency = 1> <II = 1> <Delay = 0.86> <Storage> <Opcode : 'load' 'store'> <Ports = 2> <Width = 16> <Depth = 512> <RAM>
ST_9 : Operation 331 [1/1] (0.69ns) (share mux size 8)   --->   "%muxLogicRAMData_to_store_ln200 = muxlogic i16 %conv_7"   --->   Operation 331 'muxlogic' 'muxLogicRAMData_to_store_ln200' <Predicate = true> <Delay = 0.69>
ST_9 : Operation 332 [1/1] (0.69ns) (share mux size 8)   --->   "%muxLogicRAMAddr_to_store_ln200 = muxlogic i9 %O_fp16_7_addr"   --->   Operation 332 'muxlogic' 'muxLogicRAMAddr_to_store_ln200' <Predicate = true> <Delay = 0.69>
ST_9 : Operation 333 [1/1] ( I:0.55ns O:0.55ns ) (share mux size 15)   --->   "%store_ln200 = store i16 %conv_7, i9 %O_fp16_7_addr" [./flashattentionsoftmax.h:200]   --->   Operation 333 'store' 'store_ln200' <Predicate = true> <Delay = 0.55> <CoreInst = "RAM_2P_BRAM">   --->   Core 97 'RAM_2P_BRAM' <Latency = 1> <II = 1> <Delay = 0.86> <Storage> <Opcode : 'load' 'store'> <Ports = 2> <Width = 16> <Depth = 512> <RAM>
ST_9 : Operation 334 [1/1] (0.69ns) (share mux size 8)   --->   "%muxLogicRAMData_to_store_ln200 = muxlogic i16 %conv_8"   --->   Operation 334 'muxlogic' 'muxLogicRAMData_to_store_ln200' <Predicate = true> <Delay = 0.69>
ST_9 : Operation 335 [1/1] (0.69ns) (share mux size 8)   --->   "%muxLogicRAMAddr_to_store_ln200 = muxlogic i9 %O_fp16_8_addr"   --->   Operation 335 'muxlogic' 'muxLogicRAMAddr_to_store_ln200' <Predicate = true> <Delay = 0.69>
ST_9 : Operation 336 [1/1] ( I:0.55ns O:0.55ns ) (share mux size 15)   --->   "%store_ln200 = store i16 %conv_8, i9 %O_fp16_8_addr" [./flashattentionsoftmax.h:200]   --->   Operation 336 'store' 'store_ln200' <Predicate = true> <Delay = 0.55> <CoreInst = "RAM_2P_BRAM">   --->   Core 97 'RAM_2P_BRAM' <Latency = 1> <II = 1> <Delay = 0.86> <Storage> <Opcode : 'load' 'store'> <Ports = 2> <Width = 16> <Depth = 512> <RAM>
ST_9 : Operation 337 [1/1] (0.69ns) (share mux size 8)   --->   "%muxLogicRAMData_to_store_ln200 = muxlogic i16 %conv_9"   --->   Operation 337 'muxlogic' 'muxLogicRAMData_to_store_ln200' <Predicate = true> <Delay = 0.69>
ST_9 : Operation 338 [1/1] (0.69ns) (share mux size 8)   --->   "%muxLogicRAMAddr_to_store_ln200 = muxlogic i9 %O_fp16_9_addr"   --->   Operation 338 'muxlogic' 'muxLogicRAMAddr_to_store_ln200' <Predicate = true> <Delay = 0.69>
ST_9 : Operation 339 [1/1] ( I:0.55ns O:0.55ns ) (share mux size 15)   --->   "%store_ln200 = store i16 %conv_9, i9 %O_fp16_9_addr" [./flashattentionsoftmax.h:200]   --->   Operation 339 'store' 'store_ln200' <Predicate = true> <Delay = 0.55> <CoreInst = "RAM_2P_BRAM">   --->   Core 97 'RAM_2P_BRAM' <Latency = 1> <II = 1> <Delay = 0.86> <Storage> <Opcode : 'load' 'store'> <Ports = 2> <Width = 16> <Depth = 512> <RAM>
ST_9 : Operation 340 [1/1] (0.69ns) (share mux size 8)   --->   "%muxLogicRAMData_to_store_ln200 = muxlogic i16 %conv_s"   --->   Operation 340 'muxlogic' 'muxLogicRAMData_to_store_ln200' <Predicate = true> <Delay = 0.69>
ST_9 : Operation 341 [1/1] (0.69ns) (share mux size 8)   --->   "%muxLogicRAMAddr_to_store_ln200 = muxlogic i9 %O_fp16_10_addr"   --->   Operation 341 'muxlogic' 'muxLogicRAMAddr_to_store_ln200' <Predicate = true> <Delay = 0.69>
ST_9 : Operation 342 [1/1] ( I:0.55ns O:0.55ns ) (share mux size 15)   --->   "%store_ln200 = store i16 %conv_s, i9 %O_fp16_10_addr" [./flashattentionsoftmax.h:200]   --->   Operation 342 'store' 'store_ln200' <Predicate = true> <Delay = 0.55> <CoreInst = "RAM_2P_BRAM">   --->   Core 97 'RAM_2P_BRAM' <Latency = 1> <II = 1> <Delay = 0.86> <Storage> <Opcode : 'load' 'store'> <Ports = 2> <Width = 16> <Depth = 512> <RAM>
ST_9 : Operation 343 [1/1] (0.69ns) (share mux size 8)   --->   "%muxLogicRAMData_to_store_ln200 = muxlogic i16 %conv_10"   --->   Operation 343 'muxlogic' 'muxLogicRAMData_to_store_ln200' <Predicate = true> <Delay = 0.69>
ST_9 : Operation 344 [1/1] (0.69ns) (share mux size 8)   --->   "%muxLogicRAMAddr_to_store_ln200 = muxlogic i9 %O_fp16_11_addr"   --->   Operation 344 'muxlogic' 'muxLogicRAMAddr_to_store_ln200' <Predicate = true> <Delay = 0.69>
ST_9 : Operation 345 [1/1] ( I:0.55ns O:0.55ns ) (share mux size 15)   --->   "%store_ln200 = store i16 %conv_10, i9 %O_fp16_11_addr" [./flashattentionsoftmax.h:200]   --->   Operation 345 'store' 'store_ln200' <Predicate = true> <Delay = 0.55> <CoreInst = "RAM_2P_BRAM">   --->   Core 97 'RAM_2P_BRAM' <Latency = 1> <II = 1> <Delay = 0.86> <Storage> <Opcode : 'load' 'store'> <Ports = 2> <Width = 16> <Depth = 512> <RAM>
ST_9 : Operation 346 [1/1] (0.69ns) (share mux size 8)   --->   "%muxLogicRAMData_to_store_ln200 = muxlogic i16 %conv_11"   --->   Operation 346 'muxlogic' 'muxLogicRAMData_to_store_ln200' <Predicate = true> <Delay = 0.69>
ST_9 : Operation 347 [1/1] (0.69ns) (share mux size 8)   --->   "%muxLogicRAMAddr_to_store_ln200 = muxlogic i9 %O_fp16_12_addr"   --->   Operation 347 'muxlogic' 'muxLogicRAMAddr_to_store_ln200' <Predicate = true> <Delay = 0.69>
ST_9 : Operation 348 [1/1] ( I:0.55ns O:0.55ns ) (share mux size 15)   --->   "%store_ln200 = store i16 %conv_11, i9 %O_fp16_12_addr" [./flashattentionsoftmax.h:200]   --->   Operation 348 'store' 'store_ln200' <Predicate = true> <Delay = 0.55> <CoreInst = "RAM_2P_BRAM">   --->   Core 97 'RAM_2P_BRAM' <Latency = 1> <II = 1> <Delay = 0.86> <Storage> <Opcode : 'load' 'store'> <Ports = 2> <Width = 16> <Depth = 512> <RAM>
ST_9 : Operation 349 [1/1] (0.69ns) (share mux size 8)   --->   "%muxLogicRAMData_to_store_ln200 = muxlogic i16 %conv_12"   --->   Operation 349 'muxlogic' 'muxLogicRAMData_to_store_ln200' <Predicate = true> <Delay = 0.69>
ST_9 : Operation 350 [1/1] (0.69ns) (share mux size 8)   --->   "%muxLogicRAMAddr_to_store_ln200 = muxlogic i9 %O_fp16_13_addr"   --->   Operation 350 'muxlogic' 'muxLogicRAMAddr_to_store_ln200' <Predicate = true> <Delay = 0.69>
ST_9 : Operation 351 [1/1] ( I:0.55ns O:0.55ns ) (share mux size 15)   --->   "%store_ln200 = store i16 %conv_12, i9 %O_fp16_13_addr" [./flashattentionsoftmax.h:200]   --->   Operation 351 'store' 'store_ln200' <Predicate = true> <Delay = 0.55> <CoreInst = "RAM_2P_BRAM">   --->   Core 97 'RAM_2P_BRAM' <Latency = 1> <II = 1> <Delay = 0.86> <Storage> <Opcode : 'load' 'store'> <Ports = 2> <Width = 16> <Depth = 512> <RAM>
ST_9 : Operation 352 [1/1] (0.69ns) (share mux size 8)   --->   "%muxLogicRAMData_to_store_ln200 = muxlogic i16 %conv_13"   --->   Operation 352 'muxlogic' 'muxLogicRAMData_to_store_ln200' <Predicate = true> <Delay = 0.69>
ST_9 : Operation 353 [1/1] (0.69ns) (share mux size 8)   --->   "%muxLogicRAMAddr_to_store_ln200 = muxlogic i9 %O_fp16_14_addr"   --->   Operation 353 'muxlogic' 'muxLogicRAMAddr_to_store_ln200' <Predicate = true> <Delay = 0.69>
ST_9 : Operation 354 [1/1] ( I:0.55ns O:0.55ns ) (share mux size 15)   --->   "%store_ln200 = store i16 %conv_13, i9 %O_fp16_14_addr" [./flashattentionsoftmax.h:200]   --->   Operation 354 'store' 'store_ln200' <Predicate = true> <Delay = 0.55> <CoreInst = "RAM_2P_BRAM">   --->   Core 97 'RAM_2P_BRAM' <Latency = 1> <II = 1> <Delay = 0.86> <Storage> <Opcode : 'load' 'store'> <Ports = 2> <Width = 16> <Depth = 512> <RAM>
ST_9 : Operation 355 [1/1] (0.69ns) (share mux size 8)   --->   "%muxLogicRAMData_to_store_ln200 = muxlogic i16 %conv_14"   --->   Operation 355 'muxlogic' 'muxLogicRAMData_to_store_ln200' <Predicate = true> <Delay = 0.69>
ST_9 : Operation 356 [1/1] (0.69ns) (share mux size 8)   --->   "%muxLogicRAMAddr_to_store_ln200 = muxlogic i9 %O_fp16_15_addr"   --->   Operation 356 'muxlogic' 'muxLogicRAMAddr_to_store_ln200' <Predicate = true> <Delay = 0.69>
ST_9 : Operation 357 [1/1] ( I:0.55ns O:0.55ns ) (share mux size 15)   --->   "%store_ln200 = store i16 %conv_14, i9 %O_fp16_15_addr" [./flashattentionsoftmax.h:200]   --->   Operation 357 'store' 'store_ln200' <Predicate = true> <Delay = 0.55> <CoreInst = "RAM_2P_BRAM">   --->   Core 97 'RAM_2P_BRAM' <Latency = 1> <II = 1> <Delay = 0.86> <Storage> <Opcode : 'load' 'store'> <Ports = 2> <Width = 16> <Depth = 512> <RAM>
ST_9 : Operation 358 [1/1] (0.00ns)   --->   "%br_ln197 = br void %for.inc" [./flashattentionsoftmax.h:197]   --->   Operation 358 'br' 'br_ln197' <Predicate = true> <Delay = 0.00>


============================================================
+ Verbose Summary: Binding
============================================================
STG Binding: 
---------------- STG Properties BEGIN ----------------
- Is combinational: 0
- Is one-state seq: 0
- Is datapath-only: 0
- Is pipelined: 0
- Is top level: 0
Port [ Return ] is wired: 1; IO mode=ap_ctrl_hs:ce=0
Port [ O_fp32_0]:  wired=1; compound=1; hidden=0; nouse=0; global=0; static=0; extern=0; dir=0; type=1; pingpong=0; private_global=0; MemPort=[13]; IO mode=ap_memory:ce=0
Port [ O_fp32_1]:  wired=1; compound=1; hidden=0; nouse=0; global=0; static=0; extern=0; dir=0; type=1; pingpong=0; private_global=0; MemPort=[13]; IO mode=ap_memory:ce=0
Port [ O_fp32_2]:  wired=1; compound=1; hidden=0; nouse=0; global=0; static=0; extern=0; dir=0; type=1; pingpong=0; private_global=0; MemPort=[13]; IO mode=ap_memory:ce=0
Port [ O_fp32_3]:  wired=1; compound=1; hidden=0; nouse=0; global=0; static=0; extern=0; dir=0; type=1; pingpong=0; private_global=0; MemPort=[13]; IO mode=ap_memory:ce=0
Port [ O_fp32_4]:  wired=1; compound=1; hidden=0; nouse=0; global=0; static=0; extern=0; dir=0; type=1; pingpong=0; private_global=0; MemPort=[13]; IO mode=ap_memory:ce=0
Port [ O_fp32_5]:  wired=1; compound=1; hidden=0; nouse=0; global=0; static=0; extern=0; dir=0; type=1; pingpong=0; private_global=0; MemPort=[13]; IO mode=ap_memory:ce=0
Port [ O_fp32_6]:  wired=1; compound=1; hidden=0; nouse=0; global=0; static=0; extern=0; dir=0; type=1; pingpong=0; private_global=0; MemPort=[13]; IO mode=ap_memory:ce=0
Port [ O_fp32_7]:  wired=1; compound=1; hidden=0; nouse=0; global=0; static=0; extern=0; dir=0; type=1; pingpong=0; private_global=0; MemPort=[13]; IO mode=ap_memory:ce=0
Port [ O_fp32_8]:  wired=1; compound=1; hidden=0; nouse=0; global=0; static=0; extern=0; dir=0; type=1; pingpong=0; private_global=0; MemPort=[13]; IO mode=ap_memory:ce=0
Port [ O_fp32_9]:  wired=1; compound=1; hidden=0; nouse=0; global=0; static=0; extern=0; dir=0; type=1; pingpong=0; private_global=0; MemPort=[13]; IO mode=ap_memory:ce=0
Port [ O_fp32_10]:  wired=1; compound=1; hidden=0; nouse=0; global=0; static=0; extern=0; dir=0; type=1; pingpong=0; private_global=0; MemPort=[13]; IO mode=ap_memory:ce=0
Port [ O_fp32_11]:  wired=1; compound=1; hidden=0; nouse=0; global=0; static=0; extern=0; dir=0; type=1; pingpong=0; private_global=0; MemPort=[13]; IO mode=ap_memory:ce=0
Port [ O_fp32_12]:  wired=1; compound=1; hidden=0; nouse=0; global=0; static=0; extern=0; dir=0; type=1; pingpong=0; private_global=0; MemPort=[13]; IO mode=ap_memory:ce=0
Port [ O_fp32_13]:  wired=1; compound=1; hidden=0; nouse=0; global=0; static=0; extern=0; dir=0; type=1; pingpong=0; private_global=0; MemPort=[13]; IO mode=ap_memory:ce=0
Port [ O_fp32_14]:  wired=1; compound=1; hidden=0; nouse=0; global=0; static=0; extern=0; dir=0; type=1; pingpong=0; private_global=0; MemPort=[13]; IO mode=ap_memory:ce=0
Port [ O_fp32_15]:  wired=1; compound=1; hidden=0; nouse=0; global=0; static=0; extern=0; dir=0; type=1; pingpong=0; private_global=0; MemPort=[13]; IO mode=ap_memory:ce=0
Port [ O_fp16_0]:  wired=1; compound=1; hidden=0; nouse=0; global=0; static=0; extern=0; dir=1; type=1; pingpong=0; private_global=0; MemPort=[30]; IO mode=ap_memory:ce=0
Port [ O_fp16_1]:  wired=1; compound=1; hidden=0; nouse=0; global=0; static=0; extern=0; dir=1; type=1; pingpong=0; private_global=0; MemPort=[30]; IO mode=ap_memory:ce=0
Port [ O_fp16_2]:  wired=1; compound=1; hidden=0; nouse=0; global=0; static=0; extern=0; dir=1; type=1; pingpong=0; private_global=0; MemPort=[30]; IO mode=ap_memory:ce=0
Port [ O_fp16_3]:  wired=1; compound=1; hidden=0; nouse=0; global=0; static=0; extern=0; dir=1; type=1; pingpong=0; private_global=0; MemPort=[30]; IO mode=ap_memory:ce=0
Port [ O_fp16_4]:  wired=1; compound=1; hidden=0; nouse=0; global=0; static=0; extern=0; dir=1; type=1; pingpong=0; private_global=0; MemPort=[30]; IO mode=ap_memory:ce=0
Port [ O_fp16_5]:  wired=1; compound=1; hidden=0; nouse=0; global=0; static=0; extern=0; dir=1; type=1; pingpong=0; private_global=0; MemPort=[30]; IO mode=ap_memory:ce=0
Port [ O_fp16_6]:  wired=1; compound=1; hidden=0; nouse=0; global=0; static=0; extern=0; dir=1; type=1; pingpong=0; private_global=0; MemPort=[30]; IO mode=ap_memory:ce=0
Port [ O_fp16_7]:  wired=1; compound=1; hidden=0; nouse=0; global=0; static=0; extern=0; dir=1; type=1; pingpong=0; private_global=0; MemPort=[30]; IO mode=ap_memory:ce=0
Port [ O_fp16_8]:  wired=1; compound=1; hidden=0; nouse=0; global=0; static=0; extern=0; dir=1; type=1; pingpong=0; private_global=0; MemPort=[30]; IO mode=ap_memory:ce=0
Port [ O_fp16_9]:  wired=1; compound=1; hidden=0; nouse=0; global=0; static=0; extern=0; dir=1; type=1; pingpong=0; private_global=0; MemPort=[30]; IO mode=ap_memory:ce=0
Port [ O_fp16_10]:  wired=1; compound=1; hidden=0; nouse=0; global=0; static=0; extern=0; dir=1; type=1; pingpong=0; private_global=0; MemPort=[30]; IO mode=ap_memory:ce=0
Port [ O_fp16_11]:  wired=1; compound=1; hidden=0; nouse=0; global=0; static=0; extern=0; dir=1; type=1; pingpong=0; private_global=0; MemPort=[30]; IO mode=ap_memory:ce=0
Port [ O_fp16_12]:  wired=1; compound=1; hidden=0; nouse=0; global=0; static=0; extern=0; dir=1; type=1; pingpong=0; private_global=0; MemPort=[30]; IO mode=ap_memory:ce=0
Port [ O_fp16_13]:  wired=1; compound=1; hidden=0; nouse=0; global=0; static=0; extern=0; dir=1; type=1; pingpong=0; private_global=0; MemPort=[30]; IO mode=ap_memory:ce=0
Port [ O_fp16_14]:  wired=1; compound=1; hidden=0; nouse=0; global=0; static=0; extern=0; dir=1; type=1; pingpong=0; private_global=0; MemPort=[30]; IO mode=ap_memory:ce=0
Port [ O_fp16_15]:  wired=1; compound=1; hidden=0; nouse=0; global=0; static=0; extern=0; dir=1; type=1; pingpong=0; private_global=0; MemPort=[30]; IO mode=ap_memory:ce=0
Port [ l_i_0_val]:  wired=1; compound=0; hidden=0; nouse=0; global=0; static=0; extern=0; dir=0; type=0; pingpong=0; private_global=0; IO mode=ap_none:ce=0
Port [ l_i_1_val]:  wired=1; compound=0; hidden=0; nouse=0; global=0; static=0; extern=0; dir=0; type=0; pingpong=0; private_global=0; IO mode=ap_none:ce=0
Port [ l_i_2_val]:  wired=1; compound=0; hidden=0; nouse=0; global=0; static=0; extern=0; dir=0; type=0; pingpong=0; private_global=0; IO mode=ap_none:ce=0
Port [ l_i_3_val]:  wired=1; compound=0; hidden=0; nouse=0; global=0; static=0; extern=0; dir=0; type=0; pingpong=0; private_global=0; IO mode=ap_none:ce=0
Port [ l_i_4_val]:  wired=1; compound=0; hidden=0; nouse=0; global=0; static=0; extern=0; dir=0; type=0; pingpong=0; private_global=0; IO mode=ap_none:ce=0
Port [ l_i_5_val]:  wired=1; compound=0; hidden=0; nouse=0; global=0; static=0; extern=0; dir=0; type=0; pingpong=0; private_global=0; IO mode=ap_none:ce=0
Port [ l_i_6_val]:  wired=1; compound=0; hidden=0; nouse=0; global=0; static=0; extern=0; dir=0; type=0; pingpong=0; private_global=0; IO mode=ap_none:ce=0
Port [ l_i_7_val]:  wired=1; compound=0; hidden=0; nouse=0; global=0; static=0; extern=0; dir=0; type=0; pingpong=0; private_global=0; IO mode=ap_none:ce=0
Port [ l_i_8_val]:  wired=1; compound=0; hidden=0; nouse=0; global=0; static=0; extern=0; dir=0; type=0; pingpong=0; private_global=0; IO mode=ap_none:ce=0
Port [ l_i_9_val]:  wired=1; compound=0; hidden=0; nouse=0; global=0; static=0; extern=0; dir=0; type=0; pingpong=0; private_global=0; IO mode=ap_none:ce=0
Port [ l_i_10_val]:  wired=1; compound=0; hidden=0; nouse=0; global=0; static=0; extern=0; dir=0; type=0; pingpong=0; private_global=0; IO mode=ap_none:ce=0
Port [ l_i_11_val]:  wired=1; compound=0; hidden=0; nouse=0; global=0; static=0; extern=0; dir=0; type=0; pingpong=0; private_global=0; IO mode=ap_none:ce=0
Port [ l_i_12_val]:  wired=1; compound=0; hidden=0; nouse=0; global=0; static=0; extern=0; dir=0; type=0; pingpong=0; private_global=0; IO mode=ap_none:ce=0
Port [ l_i_13_val]:  wired=1; compound=0; hidden=0; nouse=0; global=0; static=0; extern=0; dir=0; type=0; pingpong=0; private_global=0; IO mode=ap_none:ce=0
Port [ l_i_14_val]:  wired=1; compound=0; hidden=0; nouse=0; global=0; static=0; extern=0; dir=0; type=0; pingpong=0; private_global=0; IO mode=ap_none:ce=0
Port [ l_i_15_val]:  wired=1; compound=0; hidden=0; nouse=0; global=0; static=0; extern=0; dir=0; type=0; pingpong=0; private_global=0; IO mode=ap_none:ce=0
Port [ l_i_16_val]:  wired=1; compound=0; hidden=0; nouse=0; global=0; static=0; extern=0; dir=0; type=0; pingpong=0; private_global=0; IO mode=ap_none:ce=0
Port [ l_i_17_val]:  wired=1; compound=0; hidden=0; nouse=0; global=0; static=0; extern=0; dir=0; type=0; pingpong=0; private_global=0; IO mode=ap_none:ce=0
Port [ l_i_18_val]:  wired=1; compound=0; hidden=0; nouse=0; global=0; static=0; extern=0; dir=0; type=0; pingpong=0; private_global=0; IO mode=ap_none:ce=0
Port [ l_i_19_val]:  wired=1; compound=0; hidden=0; nouse=0; global=0; static=0; extern=0; dir=0; type=0; pingpong=0; private_global=0; IO mode=ap_none:ce=0
Port [ l_i_20_val]:  wired=1; compound=0; hidden=0; nouse=0; global=0; static=0; extern=0; dir=0; type=0; pingpong=0; private_global=0; IO mode=ap_none:ce=0
Port [ l_i_21_val]:  wired=1; compound=0; hidden=0; nouse=0; global=0; static=0; extern=0; dir=0; type=0; pingpong=0; private_global=0; IO mode=ap_none:ce=0
Port [ l_i_22_val]:  wired=1; compound=0; hidden=0; nouse=0; global=0; static=0; extern=0; dir=0; type=0; pingpong=0; private_global=0; IO mode=ap_none:ce=0
Port [ l_i_23_val]:  wired=1; compound=0; hidden=0; nouse=0; global=0; static=0; extern=0; dir=0; type=0; pingpong=0; private_global=0; IO mode=ap_none:ce=0
Port [ l_i_24_val]:  wired=1; compound=0; hidden=0; nouse=0; global=0; static=0; extern=0; dir=0; type=0; pingpong=0; private_global=0; IO mode=ap_none:ce=0
Port [ l_i_25_val]:  wired=1; compound=0; hidden=0; nouse=0; global=0; static=0; extern=0; dir=0; type=0; pingpong=0; private_global=0; IO mode=ap_none:ce=0
Port [ l_i_26_val]:  wired=1; compound=0; hidden=0; nouse=0; global=0; static=0; extern=0; dir=0; type=0; pingpong=0; private_global=0; IO mode=ap_none:ce=0
Port [ l_i_27_val]:  wired=1; compound=0; hidden=0; nouse=0; global=0; static=0; extern=0; dir=0; type=0; pingpong=0; private_global=0; IO mode=ap_none:ce=0
Port [ l_i_28_val]:  wired=1; compound=0; hidden=0; nouse=0; global=0; static=0; extern=0; dir=0; type=0; pingpong=0; private_global=0; IO mode=ap_none:ce=0
Port [ l_i_29_val]:  wired=1; compound=0; hidden=0; nouse=0; global=0; static=0; extern=0; dir=0; type=0; pingpong=0; private_global=0; IO mode=ap_none:ce=0
Port [ l_i_30_val]:  wired=1; compound=0; hidden=0; nouse=0; global=0; static=0; extern=0; dir=0; type=0; pingpong=0; private_global=0; IO mode=ap_none:ce=0
Port [ l_i_31_val]:  wired=1; compound=0; hidden=0; nouse=0; global=0; static=0; extern=0; dir=0; type=0; pingpong=0; private_global=0; IO mode=ap_none:ce=0
Port [ l_i_32_val]:  wired=1; compound=0; hidden=0; nouse=0; global=0; static=0; extern=0; dir=0; type=0; pingpong=0; private_global=0; IO mode=ap_none:ce=0
Port [ l_i_33_val]:  wired=1; compound=0; hidden=0; nouse=0; global=0; static=0; extern=0; dir=0; type=0; pingpong=0; private_global=0; IO mode=ap_none:ce=0
Port [ l_i_34_val]:  wired=1; compound=0; hidden=0; nouse=0; global=0; static=0; extern=0; dir=0; type=0; pingpong=0; private_global=0; IO mode=ap_none:ce=0
Port [ l_i_35_val]:  wired=1; compound=0; hidden=0; nouse=0; global=0; static=0; extern=0; dir=0; type=0; pingpong=0; private_global=0; IO mode=ap_none:ce=0
Port [ l_i_36_val]:  wired=1; compound=0; hidden=0; nouse=0; global=0; static=0; extern=0; dir=0; type=0; pingpong=0; private_global=0; IO mode=ap_none:ce=0
Port [ l_i_37_val]:  wired=1; compound=0; hidden=0; nouse=0; global=0; static=0; extern=0; dir=0; type=0; pingpong=0; private_global=0; IO mode=ap_none:ce=0
Port [ l_i_38_val]:  wired=1; compound=0; hidden=0; nouse=0; global=0; static=0; extern=0; dir=0; type=0; pingpong=0; private_global=0; IO mode=ap_none:ce=0
Port [ l_i_39_val]:  wired=1; compound=0; hidden=0; nouse=0; global=0; static=0; extern=0; dir=0; type=0; pingpong=0; private_global=0; IO mode=ap_none:ce=0
Port [ l_i_40_val]:  wired=1; compound=0; hidden=0; nouse=0; global=0; static=0; extern=0; dir=0; type=0; pingpong=0; private_global=0; IO mode=ap_none:ce=0
Port [ l_i_41_val]:  wired=1; compound=0; hidden=0; nouse=0; global=0; static=0; extern=0; dir=0; type=0; pingpong=0; private_global=0; IO mode=ap_none:ce=0
Port [ l_i_42_val]:  wired=1; compound=0; hidden=0; nouse=0; global=0; static=0; extern=0; dir=0; type=0; pingpong=0; private_global=0; IO mode=ap_none:ce=0
Port [ l_i_43_val]:  wired=1; compound=0; hidden=0; nouse=0; global=0; static=0; extern=0; dir=0; type=0; pingpong=0; private_global=0; IO mode=ap_none:ce=0
Port [ l_i_44_val]:  wired=1; compound=0; hidden=0; nouse=0; global=0; static=0; extern=0; dir=0; type=0; pingpong=0; private_global=0; IO mode=ap_none:ce=0
Port [ l_i_45_val]:  wired=1; compound=0; hidden=0; nouse=0; global=0; static=0; extern=0; dir=0; type=0; pingpong=0; private_global=0; IO mode=ap_none:ce=0
Port [ l_i_46_val]:  wired=1; compound=0; hidden=0; nouse=0; global=0; static=0; extern=0; dir=0; type=0; pingpong=0; private_global=0; IO mode=ap_none:ce=0
Port [ l_i_47_val]:  wired=1; compound=0; hidden=0; nouse=0; global=0; static=0; extern=0; dir=0; type=0; pingpong=0; private_global=0; IO mode=ap_none:ce=0
Port [ l_i_48_val]:  wired=1; compound=0; hidden=0; nouse=0; global=0; static=0; extern=0; dir=0; type=0; pingpong=0; private_global=0; IO mode=ap_none:ce=0
Port [ l_i_49_val]:  wired=1; compound=0; hidden=0; nouse=0; global=0; static=0; extern=0; dir=0; type=0; pingpong=0; private_global=0; IO mode=ap_none:ce=0
Port [ l_i_50_val]:  wired=1; compound=0; hidden=0; nouse=0; global=0; static=0; extern=0; dir=0; type=0; pingpong=0; private_global=0; IO mode=ap_none:ce=0
Port [ l_i_51_val]:  wired=1; compound=0; hidden=0; nouse=0; global=0; static=0; extern=0; dir=0; type=0; pingpong=0; private_global=0; IO mode=ap_none:ce=0
Port [ l_i_52_val]:  wired=1; compound=0; hidden=0; nouse=0; global=0; static=0; extern=0; dir=0; type=0; pingpong=0; private_global=0; IO mode=ap_none:ce=0
Port [ l_i_53_val]:  wired=1; compound=0; hidden=0; nouse=0; global=0; static=0; extern=0; dir=0; type=0; pingpong=0; private_global=0; IO mode=ap_none:ce=0
Port [ l_i_54_val]:  wired=1; compound=0; hidden=0; nouse=0; global=0; static=0; extern=0; dir=0; type=0; pingpong=0; private_global=0; IO mode=ap_none:ce=0
Port [ l_i_55_val]:  wired=1; compound=0; hidden=0; nouse=0; global=0; static=0; extern=0; dir=0; type=0; pingpong=0; private_global=0; IO mode=ap_none:ce=0
Port [ l_i_56_val]:  wired=1; compound=0; hidden=0; nouse=0; global=0; static=0; extern=0; dir=0; type=0; pingpong=0; private_global=0; IO mode=ap_none:ce=0
Port [ l_i_57_val]:  wired=1; compound=0; hidden=0; nouse=0; global=0; static=0; extern=0; dir=0; type=0; pingpong=0; private_global=0; IO mode=ap_none:ce=0
Port [ l_i_58_val]:  wired=1; compound=0; hidden=0; nouse=0; global=0; static=0; extern=0; dir=0; type=0; pingpong=0; private_global=0; IO mode=ap_none:ce=0
Port [ l_i_59_val]:  wired=1; compound=0; hidden=0; nouse=0; global=0; static=0; extern=0; dir=0; type=0; pingpong=0; private_global=0; IO mode=ap_none:ce=0
Port [ l_i_60_val]:  wired=1; compound=0; hidden=0; nouse=0; global=0; static=0; extern=0; dir=0; type=0; pingpong=0; private_global=0; IO mode=ap_none:ce=0
Port [ l_i_61_val]:  wired=1; compound=0; hidden=0; nouse=0; global=0; static=0; extern=0; dir=0; type=0; pingpong=0; private_global=0; IO mode=ap_none:ce=0
Port [ l_i_62_val]:  wired=1; compound=0; hidden=0; nouse=0; global=0; static=0; extern=0; dir=0; type=0; pingpong=0; private_global=0; IO mode=ap_none:ce=0
Port [ l_i_63_val]:  wired=1; compound=0; hidden=0; nouse=0; global=0; static=0; extern=0; dir=0; type=0; pingpong=0; private_global=0; IO mode=ap_none:ce=0
Port [ br_actual]:  wired=1; compound=0; hidden=0; nouse=0; global=0; static=0; extern=0; dir=0; type=0; pingpong=0; private_global=0; IO mode=ap_none:ce=0
---------------- STG Properties END ------------------

---------------- Datapath Model BEGIN ----------------

<LifeTime>
<method=bitvector/>
k                                 (alloca        ) [ 0110000000]
i                                 (alloca        ) [ 0110000000]
indvar_flatten                    (alloca        ) [ 0110000000]
br_actual_read                    (read          ) [ 0000000000]
l_i_63_val_read                   (read          ) [ 0110000000]
l_i_62_val_read                   (read          ) [ 0110000000]
l_i_61_val_read                   (read          ) [ 0110000000]
l_i_60_val_read                   (read          ) [ 0110000000]
l_i_59_val_read                   (read          ) [ 0110000000]
l_i_58_val_read                   (read          ) [ 0110000000]
l_i_57_val_read                   (read          ) [ 0110000000]
l_i_56_val_read                   (read          ) [ 0110000000]
l_i_55_val_read                   (read          ) [ 0110000000]
l_i_54_val_read                   (read          ) [ 0110000000]
l_i_53_val_read                   (read          ) [ 0110000000]
l_i_52_val_read                   (read          ) [ 0110000000]
l_i_51_val_read                   (read          ) [ 0110000000]
l_i_50_val_read                   (read          ) [ 0110000000]
l_i_49_val_read                   (read          ) [ 0110000000]
l_i_48_val_read                   (read          ) [ 0110000000]
l_i_47_val_read                   (read          ) [ 0110000000]
l_i_46_val_read                   (read          ) [ 0110000000]
l_i_45_val_read                   (read          ) [ 0110000000]
l_i_44_val_read                   (read          ) [ 0110000000]
l_i_43_val_read                   (read          ) [ 0110000000]
l_i_42_val_read                   (read          ) [ 0110000000]
l_i_41_val_read                   (read          ) [ 0110000000]
l_i_40_val_read                   (read          ) [ 0110000000]
l_i_39_val_read                   (read          ) [ 0110000000]
l_i_38_val_read                   (read          ) [ 0110000000]
l_i_37_val_read                   (read          ) [ 0110000000]
l_i_36_val_read                   (read          ) [ 0110000000]
l_i_35_val_read                   (read          ) [ 0110000000]
l_i_34_val_read                   (read          ) [ 0110000000]
l_i_33_val_read                   (read          ) [ 0110000000]
l_i_32_val_read                   (read          ) [ 0110000000]
l_i_31_val_read                   (read          ) [ 0110000000]
l_i_30_val_read                   (read          ) [ 0110000000]
l_i_29_val_read                   (read          ) [ 0110000000]
l_i_28_val_read                   (read          ) [ 0110000000]
l_i_27_val_read                   (read          ) [ 0110000000]
l_i_26_val_read                   (read          ) [ 0110000000]
l_i_25_val_read                   (read          ) [ 0110000000]
l_i_24_val_read                   (read          ) [ 0110000000]
l_i_23_val_read                   (read          ) [ 0110000000]
l_i_22_val_read                   (read          ) [ 0110000000]
l_i_21_val_read                   (read          ) [ 0110000000]
l_i_20_val_read                   (read          ) [ 0110000000]
l_i_19_val_read                   (read          ) [ 0110000000]
l_i_18_val_read                   (read          ) [ 0110000000]
l_i_17_val_read                   (read          ) [ 0110000000]
l_i_16_val_read                   (read          ) [ 0110000000]
l_i_15_val_read                   (read          ) [ 0110000000]
l_i_14_val_read                   (read          ) [ 0110000000]
l_i_13_val_read                   (read          ) [ 0110000000]
l_i_12_val_read                   (read          ) [ 0110000000]
l_i_11_val_read                   (read          ) [ 0110000000]
l_i_10_val_read                   (read          ) [ 0110000000]
l_i_9_val_read                    (read          ) [ 0110000000]
l_i_8_val_read                    (read          ) [ 0110000000]
l_i_7_val_read                    (read          ) [ 0110000000]
l_i_6_val_read                    (read          ) [ 0110000000]
l_i_5_val_read                    (read          ) [ 0110000000]
l_i_4_val_read                    (read          ) [ 0110000000]
l_i_3_val_read                    (read          ) [ 0110000000]
l_i_2_val_read                    (read          ) [ 0110000000]
l_i_1_val_read                    (read          ) [ 0110000000]
l_i_0_val_read                    (read          ) [ 0110000000]
empty                             (trunc         ) [ 0000000000]
specmemcore_ln0                   (specmemcore   ) [ 0000000000]
specmemcore_ln0                   (specmemcore   ) [ 0000000000]
specmemcore_ln0                   (specmemcore   ) [ 0000000000]
specmemcore_ln0                   (specmemcore   ) [ 0000000000]
specmemcore_ln0                   (specmemcore   ) [ 0000000000]
specmemcore_ln0                   (specmemcore   ) [ 0000000000]
specmemcore_ln0                   (specmemcore   ) [ 0000000000]
specmemcore_ln0                   (specmemcore   ) [ 0000000000]
specmemcore_ln0                   (specmemcore   ) [ 0000000000]
specmemcore_ln0                   (specmemcore   ) [ 0000000000]
specmemcore_ln0                   (specmemcore   ) [ 0000000000]
specmemcore_ln0                   (specmemcore   ) [ 0000000000]
specmemcore_ln0                   (specmemcore   ) [ 0000000000]
specmemcore_ln0                   (specmemcore   ) [ 0000000000]
specmemcore_ln0                   (specmemcore   ) [ 0000000000]
specmemcore_ln0                   (specmemcore   ) [ 0000000000]
specmemcore_ln0                   (specmemcore   ) [ 0000000000]
specmemcore_ln0                   (specmemcore   ) [ 0000000000]
specmemcore_ln0                   (specmemcore   ) [ 0000000000]
specmemcore_ln0                   (specmemcore   ) [ 0000000000]
specmemcore_ln0                   (specmemcore   ) [ 0000000000]
specmemcore_ln0                   (specmemcore   ) [ 0000000000]
specmemcore_ln0                   (specmemcore   ) [ 0000000000]
specmemcore_ln0                   (specmemcore   ) [ 0000000000]
specmemcore_ln0                   (specmemcore   ) [ 0000000000]
specmemcore_ln0                   (specmemcore   ) [ 0000000000]
specmemcore_ln0                   (specmemcore   ) [ 0000000000]
specmemcore_ln0                   (specmemcore   ) [ 0000000000]
specmemcore_ln0                   (specmemcore   ) [ 0000000000]
specmemcore_ln0                   (specmemcore   ) [ 0000000000]
specmemcore_ln0                   (specmemcore   ) [ 0000000000]
specmemcore_ln0                   (specmemcore   ) [ 0000000000]
empty_75                          (icmp          ) [ 0000000000]
empty_76                          (select        ) [ 0000000000]
tmp_s                             (bitconcatenate) [ 0110000000]
store_ln0                         (store         ) [ 0000000000]
store_ln193                       (store         ) [ 0000000000]
store_ln197                       (store         ) [ 0000000000]
br_ln193                          (br            ) [ 0000000000]
indvar_flatten_load               (load          ) [ 0000000000]
add_ln193_1                       (add           ) [ 0000000000]
icmp_ln193                        (icmp          ) [ 0111111110]
br_ln193                          (br            ) [ 0000000000]
k_load                            (load          ) [ 0000000000]
i_load                            (load          ) [ 0000000000]
trunc_ln193                       (trunc         ) [ 0000000000]
add_ln193                         (add           ) [ 0000000000]
tmp_3                             (bitselect     ) [ 0000000000]
select_ln193                      (select        ) [ 0000000000]
zext_ln193                        (zext          ) [ 0000000000]
select_ln193_1                    (select        ) [ 0000000000]
trunc_ln193_1                     (trunc         ) [ 0101111100]
tmp                               (sparsemux     ) [ 0101111110]
lshr_ln                           (partselect    ) [ 0101111100]
add_ln197                         (add           ) [ 0000000000]
store_ln193                       (store         ) [ 0000000000]
store_ln193                       (store         ) [ 0000000000]
store_ln197                       (store         ) [ 0000000000]
muxLogicI0_to_inv_l               (muxlogic      ) [ 0000000000]
muxLogicI1_to_inv_l               (muxlogic      ) [ 0000000000]
tmp_24                            (bitconcatenate) [ 0000000000]
zext_ln200                        (zext          ) [ 0100000011]
O_fp32_0_addr                     (getelementptr ) [ 0100000010]
O_fp32_1_addr                     (getelementptr ) [ 0100000010]
O_fp32_2_addr                     (getelementptr ) [ 0100000010]
O_fp32_3_addr                     (getelementptr ) [ 0100000010]
O_fp32_4_addr                     (getelementptr ) [ 0100000010]
O_fp32_5_addr                     (getelementptr ) [ 0100000010]
O_fp32_6_addr                     (getelementptr ) [ 0100000010]
O_fp32_7_addr                     (getelementptr ) [ 0100000010]
O_fp32_8_addr                     (getelementptr ) [ 0100000010]
O_fp32_9_addr                     (getelementptr ) [ 0100000010]
O_fp32_10_addr                    (getelementptr ) [ 0100000010]
O_fp32_11_addr                    (getelementptr ) [ 0100000010]
O_fp32_12_addr                    (getelementptr ) [ 0100000010]
O_fp32_13_addr                    (getelementptr ) [ 0100000010]
O_fp32_14_addr                    (getelementptr ) [ 0100000010]
O_fp32_15_addr                    (getelementptr ) [ 0100000010]
muxLogicRAMAddr_to_O_fp32_0_load  (muxlogic      ) [ 0000000000]
muxLogicRAMAddr_to_O_fp32_1_load  (muxlogic      ) [ 0000000000]
muxLogicRAMAddr_to_O_fp32_2_load  (muxlogic      ) [ 0000000000]
muxLogicRAMAddr_to_O_fp32_3_load  (muxlogic      ) [ 0000000000]
muxLogicRAMAddr_to_O_fp32_4_load  (muxlogic      ) [ 0000000000]
muxLogicRAMAddr_to_O_fp32_5_load  (muxlogic      ) [ 0000000000]
muxLogicRAMAddr_to_O_fp32_6_load  (muxlogic      ) [ 0000000000]
muxLogicRAMAddr_to_O_fp32_7_load  (muxlogic      ) [ 0000000000]
muxLogicRAMAddr_to_O_fp32_8_load  (muxlogic      ) [ 0000000000]
muxLogicRAMAddr_to_O_fp32_9_load  (muxlogic      ) [ 0000000000]
muxLogicRAMAddr_to_O_fp32_10_load (muxlogic      ) [ 0000000000]
muxLogicRAMAddr_to_O_fp32_11_load (muxlogic      ) [ 0000000000]
muxLogicRAMAddr_to_O_fp32_12_load (muxlogic      ) [ 0000000000]
muxLogicRAMAddr_to_O_fp32_13_load (muxlogic      ) [ 0000000000]
muxLogicRAMAddr_to_O_fp32_14_load (muxlogic      ) [ 0000000000]
muxLogicRAMAddr_to_O_fp32_15_load (muxlogic      ) [ 0000000000]
inv_l                             (fdiv          ) [ 0000000000]
O_fp32_0_load                     (load          ) [ 0000000000]
muxLogicI0_to_mul                 (muxlogic      ) [ 0000000000]
muxLogicI1_to_mul                 (muxlogic      ) [ 0000000000]
mul                               (fmul          ) [ 0000000000]
muxLogicI0_to_conv                (muxlogic      ) [ 0000000000]
conv                              (sptohp        ) [ 0100000001]
O_fp32_1_load                     (load          ) [ 0000000000]
muxLogicI0_to_mul_1               (muxlogic      ) [ 0000000000]
muxLogicI1_to_mul_1               (muxlogic      ) [ 0000000000]
mul_1                             (fmul          ) [ 0000000000]
muxLogicI0_to_conv_1              (muxlogic      ) [ 0000000000]
conv_1                            (sptohp        ) [ 0100000001]
O_fp32_2_load                     (load          ) [ 0000000000]
muxLogicI0_to_mul_2               (muxlogic      ) [ 0000000000]
muxLogicI1_to_mul_2               (muxlogic      ) [ 0000000000]
mul_2                             (fmul          ) [ 0000000000]
muxLogicI0_to_conv_2              (muxlogic      ) [ 0000000000]
conv_2                            (sptohp        ) [ 0100000001]
O_fp32_3_load                     (load          ) [ 0000000000]
muxLogicI0_to_mul_3               (muxlogic      ) [ 0000000000]
muxLogicI1_to_mul_3               (muxlogic      ) [ 0000000000]
mul_3                             (fmul          ) [ 0000000000]
muxLogicI0_to_conv_3              (muxlogic      ) [ 0000000000]
conv_3                            (sptohp        ) [ 0100000001]
O_fp32_4_load                     (load          ) [ 0000000000]
muxLogicI0_to_mul_4               (muxlogic      ) [ 0000000000]
muxLogicI1_to_mul_4               (muxlogic      ) [ 0000000000]
mul_4                             (fmul          ) [ 0000000000]
muxLogicI0_to_conv_4              (muxlogic      ) [ 0000000000]
conv_4                            (sptohp        ) [ 0100000001]
O_fp32_5_load                     (load          ) [ 0000000000]
muxLogicI0_to_mul_5               (muxlogic      ) [ 0000000000]
muxLogicI1_to_mul_5               (muxlogic      ) [ 0000000000]
mul_5                             (fmul          ) [ 0000000000]
muxLogicI0_to_conv_5              (muxlogic      ) [ 0000000000]
conv_5                            (sptohp        ) [ 0100000001]
O_fp32_6_load                     (load          ) [ 0000000000]
muxLogicI0_to_mul_6               (muxlogic      ) [ 0000000000]
muxLogicI1_to_mul_6               (muxlogic      ) [ 0000000000]
mul_6                             (fmul          ) [ 0000000000]
muxLogicI0_to_conv_6              (muxlogic      ) [ 0000000000]
conv_6                            (sptohp        ) [ 0100000001]
O_fp32_7_load                     (load          ) [ 0000000000]
muxLogicI0_to_mul_7               (muxlogic      ) [ 0000000000]
muxLogicI1_to_mul_7               (muxlogic      ) [ 0000000000]
mul_7                             (fmul          ) [ 0000000000]
muxLogicI0_to_conv_7              (muxlogic      ) [ 0000000000]
conv_7                            (sptohp        ) [ 0100000001]
O_fp32_8_load                     (load          ) [ 0000000000]
muxLogicI0_to_mul_8               (muxlogic      ) [ 0000000000]
muxLogicI1_to_mul_8               (muxlogic      ) [ 0000000000]
mul_8                             (fmul          ) [ 0000000000]
muxLogicI0_to_conv_8              (muxlogic      ) [ 0000000000]
conv_8                            (sptohp        ) [ 0100000001]
O_fp32_9_load                     (load          ) [ 0000000000]
muxLogicI0_to_mul_9               (muxlogic      ) [ 0000000000]
muxLogicI1_to_mul_9               (muxlogic      ) [ 0000000000]
mul_9                             (fmul          ) [ 0000000000]
muxLogicI0_to_conv_9              (muxlogic      ) [ 0000000000]
conv_9                            (sptohp        ) [ 0100000001]
O_fp32_10_load                    (load          ) [ 0000000000]
muxLogicI0_to_mul_s               (muxlogic      ) [ 0000000000]
muxLogicI1_to_mul_s               (muxlogic      ) [ 0000000000]
mul_s                             (fmul          ) [ 0000000000]
muxLogicI0_to_conv_s              (muxlogic      ) [ 0000000000]
conv_s                            (sptohp        ) [ 0100000001]
O_fp32_11_load                    (load          ) [ 0000000000]
muxLogicI0_to_mul_10              (muxlogic      ) [ 0000000000]
muxLogicI1_to_mul_10              (muxlogic      ) [ 0000000000]
mul_10                            (fmul          ) [ 0000000000]
muxLogicI0_to_conv_10             (muxlogic      ) [ 0000000000]
conv_10                           (sptohp        ) [ 0100000001]
O_fp32_12_load                    (load          ) [ 0000000000]
muxLogicI0_to_mul_11              (muxlogic      ) [ 0000000000]
muxLogicI1_to_mul_11              (muxlogic      ) [ 0000000000]
mul_11                            (fmul          ) [ 0000000000]
muxLogicI0_to_conv_11             (muxlogic      ) [ 0000000000]
conv_11                           (sptohp        ) [ 0100000001]
O_fp32_13_load                    (load          ) [ 0000000000]
muxLogicI0_to_mul_12              (muxlogic      ) [ 0000000000]
muxLogicI1_to_mul_12              (muxlogic      ) [ 0000000000]
mul_12                            (fmul          ) [ 0000000000]
muxLogicI0_to_conv_12             (muxlogic      ) [ 0000000000]
conv_12                           (sptohp        ) [ 0100000001]
O_fp32_14_load                    (load          ) [ 0000000000]
muxLogicI0_to_mul_13              (muxlogic      ) [ 0000000000]
muxLogicI1_to_mul_13              (muxlogic      ) [ 0000000000]
mul_13                            (fmul          ) [ 0000000000]
muxLogicI0_to_conv_13             (muxlogic      ) [ 0000000000]
conv_13                           (sptohp        ) [ 0100000001]
O_fp32_15_load                    (load          ) [ 0000000000]
muxLogicI0_to_mul_14              (muxlogic      ) [ 0000000000]
muxLogicI1_to_mul_14              (muxlogic      ) [ 0000000000]
mul_14                            (fmul          ) [ 0000000000]
muxLogicI0_to_conv_14             (muxlogic      ) [ 0000000000]
conv_14                           (sptohp        ) [ 0100000001]
specloopname_ln0                  (specloopname  ) [ 0000000000]
specpipeline_ln198                (specpipeline  ) [ 0000000000]
O_fp16_0_addr                     (getelementptr ) [ 0000000000]
O_fp16_1_addr                     (getelementptr ) [ 0000000000]
O_fp16_2_addr                     (getelementptr ) [ 0000000000]
O_fp16_3_addr                     (getelementptr ) [ 0000000000]
O_fp16_4_addr                     (getelementptr ) [ 0000000000]
O_fp16_5_addr                     (getelementptr ) [ 0000000000]
O_fp16_6_addr                     (getelementptr ) [ 0000000000]
O_fp16_7_addr                     (getelementptr ) [ 0000000000]
O_fp16_8_addr                     (getelementptr ) [ 0000000000]
O_fp16_9_addr                     (getelementptr ) [ 0000000000]
O_fp16_10_addr                    (getelementptr ) [ 0000000000]
O_fp16_11_addr                    (getelementptr ) [ 0000000000]
O_fp16_12_addr                    (getelementptr ) [ 0000000000]
O_fp16_13_addr                    (getelementptr ) [ 0000000000]
O_fp16_14_addr                    (getelementptr ) [ 0000000000]
O_fp16_15_addr                    (getelementptr ) [ 0000000000]
muxLogicRAMData_to_store_ln200    (muxlogic      ) [ 0000000000]
muxLogicRAMAddr_to_store_ln200    (muxlogic      ) [ 0000000000]
store_ln200                       (store         ) [ 0000000000]
muxLogicRAMData_to_store_ln200    (muxlogic      ) [ 0000000000]
muxLogicRAMAddr_to_store_ln200    (muxlogic      ) [ 0000000000]
store_ln200                       (store         ) [ 0000000000]
muxLogicRAMData_to_store_ln200    (muxlogic      ) [ 0000000000]
muxLogicRAMAddr_to_store_ln200    (muxlogic      ) [ 0000000000]
store_ln200                       (store         ) [ 0000000000]
muxLogicRAMData_to_store_ln200    (muxlogic      ) [ 0000000000]
muxLogicRAMAddr_to_store_ln200    (muxlogic      ) [ 0000000000]
store_ln200                       (store         ) [ 0000000000]
muxLogicRAMData_to_store_ln200    (muxlogic      ) [ 0000000000]
muxLogicRAMAddr_to_store_ln200    (muxlogic      ) [ 0000000000]
store_ln200                       (store         ) [ 0000000000]
muxLogicRAMData_to_store_ln200    (muxlogic      ) [ 0000000000]
muxLogicRAMAddr_to_store_ln200    (muxlogic      ) [ 0000000000]
store_ln200                       (store         ) [ 0000000000]
muxLogicRAMData_to_store_ln200    (muxlogic      ) [ 0000000000]
muxLogicRAMAddr_to_store_ln200    (muxlogic      ) [ 0000000000]
store_ln200                       (store         ) [ 0000000000]
muxLogicRAMData_to_store_ln200    (muxlogic      ) [ 0000000000]
muxLogicRAMAddr_to_store_ln200    (muxlogic      ) [ 0000000000]
store_ln200                       (store         ) [ 0000000000]
muxLogicRAMData_to_store_ln200    (muxlogic      ) [ 0000000000]
muxLogicRAMAddr_to_store_ln200    (muxlogic      ) [ 0000000000]
store_ln200                       (store         ) [ 0000000000]
muxLogicRAMData_to_store_ln200    (muxlogic      ) [ 0000000000]
muxLogicRAMAddr_to_store_ln200    (muxlogic      ) [ 0000000000]
store_ln200                       (store         ) [ 0000000000]
muxLogicRAMData_to_store_ln200    (muxlogic      ) [ 0000000000]
muxLogicRAMAddr_to_store_ln200    (muxlogic      ) [ 0000000000]
store_ln200                       (store         ) [ 0000000000]
muxLogicRAMData_to_store_ln200    (muxlogic      ) [ 0000000000]
muxLogicRAMAddr_to_store_ln200    (muxlogic      ) [ 0000000000]
store_ln200                       (store         ) [ 0000000000]
muxLogicRAMData_to_store_ln200    (muxlogic      ) [ 0000000000]
muxLogicRAMAddr_to_store_ln200    (muxlogic      ) [ 0000000000]
store_ln200                       (store         ) [ 0000000000]
muxLogicRAMData_to_store_ln200    (muxlogic      ) [ 0000000000]
muxLogicRAMAddr_to_store_ln200    (muxlogic      ) [ 0000000000]
store_ln200                       (store         ) [ 0000000000]
muxLogicRAMData_to_store_ln200    (muxlogic      ) [ 0000000000]
muxLogicRAMAddr_to_store_ln200    (muxlogic      ) [ 0000000000]
store_ln200                       (store         ) [ 0000000000]
muxLogicRAMData_to_store_ln200    (muxlogic      ) [ 0000000000]
muxLogicRAMAddr_to_store_ln200    (muxlogic      ) [ 0000000000]
store_ln200                       (store         ) [ 0000000000]
br_ln197                          (br            ) [ 0000000000]
ret_ln203                         (ret           ) [ 0000000000]
</LifeTime>

<model>

<comp_list>
<comp id="0" class="1000" name="O_fp32_0">
<pin_list>
<pin id="1" dir="1" index="0" bw="1" slack="0"/>
</pin_list>
<bind>
<StgValue><ssdm name="O_fp32_0"/><MemPortTyVec>1 3 </MemPortTyVec>
</StgValue>
</bind>
</comp>

<comp id="2" class="1000" name="O_fp32_1">
<pin_list>
<pin id="3" dir="1" index="0" bw="1" slack="0"/>
</pin_list>
<bind>
<StgValue><ssdm name="O_fp32_1"/><MemPortTyVec>1 3 </MemPortTyVec>
</StgValue>
</bind>
</comp>

<comp id="4" class="1000" name="O_fp32_2">
<pin_list>
<pin id="5" dir="1" index="0" bw="1" slack="0"/>
</pin_list>
<bind>
<StgValue><ssdm name="O_fp32_2"/><MemPortTyVec>1 3 </MemPortTyVec>
</StgValue>
</bind>
</comp>

<comp id="6" class="1000" name="O_fp32_3">
<pin_list>
<pin id="7" dir="1" index="0" bw="1" slack="0"/>
</pin_list>
<bind>
<StgValue><ssdm name="O_fp32_3"/><MemPortTyVec>1 3 </MemPortTyVec>
</StgValue>
</bind>
</comp>

<comp id="8" class="1000" name="O_fp32_4">
<pin_list>
<pin id="9" dir="1" index="0" bw="1" slack="0"/>
</pin_list>
<bind>
<StgValue><ssdm name="O_fp32_4"/><MemPortTyVec>1 3 </MemPortTyVec>
</StgValue>
</bind>
</comp>

<comp id="10" class="1000" name="O_fp32_5">
<pin_list>
<pin id="11" dir="1" index="0" bw="1" slack="0"/>
</pin_list>
<bind>
<StgValue><ssdm name="O_fp32_5"/><MemPortTyVec>1 3 </MemPortTyVec>
</StgValue>
</bind>
</comp>

<comp id="12" class="1000" name="O_fp32_6">
<pin_list>
<pin id="13" dir="1" index="0" bw="1" slack="0"/>
</pin_list>
<bind>
<StgValue><ssdm name="O_fp32_6"/><MemPortTyVec>1 3 </MemPortTyVec>
</StgValue>
</bind>
</comp>

<comp id="14" class="1000" name="O_fp32_7">
<pin_list>
<pin id="15" dir="1" index="0" bw="1" slack="0"/>
</pin_list>
<bind>
<StgValue><ssdm name="O_fp32_7"/><MemPortTyVec>1 3 </MemPortTyVec>
</StgValue>
</bind>
</comp>

<comp id="16" class="1000" name="O_fp32_8">
<pin_list>
<pin id="17" dir="1" index="0" bw="1" slack="0"/>
</pin_list>
<bind>
<StgValue><ssdm name="O_fp32_8"/><MemPortTyVec>1 3 </MemPortTyVec>
</StgValue>
</bind>
</comp>

<comp id="18" class="1000" name="O_fp32_9">
<pin_list>
<pin id="19" dir="1" index="0" bw="1" slack="0"/>
</pin_list>
<bind>
<StgValue><ssdm name="O_fp32_9"/><MemPortTyVec>1 3 </MemPortTyVec>
</StgValue>
</bind>
</comp>

<comp id="20" class="1000" name="O_fp32_10">
<pin_list>
<pin id="21" dir="1" index="0" bw="1" slack="0"/>
</pin_list>
<bind>
<StgValue><ssdm name="O_fp32_10"/><MemPortTyVec>1 3 </MemPortTyVec>
</StgValue>
</bind>
</comp>

<comp id="22" class="1000" name="O_fp32_11">
<pin_list>
<pin id="23" dir="1" index="0" bw="1" slack="0"/>
</pin_list>
<bind>
<StgValue><ssdm name="O_fp32_11"/><MemPortTyVec>1 3 </MemPortTyVec>
</StgValue>
</bind>
</comp>

<comp id="24" class="1000" name="O_fp32_12">
<pin_list>
<pin id="25" dir="1" index="0" bw="1" slack="0"/>
</pin_list>
<bind>
<StgValue><ssdm name="O_fp32_12"/><MemPortTyVec>1 3 </MemPortTyVec>
</StgValue>
</bind>
</comp>

<comp id="26" class="1000" name="O_fp32_13">
<pin_list>
<pin id="27" dir="1" index="0" bw="1" slack="0"/>
</pin_list>
<bind>
<StgValue><ssdm name="O_fp32_13"/><MemPortTyVec>1 3 </MemPortTyVec>
</StgValue>
</bind>
</comp>

<comp id="28" class="1000" name="O_fp32_14">
<pin_list>
<pin id="29" dir="1" index="0" bw="1" slack="0"/>
</pin_list>
<bind>
<StgValue><ssdm name="O_fp32_14"/><MemPortTyVec>1 3 </MemPortTyVec>
</StgValue>
</bind>
</comp>

<comp id="30" class="1000" name="O_fp32_15">
<pin_list>
<pin id="31" dir="1" index="0" bw="1" slack="0"/>
</pin_list>
<bind>
<StgValue><ssdm name="O_fp32_15"/><MemPortTyVec>1 3 </MemPortTyVec>
</StgValue>
</bind>
</comp>

<comp id="32" class="1000" name="O_fp16_0">
<pin_list>
<pin id="33" dir="1" index="0" bw="1" slack="0"/>
</pin_list>
<bind>
<StgValue><ssdm name="O_fp16_0"/><MemPortTyVec>3 0 </MemPortTyVec>
</StgValue>
</bind>
</comp>

<comp id="34" class="1000" name="O_fp16_1">
<pin_list>
<pin id="35" dir="1" index="0" bw="1" slack="0"/>
</pin_list>
<bind>
<StgValue><ssdm name="O_fp16_1"/><MemPortTyVec>3 0 </MemPortTyVec>
</StgValue>
</bind>
</comp>

<comp id="36" class="1000" name="O_fp16_2">
<pin_list>
<pin id="37" dir="1" index="0" bw="1" slack="0"/>
</pin_list>
<bind>
<StgValue><ssdm name="O_fp16_2"/><MemPortTyVec>3 0 </MemPortTyVec>
</StgValue>
</bind>
</comp>

<comp id="38" class="1000" name="O_fp16_3">
<pin_list>
<pin id="39" dir="1" index="0" bw="1" slack="0"/>
</pin_list>
<bind>
<StgValue><ssdm name="O_fp16_3"/><MemPortTyVec>3 0 </MemPortTyVec>
</StgValue>
</bind>
</comp>

<comp id="40" class="1000" name="O_fp16_4">
<pin_list>
<pin id="41" dir="1" index="0" bw="1" slack="0"/>
</pin_list>
<bind>
<StgValue><ssdm name="O_fp16_4"/><MemPortTyVec>3 0 </MemPortTyVec>
</StgValue>
</bind>
</comp>

<comp id="42" class="1000" name="O_fp16_5">
<pin_list>
<pin id="43" dir="1" index="0" bw="1" slack="0"/>
</pin_list>
<bind>
<StgValue><ssdm name="O_fp16_5"/><MemPortTyVec>3 0 </MemPortTyVec>
</StgValue>
</bind>
</comp>

<comp id="44" class="1000" name="O_fp16_6">
<pin_list>
<pin id="45" dir="1" index="0" bw="1" slack="0"/>
</pin_list>
<bind>
<StgValue><ssdm name="O_fp16_6"/><MemPortTyVec>3 0 </MemPortTyVec>
</StgValue>
</bind>
</comp>

<comp id="46" class="1000" name="O_fp16_7">
<pin_list>
<pin id="47" dir="1" index="0" bw="1" slack="0"/>
</pin_list>
<bind>
<StgValue><ssdm name="O_fp16_7"/><MemPortTyVec>3 0 </MemPortTyVec>
</StgValue>
</bind>
</comp>

<comp id="48" class="1000" name="O_fp16_8">
<pin_list>
<pin id="49" dir="1" index="0" bw="1" slack="0"/>
</pin_list>
<bind>
<StgValue><ssdm name="O_fp16_8"/><MemPortTyVec>3 0 </MemPortTyVec>
</StgValue>
</bind>
</comp>

<comp id="50" class="1000" name="O_fp16_9">
<pin_list>
<pin id="51" dir="1" index="0" bw="1" slack="0"/>
</pin_list>
<bind>
<StgValue><ssdm name="O_fp16_9"/><MemPortTyVec>3 0 </MemPortTyVec>
</StgValue>
</bind>
</comp>

<comp id="52" class="1000" name="O_fp16_10">
<pin_list>
<pin id="53" dir="1" index="0" bw="1" slack="0"/>
</pin_list>
<bind>
<StgValue><ssdm name="O_fp16_10"/><MemPortTyVec>3 0 </MemPortTyVec>
</StgValue>
</bind>
</comp>

<comp id="54" class="1000" name="O_fp16_11">
<pin_list>
<pin id="55" dir="1" index="0" bw="1" slack="0"/>
</pin_list>
<bind>
<StgValue><ssdm name="O_fp16_11"/><MemPortTyVec>3 0 </MemPortTyVec>
</StgValue>
</bind>
</comp>

<comp id="56" class="1000" name="O_fp16_12">
<pin_list>
<pin id="57" dir="1" index="0" bw="1" slack="0"/>
</pin_list>
<bind>
<StgValue><ssdm name="O_fp16_12"/><MemPortTyVec>3 0 </MemPortTyVec>
</StgValue>
</bind>
</comp>

<comp id="58" class="1000" name="O_fp16_13">
<pin_list>
<pin id="59" dir="1" index="0" bw="1" slack="0"/>
</pin_list>
<bind>
<StgValue><ssdm name="O_fp16_13"/><MemPortTyVec>3 0 </MemPortTyVec>
</StgValue>
</bind>
</comp>

<comp id="60" class="1000" name="O_fp16_14">
<pin_list>
<pin id="61" dir="1" index="0" bw="1" slack="0"/>
</pin_list>
<bind>
<StgValue><ssdm name="O_fp16_14"/><MemPortTyVec>3 0 </MemPortTyVec>
</StgValue>
</bind>
</comp>

<comp id="62" class="1000" name="O_fp16_15">
<pin_list>
<pin id="63" dir="1" index="0" bw="1" slack="0"/>
</pin_list>
<bind>
<StgValue><ssdm name="O_fp16_15"/><MemPortTyVec>3 0 </MemPortTyVec>
</StgValue>
</bind>
</comp>

<comp id="64" class="1000" name="l_i_0_val">
<pin_list>
<pin id="65" dir="1" index="0" bw="1" slack="0"/>
</pin_list>
<bind>
<StgValue><ssdm name="l_i_0_val"/></StgValue>
</bind>
</comp>

<comp id="66" class="1000" name="l_i_1_val">
<pin_list>
<pin id="67" dir="1" index="0" bw="1" slack="0"/>
</pin_list>
<bind>
<StgValue><ssdm name="l_i_1_val"/></StgValue>
</bind>
</comp>

<comp id="68" class="1000" name="l_i_2_val">
<pin_list>
<pin id="69" dir="1" index="0" bw="1" slack="0"/>
</pin_list>
<bind>
<StgValue><ssdm name="l_i_2_val"/></StgValue>
</bind>
</comp>

<comp id="70" class="1000" name="l_i_3_val">
<pin_list>
<pin id="71" dir="1" index="0" bw="1" slack="0"/>
</pin_list>
<bind>
<StgValue><ssdm name="l_i_3_val"/></StgValue>
</bind>
</comp>

<comp id="72" class="1000" name="l_i_4_val">
<pin_list>
<pin id="73" dir="1" index="0" bw="1" slack="0"/>
</pin_list>
<bind>
<StgValue><ssdm name="l_i_4_val"/></StgValue>
</bind>
</comp>

<comp id="74" class="1000" name="l_i_5_val">
<pin_list>
<pin id="75" dir="1" index="0" bw="1" slack="0"/>
</pin_list>
<bind>
<StgValue><ssdm name="l_i_5_val"/></StgValue>
</bind>
</comp>

<comp id="76" class="1000" name="l_i_6_val">
<pin_list>
<pin id="77" dir="1" index="0" bw="1" slack="0"/>
</pin_list>
<bind>
<StgValue><ssdm name="l_i_6_val"/></StgValue>
</bind>
</comp>

<comp id="78" class="1000" name="l_i_7_val">
<pin_list>
<pin id="79" dir="1" index="0" bw="1" slack="0"/>
</pin_list>
<bind>
<StgValue><ssdm name="l_i_7_val"/></StgValue>
</bind>
</comp>

<comp id="80" class="1000" name="l_i_8_val">
<pin_list>
<pin id="81" dir="1" index="0" bw="1" slack="0"/>
</pin_list>
<bind>
<StgValue><ssdm name="l_i_8_val"/></StgValue>
</bind>
</comp>

<comp id="82" class="1000" name="l_i_9_val">
<pin_list>
<pin id="83" dir="1" index="0" bw="1" slack="0"/>
</pin_list>
<bind>
<StgValue><ssdm name="l_i_9_val"/></StgValue>
</bind>
</comp>

<comp id="84" class="1000" name="l_i_10_val">
<pin_list>
<pin id="85" dir="1" index="0" bw="1" slack="0"/>
</pin_list>
<bind>
<StgValue><ssdm name="l_i_10_val"/></StgValue>
</bind>
</comp>

<comp id="86" class="1000" name="l_i_11_val">
<pin_list>
<pin id="87" dir="1" index="0" bw="1" slack="0"/>
</pin_list>
<bind>
<StgValue><ssdm name="l_i_11_val"/></StgValue>
</bind>
</comp>

<comp id="88" class="1000" name="l_i_12_val">
<pin_list>
<pin id="89" dir="1" index="0" bw="1" slack="0"/>
</pin_list>
<bind>
<StgValue><ssdm name="l_i_12_val"/></StgValue>
</bind>
</comp>

<comp id="90" class="1000" name="l_i_13_val">
<pin_list>
<pin id="91" dir="1" index="0" bw="1" slack="0"/>
</pin_list>
<bind>
<StgValue><ssdm name="l_i_13_val"/></StgValue>
</bind>
</comp>

<comp id="92" class="1000" name="l_i_14_val">
<pin_list>
<pin id="93" dir="1" index="0" bw="1" slack="0"/>
</pin_list>
<bind>
<StgValue><ssdm name="l_i_14_val"/></StgValue>
</bind>
</comp>

<comp id="94" class="1000" name="l_i_15_val">
<pin_list>
<pin id="95" dir="1" index="0" bw="1" slack="0"/>
</pin_list>
<bind>
<StgValue><ssdm name="l_i_15_val"/></StgValue>
</bind>
</comp>

<comp id="96" class="1000" name="l_i_16_val">
<pin_list>
<pin id="97" dir="1" index="0" bw="1" slack="0"/>
</pin_list>
<bind>
<StgValue><ssdm name="l_i_16_val"/></StgValue>
</bind>
</comp>

<comp id="98" class="1000" name="l_i_17_val">
<pin_list>
<pin id="99" dir="1" index="0" bw="1" slack="0"/>
</pin_list>
<bind>
<StgValue><ssdm name="l_i_17_val"/></StgValue>
</bind>
</comp>

<comp id="100" class="1000" name="l_i_18_val">
<pin_list>
<pin id="101" dir="1" index="0" bw="1" slack="0"/>
</pin_list>
<bind>
<StgValue><ssdm name="l_i_18_val"/></StgValue>
</bind>
</comp>

<comp id="102" class="1000" name="l_i_19_val">
<pin_list>
<pin id="103" dir="1" index="0" bw="1" slack="0"/>
</pin_list>
<bind>
<StgValue><ssdm name="l_i_19_val"/></StgValue>
</bind>
</comp>

<comp id="104" class="1000" name="l_i_20_val">
<pin_list>
<pin id="105" dir="1" index="0" bw="1" slack="0"/>
</pin_list>
<bind>
<StgValue><ssdm name="l_i_20_val"/></StgValue>
</bind>
</comp>

<comp id="106" class="1000" name="l_i_21_val">
<pin_list>
<pin id="107" dir="1" index="0" bw="1" slack="0"/>
</pin_list>
<bind>
<StgValue><ssdm name="l_i_21_val"/></StgValue>
</bind>
</comp>

<comp id="108" class="1000" name="l_i_22_val">
<pin_list>
<pin id="109" dir="1" index="0" bw="1" slack="0"/>
</pin_list>
<bind>
<StgValue><ssdm name="l_i_22_val"/></StgValue>
</bind>
</comp>

<comp id="110" class="1000" name="l_i_23_val">
<pin_list>
<pin id="111" dir="1" index="0" bw="1" slack="0"/>
</pin_list>
<bind>
<StgValue><ssdm name="l_i_23_val"/></StgValue>
</bind>
</comp>

<comp id="112" class="1000" name="l_i_24_val">
<pin_list>
<pin id="113" dir="1" index="0" bw="1" slack="0"/>
</pin_list>
<bind>
<StgValue><ssdm name="l_i_24_val"/></StgValue>
</bind>
</comp>

<comp id="114" class="1000" name="l_i_25_val">
<pin_list>
<pin id="115" dir="1" index="0" bw="1" slack="0"/>
</pin_list>
<bind>
<StgValue><ssdm name="l_i_25_val"/></StgValue>
</bind>
</comp>

<comp id="116" class="1000" name="l_i_26_val">
<pin_list>
<pin id="117" dir="1" index="0" bw="1" slack="0"/>
</pin_list>
<bind>
<StgValue><ssdm name="l_i_26_val"/></StgValue>
</bind>
</comp>

<comp id="118" class="1000" name="l_i_27_val">
<pin_list>
<pin id="119" dir="1" index="0" bw="1" slack="0"/>
</pin_list>
<bind>
<StgValue><ssdm name="l_i_27_val"/></StgValue>
</bind>
</comp>

<comp id="120" class="1000" name="l_i_28_val">
<pin_list>
<pin id="121" dir="1" index="0" bw="1" slack="0"/>
</pin_list>
<bind>
<StgValue><ssdm name="l_i_28_val"/></StgValue>
</bind>
</comp>

<comp id="122" class="1000" name="l_i_29_val">
<pin_list>
<pin id="123" dir="1" index="0" bw="1" slack="0"/>
</pin_list>
<bind>
<StgValue><ssdm name="l_i_29_val"/></StgValue>
</bind>
</comp>

<comp id="124" class="1000" name="l_i_30_val">
<pin_list>
<pin id="125" dir="1" index="0" bw="1" slack="0"/>
</pin_list>
<bind>
<StgValue><ssdm name="l_i_30_val"/></StgValue>
</bind>
</comp>

<comp id="126" class="1000" name="l_i_31_val">
<pin_list>
<pin id="127" dir="1" index="0" bw="1" slack="0"/>
</pin_list>
<bind>
<StgValue><ssdm name="l_i_31_val"/></StgValue>
</bind>
</comp>

<comp id="128" class="1000" name="l_i_32_val">
<pin_list>
<pin id="129" dir="1" index="0" bw="1" slack="0"/>
</pin_list>
<bind>
<StgValue><ssdm name="l_i_32_val"/></StgValue>
</bind>
</comp>

<comp id="130" class="1000" name="l_i_33_val">
<pin_list>
<pin id="131" dir="1" index="0" bw="1" slack="0"/>
</pin_list>
<bind>
<StgValue><ssdm name="l_i_33_val"/></StgValue>
</bind>
</comp>

<comp id="132" class="1000" name="l_i_34_val">
<pin_list>
<pin id="133" dir="1" index="0" bw="1" slack="0"/>
</pin_list>
<bind>
<StgValue><ssdm name="l_i_34_val"/></StgValue>
</bind>
</comp>

<comp id="134" class="1000" name="l_i_35_val">
<pin_list>
<pin id="135" dir="1" index="0" bw="1" slack="0"/>
</pin_list>
<bind>
<StgValue><ssdm name="l_i_35_val"/></StgValue>
</bind>
</comp>

<comp id="136" class="1000" name="l_i_36_val">
<pin_list>
<pin id="137" dir="1" index="0" bw="1" slack="0"/>
</pin_list>
<bind>
<StgValue><ssdm name="l_i_36_val"/></StgValue>
</bind>
</comp>

<comp id="138" class="1000" name="l_i_37_val">
<pin_list>
<pin id="139" dir="1" index="0" bw="1" slack="0"/>
</pin_list>
<bind>
<StgValue><ssdm name="l_i_37_val"/></StgValue>
</bind>
</comp>

<comp id="140" class="1000" name="l_i_38_val">
<pin_list>
<pin id="141" dir="1" index="0" bw="1" slack="0"/>
</pin_list>
<bind>
<StgValue><ssdm name="l_i_38_val"/></StgValue>
</bind>
</comp>

<comp id="142" class="1000" name="l_i_39_val">
<pin_list>
<pin id="143" dir="1" index="0" bw="1" slack="0"/>
</pin_list>
<bind>
<StgValue><ssdm name="l_i_39_val"/></StgValue>
</bind>
</comp>

<comp id="144" class="1000" name="l_i_40_val">
<pin_list>
<pin id="145" dir="1" index="0" bw="1" slack="0"/>
</pin_list>
<bind>
<StgValue><ssdm name="l_i_40_val"/></StgValue>
</bind>
</comp>

<comp id="146" class="1000" name="l_i_41_val">
<pin_list>
<pin id="147" dir="1" index="0" bw="1" slack="0"/>
</pin_list>
<bind>
<StgValue><ssdm name="l_i_41_val"/></StgValue>
</bind>
</comp>

<comp id="148" class="1000" name="l_i_42_val">
<pin_list>
<pin id="149" dir="1" index="0" bw="1" slack="0"/>
</pin_list>
<bind>
<StgValue><ssdm name="l_i_42_val"/></StgValue>
</bind>
</comp>

<comp id="150" class="1000" name="l_i_43_val">
<pin_list>
<pin id="151" dir="1" index="0" bw="1" slack="0"/>
</pin_list>
<bind>
<StgValue><ssdm name="l_i_43_val"/></StgValue>
</bind>
</comp>

<comp id="152" class="1000" name="l_i_44_val">
<pin_list>
<pin id="153" dir="1" index="0" bw="1" slack="0"/>
</pin_list>
<bind>
<StgValue><ssdm name="l_i_44_val"/></StgValue>
</bind>
</comp>

<comp id="154" class="1000" name="l_i_45_val">
<pin_list>
<pin id="155" dir="1" index="0" bw="1" slack="0"/>
</pin_list>
<bind>
<StgValue><ssdm name="l_i_45_val"/></StgValue>
</bind>
</comp>

<comp id="156" class="1000" name="l_i_46_val">
<pin_list>
<pin id="157" dir="1" index="0" bw="1" slack="0"/>
</pin_list>
<bind>
<StgValue><ssdm name="l_i_46_val"/></StgValue>
</bind>
</comp>

<comp id="158" class="1000" name="l_i_47_val">
<pin_list>
<pin id="159" dir="1" index="0" bw="1" slack="0"/>
</pin_list>
<bind>
<StgValue><ssdm name="l_i_47_val"/></StgValue>
</bind>
</comp>

<comp id="160" class="1000" name="l_i_48_val">
<pin_list>
<pin id="161" dir="1" index="0" bw="1" slack="0"/>
</pin_list>
<bind>
<StgValue><ssdm name="l_i_48_val"/></StgValue>
</bind>
</comp>

<comp id="162" class="1000" name="l_i_49_val">
<pin_list>
<pin id="163" dir="1" index="0" bw="1" slack="0"/>
</pin_list>
<bind>
<StgValue><ssdm name="l_i_49_val"/></StgValue>
</bind>
</comp>

<comp id="164" class="1000" name="l_i_50_val">
<pin_list>
<pin id="165" dir="1" index="0" bw="1" slack="0"/>
</pin_list>
<bind>
<StgValue><ssdm name="l_i_50_val"/></StgValue>
</bind>
</comp>

<comp id="166" class="1000" name="l_i_51_val">
<pin_list>
<pin id="167" dir="1" index="0" bw="1" slack="0"/>
</pin_list>
<bind>
<StgValue><ssdm name="l_i_51_val"/></StgValue>
</bind>
</comp>

<comp id="168" class="1000" name="l_i_52_val">
<pin_list>
<pin id="169" dir="1" index="0" bw="1" slack="0"/>
</pin_list>
<bind>
<StgValue><ssdm name="l_i_52_val"/></StgValue>
</bind>
</comp>

<comp id="170" class="1000" name="l_i_53_val">
<pin_list>
<pin id="171" dir="1" index="0" bw="1" slack="0"/>
</pin_list>
<bind>
<StgValue><ssdm name="l_i_53_val"/></StgValue>
</bind>
</comp>

<comp id="172" class="1000" name="l_i_54_val">
<pin_list>
<pin id="173" dir="1" index="0" bw="1" slack="0"/>
</pin_list>
<bind>
<StgValue><ssdm name="l_i_54_val"/></StgValue>
</bind>
</comp>

<comp id="174" class="1000" name="l_i_55_val">
<pin_list>
<pin id="175" dir="1" index="0" bw="1" slack="0"/>
</pin_list>
<bind>
<StgValue><ssdm name="l_i_55_val"/></StgValue>
</bind>
</comp>

<comp id="176" class="1000" name="l_i_56_val">
<pin_list>
<pin id="177" dir="1" index="0" bw="1" slack="0"/>
</pin_list>
<bind>
<StgValue><ssdm name="l_i_56_val"/></StgValue>
</bind>
</comp>

<comp id="178" class="1000" name="l_i_57_val">
<pin_list>
<pin id="179" dir="1" index="0" bw="1" slack="0"/>
</pin_list>
<bind>
<StgValue><ssdm name="l_i_57_val"/></StgValue>
</bind>
</comp>

<comp id="180" class="1000" name="l_i_58_val">
<pin_list>
<pin id="181" dir="1" index="0" bw="1" slack="0"/>
</pin_list>
<bind>
<StgValue><ssdm name="l_i_58_val"/></StgValue>
</bind>
</comp>

<comp id="182" class="1000" name="l_i_59_val">
<pin_list>
<pin id="183" dir="1" index="0" bw="1" slack="0"/>
</pin_list>
<bind>
<StgValue><ssdm name="l_i_59_val"/></StgValue>
</bind>
</comp>

<comp id="184" class="1000" name="l_i_60_val">
<pin_list>
<pin id="185" dir="1" index="0" bw="1" slack="0"/>
</pin_list>
<bind>
<StgValue><ssdm name="l_i_60_val"/></StgValue>
</bind>
</comp>

<comp id="186" class="1000" name="l_i_61_val">
<pin_list>
<pin id="187" dir="1" index="0" bw="1" slack="0"/>
</pin_list>
<bind>
<StgValue><ssdm name="l_i_61_val"/></StgValue>
</bind>
</comp>

<comp id="188" class="1000" name="l_i_62_val">
<pin_list>
<pin id="189" dir="1" index="0" bw="1" slack="0"/>
</pin_list>
<bind>
<StgValue><ssdm name="l_i_62_val"/></StgValue>
</bind>
</comp>

<comp id="190" class="1000" name="l_i_63_val">
<pin_list>
<pin id="191" dir="1" index="0" bw="1" slack="0"/>
</pin_list>
<bind>
<StgValue><ssdm name="l_i_63_val"/></StgValue>
</bind>
</comp>

<comp id="192" class="1000" name="br_actual">
<pin_list>
<pin id="193" dir="1" index="0" bw="1" slack="0"/>
</pin_list>
<bind>
<StgValue><ssdm name="br_actual"/></StgValue>
</bind>
</comp>

<comp id="194" class="1001" name="const_194">
<pin_list>
<pin id="195" dir="1" index="0" bw="1" slack="0"/>
</pin_list>
<bind>
<StgValue><ssdm name=""/></StgValue>
</bind>
</comp>

<comp id="196" class="1001" name="const_196">
<pin_list>
<pin id="197" dir="1" index="0" bw="1" slack="0"/>
</pin_list>
<bind>
<StgValue><ssdm name="_ssdm_op_Read.ap_auto.i32"/></StgValue>
</bind>
</comp>

<comp id="198" class="1001" name="const_198">
<pin_list>
<pin id="199" dir="1" index="0" bw="1" slack="0"/>
</pin_list>
<bind>
<StgValue><ssdm name="_ssdm_op_Read.ap_auto.float"/></StgValue>
</bind>
</comp>

<comp id="200" class="1001" name="const_200">
<pin_list>
<pin id="201" dir="1" index="0" bw="1" slack="2147483647"/>
</pin_list>
<bind>
<StgValue><ssdm name="_ssdm_op_SpecMemCore"/></StgValue>
</bind>
</comp>

<comp id="202" class="1001" name="const_202">
<pin_list>
<pin id="203" dir="1" index="0" bw="1" slack="2147483647"/>
</pin_list>
<bind>
<StgValue><ssdm name=""/></StgValue>
</bind>
</comp>

<comp id="204" class="1001" name="const_204">
<pin_list>
<pin id="205" dir="1" index="0" bw="1" slack="2147483647"/>
</pin_list>
<bind>
<StgValue><ssdm name=""/></StgValue>
</bind>
</comp>

<comp id="206" class="1001" name="const_206">
<pin_list>
<pin id="207" dir="1" index="0" bw="1" slack="2147483647"/>
</pin_list>
<bind>
<StgValue><ssdm name=""/></StgValue>
</bind>
</comp>

<comp id="208" class="1001" name="const_208">
<pin_list>
<pin id="209" dir="1" index="0" bw="1" slack="0"/>
</pin_list>
<bind>
<StgValue><ssdm name=""/></StgValue>
</bind>
</comp>

<comp id="210" class="1001" name="const_210">
<pin_list>
<pin id="211" dir="1" index="0" bw="1" slack="0"/>
</pin_list>
<bind>
<StgValue><ssdm name=""/></StgValue>
</bind>
</comp>

<comp id="212" class="1001" name="const_212">
<pin_list>
<pin id="213" dir="1" index="0" bw="1" slack="0"/>
</pin_list>
<bind>
<StgValue><ssdm name="_ssdm_op_BitConcatenate.i34.i31.i3"/></StgValue>
</bind>
</comp>

<comp id="214" class="1001" name="const_214">
<pin_list>
<pin id="215" dir="1" index="0" bw="1" slack="0"/>
</pin_list>
<bind>
<StgValue><ssdm name=""/></StgValue>
</bind>
</comp>

<comp id="216" class="1001" name="const_216">
<pin_list>
<pin id="217" dir="1" index="0" bw="1" slack="0"/>
</pin_list>
<bind>
<StgValue><ssdm name=""/></StgValue>
</bind>
</comp>

<comp id="218" class="1001" name="const_218">
<pin_list>
<pin id="219" dir="1" index="0" bw="1" slack="0"/>
</pin_list>
<bind>
<StgValue><ssdm name=""/></StgValue>
</bind>
</comp>

<comp id="220" class="1001" name="const_220">
<pin_list>
<pin id="221" dir="1" index="0" bw="1" slack="0"/>
</pin_list>
<bind>
<StgValue><ssdm name=""/></StgValue>
</bind>
</comp>

<comp id="222" class="1001" name="const_222">
<pin_list>
<pin id="223" dir="1" index="0" bw="1" slack="0"/>
</pin_list>
<bind>
<StgValue><ssdm name=""/></StgValue>
</bind>
</comp>

<comp id="224" class="1001" name="const_224">
<pin_list>
<pin id="225" dir="1" index="0" bw="1" slack="0"/>
</pin_list>
<bind>
<StgValue><ssdm name="_ssdm_op_BitSelect.i1.i8.i32"/></StgValue>
</bind>
</comp>

<comp id="226" class="1001" name="const_226">
<pin_list>
<pin id="227" dir="1" index="0" bw="1" slack="0"/>
</pin_list>
<bind>
<StgValue><ssdm name=""/></StgValue>
</bind>
</comp>

<comp id="228" class="1001" name="const_228">
<pin_list>
<pin id="229" dir="1" index="0" bw="1" slack="0"/>
</pin_list>
<bind>
<StgValue><ssdm name=""/></StgValue>
</bind>
</comp>

<comp id="230" class="1001" name="const_230">
<pin_list>
<pin id="231" dir="1" index="0" bw="1" slack="0"/>
</pin_list>
<bind>
<StgValue><ssdm name="_ssdm_op_SparseMux.ap_auto.64float.float.i6"/></StgValue>
</bind>
</comp>

<comp id="232" class="1001" name="const_232">
<pin_list>
<pin id="233" dir="1" index="0" bw="1" slack="0"/>
</pin_list>
<bind>
<StgValue><ssdm name=""/></StgValue>
</bind>
</comp>

<comp id="234" class="1001" name="const_234">
<pin_list>
<pin id="235" dir="1" index="0" bw="1" slack="0"/>
</pin_list>
<bind>
<StgValue><ssdm name=""/></StgValue>
</bind>
</comp>

<comp id="236" class="1001" name="const_236">
<pin_list>
<pin id="237" dir="1" index="0" bw="1" slack="0"/>
</pin_list>
<bind>
<StgValue><ssdm name=""/></StgValue>
</bind>
</comp>

<comp id="238" class="1001" name="const_238">
<pin_list>
<pin id="239" dir="1" index="0" bw="1" slack="0"/>
</pin_list>
<bind>
<StgValue><ssdm name=""/></StgValue>
</bind>
</comp>

<comp id="240" class="1001" name="const_240">
<pin_list>
<pin id="241" dir="1" index="0" bw="1" slack="0"/>
</pin_list>
<bind>
<StgValue><ssdm name=""/></StgValue>
</bind>
</comp>

<comp id="242" class="1001" name="const_242">
<pin_list>
<pin id="243" dir="1" index="0" bw="1" slack="0"/>
</pin_list>
<bind>
<StgValue><ssdm name=""/></StgValue>
</bind>
</comp>

<comp id="244" class="1001" name="const_244">
<pin_list>
<pin id="245" dir="1" index="0" bw="1" slack="0"/>
</pin_list>
<bind>
<StgValue><ssdm name=""/></StgValue>
</bind>
</comp>

<comp id="246" class="1001" name="const_246">
<pin_list>
<pin id="247" dir="1" index="0" bw="1" slack="0"/>
</pin_list>
<bind>
<StgValue><ssdm name=""/></StgValue>
</bind>
</comp>

<comp id="248" class="1001" name="const_248">
<pin_list>
<pin id="249" dir="1" index="0" bw="1" slack="0"/>
</pin_list>
<bind>
<StgValue><ssdm name=""/></StgValue>
</bind>
</comp>

<comp id="250" class="1001" name="const_250">
<pin_list>
<pin id="251" dir="1" index="0" bw="1" slack="0"/>
</pin_list>
<bind>
<StgValue><ssdm name=""/></StgValue>
</bind>
</comp>

<comp id="252" class="1001" name="const_252">
<pin_list>
<pin id="253" dir="1" index="0" bw="1" slack="0"/>
</pin_list>
<bind>
<StgValue><ssdm name=""/></StgValue>
</bind>
</comp>

<comp id="254" class="1001" name="const_254">
<pin_list>
<pin id="255" dir="1" index="0" bw="1" slack="0"/>
</pin_list>
<bind>
<StgValue><ssdm name=""/></StgValue>
</bind>
</comp>

<comp id="256" class="1001" name="const_256">
<pin_list>
<pin id="257" dir="1" index="0" bw="1" slack="0"/>
</pin_list>
<bind>
<StgValue><ssdm name=""/></StgValue>
</bind>
</comp>

<comp id="258" class="1001" name="const_258">
<pin_list>
<pin id="259" dir="1" index="0" bw="1" slack="0"/>
</pin_list>
<bind>
<StgValue><ssdm name=""/></StgValue>
</bind>
</comp>

<comp id="260" class="1001" name="const_260">
<pin_list>
<pin id="261" dir="1" index="0" bw="1" slack="0"/>
</pin_list>
<bind>
<StgValue><ssdm name=""/></StgValue>
</bind>
</comp>

<comp id="262" class="1001" name="const_262">
<pin_list>
<pin id="263" dir="1" index="0" bw="1" slack="0"/>
</pin_list>
<bind>
<StgValue><ssdm name=""/></StgValue>
</bind>
</comp>

<comp id="264" class="1001" name="const_264">
<pin_list>
<pin id="265" dir="1" index="0" bw="1" slack="0"/>
</pin_list>
<bind>
<StgValue><ssdm name=""/></StgValue>
</bind>
</comp>

<comp id="266" class="1001" name="const_266">
<pin_list>
<pin id="267" dir="1" index="0" bw="1" slack="0"/>
</pin_list>
<bind>
<StgValue><ssdm name=""/></StgValue>
</bind>
</comp>

<comp id="268" class="1001" name="const_268">
<pin_list>
<pin id="269" dir="1" index="0" bw="1" slack="0"/>
</pin_list>
<bind>
<StgValue><ssdm name=""/></StgValue>
</bind>
</comp>

<comp id="270" class="1001" name="const_270">
<pin_list>
<pin id="271" dir="1" index="0" bw="1" slack="0"/>
</pin_list>
<bind>
<StgValue><ssdm name=""/></StgValue>
</bind>
</comp>

<comp id="272" class="1001" name="const_272">
<pin_list>
<pin id="273" dir="1" index="0" bw="1" slack="0"/>
</pin_list>
<bind>
<StgValue><ssdm name=""/></StgValue>
</bind>
</comp>

<comp id="274" class="1001" name="const_274">
<pin_list>
<pin id="275" dir="1" index="0" bw="1" slack="0"/>
</pin_list>
<bind>
<StgValue><ssdm name=""/></StgValue>
</bind>
</comp>

<comp id="276" class="1001" name="const_276">
<pin_list>
<pin id="277" dir="1" index="0" bw="1" slack="0"/>
</pin_list>
<bind>
<StgValue><ssdm name=""/></StgValue>
</bind>
</comp>

<comp id="278" class="1001" name="const_278">
<pin_list>
<pin id="279" dir="1" index="0" bw="1" slack="0"/>
</pin_list>
<bind>
<StgValue><ssdm name=""/></StgValue>
</bind>
</comp>

<comp id="280" class="1001" name="const_280">
<pin_list>
<pin id="281" dir="1" index="0" bw="1" slack="0"/>
</pin_list>
<bind>
<StgValue><ssdm name=""/></StgValue>
</bind>
</comp>

<comp id="282" class="1001" name="const_282">
<pin_list>
<pin id="283" dir="1" index="0" bw="1" slack="0"/>
</pin_list>
<bind>
<StgValue><ssdm name=""/></StgValue>
</bind>
</comp>

<comp id="284" class="1001" name="const_284">
<pin_list>
<pin id="285" dir="1" index="0" bw="1" slack="0"/>
</pin_list>
<bind>
<StgValue><ssdm name=""/></StgValue>
</bind>
</comp>

<comp id="286" class="1001" name="const_286">
<pin_list>
<pin id="287" dir="1" index="0" bw="1" slack="0"/>
</pin_list>
<bind>
<StgValue><ssdm name=""/></StgValue>
</bind>
</comp>

<comp id="288" class="1001" name="const_288">
<pin_list>
<pin id="289" dir="1" index="0" bw="1" slack="0"/>
</pin_list>
<bind>
<StgValue><ssdm name=""/></StgValue>
</bind>
</comp>

<comp id="290" class="1001" name="const_290">
<pin_list>
<pin id="291" dir="1" index="0" bw="1" slack="0"/>
</pin_list>
<bind>
<StgValue><ssdm name=""/></StgValue>
</bind>
</comp>

<comp id="292" class="1001" name="const_292">
<pin_list>
<pin id="293" dir="1" index="0" bw="1" slack="0"/>
</pin_list>
<bind>
<StgValue><ssdm name=""/></StgValue>
</bind>
</comp>

<comp id="294" class="1001" name="const_294">
<pin_list>
<pin id="295" dir="1" index="0" bw="1" slack="0"/>
</pin_list>
<bind>
<StgValue><ssdm name=""/></StgValue>
</bind>
</comp>

<comp id="296" class="1001" name="const_296">
<pin_list>
<pin id="297" dir="1" index="0" bw="1" slack="0"/>
</pin_list>
<bind>
<StgValue><ssdm name=""/></StgValue>
</bind>
</comp>

<comp id="298" class="1001" name="const_298">
<pin_list>
<pin id="299" dir="1" index="0" bw="1" slack="0"/>
</pin_list>
<bind>
<StgValue><ssdm name=""/></StgValue>
</bind>
</comp>

<comp id="300" class="1001" name="const_300">
<pin_list>
<pin id="301" dir="1" index="0" bw="1" slack="0"/>
</pin_list>
<bind>
<StgValue><ssdm name=""/></StgValue>
</bind>
</comp>

<comp id="302" class="1001" name="const_302">
<pin_list>
<pin id="303" dir="1" index="0" bw="1" slack="0"/>
</pin_list>
<bind>
<StgValue><ssdm name=""/></StgValue>
</bind>
</comp>

<comp id="304" class="1001" name="const_304">
<pin_list>
<pin id="305" dir="1" index="0" bw="1" slack="0"/>
</pin_list>
<bind>
<StgValue><ssdm name=""/></StgValue>
</bind>
</comp>

<comp id="306" class="1001" name="const_306">
<pin_list>
<pin id="307" dir="1" index="0" bw="1" slack="0"/>
</pin_list>
<bind>
<StgValue><ssdm name=""/></StgValue>
</bind>
</comp>

<comp id="308" class="1001" name="const_308">
<pin_list>
<pin id="309" dir="1" index="0" bw="1" slack="0"/>
</pin_list>
<bind>
<StgValue><ssdm name=""/></StgValue>
</bind>
</comp>

<comp id="310" class="1001" name="const_310">
<pin_list>
<pin id="311" dir="1" index="0" bw="1" slack="0"/>
</pin_list>
<bind>
<StgValue><ssdm name=""/></StgValue>
</bind>
</comp>

<comp id="312" class="1001" name="const_312">
<pin_list>
<pin id="313" dir="1" index="0" bw="1" slack="0"/>
</pin_list>
<bind>
<StgValue><ssdm name=""/></StgValue>
</bind>
</comp>

<comp id="314" class="1001" name="const_314">
<pin_list>
<pin id="315" dir="1" index="0" bw="1" slack="0"/>
</pin_list>
<bind>
<StgValue><ssdm name=""/></StgValue>
</bind>
</comp>

<comp id="316" class="1001" name="const_316">
<pin_list>
<pin id="317" dir="1" index="0" bw="1" slack="0"/>
</pin_list>
<bind>
<StgValue><ssdm name=""/></StgValue>
</bind>
</comp>

<comp id="318" class="1001" name="const_318">
<pin_list>
<pin id="319" dir="1" index="0" bw="1" slack="0"/>
</pin_list>
<bind>
<StgValue><ssdm name=""/></StgValue>
</bind>
</comp>

<comp id="320" class="1001" name="const_320">
<pin_list>
<pin id="321" dir="1" index="0" bw="1" slack="0"/>
</pin_list>
<bind>
<StgValue><ssdm name=""/></StgValue>
</bind>
</comp>

<comp id="322" class="1001" name="const_322">
<pin_list>
<pin id="323" dir="1" index="0" bw="1" slack="0"/>
</pin_list>
<bind>
<StgValue><ssdm name=""/></StgValue>
</bind>
</comp>

<comp id="324" class="1001" name="const_324">
<pin_list>
<pin id="325" dir="1" index="0" bw="1" slack="0"/>
</pin_list>
<bind>
<StgValue><ssdm name=""/></StgValue>
</bind>
</comp>

<comp id="326" class="1001" name="const_326">
<pin_list>
<pin id="327" dir="1" index="0" bw="1" slack="0"/>
</pin_list>
<bind>
<StgValue><ssdm name=""/></StgValue>
</bind>
</comp>

<comp id="328" class="1001" name="const_328">
<pin_list>
<pin id="329" dir="1" index="0" bw="1" slack="0"/>
</pin_list>
<bind>
<StgValue><ssdm name=""/></StgValue>
</bind>
</comp>

<comp id="330" class="1001" name="const_330">
<pin_list>
<pin id="331" dir="1" index="0" bw="1" slack="0"/>
</pin_list>
<bind>
<StgValue><ssdm name=""/></StgValue>
</bind>
</comp>

<comp id="332" class="1001" name="const_332">
<pin_list>
<pin id="333" dir="1" index="0" bw="1" slack="0"/>
</pin_list>
<bind>
<StgValue><ssdm name=""/></StgValue>
</bind>
</comp>

<comp id="334" class="1001" name="const_334">
<pin_list>
<pin id="335" dir="1" index="0" bw="1" slack="0"/>
</pin_list>
<bind>
<StgValue><ssdm name=""/></StgValue>
</bind>
</comp>

<comp id="336" class="1001" name="const_336">
<pin_list>
<pin id="337" dir="1" index="0" bw="1" slack="0"/>
</pin_list>
<bind>
<StgValue><ssdm name=""/></StgValue>
</bind>
</comp>

<comp id="338" class="1001" name="const_338">
<pin_list>
<pin id="339" dir="1" index="0" bw="1" slack="0"/>
</pin_list>
<bind>
<StgValue><ssdm name=""/></StgValue>
</bind>
</comp>

<comp id="340" class="1001" name="const_340">
<pin_list>
<pin id="341" dir="1" index="0" bw="1" slack="0"/>
</pin_list>
<bind>
<StgValue><ssdm name=""/></StgValue>
</bind>
</comp>

<comp id="342" class="1001" name="const_342">
<pin_list>
<pin id="343" dir="1" index="0" bw="1" slack="0"/>
</pin_list>
<bind>
<StgValue><ssdm name=""/></StgValue>
</bind>
</comp>

<comp id="344" class="1001" name="const_344">
<pin_list>
<pin id="345" dir="1" index="0" bw="1" slack="0"/>
</pin_list>
<bind>
<StgValue><ssdm name=""/></StgValue>
</bind>
</comp>

<comp id="346" class="1001" name="const_346">
<pin_list>
<pin id="347" dir="1" index="0" bw="1" slack="0"/>
</pin_list>
<bind>
<StgValue><ssdm name=""/></StgValue>
</bind>
</comp>

<comp id="348" class="1001" name="const_348">
<pin_list>
<pin id="349" dir="1" index="0" bw="1" slack="0"/>
</pin_list>
<bind>
<StgValue><ssdm name=""/></StgValue>
</bind>
</comp>

<comp id="350" class="1001" name="const_350">
<pin_list>
<pin id="351" dir="1" index="0" bw="1" slack="0"/>
</pin_list>
<bind>
<StgValue><ssdm name=""/></StgValue>
</bind>
</comp>

<comp id="352" class="1001" name="const_352">
<pin_list>
<pin id="353" dir="1" index="0" bw="1" slack="0"/>
</pin_list>
<bind>
<StgValue><ssdm name=""/></StgValue>
</bind>
</comp>

<comp id="354" class="1001" name="const_354">
<pin_list>
<pin id="355" dir="1" index="0" bw="1" slack="0"/>
</pin_list>
<bind>
<StgValue><ssdm name=""/></StgValue>
</bind>
</comp>

<comp id="356" class="1001" name="const_356">
<pin_list>
<pin id="357" dir="1" index="0" bw="1" slack="0"/>
</pin_list>
<bind>
<StgValue><ssdm name=""/></StgValue>
</bind>
</comp>

<comp id="358" class="1001" name="const_358">
<pin_list>
<pin id="359" dir="1" index="0" bw="1" slack="0"/>
</pin_list>
<bind>
<StgValue><ssdm name=""/></StgValue>
</bind>
</comp>

<comp id="360" class="1001" name="const_360">
<pin_list>
<pin id="361" dir="1" index="0" bw="1" slack="0"/>
</pin_list>
<bind>
<StgValue><ssdm name=""/></StgValue>
</bind>
</comp>

<comp id="362" class="1001" name="const_362">
<pin_list>
<pin id="363" dir="1" index="0" bw="1" slack="0"/>
</pin_list>
<bind>
<StgValue><ssdm name="_ssdm_op_PartSelect.i3.i7.i32.i32"/></StgValue>
</bind>
</comp>

<comp id="364" class="1001" name="const_364">
<pin_list>
<pin id="365" dir="1" index="0" bw="1" slack="0"/>
</pin_list>
<bind>
<StgValue><ssdm name=""/></StgValue>
</bind>
</comp>

<comp id="366" class="1001" name="const_366">
<pin_list>
<pin id="367" dir="1" index="0" bw="1" slack="0"/>
</pin_list>
<bind>
<StgValue><ssdm name=""/></StgValue>
</bind>
</comp>

<comp id="368" class="1001" name="const_368">
<pin_list>
<pin id="369" dir="1" index="0" bw="1" slack="0"/>
</pin_list>
<bind>
<StgValue><ssdm name=""/></StgValue>
</bind>
</comp>

<comp id="370" class="1001" name="const_370">
<pin_list>
<pin id="371" dir="1" index="0" bw="1" slack="0"/>
</pin_list>
<bind>
<StgValue><ssdm name=""/></StgValue>
</bind>
</comp>

<comp id="372" class="1001" name="const_372">
<pin_list>
<pin id="373" dir="1" index="0" bw="1" slack="0"/>
</pin_list>
<bind>
<StgValue><ssdm name="_ssdm_op_BitConcatenate.i9.i6.i3"/></StgValue>
</bind>
</comp>

<comp id="374" class="1001" name="const_374">
<pin_list>
<pin id="375" dir="1" index="0" bw="1" slack="0"/>
</pin_list>
<bind>
<StgValue><ssdm name=""/></StgValue>
</bind>
</comp>

<comp id="376" class="1001" name="const_376">
<pin_list>
<pin id="377" dir="1" index="0" bw="1" slack="2147483647"/>
</pin_list>
<bind>
<StgValue><ssdm name="_ssdm_op_SpecLoopName"/></StgValue>
</bind>
</comp>

<comp id="378" class="1001" name="const_378">
<pin_list>
<pin id="379" dir="1" index="0" bw="1" slack="2147483647"/>
</pin_list>
<bind>
<StgValue><ssdm name="NORM_ROWS_NORM_COLS_str"/></StgValue>
</bind>
</comp>

<comp id="380" class="1001" name="const_380">
<pin_list>
<pin id="381" dir="1" index="0" bw="1" slack="2147483647"/>
</pin_list>
<bind>
<StgValue><ssdm name="_ssdm_op_SpecPipeline"/></StgValue>
</bind>
</comp>

<comp id="382" class="1001" name="const_382">
<pin_list>
<pin id="383" dir="1" index="0" bw="1" slack="2147483647"/>
</pin_list>
<bind>
<StgValue><ssdm name="empty_27"/></StgValue>
</bind>
</comp>

<comp id="384" class="1004" name="k_fu_384">
<pin_list>
<pin id="385" dir="0" index="0" bw="1" slack="0"/>
<pin id="386" dir="1" index="1" bw="8" slack="0"/>
</pin_list>
<bind>
<opcode="alloca(26) " fcode="alloca"/>
<opset="k/1 "/>
</bind>
</comp>

<comp id="388" class="1004" name="i_fu_388">
<pin_list>
<pin id="389" dir="0" index="0" bw="1" slack="0"/>
<pin id="390" dir="1" index="1" bw="31" slack="0"/>
</pin_list>
<bind>
<opcode="alloca(26) " fcode="alloca"/>
<opset="i/1 "/>
</bind>
</comp>

<comp id="392" class="1004" name="indvar_flatten_fu_392">
<pin_list>
<pin id="393" dir="0" index="0" bw="1" slack="0"/>
<pin id="394" dir="1" index="1" bw="34" slack="0"/>
</pin_list>
<bind>
<opcode="alloca(26) " fcode="alloca"/>
<opset="indvar_flatten/1 "/>
</bind>
</comp>

<comp id="396" class="1004" name="br_actual_read_read_fu_396">
<pin_list>
<pin id="397" dir="0" index="0" bw="32" slack="0"/>
<pin id="398" dir="0" index="1" bw="32" slack="0"/>
<pin id="399" dir="1" index="2" bw="32" slack="0"/>
</pin_list>
<bind>
<opcode="read(1150) " fcode="read"/>
<opset="br_actual_read/1 "/>
</bind>
</comp>

<comp id="402" class="1004" name="l_i_63_val_read_read_fu_402">
<pin_list>
<pin id="403" dir="0" index="0" bw="32" slack="0"/>
<pin id="404" dir="0" index="1" bw="32" slack="0"/>
<pin id="405" dir="1" index="2" bw="32" slack="1"/>
</pin_list>
<bind>
<opcode="read(1150) " fcode="read"/>
<opset="l_i_63_val_read/1 "/>
</bind>
</comp>

<comp id="408" class="1004" name="l_i_62_val_read_read_fu_408">
<pin_list>
<pin id="409" dir="0" index="0" bw="32" slack="0"/>
<pin id="410" dir="0" index="1" bw="32" slack="0"/>
<pin id="411" dir="1" index="2" bw="32" slack="1"/>
</pin_list>
<bind>
<opcode="read(1150) " fcode="read"/>
<opset="l_i_62_val_read/1 "/>
</bind>
</comp>

<comp id="414" class="1004" name="l_i_61_val_read_read_fu_414">
<pin_list>
<pin id="415" dir="0" index="0" bw="32" slack="0"/>
<pin id="416" dir="0" index="1" bw="32" slack="0"/>
<pin id="417" dir="1" index="2" bw="32" slack="1"/>
</pin_list>
<bind>
<opcode="read(1150) " fcode="read"/>
<opset="l_i_61_val_read/1 "/>
</bind>
</comp>

<comp id="420" class="1004" name="l_i_60_val_read_read_fu_420">
<pin_list>
<pin id="421" dir="0" index="0" bw="32" slack="0"/>
<pin id="422" dir="0" index="1" bw="32" slack="0"/>
<pin id="423" dir="1" index="2" bw="32" slack="1"/>
</pin_list>
<bind>
<opcode="read(1150) " fcode="read"/>
<opset="l_i_60_val_read/1 "/>
</bind>
</comp>

<comp id="426" class="1004" name="l_i_59_val_read_read_fu_426">
<pin_list>
<pin id="427" dir="0" index="0" bw="32" slack="0"/>
<pin id="428" dir="0" index="1" bw="32" slack="0"/>
<pin id="429" dir="1" index="2" bw="32" slack="1"/>
</pin_list>
<bind>
<opcode="read(1150) " fcode="read"/>
<opset="l_i_59_val_read/1 "/>
</bind>
</comp>

<comp id="432" class="1004" name="l_i_58_val_read_read_fu_432">
<pin_list>
<pin id="433" dir="0" index="0" bw="32" slack="0"/>
<pin id="434" dir="0" index="1" bw="32" slack="0"/>
<pin id="435" dir="1" index="2" bw="32" slack="1"/>
</pin_list>
<bind>
<opcode="read(1150) " fcode="read"/>
<opset="l_i_58_val_read/1 "/>
</bind>
</comp>

<comp id="438" class="1004" name="l_i_57_val_read_read_fu_438">
<pin_list>
<pin id="439" dir="0" index="0" bw="32" slack="0"/>
<pin id="440" dir="0" index="1" bw="32" slack="0"/>
<pin id="441" dir="1" index="2" bw="32" slack="1"/>
</pin_list>
<bind>
<opcode="read(1150) " fcode="read"/>
<opset="l_i_57_val_read/1 "/>
</bind>
</comp>

<comp id="444" class="1004" name="l_i_56_val_read_read_fu_444">
<pin_list>
<pin id="445" dir="0" index="0" bw="32" slack="0"/>
<pin id="446" dir="0" index="1" bw="32" slack="0"/>
<pin id="447" dir="1" index="2" bw="32" slack="1"/>
</pin_list>
<bind>
<opcode="read(1150) " fcode="read"/>
<opset="l_i_56_val_read/1 "/>
</bind>
</comp>

<comp id="450" class="1004" name="l_i_55_val_read_read_fu_450">
<pin_list>
<pin id="451" dir="0" index="0" bw="32" slack="0"/>
<pin id="452" dir="0" index="1" bw="32" slack="0"/>
<pin id="453" dir="1" index="2" bw="32" slack="1"/>
</pin_list>
<bind>
<opcode="read(1150) " fcode="read"/>
<opset="l_i_55_val_read/1 "/>
</bind>
</comp>

<comp id="456" class="1004" name="l_i_54_val_read_read_fu_456">
<pin_list>
<pin id="457" dir="0" index="0" bw="32" slack="0"/>
<pin id="458" dir="0" index="1" bw="32" slack="0"/>
<pin id="459" dir="1" index="2" bw="32" slack="1"/>
</pin_list>
<bind>
<opcode="read(1150) " fcode="read"/>
<opset="l_i_54_val_read/1 "/>
</bind>
</comp>

<comp id="462" class="1004" name="l_i_53_val_read_read_fu_462">
<pin_list>
<pin id="463" dir="0" index="0" bw="32" slack="0"/>
<pin id="464" dir="0" index="1" bw="32" slack="0"/>
<pin id="465" dir="1" index="2" bw="32" slack="1"/>
</pin_list>
<bind>
<opcode="read(1150) " fcode="read"/>
<opset="l_i_53_val_read/1 "/>
</bind>
</comp>

<comp id="468" class="1004" name="l_i_52_val_read_read_fu_468">
<pin_list>
<pin id="469" dir="0" index="0" bw="32" slack="0"/>
<pin id="470" dir="0" index="1" bw="32" slack="0"/>
<pin id="471" dir="1" index="2" bw="32" slack="1"/>
</pin_list>
<bind>
<opcode="read(1150) " fcode="read"/>
<opset="l_i_52_val_read/1 "/>
</bind>
</comp>

<comp id="474" class="1004" name="l_i_51_val_read_read_fu_474">
<pin_list>
<pin id="475" dir="0" index="0" bw="32" slack="0"/>
<pin id="476" dir="0" index="1" bw="32" slack="0"/>
<pin id="477" dir="1" index="2" bw="32" slack="1"/>
</pin_list>
<bind>
<opcode="read(1150) " fcode="read"/>
<opset="l_i_51_val_read/1 "/>
</bind>
</comp>

<comp id="480" class="1004" name="l_i_50_val_read_read_fu_480">
<pin_list>
<pin id="481" dir="0" index="0" bw="32" slack="0"/>
<pin id="482" dir="0" index="1" bw="32" slack="0"/>
<pin id="483" dir="1" index="2" bw="32" slack="1"/>
</pin_list>
<bind>
<opcode="read(1150) " fcode="read"/>
<opset="l_i_50_val_read/1 "/>
</bind>
</comp>

<comp id="486" class="1004" name="l_i_49_val_read_read_fu_486">
<pin_list>
<pin id="487" dir="0" index="0" bw="32" slack="0"/>
<pin id="488" dir="0" index="1" bw="32" slack="0"/>
<pin id="489" dir="1" index="2" bw="32" slack="1"/>
</pin_list>
<bind>
<opcode="read(1150) " fcode="read"/>
<opset="l_i_49_val_read/1 "/>
</bind>
</comp>

<comp id="492" class="1004" name="l_i_48_val_read_read_fu_492">
<pin_list>
<pin id="493" dir="0" index="0" bw="32" slack="0"/>
<pin id="494" dir="0" index="1" bw="32" slack="0"/>
<pin id="495" dir="1" index="2" bw="32" slack="1"/>
</pin_list>
<bind>
<opcode="read(1150) " fcode="read"/>
<opset="l_i_48_val_read/1 "/>
</bind>
</comp>

<comp id="498" class="1004" name="l_i_47_val_read_read_fu_498">
<pin_list>
<pin id="499" dir="0" index="0" bw="32" slack="0"/>
<pin id="500" dir="0" index="1" bw="32" slack="0"/>
<pin id="501" dir="1" index="2" bw="32" slack="1"/>
</pin_list>
<bind>
<opcode="read(1150) " fcode="read"/>
<opset="l_i_47_val_read/1 "/>
</bind>
</comp>

<comp id="504" class="1004" name="l_i_46_val_read_read_fu_504">
<pin_list>
<pin id="505" dir="0" index="0" bw="32" slack="0"/>
<pin id="506" dir="0" index="1" bw="32" slack="0"/>
<pin id="507" dir="1" index="2" bw="32" slack="1"/>
</pin_list>
<bind>
<opcode="read(1150) " fcode="read"/>
<opset="l_i_46_val_read/1 "/>
</bind>
</comp>

<comp id="510" class="1004" name="l_i_45_val_read_read_fu_510">
<pin_list>
<pin id="511" dir="0" index="0" bw="32" slack="0"/>
<pin id="512" dir="0" index="1" bw="32" slack="0"/>
<pin id="513" dir="1" index="2" bw="32" slack="1"/>
</pin_list>
<bind>
<opcode="read(1150) " fcode="read"/>
<opset="l_i_45_val_read/1 "/>
</bind>
</comp>

<comp id="516" class="1004" name="l_i_44_val_read_read_fu_516">
<pin_list>
<pin id="517" dir="0" index="0" bw="32" slack="0"/>
<pin id="518" dir="0" index="1" bw="32" slack="0"/>
<pin id="519" dir="1" index="2" bw="32" slack="1"/>
</pin_list>
<bind>
<opcode="read(1150) " fcode="read"/>
<opset="l_i_44_val_read/1 "/>
</bind>
</comp>

<comp id="522" class="1004" name="l_i_43_val_read_read_fu_522">
<pin_list>
<pin id="523" dir="0" index="0" bw="32" slack="0"/>
<pin id="524" dir="0" index="1" bw="32" slack="0"/>
<pin id="525" dir="1" index="2" bw="32" slack="1"/>
</pin_list>
<bind>
<opcode="read(1150) " fcode="read"/>
<opset="l_i_43_val_read/1 "/>
</bind>
</comp>

<comp id="528" class="1004" name="l_i_42_val_read_read_fu_528">
<pin_list>
<pin id="529" dir="0" index="0" bw="32" slack="0"/>
<pin id="530" dir="0" index="1" bw="32" slack="0"/>
<pin id="531" dir="1" index="2" bw="32" slack="1"/>
</pin_list>
<bind>
<opcode="read(1150) " fcode="read"/>
<opset="l_i_42_val_read/1 "/>
</bind>
</comp>

<comp id="534" class="1004" name="l_i_41_val_read_read_fu_534">
<pin_list>
<pin id="535" dir="0" index="0" bw="32" slack="0"/>
<pin id="536" dir="0" index="1" bw="32" slack="0"/>
<pin id="537" dir="1" index="2" bw="32" slack="1"/>
</pin_list>
<bind>
<opcode="read(1150) " fcode="read"/>
<opset="l_i_41_val_read/1 "/>
</bind>
</comp>

<comp id="540" class="1004" name="l_i_40_val_read_read_fu_540">
<pin_list>
<pin id="541" dir="0" index="0" bw="32" slack="0"/>
<pin id="542" dir="0" index="1" bw="32" slack="0"/>
<pin id="543" dir="1" index="2" bw="32" slack="1"/>
</pin_list>
<bind>
<opcode="read(1150) " fcode="read"/>
<opset="l_i_40_val_read/1 "/>
</bind>
</comp>

<comp id="546" class="1004" name="l_i_39_val_read_read_fu_546">
<pin_list>
<pin id="547" dir="0" index="0" bw="32" slack="0"/>
<pin id="548" dir="0" index="1" bw="32" slack="0"/>
<pin id="549" dir="1" index="2" bw="32" slack="1"/>
</pin_list>
<bind>
<opcode="read(1150) " fcode="read"/>
<opset="l_i_39_val_read/1 "/>
</bind>
</comp>

<comp id="552" class="1004" name="l_i_38_val_read_read_fu_552">
<pin_list>
<pin id="553" dir="0" index="0" bw="32" slack="0"/>
<pin id="554" dir="0" index="1" bw="32" slack="0"/>
<pin id="555" dir="1" index="2" bw="32" slack="1"/>
</pin_list>
<bind>
<opcode="read(1150) " fcode="read"/>
<opset="l_i_38_val_read/1 "/>
</bind>
</comp>

<comp id="558" class="1004" name="l_i_37_val_read_read_fu_558">
<pin_list>
<pin id="559" dir="0" index="0" bw="32" slack="0"/>
<pin id="560" dir="0" index="1" bw="32" slack="0"/>
<pin id="561" dir="1" index="2" bw="32" slack="1"/>
</pin_list>
<bind>
<opcode="read(1150) " fcode="read"/>
<opset="l_i_37_val_read/1 "/>
</bind>
</comp>

<comp id="564" class="1004" name="l_i_36_val_read_read_fu_564">
<pin_list>
<pin id="565" dir="0" index="0" bw="32" slack="0"/>
<pin id="566" dir="0" index="1" bw="32" slack="0"/>
<pin id="567" dir="1" index="2" bw="32" slack="1"/>
</pin_list>
<bind>
<opcode="read(1150) " fcode="read"/>
<opset="l_i_36_val_read/1 "/>
</bind>
</comp>

<comp id="570" class="1004" name="l_i_35_val_read_read_fu_570">
<pin_list>
<pin id="571" dir="0" index="0" bw="32" slack="0"/>
<pin id="572" dir="0" index="1" bw="32" slack="0"/>
<pin id="573" dir="1" index="2" bw="32" slack="1"/>
</pin_list>
<bind>
<opcode="read(1150) " fcode="read"/>
<opset="l_i_35_val_read/1 "/>
</bind>
</comp>

<comp id="576" class="1004" name="l_i_34_val_read_read_fu_576">
<pin_list>
<pin id="577" dir="0" index="0" bw="32" slack="0"/>
<pin id="578" dir="0" index="1" bw="32" slack="0"/>
<pin id="579" dir="1" index="2" bw="32" slack="1"/>
</pin_list>
<bind>
<opcode="read(1150) " fcode="read"/>
<opset="l_i_34_val_read/1 "/>
</bind>
</comp>

<comp id="582" class="1004" name="l_i_33_val_read_read_fu_582">
<pin_list>
<pin id="583" dir="0" index="0" bw="32" slack="0"/>
<pin id="584" dir="0" index="1" bw="32" slack="0"/>
<pin id="585" dir="1" index="2" bw="32" slack="1"/>
</pin_list>
<bind>
<opcode="read(1150) " fcode="read"/>
<opset="l_i_33_val_read/1 "/>
</bind>
</comp>

<comp id="588" class="1004" name="l_i_32_val_read_read_fu_588">
<pin_list>
<pin id="589" dir="0" index="0" bw="32" slack="0"/>
<pin id="590" dir="0" index="1" bw="32" slack="0"/>
<pin id="591" dir="1" index="2" bw="32" slack="1"/>
</pin_list>
<bind>
<opcode="read(1150) " fcode="read"/>
<opset="l_i_32_val_read/1 "/>
</bind>
</comp>

<comp id="594" class="1004" name="l_i_31_val_read_read_fu_594">
<pin_list>
<pin id="595" dir="0" index="0" bw="32" slack="0"/>
<pin id="596" dir="0" index="1" bw="32" slack="0"/>
<pin id="597" dir="1" index="2" bw="32" slack="1"/>
</pin_list>
<bind>
<opcode="read(1150) " fcode="read"/>
<opset="l_i_31_val_read/1 "/>
</bind>
</comp>

<comp id="600" class="1004" name="l_i_30_val_read_read_fu_600">
<pin_list>
<pin id="601" dir="0" index="0" bw="32" slack="0"/>
<pin id="602" dir="0" index="1" bw="32" slack="0"/>
<pin id="603" dir="1" index="2" bw="32" slack="1"/>
</pin_list>
<bind>
<opcode="read(1150) " fcode="read"/>
<opset="l_i_30_val_read/1 "/>
</bind>
</comp>

<comp id="606" class="1004" name="l_i_29_val_read_read_fu_606">
<pin_list>
<pin id="607" dir="0" index="0" bw="32" slack="0"/>
<pin id="608" dir="0" index="1" bw="32" slack="0"/>
<pin id="609" dir="1" index="2" bw="32" slack="1"/>
</pin_list>
<bind>
<opcode="read(1150) " fcode="read"/>
<opset="l_i_29_val_read/1 "/>
</bind>
</comp>

<comp id="612" class="1004" name="l_i_28_val_read_read_fu_612">
<pin_list>
<pin id="613" dir="0" index="0" bw="32" slack="0"/>
<pin id="614" dir="0" index="1" bw="32" slack="0"/>
<pin id="615" dir="1" index="2" bw="32" slack="1"/>
</pin_list>
<bind>
<opcode="read(1150) " fcode="read"/>
<opset="l_i_28_val_read/1 "/>
</bind>
</comp>

<comp id="618" class="1004" name="l_i_27_val_read_read_fu_618">
<pin_list>
<pin id="619" dir="0" index="0" bw="32" slack="0"/>
<pin id="620" dir="0" index="1" bw="32" slack="0"/>
<pin id="621" dir="1" index="2" bw="32" slack="1"/>
</pin_list>
<bind>
<opcode="read(1150) " fcode="read"/>
<opset="l_i_27_val_read/1 "/>
</bind>
</comp>

<comp id="624" class="1004" name="l_i_26_val_read_read_fu_624">
<pin_list>
<pin id="625" dir="0" index="0" bw="32" slack="0"/>
<pin id="626" dir="0" index="1" bw="32" slack="0"/>
<pin id="627" dir="1" index="2" bw="32" slack="1"/>
</pin_list>
<bind>
<opcode="read(1150) " fcode="read"/>
<opset="l_i_26_val_read/1 "/>
</bind>
</comp>

<comp id="630" class="1004" name="l_i_25_val_read_read_fu_630">
<pin_list>
<pin id="631" dir="0" index="0" bw="32" slack="0"/>
<pin id="632" dir="0" index="1" bw="32" slack="0"/>
<pin id="633" dir="1" index="2" bw="32" slack="1"/>
</pin_list>
<bind>
<opcode="read(1150) " fcode="read"/>
<opset="l_i_25_val_read/1 "/>
</bind>
</comp>

<comp id="636" class="1004" name="l_i_24_val_read_read_fu_636">
<pin_list>
<pin id="637" dir="0" index="0" bw="32" slack="0"/>
<pin id="638" dir="0" index="1" bw="32" slack="0"/>
<pin id="639" dir="1" index="2" bw="32" slack="1"/>
</pin_list>
<bind>
<opcode="read(1150) " fcode="read"/>
<opset="l_i_24_val_read/1 "/>
</bind>
</comp>

<comp id="642" class="1004" name="l_i_23_val_read_read_fu_642">
<pin_list>
<pin id="643" dir="0" index="0" bw="32" slack="0"/>
<pin id="644" dir="0" index="1" bw="32" slack="0"/>
<pin id="645" dir="1" index="2" bw="32" slack="1"/>
</pin_list>
<bind>
<opcode="read(1150) " fcode="read"/>
<opset="l_i_23_val_read/1 "/>
</bind>
</comp>

<comp id="648" class="1004" name="l_i_22_val_read_read_fu_648">
<pin_list>
<pin id="649" dir="0" index="0" bw="32" slack="0"/>
<pin id="650" dir="0" index="1" bw="32" slack="0"/>
<pin id="651" dir="1" index="2" bw="32" slack="1"/>
</pin_list>
<bind>
<opcode="read(1150) " fcode="read"/>
<opset="l_i_22_val_read/1 "/>
</bind>
</comp>

<comp id="654" class="1004" name="l_i_21_val_read_read_fu_654">
<pin_list>
<pin id="655" dir="0" index="0" bw="32" slack="0"/>
<pin id="656" dir="0" index="1" bw="32" slack="0"/>
<pin id="657" dir="1" index="2" bw="32" slack="1"/>
</pin_list>
<bind>
<opcode="read(1150) " fcode="read"/>
<opset="l_i_21_val_read/1 "/>
</bind>
</comp>

<comp id="660" class="1004" name="l_i_20_val_read_read_fu_660">
<pin_list>
<pin id="661" dir="0" index="0" bw="32" slack="0"/>
<pin id="662" dir="0" index="1" bw="32" slack="0"/>
<pin id="663" dir="1" index="2" bw="32" slack="1"/>
</pin_list>
<bind>
<opcode="read(1150) " fcode="read"/>
<opset="l_i_20_val_read/1 "/>
</bind>
</comp>

<comp id="666" class="1004" name="l_i_19_val_read_read_fu_666">
<pin_list>
<pin id="667" dir="0" index="0" bw="32" slack="0"/>
<pin id="668" dir="0" index="1" bw="32" slack="0"/>
<pin id="669" dir="1" index="2" bw="32" slack="1"/>
</pin_list>
<bind>
<opcode="read(1150) " fcode="read"/>
<opset="l_i_19_val_read/1 "/>
</bind>
</comp>

<comp id="672" class="1004" name="l_i_18_val_read_read_fu_672">
<pin_list>
<pin id="673" dir="0" index="0" bw="32" slack="0"/>
<pin id="674" dir="0" index="1" bw="32" slack="0"/>
<pin id="675" dir="1" index="2" bw="32" slack="1"/>
</pin_list>
<bind>
<opcode="read(1150) " fcode="read"/>
<opset="l_i_18_val_read/1 "/>
</bind>
</comp>

<comp id="678" class="1004" name="l_i_17_val_read_read_fu_678">
<pin_list>
<pin id="679" dir="0" index="0" bw="32" slack="0"/>
<pin id="680" dir="0" index="1" bw="32" slack="0"/>
<pin id="681" dir="1" index="2" bw="32" slack="1"/>
</pin_list>
<bind>
<opcode="read(1150) " fcode="read"/>
<opset="l_i_17_val_read/1 "/>
</bind>
</comp>

<comp id="684" class="1004" name="l_i_16_val_read_read_fu_684">
<pin_list>
<pin id="685" dir="0" index="0" bw="32" slack="0"/>
<pin id="686" dir="0" index="1" bw="32" slack="0"/>
<pin id="687" dir="1" index="2" bw="32" slack="1"/>
</pin_list>
<bind>
<opcode="read(1150) " fcode="read"/>
<opset="l_i_16_val_read/1 "/>
</bind>
</comp>

<comp id="690" class="1004" name="l_i_15_val_read_read_fu_690">
<pin_list>
<pin id="691" dir="0" index="0" bw="32" slack="0"/>
<pin id="692" dir="0" index="1" bw="32" slack="0"/>
<pin id="693" dir="1" index="2" bw="32" slack="1"/>
</pin_list>
<bind>
<opcode="read(1150) " fcode="read"/>
<opset="l_i_15_val_read/1 "/>
</bind>
</comp>

<comp id="696" class="1004" name="l_i_14_val_read_read_fu_696">
<pin_list>
<pin id="697" dir="0" index="0" bw="32" slack="0"/>
<pin id="698" dir="0" index="1" bw="32" slack="0"/>
<pin id="699" dir="1" index="2" bw="32" slack="1"/>
</pin_list>
<bind>
<opcode="read(1150) " fcode="read"/>
<opset="l_i_14_val_read/1 "/>
</bind>
</comp>

<comp id="702" class="1004" name="l_i_13_val_read_read_fu_702">
<pin_list>
<pin id="703" dir="0" index="0" bw="32" slack="0"/>
<pin id="704" dir="0" index="1" bw="32" slack="0"/>
<pin id="705" dir="1" index="2" bw="32" slack="1"/>
</pin_list>
<bind>
<opcode="read(1150) " fcode="read"/>
<opset="l_i_13_val_read/1 "/>
</bind>
</comp>

<comp id="708" class="1004" name="l_i_12_val_read_read_fu_708">
<pin_list>
<pin id="709" dir="0" index="0" bw="32" slack="0"/>
<pin id="710" dir="0" index="1" bw="32" slack="0"/>
<pin id="711" dir="1" index="2" bw="32" slack="1"/>
</pin_list>
<bind>
<opcode="read(1150) " fcode="read"/>
<opset="l_i_12_val_read/1 "/>
</bind>
</comp>

<comp id="714" class="1004" name="l_i_11_val_read_read_fu_714">
<pin_list>
<pin id="715" dir="0" index="0" bw="32" slack="0"/>
<pin id="716" dir="0" index="1" bw="32" slack="0"/>
<pin id="717" dir="1" index="2" bw="32" slack="1"/>
</pin_list>
<bind>
<opcode="read(1150) " fcode="read"/>
<opset="l_i_11_val_read/1 "/>
</bind>
</comp>

<comp id="720" class="1004" name="l_i_10_val_read_read_fu_720">
<pin_list>
<pin id="721" dir="0" index="0" bw="32" slack="0"/>
<pin id="722" dir="0" index="1" bw="32" slack="0"/>
<pin id="723" dir="1" index="2" bw="32" slack="1"/>
</pin_list>
<bind>
<opcode="read(1150) " fcode="read"/>
<opset="l_i_10_val_read/1 "/>
</bind>
</comp>

<comp id="726" class="1004" name="l_i_9_val_read_read_fu_726">
<pin_list>
<pin id="727" dir="0" index="0" bw="32" slack="0"/>
<pin id="728" dir="0" index="1" bw="32" slack="0"/>
<pin id="729" dir="1" index="2" bw="32" slack="1"/>
</pin_list>
<bind>
<opcode="read(1150) " fcode="read"/>
<opset="l_i_9_val_read/1 "/>
</bind>
</comp>

<comp id="732" class="1004" name="l_i_8_val_read_read_fu_732">
<pin_list>
<pin id="733" dir="0" index="0" bw="32" slack="0"/>
<pin id="734" dir="0" index="1" bw="32" slack="0"/>
<pin id="735" dir="1" index="2" bw="32" slack="1"/>
</pin_list>
<bind>
<opcode="read(1150) " fcode="read"/>
<opset="l_i_8_val_read/1 "/>
</bind>
</comp>

<comp id="738" class="1004" name="l_i_7_val_read_read_fu_738">
<pin_list>
<pin id="739" dir="0" index="0" bw="32" slack="0"/>
<pin id="740" dir="0" index="1" bw="32" slack="0"/>
<pin id="741" dir="1" index="2" bw="32" slack="1"/>
</pin_list>
<bind>
<opcode="read(1150) " fcode="read"/>
<opset="l_i_7_val_read/1 "/>
</bind>
</comp>

<comp id="744" class="1004" name="l_i_6_val_read_read_fu_744">
<pin_list>
<pin id="745" dir="0" index="0" bw="32" slack="0"/>
<pin id="746" dir="0" index="1" bw="32" slack="0"/>
<pin id="747" dir="1" index="2" bw="32" slack="1"/>
</pin_list>
<bind>
<opcode="read(1150) " fcode="read"/>
<opset="l_i_6_val_read/1 "/>
</bind>
</comp>

<comp id="750" class="1004" name="l_i_5_val_read_read_fu_750">
<pin_list>
<pin id="751" dir="0" index="0" bw="32" slack="0"/>
<pin id="752" dir="0" index="1" bw="32" slack="0"/>
<pin id="753" dir="1" index="2" bw="32" slack="1"/>
</pin_list>
<bind>
<opcode="read(1150) " fcode="read"/>
<opset="l_i_5_val_read/1 "/>
</bind>
</comp>

<comp id="756" class="1004" name="l_i_4_val_read_read_fu_756">
<pin_list>
<pin id="757" dir="0" index="0" bw="32" slack="0"/>
<pin id="758" dir="0" index="1" bw="32" slack="0"/>
<pin id="759" dir="1" index="2" bw="32" slack="1"/>
</pin_list>
<bind>
<opcode="read(1150) " fcode="read"/>
<opset="l_i_4_val_read/1 "/>
</bind>
</comp>

<comp id="762" class="1004" name="l_i_3_val_read_read_fu_762">
<pin_list>
<pin id="763" dir="0" index="0" bw="32" slack="0"/>
<pin id="764" dir="0" index="1" bw="32" slack="0"/>
<pin id="765" dir="1" index="2" bw="32" slack="1"/>
</pin_list>
<bind>
<opcode="read(1150) " fcode="read"/>
<opset="l_i_3_val_read/1 "/>
</bind>
</comp>

<comp id="768" class="1004" name="l_i_2_val_read_read_fu_768">
<pin_list>
<pin id="769" dir="0" index="0" bw="32" slack="0"/>
<pin id="770" dir="0" index="1" bw="32" slack="0"/>
<pin id="771" dir="1" index="2" bw="32" slack="1"/>
</pin_list>
<bind>
<opcode="read(1150) " fcode="read"/>
<opset="l_i_2_val_read/1 "/>
</bind>
</comp>

<comp id="774" class="1004" name="l_i_1_val_read_read_fu_774">
<pin_list>
<pin id="775" dir="0" index="0" bw="32" slack="0"/>
<pin id="776" dir="0" index="1" bw="32" slack="0"/>
<pin id="777" dir="1" index="2" bw="32" slack="1"/>
</pin_list>
<bind>
<opcode="read(1150) " fcode="read"/>
<opset="l_i_1_val_read/1 "/>
</bind>
</comp>

<comp id="780" class="1004" name="l_i_0_val_read_read_fu_780">
<pin_list>
<pin id="781" dir="0" index="0" bw="32" slack="0"/>
<pin id="782" dir="0" index="1" bw="32" slack="0"/>
<pin id="783" dir="1" index="2" bw="32" slack="1"/>
</pin_list>
<bind>
<opcode="read(1150) " fcode="read"/>
<opset="l_i_0_val_read/1 "/>
</bind>
</comp>

<comp id="786" class="1004" name="O_fp32_0_addr_gep_fu_786">
<pin_list>
<pin id="787" dir="0" index="0" bw="32" slack="0"/>
<pin id="788" dir="0" index="1" bw="1" slack="0"/>
<pin id="789" dir="0" index="2" bw="9" slack="0"/>
<pin id="790" dir="1" index="3" bw="9" slack="0"/>
</pin_list>
<bind>
<opcode="getelementptr(29) " fcode="getelementptr"/>
<opset="O_fp32_0_addr/7 "/>
</bind>
</comp>

<comp id="793" class="1004" name="O_fp32_1_addr_gep_fu_793">
<pin_list>
<pin id="794" dir="0" index="0" bw="32" slack="0"/>
<pin id="795" dir="0" index="1" bw="1" slack="0"/>
<pin id="796" dir="0" index="2" bw="9" slack="0"/>
<pin id="797" dir="1" index="3" bw="9" slack="0"/>
</pin_list>
<bind>
<opcode="getelementptr(29) " fcode="getelementptr"/>
<opset="O_fp32_1_addr/7 "/>
</bind>
</comp>

<comp id="800" class="1004" name="O_fp32_2_addr_gep_fu_800">
<pin_list>
<pin id="801" dir="0" index="0" bw="32" slack="0"/>
<pin id="802" dir="0" index="1" bw="1" slack="0"/>
<pin id="803" dir="0" index="2" bw="9" slack="0"/>
<pin id="804" dir="1" index="3" bw="9" slack="0"/>
</pin_list>
<bind>
<opcode="getelementptr(29) " fcode="getelementptr"/>
<opset="O_fp32_2_addr/7 "/>
</bind>
</comp>

<comp id="807" class="1004" name="O_fp32_3_addr_gep_fu_807">
<pin_list>
<pin id="808" dir="0" index="0" bw="32" slack="0"/>
<pin id="809" dir="0" index="1" bw="1" slack="0"/>
<pin id="810" dir="0" index="2" bw="9" slack="0"/>
<pin id="811" dir="1" index="3" bw="9" slack="0"/>
</pin_list>
<bind>
<opcode="getelementptr(29) " fcode="getelementptr"/>
<opset="O_fp32_3_addr/7 "/>
</bind>
</comp>

<comp id="814" class="1004" name="O_fp32_4_addr_gep_fu_814">
<pin_list>
<pin id="815" dir="0" index="0" bw="32" slack="0"/>
<pin id="816" dir="0" index="1" bw="1" slack="0"/>
<pin id="817" dir="0" index="2" bw="9" slack="0"/>
<pin id="818" dir="1" index="3" bw="9" slack="0"/>
</pin_list>
<bind>
<opcode="getelementptr(29) " fcode="getelementptr"/>
<opset="O_fp32_4_addr/7 "/>
</bind>
</comp>

<comp id="821" class="1004" name="O_fp32_5_addr_gep_fu_821">
<pin_list>
<pin id="822" dir="0" index="0" bw="32" slack="0"/>
<pin id="823" dir="0" index="1" bw="1" slack="0"/>
<pin id="824" dir="0" index="2" bw="9" slack="0"/>
<pin id="825" dir="1" index="3" bw="9" slack="0"/>
</pin_list>
<bind>
<opcode="getelementptr(29) " fcode="getelementptr"/>
<opset="O_fp32_5_addr/7 "/>
</bind>
</comp>

<comp id="828" class="1004" name="O_fp32_6_addr_gep_fu_828">
<pin_list>
<pin id="829" dir="0" index="0" bw="32" slack="0"/>
<pin id="830" dir="0" index="1" bw="1" slack="0"/>
<pin id="831" dir="0" index="2" bw="9" slack="0"/>
<pin id="832" dir="1" index="3" bw="9" slack="0"/>
</pin_list>
<bind>
<opcode="getelementptr(29) " fcode="getelementptr"/>
<opset="O_fp32_6_addr/7 "/>
</bind>
</comp>

<comp id="835" class="1004" name="O_fp32_7_addr_gep_fu_835">
<pin_list>
<pin id="836" dir="0" index="0" bw="32" slack="0"/>
<pin id="837" dir="0" index="1" bw="1" slack="0"/>
<pin id="838" dir="0" index="2" bw="9" slack="0"/>
<pin id="839" dir="1" index="3" bw="9" slack="0"/>
</pin_list>
<bind>
<opcode="getelementptr(29) " fcode="getelementptr"/>
<opset="O_fp32_7_addr/7 "/>
</bind>
</comp>

<comp id="842" class="1004" name="O_fp32_8_addr_gep_fu_842">
<pin_list>
<pin id="843" dir="0" index="0" bw="32" slack="0"/>
<pin id="844" dir="0" index="1" bw="1" slack="0"/>
<pin id="845" dir="0" index="2" bw="9" slack="0"/>
<pin id="846" dir="1" index="3" bw="9" slack="0"/>
</pin_list>
<bind>
<opcode="getelementptr(29) " fcode="getelementptr"/>
<opset="O_fp32_8_addr/7 "/>
</bind>
</comp>

<comp id="849" class="1004" name="O_fp32_9_addr_gep_fu_849">
<pin_list>
<pin id="850" dir="0" index="0" bw="32" slack="0"/>
<pin id="851" dir="0" index="1" bw="1" slack="0"/>
<pin id="852" dir="0" index="2" bw="9" slack="0"/>
<pin id="853" dir="1" index="3" bw="9" slack="0"/>
</pin_list>
<bind>
<opcode="getelementptr(29) " fcode="getelementptr"/>
<opset="O_fp32_9_addr/7 "/>
</bind>
</comp>

<comp id="856" class="1004" name="O_fp32_10_addr_gep_fu_856">
<pin_list>
<pin id="857" dir="0" index="0" bw="32" slack="0"/>
<pin id="858" dir="0" index="1" bw="1" slack="0"/>
<pin id="859" dir="0" index="2" bw="9" slack="0"/>
<pin id="860" dir="1" index="3" bw="9" slack="0"/>
</pin_list>
<bind>
<opcode="getelementptr(29) " fcode="getelementptr"/>
<opset="O_fp32_10_addr/7 "/>
</bind>
</comp>

<comp id="863" class="1004" name="O_fp32_11_addr_gep_fu_863">
<pin_list>
<pin id="864" dir="0" index="0" bw="32" slack="0"/>
<pin id="865" dir="0" index="1" bw="1" slack="0"/>
<pin id="866" dir="0" index="2" bw="9" slack="0"/>
<pin id="867" dir="1" index="3" bw="9" slack="0"/>
</pin_list>
<bind>
<opcode="getelementptr(29) " fcode="getelementptr"/>
<opset="O_fp32_11_addr/7 "/>
</bind>
</comp>

<comp id="870" class="1004" name="O_fp32_12_addr_gep_fu_870">
<pin_list>
<pin id="871" dir="0" index="0" bw="32" slack="0"/>
<pin id="872" dir="0" index="1" bw="1" slack="0"/>
<pin id="873" dir="0" index="2" bw="9" slack="0"/>
<pin id="874" dir="1" index="3" bw="9" slack="0"/>
</pin_list>
<bind>
<opcode="getelementptr(29) " fcode="getelementptr"/>
<opset="O_fp32_12_addr/7 "/>
</bind>
</comp>

<comp id="877" class="1004" name="O_fp32_13_addr_gep_fu_877">
<pin_list>
<pin id="878" dir="0" index="0" bw="32" slack="0"/>
<pin id="879" dir="0" index="1" bw="1" slack="0"/>
<pin id="880" dir="0" index="2" bw="9" slack="0"/>
<pin id="881" dir="1" index="3" bw="9" slack="0"/>
</pin_list>
<bind>
<opcode="getelementptr(29) " fcode="getelementptr"/>
<opset="O_fp32_13_addr/7 "/>
</bind>
</comp>

<comp id="884" class="1004" name="O_fp32_14_addr_gep_fu_884">
<pin_list>
<pin id="885" dir="0" index="0" bw="32" slack="0"/>
<pin id="886" dir="0" index="1" bw="1" slack="0"/>
<pin id="887" dir="0" index="2" bw="9" slack="0"/>
<pin id="888" dir="1" index="3" bw="9" slack="0"/>
</pin_list>
<bind>
<opcode="getelementptr(29) " fcode="getelementptr"/>
<opset="O_fp32_14_addr/7 "/>
</bind>
</comp>

<comp id="891" class="1004" name="O_fp32_15_addr_gep_fu_891">
<pin_list>
<pin id="892" dir="0" index="0" bw="32" slack="0"/>
<pin id="893" dir="0" index="1" bw="1" slack="0"/>
<pin id="894" dir="0" index="2" bw="9" slack="0"/>
<pin id="895" dir="1" index="3" bw="9" slack="0"/>
</pin_list>
<bind>
<opcode="getelementptr(29) " fcode="getelementptr"/>
<opset="O_fp32_15_addr/7 "/>
</bind>
</comp>

<comp id="898" class="1004" name="grp_access_fu_898">
<pin_list>
<pin id="899" dir="0" index="0" bw="9" slack="0"/>
<pin id="900" dir="0" index="1" bw="32" slack="2147483647"/>
<pin id="901" dir="0" index="2" bw="0" slack="2147483647"/>
<pin id="902" dir="1" index="3" bw="32" slack="0"/>
</pin_list>
<bind>
<opcode="load(27) " fcode="load"/>
<opset="O_fp32_0_load/7 "/>
</bind>
</comp>

<comp id="904" class="1004" name="grp_access_fu_904">
<pin_list>
<pin id="905" dir="0" index="0" bw="9" slack="0"/>
<pin id="906" dir="0" index="1" bw="32" slack="2147483647"/>
<pin id="907" dir="0" index="2" bw="0" slack="2147483647"/>
<pin id="908" dir="1" index="3" bw="32" slack="0"/>
</pin_list>
<bind>
<opcode="load(27) " fcode="load"/>
<opset="O_fp32_1_load/7 "/>
</bind>
</comp>

<comp id="910" class="1004" name="grp_access_fu_910">
<pin_list>
<pin id="911" dir="0" index="0" bw="9" slack="0"/>
<pin id="912" dir="0" index="1" bw="32" slack="2147483647"/>
<pin id="913" dir="0" index="2" bw="0" slack="2147483647"/>
<pin id="914" dir="1" index="3" bw="32" slack="0"/>
</pin_list>
<bind>
<opcode="load(27) " fcode="load"/>
<opset="O_fp32_2_load/7 "/>
</bind>
</comp>

<comp id="916" class="1004" name="grp_access_fu_916">
<pin_list>
<pin id="917" dir="0" index="0" bw="9" slack="0"/>
<pin id="918" dir="0" index="1" bw="32" slack="2147483647"/>
<pin id="919" dir="0" index="2" bw="0" slack="2147483647"/>
<pin id="920" dir="1" index="3" bw="32" slack="0"/>
</pin_list>
<bind>
<opcode="load(27) " fcode="load"/>
<opset="O_fp32_3_load/7 "/>
</bind>
</comp>

<comp id="922" class="1004" name="grp_access_fu_922">
<pin_list>
<pin id="923" dir="0" index="0" bw="9" slack="0"/>
<pin id="924" dir="0" index="1" bw="32" slack="2147483647"/>
<pin id="925" dir="0" index="2" bw="0" slack="2147483647"/>
<pin id="926" dir="1" index="3" bw="32" slack="0"/>
</pin_list>
<bind>
<opcode="load(27) " fcode="load"/>
<opset="O_fp32_4_load/7 "/>
</bind>
</comp>

<comp id="928" class="1004" name="grp_access_fu_928">
<pin_list>
<pin id="929" dir="0" index="0" bw="9" slack="0"/>
<pin id="930" dir="0" index="1" bw="32" slack="2147483647"/>
<pin id="931" dir="0" index="2" bw="0" slack="2147483647"/>
<pin id="932" dir="1" index="3" bw="32" slack="0"/>
</pin_list>
<bind>
<opcode="load(27) " fcode="load"/>
<opset="O_fp32_5_load/7 "/>
</bind>
</comp>

<comp id="934" class="1004" name="grp_access_fu_934">
<pin_list>
<pin id="935" dir="0" index="0" bw="9" slack="0"/>
<pin id="936" dir="0" index="1" bw="32" slack="2147483647"/>
<pin id="937" dir="0" index="2" bw="0" slack="2147483647"/>
<pin id="938" dir="1" index="3" bw="32" slack="0"/>
</pin_list>
<bind>
<opcode="load(27) " fcode="load"/>
<opset="O_fp32_6_load/7 "/>
</bind>
</comp>

<comp id="940" class="1004" name="grp_access_fu_940">
<pin_list>
<pin id="941" dir="0" index="0" bw="9" slack="0"/>
<pin id="942" dir="0" index="1" bw="32" slack="2147483647"/>
<pin id="943" dir="0" index="2" bw="0" slack="2147483647"/>
<pin id="944" dir="1" index="3" bw="32" slack="0"/>
</pin_list>
<bind>
<opcode="load(27) " fcode="load"/>
<opset="O_fp32_7_load/7 "/>
</bind>
</comp>

<comp id="946" class="1004" name="grp_access_fu_946">
<pin_list>
<pin id="947" dir="0" index="0" bw="9" slack="0"/>
<pin id="948" dir="0" index="1" bw="32" slack="2147483647"/>
<pin id="949" dir="0" index="2" bw="0" slack="2147483647"/>
<pin id="950" dir="1" index="3" bw="32" slack="0"/>
</pin_list>
<bind>
<opcode="load(27) " fcode="load"/>
<opset="O_fp32_8_load/7 "/>
</bind>
</comp>

<comp id="952" class="1004" name="grp_access_fu_952">
<pin_list>
<pin id="953" dir="0" index="0" bw="9" slack="0"/>
<pin id="954" dir="0" index="1" bw="32" slack="2147483647"/>
<pin id="955" dir="0" index="2" bw="0" slack="2147483647"/>
<pin id="956" dir="1" index="3" bw="32" slack="0"/>
</pin_list>
<bind>
<opcode="load(27) " fcode="load"/>
<opset="O_fp32_9_load/7 "/>
</bind>
</comp>

<comp id="958" class="1004" name="grp_access_fu_958">
<pin_list>
<pin id="959" dir="0" index="0" bw="9" slack="0"/>
<pin id="960" dir="0" index="1" bw="32" slack="2147483647"/>
<pin id="961" dir="0" index="2" bw="0" slack="2147483647"/>
<pin id="962" dir="1" index="3" bw="32" slack="0"/>
</pin_list>
<bind>
<opcode="load(27) " fcode="load"/>
<opset="O_fp32_10_load/7 "/>
</bind>
</comp>

<comp id="964" class="1004" name="grp_access_fu_964">
<pin_list>
<pin id="965" dir="0" index="0" bw="9" slack="0"/>
<pin id="966" dir="0" index="1" bw="32" slack="2147483647"/>
<pin id="967" dir="0" index="2" bw="0" slack="2147483647"/>
<pin id="968" dir="1" index="3" bw="32" slack="0"/>
</pin_list>
<bind>
<opcode="load(27) " fcode="load"/>
<opset="O_fp32_11_load/7 "/>
</bind>
</comp>

<comp id="970" class="1004" name="grp_access_fu_970">
<pin_list>
<pin id="971" dir="0" index="0" bw="9" slack="0"/>
<pin id="972" dir="0" index="1" bw="32" slack="2147483647"/>
<pin id="973" dir="0" index="2" bw="0" slack="2147483647"/>
<pin id="974" dir="1" index="3" bw="32" slack="0"/>
</pin_list>
<bind>
<opcode="load(27) " fcode="load"/>
<opset="O_fp32_12_load/7 "/>
</bind>
</comp>

<comp id="976" class="1004" name="grp_access_fu_976">
<pin_list>
<pin id="977" dir="0" index="0" bw="9" slack="0"/>
<pin id="978" dir="0" index="1" bw="32" slack="2147483647"/>
<pin id="979" dir="0" index="2" bw="0" slack="2147483647"/>
<pin id="980" dir="1" index="3" bw="32" slack="0"/>
</pin_list>
<bind>
<opcode="load(27) " fcode="load"/>
<opset="O_fp32_13_load/7 "/>
</bind>
</comp>

<comp id="982" class="1004" name="grp_access_fu_982">
<pin_list>
<pin id="983" dir="0" index="0" bw="9" slack="0"/>
<pin id="984" dir="0" index="1" bw="32" slack="2147483647"/>
<pin id="985" dir="0" index="2" bw="0" slack="2147483647"/>
<pin id="986" dir="1" index="3" bw="32" slack="0"/>
</pin_list>
<bind>
<opcode="load(27) " fcode="load"/>
<opset="O_fp32_14_load/7 "/>
</bind>
</comp>

<comp id="988" class="1004" name="grp_access_fu_988">
<pin_list>
<pin id="989" dir="0" index="0" bw="9" slack="0"/>
<pin id="990" dir="0" index="1" bw="32" slack="2147483647"/>
<pin id="991" dir="0" index="2" bw="0" slack="2147483647"/>
<pin id="992" dir="1" index="3" bw="32" slack="0"/>
</pin_list>
<bind>
<opcode="load(27) " fcode="load"/>
<opset="O_fp32_15_load/7 "/>
</bind>
</comp>

<comp id="994" class="1004" name="O_fp16_0_addr_gep_fu_994">
<pin_list>
<pin id="995" dir="0" index="0" bw="16" slack="0"/>
<pin id="996" dir="0" index="1" bw="1" slack="0"/>
<pin id="997" dir="0" index="2" bw="9" slack="2"/>
<pin id="998" dir="1" index="3" bw="9" slack="0"/>
</pin_list>
<bind>
<opcode="getelementptr(29) " fcode="getelementptr"/>
<opset="O_fp16_0_addr/9 "/>
</bind>
</comp>

<comp id="1001" class="1004" name="O_fp16_1_addr_gep_fu_1001">
<pin_list>
<pin id="1002" dir="0" index="0" bw="16" slack="0"/>
<pin id="1003" dir="0" index="1" bw="1" slack="0"/>
<pin id="1004" dir="0" index="2" bw="9" slack="2"/>
<pin id="1005" dir="1" index="3" bw="9" slack="0"/>
</pin_list>
<bind>
<opcode="getelementptr(29) " fcode="getelementptr"/>
<opset="O_fp16_1_addr/9 "/>
</bind>
</comp>

<comp id="1008" class="1004" name="O_fp16_2_addr_gep_fu_1008">
<pin_list>
<pin id="1009" dir="0" index="0" bw="16" slack="0"/>
<pin id="1010" dir="0" index="1" bw="1" slack="0"/>
<pin id="1011" dir="0" index="2" bw="9" slack="2"/>
<pin id="1012" dir="1" index="3" bw="9" slack="0"/>
</pin_list>
<bind>
<opcode="getelementptr(29) " fcode="getelementptr"/>
<opset="O_fp16_2_addr/9 "/>
</bind>
</comp>

<comp id="1015" class="1004" name="O_fp16_3_addr_gep_fu_1015">
<pin_list>
<pin id="1016" dir="0" index="0" bw="16" slack="0"/>
<pin id="1017" dir="0" index="1" bw="1" slack="0"/>
<pin id="1018" dir="0" index="2" bw="9" slack="2"/>
<pin id="1019" dir="1" index="3" bw="9" slack="0"/>
</pin_list>
<bind>
<opcode="getelementptr(29) " fcode="getelementptr"/>
<opset="O_fp16_3_addr/9 "/>
</bind>
</comp>

<comp id="1022" class="1004" name="O_fp16_4_addr_gep_fu_1022">
<pin_list>
<pin id="1023" dir="0" index="0" bw="16" slack="0"/>
<pin id="1024" dir="0" index="1" bw="1" slack="0"/>
<pin id="1025" dir="0" index="2" bw="9" slack="2"/>
<pin id="1026" dir="1" index="3" bw="9" slack="0"/>
</pin_list>
<bind>
<opcode="getelementptr(29) " fcode="getelementptr"/>
<opset="O_fp16_4_addr/9 "/>
</bind>
</comp>

<comp id="1029" class="1004" name="O_fp16_5_addr_gep_fu_1029">
<pin_list>
<pin id="1030" dir="0" index="0" bw="16" slack="0"/>
<pin id="1031" dir="0" index="1" bw="1" slack="0"/>
<pin id="1032" dir="0" index="2" bw="9" slack="2"/>
<pin id="1033" dir="1" index="3" bw="9" slack="0"/>
</pin_list>
<bind>
<opcode="getelementptr(29) " fcode="getelementptr"/>
<opset="O_fp16_5_addr/9 "/>
</bind>
</comp>

<comp id="1036" class="1004" name="O_fp16_6_addr_gep_fu_1036">
<pin_list>
<pin id="1037" dir="0" index="0" bw="16" slack="0"/>
<pin id="1038" dir="0" index="1" bw="1" slack="0"/>
<pin id="1039" dir="0" index="2" bw="9" slack="2"/>
<pin id="1040" dir="1" index="3" bw="9" slack="0"/>
</pin_list>
<bind>
<opcode="getelementptr(29) " fcode="getelementptr"/>
<opset="O_fp16_6_addr/9 "/>
</bind>
</comp>

<comp id="1043" class="1004" name="O_fp16_7_addr_gep_fu_1043">
<pin_list>
<pin id="1044" dir="0" index="0" bw="16" slack="0"/>
<pin id="1045" dir="0" index="1" bw="1" slack="0"/>
<pin id="1046" dir="0" index="2" bw="9" slack="2"/>
<pin id="1047" dir="1" index="3" bw="9" slack="0"/>
</pin_list>
<bind>
<opcode="getelementptr(29) " fcode="getelementptr"/>
<opset="O_fp16_7_addr/9 "/>
</bind>
</comp>

<comp id="1050" class="1004" name="O_fp16_8_addr_gep_fu_1050">
<pin_list>
<pin id="1051" dir="0" index="0" bw="16" slack="0"/>
<pin id="1052" dir="0" index="1" bw="1" slack="0"/>
<pin id="1053" dir="0" index="2" bw="9" slack="2"/>
<pin id="1054" dir="1" index="3" bw="9" slack="0"/>
</pin_list>
<bind>
<opcode="getelementptr(29) " fcode="getelementptr"/>
<opset="O_fp16_8_addr/9 "/>
</bind>
</comp>

<comp id="1057" class="1004" name="O_fp16_9_addr_gep_fu_1057">
<pin_list>
<pin id="1058" dir="0" index="0" bw="16" slack="0"/>
<pin id="1059" dir="0" index="1" bw="1" slack="0"/>
<pin id="1060" dir="0" index="2" bw="9" slack="2"/>
<pin id="1061" dir="1" index="3" bw="9" slack="0"/>
</pin_list>
<bind>
<opcode="getelementptr(29) " fcode="getelementptr"/>
<opset="O_fp16_9_addr/9 "/>
</bind>
</comp>

<comp id="1064" class="1004" name="O_fp16_10_addr_gep_fu_1064">
<pin_list>
<pin id="1065" dir="0" index="0" bw="16" slack="0"/>
<pin id="1066" dir="0" index="1" bw="1" slack="0"/>
<pin id="1067" dir="0" index="2" bw="9" slack="2"/>
<pin id="1068" dir="1" index="3" bw="9" slack="0"/>
</pin_list>
<bind>
<opcode="getelementptr(29) " fcode="getelementptr"/>
<opset="O_fp16_10_addr/9 "/>
</bind>
</comp>

<comp id="1071" class="1004" name="O_fp16_11_addr_gep_fu_1071">
<pin_list>
<pin id="1072" dir="0" index="0" bw="16" slack="0"/>
<pin id="1073" dir="0" index="1" bw="1" slack="0"/>
<pin id="1074" dir="0" index="2" bw="9" slack="2"/>
<pin id="1075" dir="1" index="3" bw="9" slack="0"/>
</pin_list>
<bind>
<opcode="getelementptr(29) " fcode="getelementptr"/>
<opset="O_fp16_11_addr/9 "/>
</bind>
</comp>

<comp id="1078" class="1004" name="O_fp16_12_addr_gep_fu_1078">
<pin_list>
<pin id="1079" dir="0" index="0" bw="16" slack="0"/>
<pin id="1080" dir="0" index="1" bw="1" slack="0"/>
<pin id="1081" dir="0" index="2" bw="9" slack="2"/>
<pin id="1082" dir="1" index="3" bw="9" slack="0"/>
</pin_list>
<bind>
<opcode="getelementptr(29) " fcode="getelementptr"/>
<opset="O_fp16_12_addr/9 "/>
</bind>
</comp>

<comp id="1085" class="1004" name="O_fp16_13_addr_gep_fu_1085">
<pin_list>
<pin id="1086" dir="0" index="0" bw="16" slack="0"/>
<pin id="1087" dir="0" index="1" bw="1" slack="0"/>
<pin id="1088" dir="0" index="2" bw="9" slack="2"/>
<pin id="1089" dir="1" index="3" bw="9" slack="0"/>
</pin_list>
<bind>
<opcode="getelementptr(29) " fcode="getelementptr"/>
<opset="O_fp16_13_addr/9 "/>
</bind>
</comp>

<comp id="1092" class="1004" name="O_fp16_14_addr_gep_fu_1092">
<pin_list>
<pin id="1093" dir="0" index="0" bw="16" slack="0"/>
<pin id="1094" dir="0" index="1" bw="1" slack="0"/>
<pin id="1095" dir="0" index="2" bw="9" slack="2"/>
<pin id="1096" dir="1" index="3" bw="9" slack="0"/>
</pin_list>
<bind>
<opcode="getelementptr(29) " fcode="getelementptr"/>
<opset="O_fp16_14_addr/9 "/>
</bind>
</comp>

<comp id="1099" class="1004" name="O_fp16_15_addr_gep_fu_1099">
<pin_list>
<pin id="1100" dir="0" index="0" bw="16" slack="0"/>
<pin id="1101" dir="0" index="1" bw="1" slack="0"/>
<pin id="1102" dir="0" index="2" bw="9" slack="2"/>
<pin id="1103" dir="1" index="3" bw="9" slack="0"/>
</pin_list>
<bind>
<opcode="getelementptr(29) " fcode="getelementptr"/>
<opset="O_fp16_15_addr/9 "/>
</bind>
</comp>

<comp id="1106" class="1004" name="store_ln200_access_fu_1106">
<pin_list>
<pin id="1107" dir="0" index="0" bw="9" slack="2147483647"/>
<pin id="1108" dir="0" index="1" bw="16" slack="2147483647"/>
<pin id="1109" dir="0" index="2" bw="0" slack="0"/>
<pin id="1111" dir="0" index="4" bw="9" slack="1"/>
<pin id="1112" dir="0" index="5" bw="16" slack="2147483647"/>
<pin id="1113" dir="0" index="6" bw="0" slack="2147483647"/>
<pin id="1110" dir="1" index="3" bw="16" slack="2147483647"/>
<pin id="1114" dir="1" index="7" bw="16" slack="2147483647"/>
</pin_list>
<bind>
<opcode="store(28) " fcode="store"/>
<opset="store_ln200/9 "/>
</bind>
</comp>

<comp id="1116" class="1004" name="store_ln200_access_fu_1116">
<pin_list>
<pin id="1117" dir="0" index="0" bw="9" slack="2147483647"/>
<pin id="1118" dir="0" index="1" bw="16" slack="2147483647"/>
<pin id="1119" dir="0" index="2" bw="0" slack="0"/>
<pin id="1121" dir="0" index="4" bw="9" slack="1"/>
<pin id="1122" dir="0" index="5" bw="16" slack="2147483647"/>
<pin id="1123" dir="0" index="6" bw="0" slack="2147483647"/>
<pin id="1120" dir="1" index="3" bw="16" slack="2147483647"/>
<pin id="1124" dir="1" index="7" bw="16" slack="2147483647"/>
</pin_list>
<bind>
<opcode="store(28) " fcode="store"/>
<opset="store_ln200/9 "/>
</bind>
</comp>

<comp id="1126" class="1004" name="store_ln200_access_fu_1126">
<pin_list>
<pin id="1127" dir="0" index="0" bw="9" slack="2147483647"/>
<pin id="1128" dir="0" index="1" bw="16" slack="2147483647"/>
<pin id="1129" dir="0" index="2" bw="0" slack="0"/>
<pin id="1131" dir="0" index="4" bw="9" slack="1"/>
<pin id="1132" dir="0" index="5" bw="16" slack="2147483647"/>
<pin id="1133" dir="0" index="6" bw="0" slack="2147483647"/>
<pin id="1130" dir="1" index="3" bw="16" slack="2147483647"/>
<pin id="1134" dir="1" index="7" bw="16" slack="2147483647"/>
</pin_list>
<bind>
<opcode="store(28) " fcode="store"/>
<opset="store_ln200/9 "/>
</bind>
</comp>

<comp id="1136" class="1004" name="store_ln200_access_fu_1136">
<pin_list>
<pin id="1137" dir="0" index="0" bw="9" slack="2147483647"/>
<pin id="1138" dir="0" index="1" bw="16" slack="2147483647"/>
<pin id="1139" dir="0" index="2" bw="0" slack="0"/>
<pin id="1141" dir="0" index="4" bw="9" slack="1"/>
<pin id="1142" dir="0" index="5" bw="16" slack="2147483647"/>
<pin id="1143" dir="0" index="6" bw="0" slack="2147483647"/>
<pin id="1140" dir="1" index="3" bw="16" slack="2147483647"/>
<pin id="1144" dir="1" index="7" bw="16" slack="2147483647"/>
</pin_list>
<bind>
<opcode="store(28) " fcode="store"/>
<opset="store_ln200/9 "/>
</bind>
</comp>

<comp id="1146" class="1004" name="store_ln200_access_fu_1146">
<pin_list>
<pin id="1147" dir="0" index="0" bw="9" slack="2147483647"/>
<pin id="1148" dir="0" index="1" bw="16" slack="2147483647"/>
<pin id="1149" dir="0" index="2" bw="0" slack="0"/>
<pin id="1151" dir="0" index="4" bw="9" slack="1"/>
<pin id="1152" dir="0" index="5" bw="16" slack="2147483647"/>
<pin id="1153" dir="0" index="6" bw="0" slack="2147483647"/>
<pin id="1150" dir="1" index="3" bw="16" slack="2147483647"/>
<pin id="1154" dir="1" index="7" bw="16" slack="2147483647"/>
</pin_list>
<bind>
<opcode="store(28) " fcode="store"/>
<opset="store_ln200/9 "/>
</bind>
</comp>

<comp id="1156" class="1004" name="store_ln200_access_fu_1156">
<pin_list>
<pin id="1157" dir="0" index="0" bw="9" slack="2147483647"/>
<pin id="1158" dir="0" index="1" bw="16" slack="2147483647"/>
<pin id="1159" dir="0" index="2" bw="0" slack="0"/>
<pin id="1161" dir="0" index="4" bw="9" slack="1"/>
<pin id="1162" dir="0" index="5" bw="16" slack="2147483647"/>
<pin id="1163" dir="0" index="6" bw="0" slack="2147483647"/>
<pin id="1160" dir="1" index="3" bw="16" slack="2147483647"/>
<pin id="1164" dir="1" index="7" bw="16" slack="2147483647"/>
</pin_list>
<bind>
<opcode="store(28) " fcode="store"/>
<opset="store_ln200/9 "/>
</bind>
</comp>

<comp id="1166" class="1004" name="store_ln200_access_fu_1166">
<pin_list>
<pin id="1167" dir="0" index="0" bw="9" slack="2147483647"/>
<pin id="1168" dir="0" index="1" bw="16" slack="2147483647"/>
<pin id="1169" dir="0" index="2" bw="0" slack="0"/>
<pin id="1171" dir="0" index="4" bw="9" slack="1"/>
<pin id="1172" dir="0" index="5" bw="16" slack="2147483647"/>
<pin id="1173" dir="0" index="6" bw="0" slack="2147483647"/>
<pin id="1170" dir="1" index="3" bw="16" slack="2147483647"/>
<pin id="1174" dir="1" index="7" bw="16" slack="2147483647"/>
</pin_list>
<bind>
<opcode="store(28) " fcode="store"/>
<opset="store_ln200/9 "/>
</bind>
</comp>

<comp id="1176" class="1004" name="store_ln200_access_fu_1176">
<pin_list>
<pin id="1177" dir="0" index="0" bw="9" slack="2147483647"/>
<pin id="1178" dir="0" index="1" bw="16" slack="2147483647"/>
<pin id="1179" dir="0" index="2" bw="0" slack="0"/>
<pin id="1181" dir="0" index="4" bw="9" slack="1"/>
<pin id="1182" dir="0" index="5" bw="16" slack="2147483647"/>
<pin id="1183" dir="0" index="6" bw="0" slack="2147483647"/>
<pin id="1180" dir="1" index="3" bw="16" slack="2147483647"/>
<pin id="1184" dir="1" index="7" bw="16" slack="2147483647"/>
</pin_list>
<bind>
<opcode="store(28) " fcode="store"/>
<opset="store_ln200/9 "/>
</bind>
</comp>

<comp id="1186" class="1004" name="store_ln200_access_fu_1186">
<pin_list>
<pin id="1187" dir="0" index="0" bw="9" slack="2147483647"/>
<pin id="1188" dir="0" index="1" bw="16" slack="2147483647"/>
<pin id="1189" dir="0" index="2" bw="0" slack="0"/>
<pin id="1191" dir="0" index="4" bw="9" slack="1"/>
<pin id="1192" dir="0" index="5" bw="16" slack="2147483647"/>
<pin id="1193" dir="0" index="6" bw="0" slack="2147483647"/>
<pin id="1190" dir="1" index="3" bw="16" slack="2147483647"/>
<pin id="1194" dir="1" index="7" bw="16" slack="2147483647"/>
</pin_list>
<bind>
<opcode="store(28) " fcode="store"/>
<opset="store_ln200/9 "/>
</bind>
</comp>

<comp id="1196" class="1004" name="store_ln200_access_fu_1196">
<pin_list>
<pin id="1197" dir="0" index="0" bw="9" slack="2147483647"/>
<pin id="1198" dir="0" index="1" bw="16" slack="2147483647"/>
<pin id="1199" dir="0" index="2" bw="0" slack="0"/>
<pin id="1201" dir="0" index="4" bw="9" slack="1"/>
<pin id="1202" dir="0" index="5" bw="16" slack="2147483647"/>
<pin id="1203" dir="0" index="6" bw="0" slack="2147483647"/>
<pin id="1200" dir="1" index="3" bw="16" slack="2147483647"/>
<pin id="1204" dir="1" index="7" bw="16" slack="2147483647"/>
</pin_list>
<bind>
<opcode="store(28) " fcode="store"/>
<opset="store_ln200/9 "/>
</bind>
</comp>

<comp id="1206" class="1004" name="store_ln200_access_fu_1206">
<pin_list>
<pin id="1207" dir="0" index="0" bw="9" slack="2147483647"/>
<pin id="1208" dir="0" index="1" bw="16" slack="2147483647"/>
<pin id="1209" dir="0" index="2" bw="0" slack="0"/>
<pin id="1211" dir="0" index="4" bw="9" slack="1"/>
<pin id="1212" dir="0" index="5" bw="16" slack="2147483647"/>
<pin id="1213" dir="0" index="6" bw="0" slack="2147483647"/>
<pin id="1210" dir="1" index="3" bw="16" slack="2147483647"/>
<pin id="1214" dir="1" index="7" bw="16" slack="2147483647"/>
</pin_list>
<bind>
<opcode="store(28) " fcode="store"/>
<opset="store_ln200/9 "/>
</bind>
</comp>

<comp id="1216" class="1004" name="store_ln200_access_fu_1216">
<pin_list>
<pin id="1217" dir="0" index="0" bw="9" slack="2147483647"/>
<pin id="1218" dir="0" index="1" bw="16" slack="2147483647"/>
<pin id="1219" dir="0" index="2" bw="0" slack="0"/>
<pin id="1221" dir="0" index="4" bw="9" slack="1"/>
<pin id="1222" dir="0" index="5" bw="16" slack="2147483647"/>
<pin id="1223" dir="0" index="6" bw="0" slack="2147483647"/>
<pin id="1220" dir="1" index="3" bw="16" slack="2147483647"/>
<pin id="1224" dir="1" index="7" bw="16" slack="2147483647"/>
</pin_list>
<bind>
<opcode="store(28) " fcode="store"/>
<opset="store_ln200/9 "/>
</bind>
</comp>

<comp id="1226" class="1004" name="store_ln200_access_fu_1226">
<pin_list>
<pin id="1227" dir="0" index="0" bw="9" slack="2147483647"/>
<pin id="1228" dir="0" index="1" bw="16" slack="2147483647"/>
<pin id="1229" dir="0" index="2" bw="0" slack="0"/>
<pin id="1231" dir="0" index="4" bw="9" slack="1"/>
<pin id="1232" dir="0" index="5" bw="16" slack="2147483647"/>
<pin id="1233" dir="0" index="6" bw="0" slack="2147483647"/>
<pin id="1230" dir="1" index="3" bw="16" slack="2147483647"/>
<pin id="1234" dir="1" index="7" bw="16" slack="2147483647"/>
</pin_list>
<bind>
<opcode="store(28) " fcode="store"/>
<opset="store_ln200/9 "/>
</bind>
</comp>

<comp id="1236" class="1004" name="store_ln200_access_fu_1236">
<pin_list>
<pin id="1237" dir="0" index="0" bw="9" slack="2147483647"/>
<pin id="1238" dir="0" index="1" bw="16" slack="2147483647"/>
<pin id="1239" dir="0" index="2" bw="0" slack="0"/>
<pin id="1241" dir="0" index="4" bw="9" slack="1"/>
<pin id="1242" dir="0" index="5" bw="16" slack="2147483647"/>
<pin id="1243" dir="0" index="6" bw="0" slack="2147483647"/>
<pin id="1240" dir="1" index="3" bw="16" slack="2147483647"/>
<pin id="1244" dir="1" index="7" bw="16" slack="2147483647"/>
</pin_list>
<bind>
<opcode="store(28) " fcode="store"/>
<opset="store_ln200/9 "/>
</bind>
</comp>

<comp id="1246" class="1004" name="store_ln200_access_fu_1246">
<pin_list>
<pin id="1247" dir="0" index="0" bw="9" slack="2147483647"/>
<pin id="1248" dir="0" index="1" bw="16" slack="2147483647"/>
<pin id="1249" dir="0" index="2" bw="0" slack="0"/>
<pin id="1251" dir="0" index="4" bw="9" slack="1"/>
<pin id="1252" dir="0" index="5" bw="16" slack="2147483647"/>
<pin id="1253" dir="0" index="6" bw="0" slack="2147483647"/>
<pin id="1250" dir="1" index="3" bw="16" slack="2147483647"/>
<pin id="1254" dir="1" index="7" bw="16" slack="2147483647"/>
</pin_list>
<bind>
<opcode="store(28) " fcode="store"/>
<opset="store_ln200/9 "/>
</bind>
</comp>

<comp id="1256" class="1004" name="store_ln200_access_fu_1256">
<pin_list>
<pin id="1257" dir="0" index="0" bw="9" slack="2147483647"/>
<pin id="1258" dir="0" index="1" bw="16" slack="2147483647"/>
<pin id="1259" dir="0" index="2" bw="0" slack="0"/>
<pin id="1261" dir="0" index="4" bw="9" slack="1"/>
<pin id="1262" dir="0" index="5" bw="16" slack="2147483647"/>
<pin id="1263" dir="0" index="6" bw="0" slack="2147483647"/>
<pin id="1260" dir="1" index="3" bw="16" slack="2147483647"/>
<pin id="1264" dir="1" index="7" bw="16" slack="2147483647"/>
</pin_list>
<bind>
<opcode="store(28) " fcode="store"/>
<opset="store_ln200/9 "/>
</bind>
</comp>

<comp id="1266" class="1004" name="mul_fu_1266">
<pin_list>
<pin id="1267" dir="0" index="0" bw="32" slack="0"/>
<pin id="1268" dir="0" index="1" bw="32" slack="0"/>
<pin id="1269" dir="1" index="2" bw="32" slack="0"/>
</pin_list>
<bind>
<opcode="fmul(13) " fcode="fmul"/>
<opset="mul/8 "/>
</bind>
</comp>

<comp id="1271" class="1004" name="mul_1_fu_1271">
<pin_list>
<pin id="1272" dir="0" index="0" bw="32" slack="0"/>
<pin id="1273" dir="0" index="1" bw="32" slack="0"/>
<pin id="1274" dir="1" index="2" bw="32" slack="0"/>
</pin_list>
<bind>
<opcode="fmul(13) " fcode="fmul"/>
<opset="mul_1/8 "/>
</bind>
</comp>

<comp id="1276" class="1004" name="mul_2_fu_1276">
<pin_list>
<pin id="1277" dir="0" index="0" bw="32" slack="0"/>
<pin id="1278" dir="0" index="1" bw="32" slack="0"/>
<pin id="1279" dir="1" index="2" bw="32" slack="0"/>
</pin_list>
<bind>
<opcode="fmul(13) " fcode="fmul"/>
<opset="mul_2/8 "/>
</bind>
</comp>

<comp id="1281" class="1004" name="mul_3_fu_1281">
<pin_list>
<pin id="1282" dir="0" index="0" bw="32" slack="0"/>
<pin id="1283" dir="0" index="1" bw="32" slack="0"/>
<pin id="1284" dir="1" index="2" bw="32" slack="0"/>
</pin_list>
<bind>
<opcode="fmul(13) " fcode="fmul"/>
<opset="mul_3/8 "/>
</bind>
</comp>

<comp id="1286" class="1004" name="mul_4_fu_1286">
<pin_list>
<pin id="1287" dir="0" index="0" bw="32" slack="0"/>
<pin id="1288" dir="0" index="1" bw="32" slack="0"/>
<pin id="1289" dir="1" index="2" bw="32" slack="0"/>
</pin_list>
<bind>
<opcode="fmul(13) " fcode="fmul"/>
<opset="mul_4/8 "/>
</bind>
</comp>

<comp id="1291" class="1004" name="mul_5_fu_1291">
<pin_list>
<pin id="1292" dir="0" index="0" bw="32" slack="0"/>
<pin id="1293" dir="0" index="1" bw="32" slack="0"/>
<pin id="1294" dir="1" index="2" bw="32" slack="0"/>
</pin_list>
<bind>
<opcode="fmul(13) " fcode="fmul"/>
<opset="mul_5/8 "/>
</bind>
</comp>

<comp id="1296" class="1004" name="mul_6_fu_1296">
<pin_list>
<pin id="1297" dir="0" index="0" bw="32" slack="0"/>
<pin id="1298" dir="0" index="1" bw="32" slack="0"/>
<pin id="1299" dir="1" index="2" bw="32" slack="0"/>
</pin_list>
<bind>
<opcode="fmul(13) " fcode="fmul"/>
<opset="mul_6/8 "/>
</bind>
</comp>

<comp id="1301" class="1004" name="mul_7_fu_1301">
<pin_list>
<pin id="1302" dir="0" index="0" bw="32" slack="0"/>
<pin id="1303" dir="0" index="1" bw="32" slack="0"/>
<pin id="1304" dir="1" index="2" bw="32" slack="0"/>
</pin_list>
<bind>
<opcode="fmul(13) " fcode="fmul"/>
<opset="mul_7/8 "/>
</bind>
</comp>

<comp id="1306" class="1004" name="mul_8_fu_1306">
<pin_list>
<pin id="1307" dir="0" index="0" bw="32" slack="0"/>
<pin id="1308" dir="0" index="1" bw="32" slack="0"/>
<pin id="1309" dir="1" index="2" bw="32" slack="0"/>
</pin_list>
<bind>
<opcode="fmul(13) " fcode="fmul"/>
<opset="mul_8/8 "/>
</bind>
</comp>

<comp id="1311" class="1004" name="mul_9_fu_1311">
<pin_list>
<pin id="1312" dir="0" index="0" bw="32" slack="0"/>
<pin id="1313" dir="0" index="1" bw="32" slack="0"/>
<pin id="1314" dir="1" index="2" bw="32" slack="0"/>
</pin_list>
<bind>
<opcode="fmul(13) " fcode="fmul"/>
<opset="mul_9/8 "/>
</bind>
</comp>

<comp id="1316" class="1004" name="mul_s_fu_1316">
<pin_list>
<pin id="1317" dir="0" index="0" bw="32" slack="0"/>
<pin id="1318" dir="0" index="1" bw="32" slack="0"/>
<pin id="1319" dir="1" index="2" bw="32" slack="0"/>
</pin_list>
<bind>
<opcode="fmul(13) " fcode="fmul"/>
<opset="mul_s/8 "/>
</bind>
</comp>

<comp id="1321" class="1004" name="mul_10_fu_1321">
<pin_list>
<pin id="1322" dir="0" index="0" bw="32" slack="0"/>
<pin id="1323" dir="0" index="1" bw="32" slack="0"/>
<pin id="1324" dir="1" index="2" bw="32" slack="0"/>
</pin_list>
<bind>
<opcode="fmul(13) " fcode="fmul"/>
<opset="mul_10/8 "/>
</bind>
</comp>

<comp id="1326" class="1004" name="mul_11_fu_1326">
<pin_list>
<pin id="1327" dir="0" index="0" bw="32" slack="0"/>
<pin id="1328" dir="0" index="1" bw="32" slack="0"/>
<pin id="1329" dir="1" index="2" bw="32" slack="0"/>
</pin_list>
<bind>
<opcode="fmul(13) " fcode="fmul"/>
<opset="mul_11/8 "/>
</bind>
</comp>

<comp id="1331" class="1004" name="mul_12_fu_1331">
<pin_list>
<pin id="1332" dir="0" index="0" bw="32" slack="0"/>
<pin id="1333" dir="0" index="1" bw="32" slack="0"/>
<pin id="1334" dir="1" index="2" bw="32" slack="0"/>
</pin_list>
<bind>
<opcode="fmul(13) " fcode="fmul"/>
<opset="mul_12/8 "/>
</bind>
</comp>

<comp id="1336" class="1004" name="mul_13_fu_1336">
<pin_list>
<pin id="1337" dir="0" index="0" bw="32" slack="0"/>
<pin id="1338" dir="0" index="1" bw="32" slack="0"/>
<pin id="1339" dir="1" index="2" bw="32" slack="0"/>
</pin_list>
<bind>
<opcode="fmul(13) " fcode="fmul"/>
<opset="mul_13/8 "/>
</bind>
</comp>

<comp id="1341" class="1004" name="mul_14_fu_1341">
<pin_list>
<pin id="1342" dir="0" index="0" bw="32" slack="0"/>
<pin id="1343" dir="0" index="1" bw="32" slack="0"/>
<pin id="1344" dir="1" index="2" bw="32" slack="0"/>
</pin_list>
<bind>
<opcode="fmul(13) " fcode="fmul"/>
<opset="mul_14/8 "/>
</bind>
</comp>

<comp id="1346" class="1004" name="grp_fu_1346">
<pin_list>
<pin id="1347" dir="0" index="0" bw="32" slack="0"/>
<pin id="1348" dir="0" index="1" bw="32" slack="1"/>
<pin id="1349" dir="1" index="2" bw="32" slack="0"/>
</pin_list>
<bind>
<opcode="fdiv(16) " fcode="fdiv"/>
<opset="inv_l/3 "/>
</bind>
</comp>

<comp id="1367" class="1004" name="conv_fu_1367">
<pin_list>
<pin id="1368" dir="0" index="0" bw="32" slack="0"/>
<pin id="1369" dir="1" index="1" bw="16" slack="1"/>
</pin_list>
<bind>
<opcode="sptohp(532) " fcode="sptohp"/>
<opset="conv/8 "/>
</bind>
</comp>

<comp id="1371" class="1004" name="conv_1_fu_1371">
<pin_list>
<pin id="1372" dir="0" index="0" bw="32" slack="0"/>
<pin id="1373" dir="1" index="1" bw="16" slack="1"/>
</pin_list>
<bind>
<opcode="sptohp(532) " fcode="sptohp"/>
<opset="conv_1/8 "/>
</bind>
</comp>

<comp id="1375" class="1004" name="conv_2_fu_1375">
<pin_list>
<pin id="1376" dir="0" index="0" bw="32" slack="0"/>
<pin id="1377" dir="1" index="1" bw="16" slack="1"/>
</pin_list>
<bind>
<opcode="sptohp(532) " fcode="sptohp"/>
<opset="conv_2/8 "/>
</bind>
</comp>

<comp id="1379" class="1004" name="conv_3_fu_1379">
<pin_list>
<pin id="1380" dir="0" index="0" bw="32" slack="0"/>
<pin id="1381" dir="1" index="1" bw="16" slack="1"/>
</pin_list>
<bind>
<opcode="sptohp(532) " fcode="sptohp"/>
<opset="conv_3/8 "/>
</bind>
</comp>

<comp id="1383" class="1004" name="conv_4_fu_1383">
<pin_list>
<pin id="1384" dir="0" index="0" bw="32" slack="0"/>
<pin id="1385" dir="1" index="1" bw="16" slack="1"/>
</pin_list>
<bind>
<opcode="sptohp(532) " fcode="sptohp"/>
<opset="conv_4/8 "/>
</bind>
</comp>

<comp id="1387" class="1004" name="conv_5_fu_1387">
<pin_list>
<pin id="1388" dir="0" index="0" bw="32" slack="0"/>
<pin id="1389" dir="1" index="1" bw="16" slack="1"/>
</pin_list>
<bind>
<opcode="sptohp(532) " fcode="sptohp"/>
<opset="conv_5/8 "/>
</bind>
</comp>

<comp id="1391" class="1004" name="conv_6_fu_1391">
<pin_list>
<pin id="1392" dir="0" index="0" bw="32" slack="0"/>
<pin id="1393" dir="1" index="1" bw="16" slack="1"/>
</pin_list>
<bind>
<opcode="sptohp(532) " fcode="sptohp"/>
<opset="conv_6/8 "/>
</bind>
</comp>

<comp id="1395" class="1004" name="conv_7_fu_1395">
<pin_list>
<pin id="1396" dir="0" index="0" bw="32" slack="0"/>
<pin id="1397" dir="1" index="1" bw="16" slack="1"/>
</pin_list>
<bind>
<opcode="sptohp(532) " fcode="sptohp"/>
<opset="conv_7/8 "/>
</bind>
</comp>

<comp id="1399" class="1004" name="conv_8_fu_1399">
<pin_list>
<pin id="1400" dir="0" index="0" bw="32" slack="0"/>
<pin id="1401" dir="1" index="1" bw="16" slack="1"/>
</pin_list>
<bind>
<opcode="sptohp(532) " fcode="sptohp"/>
<opset="conv_8/8 "/>
</bind>
</comp>

<comp id="1403" class="1004" name="conv_9_fu_1403">
<pin_list>
<pin id="1404" dir="0" index="0" bw="32" slack="0"/>
<pin id="1405" dir="1" index="1" bw="16" slack="1"/>
</pin_list>
<bind>
<opcode="sptohp(532) " fcode="sptohp"/>
<opset="conv_9/8 "/>
</bind>
</comp>

<comp id="1407" class="1004" name="conv_s_fu_1407">
<pin_list>
<pin id="1408" dir="0" index="0" bw="32" slack="0"/>
<pin id="1409" dir="1" index="1" bw="16" slack="1"/>
</pin_list>
<bind>
<opcode="sptohp(532) " fcode="sptohp"/>
<opset="conv_s/8 "/>
</bind>
</comp>

<comp id="1411" class="1004" name="conv_10_fu_1411">
<pin_list>
<pin id="1412" dir="0" index="0" bw="32" slack="0"/>
<pin id="1413" dir="1" index="1" bw="16" slack="1"/>
</pin_list>
<bind>
<opcode="sptohp(532) " fcode="sptohp"/>
<opset="conv_10/8 "/>
</bind>
</comp>

<comp id="1415" class="1004" name="conv_11_fu_1415">
<pin_list>
<pin id="1416" dir="0" index="0" bw="32" slack="0"/>
<pin id="1417" dir="1" index="1" bw="16" slack="1"/>
</pin_list>
<bind>
<opcode="sptohp(532) " fcode="sptohp"/>
<opset="conv_11/8 "/>
</bind>
</comp>

<comp id="1419" class="1004" name="conv_12_fu_1419">
<pin_list>
<pin id="1420" dir="0" index="0" bw="32" slack="0"/>
<pin id="1421" dir="1" index="1" bw="16" slack="1"/>
</pin_list>
<bind>
<opcode="sptohp(532) " fcode="sptohp"/>
<opset="conv_12/8 "/>
</bind>
</comp>

<comp id="1423" class="1004" name="conv_13_fu_1423">
<pin_list>
<pin id="1424" dir="0" index="0" bw="32" slack="0"/>
<pin id="1425" dir="1" index="1" bw="16" slack="1"/>
</pin_list>
<bind>
<opcode="sptohp(532) " fcode="sptohp"/>
<opset="conv_13/8 "/>
</bind>
</comp>

<comp id="1427" class="1004" name="conv_14_fu_1427">
<pin_list>
<pin id="1428" dir="0" index="0" bw="32" slack="0"/>
<pin id="1429" dir="1" index="1" bw="16" slack="1"/>
</pin_list>
<bind>
<opcode="sptohp(532) " fcode="sptohp"/>
<opset="conv_14/8 "/>
</bind>
</comp>

<comp id="1431" class="1004" name="empty_fu_1431">
<pin_list>
<pin id="1432" dir="0" index="0" bw="32" slack="0"/>
<pin id="1433" dir="1" index="1" bw="31" slack="0"/>
</pin_list>
<bind>
<opcode="trunc(33) " fcode="trunc"/>
<opset="empty/1 "/>
</bind>
</comp>

<comp id="1435" class="1004" name="empty_75_fu_1435">
<pin_list>
<pin id="1436" dir="0" index="0" bw="32" slack="0"/>
<pin id="1437" dir="0" index="1" bw="1" slack="0"/>
<pin id="1438" dir="1" index="2" bw="1" slack="0"/>
</pin_list>
<bind>
<opcode="icmp(45) " fcode="icmp"/>
<opset="empty_75/1 "/>
</bind>
</comp>

<comp id="1441" class="1004" name="empty_76_fu_1441">
<pin_list>
<pin id="1442" dir="0" index="0" bw="1" slack="0"/>
<pin id="1443" dir="0" index="1" bw="31" slack="0"/>
<pin id="1444" dir="0" index="2" bw="1" slack="0"/>
<pin id="1445" dir="1" index="3" bw="31" slack="0"/>
</pin_list>
<bind>
<opcode="select(49) " fcode="select"/>
<opset="empty_76/1 "/>
</bind>
</comp>

<comp id="1449" class="1004" name="tmp_s_fu_1449">
<pin_list>
<pin id="1450" dir="0" index="0" bw="34" slack="0"/>
<pin id="1451" dir="0" index="1" bw="31" slack="0"/>
<pin id="1452" dir="0" index="2" bw="1" slack="0"/>
<pin id="1453" dir="1" index="3" bw="34" slack="1"/>
</pin_list>
<bind>
<opcode="bitconcatenate(1004) " fcode="bitconcatenate"/>
<opset="tmp_s/1 "/>
</bind>
</comp>

<comp id="1457" class="1004" name="store_ln0_store_fu_1457">
<pin_list>
<pin id="1458" dir="0" index="0" bw="1" slack="0"/>
<pin id="1459" dir="0" index="1" bw="34" slack="0"/>
<pin id="1460" dir="1" index="2" bw="0" slack="2147483647"/>
</pin_list>
<bind>
<opcode="store(28) " fcode="store"/>
<opset="store_ln0/1 "/>
</bind>
</comp>

<comp id="1462" class="1004" name="store_ln193_store_fu_1462">
<pin_list>
<pin id="1463" dir="0" index="0" bw="1" slack="0"/>
<pin id="1464" dir="0" index="1" bw="31" slack="0"/>
<pin id="1465" dir="1" index="2" bw="0" slack="2147483647"/>
</pin_list>
<bind>
<opcode="store(28) " fcode="store"/>
<opset="store_ln193/1 "/>
</bind>
</comp>

<comp id="1467" class="1004" name="store_ln197_store_fu_1467">
<pin_list>
<pin id="1468" dir="0" index="0" bw="1" slack="0"/>
<pin id="1469" dir="0" index="1" bw="8" slack="0"/>
<pin id="1470" dir="1" index="2" bw="0" slack="2147483647"/>
</pin_list>
<bind>
<opcode="store(28) " fcode="store"/>
<opset="store_ln197/1 "/>
</bind>
</comp>

<comp id="1472" class="1004" name="indvar_flatten_load_load_fu_1472">
<pin_list>
<pin id="1473" dir="0" index="0" bw="34" slack="1"/>
<pin id="1474" dir="1" index="1" bw="34" slack="0"/>
</pin_list>
<bind>
<opcode="load(27) " fcode="load"/>
<opset="indvar_flatten_load/2 "/>
</bind>
</comp>

<comp id="1475" class="1004" name="add_ln193_1_fu_1475">
<pin_list>
<pin id="1476" dir="0" index="0" bw="34" slack="0"/>
<pin id="1477" dir="0" index="1" bw="1" slack="0"/>
<pin id="1478" dir="1" index="2" bw="34" slack="0"/>
</pin_list>
<bind>
<opcode="add(8) " fcode="add"/>
<opset="add_ln193_1/2 "/>
</bind>
</comp>

<comp id="1481" class="1004" name="icmp_ln193_fu_1481">
<pin_list>
<pin id="1482" dir="0" index="0" bw="34" slack="0"/>
<pin id="1483" dir="0" index="1" bw="34" slack="1"/>
<pin id="1484" dir="1" index="2" bw="1" slack="6"/>
</pin_list>
<bind>
<opcode="icmp(45) " fcode="icmp"/>
<opset="icmp_ln193/2 "/>
</bind>
</comp>

<comp id="1486" class="1004" name="k_load_load_fu_1486">
<pin_list>
<pin id="1487" dir="0" index="0" bw="8" slack="1"/>
<pin id="1488" dir="1" index="1" bw="8" slack="0"/>
</pin_list>
<bind>
<opcode="load(27) " fcode="load"/>
<opset="k_load/2 "/>
</bind>
</comp>

<comp id="1489" class="1004" name="i_load_load_fu_1489">
<pin_list>
<pin id="1490" dir="0" index="0" bw="31" slack="1"/>
<pin id="1491" dir="1" index="1" bw="31" slack="0"/>
</pin_list>
<bind>
<opcode="load(27) " fcode="load"/>
<opset="i_load/2 "/>
</bind>
</comp>

<comp id="1492" class="1004" name="trunc_ln193_fu_1492">
<pin_list>
<pin id="1493" dir="0" index="0" bw="8" slack="0"/>
<pin id="1494" dir="1" index="1" bw="7" slack="0"/>
</pin_list>
<bind>
<opcode="trunc(33) " fcode="trunc"/>
<opset="trunc_ln193/2 "/>
</bind>
</comp>

<comp id="1496" class="1004" name="add_ln193_fu_1496">
<pin_list>
<pin id="1497" dir="0" index="0" bw="31" slack="0"/>
<pin id="1498" dir="0" index="1" bw="1" slack="0"/>
<pin id="1499" dir="1" index="2" bw="31" slack="0"/>
</pin_list>
<bind>
<opcode="add(8) " fcode="add"/>
<opset="add_ln193/2 "/>
</bind>
</comp>

<comp id="1502" class="1004" name="tmp_3_fu_1502">
<pin_list>
<pin id="1503" dir="0" index="0" bw="1" slack="0"/>
<pin id="1504" dir="0" index="1" bw="8" slack="0"/>
<pin id="1505" dir="0" index="2" bw="4" slack="0"/>
<pin id="1506" dir="1" index="3" bw="1" slack="0"/>
</pin_list>
<bind>
<opcode="bitselect(1000) " fcode="bitselect"/>
<opset="tmp_3/2 "/>
</bind>
</comp>

<comp id="1510" class="1004" name="select_ln193_fu_1510">
<pin_list>
<pin id="1511" dir="0" index="0" bw="1" slack="0"/>
<pin id="1512" dir="0" index="1" bw="1" slack="0"/>
<pin id="1513" dir="0" index="2" bw="7" slack="0"/>
<pin id="1514" dir="1" index="3" bw="7" slack="0"/>
</pin_list>
<bind>
<opcode="select(49) " fcode="select"/>
<opset="select_ln193/2 "/>
</bind>
</comp>

<comp id="1518" class="1004" name="zext_ln193_fu_1518">
<pin_list>
<pin id="1519" dir="0" index="0" bw="7" slack="0"/>
<pin id="1520" dir="1" index="1" bw="8" slack="0"/>
</pin_list>
<bind>
<opcode="zext(34) " fcode="zext"/>
<opset="zext_ln193/2 "/>
</bind>
</comp>

<comp id="1522" class="1004" name="select_ln193_1_fu_1522">
<pin_list>
<pin id="1523" dir="0" index="0" bw="1" slack="0"/>
<pin id="1524" dir="0" index="1" bw="31" slack="0"/>
<pin id="1525" dir="0" index="2" bw="31" slack="0"/>
<pin id="1526" dir="1" index="3" bw="31" slack="0"/>
</pin_list>
<bind>
<opcode="select(49) " fcode="select"/>
<opset="select_ln193_1/2 "/>
</bind>
</comp>

<comp id="1530" class="1004" name="trunc_ln193_1_fu_1530">
<pin_list>
<pin id="1531" dir="0" index="0" bw="31" slack="0"/>
<pin id="1532" dir="1" index="1" bw="6" slack="0"/>
</pin_list>
<bind>
<opcode="trunc(33) " fcode="trunc"/>
<opset="trunc_ln193_1/2 "/>
</bind>
</comp>

<comp id="1534" class="1004" name="tmp_fu_1534">
<pin_list>
<pin id="1535" dir="0" index="0" bw="32" slack="0"/>
<pin id="1536" dir="0" index="1" bw="6" slack="0"/>
<pin id="1537" dir="0" index="2" bw="32" slack="1"/>
<pin id="1538" dir="0" index="3" bw="6" slack="0"/>
<pin id="1539" dir="0" index="4" bw="32" slack="1"/>
<pin id="1540" dir="0" index="5" bw="6" slack="0"/>
<pin id="1541" dir="0" index="6" bw="32" slack="1"/>
<pin id="1542" dir="0" index="7" bw="6" slack="0"/>
<pin id="1543" dir="0" index="8" bw="32" slack="1"/>
<pin id="1544" dir="0" index="9" bw="6" slack="0"/>
<pin id="1545" dir="0" index="10" bw="32" slack="1"/>
<pin id="1546" dir="0" index="11" bw="6" slack="0"/>
<pin id="1547" dir="0" index="12" bw="32" slack="1"/>
<pin id="1548" dir="0" index="13" bw="6" slack="0"/>
<pin id="1549" dir="0" index="14" bw="32" slack="1"/>
<pin id="1550" dir="0" index="15" bw="6" slack="0"/>
<pin id="1551" dir="0" index="16" bw="32" slack="1"/>
<pin id="1552" dir="0" index="17" bw="6" slack="0"/>
<pin id="1553" dir="0" index="18" bw="32" slack="1"/>
<pin id="1554" dir="0" index="19" bw="6" slack="0"/>
<pin id="1555" dir="0" index="20" bw="32" slack="1"/>
<pin id="1556" dir="0" index="21" bw="6" slack="0"/>
<pin id="1557" dir="0" index="22" bw="32" slack="1"/>
<pin id="1558" dir="0" index="23" bw="6" slack="0"/>
<pin id="1559" dir="0" index="24" bw="32" slack="1"/>
<pin id="1560" dir="0" index="25" bw="6" slack="0"/>
<pin id="1561" dir="0" index="26" bw="32" slack="1"/>
<pin id="1562" dir="0" index="27" bw="6" slack="0"/>
<pin id="1563" dir="0" index="28" bw="32" slack="1"/>
<pin id="1564" dir="0" index="29" bw="6" slack="0"/>
<pin id="1565" dir="0" index="30" bw="32" slack="1"/>
<pin id="1566" dir="0" index="31" bw="6" slack="0"/>
<pin id="1567" dir="0" index="32" bw="32" slack="1"/>
<pin id="1568" dir="0" index="33" bw="6" slack="0"/>
<pin id="1569" dir="0" index="34" bw="32" slack="1"/>
<pin id="1570" dir="0" index="35" bw="6" slack="0"/>
<pin id="1571" dir="0" index="36" bw="32" slack="1"/>
<pin id="1572" dir="0" index="37" bw="6" slack="0"/>
<pin id="1573" dir="0" index="38" bw="32" slack="1"/>
<pin id="1574" dir="0" index="39" bw="6" slack="0"/>
<pin id="1575" dir="0" index="40" bw="32" slack="1"/>
<pin id="1576" dir="0" index="41" bw="6" slack="0"/>
<pin id="1577" dir="0" index="42" bw="32" slack="1"/>
<pin id="1578" dir="0" index="43" bw="6" slack="0"/>
<pin id="1579" dir="0" index="44" bw="32" slack="1"/>
<pin id="1580" dir="0" index="45" bw="6" slack="0"/>
<pin id="1581" dir="0" index="46" bw="32" slack="1"/>
<pin id="1582" dir="0" index="47" bw="6" slack="0"/>
<pin id="1583" dir="0" index="48" bw="32" slack="1"/>
<pin id="1584" dir="0" index="49" bw="6" slack="0"/>
<pin id="1585" dir="0" index="50" bw="32" slack="1"/>
<pin id="1586" dir="0" index="51" bw="6" slack="0"/>
<pin id="1587" dir="0" index="52" bw="32" slack="1"/>
<pin id="1588" dir="0" index="53" bw="6" slack="0"/>
<pin id="1589" dir="0" index="54" bw="32" slack="1"/>
<pin id="1590" dir="0" index="55" bw="6" slack="0"/>
<pin id="1591" dir="0" index="56" bw="32" slack="1"/>
<pin id="1592" dir="0" index="57" bw="6" slack="0"/>
<pin id="1593" dir="0" index="58" bw="32" slack="1"/>
<pin id="1594" dir="0" index="59" bw="6" slack="0"/>
<pin id="1595" dir="0" index="60" bw="32" slack="1"/>
<pin id="1596" dir="0" index="61" bw="6" slack="0"/>
<pin id="1597" dir="0" index="62" bw="32" slack="1"/>
<pin id="1598" dir="0" index="63" bw="6" slack="0"/>
<pin id="1599" dir="0" index="64" bw="32" slack="1"/>
<pin id="1600" dir="0" index="65" bw="6" slack="0"/>
<pin id="1601" dir="0" index="66" bw="32" slack="1"/>
<pin id="1602" dir="0" index="67" bw="6" slack="0"/>
<pin id="1603" dir="0" index="68" bw="32" slack="1"/>
<pin id="1604" dir="0" index="69" bw="6" slack="0"/>
<pin id="1605" dir="0" index="70" bw="32" slack="1"/>
<pin id="1606" dir="0" index="71" bw="6" slack="0"/>
<pin id="1607" dir="0" index="72" bw="32" slack="1"/>
<pin id="1608" dir="0" index="73" bw="6" slack="0"/>
<pin id="1609" dir="0" index="74" bw="32" slack="1"/>
<pin id="1610" dir="0" index="75" bw="6" slack="0"/>
<pin id="1611" dir="0" index="76" bw="32" slack="1"/>
<pin id="1612" dir="0" index="77" bw="6" slack="0"/>
<pin id="1613" dir="0" index="78" bw="32" slack="1"/>
<pin id="1614" dir="0" index="79" bw="6" slack="0"/>
<pin id="1615" dir="0" index="80" bw="32" slack="1"/>
<pin id="1616" dir="0" index="81" bw="6" slack="0"/>
<pin id="1617" dir="0" index="82" bw="32" slack="1"/>
<pin id="1618" dir="0" index="83" bw="6" slack="0"/>
<pin id="1619" dir="0" index="84" bw="32" slack="1"/>
<pin id="1620" dir="0" index="85" bw="6" slack="0"/>
<pin id="1621" dir="0" index="86" bw="32" slack="1"/>
<pin id="1622" dir="0" index="87" bw="6" slack="0"/>
<pin id="1623" dir="0" index="88" bw="32" slack="1"/>
<pin id="1624" dir="0" index="89" bw="6" slack="0"/>
<pin id="1625" dir="0" index="90" bw="32" slack="1"/>
<pin id="1626" dir="0" index="91" bw="6" slack="0"/>
<pin id="1627" dir="0" index="92" bw="32" slack="1"/>
<pin id="1628" dir="0" index="93" bw="6" slack="0"/>
<pin id="1629" dir="0" index="94" bw="32" slack="1"/>
<pin id="1630" dir="0" index="95" bw="6" slack="0"/>
<pin id="1631" dir="0" index="96" bw="32" slack="1"/>
<pin id="1632" dir="0" index="97" bw="6" slack="0"/>
<pin id="1633" dir="0" index="98" bw="32" slack="1"/>
<pin id="1634" dir="0" index="99" bw="6" slack="0"/>
<pin id="1635" dir="0" index="100" bw="32" slack="1"/>
<pin id="1636" dir="0" index="101" bw="6" slack="0"/>
<pin id="1637" dir="0" index="102" bw="32" slack="1"/>
<pin id="1638" dir="0" index="103" bw="6" slack="0"/>
<pin id="1639" dir="0" index="104" bw="32" slack="1"/>
<pin id="1640" dir="0" index="105" bw="6" slack="0"/>
<pin id="1641" dir="0" index="106" bw="32" slack="1"/>
<pin id="1642" dir="0" index="107" bw="6" slack="0"/>
<pin id="1643" dir="0" index="108" bw="32" slack="1"/>
<pin id="1644" dir="0" index="109" bw="6" slack="0"/>
<pin id="1645" dir="0" index="110" bw="32" slack="1"/>
<pin id="1646" dir="0" index="111" bw="6" slack="0"/>
<pin id="1647" dir="0" index="112" bw="32" slack="1"/>
<pin id="1648" dir="0" index="113" bw="6" slack="0"/>
<pin id="1649" dir="0" index="114" bw="32" slack="1"/>
<pin id="1650" dir="0" index="115" bw="6" slack="0"/>
<pin id="1651" dir="0" index="116" bw="32" slack="1"/>
<pin id="1652" dir="0" index="117" bw="6" slack="0"/>
<pin id="1653" dir="0" index="118" bw="32" slack="1"/>
<pin id="1654" dir="0" index="119" bw="6" slack="0"/>
<pin id="1655" dir="0" index="120" bw="32" slack="1"/>
<pin id="1656" dir="0" index="121" bw="6" slack="0"/>
<pin id="1657" dir="0" index="122" bw="32" slack="1"/>
<pin id="1658" dir="0" index="123" bw="6" slack="0"/>
<pin id="1659" dir="0" index="124" bw="32" slack="1"/>
<pin id="1660" dir="0" index="125" bw="6" slack="0"/>
<pin id="1661" dir="0" index="126" bw="32" slack="1"/>
<pin id="1662" dir="0" index="127" bw="6" slack="0"/>
<pin id="1663" dir="0" index="128" bw="32" slack="1"/>
<pin id="1664" dir="0" index="129" bw="32" slack="0"/>
<pin id="1665" dir="0" index="130" bw="6" slack="0"/>
<pin id="1666" dir="1" index="131" bw="32" slack="1"/>
</pin_list>
<bind>
<opcode="sparsemux(1197) " fcode="sparsemux"/>
<opset="tmp/2 "/>
</bind>
</comp>

<comp id="1734" class="1004" name="lshr_ln_fu_1734">
<pin_list>
<pin id="1735" dir="0" index="0" bw="3" slack="0"/>
<pin id="1736" dir="0" index="1" bw="7" slack="0"/>
<pin id="1737" dir="0" index="2" bw="4" slack="0"/>
<pin id="1738" dir="0" index="3" bw="4" slack="0"/>
<pin id="1739" dir="1" index="4" bw="3" slack="5"/>
</pin_list>
<bind>
<opcode="partselect(1002) " fcode="partselect"/>
<opset="lshr_ln/2 "/>
</bind>
</comp>

<comp id="1744" class="1004" name="add_ln197_fu_1744">
<pin_list>
<pin id="1745" dir="0" index="0" bw="7" slack="0"/>
<pin id="1746" dir="0" index="1" bw="6" slack="0"/>
<pin id="1747" dir="1" index="2" bw="8" slack="0"/>
</pin_list>
<bind>
<opcode="add(8) " fcode="add"/>
<opset="add_ln197/2 "/>
</bind>
</comp>

<comp id="1750" class="1004" name="store_ln193_store_fu_1750">
<pin_list>
<pin id="1751" dir="0" index="0" bw="34" slack="0"/>
<pin id="1752" dir="0" index="1" bw="34" slack="1"/>
<pin id="1753" dir="1" index="2" bw="0" slack="2147483647"/>
</pin_list>
<bind>
<opcode="store(28) " fcode="store"/>
<opset="store_ln193/2 "/>
</bind>
</comp>

<comp id="1755" class="1004" name="store_ln193_store_fu_1755">
<pin_list>
<pin id="1756" dir="0" index="0" bw="31" slack="0"/>
<pin id="1757" dir="0" index="1" bw="31" slack="1"/>
<pin id="1758" dir="1" index="2" bw="0" slack="2147483647"/>
</pin_list>
<bind>
<opcode="store(28) " fcode="store"/>
<opset="store_ln193/2 "/>
</bind>
</comp>

<comp id="1760" class="1004" name="store_ln197_store_fu_1760">
<pin_list>
<pin id="1761" dir="0" index="0" bw="8" slack="0"/>
<pin id="1762" dir="0" index="1" bw="8" slack="1"/>
<pin id="1763" dir="1" index="2" bw="0" slack="2147483647"/>
</pin_list>
<bind>
<opcode="store(28) " fcode="store"/>
<opset="store_ln197/2 "/>
</bind>
</comp>

<comp id="1765" class="1004" name="muxLogicI0_to_inv_l_fu_1765">
<pin_list>
<pin id="1766" dir="0" index="0" bw="32" slack="0"/>
<pin id="1767" dir="1" index="1" bw="32" slack="2147483647"/>
</pin_list>
<bind>
<opcode="muxlogic(592) " fcode="muxlogic"/>
<opset="muxLogicI0_to_inv_l/3 "/>
</bind>
</comp>

<comp id="1769" class="1004" name="muxLogicI1_to_inv_l_fu_1769">
<pin_list>
<pin id="1770" dir="0" index="0" bw="32" slack="1"/>
<pin id="1771" dir="1" index="1" bw="32" slack="2147483647"/>
</pin_list>
<bind>
<opcode="muxlogic(592) " fcode="muxlogic"/>
<opset="muxLogicI1_to_inv_l/3 "/>
</bind>
</comp>

<comp id="1772" class="1004" name="tmp_24_fu_1772">
<pin_list>
<pin id="1773" dir="0" index="0" bw="9" slack="0"/>
<pin id="1774" dir="0" index="1" bw="6" slack="5"/>
<pin id="1775" dir="0" index="2" bw="3" slack="5"/>
<pin id="1776" dir="1" index="3" bw="9" slack="0"/>
</pin_list>
<bind>
<opcode="bitconcatenate(1004) " fcode="bitconcatenate"/>
<opset="tmp_24/7 "/>
</bind>
</comp>

<comp id="1778" class="1004" name="zext_ln200_fu_1778">
<pin_list>
<pin id="1779" dir="0" index="0" bw="9" slack="0"/>
<pin id="1780" dir="1" index="1" bw="64" slack="0"/>
</pin_list>
<bind>
<opcode="zext(34) " fcode="zext"/>
<opset="zext_ln200/7 "/>
</bind>
</comp>

<comp id="1798" class="1004" name="muxLogicRAMAddr_to_O_fp32_0_load_fu_1798">
<pin_list>
<pin id="1799" dir="0" index="0" bw="9" slack="0"/>
<pin id="1800" dir="1" index="1" bw="32" slack="2147483647"/>
</pin_list>
<bind>
<opcode="muxlogic(592) " fcode="muxlogic"/>
<opset="muxLogicRAMAddr_to_O_fp32_0_load/7 "/>
</bind>
</comp>

<comp id="1802" class="1004" name="muxLogicRAMAddr_to_O_fp32_1_load_fu_1802">
<pin_list>
<pin id="1803" dir="0" index="0" bw="9" slack="0"/>
<pin id="1804" dir="1" index="1" bw="32" slack="2147483647"/>
</pin_list>
<bind>
<opcode="muxlogic(592) " fcode="muxlogic"/>
<opset="muxLogicRAMAddr_to_O_fp32_1_load/7 "/>
</bind>
</comp>

<comp id="1806" class="1004" name="muxLogicRAMAddr_to_O_fp32_2_load_fu_1806">
<pin_list>
<pin id="1807" dir="0" index="0" bw="9" slack="0"/>
<pin id="1808" dir="1" index="1" bw="32" slack="2147483647"/>
</pin_list>
<bind>
<opcode="muxlogic(592) " fcode="muxlogic"/>
<opset="muxLogicRAMAddr_to_O_fp32_2_load/7 "/>
</bind>
</comp>

<comp id="1810" class="1004" name="muxLogicRAMAddr_to_O_fp32_3_load_fu_1810">
<pin_list>
<pin id="1811" dir="0" index="0" bw="9" slack="0"/>
<pin id="1812" dir="1" index="1" bw="32" slack="2147483647"/>
</pin_list>
<bind>
<opcode="muxlogic(592) " fcode="muxlogic"/>
<opset="muxLogicRAMAddr_to_O_fp32_3_load/7 "/>
</bind>
</comp>

<comp id="1814" class="1004" name="muxLogicRAMAddr_to_O_fp32_4_load_fu_1814">
<pin_list>
<pin id="1815" dir="0" index="0" bw="9" slack="0"/>
<pin id="1816" dir="1" index="1" bw="32" slack="2147483647"/>
</pin_list>
<bind>
<opcode="muxlogic(592) " fcode="muxlogic"/>
<opset="muxLogicRAMAddr_to_O_fp32_4_load/7 "/>
</bind>
</comp>

<comp id="1818" class="1004" name="muxLogicRAMAddr_to_O_fp32_5_load_fu_1818">
<pin_list>
<pin id="1819" dir="0" index="0" bw="9" slack="0"/>
<pin id="1820" dir="1" index="1" bw="32" slack="2147483647"/>
</pin_list>
<bind>
<opcode="muxlogic(592) " fcode="muxlogic"/>
<opset="muxLogicRAMAddr_to_O_fp32_5_load/7 "/>
</bind>
</comp>

<comp id="1822" class="1004" name="muxLogicRAMAddr_to_O_fp32_6_load_fu_1822">
<pin_list>
<pin id="1823" dir="0" index="0" bw="9" slack="0"/>
<pin id="1824" dir="1" index="1" bw="32" slack="2147483647"/>
</pin_list>
<bind>
<opcode="muxlogic(592) " fcode="muxlogic"/>
<opset="muxLogicRAMAddr_to_O_fp32_6_load/7 "/>
</bind>
</comp>

<comp id="1826" class="1004" name="muxLogicRAMAddr_to_O_fp32_7_load_fu_1826">
<pin_list>
<pin id="1827" dir="0" index="0" bw="9" slack="0"/>
<pin id="1828" dir="1" index="1" bw="32" slack="2147483647"/>
</pin_list>
<bind>
<opcode="muxlogic(592) " fcode="muxlogic"/>
<opset="muxLogicRAMAddr_to_O_fp32_7_load/7 "/>
</bind>
</comp>

<comp id="1830" class="1004" name="muxLogicRAMAddr_to_O_fp32_8_load_fu_1830">
<pin_list>
<pin id="1831" dir="0" index="0" bw="9" slack="0"/>
<pin id="1832" dir="1" index="1" bw="32" slack="2147483647"/>
</pin_list>
<bind>
<opcode="muxlogic(592) " fcode="muxlogic"/>
<opset="muxLogicRAMAddr_to_O_fp32_8_load/7 "/>
</bind>
</comp>

<comp id="1834" class="1004" name="muxLogicRAMAddr_to_O_fp32_9_load_fu_1834">
<pin_list>
<pin id="1835" dir="0" index="0" bw="9" slack="0"/>
<pin id="1836" dir="1" index="1" bw="32" slack="2147483647"/>
</pin_list>
<bind>
<opcode="muxlogic(592) " fcode="muxlogic"/>
<opset="muxLogicRAMAddr_to_O_fp32_9_load/7 "/>
</bind>
</comp>

<comp id="1838" class="1004" name="muxLogicRAMAddr_to_O_fp32_10_load_fu_1838">
<pin_list>
<pin id="1839" dir="0" index="0" bw="9" slack="0"/>
<pin id="1840" dir="1" index="1" bw="32" slack="2147483647"/>
</pin_list>
<bind>
<opcode="muxlogic(592) " fcode="muxlogic"/>
<opset="muxLogicRAMAddr_to_O_fp32_10_load/7 "/>
</bind>
</comp>

<comp id="1842" class="1004" name="muxLogicRAMAddr_to_O_fp32_11_load_fu_1842">
<pin_list>
<pin id="1843" dir="0" index="0" bw="9" slack="0"/>
<pin id="1844" dir="1" index="1" bw="32" slack="2147483647"/>
</pin_list>
<bind>
<opcode="muxlogic(592) " fcode="muxlogic"/>
<opset="muxLogicRAMAddr_to_O_fp32_11_load/7 "/>
</bind>
</comp>

<comp id="1846" class="1004" name="muxLogicRAMAddr_to_O_fp32_12_load_fu_1846">
<pin_list>
<pin id="1847" dir="0" index="0" bw="9" slack="0"/>
<pin id="1848" dir="1" index="1" bw="32" slack="2147483647"/>
</pin_list>
<bind>
<opcode="muxlogic(592) " fcode="muxlogic"/>
<opset="muxLogicRAMAddr_to_O_fp32_12_load/7 "/>
</bind>
</comp>

<comp id="1850" class="1004" name="muxLogicRAMAddr_to_O_fp32_13_load_fu_1850">
<pin_list>
<pin id="1851" dir="0" index="0" bw="9" slack="0"/>
<pin id="1852" dir="1" index="1" bw="32" slack="2147483647"/>
</pin_list>
<bind>
<opcode="muxlogic(592) " fcode="muxlogic"/>
<opset="muxLogicRAMAddr_to_O_fp32_13_load/7 "/>
</bind>
</comp>

<comp id="1854" class="1004" name="muxLogicRAMAddr_to_O_fp32_14_load_fu_1854">
<pin_list>
<pin id="1855" dir="0" index="0" bw="9" slack="0"/>
<pin id="1856" dir="1" index="1" bw="32" slack="2147483647"/>
</pin_list>
<bind>
<opcode="muxlogic(592) " fcode="muxlogic"/>
<opset="muxLogicRAMAddr_to_O_fp32_14_load/7 "/>
</bind>
</comp>

<comp id="1858" class="1004" name="muxLogicRAMAddr_to_O_fp32_15_load_fu_1858">
<pin_list>
<pin id="1859" dir="0" index="0" bw="9" slack="0"/>
<pin id="1860" dir="1" index="1" bw="32" slack="2147483647"/>
</pin_list>
<bind>
<opcode="muxlogic(592) " fcode="muxlogic"/>
<opset="muxLogicRAMAddr_to_O_fp32_15_load/7 "/>
</bind>
</comp>

<comp id="1862" class="1004" name="muxLogicI0_to_mul_fu_1862">
<pin_list>
<pin id="1863" dir="0" index="0" bw="32" slack="0"/>
<pin id="1864" dir="1" index="1" bw="32" slack="2147483647"/>
</pin_list>
<bind>
<opcode="muxlogic(592) " fcode="muxlogic"/>
<opset="muxLogicI0_to_mul/8 "/>
</bind>
</comp>

<comp id="1866" class="1004" name="muxLogicI1_to_mul_fu_1866">
<pin_list>
<pin id="1867" dir="0" index="0" bw="32" slack="0"/>
<pin id="1868" dir="1" index="1" bw="32" slack="2147483647"/>
</pin_list>
<bind>
<opcode="muxlogic(592) " fcode="muxlogic"/>
<opset="muxLogicI1_to_mul/8 "/>
</bind>
</comp>

<comp id="1870" class="1004" name="muxLogicI0_to_conv_fu_1870">
<pin_list>
<pin id="1871" dir="0" index="0" bw="32" slack="0"/>
<pin id="1872" dir="1" index="1" bw="16" slack="2147483647"/>
</pin_list>
<bind>
<opcode="muxlogic(592) " fcode="muxlogic"/>
<opset="muxLogicI0_to_conv/8 "/>
</bind>
</comp>

<comp id="1874" class="1004" name="muxLogicI0_to_mul_1_fu_1874">
<pin_list>
<pin id="1875" dir="0" index="0" bw="32" slack="0"/>
<pin id="1876" dir="1" index="1" bw="32" slack="2147483647"/>
</pin_list>
<bind>
<opcode="muxlogic(592) " fcode="muxlogic"/>
<opset="muxLogicI0_to_mul_1/8 "/>
</bind>
</comp>

<comp id="1878" class="1004" name="muxLogicI1_to_mul_1_fu_1878">
<pin_list>
<pin id="1879" dir="0" index="0" bw="32" slack="0"/>
<pin id="1880" dir="1" index="1" bw="32" slack="2147483647"/>
</pin_list>
<bind>
<opcode="muxlogic(592) " fcode="muxlogic"/>
<opset="muxLogicI1_to_mul_1/8 "/>
</bind>
</comp>

<comp id="1882" class="1004" name="muxLogicI0_to_conv_1_fu_1882">
<pin_list>
<pin id="1883" dir="0" index="0" bw="32" slack="0"/>
<pin id="1884" dir="1" index="1" bw="16" slack="2147483647"/>
</pin_list>
<bind>
<opcode="muxlogic(592) " fcode="muxlogic"/>
<opset="muxLogicI0_to_conv_1/8 "/>
</bind>
</comp>

<comp id="1886" class="1004" name="muxLogicI0_to_mul_2_fu_1886">
<pin_list>
<pin id="1887" dir="0" index="0" bw="32" slack="0"/>
<pin id="1888" dir="1" index="1" bw="32" slack="2147483647"/>
</pin_list>
<bind>
<opcode="muxlogic(592) " fcode="muxlogic"/>
<opset="muxLogicI0_to_mul_2/8 "/>
</bind>
</comp>

<comp id="1890" class="1004" name="muxLogicI1_to_mul_2_fu_1890">
<pin_list>
<pin id="1891" dir="0" index="0" bw="32" slack="0"/>
<pin id="1892" dir="1" index="1" bw="32" slack="2147483647"/>
</pin_list>
<bind>
<opcode="muxlogic(592) " fcode="muxlogic"/>
<opset="muxLogicI1_to_mul_2/8 "/>
</bind>
</comp>

<comp id="1894" class="1004" name="muxLogicI0_to_conv_2_fu_1894">
<pin_list>
<pin id="1895" dir="0" index="0" bw="32" slack="0"/>
<pin id="1896" dir="1" index="1" bw="16" slack="2147483647"/>
</pin_list>
<bind>
<opcode="muxlogic(592) " fcode="muxlogic"/>
<opset="muxLogicI0_to_conv_2/8 "/>
</bind>
</comp>

<comp id="1898" class="1004" name="muxLogicI0_to_mul_3_fu_1898">
<pin_list>
<pin id="1899" dir="0" index="0" bw="32" slack="0"/>
<pin id="1900" dir="1" index="1" bw="32" slack="2147483647"/>
</pin_list>
<bind>
<opcode="muxlogic(592) " fcode="muxlogic"/>
<opset="muxLogicI0_to_mul_3/8 "/>
</bind>
</comp>

<comp id="1902" class="1004" name="muxLogicI1_to_mul_3_fu_1902">
<pin_list>
<pin id="1903" dir="0" index="0" bw="32" slack="0"/>
<pin id="1904" dir="1" index="1" bw="32" slack="2147483647"/>
</pin_list>
<bind>
<opcode="muxlogic(592) " fcode="muxlogic"/>
<opset="muxLogicI1_to_mul_3/8 "/>
</bind>
</comp>

<comp id="1906" class="1004" name="muxLogicI0_to_conv_3_fu_1906">
<pin_list>
<pin id="1907" dir="0" index="0" bw="32" slack="0"/>
<pin id="1908" dir="1" index="1" bw="16" slack="2147483647"/>
</pin_list>
<bind>
<opcode="muxlogic(592) " fcode="muxlogic"/>
<opset="muxLogicI0_to_conv_3/8 "/>
</bind>
</comp>

<comp id="1910" class="1004" name="muxLogicI0_to_mul_4_fu_1910">
<pin_list>
<pin id="1911" dir="0" index="0" bw="32" slack="0"/>
<pin id="1912" dir="1" index="1" bw="32" slack="2147483647"/>
</pin_list>
<bind>
<opcode="muxlogic(592) " fcode="muxlogic"/>
<opset="muxLogicI0_to_mul_4/8 "/>
</bind>
</comp>

<comp id="1914" class="1004" name="muxLogicI1_to_mul_4_fu_1914">
<pin_list>
<pin id="1915" dir="0" index="0" bw="32" slack="0"/>
<pin id="1916" dir="1" index="1" bw="32" slack="2147483647"/>
</pin_list>
<bind>
<opcode="muxlogic(592) " fcode="muxlogic"/>
<opset="muxLogicI1_to_mul_4/8 "/>
</bind>
</comp>

<comp id="1918" class="1004" name="muxLogicI0_to_conv_4_fu_1918">
<pin_list>
<pin id="1919" dir="0" index="0" bw="32" slack="0"/>
<pin id="1920" dir="1" index="1" bw="16" slack="2147483647"/>
</pin_list>
<bind>
<opcode="muxlogic(592) " fcode="muxlogic"/>
<opset="muxLogicI0_to_conv_4/8 "/>
</bind>
</comp>

<comp id="1922" class="1004" name="muxLogicI0_to_mul_5_fu_1922">
<pin_list>
<pin id="1923" dir="0" index="0" bw="32" slack="0"/>
<pin id="1924" dir="1" index="1" bw="32" slack="2147483647"/>
</pin_list>
<bind>
<opcode="muxlogic(592) " fcode="muxlogic"/>
<opset="muxLogicI0_to_mul_5/8 "/>
</bind>
</comp>

<comp id="1926" class="1004" name="muxLogicI1_to_mul_5_fu_1926">
<pin_list>
<pin id="1927" dir="0" index="0" bw="32" slack="0"/>
<pin id="1928" dir="1" index="1" bw="32" slack="2147483647"/>
</pin_list>
<bind>
<opcode="muxlogic(592) " fcode="muxlogic"/>
<opset="muxLogicI1_to_mul_5/8 "/>
</bind>
</comp>

<comp id="1930" class="1004" name="muxLogicI0_to_conv_5_fu_1930">
<pin_list>
<pin id="1931" dir="0" index="0" bw="32" slack="0"/>
<pin id="1932" dir="1" index="1" bw="16" slack="2147483647"/>
</pin_list>
<bind>
<opcode="muxlogic(592) " fcode="muxlogic"/>
<opset="muxLogicI0_to_conv_5/8 "/>
</bind>
</comp>

<comp id="1934" class="1004" name="muxLogicI0_to_mul_6_fu_1934">
<pin_list>
<pin id="1935" dir="0" index="0" bw="32" slack="0"/>
<pin id="1936" dir="1" index="1" bw="32" slack="2147483647"/>
</pin_list>
<bind>
<opcode="muxlogic(592) " fcode="muxlogic"/>
<opset="muxLogicI0_to_mul_6/8 "/>
</bind>
</comp>

<comp id="1938" class="1004" name="muxLogicI1_to_mul_6_fu_1938">
<pin_list>
<pin id="1939" dir="0" index="0" bw="32" slack="0"/>
<pin id="1940" dir="1" index="1" bw="32" slack="2147483647"/>
</pin_list>
<bind>
<opcode="muxlogic(592) " fcode="muxlogic"/>
<opset="muxLogicI1_to_mul_6/8 "/>
</bind>
</comp>

<comp id="1942" class="1004" name="muxLogicI0_to_conv_6_fu_1942">
<pin_list>
<pin id="1943" dir="0" index="0" bw="32" slack="0"/>
<pin id="1944" dir="1" index="1" bw="16" slack="2147483647"/>
</pin_list>
<bind>
<opcode="muxlogic(592) " fcode="muxlogic"/>
<opset="muxLogicI0_to_conv_6/8 "/>
</bind>
</comp>

<comp id="1946" class="1004" name="muxLogicI0_to_mul_7_fu_1946">
<pin_list>
<pin id="1947" dir="0" index="0" bw="32" slack="0"/>
<pin id="1948" dir="1" index="1" bw="32" slack="2147483647"/>
</pin_list>
<bind>
<opcode="muxlogic(592) " fcode="muxlogic"/>
<opset="muxLogicI0_to_mul_7/8 "/>
</bind>
</comp>

<comp id="1950" class="1004" name="muxLogicI1_to_mul_7_fu_1950">
<pin_list>
<pin id="1951" dir="0" index="0" bw="32" slack="0"/>
<pin id="1952" dir="1" index="1" bw="32" slack="2147483647"/>
</pin_list>
<bind>
<opcode="muxlogic(592) " fcode="muxlogic"/>
<opset="muxLogicI1_to_mul_7/8 "/>
</bind>
</comp>

<comp id="1954" class="1004" name="muxLogicI0_to_conv_7_fu_1954">
<pin_list>
<pin id="1955" dir="0" index="0" bw="32" slack="0"/>
<pin id="1956" dir="1" index="1" bw="16" slack="2147483647"/>
</pin_list>
<bind>
<opcode="muxlogic(592) " fcode="muxlogic"/>
<opset="muxLogicI0_to_conv_7/8 "/>
</bind>
</comp>

<comp id="1958" class="1004" name="muxLogicI0_to_mul_8_fu_1958">
<pin_list>
<pin id="1959" dir="0" index="0" bw="32" slack="0"/>
<pin id="1960" dir="1" index="1" bw="32" slack="2147483647"/>
</pin_list>
<bind>
<opcode="muxlogic(592) " fcode="muxlogic"/>
<opset="muxLogicI0_to_mul_8/8 "/>
</bind>
</comp>

<comp id="1962" class="1004" name="muxLogicI1_to_mul_8_fu_1962">
<pin_list>
<pin id="1963" dir="0" index="0" bw="32" slack="0"/>
<pin id="1964" dir="1" index="1" bw="32" slack="2147483647"/>
</pin_list>
<bind>
<opcode="muxlogic(592) " fcode="muxlogic"/>
<opset="muxLogicI1_to_mul_8/8 "/>
</bind>
</comp>

<comp id="1966" class="1004" name="muxLogicI0_to_conv_8_fu_1966">
<pin_list>
<pin id="1967" dir="0" index="0" bw="32" slack="0"/>
<pin id="1968" dir="1" index="1" bw="16" slack="2147483647"/>
</pin_list>
<bind>
<opcode="muxlogic(592) " fcode="muxlogic"/>
<opset="muxLogicI0_to_conv_8/8 "/>
</bind>
</comp>

<comp id="1970" class="1004" name="muxLogicI0_to_mul_9_fu_1970">
<pin_list>
<pin id="1971" dir="0" index="0" bw="32" slack="0"/>
<pin id="1972" dir="1" index="1" bw="32" slack="2147483647"/>
</pin_list>
<bind>
<opcode="muxlogic(592) " fcode="muxlogic"/>
<opset="muxLogicI0_to_mul_9/8 "/>
</bind>
</comp>

<comp id="1974" class="1004" name="muxLogicI1_to_mul_9_fu_1974">
<pin_list>
<pin id="1975" dir="0" index="0" bw="32" slack="0"/>
<pin id="1976" dir="1" index="1" bw="32" slack="2147483647"/>
</pin_list>
<bind>
<opcode="muxlogic(592) " fcode="muxlogic"/>
<opset="muxLogicI1_to_mul_9/8 "/>
</bind>
</comp>

<comp id="1978" class="1004" name="muxLogicI0_to_conv_9_fu_1978">
<pin_list>
<pin id="1979" dir="0" index="0" bw="32" slack="0"/>
<pin id="1980" dir="1" index="1" bw="16" slack="2147483647"/>
</pin_list>
<bind>
<opcode="muxlogic(592) " fcode="muxlogic"/>
<opset="muxLogicI0_to_conv_9/8 "/>
</bind>
</comp>

<comp id="1982" class="1004" name="muxLogicI0_to_mul_s_fu_1982">
<pin_list>
<pin id="1983" dir="0" index="0" bw="32" slack="0"/>
<pin id="1984" dir="1" index="1" bw="32" slack="2147483647"/>
</pin_list>
<bind>
<opcode="muxlogic(592) " fcode="muxlogic"/>
<opset="muxLogicI0_to_mul_s/8 "/>
</bind>
</comp>

<comp id="1986" class="1004" name="muxLogicI1_to_mul_s_fu_1986">
<pin_list>
<pin id="1987" dir="0" index="0" bw="32" slack="0"/>
<pin id="1988" dir="1" index="1" bw="32" slack="2147483647"/>
</pin_list>
<bind>
<opcode="muxlogic(592) " fcode="muxlogic"/>
<opset="muxLogicI1_to_mul_s/8 "/>
</bind>
</comp>

<comp id="1990" class="1004" name="muxLogicI0_to_conv_s_fu_1990">
<pin_list>
<pin id="1991" dir="0" index="0" bw="32" slack="0"/>
<pin id="1992" dir="1" index="1" bw="16" slack="2147483647"/>
</pin_list>
<bind>
<opcode="muxlogic(592) " fcode="muxlogic"/>
<opset="muxLogicI0_to_conv_s/8 "/>
</bind>
</comp>

<comp id="1994" class="1004" name="muxLogicI0_to_mul_10_fu_1994">
<pin_list>
<pin id="1995" dir="0" index="0" bw="32" slack="0"/>
<pin id="1996" dir="1" index="1" bw="32" slack="2147483647"/>
</pin_list>
<bind>
<opcode="muxlogic(592) " fcode="muxlogic"/>
<opset="muxLogicI0_to_mul_10/8 "/>
</bind>
</comp>

<comp id="1998" class="1004" name="muxLogicI1_to_mul_10_fu_1998">
<pin_list>
<pin id="1999" dir="0" index="0" bw="32" slack="0"/>
<pin id="2000" dir="1" index="1" bw="32" slack="2147483647"/>
</pin_list>
<bind>
<opcode="muxlogic(592) " fcode="muxlogic"/>
<opset="muxLogicI1_to_mul_10/8 "/>
</bind>
</comp>

<comp id="2002" class="1004" name="muxLogicI0_to_conv_10_fu_2002">
<pin_list>
<pin id="2003" dir="0" index="0" bw="32" slack="0"/>
<pin id="2004" dir="1" index="1" bw="16" slack="2147483647"/>
</pin_list>
<bind>
<opcode="muxlogic(592) " fcode="muxlogic"/>
<opset="muxLogicI0_to_conv_10/8 "/>
</bind>
</comp>

<comp id="2006" class="1004" name="muxLogicI0_to_mul_11_fu_2006">
<pin_list>
<pin id="2007" dir="0" index="0" bw="32" slack="0"/>
<pin id="2008" dir="1" index="1" bw="32" slack="2147483647"/>
</pin_list>
<bind>
<opcode="muxlogic(592) " fcode="muxlogic"/>
<opset="muxLogicI0_to_mul_11/8 "/>
</bind>
</comp>

<comp id="2010" class="1004" name="muxLogicI1_to_mul_11_fu_2010">
<pin_list>
<pin id="2011" dir="0" index="0" bw="32" slack="0"/>
<pin id="2012" dir="1" index="1" bw="32" slack="2147483647"/>
</pin_list>
<bind>
<opcode="muxlogic(592) " fcode="muxlogic"/>
<opset="muxLogicI1_to_mul_11/8 "/>
</bind>
</comp>

<comp id="2014" class="1004" name="muxLogicI0_to_conv_11_fu_2014">
<pin_list>
<pin id="2015" dir="0" index="0" bw="32" slack="0"/>
<pin id="2016" dir="1" index="1" bw="16" slack="2147483647"/>
</pin_list>
<bind>
<opcode="muxlogic(592) " fcode="muxlogic"/>
<opset="muxLogicI0_to_conv_11/8 "/>
</bind>
</comp>

<comp id="2018" class="1004" name="muxLogicI0_to_mul_12_fu_2018">
<pin_list>
<pin id="2019" dir="0" index="0" bw="32" slack="0"/>
<pin id="2020" dir="1" index="1" bw="32" slack="2147483647"/>
</pin_list>
<bind>
<opcode="muxlogic(592) " fcode="muxlogic"/>
<opset="muxLogicI0_to_mul_12/8 "/>
</bind>
</comp>

<comp id="2022" class="1004" name="muxLogicI1_to_mul_12_fu_2022">
<pin_list>
<pin id="2023" dir="0" index="0" bw="32" slack="0"/>
<pin id="2024" dir="1" index="1" bw="32" slack="2147483647"/>
</pin_list>
<bind>
<opcode="muxlogic(592) " fcode="muxlogic"/>
<opset="muxLogicI1_to_mul_12/8 "/>
</bind>
</comp>

<comp id="2026" class="1004" name="muxLogicI0_to_conv_12_fu_2026">
<pin_list>
<pin id="2027" dir="0" index="0" bw="32" slack="0"/>
<pin id="2028" dir="1" index="1" bw="16" slack="2147483647"/>
</pin_list>
<bind>
<opcode="muxlogic(592) " fcode="muxlogic"/>
<opset="muxLogicI0_to_conv_12/8 "/>
</bind>
</comp>

<comp id="2030" class="1004" name="muxLogicI0_to_mul_13_fu_2030">
<pin_list>
<pin id="2031" dir="0" index="0" bw="32" slack="0"/>
<pin id="2032" dir="1" index="1" bw="32" slack="2147483647"/>
</pin_list>
<bind>
<opcode="muxlogic(592) " fcode="muxlogic"/>
<opset="muxLogicI0_to_mul_13/8 "/>
</bind>
</comp>

<comp id="2034" class="1004" name="muxLogicI1_to_mul_13_fu_2034">
<pin_list>
<pin id="2035" dir="0" index="0" bw="32" slack="0"/>
<pin id="2036" dir="1" index="1" bw="32" slack="2147483647"/>
</pin_list>
<bind>
<opcode="muxlogic(592) " fcode="muxlogic"/>
<opset="muxLogicI1_to_mul_13/8 "/>
</bind>
</comp>

<comp id="2038" class="1004" name="muxLogicI0_to_conv_13_fu_2038">
<pin_list>
<pin id="2039" dir="0" index="0" bw="32" slack="0"/>
<pin id="2040" dir="1" index="1" bw="16" slack="2147483647"/>
</pin_list>
<bind>
<opcode="muxlogic(592) " fcode="muxlogic"/>
<opset="muxLogicI0_to_conv_13/8 "/>
</bind>
</comp>

<comp id="2042" class="1004" name="muxLogicI0_to_mul_14_fu_2042">
<pin_list>
<pin id="2043" dir="0" index="0" bw="32" slack="0"/>
<pin id="2044" dir="1" index="1" bw="32" slack="2147483647"/>
</pin_list>
<bind>
<opcode="muxlogic(592) " fcode="muxlogic"/>
<opset="muxLogicI0_to_mul_14/8 "/>
</bind>
</comp>

<comp id="2046" class="1004" name="muxLogicI1_to_mul_14_fu_2046">
<pin_list>
<pin id="2047" dir="0" index="0" bw="32" slack="0"/>
<pin id="2048" dir="1" index="1" bw="32" slack="2147483647"/>
</pin_list>
<bind>
<opcode="muxlogic(592) " fcode="muxlogic"/>
<opset="muxLogicI1_to_mul_14/8 "/>
</bind>
</comp>

<comp id="2050" class="1004" name="muxLogicI0_to_conv_14_fu_2050">
<pin_list>
<pin id="2051" dir="0" index="0" bw="32" slack="0"/>
<pin id="2052" dir="1" index="1" bw="16" slack="2147483647"/>
</pin_list>
<bind>
<opcode="muxlogic(592) " fcode="muxlogic"/>
<opset="muxLogicI0_to_conv_14/8 "/>
</bind>
</comp>

<comp id="2054" class="1004" name="muxLogicRAMData_to_store_ln200_fu_2054">
<pin_list>
<pin id="2055" dir="0" index="0" bw="16" slack="1"/>
<pin id="2056" dir="1" index="1" bw="0" slack="2147483647"/>
</pin_list>
<bind>
<opcode="muxlogic(592) " fcode="muxlogic"/>
<opset="muxLogicRAMData_to_store_ln200/9 "/>
</bind>
</comp>

<comp id="2057" class="1004" name="muxLogicRAMAddr_to_store_ln200_fu_2057">
<pin_list>
<pin id="2058" dir="0" index="0" bw="9" slack="0"/>
<pin id="2059" dir="1" index="1" bw="0" slack="2147483647"/>
</pin_list>
<bind>
<opcode="muxlogic(592) " fcode="muxlogic"/>
<opset="muxLogicRAMAddr_to_store_ln200/9 "/>
</bind>
</comp>

<comp id="2061" class="1004" name="muxLogicRAMData_to_store_ln200_fu_2061">
<pin_list>
<pin id="2062" dir="0" index="0" bw="16" slack="1"/>
<pin id="2063" dir="1" index="1" bw="0" slack="2147483647"/>
</pin_list>
<bind>
<opcode="muxlogic(592) " fcode="muxlogic"/>
<opset="muxLogicRAMData_to_store_ln200/9 "/>
</bind>
</comp>

<comp id="2064" class="1004" name="muxLogicRAMAddr_to_store_ln200_fu_2064">
<pin_list>
<pin id="2065" dir="0" index="0" bw="9" slack="0"/>
<pin id="2066" dir="1" index="1" bw="0" slack="2147483647"/>
</pin_list>
<bind>
<opcode="muxlogic(592) " fcode="muxlogic"/>
<opset="muxLogicRAMAddr_to_store_ln200/9 "/>
</bind>
</comp>

<comp id="2068" class="1004" name="muxLogicRAMData_to_store_ln200_fu_2068">
<pin_list>
<pin id="2069" dir="0" index="0" bw="16" slack="1"/>
<pin id="2070" dir="1" index="1" bw="0" slack="2147483647"/>
</pin_list>
<bind>
<opcode="muxlogic(592) " fcode="muxlogic"/>
<opset="muxLogicRAMData_to_store_ln200/9 "/>
</bind>
</comp>

<comp id="2071" class="1004" name="muxLogicRAMAddr_to_store_ln200_fu_2071">
<pin_list>
<pin id="2072" dir="0" index="0" bw="9" slack="0"/>
<pin id="2073" dir="1" index="1" bw="0" slack="2147483647"/>
</pin_list>
<bind>
<opcode="muxlogic(592) " fcode="muxlogic"/>
<opset="muxLogicRAMAddr_to_store_ln200/9 "/>
</bind>
</comp>

<comp id="2075" class="1004" name="muxLogicRAMData_to_store_ln200_fu_2075">
<pin_list>
<pin id="2076" dir="0" index="0" bw="16" slack="1"/>
<pin id="2077" dir="1" index="1" bw="0" slack="2147483647"/>
</pin_list>
<bind>
<opcode="muxlogic(592) " fcode="muxlogic"/>
<opset="muxLogicRAMData_to_store_ln200/9 "/>
</bind>
</comp>

<comp id="2078" class="1004" name="muxLogicRAMAddr_to_store_ln200_fu_2078">
<pin_list>
<pin id="2079" dir="0" index="0" bw="9" slack="0"/>
<pin id="2080" dir="1" index="1" bw="0" slack="2147483647"/>
</pin_list>
<bind>
<opcode="muxlogic(592) " fcode="muxlogic"/>
<opset="muxLogicRAMAddr_to_store_ln200/9 "/>
</bind>
</comp>

<comp id="2082" class="1004" name="muxLogicRAMData_to_store_ln200_fu_2082">
<pin_list>
<pin id="2083" dir="0" index="0" bw="16" slack="1"/>
<pin id="2084" dir="1" index="1" bw="0" slack="2147483647"/>
</pin_list>
<bind>
<opcode="muxlogic(592) " fcode="muxlogic"/>
<opset="muxLogicRAMData_to_store_ln200/9 "/>
</bind>
</comp>

<comp id="2085" class="1004" name="muxLogicRAMAddr_to_store_ln200_fu_2085">
<pin_list>
<pin id="2086" dir="0" index="0" bw="9" slack="0"/>
<pin id="2087" dir="1" index="1" bw="0" slack="2147483647"/>
</pin_list>
<bind>
<opcode="muxlogic(592) " fcode="muxlogic"/>
<opset="muxLogicRAMAddr_to_store_ln200/9 "/>
</bind>
</comp>

<comp id="2089" class="1004" name="muxLogicRAMData_to_store_ln200_fu_2089">
<pin_list>
<pin id="2090" dir="0" index="0" bw="16" slack="1"/>
<pin id="2091" dir="1" index="1" bw="0" slack="2147483647"/>
</pin_list>
<bind>
<opcode="muxlogic(592) " fcode="muxlogic"/>
<opset="muxLogicRAMData_to_store_ln200/9 "/>
</bind>
</comp>

<comp id="2092" class="1004" name="muxLogicRAMAddr_to_store_ln200_fu_2092">
<pin_list>
<pin id="2093" dir="0" index="0" bw="9" slack="0"/>
<pin id="2094" dir="1" index="1" bw="0" slack="2147483647"/>
</pin_list>
<bind>
<opcode="muxlogic(592) " fcode="muxlogic"/>
<opset="muxLogicRAMAddr_to_store_ln200/9 "/>
</bind>
</comp>

<comp id="2096" class="1004" name="muxLogicRAMData_to_store_ln200_fu_2096">
<pin_list>
<pin id="2097" dir="0" index="0" bw="16" slack="1"/>
<pin id="2098" dir="1" index="1" bw="0" slack="2147483647"/>
</pin_list>
<bind>
<opcode="muxlogic(592) " fcode="muxlogic"/>
<opset="muxLogicRAMData_to_store_ln200/9 "/>
</bind>
</comp>

<comp id="2099" class="1004" name="muxLogicRAMAddr_to_store_ln200_fu_2099">
<pin_list>
<pin id="2100" dir="0" index="0" bw="9" slack="0"/>
<pin id="2101" dir="1" index="1" bw="0" slack="2147483647"/>
</pin_list>
<bind>
<opcode="muxlogic(592) " fcode="muxlogic"/>
<opset="muxLogicRAMAddr_to_store_ln200/9 "/>
</bind>
</comp>

<comp id="2103" class="1004" name="muxLogicRAMData_to_store_ln200_fu_2103">
<pin_list>
<pin id="2104" dir="0" index="0" bw="16" slack="1"/>
<pin id="2105" dir="1" index="1" bw="0" slack="2147483647"/>
</pin_list>
<bind>
<opcode="muxlogic(592) " fcode="muxlogic"/>
<opset="muxLogicRAMData_to_store_ln200/9 "/>
</bind>
</comp>

<comp id="2106" class="1004" name="muxLogicRAMAddr_to_store_ln200_fu_2106">
<pin_list>
<pin id="2107" dir="0" index="0" bw="9" slack="0"/>
<pin id="2108" dir="1" index="1" bw="0" slack="2147483647"/>
</pin_list>
<bind>
<opcode="muxlogic(592) " fcode="muxlogic"/>
<opset="muxLogicRAMAddr_to_store_ln200/9 "/>
</bind>
</comp>

<comp id="2110" class="1004" name="muxLogicRAMData_to_store_ln200_fu_2110">
<pin_list>
<pin id="2111" dir="0" index="0" bw="16" slack="1"/>
<pin id="2112" dir="1" index="1" bw="0" slack="2147483647"/>
</pin_list>
<bind>
<opcode="muxlogic(592) " fcode="muxlogic"/>
<opset="muxLogicRAMData_to_store_ln200/9 "/>
</bind>
</comp>

<comp id="2113" class="1004" name="muxLogicRAMAddr_to_store_ln200_fu_2113">
<pin_list>
<pin id="2114" dir="0" index="0" bw="9" slack="0"/>
<pin id="2115" dir="1" index="1" bw="0" slack="2147483647"/>
</pin_list>
<bind>
<opcode="muxlogic(592) " fcode="muxlogic"/>
<opset="muxLogicRAMAddr_to_store_ln200/9 "/>
</bind>
</comp>

<comp id="2117" class="1004" name="muxLogicRAMData_to_store_ln200_fu_2117">
<pin_list>
<pin id="2118" dir="0" index="0" bw="16" slack="1"/>
<pin id="2119" dir="1" index="1" bw="0" slack="2147483647"/>
</pin_list>
<bind>
<opcode="muxlogic(592) " fcode="muxlogic"/>
<opset="muxLogicRAMData_to_store_ln200/9 "/>
</bind>
</comp>

<comp id="2120" class="1004" name="muxLogicRAMAddr_to_store_ln200_fu_2120">
<pin_list>
<pin id="2121" dir="0" index="0" bw="9" slack="0"/>
<pin id="2122" dir="1" index="1" bw="0" slack="2147483647"/>
</pin_list>
<bind>
<opcode="muxlogic(592) " fcode="muxlogic"/>
<opset="muxLogicRAMAddr_to_store_ln200/9 "/>
</bind>
</comp>

<comp id="2124" class="1004" name="muxLogicRAMData_to_store_ln200_fu_2124">
<pin_list>
<pin id="2125" dir="0" index="0" bw="16" slack="1"/>
<pin id="2126" dir="1" index="1" bw="0" slack="2147483647"/>
</pin_list>
<bind>
<opcode="muxlogic(592) " fcode="muxlogic"/>
<opset="muxLogicRAMData_to_store_ln200/9 "/>
</bind>
</comp>

<comp id="2127" class="1004" name="muxLogicRAMAddr_to_store_ln200_fu_2127">
<pin_list>
<pin id="2128" dir="0" index="0" bw="9" slack="0"/>
<pin id="2129" dir="1" index="1" bw="0" slack="2147483647"/>
</pin_list>
<bind>
<opcode="muxlogic(592) " fcode="muxlogic"/>
<opset="muxLogicRAMAddr_to_store_ln200/9 "/>
</bind>
</comp>

<comp id="2131" class="1004" name="muxLogicRAMData_to_store_ln200_fu_2131">
<pin_list>
<pin id="2132" dir="0" index="0" bw="16" slack="1"/>
<pin id="2133" dir="1" index="1" bw="0" slack="2147483647"/>
</pin_list>
<bind>
<opcode="muxlogic(592) " fcode="muxlogic"/>
<opset="muxLogicRAMData_to_store_ln200/9 "/>
</bind>
</comp>

<comp id="2134" class="1004" name="muxLogicRAMAddr_to_store_ln200_fu_2134">
<pin_list>
<pin id="2135" dir="0" index="0" bw="9" slack="0"/>
<pin id="2136" dir="1" index="1" bw="0" slack="2147483647"/>
</pin_list>
<bind>
<opcode="muxlogic(592) " fcode="muxlogic"/>
<opset="muxLogicRAMAddr_to_store_ln200/9 "/>
</bind>
</comp>

<comp id="2138" class="1004" name="muxLogicRAMData_to_store_ln200_fu_2138">
<pin_list>
<pin id="2139" dir="0" index="0" bw="16" slack="1"/>
<pin id="2140" dir="1" index="1" bw="0" slack="2147483647"/>
</pin_list>
<bind>
<opcode="muxlogic(592) " fcode="muxlogic"/>
<opset="muxLogicRAMData_to_store_ln200/9 "/>
</bind>
</comp>

<comp id="2141" class="1004" name="muxLogicRAMAddr_to_store_ln200_fu_2141">
<pin_list>
<pin id="2142" dir="0" index="0" bw="9" slack="0"/>
<pin id="2143" dir="1" index="1" bw="0" slack="2147483647"/>
</pin_list>
<bind>
<opcode="muxlogic(592) " fcode="muxlogic"/>
<opset="muxLogicRAMAddr_to_store_ln200/9 "/>
</bind>
</comp>

<comp id="2145" class="1004" name="muxLogicRAMData_to_store_ln200_fu_2145">
<pin_list>
<pin id="2146" dir="0" index="0" bw="16" slack="1"/>
<pin id="2147" dir="1" index="1" bw="0" slack="2147483647"/>
</pin_list>
<bind>
<opcode="muxlogic(592) " fcode="muxlogic"/>
<opset="muxLogicRAMData_to_store_ln200/9 "/>
</bind>
</comp>

<comp id="2148" class="1004" name="muxLogicRAMAddr_to_store_ln200_fu_2148">
<pin_list>
<pin id="2149" dir="0" index="0" bw="9" slack="0"/>
<pin id="2150" dir="1" index="1" bw="0" slack="2147483647"/>
</pin_list>
<bind>
<opcode="muxlogic(592) " fcode="muxlogic"/>
<opset="muxLogicRAMAddr_to_store_ln200/9 "/>
</bind>
</comp>

<comp id="2152" class="1004" name="muxLogicRAMData_to_store_ln200_fu_2152">
<pin_list>
<pin id="2153" dir="0" index="0" bw="16" slack="1"/>
<pin id="2154" dir="1" index="1" bw="0" slack="2147483647"/>
</pin_list>
<bind>
<opcode="muxlogic(592) " fcode="muxlogic"/>
<opset="muxLogicRAMData_to_store_ln200/9 "/>
</bind>
</comp>

<comp id="2155" class="1004" name="muxLogicRAMAddr_to_store_ln200_fu_2155">
<pin_list>
<pin id="2156" dir="0" index="0" bw="9" slack="0"/>
<pin id="2157" dir="1" index="1" bw="0" slack="2147483647"/>
</pin_list>
<bind>
<opcode="muxlogic(592) " fcode="muxlogic"/>
<opset="muxLogicRAMAddr_to_store_ln200/9 "/>
</bind>
</comp>

<comp id="2159" class="1004" name="muxLogicRAMData_to_store_ln200_fu_2159">
<pin_list>
<pin id="2160" dir="0" index="0" bw="16" slack="1"/>
<pin id="2161" dir="1" index="1" bw="0" slack="2147483647"/>
</pin_list>
<bind>
<opcode="muxlogic(592) " fcode="muxlogic"/>
<opset="muxLogicRAMData_to_store_ln200/9 "/>
</bind>
</comp>

<comp id="2162" class="1004" name="muxLogicRAMAddr_to_store_ln200_fu_2162">
<pin_list>
<pin id="2163" dir="0" index="0" bw="9" slack="0"/>
<pin id="2164" dir="1" index="1" bw="0" slack="2147483647"/>
</pin_list>
<bind>
<opcode="muxlogic(592) " fcode="muxlogic"/>
<opset="muxLogicRAMAddr_to_store_ln200/9 "/>
</bind>
</comp>

<comp id="2166" class="1005" name="k_reg_2166">
<pin_list>
<pin id="2167" dir="0" index="0" bw="8" slack="0"/>
<pin id="2168" dir="1" index="1" bw="8" slack="0"/>
</pin_list>
<bind>
<opset="k "/>
</bind>
</comp>

<comp id="2173" class="1005" name="i_reg_2173">
<pin_list>
<pin id="2174" dir="0" index="0" bw="31" slack="0"/>
<pin id="2175" dir="1" index="1" bw="31" slack="0"/>
</pin_list>
<bind>
<opset="i "/>
</bind>
</comp>

<comp id="2180" class="1005" name="indvar_flatten_reg_2180">
<pin_list>
<pin id="2181" dir="0" index="0" bw="34" slack="0"/>
<pin id="2182" dir="1" index="1" bw="34" slack="0"/>
</pin_list>
<bind>
<opset="indvar_flatten "/>
</bind>
</comp>

<comp id="2187" class="1005" name="l_i_63_val_read_reg_2187">
<pin_list>
<pin id="2188" dir="0" index="0" bw="32" slack="1"/>
<pin id="2189" dir="1" index="1" bw="32" slack="1"/>
</pin_list>
<bind>
<opset="l_i_63_val_read "/>
</bind>
</comp>

<comp id="2192" class="1005" name="l_i_62_val_read_reg_2192">
<pin_list>
<pin id="2193" dir="0" index="0" bw="32" slack="1"/>
<pin id="2194" dir="1" index="1" bw="32" slack="1"/>
</pin_list>
<bind>
<opset="l_i_62_val_read "/>
</bind>
</comp>

<comp id="2197" class="1005" name="l_i_61_val_read_reg_2197">
<pin_list>
<pin id="2198" dir="0" index="0" bw="32" slack="1"/>
<pin id="2199" dir="1" index="1" bw="32" slack="1"/>
</pin_list>
<bind>
<opset="l_i_61_val_read "/>
</bind>
</comp>

<comp id="2202" class="1005" name="l_i_60_val_read_reg_2202">
<pin_list>
<pin id="2203" dir="0" index="0" bw="32" slack="1"/>
<pin id="2204" dir="1" index="1" bw="32" slack="1"/>
</pin_list>
<bind>
<opset="l_i_60_val_read "/>
</bind>
</comp>

<comp id="2207" class="1005" name="l_i_59_val_read_reg_2207">
<pin_list>
<pin id="2208" dir="0" index="0" bw="32" slack="1"/>
<pin id="2209" dir="1" index="1" bw="32" slack="1"/>
</pin_list>
<bind>
<opset="l_i_59_val_read "/>
</bind>
</comp>

<comp id="2212" class="1005" name="l_i_58_val_read_reg_2212">
<pin_list>
<pin id="2213" dir="0" index="0" bw="32" slack="1"/>
<pin id="2214" dir="1" index="1" bw="32" slack="1"/>
</pin_list>
<bind>
<opset="l_i_58_val_read "/>
</bind>
</comp>

<comp id="2217" class="1005" name="l_i_57_val_read_reg_2217">
<pin_list>
<pin id="2218" dir="0" index="0" bw="32" slack="1"/>
<pin id="2219" dir="1" index="1" bw="32" slack="1"/>
</pin_list>
<bind>
<opset="l_i_57_val_read "/>
</bind>
</comp>

<comp id="2222" class="1005" name="l_i_56_val_read_reg_2222">
<pin_list>
<pin id="2223" dir="0" index="0" bw="32" slack="1"/>
<pin id="2224" dir="1" index="1" bw="32" slack="1"/>
</pin_list>
<bind>
<opset="l_i_56_val_read "/>
</bind>
</comp>

<comp id="2227" class="1005" name="l_i_55_val_read_reg_2227">
<pin_list>
<pin id="2228" dir="0" index="0" bw="32" slack="1"/>
<pin id="2229" dir="1" index="1" bw="32" slack="1"/>
</pin_list>
<bind>
<opset="l_i_55_val_read "/>
</bind>
</comp>

<comp id="2232" class="1005" name="l_i_54_val_read_reg_2232">
<pin_list>
<pin id="2233" dir="0" index="0" bw="32" slack="1"/>
<pin id="2234" dir="1" index="1" bw="32" slack="1"/>
</pin_list>
<bind>
<opset="l_i_54_val_read "/>
</bind>
</comp>

<comp id="2237" class="1005" name="l_i_53_val_read_reg_2237">
<pin_list>
<pin id="2238" dir="0" index="0" bw="32" slack="1"/>
<pin id="2239" dir="1" index="1" bw="32" slack="1"/>
</pin_list>
<bind>
<opset="l_i_53_val_read "/>
</bind>
</comp>

<comp id="2242" class="1005" name="l_i_52_val_read_reg_2242">
<pin_list>
<pin id="2243" dir="0" index="0" bw="32" slack="1"/>
<pin id="2244" dir="1" index="1" bw="32" slack="1"/>
</pin_list>
<bind>
<opset="l_i_52_val_read "/>
</bind>
</comp>

<comp id="2247" class="1005" name="l_i_51_val_read_reg_2247">
<pin_list>
<pin id="2248" dir="0" index="0" bw="32" slack="1"/>
<pin id="2249" dir="1" index="1" bw="32" slack="1"/>
</pin_list>
<bind>
<opset="l_i_51_val_read "/>
</bind>
</comp>

<comp id="2252" class="1005" name="l_i_50_val_read_reg_2252">
<pin_list>
<pin id="2253" dir="0" index="0" bw="32" slack="1"/>
<pin id="2254" dir="1" index="1" bw="32" slack="1"/>
</pin_list>
<bind>
<opset="l_i_50_val_read "/>
</bind>
</comp>

<comp id="2257" class="1005" name="l_i_49_val_read_reg_2257">
<pin_list>
<pin id="2258" dir="0" index="0" bw="32" slack="1"/>
<pin id="2259" dir="1" index="1" bw="32" slack="1"/>
</pin_list>
<bind>
<opset="l_i_49_val_read "/>
</bind>
</comp>

<comp id="2262" class="1005" name="l_i_48_val_read_reg_2262">
<pin_list>
<pin id="2263" dir="0" index="0" bw="32" slack="1"/>
<pin id="2264" dir="1" index="1" bw="32" slack="1"/>
</pin_list>
<bind>
<opset="l_i_48_val_read "/>
</bind>
</comp>

<comp id="2267" class="1005" name="l_i_47_val_read_reg_2267">
<pin_list>
<pin id="2268" dir="0" index="0" bw="32" slack="1"/>
<pin id="2269" dir="1" index="1" bw="32" slack="1"/>
</pin_list>
<bind>
<opset="l_i_47_val_read "/>
</bind>
</comp>

<comp id="2272" class="1005" name="l_i_46_val_read_reg_2272">
<pin_list>
<pin id="2273" dir="0" index="0" bw="32" slack="1"/>
<pin id="2274" dir="1" index="1" bw="32" slack="1"/>
</pin_list>
<bind>
<opset="l_i_46_val_read "/>
</bind>
</comp>

<comp id="2277" class="1005" name="l_i_45_val_read_reg_2277">
<pin_list>
<pin id="2278" dir="0" index="0" bw="32" slack="1"/>
<pin id="2279" dir="1" index="1" bw="32" slack="1"/>
</pin_list>
<bind>
<opset="l_i_45_val_read "/>
</bind>
</comp>

<comp id="2282" class="1005" name="l_i_44_val_read_reg_2282">
<pin_list>
<pin id="2283" dir="0" index="0" bw="32" slack="1"/>
<pin id="2284" dir="1" index="1" bw="32" slack="1"/>
</pin_list>
<bind>
<opset="l_i_44_val_read "/>
</bind>
</comp>

<comp id="2287" class="1005" name="l_i_43_val_read_reg_2287">
<pin_list>
<pin id="2288" dir="0" index="0" bw="32" slack="1"/>
<pin id="2289" dir="1" index="1" bw="32" slack="1"/>
</pin_list>
<bind>
<opset="l_i_43_val_read "/>
</bind>
</comp>

<comp id="2292" class="1005" name="l_i_42_val_read_reg_2292">
<pin_list>
<pin id="2293" dir="0" index="0" bw="32" slack="1"/>
<pin id="2294" dir="1" index="1" bw="32" slack="1"/>
</pin_list>
<bind>
<opset="l_i_42_val_read "/>
</bind>
</comp>

<comp id="2297" class="1005" name="l_i_41_val_read_reg_2297">
<pin_list>
<pin id="2298" dir="0" index="0" bw="32" slack="1"/>
<pin id="2299" dir="1" index="1" bw="32" slack="1"/>
</pin_list>
<bind>
<opset="l_i_41_val_read "/>
</bind>
</comp>

<comp id="2302" class="1005" name="l_i_40_val_read_reg_2302">
<pin_list>
<pin id="2303" dir="0" index="0" bw="32" slack="1"/>
<pin id="2304" dir="1" index="1" bw="32" slack="1"/>
</pin_list>
<bind>
<opset="l_i_40_val_read "/>
</bind>
</comp>

<comp id="2307" class="1005" name="l_i_39_val_read_reg_2307">
<pin_list>
<pin id="2308" dir="0" index="0" bw="32" slack="1"/>
<pin id="2309" dir="1" index="1" bw="32" slack="1"/>
</pin_list>
<bind>
<opset="l_i_39_val_read "/>
</bind>
</comp>

<comp id="2312" class="1005" name="l_i_38_val_read_reg_2312">
<pin_list>
<pin id="2313" dir="0" index="0" bw="32" slack="1"/>
<pin id="2314" dir="1" index="1" bw="32" slack="1"/>
</pin_list>
<bind>
<opset="l_i_38_val_read "/>
</bind>
</comp>

<comp id="2317" class="1005" name="l_i_37_val_read_reg_2317">
<pin_list>
<pin id="2318" dir="0" index="0" bw="32" slack="1"/>
<pin id="2319" dir="1" index="1" bw="32" slack="1"/>
</pin_list>
<bind>
<opset="l_i_37_val_read "/>
</bind>
</comp>

<comp id="2322" class="1005" name="l_i_36_val_read_reg_2322">
<pin_list>
<pin id="2323" dir="0" index="0" bw="32" slack="1"/>
<pin id="2324" dir="1" index="1" bw="32" slack="1"/>
</pin_list>
<bind>
<opset="l_i_36_val_read "/>
</bind>
</comp>

<comp id="2327" class="1005" name="l_i_35_val_read_reg_2327">
<pin_list>
<pin id="2328" dir="0" index="0" bw="32" slack="1"/>
<pin id="2329" dir="1" index="1" bw="32" slack="1"/>
</pin_list>
<bind>
<opset="l_i_35_val_read "/>
</bind>
</comp>

<comp id="2332" class="1005" name="l_i_34_val_read_reg_2332">
<pin_list>
<pin id="2333" dir="0" index="0" bw="32" slack="1"/>
<pin id="2334" dir="1" index="1" bw="32" slack="1"/>
</pin_list>
<bind>
<opset="l_i_34_val_read "/>
</bind>
</comp>

<comp id="2337" class="1005" name="l_i_33_val_read_reg_2337">
<pin_list>
<pin id="2338" dir="0" index="0" bw="32" slack="1"/>
<pin id="2339" dir="1" index="1" bw="32" slack="1"/>
</pin_list>
<bind>
<opset="l_i_33_val_read "/>
</bind>
</comp>

<comp id="2342" class="1005" name="l_i_32_val_read_reg_2342">
<pin_list>
<pin id="2343" dir="0" index="0" bw="32" slack="1"/>
<pin id="2344" dir="1" index="1" bw="32" slack="1"/>
</pin_list>
<bind>
<opset="l_i_32_val_read "/>
</bind>
</comp>

<comp id="2347" class="1005" name="l_i_31_val_read_reg_2347">
<pin_list>
<pin id="2348" dir="0" index="0" bw="32" slack="1"/>
<pin id="2349" dir="1" index="1" bw="32" slack="1"/>
</pin_list>
<bind>
<opset="l_i_31_val_read "/>
</bind>
</comp>

<comp id="2352" class="1005" name="l_i_30_val_read_reg_2352">
<pin_list>
<pin id="2353" dir="0" index="0" bw="32" slack="1"/>
<pin id="2354" dir="1" index="1" bw="32" slack="1"/>
</pin_list>
<bind>
<opset="l_i_30_val_read "/>
</bind>
</comp>

<comp id="2357" class="1005" name="l_i_29_val_read_reg_2357">
<pin_list>
<pin id="2358" dir="0" index="0" bw="32" slack="1"/>
<pin id="2359" dir="1" index="1" bw="32" slack="1"/>
</pin_list>
<bind>
<opset="l_i_29_val_read "/>
</bind>
</comp>

<comp id="2362" class="1005" name="l_i_28_val_read_reg_2362">
<pin_list>
<pin id="2363" dir="0" index="0" bw="32" slack="1"/>
<pin id="2364" dir="1" index="1" bw="32" slack="1"/>
</pin_list>
<bind>
<opset="l_i_28_val_read "/>
</bind>
</comp>

<comp id="2367" class="1005" name="l_i_27_val_read_reg_2367">
<pin_list>
<pin id="2368" dir="0" index="0" bw="32" slack="1"/>
<pin id="2369" dir="1" index="1" bw="32" slack="1"/>
</pin_list>
<bind>
<opset="l_i_27_val_read "/>
</bind>
</comp>

<comp id="2372" class="1005" name="l_i_26_val_read_reg_2372">
<pin_list>
<pin id="2373" dir="0" index="0" bw="32" slack="1"/>
<pin id="2374" dir="1" index="1" bw="32" slack="1"/>
</pin_list>
<bind>
<opset="l_i_26_val_read "/>
</bind>
</comp>

<comp id="2377" class="1005" name="l_i_25_val_read_reg_2377">
<pin_list>
<pin id="2378" dir="0" index="0" bw="32" slack="1"/>
<pin id="2379" dir="1" index="1" bw="32" slack="1"/>
</pin_list>
<bind>
<opset="l_i_25_val_read "/>
</bind>
</comp>

<comp id="2382" class="1005" name="l_i_24_val_read_reg_2382">
<pin_list>
<pin id="2383" dir="0" index="0" bw="32" slack="1"/>
<pin id="2384" dir="1" index="1" bw="32" slack="1"/>
</pin_list>
<bind>
<opset="l_i_24_val_read "/>
</bind>
</comp>

<comp id="2387" class="1005" name="l_i_23_val_read_reg_2387">
<pin_list>
<pin id="2388" dir="0" index="0" bw="32" slack="1"/>
<pin id="2389" dir="1" index="1" bw="32" slack="1"/>
</pin_list>
<bind>
<opset="l_i_23_val_read "/>
</bind>
</comp>

<comp id="2392" class="1005" name="l_i_22_val_read_reg_2392">
<pin_list>
<pin id="2393" dir="0" index="0" bw="32" slack="1"/>
<pin id="2394" dir="1" index="1" bw="32" slack="1"/>
</pin_list>
<bind>
<opset="l_i_22_val_read "/>
</bind>
</comp>

<comp id="2397" class="1005" name="l_i_21_val_read_reg_2397">
<pin_list>
<pin id="2398" dir="0" index="0" bw="32" slack="1"/>
<pin id="2399" dir="1" index="1" bw="32" slack="1"/>
</pin_list>
<bind>
<opset="l_i_21_val_read "/>
</bind>
</comp>

<comp id="2402" class="1005" name="l_i_20_val_read_reg_2402">
<pin_list>
<pin id="2403" dir="0" index="0" bw="32" slack="1"/>
<pin id="2404" dir="1" index="1" bw="32" slack="1"/>
</pin_list>
<bind>
<opset="l_i_20_val_read "/>
</bind>
</comp>

<comp id="2407" class="1005" name="l_i_19_val_read_reg_2407">
<pin_list>
<pin id="2408" dir="0" index="0" bw="32" slack="1"/>
<pin id="2409" dir="1" index="1" bw="32" slack="1"/>
</pin_list>
<bind>
<opset="l_i_19_val_read "/>
</bind>
</comp>

<comp id="2412" class="1005" name="l_i_18_val_read_reg_2412">
<pin_list>
<pin id="2413" dir="0" index="0" bw="32" slack="1"/>
<pin id="2414" dir="1" index="1" bw="32" slack="1"/>
</pin_list>
<bind>
<opset="l_i_18_val_read "/>
</bind>
</comp>

<comp id="2417" class="1005" name="l_i_17_val_read_reg_2417">
<pin_list>
<pin id="2418" dir="0" index="0" bw="32" slack="1"/>
<pin id="2419" dir="1" index="1" bw="32" slack="1"/>
</pin_list>
<bind>
<opset="l_i_17_val_read "/>
</bind>
</comp>

<comp id="2422" class="1005" name="l_i_16_val_read_reg_2422">
<pin_list>
<pin id="2423" dir="0" index="0" bw="32" slack="1"/>
<pin id="2424" dir="1" index="1" bw="32" slack="1"/>
</pin_list>
<bind>
<opset="l_i_16_val_read "/>
</bind>
</comp>

<comp id="2427" class="1005" name="l_i_15_val_read_reg_2427">
<pin_list>
<pin id="2428" dir="0" index="0" bw="32" slack="1"/>
<pin id="2429" dir="1" index="1" bw="32" slack="1"/>
</pin_list>
<bind>
<opset="l_i_15_val_read "/>
</bind>
</comp>

<comp id="2432" class="1005" name="l_i_14_val_read_reg_2432">
<pin_list>
<pin id="2433" dir="0" index="0" bw="32" slack="1"/>
<pin id="2434" dir="1" index="1" bw="32" slack="1"/>
</pin_list>
<bind>
<opset="l_i_14_val_read "/>
</bind>
</comp>

<comp id="2437" class="1005" name="l_i_13_val_read_reg_2437">
<pin_list>
<pin id="2438" dir="0" index="0" bw="32" slack="1"/>
<pin id="2439" dir="1" index="1" bw="32" slack="1"/>
</pin_list>
<bind>
<opset="l_i_13_val_read "/>
</bind>
</comp>

<comp id="2442" class="1005" name="l_i_12_val_read_reg_2442">
<pin_list>
<pin id="2443" dir="0" index="0" bw="32" slack="1"/>
<pin id="2444" dir="1" index="1" bw="32" slack="1"/>
</pin_list>
<bind>
<opset="l_i_12_val_read "/>
</bind>
</comp>

<comp id="2447" class="1005" name="l_i_11_val_read_reg_2447">
<pin_list>
<pin id="2448" dir="0" index="0" bw="32" slack="1"/>
<pin id="2449" dir="1" index="1" bw="32" slack="1"/>
</pin_list>
<bind>
<opset="l_i_11_val_read "/>
</bind>
</comp>

<comp id="2452" class="1005" name="l_i_10_val_read_reg_2452">
<pin_list>
<pin id="2453" dir="0" index="0" bw="32" slack="1"/>
<pin id="2454" dir="1" index="1" bw="32" slack="1"/>
</pin_list>
<bind>
<opset="l_i_10_val_read "/>
</bind>
</comp>

<comp id="2457" class="1005" name="l_i_9_val_read_reg_2457">
<pin_list>
<pin id="2458" dir="0" index="0" bw="32" slack="1"/>
<pin id="2459" dir="1" index="1" bw="32" slack="1"/>
</pin_list>
<bind>
<opset="l_i_9_val_read "/>
</bind>
</comp>

<comp id="2462" class="1005" name="l_i_8_val_read_reg_2462">
<pin_list>
<pin id="2463" dir="0" index="0" bw="32" slack="1"/>
<pin id="2464" dir="1" index="1" bw="32" slack="1"/>
</pin_list>
<bind>
<opset="l_i_8_val_read "/>
</bind>
</comp>

<comp id="2467" class="1005" name="l_i_7_val_read_reg_2467">
<pin_list>
<pin id="2468" dir="0" index="0" bw="32" slack="1"/>
<pin id="2469" dir="1" index="1" bw="32" slack="1"/>
</pin_list>
<bind>
<opset="l_i_7_val_read "/>
</bind>
</comp>

<comp id="2472" class="1005" name="l_i_6_val_read_reg_2472">
<pin_list>
<pin id="2473" dir="0" index="0" bw="32" slack="1"/>
<pin id="2474" dir="1" index="1" bw="32" slack="1"/>
</pin_list>
<bind>
<opset="l_i_6_val_read "/>
</bind>
</comp>

<comp id="2477" class="1005" name="l_i_5_val_read_reg_2477">
<pin_list>
<pin id="2478" dir="0" index="0" bw="32" slack="1"/>
<pin id="2479" dir="1" index="1" bw="32" slack="1"/>
</pin_list>
<bind>
<opset="l_i_5_val_read "/>
</bind>
</comp>

<comp id="2482" class="1005" name="l_i_4_val_read_reg_2482">
<pin_list>
<pin id="2483" dir="0" index="0" bw="32" slack="1"/>
<pin id="2484" dir="1" index="1" bw="32" slack="1"/>
</pin_list>
<bind>
<opset="l_i_4_val_read "/>
</bind>
</comp>

<comp id="2487" class="1005" name="l_i_3_val_read_reg_2487">
<pin_list>
<pin id="2488" dir="0" index="0" bw="32" slack="1"/>
<pin id="2489" dir="1" index="1" bw="32" slack="1"/>
</pin_list>
<bind>
<opset="l_i_3_val_read "/>
</bind>
</comp>

<comp id="2492" class="1005" name="l_i_2_val_read_reg_2492">
<pin_list>
<pin id="2493" dir="0" index="0" bw="32" slack="1"/>
<pin id="2494" dir="1" index="1" bw="32" slack="1"/>
</pin_list>
<bind>
<opset="l_i_2_val_read "/>
</bind>
</comp>

<comp id="2497" class="1005" name="l_i_1_val_read_reg_2497">
<pin_list>
<pin id="2498" dir="0" index="0" bw="32" slack="1"/>
<pin id="2499" dir="1" index="1" bw="32" slack="1"/>
</pin_list>
<bind>
<opset="l_i_1_val_read "/>
</bind>
</comp>

<comp id="2502" class="1005" name="l_i_0_val_read_reg_2502">
<pin_list>
<pin id="2503" dir="0" index="0" bw="32" slack="1"/>
<pin id="2504" dir="1" index="1" bw="32" slack="1"/>
</pin_list>
<bind>
<opset="l_i_0_val_read "/>
</bind>
</comp>

<comp id="2507" class="1005" name="tmp_s_reg_2507">
<pin_list>
<pin id="2508" dir="0" index="0" bw="34" slack="1"/>
<pin id="2509" dir="1" index="1" bw="34" slack="1"/>
</pin_list>
<bind>
<opset="tmp_s "/>
</bind>
</comp>

<comp id="2512" class="1005" name="icmp_ln193_reg_2512">
<pin_list>
<pin id="2513" dir="0" index="0" bw="1" slack="6"/>
<pin id="2514" dir="1" index="1" bw="1" slack="2147483647"/>
</pin_list>
<bind>
<opset="icmp_ln193 "/>
</bind>
</comp>

<comp id="2516" class="1005" name="trunc_ln193_1_reg_2516">
<pin_list>
<pin id="2517" dir="0" index="0" bw="6" slack="5"/>
<pin id="2518" dir="1" index="1" bw="6" slack="5"/>
</pin_list>
<bind>
<opset="trunc_ln193_1 "/>
</bind>
</comp>

<comp id="2521" class="1005" name="tmp_reg_2521">
<pin_list>
<pin id="2522" dir="0" index="0" bw="32" slack="1"/>
<pin id="2523" dir="1" index="1" bw="32" slack="1"/>
</pin_list>
<bind>
<opset="tmp "/>
</bind>
</comp>

<comp id="2527" class="1005" name="lshr_ln_reg_2527">
<pin_list>
<pin id="2528" dir="0" index="0" bw="3" slack="5"/>
<pin id="2529" dir="1" index="1" bw="3" slack="5"/>
</pin_list>
<bind>
<opset="lshr_ln "/>
</bind>
</comp>

<comp id="2532" class="1005" name="zext_ln200_reg_2532">
<pin_list>
<pin id="2533" dir="0" index="0" bw="64" slack="2"/>
<pin id="2534" dir="1" index="1" bw="64" slack="2"/>
</pin_list>
<bind>
<opset="zext_ln200 "/>
</bind>
</comp>

<comp id="2552" class="1005" name="O_fp32_0_addr_reg_2552">
<pin_list>
<pin id="2553" dir="0" index="0" bw="9" slack="1"/>
<pin id="2554" dir="1" index="1" bw="9" slack="1"/>
</pin_list>
<bind>
<opset="O_fp32_0_addr "/>
</bind>
</comp>

<comp id="2557" class="1005" name="O_fp32_1_addr_reg_2557">
<pin_list>
<pin id="2558" dir="0" index="0" bw="9" slack="1"/>
<pin id="2559" dir="1" index="1" bw="9" slack="1"/>
</pin_list>
<bind>
<opset="O_fp32_1_addr "/>
</bind>
</comp>

<comp id="2562" class="1005" name="O_fp32_2_addr_reg_2562">
<pin_list>
<pin id="2563" dir="0" index="0" bw="9" slack="1"/>
<pin id="2564" dir="1" index="1" bw="9" slack="1"/>
</pin_list>
<bind>
<opset="O_fp32_2_addr "/>
</bind>
</comp>

<comp id="2567" class="1005" name="O_fp32_3_addr_reg_2567">
<pin_list>
<pin id="2568" dir="0" index="0" bw="9" slack="1"/>
<pin id="2569" dir="1" index="1" bw="9" slack="1"/>
</pin_list>
<bind>
<opset="O_fp32_3_addr "/>
</bind>
</comp>

<comp id="2572" class="1005" name="O_fp32_4_addr_reg_2572">
<pin_list>
<pin id="2573" dir="0" index="0" bw="9" slack="1"/>
<pin id="2574" dir="1" index="1" bw="9" slack="1"/>
</pin_list>
<bind>
<opset="O_fp32_4_addr "/>
</bind>
</comp>

<comp id="2577" class="1005" name="O_fp32_5_addr_reg_2577">
<pin_list>
<pin id="2578" dir="0" index="0" bw="9" slack="1"/>
<pin id="2579" dir="1" index="1" bw="9" slack="1"/>
</pin_list>
<bind>
<opset="O_fp32_5_addr "/>
</bind>
</comp>

<comp id="2582" class="1005" name="O_fp32_6_addr_reg_2582">
<pin_list>
<pin id="2583" dir="0" index="0" bw="9" slack="1"/>
<pin id="2584" dir="1" index="1" bw="9" slack="1"/>
</pin_list>
<bind>
<opset="O_fp32_6_addr "/>
</bind>
</comp>

<comp id="2587" class="1005" name="O_fp32_7_addr_reg_2587">
<pin_list>
<pin id="2588" dir="0" index="0" bw="9" slack="1"/>
<pin id="2589" dir="1" index="1" bw="9" slack="1"/>
</pin_list>
<bind>
<opset="O_fp32_7_addr "/>
</bind>
</comp>

<comp id="2592" class="1005" name="O_fp32_8_addr_reg_2592">
<pin_list>
<pin id="2593" dir="0" index="0" bw="9" slack="1"/>
<pin id="2594" dir="1" index="1" bw="9" slack="1"/>
</pin_list>
<bind>
<opset="O_fp32_8_addr "/>
</bind>
</comp>

<comp id="2597" class="1005" name="O_fp32_9_addr_reg_2597">
<pin_list>
<pin id="2598" dir="0" index="0" bw="9" slack="1"/>
<pin id="2599" dir="1" index="1" bw="9" slack="1"/>
</pin_list>
<bind>
<opset="O_fp32_9_addr "/>
</bind>
</comp>

<comp id="2602" class="1005" name="O_fp32_10_addr_reg_2602">
<pin_list>
<pin id="2603" dir="0" index="0" bw="9" slack="1"/>
<pin id="2604" dir="1" index="1" bw="9" slack="1"/>
</pin_list>
<bind>
<opset="O_fp32_10_addr "/>
</bind>
</comp>

<comp id="2607" class="1005" name="O_fp32_11_addr_reg_2607">
<pin_list>
<pin id="2608" dir="0" index="0" bw="9" slack="1"/>
<pin id="2609" dir="1" index="1" bw="9" slack="1"/>
</pin_list>
<bind>
<opset="O_fp32_11_addr "/>
</bind>
</comp>

<comp id="2612" class="1005" name="O_fp32_12_addr_reg_2612">
<pin_list>
<pin id="2613" dir="0" index="0" bw="9" slack="1"/>
<pin id="2614" dir="1" index="1" bw="9" slack="1"/>
</pin_list>
<bind>
<opset="O_fp32_12_addr "/>
</bind>
</comp>

<comp id="2617" class="1005" name="O_fp32_13_addr_reg_2617">
<pin_list>
<pin id="2618" dir="0" index="0" bw="9" slack="1"/>
<pin id="2619" dir="1" index="1" bw="9" slack="1"/>
</pin_list>
<bind>
<opset="O_fp32_13_addr "/>
</bind>
</comp>

<comp id="2622" class="1005" name="O_fp32_14_addr_reg_2622">
<pin_list>
<pin id="2623" dir="0" index="0" bw="9" slack="1"/>
<pin id="2624" dir="1" index="1" bw="9" slack="1"/>
</pin_list>
<bind>
<opset="O_fp32_14_addr "/>
</bind>
</comp>

<comp id="2627" class="1005" name="O_fp32_15_addr_reg_2627">
<pin_list>
<pin id="2628" dir="0" index="0" bw="9" slack="1"/>
<pin id="2629" dir="1" index="1" bw="9" slack="1"/>
</pin_list>
<bind>
<opset="O_fp32_15_addr "/>
</bind>
</comp>

<comp id="2632" class="1005" name="conv_reg_2632">
<pin_list>
<pin id="2633" dir="0" index="0" bw="16" slack="1"/>
<pin id="2634" dir="1" index="1" bw="16" slack="1"/>
</pin_list>
<bind>
<opset="conv "/>
</bind>
</comp>

<comp id="2638" class="1005" name="conv_1_reg_2638">
<pin_list>
<pin id="2639" dir="0" index="0" bw="16" slack="1"/>
<pin id="2640" dir="1" index="1" bw="16" slack="1"/>
</pin_list>
<bind>
<opset="conv_1 "/>
</bind>
</comp>

<comp id="2644" class="1005" name="conv_2_reg_2644">
<pin_list>
<pin id="2645" dir="0" index="0" bw="16" slack="1"/>
<pin id="2646" dir="1" index="1" bw="16" slack="1"/>
</pin_list>
<bind>
<opset="conv_2 "/>
</bind>
</comp>

<comp id="2650" class="1005" name="conv_3_reg_2650">
<pin_list>
<pin id="2651" dir="0" index="0" bw="16" slack="1"/>
<pin id="2652" dir="1" index="1" bw="16" slack="1"/>
</pin_list>
<bind>
<opset="conv_3 "/>
</bind>
</comp>

<comp id="2656" class="1005" name="conv_4_reg_2656">
<pin_list>
<pin id="2657" dir="0" index="0" bw="16" slack="1"/>
<pin id="2658" dir="1" index="1" bw="16" slack="1"/>
</pin_list>
<bind>
<opset="conv_4 "/>
</bind>
</comp>

<comp id="2662" class="1005" name="conv_5_reg_2662">
<pin_list>
<pin id="2663" dir="0" index="0" bw="16" slack="1"/>
<pin id="2664" dir="1" index="1" bw="16" slack="1"/>
</pin_list>
<bind>
<opset="conv_5 "/>
</bind>
</comp>

<comp id="2668" class="1005" name="conv_6_reg_2668">
<pin_list>
<pin id="2669" dir="0" index="0" bw="16" slack="1"/>
<pin id="2670" dir="1" index="1" bw="16" slack="1"/>
</pin_list>
<bind>
<opset="conv_6 "/>
</bind>
</comp>

<comp id="2674" class="1005" name="conv_7_reg_2674">
<pin_list>
<pin id="2675" dir="0" index="0" bw="16" slack="1"/>
<pin id="2676" dir="1" index="1" bw="16" slack="1"/>
</pin_list>
<bind>
<opset="conv_7 "/>
</bind>
</comp>

<comp id="2680" class="1005" name="conv_8_reg_2680">
<pin_list>
<pin id="2681" dir="0" index="0" bw="16" slack="1"/>
<pin id="2682" dir="1" index="1" bw="16" slack="1"/>
</pin_list>
<bind>
<opset="conv_8 "/>
</bind>
</comp>

<comp id="2686" class="1005" name="conv_9_reg_2686">
<pin_list>
<pin id="2687" dir="0" index="0" bw="16" slack="1"/>
<pin id="2688" dir="1" index="1" bw="16" slack="1"/>
</pin_list>
<bind>
<opset="conv_9 "/>
</bind>
</comp>

<comp id="2692" class="1005" name="conv_s_reg_2692">
<pin_list>
<pin id="2693" dir="0" index="0" bw="16" slack="1"/>
<pin id="2694" dir="1" index="1" bw="16" slack="1"/>
</pin_list>
<bind>
<opset="conv_s "/>
</bind>
</comp>

<comp id="2698" class="1005" name="conv_10_reg_2698">
<pin_list>
<pin id="2699" dir="0" index="0" bw="16" slack="1"/>
<pin id="2700" dir="1" index="1" bw="16" slack="1"/>
</pin_list>
<bind>
<opset="conv_10 "/>
</bind>
</comp>

<comp id="2704" class="1005" name="conv_11_reg_2704">
<pin_list>
<pin id="2705" dir="0" index="0" bw="16" slack="1"/>
<pin id="2706" dir="1" index="1" bw="16" slack="1"/>
</pin_list>
<bind>
<opset="conv_11 "/>
</bind>
</comp>

<comp id="2710" class="1005" name="conv_12_reg_2710">
<pin_list>
<pin id="2711" dir="0" index="0" bw="16" slack="1"/>
<pin id="2712" dir="1" index="1" bw="16" slack="1"/>
</pin_list>
<bind>
<opset="conv_12 "/>
</bind>
</comp>

<comp id="2716" class="1005" name="conv_13_reg_2716">
<pin_list>
<pin id="2717" dir="0" index="0" bw="16" slack="1"/>
<pin id="2718" dir="1" index="1" bw="16" slack="1"/>
</pin_list>
<bind>
<opset="conv_13 "/>
</bind>
</comp>

<comp id="2722" class="1005" name="conv_14_reg_2722">
<pin_list>
<pin id="2723" dir="0" index="0" bw="16" slack="1"/>
<pin id="2724" dir="1" index="1" bw="16" slack="1"/>
</pin_list>
<bind>
<opset="conv_14 "/>
</bind>
</comp>

</comp_list>

<net_list>
<net id="387"><net_src comp="194" pin="0"/><net_sink comp="384" pin=0"/></net>

<net id="391"><net_src comp="194" pin="0"/><net_sink comp="388" pin=0"/></net>

<net id="395"><net_src comp="194" pin="0"/><net_sink comp="392" pin=0"/></net>

<net id="400"><net_src comp="196" pin="0"/><net_sink comp="396" pin=0"/></net>

<net id="401"><net_src comp="192" pin="0"/><net_sink comp="396" pin=1"/></net>

<net id="406"><net_src comp="198" pin="0"/><net_sink comp="402" pin=0"/></net>

<net id="407"><net_src comp="190" pin="0"/><net_sink comp="402" pin=1"/></net>

<net id="412"><net_src comp="198" pin="0"/><net_sink comp="408" pin=0"/></net>

<net id="413"><net_src comp="188" pin="0"/><net_sink comp="408" pin=1"/></net>

<net id="418"><net_src comp="198" pin="0"/><net_sink comp="414" pin=0"/></net>

<net id="419"><net_src comp="186" pin="0"/><net_sink comp="414" pin=1"/></net>

<net id="424"><net_src comp="198" pin="0"/><net_sink comp="420" pin=0"/></net>

<net id="425"><net_src comp="184" pin="0"/><net_sink comp="420" pin=1"/></net>

<net id="430"><net_src comp="198" pin="0"/><net_sink comp="426" pin=0"/></net>

<net id="431"><net_src comp="182" pin="0"/><net_sink comp="426" pin=1"/></net>

<net id="436"><net_src comp="198" pin="0"/><net_sink comp="432" pin=0"/></net>

<net id="437"><net_src comp="180" pin="0"/><net_sink comp="432" pin=1"/></net>

<net id="442"><net_src comp="198" pin="0"/><net_sink comp="438" pin=0"/></net>

<net id="443"><net_src comp="178" pin="0"/><net_sink comp="438" pin=1"/></net>

<net id="448"><net_src comp="198" pin="0"/><net_sink comp="444" pin=0"/></net>

<net id="449"><net_src comp="176" pin="0"/><net_sink comp="444" pin=1"/></net>

<net id="454"><net_src comp="198" pin="0"/><net_sink comp="450" pin=0"/></net>

<net id="455"><net_src comp="174" pin="0"/><net_sink comp="450" pin=1"/></net>

<net id="460"><net_src comp="198" pin="0"/><net_sink comp="456" pin=0"/></net>

<net id="461"><net_src comp="172" pin="0"/><net_sink comp="456" pin=1"/></net>

<net id="466"><net_src comp="198" pin="0"/><net_sink comp="462" pin=0"/></net>

<net id="467"><net_src comp="170" pin="0"/><net_sink comp="462" pin=1"/></net>

<net id="472"><net_src comp="198" pin="0"/><net_sink comp="468" pin=0"/></net>

<net id="473"><net_src comp="168" pin="0"/><net_sink comp="468" pin=1"/></net>

<net id="478"><net_src comp="198" pin="0"/><net_sink comp="474" pin=0"/></net>

<net id="479"><net_src comp="166" pin="0"/><net_sink comp="474" pin=1"/></net>

<net id="484"><net_src comp="198" pin="0"/><net_sink comp="480" pin=0"/></net>

<net id="485"><net_src comp="164" pin="0"/><net_sink comp="480" pin=1"/></net>

<net id="490"><net_src comp="198" pin="0"/><net_sink comp="486" pin=0"/></net>

<net id="491"><net_src comp="162" pin="0"/><net_sink comp="486" pin=1"/></net>

<net id="496"><net_src comp="198" pin="0"/><net_sink comp="492" pin=0"/></net>

<net id="497"><net_src comp="160" pin="0"/><net_sink comp="492" pin=1"/></net>

<net id="502"><net_src comp="198" pin="0"/><net_sink comp="498" pin=0"/></net>

<net id="503"><net_src comp="158" pin="0"/><net_sink comp="498" pin=1"/></net>

<net id="508"><net_src comp="198" pin="0"/><net_sink comp="504" pin=0"/></net>

<net id="509"><net_src comp="156" pin="0"/><net_sink comp="504" pin=1"/></net>

<net id="514"><net_src comp="198" pin="0"/><net_sink comp="510" pin=0"/></net>

<net id="515"><net_src comp="154" pin="0"/><net_sink comp="510" pin=1"/></net>

<net id="520"><net_src comp="198" pin="0"/><net_sink comp="516" pin=0"/></net>

<net id="521"><net_src comp="152" pin="0"/><net_sink comp="516" pin=1"/></net>

<net id="526"><net_src comp="198" pin="0"/><net_sink comp="522" pin=0"/></net>

<net id="527"><net_src comp="150" pin="0"/><net_sink comp="522" pin=1"/></net>

<net id="532"><net_src comp="198" pin="0"/><net_sink comp="528" pin=0"/></net>

<net id="533"><net_src comp="148" pin="0"/><net_sink comp="528" pin=1"/></net>

<net id="538"><net_src comp="198" pin="0"/><net_sink comp="534" pin=0"/></net>

<net id="539"><net_src comp="146" pin="0"/><net_sink comp="534" pin=1"/></net>

<net id="544"><net_src comp="198" pin="0"/><net_sink comp="540" pin=0"/></net>

<net id="545"><net_src comp="144" pin="0"/><net_sink comp="540" pin=1"/></net>

<net id="550"><net_src comp="198" pin="0"/><net_sink comp="546" pin=0"/></net>

<net id="551"><net_src comp="142" pin="0"/><net_sink comp="546" pin=1"/></net>

<net id="556"><net_src comp="198" pin="0"/><net_sink comp="552" pin=0"/></net>

<net id="557"><net_src comp="140" pin="0"/><net_sink comp="552" pin=1"/></net>

<net id="562"><net_src comp="198" pin="0"/><net_sink comp="558" pin=0"/></net>

<net id="563"><net_src comp="138" pin="0"/><net_sink comp="558" pin=1"/></net>

<net id="568"><net_src comp="198" pin="0"/><net_sink comp="564" pin=0"/></net>

<net id="569"><net_src comp="136" pin="0"/><net_sink comp="564" pin=1"/></net>

<net id="574"><net_src comp="198" pin="0"/><net_sink comp="570" pin=0"/></net>

<net id="575"><net_src comp="134" pin="0"/><net_sink comp="570" pin=1"/></net>

<net id="580"><net_src comp="198" pin="0"/><net_sink comp="576" pin=0"/></net>

<net id="581"><net_src comp="132" pin="0"/><net_sink comp="576" pin=1"/></net>

<net id="586"><net_src comp="198" pin="0"/><net_sink comp="582" pin=0"/></net>

<net id="587"><net_src comp="130" pin="0"/><net_sink comp="582" pin=1"/></net>

<net id="592"><net_src comp="198" pin="0"/><net_sink comp="588" pin=0"/></net>

<net id="593"><net_src comp="128" pin="0"/><net_sink comp="588" pin=1"/></net>

<net id="598"><net_src comp="198" pin="0"/><net_sink comp="594" pin=0"/></net>

<net id="599"><net_src comp="126" pin="0"/><net_sink comp="594" pin=1"/></net>

<net id="604"><net_src comp="198" pin="0"/><net_sink comp="600" pin=0"/></net>

<net id="605"><net_src comp="124" pin="0"/><net_sink comp="600" pin=1"/></net>

<net id="610"><net_src comp="198" pin="0"/><net_sink comp="606" pin=0"/></net>

<net id="611"><net_src comp="122" pin="0"/><net_sink comp="606" pin=1"/></net>

<net id="616"><net_src comp="198" pin="0"/><net_sink comp="612" pin=0"/></net>

<net id="617"><net_src comp="120" pin="0"/><net_sink comp="612" pin=1"/></net>

<net id="622"><net_src comp="198" pin="0"/><net_sink comp="618" pin=0"/></net>

<net id="623"><net_src comp="118" pin="0"/><net_sink comp="618" pin=1"/></net>

<net id="628"><net_src comp="198" pin="0"/><net_sink comp="624" pin=0"/></net>

<net id="629"><net_src comp="116" pin="0"/><net_sink comp="624" pin=1"/></net>

<net id="634"><net_src comp="198" pin="0"/><net_sink comp="630" pin=0"/></net>

<net id="635"><net_src comp="114" pin="0"/><net_sink comp="630" pin=1"/></net>

<net id="640"><net_src comp="198" pin="0"/><net_sink comp="636" pin=0"/></net>

<net id="641"><net_src comp="112" pin="0"/><net_sink comp="636" pin=1"/></net>

<net id="646"><net_src comp="198" pin="0"/><net_sink comp="642" pin=0"/></net>

<net id="647"><net_src comp="110" pin="0"/><net_sink comp="642" pin=1"/></net>

<net id="652"><net_src comp="198" pin="0"/><net_sink comp="648" pin=0"/></net>

<net id="653"><net_src comp="108" pin="0"/><net_sink comp="648" pin=1"/></net>

<net id="658"><net_src comp="198" pin="0"/><net_sink comp="654" pin=0"/></net>

<net id="659"><net_src comp="106" pin="0"/><net_sink comp="654" pin=1"/></net>

<net id="664"><net_src comp="198" pin="0"/><net_sink comp="660" pin=0"/></net>

<net id="665"><net_src comp="104" pin="0"/><net_sink comp="660" pin=1"/></net>

<net id="670"><net_src comp="198" pin="0"/><net_sink comp="666" pin=0"/></net>

<net id="671"><net_src comp="102" pin="0"/><net_sink comp="666" pin=1"/></net>

<net id="676"><net_src comp="198" pin="0"/><net_sink comp="672" pin=0"/></net>

<net id="677"><net_src comp="100" pin="0"/><net_sink comp="672" pin=1"/></net>

<net id="682"><net_src comp="198" pin="0"/><net_sink comp="678" pin=0"/></net>

<net id="683"><net_src comp="98" pin="0"/><net_sink comp="678" pin=1"/></net>

<net id="688"><net_src comp="198" pin="0"/><net_sink comp="684" pin=0"/></net>

<net id="689"><net_src comp="96" pin="0"/><net_sink comp="684" pin=1"/></net>

<net id="694"><net_src comp="198" pin="0"/><net_sink comp="690" pin=0"/></net>

<net id="695"><net_src comp="94" pin="0"/><net_sink comp="690" pin=1"/></net>

<net id="700"><net_src comp="198" pin="0"/><net_sink comp="696" pin=0"/></net>

<net id="701"><net_src comp="92" pin="0"/><net_sink comp="696" pin=1"/></net>

<net id="706"><net_src comp="198" pin="0"/><net_sink comp="702" pin=0"/></net>

<net id="707"><net_src comp="90" pin="0"/><net_sink comp="702" pin=1"/></net>

<net id="712"><net_src comp="198" pin="0"/><net_sink comp="708" pin=0"/></net>

<net id="713"><net_src comp="88" pin="0"/><net_sink comp="708" pin=1"/></net>

<net id="718"><net_src comp="198" pin="0"/><net_sink comp="714" pin=0"/></net>

<net id="719"><net_src comp="86" pin="0"/><net_sink comp="714" pin=1"/></net>

<net id="724"><net_src comp="198" pin="0"/><net_sink comp="720" pin=0"/></net>

<net id="725"><net_src comp="84" pin="0"/><net_sink comp="720" pin=1"/></net>

<net id="730"><net_src comp="198" pin="0"/><net_sink comp="726" pin=0"/></net>

<net id="731"><net_src comp="82" pin="0"/><net_sink comp="726" pin=1"/></net>

<net id="736"><net_src comp="198" pin="0"/><net_sink comp="732" pin=0"/></net>

<net id="737"><net_src comp="80" pin="0"/><net_sink comp="732" pin=1"/></net>

<net id="742"><net_src comp="198" pin="0"/><net_sink comp="738" pin=0"/></net>

<net id="743"><net_src comp="78" pin="0"/><net_sink comp="738" pin=1"/></net>

<net id="748"><net_src comp="198" pin="0"/><net_sink comp="744" pin=0"/></net>

<net id="749"><net_src comp="76" pin="0"/><net_sink comp="744" pin=1"/></net>

<net id="754"><net_src comp="198" pin="0"/><net_sink comp="750" pin=0"/></net>

<net id="755"><net_src comp="74" pin="0"/><net_sink comp="750" pin=1"/></net>

<net id="760"><net_src comp="198" pin="0"/><net_sink comp="756" pin=0"/></net>

<net id="761"><net_src comp="72" pin="0"/><net_sink comp="756" pin=1"/></net>

<net id="766"><net_src comp="198" pin="0"/><net_sink comp="762" pin=0"/></net>

<net id="767"><net_src comp="70" pin="0"/><net_sink comp="762" pin=1"/></net>

<net id="772"><net_src comp="198" pin="0"/><net_sink comp="768" pin=0"/></net>

<net id="773"><net_src comp="68" pin="0"/><net_sink comp="768" pin=1"/></net>

<net id="778"><net_src comp="198" pin="0"/><net_sink comp="774" pin=0"/></net>

<net id="779"><net_src comp="66" pin="0"/><net_sink comp="774" pin=1"/></net>

<net id="784"><net_src comp="198" pin="0"/><net_sink comp="780" pin=0"/></net>

<net id="785"><net_src comp="64" pin="0"/><net_sink comp="780" pin=1"/></net>

<net id="791"><net_src comp="0" pin="0"/><net_sink comp="786" pin=0"/></net>

<net id="792"><net_src comp="374" pin="0"/><net_sink comp="786" pin=1"/></net>

<net id="798"><net_src comp="2" pin="0"/><net_sink comp="793" pin=0"/></net>

<net id="799"><net_src comp="374" pin="0"/><net_sink comp="793" pin=1"/></net>

<net id="805"><net_src comp="4" pin="0"/><net_sink comp="800" pin=0"/></net>

<net id="806"><net_src comp="374" pin="0"/><net_sink comp="800" pin=1"/></net>

<net id="812"><net_src comp="6" pin="0"/><net_sink comp="807" pin=0"/></net>

<net id="813"><net_src comp="374" pin="0"/><net_sink comp="807" pin=1"/></net>

<net id="819"><net_src comp="8" pin="0"/><net_sink comp="814" pin=0"/></net>

<net id="820"><net_src comp="374" pin="0"/><net_sink comp="814" pin=1"/></net>

<net id="826"><net_src comp="10" pin="0"/><net_sink comp="821" pin=0"/></net>

<net id="827"><net_src comp="374" pin="0"/><net_sink comp="821" pin=1"/></net>

<net id="833"><net_src comp="12" pin="0"/><net_sink comp="828" pin=0"/></net>

<net id="834"><net_src comp="374" pin="0"/><net_sink comp="828" pin=1"/></net>

<net id="840"><net_src comp="14" pin="0"/><net_sink comp="835" pin=0"/></net>

<net id="841"><net_src comp="374" pin="0"/><net_sink comp="835" pin=1"/></net>

<net id="847"><net_src comp="16" pin="0"/><net_sink comp="842" pin=0"/></net>

<net id="848"><net_src comp="374" pin="0"/><net_sink comp="842" pin=1"/></net>

<net id="854"><net_src comp="18" pin="0"/><net_sink comp="849" pin=0"/></net>

<net id="855"><net_src comp="374" pin="0"/><net_sink comp="849" pin=1"/></net>

<net id="861"><net_src comp="20" pin="0"/><net_sink comp="856" pin=0"/></net>

<net id="862"><net_src comp="374" pin="0"/><net_sink comp="856" pin=1"/></net>

<net id="868"><net_src comp="22" pin="0"/><net_sink comp="863" pin=0"/></net>

<net id="869"><net_src comp="374" pin="0"/><net_sink comp="863" pin=1"/></net>

<net id="875"><net_src comp="24" pin="0"/><net_sink comp="870" pin=0"/></net>

<net id="876"><net_src comp="374" pin="0"/><net_sink comp="870" pin=1"/></net>

<net id="882"><net_src comp="26" pin="0"/><net_sink comp="877" pin=0"/></net>

<net id="883"><net_src comp="374" pin="0"/><net_sink comp="877" pin=1"/></net>

<net id="889"><net_src comp="28" pin="0"/><net_sink comp="884" pin=0"/></net>

<net id="890"><net_src comp="374" pin="0"/><net_sink comp="884" pin=1"/></net>

<net id="896"><net_src comp="30" pin="0"/><net_sink comp="891" pin=0"/></net>

<net id="897"><net_src comp="374" pin="0"/><net_sink comp="891" pin=1"/></net>

<net id="903"><net_src comp="786" pin="3"/><net_sink comp="898" pin=0"/></net>

<net id="909"><net_src comp="793" pin="3"/><net_sink comp="904" pin=0"/></net>

<net id="915"><net_src comp="800" pin="3"/><net_sink comp="910" pin=0"/></net>

<net id="921"><net_src comp="807" pin="3"/><net_sink comp="916" pin=0"/></net>

<net id="927"><net_src comp="814" pin="3"/><net_sink comp="922" pin=0"/></net>

<net id="933"><net_src comp="821" pin="3"/><net_sink comp="928" pin=0"/></net>

<net id="939"><net_src comp="828" pin="3"/><net_sink comp="934" pin=0"/></net>

<net id="945"><net_src comp="835" pin="3"/><net_sink comp="940" pin=0"/></net>

<net id="951"><net_src comp="842" pin="3"/><net_sink comp="946" pin=0"/></net>

<net id="957"><net_src comp="849" pin="3"/><net_sink comp="952" pin=0"/></net>

<net id="963"><net_src comp="856" pin="3"/><net_sink comp="958" pin=0"/></net>

<net id="969"><net_src comp="863" pin="3"/><net_sink comp="964" pin=0"/></net>

<net id="975"><net_src comp="870" pin="3"/><net_sink comp="970" pin=0"/></net>

<net id="981"><net_src comp="877" pin="3"/><net_sink comp="976" pin=0"/></net>

<net id="987"><net_src comp="884" pin="3"/><net_sink comp="982" pin=0"/></net>

<net id="993"><net_src comp="891" pin="3"/><net_sink comp="988" pin=0"/></net>

<net id="999"><net_src comp="32" pin="0"/><net_sink comp="994" pin=0"/></net>

<net id="1000"><net_src comp="374" pin="0"/><net_sink comp="994" pin=1"/></net>

<net id="1006"><net_src comp="34" pin="0"/><net_sink comp="1001" pin=0"/></net>

<net id="1007"><net_src comp="374" pin="0"/><net_sink comp="1001" pin=1"/></net>

<net id="1013"><net_src comp="36" pin="0"/><net_sink comp="1008" pin=0"/></net>

<net id="1014"><net_src comp="374" pin="0"/><net_sink comp="1008" pin=1"/></net>

<net id="1020"><net_src comp="38" pin="0"/><net_sink comp="1015" pin=0"/></net>

<net id="1021"><net_src comp="374" pin="0"/><net_sink comp="1015" pin=1"/></net>

<net id="1027"><net_src comp="40" pin="0"/><net_sink comp="1022" pin=0"/></net>

<net id="1028"><net_src comp="374" pin="0"/><net_sink comp="1022" pin=1"/></net>

<net id="1034"><net_src comp="42" pin="0"/><net_sink comp="1029" pin=0"/></net>

<net id="1035"><net_src comp="374" pin="0"/><net_sink comp="1029" pin=1"/></net>

<net id="1041"><net_src comp="44" pin="0"/><net_sink comp="1036" pin=0"/></net>

<net id="1042"><net_src comp="374" pin="0"/><net_sink comp="1036" pin=1"/></net>

<net id="1048"><net_src comp="46" pin="0"/><net_sink comp="1043" pin=0"/></net>

<net id="1049"><net_src comp="374" pin="0"/><net_sink comp="1043" pin=1"/></net>

<net id="1055"><net_src comp="48" pin="0"/><net_sink comp="1050" pin=0"/></net>

<net id="1056"><net_src comp="374" pin="0"/><net_sink comp="1050" pin=1"/></net>

<net id="1062"><net_src comp="50" pin="0"/><net_sink comp="1057" pin=0"/></net>

<net id="1063"><net_src comp="374" pin="0"/><net_sink comp="1057" pin=1"/></net>

<net id="1069"><net_src comp="52" pin="0"/><net_sink comp="1064" pin=0"/></net>

<net id="1070"><net_src comp="374" pin="0"/><net_sink comp="1064" pin=1"/></net>

<net id="1076"><net_src comp="54" pin="0"/><net_sink comp="1071" pin=0"/></net>

<net id="1077"><net_src comp="374" pin="0"/><net_sink comp="1071" pin=1"/></net>

<net id="1083"><net_src comp="56" pin="0"/><net_sink comp="1078" pin=0"/></net>

<net id="1084"><net_src comp="374" pin="0"/><net_sink comp="1078" pin=1"/></net>

<net id="1090"><net_src comp="58" pin="0"/><net_sink comp="1085" pin=0"/></net>

<net id="1091"><net_src comp="374" pin="0"/><net_sink comp="1085" pin=1"/></net>

<net id="1097"><net_src comp="60" pin="0"/><net_sink comp="1092" pin=0"/></net>

<net id="1098"><net_src comp="374" pin="0"/><net_sink comp="1092" pin=1"/></net>

<net id="1104"><net_src comp="62" pin="0"/><net_sink comp="1099" pin=0"/></net>

<net id="1105"><net_src comp="374" pin="0"/><net_sink comp="1099" pin=1"/></net>

<net id="1115"><net_src comp="994" pin="3"/><net_sink comp="1106" pin=2"/></net>

<net id="1125"><net_src comp="1001" pin="3"/><net_sink comp="1116" pin=2"/></net>

<net id="1135"><net_src comp="1008" pin="3"/><net_sink comp="1126" pin=2"/></net>

<net id="1145"><net_src comp="1015" pin="3"/><net_sink comp="1136" pin=2"/></net>

<net id="1155"><net_src comp="1022" pin="3"/><net_sink comp="1146" pin=2"/></net>

<net id="1165"><net_src comp="1029" pin="3"/><net_sink comp="1156" pin=2"/></net>

<net id="1175"><net_src comp="1036" pin="3"/><net_sink comp="1166" pin=2"/></net>

<net id="1185"><net_src comp="1043" pin="3"/><net_sink comp="1176" pin=2"/></net>

<net id="1195"><net_src comp="1050" pin="3"/><net_sink comp="1186" pin=2"/></net>

<net id="1205"><net_src comp="1057" pin="3"/><net_sink comp="1196" pin=2"/></net>

<net id="1215"><net_src comp="1064" pin="3"/><net_sink comp="1206" pin=2"/></net>

<net id="1225"><net_src comp="1071" pin="3"/><net_sink comp="1216" pin=2"/></net>

<net id="1235"><net_src comp="1078" pin="3"/><net_sink comp="1226" pin=2"/></net>

<net id="1245"><net_src comp="1085" pin="3"/><net_sink comp="1236" pin=2"/></net>

<net id="1255"><net_src comp="1092" pin="3"/><net_sink comp="1246" pin=2"/></net>

<net id="1265"><net_src comp="1099" pin="3"/><net_sink comp="1256" pin=2"/></net>

<net id="1270"><net_src comp="898" pin="3"/><net_sink comp="1266" pin=0"/></net>

<net id="1275"><net_src comp="904" pin="3"/><net_sink comp="1271" pin=0"/></net>

<net id="1280"><net_src comp="910" pin="3"/><net_sink comp="1276" pin=0"/></net>

<net id="1285"><net_src comp="916" pin="3"/><net_sink comp="1281" pin=0"/></net>

<net id="1290"><net_src comp="922" pin="3"/><net_sink comp="1286" pin=0"/></net>

<net id="1295"><net_src comp="928" pin="3"/><net_sink comp="1291" pin=0"/></net>

<net id="1300"><net_src comp="934" pin="3"/><net_sink comp="1296" pin=0"/></net>

<net id="1305"><net_src comp="940" pin="3"/><net_sink comp="1301" pin=0"/></net>

<net id="1310"><net_src comp="946" pin="3"/><net_sink comp="1306" pin=0"/></net>

<net id="1315"><net_src comp="952" pin="3"/><net_sink comp="1311" pin=0"/></net>

<net id="1320"><net_src comp="958" pin="3"/><net_sink comp="1316" pin=0"/></net>

<net id="1325"><net_src comp="964" pin="3"/><net_sink comp="1321" pin=0"/></net>

<net id="1330"><net_src comp="970" pin="3"/><net_sink comp="1326" pin=0"/></net>

<net id="1335"><net_src comp="976" pin="3"/><net_sink comp="1331" pin=0"/></net>

<net id="1340"><net_src comp="982" pin="3"/><net_sink comp="1336" pin=0"/></net>

<net id="1345"><net_src comp="988" pin="3"/><net_sink comp="1341" pin=0"/></net>

<net id="1350"><net_src comp="1346" pin="2"/><net_sink comp="1266" pin=1"/></net>

<net id="1351"><net_src comp="1346" pin="2"/><net_sink comp="1271" pin=1"/></net>

<net id="1352"><net_src comp="1346" pin="2"/><net_sink comp="1276" pin=1"/></net>

<net id="1353"><net_src comp="1346" pin="2"/><net_sink comp="1281" pin=1"/></net>

<net id="1354"><net_src comp="1346" pin="2"/><net_sink comp="1286" pin=1"/></net>

<net id="1355"><net_src comp="1346" pin="2"/><net_sink comp="1291" pin=1"/></net>

<net id="1356"><net_src comp="1346" pin="2"/><net_sink comp="1296" pin=1"/></net>

<net id="1357"><net_src comp="1346" pin="2"/><net_sink comp="1301" pin=1"/></net>

<net id="1358"><net_src comp="1346" pin="2"/><net_sink comp="1306" pin=1"/></net>

<net id="1359"><net_src comp="1346" pin="2"/><net_sink comp="1311" pin=1"/></net>

<net id="1360"><net_src comp="1346" pin="2"/><net_sink comp="1316" pin=1"/></net>

<net id="1361"><net_src comp="1346" pin="2"/><net_sink comp="1321" pin=1"/></net>

<net id="1362"><net_src comp="1346" pin="2"/><net_sink comp="1326" pin=1"/></net>

<net id="1363"><net_src comp="1346" pin="2"/><net_sink comp="1331" pin=1"/></net>

<net id="1364"><net_src comp="1346" pin="2"/><net_sink comp="1336" pin=1"/></net>

<net id="1365"><net_src comp="1346" pin="2"/><net_sink comp="1341" pin=1"/></net>

<net id="1366"><net_src comp="370" pin="0"/><net_sink comp="1346" pin=0"/></net>

<net id="1370"><net_src comp="1266" pin="2"/><net_sink comp="1367" pin=0"/></net>

<net id="1374"><net_src comp="1271" pin="2"/><net_sink comp="1371" pin=0"/></net>

<net id="1378"><net_src comp="1276" pin="2"/><net_sink comp="1375" pin=0"/></net>

<net id="1382"><net_src comp="1281" pin="2"/><net_sink comp="1379" pin=0"/></net>

<net id="1386"><net_src comp="1286" pin="2"/><net_sink comp="1383" pin=0"/></net>

<net id="1390"><net_src comp="1291" pin="2"/><net_sink comp="1387" pin=0"/></net>

<net id="1394"><net_src comp="1296" pin="2"/><net_sink comp="1391" pin=0"/></net>

<net id="1398"><net_src comp="1301" pin="2"/><net_sink comp="1395" pin=0"/></net>

<net id="1402"><net_src comp="1306" pin="2"/><net_sink comp="1399" pin=0"/></net>

<net id="1406"><net_src comp="1311" pin="2"/><net_sink comp="1403" pin=0"/></net>

<net id="1410"><net_src comp="1316" pin="2"/><net_sink comp="1407" pin=0"/></net>

<net id="1414"><net_src comp="1321" pin="2"/><net_sink comp="1411" pin=0"/></net>

<net id="1418"><net_src comp="1326" pin="2"/><net_sink comp="1415" pin=0"/></net>

<net id="1422"><net_src comp="1331" pin="2"/><net_sink comp="1419" pin=0"/></net>

<net id="1426"><net_src comp="1336" pin="2"/><net_sink comp="1423" pin=0"/></net>

<net id="1430"><net_src comp="1341" pin="2"/><net_sink comp="1427" pin=0"/></net>

<net id="1434"><net_src comp="396" pin="2"/><net_sink comp="1431" pin=0"/></net>

<net id="1439"><net_src comp="396" pin="2"/><net_sink comp="1435" pin=0"/></net>

<net id="1440"><net_src comp="208" pin="0"/><net_sink comp="1435" pin=1"/></net>

<net id="1446"><net_src comp="1435" pin="2"/><net_sink comp="1441" pin=0"/></net>

<net id="1447"><net_src comp="1431" pin="1"/><net_sink comp="1441" pin=1"/></net>

<net id="1448"><net_src comp="210" pin="0"/><net_sink comp="1441" pin=2"/></net>

<net id="1454"><net_src comp="212" pin="0"/><net_sink comp="1449" pin=0"/></net>

<net id="1455"><net_src comp="1441" pin="3"/><net_sink comp="1449" pin=1"/></net>

<net id="1456"><net_src comp="214" pin="0"/><net_sink comp="1449" pin=2"/></net>

<net id="1461"><net_src comp="216" pin="0"/><net_sink comp="1457" pin=0"/></net>

<net id="1466"><net_src comp="210" pin="0"/><net_sink comp="1462" pin=0"/></net>

<net id="1471"><net_src comp="218" pin="0"/><net_sink comp="1467" pin=0"/></net>

<net id="1479"><net_src comp="1472" pin="1"/><net_sink comp="1475" pin=0"/></net>

<net id="1480"><net_src comp="220" pin="0"/><net_sink comp="1475" pin=1"/></net>

<net id="1485"><net_src comp="1472" pin="1"/><net_sink comp="1481" pin=0"/></net>

<net id="1495"><net_src comp="1486" pin="1"/><net_sink comp="1492" pin=0"/></net>

<net id="1500"><net_src comp="1489" pin="1"/><net_sink comp="1496" pin=0"/></net>

<net id="1501"><net_src comp="222" pin="0"/><net_sink comp="1496" pin=1"/></net>

<net id="1507"><net_src comp="224" pin="0"/><net_sink comp="1502" pin=0"/></net>

<net id="1508"><net_src comp="1486" pin="1"/><net_sink comp="1502" pin=1"/></net>

<net id="1509"><net_src comp="226" pin="0"/><net_sink comp="1502" pin=2"/></net>

<net id="1515"><net_src comp="1502" pin="3"/><net_sink comp="1510" pin=0"/></net>

<net id="1516"><net_src comp="228" pin="0"/><net_sink comp="1510" pin=1"/></net>

<net id="1517"><net_src comp="1492" pin="1"/><net_sink comp="1510" pin=2"/></net>

<net id="1521"><net_src comp="1510" pin="3"/><net_sink comp="1518" pin=0"/></net>

<net id="1527"><net_src comp="1502" pin="3"/><net_sink comp="1522" pin=0"/></net>

<net id="1528"><net_src comp="1496" pin="2"/><net_sink comp="1522" pin=1"/></net>

<net id="1529"><net_src comp="1489" pin="1"/><net_sink comp="1522" pin=2"/></net>

<net id="1533"><net_src comp="1522" pin="3"/><net_sink comp="1530" pin=0"/></net>

<net id="1667"><net_src comp="230" pin="0"/><net_sink comp="1534" pin=0"/></net>

<net id="1668"><net_src comp="232" pin="0"/><net_sink comp="1534" pin=1"/></net>

<net id="1669"><net_src comp="234" pin="0"/><net_sink comp="1534" pin=3"/></net>

<net id="1670"><net_src comp="236" pin="0"/><net_sink comp="1534" pin=5"/></net>

<net id="1671"><net_src comp="238" pin="0"/><net_sink comp="1534" pin=7"/></net>

<net id="1672"><net_src comp="240" pin="0"/><net_sink comp="1534" pin=9"/></net>

<net id="1673"><net_src comp="242" pin="0"/><net_sink comp="1534" pin=11"/></net>

<net id="1674"><net_src comp="244" pin="0"/><net_sink comp="1534" pin=13"/></net>

<net id="1675"><net_src comp="246" pin="0"/><net_sink comp="1534" pin=15"/></net>

<net id="1676"><net_src comp="248" pin="0"/><net_sink comp="1534" pin=17"/></net>

<net id="1677"><net_src comp="250" pin="0"/><net_sink comp="1534" pin=19"/></net>

<net id="1678"><net_src comp="252" pin="0"/><net_sink comp="1534" pin=21"/></net>

<net id="1679"><net_src comp="254" pin="0"/><net_sink comp="1534" pin=23"/></net>

<net id="1680"><net_src comp="256" pin="0"/><net_sink comp="1534" pin=25"/></net>

<net id="1681"><net_src comp="258" pin="0"/><net_sink comp="1534" pin=27"/></net>

<net id="1682"><net_src comp="260" pin="0"/><net_sink comp="1534" pin=29"/></net>

<net id="1683"><net_src comp="262" pin="0"/><net_sink comp="1534" pin=31"/></net>

<net id="1684"><net_src comp="264" pin="0"/><net_sink comp="1534" pin=33"/></net>

<net id="1685"><net_src comp="266" pin="0"/><net_sink comp="1534" pin=35"/></net>

<net id="1686"><net_src comp="268" pin="0"/><net_sink comp="1534" pin=37"/></net>

<net id="1687"><net_src comp="270" pin="0"/><net_sink comp="1534" pin=39"/></net>

<net id="1688"><net_src comp="272" pin="0"/><net_sink comp="1534" pin=41"/></net>

<net id="1689"><net_src comp="274" pin="0"/><net_sink comp="1534" pin=43"/></net>

<net id="1690"><net_src comp="276" pin="0"/><net_sink comp="1534" pin=45"/></net>

<net id="1691"><net_src comp="278" pin="0"/><net_sink comp="1534" pin=47"/></net>

<net id="1692"><net_src comp="280" pin="0"/><net_sink comp="1534" pin=49"/></net>

<net id="1693"><net_src comp="282" pin="0"/><net_sink comp="1534" pin=51"/></net>

<net id="1694"><net_src comp="284" pin="0"/><net_sink comp="1534" pin=53"/></net>

<net id="1695"><net_src comp="286" pin="0"/><net_sink comp="1534" pin=55"/></net>

<net id="1696"><net_src comp="288" pin="0"/><net_sink comp="1534" pin=57"/></net>

<net id="1697"><net_src comp="290" pin="0"/><net_sink comp="1534" pin=59"/></net>

<net id="1698"><net_src comp="292" pin="0"/><net_sink comp="1534" pin=61"/></net>

<net id="1699"><net_src comp="294" pin="0"/><net_sink comp="1534" pin=63"/></net>

<net id="1700"><net_src comp="296" pin="0"/><net_sink comp="1534" pin=65"/></net>

<net id="1701"><net_src comp="298" pin="0"/><net_sink comp="1534" pin=67"/></net>

<net id="1702"><net_src comp="300" pin="0"/><net_sink comp="1534" pin=69"/></net>

<net id="1703"><net_src comp="302" pin="0"/><net_sink comp="1534" pin=71"/></net>

<net id="1704"><net_src comp="304" pin="0"/><net_sink comp="1534" pin=73"/></net>

<net id="1705"><net_src comp="306" pin="0"/><net_sink comp="1534" pin=75"/></net>

<net id="1706"><net_src comp="308" pin="0"/><net_sink comp="1534" pin=77"/></net>

<net id="1707"><net_src comp="310" pin="0"/><net_sink comp="1534" pin=79"/></net>

<net id="1708"><net_src comp="312" pin="0"/><net_sink comp="1534" pin=81"/></net>

<net id="1709"><net_src comp="314" pin="0"/><net_sink comp="1534" pin=83"/></net>

<net id="1710"><net_src comp="316" pin="0"/><net_sink comp="1534" pin=85"/></net>

<net id="1711"><net_src comp="318" pin="0"/><net_sink comp="1534" pin=87"/></net>

<net id="1712"><net_src comp="320" pin="0"/><net_sink comp="1534" pin=89"/></net>

<net id="1713"><net_src comp="322" pin="0"/><net_sink comp="1534" pin=91"/></net>

<net id="1714"><net_src comp="324" pin="0"/><net_sink comp="1534" pin=93"/></net>

<net id="1715"><net_src comp="326" pin="0"/><net_sink comp="1534" pin=95"/></net>

<net id="1716"><net_src comp="328" pin="0"/><net_sink comp="1534" pin=97"/></net>

<net id="1717"><net_src comp="330" pin="0"/><net_sink comp="1534" pin=99"/></net>

<net id="1718"><net_src comp="332" pin="0"/><net_sink comp="1534" pin=101"/></net>

<net id="1719"><net_src comp="334" pin="0"/><net_sink comp="1534" pin=103"/></net>

<net id="1720"><net_src comp="336" pin="0"/><net_sink comp="1534" pin=105"/></net>

<net id="1721"><net_src comp="338" pin="0"/><net_sink comp="1534" pin=107"/></net>

<net id="1722"><net_src comp="340" pin="0"/><net_sink comp="1534" pin=109"/></net>

<net id="1723"><net_src comp="342" pin="0"/><net_sink comp="1534" pin=111"/></net>

<net id="1724"><net_src comp="344" pin="0"/><net_sink comp="1534" pin=113"/></net>

<net id="1725"><net_src comp="346" pin="0"/><net_sink comp="1534" pin=115"/></net>

<net id="1726"><net_src comp="348" pin="0"/><net_sink comp="1534" pin=117"/></net>

<net id="1727"><net_src comp="350" pin="0"/><net_sink comp="1534" pin=119"/></net>

<net id="1728"><net_src comp="352" pin="0"/><net_sink comp="1534" pin=121"/></net>

<net id="1729"><net_src comp="354" pin="0"/><net_sink comp="1534" pin=123"/></net>

<net id="1730"><net_src comp="356" pin="0"/><net_sink comp="1534" pin=125"/></net>

<net id="1731"><net_src comp="358" pin="0"/><net_sink comp="1534" pin=127"/></net>

<net id="1732"><net_src comp="360" pin="0"/><net_sink comp="1534" pin=129"/></net>

<net id="1733"><net_src comp="1530" pin="1"/><net_sink comp="1534" pin=130"/></net>

<net id="1740"><net_src comp="362" pin="0"/><net_sink comp="1734" pin=0"/></net>

<net id="1741"><net_src comp="1510" pin="3"/><net_sink comp="1734" pin=1"/></net>

<net id="1742"><net_src comp="364" pin="0"/><net_sink comp="1734" pin=2"/></net>

<net id="1743"><net_src comp="366" pin="0"/><net_sink comp="1734" pin=3"/></net>

<net id="1748"><net_src comp="1518" pin="1"/><net_sink comp="1744" pin=0"/></net>

<net id="1749"><net_src comp="368" pin="0"/><net_sink comp="1744" pin=1"/></net>

<net id="1754"><net_src comp="1475" pin="2"/><net_sink comp="1750" pin=0"/></net>

<net id="1759"><net_src comp="1522" pin="3"/><net_sink comp="1755" pin=0"/></net>

<net id="1764"><net_src comp="1744" pin="2"/><net_sink comp="1760" pin=0"/></net>

<net id="1768"><net_src comp="370" pin="0"/><net_sink comp="1765" pin=0"/></net>

<net id="1777"><net_src comp="372" pin="0"/><net_sink comp="1772" pin=0"/></net>

<net id="1781"><net_src comp="1772" pin="3"/><net_sink comp="1778" pin=0"/></net>

<net id="1782"><net_src comp="1778" pin="1"/><net_sink comp="786" pin=2"/></net>

<net id="1783"><net_src comp="1778" pin="1"/><net_sink comp="793" pin=2"/></net>

<net id="1784"><net_src comp="1778" pin="1"/><net_sink comp="800" pin=2"/></net>

<net id="1785"><net_src comp="1778" pin="1"/><net_sink comp="807" pin=2"/></net>

<net id="1786"><net_src comp="1778" pin="1"/><net_sink comp="814" pin=2"/></net>

<net id="1787"><net_src comp="1778" pin="1"/><net_sink comp="821" pin=2"/></net>

<net id="1788"><net_src comp="1778" pin="1"/><net_sink comp="828" pin=2"/></net>

<net id="1789"><net_src comp="1778" pin="1"/><net_sink comp="835" pin=2"/></net>

<net id="1790"><net_src comp="1778" pin="1"/><net_sink comp="842" pin=2"/></net>

<net id="1791"><net_src comp="1778" pin="1"/><net_sink comp="849" pin=2"/></net>

<net id="1792"><net_src comp="1778" pin="1"/><net_sink comp="856" pin=2"/></net>

<net id="1793"><net_src comp="1778" pin="1"/><net_sink comp="863" pin=2"/></net>

<net id="1794"><net_src comp="1778" pin="1"/><net_sink comp="870" pin=2"/></net>

<net id="1795"><net_src comp="1778" pin="1"/><net_sink comp="877" pin=2"/></net>

<net id="1796"><net_src comp="1778" pin="1"/><net_sink comp="884" pin=2"/></net>

<net id="1797"><net_src comp="1778" pin="1"/><net_sink comp="891" pin=2"/></net>

<net id="1801"><net_src comp="786" pin="3"/><net_sink comp="1798" pin=0"/></net>

<net id="1805"><net_src comp="793" pin="3"/><net_sink comp="1802" pin=0"/></net>

<net id="1809"><net_src comp="800" pin="3"/><net_sink comp="1806" pin=0"/></net>

<net id="1813"><net_src comp="807" pin="3"/><net_sink comp="1810" pin=0"/></net>

<net id="1817"><net_src comp="814" pin="3"/><net_sink comp="1814" pin=0"/></net>

<net id="1821"><net_src comp="821" pin="3"/><net_sink comp="1818" pin=0"/></net>

<net id="1825"><net_src comp="828" pin="3"/><net_sink comp="1822" pin=0"/></net>

<net id="1829"><net_src comp="835" pin="3"/><net_sink comp="1826" pin=0"/></net>

<net id="1833"><net_src comp="842" pin="3"/><net_sink comp="1830" pin=0"/></net>

<net id="1837"><net_src comp="849" pin="3"/><net_sink comp="1834" pin=0"/></net>

<net id="1841"><net_src comp="856" pin="3"/><net_sink comp="1838" pin=0"/></net>

<net id="1845"><net_src comp="863" pin="3"/><net_sink comp="1842" pin=0"/></net>

<net id="1849"><net_src comp="870" pin="3"/><net_sink comp="1846" pin=0"/></net>

<net id="1853"><net_src comp="877" pin="3"/><net_sink comp="1850" pin=0"/></net>

<net id="1857"><net_src comp="884" pin="3"/><net_sink comp="1854" pin=0"/></net>

<net id="1861"><net_src comp="891" pin="3"/><net_sink comp="1858" pin=0"/></net>

<net id="1865"><net_src comp="898" pin="3"/><net_sink comp="1862" pin=0"/></net>

<net id="1869"><net_src comp="1346" pin="2"/><net_sink comp="1866" pin=0"/></net>

<net id="1873"><net_src comp="1266" pin="2"/><net_sink comp="1870" pin=0"/></net>

<net id="1877"><net_src comp="904" pin="3"/><net_sink comp="1874" pin=0"/></net>

<net id="1881"><net_src comp="1346" pin="2"/><net_sink comp="1878" pin=0"/></net>

<net id="1885"><net_src comp="1271" pin="2"/><net_sink comp="1882" pin=0"/></net>

<net id="1889"><net_src comp="910" pin="3"/><net_sink comp="1886" pin=0"/></net>

<net id="1893"><net_src comp="1346" pin="2"/><net_sink comp="1890" pin=0"/></net>

<net id="1897"><net_src comp="1276" pin="2"/><net_sink comp="1894" pin=0"/></net>

<net id="1901"><net_src comp="916" pin="3"/><net_sink comp="1898" pin=0"/></net>

<net id="1905"><net_src comp="1346" pin="2"/><net_sink comp="1902" pin=0"/></net>

<net id="1909"><net_src comp="1281" pin="2"/><net_sink comp="1906" pin=0"/></net>

<net id="1913"><net_src comp="922" pin="3"/><net_sink comp="1910" pin=0"/></net>

<net id="1917"><net_src comp="1346" pin="2"/><net_sink comp="1914" pin=0"/></net>

<net id="1921"><net_src comp="1286" pin="2"/><net_sink comp="1918" pin=0"/></net>

<net id="1925"><net_src comp="928" pin="3"/><net_sink comp="1922" pin=0"/></net>

<net id="1929"><net_src comp="1346" pin="2"/><net_sink comp="1926" pin=0"/></net>

<net id="1933"><net_src comp="1291" pin="2"/><net_sink comp="1930" pin=0"/></net>

<net id="1937"><net_src comp="934" pin="3"/><net_sink comp="1934" pin=0"/></net>

<net id="1941"><net_src comp="1346" pin="2"/><net_sink comp="1938" pin=0"/></net>

<net id="1945"><net_src comp="1296" pin="2"/><net_sink comp="1942" pin=0"/></net>

<net id="1949"><net_src comp="940" pin="3"/><net_sink comp="1946" pin=0"/></net>

<net id="1953"><net_src comp="1346" pin="2"/><net_sink comp="1950" pin=0"/></net>

<net id="1957"><net_src comp="1301" pin="2"/><net_sink comp="1954" pin=0"/></net>

<net id="1961"><net_src comp="946" pin="3"/><net_sink comp="1958" pin=0"/></net>

<net id="1965"><net_src comp="1346" pin="2"/><net_sink comp="1962" pin=0"/></net>

<net id="1969"><net_src comp="1306" pin="2"/><net_sink comp="1966" pin=0"/></net>

<net id="1973"><net_src comp="952" pin="3"/><net_sink comp="1970" pin=0"/></net>

<net id="1977"><net_src comp="1346" pin="2"/><net_sink comp="1974" pin=0"/></net>

<net id="1981"><net_src comp="1311" pin="2"/><net_sink comp="1978" pin=0"/></net>

<net id="1985"><net_src comp="958" pin="3"/><net_sink comp="1982" pin=0"/></net>

<net id="1989"><net_src comp="1346" pin="2"/><net_sink comp="1986" pin=0"/></net>

<net id="1993"><net_src comp="1316" pin="2"/><net_sink comp="1990" pin=0"/></net>

<net id="1997"><net_src comp="964" pin="3"/><net_sink comp="1994" pin=0"/></net>

<net id="2001"><net_src comp="1346" pin="2"/><net_sink comp="1998" pin=0"/></net>

<net id="2005"><net_src comp="1321" pin="2"/><net_sink comp="2002" pin=0"/></net>

<net id="2009"><net_src comp="970" pin="3"/><net_sink comp="2006" pin=0"/></net>

<net id="2013"><net_src comp="1346" pin="2"/><net_sink comp="2010" pin=0"/></net>

<net id="2017"><net_src comp="1326" pin="2"/><net_sink comp="2014" pin=0"/></net>

<net id="2021"><net_src comp="976" pin="3"/><net_sink comp="2018" pin=0"/></net>

<net id="2025"><net_src comp="1346" pin="2"/><net_sink comp="2022" pin=0"/></net>

<net id="2029"><net_src comp="1331" pin="2"/><net_sink comp="2026" pin=0"/></net>

<net id="2033"><net_src comp="982" pin="3"/><net_sink comp="2030" pin=0"/></net>

<net id="2037"><net_src comp="1346" pin="2"/><net_sink comp="2034" pin=0"/></net>

<net id="2041"><net_src comp="1336" pin="2"/><net_sink comp="2038" pin=0"/></net>

<net id="2045"><net_src comp="988" pin="3"/><net_sink comp="2042" pin=0"/></net>

<net id="2049"><net_src comp="1346" pin="2"/><net_sink comp="2046" pin=0"/></net>

<net id="2053"><net_src comp="1341" pin="2"/><net_sink comp="2050" pin=0"/></net>

<net id="2060"><net_src comp="994" pin="3"/><net_sink comp="2057" pin=0"/></net>

<net id="2067"><net_src comp="1001" pin="3"/><net_sink comp="2064" pin=0"/></net>

<net id="2074"><net_src comp="1008" pin="3"/><net_sink comp="2071" pin=0"/></net>

<net id="2081"><net_src comp="1015" pin="3"/><net_sink comp="2078" pin=0"/></net>

<net id="2088"><net_src comp="1022" pin="3"/><net_sink comp="2085" pin=0"/></net>

<net id="2095"><net_src comp="1029" pin="3"/><net_sink comp="2092" pin=0"/></net>

<net id="2102"><net_src comp="1036" pin="3"/><net_sink comp="2099" pin=0"/></net>

<net id="2109"><net_src comp="1043" pin="3"/><net_sink comp="2106" pin=0"/></net>

<net id="2116"><net_src comp="1050" pin="3"/><net_sink comp="2113" pin=0"/></net>

<net id="2123"><net_src comp="1057" pin="3"/><net_sink comp="2120" pin=0"/></net>

<net id="2130"><net_src comp="1064" pin="3"/><net_sink comp="2127" pin=0"/></net>

<net id="2137"><net_src comp="1071" pin="3"/><net_sink comp="2134" pin=0"/></net>

<net id="2144"><net_src comp="1078" pin="3"/><net_sink comp="2141" pin=0"/></net>

<net id="2151"><net_src comp="1085" pin="3"/><net_sink comp="2148" pin=0"/></net>

<net id="2158"><net_src comp="1092" pin="3"/><net_sink comp="2155" pin=0"/></net>

<net id="2165"><net_src comp="1099" pin="3"/><net_sink comp="2162" pin=0"/></net>

<net id="2169"><net_src comp="384" pin="1"/><net_sink comp="2166" pin=0"/></net>

<net id="2170"><net_src comp="2166" pin="1"/><net_sink comp="1467" pin=1"/></net>

<net id="2171"><net_src comp="2166" pin="1"/><net_sink comp="1486" pin=0"/></net>

<net id="2172"><net_src comp="2166" pin="1"/><net_sink comp="1760" pin=1"/></net>

<net id="2176"><net_src comp="388" pin="1"/><net_sink comp="2173" pin=0"/></net>

<net id="2177"><net_src comp="2173" pin="1"/><net_sink comp="1462" pin=1"/></net>

<net id="2178"><net_src comp="2173" pin="1"/><net_sink comp="1489" pin=0"/></net>

<net id="2179"><net_src comp="2173" pin="1"/><net_sink comp="1755" pin=1"/></net>

<net id="2183"><net_src comp="392" pin="1"/><net_sink comp="2180" pin=0"/></net>

<net id="2184"><net_src comp="2180" pin="1"/><net_sink comp="1457" pin=1"/></net>

<net id="2185"><net_src comp="2180" pin="1"/><net_sink comp="1472" pin=0"/></net>

<net id="2186"><net_src comp="2180" pin="1"/><net_sink comp="1750" pin=1"/></net>

<net id="2190"><net_src comp="402" pin="2"/><net_sink comp="2187" pin=0"/></net>

<net id="2191"><net_src comp="2187" pin="1"/><net_sink comp="1534" pin=128"/></net>

<net id="2195"><net_src comp="408" pin="2"/><net_sink comp="2192" pin=0"/></net>

<net id="2196"><net_src comp="2192" pin="1"/><net_sink comp="1534" pin=126"/></net>

<net id="2200"><net_src comp="414" pin="2"/><net_sink comp="2197" pin=0"/></net>

<net id="2201"><net_src comp="2197" pin="1"/><net_sink comp="1534" pin=124"/></net>

<net id="2205"><net_src comp="420" pin="2"/><net_sink comp="2202" pin=0"/></net>

<net id="2206"><net_src comp="2202" pin="1"/><net_sink comp="1534" pin=122"/></net>

<net id="2210"><net_src comp="426" pin="2"/><net_sink comp="2207" pin=0"/></net>

<net id="2211"><net_src comp="2207" pin="1"/><net_sink comp="1534" pin=120"/></net>

<net id="2215"><net_src comp="432" pin="2"/><net_sink comp="2212" pin=0"/></net>

<net id="2216"><net_src comp="2212" pin="1"/><net_sink comp="1534" pin=118"/></net>

<net id="2220"><net_src comp="438" pin="2"/><net_sink comp="2217" pin=0"/></net>

<net id="2221"><net_src comp="2217" pin="1"/><net_sink comp="1534" pin=116"/></net>

<net id="2225"><net_src comp="444" pin="2"/><net_sink comp="2222" pin=0"/></net>

<net id="2226"><net_src comp="2222" pin="1"/><net_sink comp="1534" pin=114"/></net>

<net id="2230"><net_src comp="450" pin="2"/><net_sink comp="2227" pin=0"/></net>

<net id="2231"><net_src comp="2227" pin="1"/><net_sink comp="1534" pin=112"/></net>

<net id="2235"><net_src comp="456" pin="2"/><net_sink comp="2232" pin=0"/></net>

<net id="2236"><net_src comp="2232" pin="1"/><net_sink comp="1534" pin=110"/></net>

<net id="2240"><net_src comp="462" pin="2"/><net_sink comp="2237" pin=0"/></net>

<net id="2241"><net_src comp="2237" pin="1"/><net_sink comp="1534" pin=108"/></net>

<net id="2245"><net_src comp="468" pin="2"/><net_sink comp="2242" pin=0"/></net>

<net id="2246"><net_src comp="2242" pin="1"/><net_sink comp="1534" pin=106"/></net>

<net id="2250"><net_src comp="474" pin="2"/><net_sink comp="2247" pin=0"/></net>

<net id="2251"><net_src comp="2247" pin="1"/><net_sink comp="1534" pin=104"/></net>

<net id="2255"><net_src comp="480" pin="2"/><net_sink comp="2252" pin=0"/></net>

<net id="2256"><net_src comp="2252" pin="1"/><net_sink comp="1534" pin=102"/></net>

<net id="2260"><net_src comp="486" pin="2"/><net_sink comp="2257" pin=0"/></net>

<net id="2261"><net_src comp="2257" pin="1"/><net_sink comp="1534" pin=100"/></net>

<net id="2265"><net_src comp="492" pin="2"/><net_sink comp="2262" pin=0"/></net>

<net id="2266"><net_src comp="2262" pin="1"/><net_sink comp="1534" pin=98"/></net>

<net id="2270"><net_src comp="498" pin="2"/><net_sink comp="2267" pin=0"/></net>

<net id="2271"><net_src comp="2267" pin="1"/><net_sink comp="1534" pin=96"/></net>

<net id="2275"><net_src comp="504" pin="2"/><net_sink comp="2272" pin=0"/></net>

<net id="2276"><net_src comp="2272" pin="1"/><net_sink comp="1534" pin=94"/></net>

<net id="2280"><net_src comp="510" pin="2"/><net_sink comp="2277" pin=0"/></net>

<net id="2281"><net_src comp="2277" pin="1"/><net_sink comp="1534" pin=92"/></net>

<net id="2285"><net_src comp="516" pin="2"/><net_sink comp="2282" pin=0"/></net>

<net id="2286"><net_src comp="2282" pin="1"/><net_sink comp="1534" pin=90"/></net>

<net id="2290"><net_src comp="522" pin="2"/><net_sink comp="2287" pin=0"/></net>

<net id="2291"><net_src comp="2287" pin="1"/><net_sink comp="1534" pin=88"/></net>

<net id="2295"><net_src comp="528" pin="2"/><net_sink comp="2292" pin=0"/></net>

<net id="2296"><net_src comp="2292" pin="1"/><net_sink comp="1534" pin=86"/></net>

<net id="2300"><net_src comp="534" pin="2"/><net_sink comp="2297" pin=0"/></net>

<net id="2301"><net_src comp="2297" pin="1"/><net_sink comp="1534" pin=84"/></net>

<net id="2305"><net_src comp="540" pin="2"/><net_sink comp="2302" pin=0"/></net>

<net id="2306"><net_src comp="2302" pin="1"/><net_sink comp="1534" pin=82"/></net>

<net id="2310"><net_src comp="546" pin="2"/><net_sink comp="2307" pin=0"/></net>

<net id="2311"><net_src comp="2307" pin="1"/><net_sink comp="1534" pin=80"/></net>

<net id="2315"><net_src comp="552" pin="2"/><net_sink comp="2312" pin=0"/></net>

<net id="2316"><net_src comp="2312" pin="1"/><net_sink comp="1534" pin=78"/></net>

<net id="2320"><net_src comp="558" pin="2"/><net_sink comp="2317" pin=0"/></net>

<net id="2321"><net_src comp="2317" pin="1"/><net_sink comp="1534" pin=76"/></net>

<net id="2325"><net_src comp="564" pin="2"/><net_sink comp="2322" pin=0"/></net>

<net id="2326"><net_src comp="2322" pin="1"/><net_sink comp="1534" pin=74"/></net>

<net id="2330"><net_src comp="570" pin="2"/><net_sink comp="2327" pin=0"/></net>

<net id="2331"><net_src comp="2327" pin="1"/><net_sink comp="1534" pin=72"/></net>

<net id="2335"><net_src comp="576" pin="2"/><net_sink comp="2332" pin=0"/></net>

<net id="2336"><net_src comp="2332" pin="1"/><net_sink comp="1534" pin=70"/></net>

<net id="2340"><net_src comp="582" pin="2"/><net_sink comp="2337" pin=0"/></net>

<net id="2341"><net_src comp="2337" pin="1"/><net_sink comp="1534" pin=68"/></net>

<net id="2345"><net_src comp="588" pin="2"/><net_sink comp="2342" pin=0"/></net>

<net id="2346"><net_src comp="2342" pin="1"/><net_sink comp="1534" pin=66"/></net>

<net id="2350"><net_src comp="594" pin="2"/><net_sink comp="2347" pin=0"/></net>

<net id="2351"><net_src comp="2347" pin="1"/><net_sink comp="1534" pin=64"/></net>

<net id="2355"><net_src comp="600" pin="2"/><net_sink comp="2352" pin=0"/></net>

<net id="2356"><net_src comp="2352" pin="1"/><net_sink comp="1534" pin=62"/></net>

<net id="2360"><net_src comp="606" pin="2"/><net_sink comp="2357" pin=0"/></net>

<net id="2361"><net_src comp="2357" pin="1"/><net_sink comp="1534" pin=60"/></net>

<net id="2365"><net_src comp="612" pin="2"/><net_sink comp="2362" pin=0"/></net>

<net id="2366"><net_src comp="2362" pin="1"/><net_sink comp="1534" pin=58"/></net>

<net id="2370"><net_src comp="618" pin="2"/><net_sink comp="2367" pin=0"/></net>

<net id="2371"><net_src comp="2367" pin="1"/><net_sink comp="1534" pin=56"/></net>

<net id="2375"><net_src comp="624" pin="2"/><net_sink comp="2372" pin=0"/></net>

<net id="2376"><net_src comp="2372" pin="1"/><net_sink comp="1534" pin=54"/></net>

<net id="2380"><net_src comp="630" pin="2"/><net_sink comp="2377" pin=0"/></net>

<net id="2381"><net_src comp="2377" pin="1"/><net_sink comp="1534" pin=52"/></net>

<net id="2385"><net_src comp="636" pin="2"/><net_sink comp="2382" pin=0"/></net>

<net id="2386"><net_src comp="2382" pin="1"/><net_sink comp="1534" pin=50"/></net>

<net id="2390"><net_src comp="642" pin="2"/><net_sink comp="2387" pin=0"/></net>

<net id="2391"><net_src comp="2387" pin="1"/><net_sink comp="1534" pin=48"/></net>

<net id="2395"><net_src comp="648" pin="2"/><net_sink comp="2392" pin=0"/></net>

<net id="2396"><net_src comp="2392" pin="1"/><net_sink comp="1534" pin=46"/></net>

<net id="2400"><net_src comp="654" pin="2"/><net_sink comp="2397" pin=0"/></net>

<net id="2401"><net_src comp="2397" pin="1"/><net_sink comp="1534" pin=44"/></net>

<net id="2405"><net_src comp="660" pin="2"/><net_sink comp="2402" pin=0"/></net>

<net id="2406"><net_src comp="2402" pin="1"/><net_sink comp="1534" pin=42"/></net>

<net id="2410"><net_src comp="666" pin="2"/><net_sink comp="2407" pin=0"/></net>

<net id="2411"><net_src comp="2407" pin="1"/><net_sink comp="1534" pin=40"/></net>

<net id="2415"><net_src comp="672" pin="2"/><net_sink comp="2412" pin=0"/></net>

<net id="2416"><net_src comp="2412" pin="1"/><net_sink comp="1534" pin=38"/></net>

<net id="2420"><net_src comp="678" pin="2"/><net_sink comp="2417" pin=0"/></net>

<net id="2421"><net_src comp="2417" pin="1"/><net_sink comp="1534" pin=36"/></net>

<net id="2425"><net_src comp="684" pin="2"/><net_sink comp="2422" pin=0"/></net>

<net id="2426"><net_src comp="2422" pin="1"/><net_sink comp="1534" pin=34"/></net>

<net id="2430"><net_src comp="690" pin="2"/><net_sink comp="2427" pin=0"/></net>

<net id="2431"><net_src comp="2427" pin="1"/><net_sink comp="1534" pin=32"/></net>

<net id="2435"><net_src comp="696" pin="2"/><net_sink comp="2432" pin=0"/></net>

<net id="2436"><net_src comp="2432" pin="1"/><net_sink comp="1534" pin=30"/></net>

<net id="2440"><net_src comp="702" pin="2"/><net_sink comp="2437" pin=0"/></net>

<net id="2441"><net_src comp="2437" pin="1"/><net_sink comp="1534" pin=28"/></net>

<net id="2445"><net_src comp="708" pin="2"/><net_sink comp="2442" pin=0"/></net>

<net id="2446"><net_src comp="2442" pin="1"/><net_sink comp="1534" pin=26"/></net>

<net id="2450"><net_src comp="714" pin="2"/><net_sink comp="2447" pin=0"/></net>

<net id="2451"><net_src comp="2447" pin="1"/><net_sink comp="1534" pin=24"/></net>

<net id="2455"><net_src comp="720" pin="2"/><net_sink comp="2452" pin=0"/></net>

<net id="2456"><net_src comp="2452" pin="1"/><net_sink comp="1534" pin=22"/></net>

<net id="2460"><net_src comp="726" pin="2"/><net_sink comp="2457" pin=0"/></net>

<net id="2461"><net_src comp="2457" pin="1"/><net_sink comp="1534" pin=20"/></net>

<net id="2465"><net_src comp="732" pin="2"/><net_sink comp="2462" pin=0"/></net>

<net id="2466"><net_src comp="2462" pin="1"/><net_sink comp="1534" pin=18"/></net>

<net id="2470"><net_src comp="738" pin="2"/><net_sink comp="2467" pin=0"/></net>

<net id="2471"><net_src comp="2467" pin="1"/><net_sink comp="1534" pin=16"/></net>

<net id="2475"><net_src comp="744" pin="2"/><net_sink comp="2472" pin=0"/></net>

<net id="2476"><net_src comp="2472" pin="1"/><net_sink comp="1534" pin=14"/></net>

<net id="2480"><net_src comp="750" pin="2"/><net_sink comp="2477" pin=0"/></net>

<net id="2481"><net_src comp="2477" pin="1"/><net_sink comp="1534" pin=12"/></net>

<net id="2485"><net_src comp="756" pin="2"/><net_sink comp="2482" pin=0"/></net>

<net id="2486"><net_src comp="2482" pin="1"/><net_sink comp="1534" pin=10"/></net>

<net id="2490"><net_src comp="762" pin="2"/><net_sink comp="2487" pin=0"/></net>

<net id="2491"><net_src comp="2487" pin="1"/><net_sink comp="1534" pin=8"/></net>

<net id="2495"><net_src comp="768" pin="2"/><net_sink comp="2492" pin=0"/></net>

<net id="2496"><net_src comp="2492" pin="1"/><net_sink comp="1534" pin=6"/></net>

<net id="2500"><net_src comp="774" pin="2"/><net_sink comp="2497" pin=0"/></net>

<net id="2501"><net_src comp="2497" pin="1"/><net_sink comp="1534" pin=4"/></net>

<net id="2505"><net_src comp="780" pin="2"/><net_sink comp="2502" pin=0"/></net>

<net id="2506"><net_src comp="2502" pin="1"/><net_sink comp="1534" pin=2"/></net>

<net id="2510"><net_src comp="1449" pin="3"/><net_sink comp="2507" pin=0"/></net>

<net id="2511"><net_src comp="2507" pin="1"/><net_sink comp="1481" pin=1"/></net>

<net id="2515"><net_src comp="1481" pin="2"/><net_sink comp="2512" pin=0"/></net>

<net id="2519"><net_src comp="1530" pin="1"/><net_sink comp="2516" pin=0"/></net>

<net id="2520"><net_src comp="2516" pin="1"/><net_sink comp="1772" pin=1"/></net>

<net id="2524"><net_src comp="1534" pin="131"/><net_sink comp="2521" pin=0"/></net>

<net id="2525"><net_src comp="2521" pin="1"/><net_sink comp="1769" pin=0"/></net>

<net id="2526"><net_src comp="2521" pin="1"/><net_sink comp="1346" pin=1"/></net>

<net id="2530"><net_src comp="1734" pin="4"/><net_sink comp="2527" pin=0"/></net>

<net id="2531"><net_src comp="2527" pin="1"/><net_sink comp="1772" pin=2"/></net>

<net id="2535"><net_src comp="1778" pin="1"/><net_sink comp="2532" pin=0"/></net>

<net id="2536"><net_src comp="2532" pin="1"/><net_sink comp="994" pin=2"/></net>

<net id="2537"><net_src comp="2532" pin="1"/><net_sink comp="1001" pin=2"/></net>

<net id="2538"><net_src comp="2532" pin="1"/><net_sink comp="1008" pin=2"/></net>

<net id="2539"><net_src comp="2532" pin="1"/><net_sink comp="1015" pin=2"/></net>

<net id="2540"><net_src comp="2532" pin="1"/><net_sink comp="1022" pin=2"/></net>

<net id="2541"><net_src comp="2532" pin="1"/><net_sink comp="1029" pin=2"/></net>

<net id="2542"><net_src comp="2532" pin="1"/><net_sink comp="1036" pin=2"/></net>

<net id="2543"><net_src comp="2532" pin="1"/><net_sink comp="1043" pin=2"/></net>

<net id="2544"><net_src comp="2532" pin="1"/><net_sink comp="1050" pin=2"/></net>

<net id="2545"><net_src comp="2532" pin="1"/><net_sink comp="1057" pin=2"/></net>

<net id="2546"><net_src comp="2532" pin="1"/><net_sink comp="1064" pin=2"/></net>

<net id="2547"><net_src comp="2532" pin="1"/><net_sink comp="1071" pin=2"/></net>

<net id="2548"><net_src comp="2532" pin="1"/><net_sink comp="1078" pin=2"/></net>

<net id="2549"><net_src comp="2532" pin="1"/><net_sink comp="1085" pin=2"/></net>

<net id="2550"><net_src comp="2532" pin="1"/><net_sink comp="1092" pin=2"/></net>

<net id="2551"><net_src comp="2532" pin="1"/><net_sink comp="1099" pin=2"/></net>

<net id="2555"><net_src comp="786" pin="3"/><net_sink comp="2552" pin=0"/></net>

<net id="2556"><net_src comp="2552" pin="1"/><net_sink comp="898" pin=0"/></net>

<net id="2560"><net_src comp="793" pin="3"/><net_sink comp="2557" pin=0"/></net>

<net id="2561"><net_src comp="2557" pin="1"/><net_sink comp="904" pin=0"/></net>

<net id="2565"><net_src comp="800" pin="3"/><net_sink comp="2562" pin=0"/></net>

<net id="2566"><net_src comp="2562" pin="1"/><net_sink comp="910" pin=0"/></net>

<net id="2570"><net_src comp="807" pin="3"/><net_sink comp="2567" pin=0"/></net>

<net id="2571"><net_src comp="2567" pin="1"/><net_sink comp="916" pin=0"/></net>

<net id="2575"><net_src comp="814" pin="3"/><net_sink comp="2572" pin=0"/></net>

<net id="2576"><net_src comp="2572" pin="1"/><net_sink comp="922" pin=0"/></net>

<net id="2580"><net_src comp="821" pin="3"/><net_sink comp="2577" pin=0"/></net>

<net id="2581"><net_src comp="2577" pin="1"/><net_sink comp="928" pin=0"/></net>

<net id="2585"><net_src comp="828" pin="3"/><net_sink comp="2582" pin=0"/></net>

<net id="2586"><net_src comp="2582" pin="1"/><net_sink comp="934" pin=0"/></net>

<net id="2590"><net_src comp="835" pin="3"/><net_sink comp="2587" pin=0"/></net>

<net id="2591"><net_src comp="2587" pin="1"/><net_sink comp="940" pin=0"/></net>

<net id="2595"><net_src comp="842" pin="3"/><net_sink comp="2592" pin=0"/></net>

<net id="2596"><net_src comp="2592" pin="1"/><net_sink comp="946" pin=0"/></net>

<net id="2600"><net_src comp="849" pin="3"/><net_sink comp="2597" pin=0"/></net>

<net id="2601"><net_src comp="2597" pin="1"/><net_sink comp="952" pin=0"/></net>

<net id="2605"><net_src comp="856" pin="3"/><net_sink comp="2602" pin=0"/></net>

<net id="2606"><net_src comp="2602" pin="1"/><net_sink comp="958" pin=0"/></net>

<net id="2610"><net_src comp="863" pin="3"/><net_sink comp="2607" pin=0"/></net>

<net id="2611"><net_src comp="2607" pin="1"/><net_sink comp="964" pin=0"/></net>

<net id="2615"><net_src comp="870" pin="3"/><net_sink comp="2612" pin=0"/></net>

<net id="2616"><net_src comp="2612" pin="1"/><net_sink comp="970" pin=0"/></net>

<net id="2620"><net_src comp="877" pin="3"/><net_sink comp="2617" pin=0"/></net>

<net id="2621"><net_src comp="2617" pin="1"/><net_sink comp="976" pin=0"/></net>

<net id="2625"><net_src comp="884" pin="3"/><net_sink comp="2622" pin=0"/></net>

<net id="2626"><net_src comp="2622" pin="1"/><net_sink comp="982" pin=0"/></net>

<net id="2630"><net_src comp="891" pin="3"/><net_sink comp="2627" pin=0"/></net>

<net id="2631"><net_src comp="2627" pin="1"/><net_sink comp="988" pin=0"/></net>

<net id="2635"><net_src comp="1367" pin="1"/><net_sink comp="2632" pin=0"/></net>

<net id="2636"><net_src comp="2632" pin="1"/><net_sink comp="2054" pin=0"/></net>

<net id="2637"><net_src comp="2632" pin="1"/><net_sink comp="1106" pin=4"/></net>

<net id="2641"><net_src comp="1371" pin="1"/><net_sink comp="2638" pin=0"/></net>

<net id="2642"><net_src comp="2638" pin="1"/><net_sink comp="2061" pin=0"/></net>

<net id="2643"><net_src comp="2638" pin="1"/><net_sink comp="1116" pin=4"/></net>

<net id="2647"><net_src comp="1375" pin="1"/><net_sink comp="2644" pin=0"/></net>

<net id="2648"><net_src comp="2644" pin="1"/><net_sink comp="2068" pin=0"/></net>

<net id="2649"><net_src comp="2644" pin="1"/><net_sink comp="1126" pin=4"/></net>

<net id="2653"><net_src comp="1379" pin="1"/><net_sink comp="2650" pin=0"/></net>

<net id="2654"><net_src comp="2650" pin="1"/><net_sink comp="2075" pin=0"/></net>

<net id="2655"><net_src comp="2650" pin="1"/><net_sink comp="1136" pin=4"/></net>

<net id="2659"><net_src comp="1383" pin="1"/><net_sink comp="2656" pin=0"/></net>

<net id="2660"><net_src comp="2656" pin="1"/><net_sink comp="2082" pin=0"/></net>

<net id="2661"><net_src comp="2656" pin="1"/><net_sink comp="1146" pin=4"/></net>

<net id="2665"><net_src comp="1387" pin="1"/><net_sink comp="2662" pin=0"/></net>

<net id="2666"><net_src comp="2662" pin="1"/><net_sink comp="2089" pin=0"/></net>

<net id="2667"><net_src comp="2662" pin="1"/><net_sink comp="1156" pin=4"/></net>

<net id="2671"><net_src comp="1391" pin="1"/><net_sink comp="2668" pin=0"/></net>

<net id="2672"><net_src comp="2668" pin="1"/><net_sink comp="2096" pin=0"/></net>

<net id="2673"><net_src comp="2668" pin="1"/><net_sink comp="1166" pin=4"/></net>

<net id="2677"><net_src comp="1395" pin="1"/><net_sink comp="2674" pin=0"/></net>

<net id="2678"><net_src comp="2674" pin="1"/><net_sink comp="2103" pin=0"/></net>

<net id="2679"><net_src comp="2674" pin="1"/><net_sink comp="1176" pin=4"/></net>

<net id="2683"><net_src comp="1399" pin="1"/><net_sink comp="2680" pin=0"/></net>

<net id="2684"><net_src comp="2680" pin="1"/><net_sink comp="2110" pin=0"/></net>

<net id="2685"><net_src comp="2680" pin="1"/><net_sink comp="1186" pin=4"/></net>

<net id="2689"><net_src comp="1403" pin="1"/><net_sink comp="2686" pin=0"/></net>

<net id="2690"><net_src comp="2686" pin="1"/><net_sink comp="2117" pin=0"/></net>

<net id="2691"><net_src comp="2686" pin="1"/><net_sink comp="1196" pin=4"/></net>

<net id="2695"><net_src comp="1407" pin="1"/><net_sink comp="2692" pin=0"/></net>

<net id="2696"><net_src comp="2692" pin="1"/><net_sink comp="2124" pin=0"/></net>

<net id="2697"><net_src comp="2692" pin="1"/><net_sink comp="1206" pin=4"/></net>

<net id="2701"><net_src comp="1411" pin="1"/><net_sink comp="2698" pin=0"/></net>

<net id="2702"><net_src comp="2698" pin="1"/><net_sink comp="2131" pin=0"/></net>

<net id="2703"><net_src comp="2698" pin="1"/><net_sink comp="1216" pin=4"/></net>

<net id="2707"><net_src comp="1415" pin="1"/><net_sink comp="2704" pin=0"/></net>

<net id="2708"><net_src comp="2704" pin="1"/><net_sink comp="2138" pin=0"/></net>

<net id="2709"><net_src comp="2704" pin="1"/><net_sink comp="1226" pin=4"/></net>

<net id="2713"><net_src comp="1419" pin="1"/><net_sink comp="2710" pin=0"/></net>

<net id="2714"><net_src comp="2710" pin="1"/><net_sink comp="2145" pin=0"/></net>

<net id="2715"><net_src comp="2710" pin="1"/><net_sink comp="1236" pin=4"/></net>

<net id="2719"><net_src comp="1423" pin="1"/><net_sink comp="2716" pin=0"/></net>

<net id="2720"><net_src comp="2716" pin="1"/><net_sink comp="2152" pin=0"/></net>

<net id="2721"><net_src comp="2716" pin="1"/><net_sink comp="1246" pin=4"/></net>

<net id="2725"><net_src comp="1427" pin="1"/><net_sink comp="2722" pin=0"/></net>

<net id="2726"><net_src comp="2722" pin="1"/><net_sink comp="2159" pin=0"/></net>

<net id="2727"><net_src comp="2722" pin="1"/><net_sink comp="1256" pin=4"/></net>

</net_list>

</model> 
---------------- Datapath Model END ------------------

* FSMD analyzer results:
  - Output states:
	Port: O_fp16_0 | {9 }
	Port: O_fp16_1 | {9 }
	Port: O_fp16_2 | {9 }
	Port: O_fp16_3 | {9 }
	Port: O_fp16_4 | {9 }
	Port: O_fp16_5 | {9 }
	Port: O_fp16_6 | {9 }
	Port: O_fp16_7 | {9 }
	Port: O_fp16_8 | {9 }
	Port: O_fp16_9 | {9 }
	Port: O_fp16_10 | {9 }
	Port: O_fp16_11 | {9 }
	Port: O_fp16_12 | {9 }
	Port: O_fp16_13 | {9 }
	Port: O_fp16_14 | {9 }
	Port: O_fp16_15 | {9 }
 - Input state : 
	Port: normalize_output : O_fp32_0 | {7 8 }
	Port: normalize_output : O_fp32_1 | {7 8 }
	Port: normalize_output : O_fp32_2 | {7 8 }
	Port: normalize_output : O_fp32_3 | {7 8 }
	Port: normalize_output : O_fp32_4 | {7 8 }
	Port: normalize_output : O_fp32_5 | {7 8 }
	Port: normalize_output : O_fp32_6 | {7 8 }
	Port: normalize_output : O_fp32_7 | {7 8 }
	Port: normalize_output : O_fp32_8 | {7 8 }
	Port: normalize_output : O_fp32_9 | {7 8 }
	Port: normalize_output : O_fp32_10 | {7 8 }
	Port: normalize_output : O_fp32_11 | {7 8 }
	Port: normalize_output : O_fp32_12 | {7 8 }
	Port: normalize_output : O_fp32_13 | {7 8 }
	Port: normalize_output : O_fp32_14 | {7 8 }
	Port: normalize_output : O_fp32_15 | {7 8 }
	Port: normalize_output : l_i_0_val | {1 }
	Port: normalize_output : l_i_1_val | {1 }
	Port: normalize_output : l_i_2_val | {1 }
	Port: normalize_output : l_i_3_val | {1 }
	Port: normalize_output : l_i_4_val | {1 }
	Port: normalize_output : l_i_5_val | {1 }
	Port: normalize_output : l_i_6_val | {1 }
	Port: normalize_output : l_i_7_val | {1 }
	Port: normalize_output : l_i_8_val | {1 }
	Port: normalize_output : l_i_9_val | {1 }
	Port: normalize_output : l_i_10_val | {1 }
	Port: normalize_output : l_i_11_val | {1 }
	Port: normalize_output : l_i_12_val | {1 }
	Port: normalize_output : l_i_13_val | {1 }
	Port: normalize_output : l_i_14_val | {1 }
	Port: normalize_output : l_i_15_val | {1 }
	Port: normalize_output : l_i_16_val | {1 }
	Port: normalize_output : l_i_17_val | {1 }
	Port: normalize_output : l_i_18_val | {1 }
	Port: normalize_output : l_i_19_val | {1 }
	Port: normalize_output : l_i_20_val | {1 }
	Port: normalize_output : l_i_21_val | {1 }
	Port: normalize_output : l_i_22_val | {1 }
	Port: normalize_output : l_i_23_val | {1 }
	Port: normalize_output : l_i_24_val | {1 }
	Port: normalize_output : l_i_25_val | {1 }
	Port: normalize_output : l_i_26_val | {1 }
	Port: normalize_output : l_i_27_val | {1 }
	Port: normalize_output : l_i_28_val | {1 }
	Port: normalize_output : l_i_29_val | {1 }
	Port: normalize_output : l_i_30_val | {1 }
	Port: normalize_output : l_i_31_val | {1 }
	Port: normalize_output : l_i_32_val | {1 }
	Port: normalize_output : l_i_33_val | {1 }
	Port: normalize_output : l_i_34_val | {1 }
	Port: normalize_output : l_i_35_val | {1 }
	Port: normalize_output : l_i_36_val | {1 }
	Port: normalize_output : l_i_37_val | {1 }
	Port: normalize_output : l_i_38_val | {1 }
	Port: normalize_output : l_i_39_val | {1 }
	Port: normalize_output : l_i_40_val | {1 }
	Port: normalize_output : l_i_41_val | {1 }
	Port: normalize_output : l_i_42_val | {1 }
	Port: normalize_output : l_i_43_val | {1 }
	Port: normalize_output : l_i_44_val | {1 }
	Port: normalize_output : l_i_45_val | {1 }
	Port: normalize_output : l_i_46_val | {1 }
	Port: normalize_output : l_i_47_val | {1 }
	Port: normalize_output : l_i_48_val | {1 }
	Port: normalize_output : l_i_49_val | {1 }
	Port: normalize_output : l_i_50_val | {1 }
	Port: normalize_output : l_i_51_val | {1 }
	Port: normalize_output : l_i_52_val | {1 }
	Port: normalize_output : l_i_53_val | {1 }
	Port: normalize_output : l_i_54_val | {1 }
	Port: normalize_output : l_i_55_val | {1 }
	Port: normalize_output : l_i_56_val | {1 }
	Port: normalize_output : l_i_57_val | {1 }
	Port: normalize_output : l_i_58_val | {1 }
	Port: normalize_output : l_i_59_val | {1 }
	Port: normalize_output : l_i_60_val | {1 }
	Port: normalize_output : l_i_61_val | {1 }
	Port: normalize_output : l_i_62_val | {1 }
	Port: normalize_output : l_i_63_val | {1 }
	Port: normalize_output : br_actual | {1 }
  - Chain level:
	State 1
		empty_76 : 1
		tmp_s : 2
		store_ln0 : 1
		store_ln193 : 1
		store_ln197 : 1
	State 2
		add_ln193_1 : 1
		icmp_ln193 : 1
		br_ln193 : 2
		trunc_ln193 : 1
		add_ln193 : 1
		tmp_3 : 1
		select_ln193 : 2
		zext_ln193 : 3
		select_ln193_1 : 2
		trunc_ln193_1 : 3
		tmp : 4
		lshr_ln : 3
		add_ln197 : 4
		store_ln193 : 2
		store_ln193 : 3
		store_ln197 : 5
	State 3
	State 4
	State 5
	State 6
	State 7
		zext_ln200 : 1
		O_fp32_0_addr : 2
		O_fp32_1_addr : 2
		O_fp32_2_addr : 2
		O_fp32_3_addr : 2
		O_fp32_4_addr : 2
		O_fp32_5_addr : 2
		O_fp32_6_addr : 2
		O_fp32_7_addr : 2
		O_fp32_8_addr : 2
		O_fp32_9_addr : 2
		O_fp32_10_addr : 2
		O_fp32_11_addr : 2
		O_fp32_12_addr : 2
		O_fp32_13_addr : 2
		O_fp32_14_addr : 2
		O_fp32_15_addr : 2
		muxLogicRAMAddr_to_O_fp32_0_load : 3
		O_fp32_0_load : 3
		muxLogicRAMAddr_to_O_fp32_1_load : 3
		O_fp32_1_load : 3
		muxLogicRAMAddr_to_O_fp32_2_load : 3
		O_fp32_2_load : 3
		muxLogicRAMAddr_to_O_fp32_3_load : 3
		O_fp32_3_load : 3
		muxLogicRAMAddr_to_O_fp32_4_load : 3
		O_fp32_4_load : 3
		muxLogicRAMAddr_to_O_fp32_5_load : 3
		O_fp32_5_load : 3
		muxLogicRAMAddr_to_O_fp32_6_load : 3
		O_fp32_6_load : 3
		muxLogicRAMAddr_to_O_fp32_7_load : 3
		O_fp32_7_load : 3
		muxLogicRAMAddr_to_O_fp32_8_load : 3
		O_fp32_8_load : 3
		muxLogicRAMAddr_to_O_fp32_9_load : 3
		O_fp32_9_load : 3
		muxLogicRAMAddr_to_O_fp32_10_load : 3
		O_fp32_10_load : 3
		muxLogicRAMAddr_to_O_fp32_11_load : 3
		O_fp32_11_load : 3
		muxLogicRAMAddr_to_O_fp32_12_load : 3
		O_fp32_12_load : 3
		muxLogicRAMAddr_to_O_fp32_13_load : 3
		O_fp32_13_load : 3
		muxLogicRAMAddr_to_O_fp32_14_load : 3
		O_fp32_14_load : 3
		muxLogicRAMAddr_to_O_fp32_15_load : 3
		O_fp32_15_load : 3
	State 8
		muxLogicI0_to_mul : 1
		muxLogicI1_to_mul : 1
		mul : 1
		muxLogicI0_to_conv : 2
		conv : 2
		muxLogicI0_to_mul_1 : 1
		muxLogicI1_to_mul_1 : 1
		mul_1 : 1
		muxLogicI0_to_conv_1 : 2
		conv_1 : 2
		muxLogicI0_to_mul_2 : 1
		muxLogicI1_to_mul_2 : 1
		mul_2 : 1
		muxLogicI0_to_conv_2 : 2
		conv_2 : 2
		muxLogicI0_to_mul_3 : 1
		muxLogicI1_to_mul_3 : 1
		mul_3 : 1
		muxLogicI0_to_conv_3 : 2
		conv_3 : 2
		muxLogicI0_to_mul_4 : 1
		muxLogicI1_to_mul_4 : 1
		mul_4 : 1
		muxLogicI0_to_conv_4 : 2
		conv_4 : 2
		muxLogicI0_to_mul_5 : 1
		muxLogicI1_to_mul_5 : 1
		mul_5 : 1
		muxLogicI0_to_conv_5 : 2
		conv_5 : 2
		muxLogicI0_to_mul_6 : 1
		muxLogicI1_to_mul_6 : 1
		mul_6 : 1
		muxLogicI0_to_conv_6 : 2
		conv_6 : 2
		muxLogicI0_to_mul_7 : 1
		muxLogicI1_to_mul_7 : 1
		mul_7 : 1
		muxLogicI0_to_conv_7 : 2
		conv_7 : 2
		muxLogicI0_to_mul_8 : 1
		muxLogicI1_to_mul_8 : 1
		mul_8 : 1
		muxLogicI0_to_conv_8 : 2
		conv_8 : 2
		muxLogicI0_to_mul_9 : 1
		muxLogicI1_to_mul_9 : 1
		mul_9 : 1
		muxLogicI0_to_conv_9 : 2
		conv_9 : 2
		muxLogicI0_to_mul_s : 1
		muxLogicI1_to_mul_s : 1
		mul_s : 1
		muxLogicI0_to_conv_s : 2
		conv_s : 2
		muxLogicI0_to_mul_10 : 1
		muxLogicI1_to_mul_10 : 1
		mul_10 : 1
		muxLogicI0_to_conv_10 : 2
		conv_10 : 2
		muxLogicI0_to_mul_11 : 1
		muxLogicI1_to_mul_11 : 1
		mul_11 : 1
		muxLogicI0_to_conv_11 : 2
		conv_11 : 2
		muxLogicI0_to_mul_12 : 1
		muxLogicI1_to_mul_12 : 1
		mul_12 : 1
		muxLogicI0_to_conv_12 : 2
		conv_12 : 2
		muxLogicI0_to_mul_13 : 1
		muxLogicI1_to_mul_13 : 1
		mul_13 : 1
		muxLogicI0_to_conv_13 : 2
		conv_13 : 2
		muxLogicI0_to_mul_14 : 1
		muxLogicI1_to_mul_14 : 1
		mul_14 : 1
		muxLogicI0_to_conv_14 : 2
		conv_14 : 2
	State 9
		muxLogicRAMAddr_to_store_ln200 : 1
		store_ln200 : 1
		muxLogicRAMAddr_to_store_ln200 : 1
		store_ln200 : 1
		muxLogicRAMAddr_to_store_ln200 : 1
		store_ln200 : 1
		muxLogicRAMAddr_to_store_ln200 : 1
		store_ln200 : 1
		muxLogicRAMAddr_to_store_ln200 : 1
		store_ln200 : 1
		muxLogicRAMAddr_to_store_ln200 : 1
		store_ln200 : 1
		muxLogicRAMAddr_to_store_ln200 : 1
		store_ln200 : 1
		muxLogicRAMAddr_to_store_ln200 : 1
		store_ln200 : 1
		muxLogicRAMAddr_to_store_ln200 : 1
		store_ln200 : 1
		muxLogicRAMAddr_to_store_ln200 : 1
		store_ln200 : 1
		muxLogicRAMAddr_to_store_ln200 : 1
		store_ln200 : 1
		muxLogicRAMAddr_to_store_ln200 : 1
		store_ln200 : 1
		muxLogicRAMAddr_to_store_ln200 : 1
		store_ln200 : 1
		muxLogicRAMAddr_to_store_ln200 : 1
		store_ln200 : 1
		muxLogicRAMAddr_to_store_ln200 : 1
		store_ln200 : 1
		muxLogicRAMAddr_to_store_ln200 : 1
		store_ln200 : 1


============================================================
+ Verbose Summary: Datapath Resource usage 
============================================================

* Functional unit list:
|----------|-------------------------------------------|---------|---------|---------|
| Operation|              Functional Unit              |   DSP   |    FF   |   LUT   |
|----------|-------------------------------------------|---------|---------|---------|
| sparsemux|                tmp_fu_1534                |    0    |    0    |   672   |
|----------|-------------------------------------------|---------|---------|---------|
|          |            add_ln193_1_fu_1475            |    0    |    0    |    34   |
|    add   |             add_ln193_fu_1496             |    0    |    0    |    31   |
|          |             add_ln197_fu_1744             |    0    |    0    |    8    |
|----------|-------------------------------------------|---------|---------|---------|
|          |              empty_76_fu_1441             |    0    |    0    |    28   |
|  select  |            select_ln193_fu_1510           |    0    |    0    |    7    |
|          |           select_ln193_1_fu_1522          |    0    |    0    |    28   |
|----------|-------------------------------------------|---------|---------|---------|
|   icmp   |              empty_75_fu_1435             |    0    |    0    |    16   |
|          |             icmp_ln193_fu_1481            |    0    |    0    |    14   |
|----------|-------------------------------------------|---------|---------|---------|
|          |                mul_fu_1266                |    1    |    0    |    0    |
|          |               mul_1_fu_1271               |    1    |    0    |    0    |
|          |               mul_2_fu_1276               |    1    |    0    |    0    |
|          |               mul_3_fu_1281               |    1    |    0    |    0    |
|          |               mul_4_fu_1286               |    1    |    0    |    0    |
|          |               mul_5_fu_1291               |    1    |    0    |    0    |
|          |               mul_6_fu_1296               |    1    |    0    |    0    |
|   fmul   |               mul_7_fu_1301               |    1    |    0    |    0    |
|          |               mul_8_fu_1306               |    1    |    0    |    0    |
|          |               mul_9_fu_1311               |    1    |    0    |    0    |
|          |               mul_s_fu_1316               |    1    |    0    |    0    |
|          |               mul_10_fu_1321              |    1    |    0    |    0    |
|          |               mul_11_fu_1326              |    1    |    0    |    0    |
|          |               mul_12_fu_1331              |    1    |    0    |    0    |
|          |               mul_13_fu_1336              |    1    |    0    |    0    |
|          |               mul_14_fu_1341              |    1    |    0    |    0    |
|----------|-------------------------------------------|---------|---------|---------|
|          |         br_actual_read_read_fu_396        |    0    |    0    |    0    |
|          |        l_i_63_val_read_read_fu_402        |    0    |    0    |    0    |
|          |        l_i_62_val_read_read_fu_408        |    0    |    0    |    0    |
|          |        l_i_61_val_read_read_fu_414        |    0    |    0    |    0    |
|          |        l_i_60_val_read_read_fu_420        |    0    |    0    |    0    |
|          |        l_i_59_val_read_read_fu_426        |    0    |    0    |    0    |
|          |        l_i_58_val_read_read_fu_432        |    0    |    0    |    0    |
|          |        l_i_57_val_read_read_fu_438        |    0    |    0    |    0    |
|          |        l_i_56_val_read_read_fu_444        |    0    |    0    |    0    |
|          |        l_i_55_val_read_read_fu_450        |    0    |    0    |    0    |
|          |        l_i_54_val_read_read_fu_456        |    0    |    0    |    0    |
|          |        l_i_53_val_read_read_fu_462        |    0    |    0    |    0    |
|          |        l_i_52_val_read_read_fu_468        |    0    |    0    |    0    |
|          |        l_i_51_val_read_read_fu_474        |    0    |    0    |    0    |
|          |        l_i_50_val_read_read_fu_480        |    0    |    0    |    0    |
|          |        l_i_49_val_read_read_fu_486        |    0    |    0    |    0    |
|          |        l_i_48_val_read_read_fu_492        |    0    |    0    |    0    |
|          |        l_i_47_val_read_read_fu_498        |    0    |    0    |    0    |
|          |        l_i_46_val_read_read_fu_504        |    0    |    0    |    0    |
|          |        l_i_45_val_read_read_fu_510        |    0    |    0    |    0    |
|          |        l_i_44_val_read_read_fu_516        |    0    |    0    |    0    |
|          |        l_i_43_val_read_read_fu_522        |    0    |    0    |    0    |
|          |        l_i_42_val_read_read_fu_528        |    0    |    0    |    0    |
|          |        l_i_41_val_read_read_fu_534        |    0    |    0    |    0    |
|          |        l_i_40_val_read_read_fu_540        |    0    |    0    |    0    |
|          |        l_i_39_val_read_read_fu_546        |    0    |    0    |    0    |
|          |        l_i_38_val_read_read_fu_552        |    0    |    0    |    0    |
|          |        l_i_37_val_read_read_fu_558        |    0    |    0    |    0    |
|          |        l_i_36_val_read_read_fu_564        |    0    |    0    |    0    |
|          |        l_i_35_val_read_read_fu_570        |    0    |    0    |    0    |
|          |        l_i_34_val_read_read_fu_576        |    0    |    0    |    0    |
|          |        l_i_33_val_read_read_fu_582        |    0    |    0    |    0    |
|   read   |        l_i_32_val_read_read_fu_588        |    0    |    0    |    0    |
|          |        l_i_31_val_read_read_fu_594        |    0    |    0    |    0    |
|          |        l_i_30_val_read_read_fu_600        |    0    |    0    |    0    |
|          |        l_i_29_val_read_read_fu_606        |    0    |    0    |    0    |
|          |        l_i_28_val_read_read_fu_612        |    0    |    0    |    0    |
|          |        l_i_27_val_read_read_fu_618        |    0    |    0    |    0    |
|          |        l_i_26_val_read_read_fu_624        |    0    |    0    |    0    |
|          |        l_i_25_val_read_read_fu_630        |    0    |    0    |    0    |
|          |        l_i_24_val_read_read_fu_636        |    0    |    0    |    0    |
|          |        l_i_23_val_read_read_fu_642        |    0    |    0    |    0    |
|          |        l_i_22_val_read_read_fu_648        |    0    |    0    |    0    |
|          |        l_i_21_val_read_read_fu_654        |    0    |    0    |    0    |
|          |        l_i_20_val_read_read_fu_660        |    0    |    0    |    0    |
|          |        l_i_19_val_read_read_fu_666        |    0    |    0    |    0    |
|          |        l_i_18_val_read_read_fu_672        |    0    |    0    |    0    |
|          |        l_i_17_val_read_read_fu_678        |    0    |    0    |    0    |
|          |        l_i_16_val_read_read_fu_684        |    0    |    0    |    0    |
|          |        l_i_15_val_read_read_fu_690        |    0    |    0    |    0    |
|          |        l_i_14_val_read_read_fu_696        |    0    |    0    |    0    |
|          |        l_i_13_val_read_read_fu_702        |    0    |    0    |    0    |
|          |        l_i_12_val_read_read_fu_708        |    0    |    0    |    0    |
|          |        l_i_11_val_read_read_fu_714        |    0    |    0    |    0    |
|          |        l_i_10_val_read_read_fu_720        |    0    |    0    |    0    |
|          |         l_i_9_val_read_read_fu_726        |    0    |    0    |    0    |
|          |         l_i_8_val_read_read_fu_732        |    0    |    0    |    0    |
|          |         l_i_7_val_read_read_fu_738        |    0    |    0    |    0    |
|          |         l_i_6_val_read_read_fu_744        |    0    |    0    |    0    |
|          |         l_i_5_val_read_read_fu_750        |    0    |    0    |    0    |
|          |         l_i_4_val_read_read_fu_756        |    0    |    0    |    0    |
|          |         l_i_3_val_read_read_fu_762        |    0    |    0    |    0    |
|          |         l_i_2_val_read_read_fu_768        |    0    |    0    |    0    |
|          |         l_i_1_val_read_read_fu_774        |    0    |    0    |    0    |
|          |         l_i_0_val_read_read_fu_780        |    0    |    0    |    0    |
|----------|-------------------------------------------|---------|---------|---------|
|   fdiv   |                grp_fu_1346                |    0    |    0    |    0    |
|----------|-------------------------------------------|---------|---------|---------|
|          |                conv_fu_1367               |    0    |    0    |    0    |
|          |               conv_1_fu_1371              |    0    |    0    |    0    |
|          |               conv_2_fu_1375              |    0    |    0    |    0    |
|          |               conv_3_fu_1379              |    0    |    0    |    0    |
|          |               conv_4_fu_1383              |    0    |    0    |    0    |
|          |               conv_5_fu_1387              |    0    |    0    |    0    |
|          |               conv_6_fu_1391              |    0    |    0    |    0    |
|  sptohp  |               conv_7_fu_1395              |    0    |    0    |    0    |
|          |               conv_8_fu_1399              |    0    |    0    |    0    |
|          |               conv_9_fu_1403              |    0    |    0    |    0    |
|          |               conv_s_fu_1407              |    0    |    0    |    0    |
|          |              conv_10_fu_1411              |    0    |    0    |    0    |
|          |              conv_11_fu_1415              |    0    |    0    |    0    |
|          |              conv_12_fu_1419              |    0    |    0    |    0    |
|          |              conv_13_fu_1423              |    0    |    0    |    0    |
|          |              conv_14_fu_1427              |    0    |    0    |    0    |
|----------|-------------------------------------------|---------|---------|---------|
|          |               empty_fu_1431               |    0    |    0    |    0    |
|   trunc  |            trunc_ln193_fu_1492            |    0    |    0    |    0    |
|          |           trunc_ln193_1_fu_1530           |    0    |    0    |    0    |
|----------|-------------------------------------------|---------|---------|---------|
|bitconcatenate|               tmp_s_fu_1449               |    0    |    0    |    0    |
|          |               tmp_24_fu_1772              |    0    |    0    |    0    |
|----------|-------------------------------------------|---------|---------|---------|
| bitselect|               tmp_3_fu_1502               |    0    |    0    |    0    |
|----------|-------------------------------------------|---------|---------|---------|
|   zext   |             zext_ln193_fu_1518            |    0    |    0    |    0    |
|          |             zext_ln200_fu_1778            |    0    |    0    |    0    |
|----------|-------------------------------------------|---------|---------|---------|
|partselect|              lshr_ln_fu_1734              |    0    |    0    |    0    |
|----------|-------------------------------------------|---------|---------|---------|
|          |        muxLogicI0_to_inv_l_fu_1765        |    0    |    0    |    0    |
|          |        muxLogicI1_to_inv_l_fu_1769        |    0    |    0    |    0    |
|          |  muxLogicRAMAddr_to_O_fp32_0_load_fu_1798 |    0    |    0    |    0    |
|          |  muxLogicRAMAddr_to_O_fp32_1_load_fu_1802 |    0    |    0    |    0    |
|          |  muxLogicRAMAddr_to_O_fp32_2_load_fu_1806 |    0    |    0    |    0    |
|          |  muxLogicRAMAddr_to_O_fp32_3_load_fu_1810 |    0    |    0    |    0    |
|          |  muxLogicRAMAddr_to_O_fp32_4_load_fu_1814 |    0    |    0    |    0    |
|          |  muxLogicRAMAddr_to_O_fp32_5_load_fu_1818 |    0    |    0    |    0    |
|          |  muxLogicRAMAddr_to_O_fp32_6_load_fu_1822 |    0    |    0    |    0    |
|          |  muxLogicRAMAddr_to_O_fp32_7_load_fu_1826 |    0    |    0    |    0    |
|          |  muxLogicRAMAddr_to_O_fp32_8_load_fu_1830 |    0    |    0    |    0    |
|          |  muxLogicRAMAddr_to_O_fp32_9_load_fu_1834 |    0    |    0    |    0    |
|          | muxLogicRAMAddr_to_O_fp32_10_load_fu_1838 |    0    |    0    |    0    |
|          | muxLogicRAMAddr_to_O_fp32_11_load_fu_1842 |    0    |    0    |    0    |
|          | muxLogicRAMAddr_to_O_fp32_12_load_fu_1846 |    0    |    0    |    0    |
|          | muxLogicRAMAddr_to_O_fp32_13_load_fu_1850 |    0    |    0    |    0    |
|          | muxLogicRAMAddr_to_O_fp32_14_load_fu_1854 |    0    |    0    |    0    |
|          | muxLogicRAMAddr_to_O_fp32_15_load_fu_1858 |    0    |    0    |    0    |
|          |         muxLogicI0_to_mul_fu_1862         |    0    |    0    |    0    |
|          |         muxLogicI1_to_mul_fu_1866         |    0    |    0    |    0    |
|          |         muxLogicI0_to_conv_fu_1870        |    0    |    0    |    0    |
|          |        muxLogicI0_to_mul_1_fu_1874        |    0    |    0    |    0    |
|          |        muxLogicI1_to_mul_1_fu_1878        |    0    |    0    |    0    |
|          |        muxLogicI0_to_conv_1_fu_1882       |    0    |    0    |    0    |
|          |        muxLogicI0_to_mul_2_fu_1886        |    0    |    0    |    0    |
|          |        muxLogicI1_to_mul_2_fu_1890        |    0    |    0    |    0    |
|          |        muxLogicI0_to_conv_2_fu_1894       |    0    |    0    |    0    |
|          |        muxLogicI0_to_mul_3_fu_1898        |    0    |    0    |    0    |
|          |        muxLogicI1_to_mul_3_fu_1902        |    0    |    0    |    0    |
|          |        muxLogicI0_to_conv_3_fu_1906       |    0    |    0    |    0    |
|          |        muxLogicI0_to_mul_4_fu_1910        |    0    |    0    |    0    |
|          |        muxLogicI1_to_mul_4_fu_1914        |    0    |    0    |    0    |
|          |        muxLogicI0_to_conv_4_fu_1918       |    0    |    0    |    0    |
|          |        muxLogicI0_to_mul_5_fu_1922        |    0    |    0    |    0    |
|          |        muxLogicI1_to_mul_5_fu_1926        |    0    |    0    |    0    |
|          |        muxLogicI0_to_conv_5_fu_1930       |    0    |    0    |    0    |
|          |        muxLogicI0_to_mul_6_fu_1934        |    0    |    0    |    0    |
|          |        muxLogicI1_to_mul_6_fu_1938        |    0    |    0    |    0    |
|          |        muxLogicI0_to_conv_6_fu_1942       |    0    |    0    |    0    |
|          |        muxLogicI0_to_mul_7_fu_1946        |    0    |    0    |    0    |
|          |        muxLogicI1_to_mul_7_fu_1950        |    0    |    0    |    0    |
|          |        muxLogicI0_to_conv_7_fu_1954       |    0    |    0    |    0    |
|          |        muxLogicI0_to_mul_8_fu_1958        |    0    |    0    |    0    |
|          |        muxLogicI1_to_mul_8_fu_1962        |    0    |    0    |    0    |
|          |        muxLogicI0_to_conv_8_fu_1966       |    0    |    0    |    0    |
|          |        muxLogicI0_to_mul_9_fu_1970        |    0    |    0    |    0    |
|          |        muxLogicI1_to_mul_9_fu_1974        |    0    |    0    |    0    |
|          |        muxLogicI0_to_conv_9_fu_1978       |    0    |    0    |    0    |
| muxlogic |        muxLogicI0_to_mul_s_fu_1982        |    0    |    0    |    0    |
|          |        muxLogicI1_to_mul_s_fu_1986        |    0    |    0    |    0    |
|          |        muxLogicI0_to_conv_s_fu_1990       |    0    |    0    |    0    |
|          |        muxLogicI0_to_mul_10_fu_1994       |    0    |    0    |    0    |
|          |        muxLogicI1_to_mul_10_fu_1998       |    0    |    0    |    0    |
|          |       muxLogicI0_to_conv_10_fu_2002       |    0    |    0    |    0    |
|          |        muxLogicI0_to_mul_11_fu_2006       |    0    |    0    |    0    |
|          |        muxLogicI1_to_mul_11_fu_2010       |    0    |    0    |    0    |
|          |       muxLogicI0_to_conv_11_fu_2014       |    0    |    0    |    0    |
|          |        muxLogicI0_to_mul_12_fu_2018       |    0    |    0    |    0    |
|          |        muxLogicI1_to_mul_12_fu_2022       |    0    |    0    |    0    |
|          |       muxLogicI0_to_conv_12_fu_2026       |    0    |    0    |    0    |
|          |        muxLogicI0_to_mul_13_fu_2030       |    0    |    0    |    0    |
|          |        muxLogicI1_to_mul_13_fu_2034       |    0    |    0    |    0    |
|          |       muxLogicI0_to_conv_13_fu_2038       |    0    |    0    |    0    |
|          |        muxLogicI0_to_mul_14_fu_2042       |    0    |    0    |    0    |
|          |        muxLogicI1_to_mul_14_fu_2046       |    0    |    0    |    0    |
|          |       muxLogicI0_to_conv_14_fu_2050       |    0    |    0    |    0    |
|          |   muxLogicRAMData_to_store_ln200_fu_2054  |    0    |    0    |    0    |
|          |   muxLogicRAMAddr_to_store_ln200_fu_2057  |    0    |    0    |    0    |
|          |   muxLogicRAMData_to_store_ln200_fu_2061  |    0    |    0    |    0    |
|          |   muxLogicRAMAddr_to_store_ln200_fu_2064  |    0    |    0    |    0    |
|          |   muxLogicRAMData_to_store_ln200_fu_2068  |    0    |    0    |    0    |
|          |   muxLogicRAMAddr_to_store_ln200_fu_2071  |    0    |    0    |    0    |
|          |   muxLogicRAMData_to_store_ln200_fu_2075  |    0    |    0    |    0    |
|          |   muxLogicRAMAddr_to_store_ln200_fu_2078  |    0    |    0    |    0    |
|          |   muxLogicRAMData_to_store_ln200_fu_2082  |    0    |    0    |    0    |
|          |   muxLogicRAMAddr_to_store_ln200_fu_2085  |    0    |    0    |    0    |
|          |   muxLogicRAMData_to_store_ln200_fu_2089  |    0    |    0    |    0    |
|          |   muxLogicRAMAddr_to_store_ln200_fu_2092  |    0    |    0    |    0    |
|          |   muxLogicRAMData_to_store_ln200_fu_2096  |    0    |    0    |    0    |
|          |   muxLogicRAMAddr_to_store_ln200_fu_2099  |    0    |    0    |    0    |
|          |   muxLogicRAMData_to_store_ln200_fu_2103  |    0    |    0    |    0    |
|          |   muxLogicRAMAddr_to_store_ln200_fu_2106  |    0    |    0    |    0    |
|          |   muxLogicRAMData_to_store_ln200_fu_2110  |    0    |    0    |    0    |
|          |   muxLogicRAMAddr_to_store_ln200_fu_2113  |    0    |    0    |    0    |
|          |   muxLogicRAMData_to_store_ln200_fu_2117  |    0    |    0    |    0    |
|          |   muxLogicRAMAddr_to_store_ln200_fu_2120  |    0    |    0    |    0    |
|          |   muxLogicRAMData_to_store_ln200_fu_2124  |    0    |    0    |    0    |
|          |   muxLogicRAMAddr_to_store_ln200_fu_2127  |    0    |    0    |    0    |
|          |   muxLogicRAMData_to_store_ln200_fu_2131  |    0    |    0    |    0    |
|          |   muxLogicRAMAddr_to_store_ln200_fu_2134  |    0    |    0    |    0    |
|          |   muxLogicRAMData_to_store_ln200_fu_2138  |    0    |    0    |    0    |
|          |   muxLogicRAMAddr_to_store_ln200_fu_2141  |    0    |    0    |    0    |
|          |   muxLogicRAMData_to_store_ln200_fu_2145  |    0    |    0    |    0    |
|          |   muxLogicRAMAddr_to_store_ln200_fu_2148  |    0    |    0    |    0    |
|          |   muxLogicRAMData_to_store_ln200_fu_2152  |    0    |    0    |    0    |
|          |   muxLogicRAMAddr_to_store_ln200_fu_2155  |    0    |    0    |    0    |
|          |   muxLogicRAMData_to_store_ln200_fu_2159  |    0    |    0    |    0    |
|          |   muxLogicRAMAddr_to_store_ln200_fu_2162  |    0    |    0    |    0    |
|----------|-------------------------------------------|---------|---------|---------|
|   Total  |                                           |    16   |    0    |   838   |
|----------|-------------------------------------------|---------|---------|---------|

Memories:
N/A

* Register list:
+------------------------+--------+
|                        |   FF   |
+------------------------+--------+
| O_fp32_0_addr_reg_2552 |    9   |
| O_fp32_10_addr_reg_2602|    9   |
| O_fp32_11_addr_reg_2607|    9   |
| O_fp32_12_addr_reg_2612|    9   |
| O_fp32_13_addr_reg_2617|    9   |
| O_fp32_14_addr_reg_2622|    9   |
| O_fp32_15_addr_reg_2627|    9   |
| O_fp32_1_addr_reg_2557 |    9   |
| O_fp32_2_addr_reg_2562 |    9   |
| O_fp32_3_addr_reg_2567 |    9   |
| O_fp32_4_addr_reg_2572 |    9   |
| O_fp32_5_addr_reg_2577 |    9   |
| O_fp32_6_addr_reg_2582 |    9   |
| O_fp32_7_addr_reg_2587 |    9   |
| O_fp32_8_addr_reg_2592 |    9   |
| O_fp32_9_addr_reg_2597 |    9   |
|    conv_10_reg_2698    |   16   |
|    conv_11_reg_2704    |   16   |
|    conv_12_reg_2710    |   16   |
|    conv_13_reg_2716    |   16   |
|    conv_14_reg_2722    |   16   |
|     conv_1_reg_2638    |   16   |
|     conv_2_reg_2644    |   16   |
|     conv_3_reg_2650    |   16   |
|     conv_4_reg_2656    |   16   |
|     conv_5_reg_2662    |   16   |
|     conv_6_reg_2668    |   16   |
|     conv_7_reg_2674    |   16   |
|     conv_8_reg_2680    |   16   |
|     conv_9_reg_2686    |   16   |
|      conv_reg_2632     |   16   |
|     conv_s_reg_2692    |   16   |
|       i_reg_2173       |   31   |
|   icmp_ln193_reg_2512  |    1   |
| indvar_flatten_reg_2180|   34   |
|       k_reg_2166       |    8   |
| l_i_0_val_read_reg_2502|   32   |
|l_i_10_val_read_reg_2452|   32   |
|l_i_11_val_read_reg_2447|   32   |
|l_i_12_val_read_reg_2442|   32   |
|l_i_13_val_read_reg_2437|   32   |
|l_i_14_val_read_reg_2432|   32   |
|l_i_15_val_read_reg_2427|   32   |
|l_i_16_val_read_reg_2422|   32   |
|l_i_17_val_read_reg_2417|   32   |
|l_i_18_val_read_reg_2412|   32   |
|l_i_19_val_read_reg_2407|   32   |
| l_i_1_val_read_reg_2497|   32   |
|l_i_20_val_read_reg_2402|   32   |
|l_i_21_val_read_reg_2397|   32   |
|l_i_22_val_read_reg_2392|   32   |
|l_i_23_val_read_reg_2387|   32   |
|l_i_24_val_read_reg_2382|   32   |
|l_i_25_val_read_reg_2377|   32   |
|l_i_26_val_read_reg_2372|   32   |
|l_i_27_val_read_reg_2367|   32   |
|l_i_28_val_read_reg_2362|   32   |
|l_i_29_val_read_reg_2357|   32   |
| l_i_2_val_read_reg_2492|   32   |
|l_i_30_val_read_reg_2352|   32   |
|l_i_31_val_read_reg_2347|   32   |
|l_i_32_val_read_reg_2342|   32   |
|l_i_33_val_read_reg_2337|   32   |
|l_i_34_val_read_reg_2332|   32   |
|l_i_35_val_read_reg_2327|   32   |
|l_i_36_val_read_reg_2322|   32   |
|l_i_37_val_read_reg_2317|   32   |
|l_i_38_val_read_reg_2312|   32   |
|l_i_39_val_read_reg_2307|   32   |
| l_i_3_val_read_reg_2487|   32   |
|l_i_40_val_read_reg_2302|   32   |
|l_i_41_val_read_reg_2297|   32   |
|l_i_42_val_read_reg_2292|   32   |
|l_i_43_val_read_reg_2287|   32   |
|l_i_44_val_read_reg_2282|   32   |
|l_i_45_val_read_reg_2277|   32   |
|l_i_46_val_read_reg_2272|   32   |
|l_i_47_val_read_reg_2267|   32   |
|l_i_48_val_read_reg_2262|   32   |
|l_i_49_val_read_reg_2257|   32   |
| l_i_4_val_read_reg_2482|   32   |
|l_i_50_val_read_reg_2252|   32   |
|l_i_51_val_read_reg_2247|   32   |
|l_i_52_val_read_reg_2242|   32   |
|l_i_53_val_read_reg_2237|   32   |
|l_i_54_val_read_reg_2232|   32   |
|l_i_55_val_read_reg_2227|   32   |
|l_i_56_val_read_reg_2222|   32   |
|l_i_57_val_read_reg_2217|   32   |
|l_i_58_val_read_reg_2212|   32   |
|l_i_59_val_read_reg_2207|   32   |
| l_i_5_val_read_reg_2477|   32   |
|l_i_60_val_read_reg_2202|   32   |
|l_i_61_val_read_reg_2197|   32   |
|l_i_62_val_read_reg_2192|   32   |
|l_i_63_val_read_reg_2187|   32   |
| l_i_6_val_read_reg_2472|   32   |
| l_i_7_val_read_reg_2467|   32   |
| l_i_8_val_read_reg_2462|   32   |
| l_i_9_val_read_reg_2457|   32   |
|    lshr_ln_reg_2527    |    3   |
|      tmp_reg_2521      |   32   |
|     tmp_s_reg_2507     |   34   |
| trunc_ln193_1_reg_2516 |    6   |
|   zext_ln200_reg_2532  |   64   |
+------------------------+--------+
|          Total         |  2661  |
+------------------------+--------+

* Multiplexer (MUX) list: 
|-------------------|------|------|------|--------||---------||---------||---------|
|        Comp       |  Pin | Size |  BW  | S x BW ||  Delay  ||    FF   ||   LUT   |
|-------------------|------|------|------|--------||---------||---------||---------|
| grp_access_fu_898 |  p0  |   2  |   9  |   18   ||    0    ||    16   |
| grp_access_fu_904 |  p0  |   2  |   9  |   18   ||    0    ||    16   |
| grp_access_fu_910 |  p0  |   2  |   9  |   18   ||    0    ||    16   |
| grp_access_fu_916 |  p0  |   2  |   9  |   18   ||    0    ||    16   |
| grp_access_fu_922 |  p0  |   2  |   9  |   18   ||    0    ||    16   |
| grp_access_fu_928 |  p0  |   2  |   9  |   18   ||    0    ||    16   |
| grp_access_fu_934 |  p0  |   2  |   9  |   18   ||    0    ||    16   |
| grp_access_fu_940 |  p0  |   2  |   9  |   18   ||    0    ||    16   |
| grp_access_fu_946 |  p0  |   2  |   9  |   18   ||    0    ||    16   |
| grp_access_fu_952 |  p0  |   2  |   9  |   18   ||    0    ||    16   |
| grp_access_fu_958 |  p0  |   2  |   9  |   18   ||    0    ||    16   |
| grp_access_fu_964 |  p0  |   2  |   9  |   18   ||    0    ||    16   |
| grp_access_fu_970 |  p0  |   2  |   9  |   18   ||    0    ||    16   |
| grp_access_fu_976 |  p0  |   2  |   9  |   18   ||    0    ||    16   |
| grp_access_fu_982 |  p0  |   2  |   9  |   18   ||    0    ||    16   |
| grp_access_fu_988 |  p0  |   2  |   9  |   18   ||    0    ||    16   |
|-------------------|------|------|------|--------||---------||---------||---------|
|       Total       |      |      |      |   288  ||  6.288  ||    0    ||   256   |
|-------------------|------|------|------|--------||---------||---------||---------|



* Summary:
+-----------+--------+--------+--------+--------+
|           |   DSP  |  Delay |   FF   |   LUT  |
+-----------+--------+--------+--------+--------+
|  Function |   16   |    -   |    0   |   838  |
|   Memory  |    -   |    -   |    -   |    -   |
|Multiplexer|    -   |    6   |    0   |   256  |
|  Register |    -   |    -   |  2661  |    -   |
+-----------+--------+--------+--------+--------+
|   Total   |   16   |    6   |  2661  |  1094  |
+-----------+--------+--------+--------+--------+
