

================================================================
== Vitis HLS Report for 'online_softmax_tile_Pipeline_SOFTMAX_PAD'
================================================================
* Date:           Sun Mar 22 18:06:53 2026

* Version:        2025.1 (Build 6135595 on May 21 2025)
* Project:        FlashAtt1
* Solution:       hls (Vivado IP Flow Target)
* Product family: versalhbm
* Target device:  xcvh1582-lsva4737-2LHP-e-S


================================================================
== Performance Estimates
================================================================
+ Timing: 
    * Summary: 
    +--------+----------+----------+------------+
    |  Clock |  Target  | Estimated| Uncertainty|
    +--------+----------+----------+------------+
    |ap_clk  |  10.00 ns|  2.365 ns|     2.70 ns|
    +--------+----------+----------+------------+

+ Latency: 
    * Summary: 
    +---------+---------+----------+----------+-----+-----+------------------------------------------------+
    |  Latency (cycles) |  Latency (absolute) |  Interval |                    Pipeline                    |
    |   min   |   max   |    min   |    max   | min | max |                      Type                      |
    +---------+---------+----------+----------+-----+-----+------------------------------------------------+
    |        ?|        ?|         ?|         ?|    0|    0|  loop auto-rewind stp (delay=0 clock cycles(s))|
    +---------+---------+----------+----------+-----+-----+------------------------------------------------+

    + Detail: 
        * Instance: 
        N/A

        * Loop: 
        +---------------+---------+---------+----------+-----------+-----------+------+----------+
        |               |  Latency (cycles) | Iteration|  Initiation Interval  | Trip |          |
        |   Loop Name   |   min   |   max   |  Latency |  achieved |   target  | Count| Pipelined|
        +---------------+---------+---------+----------+-----------+-----------+------+----------+
        |- SOFTMAX_PAD  |        ?|        ?|         8|          8|          1|     ?|       yes|
        +---------------+---------+---------+----------+-----------+-----------+------+----------+



================================================================
== Utilization Estimates
================================================================
* Summary: 
+---------------------+---------+------+---------+---------+------+
|         Name        | BRAM_18K|  DSP |    FF   |   LUT   | URAM |
+---------------------+---------+------+---------+---------+------+
|DSP                  |        -|     -|        -|        -|     -|
|Expression           |        -|     -|        0|       45|     -|
|FIFO                 |        -|     -|        -|        -|     -|
|Instance             |        -|     -|        -|        -|     -|
|Memory               |        -|     -|        -|        -|     -|
|Multiplexer          |        -|     -|        0|      710|     -|
|Register             |        -|     -|      377|        -|     -|
+---------------------+---------+------+---------+---------+------+
|Total                |        0|     0|      377|      755|     0|
+---------------------+---------+------+---------+---------+------+
|Available SLR        |     2541|  3696|  1753984|   876992|   650|
+---------------------+---------+------+---------+---------+------+
|Utilization SLR (%)  |        0|     0|       ~0|       ~0|     0|
+---------------------+---------+------+---------+---------+------+
|Available            |     5082|  7392|  3507968|  1753984|  1301|
+---------------------+---------+------+---------+---------+------+
|Utilization (%)      |        0|     0|       ~0|       ~0|     0|
+---------------------+---------+------+---------+---------+------+

+ Detail: 
    * Instance: 
    N/A

    * DSP: 
    N/A

    * Memory: 
    N/A

    * FIFO: 
    N/A

    * Expression: 
    +----------------------+----------+----+---+----+------------+------------+
    |     Variable Name    | Operation| DSP| FF| LUT| Bitwidth P0| Bitwidth P1|
    +----------------------+----------+----+---+----+------------+------------+
    |add_ln85_fu_2662_p2   |         +|   0|  0|  32|          32|           1|
    |icmp_ln85_fu_2198_p2  |      icmp|   0|  0|  13|          26|           1|
    +----------------------+----------+----+---+----+------------+------------+
    |Total                 |          |   0|  0|  45|          58|           2|
    +----------------------+----------+----+---+----+------------+------------+

    * Multiplexer: 
    +-------------------------+----+-----------+-----+-----------+
    |           Name          | LUT| Input Size| Bits| Total Bits|
    +-------------------------+----+-----------+-----+-----------+
    |P_tile_0_address1_local  |  80|          9|    9|         81|
    |P_tile_1_address1_local  |  80|          9|    9|         81|
    |P_tile_2_address1_local  |  80|          9|    9|         81|
    |P_tile_3_address1_local  |  80|          9|    9|         81|
    |P_tile_4_address1_local  |  80|          9|    9|         81|
    |P_tile_5_address1_local  |  80|          9|    9|         81|
    |P_tile_6_address1_local  |  80|          9|    9|         81|
    |P_tile_7_address1_local  |  80|          9|    9|         81|
    |ap_NS_fsm                |   5|          9|    1|          9|
    |ap_done_int              |   1|          2|    1|          2|
    |ap_sig_allocacmp_i_2     |  32|          2|   32|         64|
    |i_fu_578                 |  32|          2|   32|         64|
    +-------------------------+----+-----------+-----+-----------+
    |Total                    | 710|         87|  138|        787|
    +-------------------------+----+-----------+-----+-----------+

    * Register: 
    +--------------------------+----+----+-----+-----------+
    |           Name           | FF | LUT| Bits| Const Bits|
    +--------------------------+----+----+-----+-----------+
    |P_tile_0_addr_1_reg_2857  |   6|   0|    9|          3|
    |P_tile_0_addr_2_reg_2863  |   6|   0|    9|          3|
    |P_tile_0_addr_3_reg_2869  |   6|   0|    9|          3|
    |P_tile_0_addr_4_reg_2875  |   6|   0|    9|          3|
    |P_tile_0_addr_5_reg_2881  |   6|   0|    9|          3|
    |P_tile_0_addr_6_reg_2887  |   6|   0|    9|          3|
    |P_tile_0_addr_7_reg_2893  |   6|   0|    9|          3|
    |P_tile_1_addr_1_reg_2899  |   6|   0|    9|          3|
    |P_tile_1_addr_2_reg_2905  |   6|   0|    9|          3|
    |P_tile_1_addr_3_reg_2911  |   6|   0|    9|          3|
    |P_tile_1_addr_4_reg_2917  |   6|   0|    9|          3|
    |P_tile_1_addr_5_reg_2923  |   6|   0|    9|          3|
    |P_tile_1_addr_6_reg_2929  |   6|   0|    9|          3|
    |P_tile_1_addr_7_reg_2935  |   6|   0|    9|          3|
    |P_tile_2_addr_1_reg_2941  |   6|   0|    9|          3|
    |P_tile_2_addr_2_reg_2947  |   6|   0|    9|          3|
    |P_tile_2_addr_3_reg_2953  |   6|   0|    9|          3|
    |P_tile_2_addr_4_reg_2959  |   6|   0|    9|          3|
    |P_tile_2_addr_5_reg_2965  |   6|   0|    9|          3|
    |P_tile_2_addr_6_reg_2971  |   6|   0|    9|          3|
    |P_tile_2_addr_7_reg_2977  |   6|   0|    9|          3|
    |P_tile_3_addr_1_reg_2983  |   6|   0|    9|          3|
    |P_tile_3_addr_2_reg_2989  |   6|   0|    9|          3|
    |P_tile_3_addr_3_reg_2995  |   6|   0|    9|          3|
    |P_tile_3_addr_4_reg_3001  |   6|   0|    9|          3|
    |P_tile_3_addr_5_reg_3007  |   6|   0|    9|          3|
    |P_tile_3_addr_6_reg_3013  |   6|   0|    9|          3|
    |P_tile_3_addr_7_reg_3019  |   6|   0|    9|          3|
    |P_tile_4_addr_1_reg_3025  |   6|   0|    9|          3|
    |P_tile_4_addr_2_reg_3031  |   6|   0|    9|          3|
    |P_tile_4_addr_3_reg_3037  |   6|   0|    9|          3|
    |P_tile_4_addr_4_reg_3043  |   6|   0|    9|          3|
    |P_tile_4_addr_5_reg_3049  |   6|   0|    9|          3|
    |P_tile_4_addr_6_reg_3055  |   6|   0|    9|          3|
    |P_tile_4_addr_7_reg_3061  |   6|   0|    9|          3|
    |P_tile_5_addr_1_reg_3067  |   6|   0|    9|          3|
    |P_tile_5_addr_2_reg_3073  |   6|   0|    9|          3|
    |P_tile_5_addr_3_reg_3079  |   6|   0|    9|          3|
    |P_tile_5_addr_4_reg_3085  |   6|   0|    9|          3|
    |P_tile_5_addr_5_reg_3091  |   6|   0|    9|          3|
    |P_tile_5_addr_6_reg_3097  |   6|   0|    9|          3|
    |P_tile_5_addr_7_reg_3103  |   6|   0|    9|          3|
    |P_tile_6_addr_1_reg_3109  |   6|   0|    9|          3|
    |P_tile_6_addr_2_reg_3115  |   6|   0|    9|          3|
    |P_tile_6_addr_3_reg_3121  |   6|   0|    9|          3|
    |P_tile_6_addr_4_reg_3127  |   6|   0|    9|          3|
    |P_tile_6_addr_5_reg_3133  |   6|   0|    9|          3|
    |P_tile_6_addr_6_reg_3139  |   6|   0|    9|          3|
    |P_tile_6_addr_7_reg_3145  |   6|   0|    9|          3|
    |P_tile_7_addr_1_reg_3151  |   6|   0|    9|          3|
    |P_tile_7_addr_2_reg_3157  |   6|   0|    9|          3|
    |P_tile_7_addr_3_reg_3163  |   6|   0|    9|          3|
    |P_tile_7_addr_4_reg_3169  |   6|   0|    9|          3|
    |P_tile_7_addr_5_reg_3175  |   6|   0|    9|          3|
    |P_tile_7_addr_6_reg_3181  |   6|   0|    9|          3|
    |P_tile_7_addr_7_reg_3187  |   6|   0|    9|          3|
    |ap_CS_fsm                 |   8|   0|    8|          0|
    |ap_done_reg               |   1|   0|    1|          0|
    |i_fu_578                  |  32|   0|   32|          0|
    +--------------------------+----+----+-----+-----------+
    |Total                     | 377|   0|  545|        168|
    +--------------------------+----+----+-----+-----------+



================================================================
== Interface
================================================================
* Summary: 
+-------------------+-----+-----+------------+------------------------------------------+--------------+
|     RTL Ports     | Dir | Bits|  Protocol  |               Source Object              |    C Type    |
+-------------------+-----+-----+------------+------------------------------------------+--------------+
|ap_clk             |   in|    1|  ap_ctrl_hs|  online_softmax_tile_Pipeline_SOFTMAX_PAD|  return value|
|ap_rst             |   in|    1|  ap_ctrl_hs|  online_softmax_tile_Pipeline_SOFTMAX_PAD|  return value|
|ap_start           |   in|    1|  ap_ctrl_hs|  online_softmax_tile_Pipeline_SOFTMAX_PAD|  return value|
|ap_done            |  out|    1|  ap_ctrl_hs|  online_softmax_tile_Pipeline_SOFTMAX_PAD|  return value|
|ap_idle            |  out|    1|  ap_ctrl_hs|  online_softmax_tile_Pipeline_SOFTMAX_PAD|  return value|
|ap_ready           |  out|    1|  ap_ctrl_hs|  online_softmax_tile_Pipeline_SOFTMAX_PAD|  return value|
|br_actual          |   in|   32|     ap_none|                                 br_actual|        scalar|
|l_tilde_0          |  out|   32|      ap_vld|                                 l_tilde_0|       pointer|
|l_tilde_0_ap_vld   |  out|    1|      ap_vld|                                 l_tilde_0|       pointer|
|P_tile_0_address1  |  out|    9|   ap_memory|                                  P_tile_0|         array|
|P_tile_0_ce1       |  out|    1|   ap_memory|                                  P_tile_0|         array|
|P_tile_0_we1       |  out|    1|   ap_memory|                                  P_tile_0|         array|
|P_tile_0_d1        |  out|   16|   ap_memory|                                  P_tile_0|         array|
|P_tile_1_address1  |  out|    9|   ap_memory|                                  P_tile_1|         array|
|P_tile_1_ce1       |  out|    1|   ap_memory|                                  P_tile_1|         array|
|P_tile_1_we1       |  out|    1|   ap_memory|                                  P_tile_1|         array|
|P_tile_1_d1        |  out|   16|   ap_memory|                                  P_tile_1|         array|
|P_tile_2_address1  |  out|    9|   ap_memory|                                  P_tile_2|         array|
|P_tile_2_ce1       |  out|    1|   ap_memory|                                  P_tile_2|         array|
|P_tile_2_we1       |  out|    1|   ap_memory|                                  P_tile_2|         array|
|P_tile_2_d1        |  out|   16|   ap_memory|                                  P_tile_2|         array|
|P_tile_3_address1  |  out|    9|   ap_memory|                                  P_tile_3|         array|
|P_tile_3_ce1       |  out|    1|   ap_memory|                                  P_tile_3|         array|
|P_tile_3_we1       |  out|    1|   ap_memory|                                  P_tile_3|         array|
|P_tile_3_d1        |  out|   16|   ap_memory|                                  P_tile_3|         array|
|P_tile_4_address1  |  out|    9|   ap_memory|                                  P_tile_4|         array|
|P_tile_4_ce1       |  out|    1|   ap_memory|                                  P_tile_4|         array|
|P_tile_4_we1       |  out|    1|   ap_memory|                                  P_tile_4|         array|
|P_tile_4_d1        |  out|   16|   ap_memory|                                  P_tile_4|         array|
|P_tile_5_address1  |  out|    9|   ap_memory|                                  P_tile_5|         array|
|P_tile_5_ce1       |  out|    1|   ap_memory|                                  P_tile_5|         array|
|P_tile_5_we1       |  out|    1|   ap_memory|                                  P_tile_5|         array|
|P_tile_5_d1        |  out|   16|   ap_memory|                                  P_tile_5|         array|
|P_tile_6_address1  |  out|    9|   ap_memory|                                  P_tile_6|         array|
|P_tile_6_ce1       |  out|    1|   ap_memory|                                  P_tile_6|         array|
|P_tile_6_we1       |  out|    1|   ap_memory|                                  P_tile_6|         array|
|P_tile_6_d1        |  out|   16|   ap_memory|                                  P_tile_6|         array|
|P_tile_7_address1  |  out|    9|   ap_memory|                                  P_tile_7|         array|
|P_tile_7_ce1       |  out|    1|   ap_memory|                                  P_tile_7|         array|
|P_tile_7_we1       |  out|    1|   ap_memory|                                  P_tile_7|         array|
|P_tile_7_d1        |  out|   16|   ap_memory|                                  P_tile_7|         array|
|l_tilde_63         |  out|   32|      ap_vld|                                l_tilde_63|       pointer|
|l_tilde_63_ap_vld  |  out|    1|      ap_vld|                                l_tilde_63|       pointer|
|l_tilde_62         |  out|   32|      ap_vld|                                l_tilde_62|       pointer|
|l_tilde_62_ap_vld  |  out|    1|      ap_vld|                                l_tilde_62|       pointer|
|l_tilde_61         |  out|   32|      ap_vld|                                l_tilde_61|       pointer|
|l_tilde_61_ap_vld  |  out|    1|      ap_vld|                                l_tilde_61|       pointer|
|l_tilde_60         |  out|   32|      ap_vld|                                l_tilde_60|       pointer|
|l_tilde_60_ap_vld  |  out|    1|      ap_vld|                                l_tilde_60|       pointer|
|l_tilde_59         |  out|   32|      ap_vld|                                l_tilde_59|       pointer|
|l_tilde_59_ap_vld  |  out|    1|      ap_vld|                                l_tilde_59|       pointer|
|l_tilde_58         |  out|   32|      ap_vld|                                l_tilde_58|       pointer|
|l_tilde_58_ap_vld  |  out|    1|      ap_vld|                                l_tilde_58|       pointer|
|l_tilde_57         |  out|   32|      ap_vld|                                l_tilde_57|       pointer|
|l_tilde_57_ap_vld  |  out|    1|      ap_vld|                                l_tilde_57|       pointer|
|l_tilde_56         |  out|   32|      ap_vld|                                l_tilde_56|       pointer|
|l_tilde_56_ap_vld  |  out|    1|      ap_vld|                                l_tilde_56|       pointer|
|l_tilde_55         |  out|   32|      ap_vld|                                l_tilde_55|       pointer|
|l_tilde_55_ap_vld  |  out|    1|      ap_vld|                                l_tilde_55|       pointer|
|l_tilde_54         |  out|   32|      ap_vld|                                l_tilde_54|       pointer|
|l_tilde_54_ap_vld  |  out|    1|      ap_vld|                                l_tilde_54|       pointer|
|l_tilde_53         |  out|   32|      ap_vld|                                l_tilde_53|       pointer|
|l_tilde_53_ap_vld  |  out|    1|      ap_vld|                                l_tilde_53|       pointer|
|l_tilde_52         |  out|   32|      ap_vld|                                l_tilde_52|       pointer|
|l_tilde_52_ap_vld  |  out|    1|      ap_vld|                                l_tilde_52|       pointer|
|l_tilde_51         |  out|   32|      ap_vld|                                l_tilde_51|       pointer|
|l_tilde_51_ap_vld  |  out|    1|      ap_vld|                                l_tilde_51|       pointer|
|l_tilde_50         |  out|   32|      ap_vld|                                l_tilde_50|       pointer|
|l_tilde_50_ap_vld  |  out|    1|      ap_vld|                                l_tilde_50|       pointer|
|l_tilde_49         |  out|   32|      ap_vld|                                l_tilde_49|       pointer|
|l_tilde_49_ap_vld  |  out|    1|      ap_vld|                                l_tilde_49|       pointer|
|l_tilde_48         |  out|   32|      ap_vld|                                l_tilde_48|       pointer|
|l_tilde_48_ap_vld  |  out|    1|      ap_vld|                                l_tilde_48|       pointer|
|l_tilde_47         |  out|   32|      ap_vld|                                l_tilde_47|       pointer|
|l_tilde_47_ap_vld  |  out|    1|      ap_vld|                                l_tilde_47|       pointer|
|l_tilde_46         |  out|   32|      ap_vld|                                l_tilde_46|       pointer|
|l_tilde_46_ap_vld  |  out|    1|      ap_vld|                                l_tilde_46|       pointer|
|l_tilde_45         |  out|   32|      ap_vld|                                l_tilde_45|       pointer|
|l_tilde_45_ap_vld  |  out|    1|      ap_vld|                                l_tilde_45|       pointer|
|l_tilde_44         |  out|   32|      ap_vld|                                l_tilde_44|       pointer|
|l_tilde_44_ap_vld  |  out|    1|      ap_vld|                                l_tilde_44|       pointer|
|l_tilde_43         |  out|   32|      ap_vld|                                l_tilde_43|       pointer|
|l_tilde_43_ap_vld  |  out|    1|      ap_vld|                                l_tilde_43|       pointer|
|l_tilde_42         |  out|   32|      ap_vld|                                l_tilde_42|       pointer|
|l_tilde_42_ap_vld  |  out|    1|      ap_vld|                                l_tilde_42|       pointer|
|l_tilde_41         |  out|   32|      ap_vld|                                l_tilde_41|       pointer|
|l_tilde_41_ap_vld  |  out|    1|      ap_vld|                                l_tilde_41|       pointer|
|l_tilde_40         |  out|   32|      ap_vld|                                l_tilde_40|       pointer|
|l_tilde_40_ap_vld  |  out|    1|      ap_vld|                                l_tilde_40|       pointer|
|l_tilde_39         |  out|   32|      ap_vld|                                l_tilde_39|       pointer|
|l_tilde_39_ap_vld  |  out|    1|      ap_vld|                                l_tilde_39|       pointer|
|l_tilde_38         |  out|   32|      ap_vld|                                l_tilde_38|       pointer|
|l_tilde_38_ap_vld  |  out|    1|      ap_vld|                                l_tilde_38|       pointer|
|l_tilde_37         |  out|   32|      ap_vld|                                l_tilde_37|       pointer|
|l_tilde_37_ap_vld  |  out|    1|      ap_vld|                                l_tilde_37|       pointer|
|l_tilde_36         |  out|   32|      ap_vld|                                l_tilde_36|       pointer|
|l_tilde_36_ap_vld  |  out|    1|      ap_vld|                                l_tilde_36|       pointer|
|l_tilde_35         |  out|   32|      ap_vld|                                l_tilde_35|       pointer|
|l_tilde_35_ap_vld  |  out|    1|      ap_vld|                                l_tilde_35|       pointer|
|l_tilde_34         |  out|   32|      ap_vld|                                l_tilde_34|       pointer|
|l_tilde_34_ap_vld  |  out|    1|      ap_vld|                                l_tilde_34|       pointer|
|l_tilde_33         |  out|   32|      ap_vld|                                l_tilde_33|       pointer|
|l_tilde_33_ap_vld  |  out|    1|      ap_vld|                                l_tilde_33|       pointer|
|l_tilde_32         |  out|   32|      ap_vld|                                l_tilde_32|       pointer|
|l_tilde_32_ap_vld  |  out|    1|      ap_vld|                                l_tilde_32|       pointer|
|l_tilde_31         |  out|   32|      ap_vld|                                l_tilde_31|       pointer|
|l_tilde_31_ap_vld  |  out|    1|      ap_vld|                                l_tilde_31|       pointer|
|l_tilde_30         |  out|   32|      ap_vld|                                l_tilde_30|       pointer|
|l_tilde_30_ap_vld  |  out|    1|      ap_vld|                                l_tilde_30|       pointer|
|l_tilde_29         |  out|   32|      ap_vld|                                l_tilde_29|       pointer|
|l_tilde_29_ap_vld  |  out|    1|      ap_vld|                                l_tilde_29|       pointer|
|l_tilde_28         |  out|   32|      ap_vld|                                l_tilde_28|       pointer|
|l_tilde_28_ap_vld  |  out|    1|      ap_vld|                                l_tilde_28|       pointer|
|l_tilde_27         |  out|   32|      ap_vld|                                l_tilde_27|       pointer|
|l_tilde_27_ap_vld  |  out|    1|      ap_vld|                                l_tilde_27|       pointer|
|l_tilde_26         |  out|   32|      ap_vld|                                l_tilde_26|       pointer|
|l_tilde_26_ap_vld  |  out|    1|      ap_vld|                                l_tilde_26|       pointer|
|l_tilde_25         |  out|   32|      ap_vld|                                l_tilde_25|       pointer|
|l_tilde_25_ap_vld  |  out|    1|      ap_vld|                                l_tilde_25|       pointer|
|l_tilde_24         |  out|   32|      ap_vld|                                l_tilde_24|       pointer|
|l_tilde_24_ap_vld  |  out|    1|      ap_vld|                                l_tilde_24|       pointer|
|l_tilde_23         |  out|   32|      ap_vld|                                l_tilde_23|       pointer|
|l_tilde_23_ap_vld  |  out|    1|      ap_vld|                                l_tilde_23|       pointer|
|l_tilde_22         |  out|   32|      ap_vld|                                l_tilde_22|       pointer|
|l_tilde_22_ap_vld  |  out|    1|      ap_vld|                                l_tilde_22|       pointer|
|l_tilde_21         |  out|   32|      ap_vld|                                l_tilde_21|       pointer|
|l_tilde_21_ap_vld  |  out|    1|      ap_vld|                                l_tilde_21|       pointer|
|l_tilde_20         |  out|   32|      ap_vld|                                l_tilde_20|       pointer|
|l_tilde_20_ap_vld  |  out|    1|      ap_vld|                                l_tilde_20|       pointer|
|l_tilde_19         |  out|   32|      ap_vld|                                l_tilde_19|       pointer|
|l_tilde_19_ap_vld  |  out|    1|      ap_vld|                                l_tilde_19|       pointer|
|l_tilde_18         |  out|   32|      ap_vld|                                l_tilde_18|       pointer|
|l_tilde_18_ap_vld  |  out|    1|      ap_vld|                                l_tilde_18|       pointer|
|l_tilde_17         |  out|   32|      ap_vld|                                l_tilde_17|       pointer|
|l_tilde_17_ap_vld  |  out|    1|      ap_vld|                                l_tilde_17|       pointer|
|l_tilde_16         |  out|   32|      ap_vld|                                l_tilde_16|       pointer|
|l_tilde_16_ap_vld  |  out|    1|      ap_vld|                                l_tilde_16|       pointer|
|l_tilde_15         |  out|   32|      ap_vld|                                l_tilde_15|       pointer|
|l_tilde_15_ap_vld  |  out|    1|      ap_vld|                                l_tilde_15|       pointer|
|l_tilde_14         |  out|   32|      ap_vld|                                l_tilde_14|       pointer|
|l_tilde_14_ap_vld  |  out|    1|      ap_vld|                                l_tilde_14|       pointer|
|l_tilde_13         |  out|   32|      ap_vld|                                l_tilde_13|       pointer|
|l_tilde_13_ap_vld  |  out|    1|      ap_vld|                                l_tilde_13|       pointer|
|l_tilde_12         |  out|   32|      ap_vld|                                l_tilde_12|       pointer|
|l_tilde_12_ap_vld  |  out|    1|      ap_vld|                                l_tilde_12|       pointer|
|l_tilde_11         |  out|   32|      ap_vld|                                l_tilde_11|       pointer|
|l_tilde_11_ap_vld  |  out|    1|      ap_vld|                                l_tilde_11|       pointer|
|l_tilde_10         |  out|   32|      ap_vld|                                l_tilde_10|       pointer|
|l_tilde_10_ap_vld  |  out|    1|      ap_vld|                                l_tilde_10|       pointer|
|l_tilde_9          |  out|   32|      ap_vld|                                 l_tilde_9|       pointer|
|l_tilde_9_ap_vld   |  out|    1|      ap_vld|                                 l_tilde_9|       pointer|
|l_tilde_8          |  out|   32|      ap_vld|                                 l_tilde_8|       pointer|
|l_tilde_8_ap_vld   |  out|    1|      ap_vld|                                 l_tilde_8|       pointer|
|l_tilde_7          |  out|   32|      ap_vld|                                 l_tilde_7|       pointer|
|l_tilde_7_ap_vld   |  out|    1|      ap_vld|                                 l_tilde_7|       pointer|
|l_tilde_6          |  out|   32|      ap_vld|                                 l_tilde_6|       pointer|
|l_tilde_6_ap_vld   |  out|    1|      ap_vld|                                 l_tilde_6|       pointer|
|l_tilde_5          |  out|   32|      ap_vld|                                 l_tilde_5|       pointer|
|l_tilde_5_ap_vld   |  out|    1|      ap_vld|                                 l_tilde_5|       pointer|
|l_tilde_4          |  out|   32|      ap_vld|                                 l_tilde_4|       pointer|
|l_tilde_4_ap_vld   |  out|    1|      ap_vld|                                 l_tilde_4|       pointer|
|l_tilde_3          |  out|   32|      ap_vld|                                 l_tilde_3|       pointer|
|l_tilde_3_ap_vld   |  out|    1|      ap_vld|                                 l_tilde_3|       pointer|
|l_tilde_2          |  out|   32|      ap_vld|                                 l_tilde_2|       pointer|
|l_tilde_2_ap_vld   |  out|    1|      ap_vld|                                 l_tilde_2|       pointer|
|l_tilde_1          |  out|   32|      ap_vld|                                 l_tilde_1|       pointer|
|l_tilde_1_ap_vld   |  out|    1|      ap_vld|                                 l_tilde_1|       pointer|
|m_tilde_63         |  out|   32|      ap_vld|                                m_tilde_63|       pointer|
|m_tilde_63_ap_vld  |  out|    1|      ap_vld|                                m_tilde_63|       pointer|
|m_tilde_62         |  out|   32|      ap_vld|                                m_tilde_62|       pointer|
|m_tilde_62_ap_vld  |  out|    1|      ap_vld|                                m_tilde_62|       pointer|
|m_tilde_61         |  out|   32|      ap_vld|                                m_tilde_61|       pointer|
|m_tilde_61_ap_vld  |  out|    1|      ap_vld|                                m_tilde_61|       pointer|
|m_tilde_60         |  out|   32|      ap_vld|                                m_tilde_60|       pointer|
|m_tilde_60_ap_vld  |  out|    1|      ap_vld|                                m_tilde_60|       pointer|
|m_tilde_59         |  out|   32|      ap_vld|                                m_tilde_59|       pointer|
|m_tilde_59_ap_vld  |  out|    1|      ap_vld|                                m_tilde_59|       pointer|
|m_tilde_58         |  out|   32|      ap_vld|                                m_tilde_58|       pointer|
|m_tilde_58_ap_vld  |  out|    1|      ap_vld|                                m_tilde_58|       pointer|
|m_tilde_57         |  out|   32|      ap_vld|                                m_tilde_57|       pointer|
|m_tilde_57_ap_vld  |  out|    1|      ap_vld|                                m_tilde_57|       pointer|
|m_tilde_56         |  out|   32|      ap_vld|                                m_tilde_56|       pointer|
|m_tilde_56_ap_vld  |  out|    1|      ap_vld|                                m_tilde_56|       pointer|
|m_tilde_55         |  out|   32|      ap_vld|                                m_tilde_55|       pointer|
|m_tilde_55_ap_vld  |  out|    1|      ap_vld|                                m_tilde_55|       pointer|
|m_tilde_54         |  out|   32|      ap_vld|                                m_tilde_54|       pointer|
|m_tilde_54_ap_vld  |  out|    1|      ap_vld|                                m_tilde_54|       pointer|
|m_tilde_53         |  out|   32|      ap_vld|                                m_tilde_53|       pointer|
|m_tilde_53_ap_vld  |  out|    1|      ap_vld|                                m_tilde_53|       pointer|
|m_tilde_52         |  out|   32|      ap_vld|                                m_tilde_52|       pointer|
|m_tilde_52_ap_vld  |  out|    1|      ap_vld|                                m_tilde_52|       pointer|
|m_tilde_51         |  out|   32|      ap_vld|                                m_tilde_51|       pointer|
|m_tilde_51_ap_vld  |  out|    1|      ap_vld|                                m_tilde_51|       pointer|
|m_tilde_50         |  out|   32|      ap_vld|                                m_tilde_50|       pointer|
|m_tilde_50_ap_vld  |  out|    1|      ap_vld|                                m_tilde_50|       pointer|
|m_tilde_49         |  out|   32|      ap_vld|                                m_tilde_49|       pointer|
|m_tilde_49_ap_vld  |  out|    1|      ap_vld|                                m_tilde_49|       pointer|
|m_tilde_48         |  out|   32|      ap_vld|                                m_tilde_48|       pointer|
|m_tilde_48_ap_vld  |  out|    1|      ap_vld|                                m_tilde_48|       pointer|
|m_tilde_47         |  out|   32|      ap_vld|                                m_tilde_47|       pointer|
|m_tilde_47_ap_vld  |  out|    1|      ap_vld|                                m_tilde_47|       pointer|
|m_tilde_46         |  out|   32|      ap_vld|                                m_tilde_46|       pointer|
|m_tilde_46_ap_vld  |  out|    1|      ap_vld|                                m_tilde_46|       pointer|
|m_tilde_45         |  out|   32|      ap_vld|                                m_tilde_45|       pointer|
|m_tilde_45_ap_vld  |  out|    1|      ap_vld|                                m_tilde_45|       pointer|
|m_tilde_44         |  out|   32|      ap_vld|                                m_tilde_44|       pointer|
|m_tilde_44_ap_vld  |  out|    1|      ap_vld|                                m_tilde_44|       pointer|
|m_tilde_43         |  out|   32|      ap_vld|                                m_tilde_43|       pointer|
|m_tilde_43_ap_vld  |  out|    1|      ap_vld|                                m_tilde_43|       pointer|
|m_tilde_42         |  out|   32|      ap_vld|                                m_tilde_42|       pointer|
|m_tilde_42_ap_vld  |  out|    1|      ap_vld|                                m_tilde_42|       pointer|
|m_tilde_41         |  out|   32|      ap_vld|                                m_tilde_41|       pointer|
|m_tilde_41_ap_vld  |  out|    1|      ap_vld|                                m_tilde_41|       pointer|
|m_tilde_40         |  out|   32|      ap_vld|                                m_tilde_40|       pointer|
|m_tilde_40_ap_vld  |  out|    1|      ap_vld|                                m_tilde_40|       pointer|
|m_tilde_39         |  out|   32|      ap_vld|                                m_tilde_39|       pointer|
|m_tilde_39_ap_vld  |  out|    1|      ap_vld|                                m_tilde_39|       pointer|
|m_tilde_38         |  out|   32|      ap_vld|                                m_tilde_38|       pointer|
|m_tilde_38_ap_vld  |  out|    1|      ap_vld|                                m_tilde_38|       pointer|
|m_tilde_37         |  out|   32|      ap_vld|                                m_tilde_37|       pointer|
|m_tilde_37_ap_vld  |  out|    1|      ap_vld|                                m_tilde_37|       pointer|
|m_tilde_36         |  out|   32|      ap_vld|                                m_tilde_36|       pointer|
|m_tilde_36_ap_vld  |  out|    1|      ap_vld|                                m_tilde_36|       pointer|
|m_tilde_35         |  out|   32|      ap_vld|                                m_tilde_35|       pointer|
|m_tilde_35_ap_vld  |  out|    1|      ap_vld|                                m_tilde_35|       pointer|
|m_tilde_34         |  out|   32|      ap_vld|                                m_tilde_34|       pointer|
|m_tilde_34_ap_vld  |  out|    1|      ap_vld|                                m_tilde_34|       pointer|
|m_tilde_33         |  out|   32|      ap_vld|                                m_tilde_33|       pointer|
|m_tilde_33_ap_vld  |  out|    1|      ap_vld|                                m_tilde_33|       pointer|
|m_tilde_32         |  out|   32|      ap_vld|                                m_tilde_32|       pointer|
|m_tilde_32_ap_vld  |  out|    1|      ap_vld|                                m_tilde_32|       pointer|
|m_tilde_31         |  out|   32|      ap_vld|                                m_tilde_31|       pointer|
|m_tilde_31_ap_vld  |  out|    1|      ap_vld|                                m_tilde_31|       pointer|
|m_tilde_30         |  out|   32|      ap_vld|                                m_tilde_30|       pointer|
|m_tilde_30_ap_vld  |  out|    1|      ap_vld|                                m_tilde_30|       pointer|
|m_tilde_29         |  out|   32|      ap_vld|                                m_tilde_29|       pointer|
|m_tilde_29_ap_vld  |  out|    1|      ap_vld|                                m_tilde_29|       pointer|
|m_tilde_28         |  out|   32|      ap_vld|                                m_tilde_28|       pointer|
|m_tilde_28_ap_vld  |  out|    1|      ap_vld|                                m_tilde_28|       pointer|
|m_tilde_27         |  out|   32|      ap_vld|                                m_tilde_27|       pointer|
|m_tilde_27_ap_vld  |  out|    1|      ap_vld|                                m_tilde_27|       pointer|
|m_tilde_26         |  out|   32|      ap_vld|                                m_tilde_26|       pointer|
|m_tilde_26_ap_vld  |  out|    1|      ap_vld|                                m_tilde_26|       pointer|
|m_tilde_25         |  out|   32|      ap_vld|                                m_tilde_25|       pointer|
|m_tilde_25_ap_vld  |  out|    1|      ap_vld|                                m_tilde_25|       pointer|
|m_tilde_24         |  out|   32|      ap_vld|                                m_tilde_24|       pointer|
|m_tilde_24_ap_vld  |  out|    1|      ap_vld|                                m_tilde_24|       pointer|
|m_tilde_23         |  out|   32|      ap_vld|                                m_tilde_23|       pointer|
|m_tilde_23_ap_vld  |  out|    1|      ap_vld|                                m_tilde_23|       pointer|
|m_tilde_22         |  out|   32|      ap_vld|                                m_tilde_22|       pointer|
|m_tilde_22_ap_vld  |  out|    1|      ap_vld|                                m_tilde_22|       pointer|
|m_tilde_21         |  out|   32|      ap_vld|                                m_tilde_21|       pointer|
|m_tilde_21_ap_vld  |  out|    1|      ap_vld|                                m_tilde_21|       pointer|
|m_tilde_20         |  out|   32|      ap_vld|                                m_tilde_20|       pointer|
|m_tilde_20_ap_vld  |  out|    1|      ap_vld|                                m_tilde_20|       pointer|
|m_tilde_19         |  out|   32|      ap_vld|                                m_tilde_19|       pointer|
|m_tilde_19_ap_vld  |  out|    1|      ap_vld|                                m_tilde_19|       pointer|
|m_tilde_18         |  out|   32|      ap_vld|                                m_tilde_18|       pointer|
|m_tilde_18_ap_vld  |  out|    1|      ap_vld|                                m_tilde_18|       pointer|
|m_tilde_17         |  out|   32|      ap_vld|                                m_tilde_17|       pointer|
|m_tilde_17_ap_vld  |  out|    1|      ap_vld|                                m_tilde_17|       pointer|
|m_tilde_16         |  out|   32|      ap_vld|                                m_tilde_16|       pointer|
|m_tilde_16_ap_vld  |  out|    1|      ap_vld|                                m_tilde_16|       pointer|
|m_tilde_15         |  out|   32|      ap_vld|                                m_tilde_15|       pointer|
|m_tilde_15_ap_vld  |  out|    1|      ap_vld|                                m_tilde_15|       pointer|
|m_tilde_14         |  out|   32|      ap_vld|                                m_tilde_14|       pointer|
|m_tilde_14_ap_vld  |  out|    1|      ap_vld|                                m_tilde_14|       pointer|
|m_tilde_13         |  out|   32|      ap_vld|                                m_tilde_13|       pointer|
|m_tilde_13_ap_vld  |  out|    1|      ap_vld|                                m_tilde_13|       pointer|
|m_tilde_12         |  out|   32|      ap_vld|                                m_tilde_12|       pointer|
|m_tilde_12_ap_vld  |  out|    1|      ap_vld|                                m_tilde_12|       pointer|
|m_tilde_11         |  out|   32|      ap_vld|                                m_tilde_11|       pointer|
|m_tilde_11_ap_vld  |  out|    1|      ap_vld|                                m_tilde_11|       pointer|
|m_tilde_10         |  out|   32|      ap_vld|                                m_tilde_10|       pointer|
|m_tilde_10_ap_vld  |  out|    1|      ap_vld|                                m_tilde_10|       pointer|
|m_tilde_9          |  out|   32|      ap_vld|                                 m_tilde_9|       pointer|
|m_tilde_9_ap_vld   |  out|    1|      ap_vld|                                 m_tilde_9|       pointer|
|m_tilde_8          |  out|   32|      ap_vld|                                 m_tilde_8|       pointer|
|m_tilde_8_ap_vld   |  out|    1|      ap_vld|                                 m_tilde_8|       pointer|
|m_tilde_7          |  out|   32|      ap_vld|                                 m_tilde_7|       pointer|
|m_tilde_7_ap_vld   |  out|    1|      ap_vld|                                 m_tilde_7|       pointer|
|m_tilde_6          |  out|   32|      ap_vld|                                 m_tilde_6|       pointer|
|m_tilde_6_ap_vld   |  out|    1|      ap_vld|                                 m_tilde_6|       pointer|
|m_tilde_5          |  out|   32|      ap_vld|                                 m_tilde_5|       pointer|
|m_tilde_5_ap_vld   |  out|    1|      ap_vld|                                 m_tilde_5|       pointer|
|m_tilde_4          |  out|   32|      ap_vld|                                 m_tilde_4|       pointer|
|m_tilde_4_ap_vld   |  out|    1|      ap_vld|                                 m_tilde_4|       pointer|
|m_tilde_3          |  out|   32|      ap_vld|                                 m_tilde_3|       pointer|
|m_tilde_3_ap_vld   |  out|    1|      ap_vld|                                 m_tilde_3|       pointer|
|m_tilde_2          |  out|   32|      ap_vld|                                 m_tilde_2|       pointer|
|m_tilde_2_ap_vld   |  out|    1|      ap_vld|                                 m_tilde_2|       pointer|
|m_tilde_1          |  out|   32|      ap_vld|                                 m_tilde_1|       pointer|
|m_tilde_1_ap_vld   |  out|    1|      ap_vld|                                 m_tilde_1|       pointer|
|m_tilde_0          |  out|   32|      ap_vld|                                 m_tilde_0|       pointer|
|m_tilde_0_ap_vld   |  out|    1|      ap_vld|                                 m_tilde_0|       pointer|
+-------------------+-----+-----+------------+------------------------------------------+--------------+

============================================================
+ Verbose Summary: Synthesis Manager
============================================================
InlineROM: 1
ExposeGlobal: 0
============================================================
+ Verbose Summary: CDFG Model
============================================================
IsTopModel: 0
ResetActiveHigh: 1
IsCombinational: 2
IsDatapathOnly: 2
HasWiredReturn: 1
HasMFsm: 2
HasVarLatency: 1
IsPipeline: 0
IsRtlPipelined: 0
IsInstanceOverlapped: 0
IsDontTouch: 0
HasImplIP: 0
IsGatedGlobalClock: 0

+ Individual pipeline summary: 
  * Pipeline-0: initiation interval (II) = 8, depth = 8


============================================================
+ Verbose Summary: Schedule
============================================================
* Number of FSM states : 8
* Pipeline : 1
  Pipeline-0 : II = 8, D = 8, States = { 1 2 3 4 5 6 7 8 }
* Dataflow Pipeline: 0

* FSM state transitions: 
1 --> 2 
2 --> 3 
3 --> 4 
4 --> 5 
5 --> 6 
6 --> 7 
7 --> 8 
8 --> 

* FSM state operations: 

State 1 <SV = 0> <Delay = 2.36>
ST_1 : Operation 11 [1/1] (0.00ns)   --->   "%i = alloca i32 1" [./flashattentionsoftmax.h:85]   --->   Operation 11 'alloca' 'i' <Predicate = true> <Delay = 0.00>
ST_1 : Operation 12 [1/1] (0.00ns)   --->   "%specmemcore_ln0 = specmemcore void @_ssdm_op_SpecMemCore, i16 %P_tile_7, i64 666, i64 22, i64 18446744073709551615"   --->   Operation 12 'specmemcore' 'specmemcore_ln0' <Predicate = true> <Delay = 0.00>
ST_1 : Operation 13 [1/1] (0.00ns)   --->   "%specmemcore_ln0 = specmemcore void @_ssdm_op_SpecMemCore, i16 %P_tile_6, i64 666, i64 22, i64 18446744073709551615"   --->   Operation 13 'specmemcore' 'specmemcore_ln0' <Predicate = true> <Delay = 0.00>
ST_1 : Operation 14 [1/1] (0.00ns)   --->   "%specmemcore_ln0 = specmemcore void @_ssdm_op_SpecMemCore, i16 %P_tile_5, i64 666, i64 22, i64 18446744073709551615"   --->   Operation 14 'specmemcore' 'specmemcore_ln0' <Predicate = true> <Delay = 0.00>
ST_1 : Operation 15 [1/1] (0.00ns)   --->   "%specmemcore_ln0 = specmemcore void @_ssdm_op_SpecMemCore, i16 %P_tile_4, i64 666, i64 22, i64 18446744073709551615"   --->   Operation 15 'specmemcore' 'specmemcore_ln0' <Predicate = true> <Delay = 0.00>
ST_1 : Operation 16 [1/1] (0.00ns)   --->   "%specmemcore_ln0 = specmemcore void @_ssdm_op_SpecMemCore, i16 %P_tile_3, i64 666, i64 22, i64 18446744073709551615"   --->   Operation 16 'specmemcore' 'specmemcore_ln0' <Predicate = true> <Delay = 0.00>
ST_1 : Operation 17 [1/1] (0.00ns)   --->   "%specmemcore_ln0 = specmemcore void @_ssdm_op_SpecMemCore, i16 %P_tile_2, i64 666, i64 22, i64 18446744073709551615"   --->   Operation 17 'specmemcore' 'specmemcore_ln0' <Predicate = true> <Delay = 0.00>
ST_1 : Operation 18 [1/1] (0.00ns)   --->   "%specmemcore_ln0 = specmemcore void @_ssdm_op_SpecMemCore, i16 %P_tile_1, i64 666, i64 22, i64 18446744073709551615"   --->   Operation 18 'specmemcore' 'specmemcore_ln0' <Predicate = true> <Delay = 0.00>
ST_1 : Operation 19 [1/1] (0.00ns)   --->   "%specmemcore_ln0 = specmemcore void @_ssdm_op_SpecMemCore, i16 %P_tile_0, i64 666, i64 22, i64 18446744073709551615"   --->   Operation 19 'specmemcore' 'specmemcore_ln0' <Predicate = true> <Delay = 0.00>
ST_1 : Operation 20 [1/1] (0.00ns)   --->   "%br_actual_read = read i32 @_ssdm_op_Read.ap_auto.i32, i32 %br_actual"   --->   Operation 20 'read' 'br_actual_read' <Predicate = true> <Delay = 0.00>
ST_1 : Operation 21 [1/1] (0.42ns)   --->   "%store_ln85 = store i32 %br_actual_read, i32 %i" [./flashattentionsoftmax.h:85]   --->   Operation 21 'store' 'store_ln85' <Predicate = true> <Delay = 0.42>
ST_1 : Operation 22 [1/1] (0.00ns)   --->   "%br_ln0 = br void %VITIS_LOOP_89_1"   --->   Operation 22 'br' 'br_ln0' <Predicate = true> <Delay = 0.00>
ST_1 : Operation 23 [1/1] (0.00ns)   --->   "%i_2 = load i32 %i" [./flashattentionsoftmax.h:85]   --->   Operation 23 'load' 'i_2' <Predicate = true> <Delay = 0.00>
ST_1 : Operation 24 [1/1] (0.00ns)   --->   "%tmp = partselect i26 @_ssdm_op_PartSelect.i26.i32.i32.i32, i32 %i_2, i32 6, i32 31" [./flashattentionsoftmax.h:85]   --->   Operation 24 'partselect' 'tmp' <Predicate = true> <Delay = 0.00>
ST_1 : Operation 25 [1/1] (0.69ns)   --->   "%icmp_ln85 = icmp_slt  i26 %tmp, i26 1" [./flashattentionsoftmax.h:85]   --->   Operation 25 'icmp' 'icmp_ln85' <Predicate = true> <Delay = 0.69> <CoreInst = "Cmp">   --->   Core 9 'Cmp' <Latency = 0> <II = 1> <Delay = 0.69> <FuncUnit> <Opcode : 'setle' 'setge' 'setlt' 'setgt'> <InPorts = 2> <OutPorts = 1>
ST_1 : Operation 26 [1/1] (0.00ns)   --->   "%br_ln85 = br i1 %icmp_ln85, void %for.end81.exitStub, void %VITIS_LOOP_89_1.split" [./flashattentionsoftmax.h:85]   --->   Operation 26 'br' 'br_ln85' <Predicate = true> <Delay = 0.00>
ST_1 : Operation 27 [1/1] (0.00ns)   --->   "%trunc_ln85 = trunc i32 %i_2" [./flashattentionsoftmax.h:85]   --->   Operation 27 'trunc' 'trunc_ln85' <Predicate = (icmp_ln85)> <Delay = 0.00>
ST_1 : Operation 28 [1/1] (0.00ns)   --->   "%tmp_s = bitconcatenate i9 @_ssdm_op_BitConcatenate.i9.i6.i3, i6 %trunc_ln85, i3 0" [./flashattentionsoftmax.h:90]   --->   Operation 28 'bitconcatenate' 'tmp_s' <Predicate = (icmp_ln85)> <Delay = 0.00>
ST_1 : Operation 29 [1/1] (0.00ns)   --->   "%zext_ln90 = zext i9 %tmp_s" [./flashattentionsoftmax.h:90]   --->   Operation 29 'zext' 'zext_ln90' <Predicate = (icmp_ln85)> <Delay = 0.00>
ST_1 : Operation 30 [1/1] (0.00ns)   --->   "%P_tile_0_addr = getelementptr i16 %P_tile_0, i64 0, i64 %zext_ln90" [./flashattentionsoftmax.h:90]   --->   Operation 30 'getelementptr' 'P_tile_0_addr' <Predicate = (icmp_ln85)> <Delay = 0.00>
ST_1 : Operation 31 [1/1] (0.00ns)   --->   "%tmp_16 = bitconcatenate i9 @_ssdm_op_BitConcatenate.i9.i6.i3, i6 %trunc_ln85, i3 1" [./flashattentionsoftmax.h:90]   --->   Operation 31 'bitconcatenate' 'tmp_16' <Predicate = (icmp_ln85)> <Delay = 0.00>
ST_1 : Operation 32 [1/1] (0.00ns)   --->   "%zext_ln90_1 = zext i9 %tmp_16" [./flashattentionsoftmax.h:90]   --->   Operation 32 'zext' 'zext_ln90_1' <Predicate = (icmp_ln85)> <Delay = 0.00>
ST_1 : Operation 33 [1/1] (0.00ns)   --->   "%P_tile_0_addr_1 = getelementptr i16 %P_tile_0, i64 0, i64 %zext_ln90_1" [./flashattentionsoftmax.h:90]   --->   Operation 33 'getelementptr' 'P_tile_0_addr_1' <Predicate = (icmp_ln85)> <Delay = 0.00>
ST_1 : Operation 34 [1/1] (0.00ns)   --->   "%tmp_17 = bitconcatenate i9 @_ssdm_op_BitConcatenate.i9.i6.i3, i6 %trunc_ln85, i3 2" [./flashattentionsoftmax.h:90]   --->   Operation 34 'bitconcatenate' 'tmp_17' <Predicate = (icmp_ln85)> <Delay = 0.00>
ST_1 : Operation 35 [1/1] (0.00ns)   --->   "%zext_ln90_2 = zext i9 %tmp_17" [./flashattentionsoftmax.h:90]   --->   Operation 35 'zext' 'zext_ln90_2' <Predicate = (icmp_ln85)> <Delay = 0.00>
ST_1 : Operation 36 [1/1] (0.00ns)   --->   "%P_tile_0_addr_2 = getelementptr i16 %P_tile_0, i64 0, i64 %zext_ln90_2" [./flashattentionsoftmax.h:90]   --->   Operation 36 'getelementptr' 'P_tile_0_addr_2' <Predicate = (icmp_ln85)> <Delay = 0.00>
ST_1 : Operation 37 [1/1] (0.00ns)   --->   "%tmp_18 = bitconcatenate i9 @_ssdm_op_BitConcatenate.i9.i6.i3, i6 %trunc_ln85, i3 3" [./flashattentionsoftmax.h:90]   --->   Operation 37 'bitconcatenate' 'tmp_18' <Predicate = (icmp_ln85)> <Delay = 0.00>
ST_1 : Operation 38 [1/1] (0.00ns)   --->   "%zext_ln90_3 = zext i9 %tmp_18" [./flashattentionsoftmax.h:90]   --->   Operation 38 'zext' 'zext_ln90_3' <Predicate = (icmp_ln85)> <Delay = 0.00>
ST_1 : Operation 39 [1/1] (0.00ns)   --->   "%P_tile_0_addr_3 = getelementptr i16 %P_tile_0, i64 0, i64 %zext_ln90_3" [./flashattentionsoftmax.h:90]   --->   Operation 39 'getelementptr' 'P_tile_0_addr_3' <Predicate = (icmp_ln85)> <Delay = 0.00>
ST_1 : Operation 40 [1/1] (0.00ns)   --->   "%tmp_19 = bitconcatenate i9 @_ssdm_op_BitConcatenate.i9.i6.i3, i6 %trunc_ln85, i3 4" [./flashattentionsoftmax.h:90]   --->   Operation 40 'bitconcatenate' 'tmp_19' <Predicate = (icmp_ln85)> <Delay = 0.00>
ST_1 : Operation 41 [1/1] (0.00ns)   --->   "%zext_ln90_4 = zext i9 %tmp_19" [./flashattentionsoftmax.h:90]   --->   Operation 41 'zext' 'zext_ln90_4' <Predicate = (icmp_ln85)> <Delay = 0.00>
ST_1 : Operation 42 [1/1] (0.00ns)   --->   "%P_tile_0_addr_4 = getelementptr i16 %P_tile_0, i64 0, i64 %zext_ln90_4" [./flashattentionsoftmax.h:90]   --->   Operation 42 'getelementptr' 'P_tile_0_addr_4' <Predicate = (icmp_ln85)> <Delay = 0.00>
ST_1 : Operation 43 [1/1] (0.00ns)   --->   "%tmp_20 = bitconcatenate i9 @_ssdm_op_BitConcatenate.i9.i6.i3, i6 %trunc_ln85, i3 5" [./flashattentionsoftmax.h:90]   --->   Operation 43 'bitconcatenate' 'tmp_20' <Predicate = (icmp_ln85)> <Delay = 0.00>
ST_1 : Operation 44 [1/1] (0.00ns)   --->   "%zext_ln90_5 = zext i9 %tmp_20" [./flashattentionsoftmax.h:90]   --->   Operation 44 'zext' 'zext_ln90_5' <Predicate = (icmp_ln85)> <Delay = 0.00>
ST_1 : Operation 45 [1/1] (0.00ns)   --->   "%P_tile_0_addr_5 = getelementptr i16 %P_tile_0, i64 0, i64 %zext_ln90_5" [./flashattentionsoftmax.h:90]   --->   Operation 45 'getelementptr' 'P_tile_0_addr_5' <Predicate = (icmp_ln85)> <Delay = 0.00>
ST_1 : Operation 46 [1/1] (0.00ns)   --->   "%tmp_21 = bitconcatenate i9 @_ssdm_op_BitConcatenate.i9.i6.i3, i6 %trunc_ln85, i3 6" [./flashattentionsoftmax.h:90]   --->   Operation 46 'bitconcatenate' 'tmp_21' <Predicate = (icmp_ln85)> <Delay = 0.00>
ST_1 : Operation 47 [1/1] (0.00ns)   --->   "%zext_ln90_6 = zext i9 %tmp_21" [./flashattentionsoftmax.h:90]   --->   Operation 47 'zext' 'zext_ln90_6' <Predicate = (icmp_ln85)> <Delay = 0.00>
ST_1 : Operation 48 [1/1] (0.00ns)   --->   "%P_tile_0_addr_6 = getelementptr i16 %P_tile_0, i64 0, i64 %zext_ln90_6" [./flashattentionsoftmax.h:90]   --->   Operation 48 'getelementptr' 'P_tile_0_addr_6' <Predicate = (icmp_ln85)> <Delay = 0.00>
ST_1 : Operation 49 [1/1] (0.00ns)   --->   "%tmp_22 = bitconcatenate i9 @_ssdm_op_BitConcatenate.i9.i6.i3, i6 %trunc_ln85, i3 7" [./flashattentionsoftmax.h:90]   --->   Operation 49 'bitconcatenate' 'tmp_22' <Predicate = (icmp_ln85)> <Delay = 0.00>
ST_1 : Operation 50 [1/1] (0.00ns)   --->   "%zext_ln90_7 = zext i9 %tmp_22" [./flashattentionsoftmax.h:90]   --->   Operation 50 'zext' 'zext_ln90_7' <Predicate = (icmp_ln85)> <Delay = 0.00>
ST_1 : Operation 51 [1/1] (0.00ns)   --->   "%P_tile_0_addr_7 = getelementptr i16 %P_tile_0, i64 0, i64 %zext_ln90_7" [./flashattentionsoftmax.h:90]   --->   Operation 51 'getelementptr' 'P_tile_0_addr_7' <Predicate = (icmp_ln85)> <Delay = 0.00>
ST_1 : Operation 52 [1/1] (0.00ns)   --->   "%P_tile_1_addr = getelementptr i16 %P_tile_1, i64 0, i64 %zext_ln90" [./flashattentionsoftmax.h:90]   --->   Operation 52 'getelementptr' 'P_tile_1_addr' <Predicate = (icmp_ln85)> <Delay = 0.00>
ST_1 : Operation 53 [1/1] (0.00ns)   --->   "%P_tile_1_addr_1 = getelementptr i16 %P_tile_1, i64 0, i64 %zext_ln90_1" [./flashattentionsoftmax.h:90]   --->   Operation 53 'getelementptr' 'P_tile_1_addr_1' <Predicate = (icmp_ln85)> <Delay = 0.00>
ST_1 : Operation 54 [1/1] (0.00ns)   --->   "%P_tile_1_addr_2 = getelementptr i16 %P_tile_1, i64 0, i64 %zext_ln90_2" [./flashattentionsoftmax.h:90]   --->   Operation 54 'getelementptr' 'P_tile_1_addr_2' <Predicate = (icmp_ln85)> <Delay = 0.00>
ST_1 : Operation 55 [1/1] (0.00ns)   --->   "%P_tile_1_addr_3 = getelementptr i16 %P_tile_1, i64 0, i64 %zext_ln90_3" [./flashattentionsoftmax.h:90]   --->   Operation 55 'getelementptr' 'P_tile_1_addr_3' <Predicate = (icmp_ln85)> <Delay = 0.00>
ST_1 : Operation 56 [1/1] (0.00ns)   --->   "%P_tile_1_addr_4 = getelementptr i16 %P_tile_1, i64 0, i64 %zext_ln90_4" [./flashattentionsoftmax.h:90]   --->   Operation 56 'getelementptr' 'P_tile_1_addr_4' <Predicate = (icmp_ln85)> <Delay = 0.00>
ST_1 : Operation 57 [1/1] (0.00ns)   --->   "%P_tile_1_addr_5 = getelementptr i16 %P_tile_1, i64 0, i64 %zext_ln90_5" [./flashattentionsoftmax.h:90]   --->   Operation 57 'getelementptr' 'P_tile_1_addr_5' <Predicate = (icmp_ln85)> <Delay = 0.00>
ST_1 : Operation 58 [1/1] (0.00ns)   --->   "%P_tile_1_addr_6 = getelementptr i16 %P_tile_1, i64 0, i64 %zext_ln90_6" [./flashattentionsoftmax.h:90]   --->   Operation 58 'getelementptr' 'P_tile_1_addr_6' <Predicate = (icmp_ln85)> <Delay = 0.00>
ST_1 : Operation 59 [1/1] (0.00ns)   --->   "%P_tile_1_addr_7 = getelementptr i16 %P_tile_1, i64 0, i64 %zext_ln90_7" [./flashattentionsoftmax.h:90]   --->   Operation 59 'getelementptr' 'P_tile_1_addr_7' <Predicate = (icmp_ln85)> <Delay = 0.00>
ST_1 : Operation 60 [1/1] (0.00ns)   --->   "%P_tile_2_addr = getelementptr i16 %P_tile_2, i64 0, i64 %zext_ln90" [./flashattentionsoftmax.h:90]   --->   Operation 60 'getelementptr' 'P_tile_2_addr' <Predicate = (icmp_ln85)> <Delay = 0.00>
ST_1 : Operation 61 [1/1] (0.00ns)   --->   "%P_tile_2_addr_1 = getelementptr i16 %P_tile_2, i64 0, i64 %zext_ln90_1" [./flashattentionsoftmax.h:90]   --->   Operation 61 'getelementptr' 'P_tile_2_addr_1' <Predicate = (icmp_ln85)> <Delay = 0.00>
ST_1 : Operation 62 [1/1] (0.00ns)   --->   "%P_tile_2_addr_2 = getelementptr i16 %P_tile_2, i64 0, i64 %zext_ln90_2" [./flashattentionsoftmax.h:90]   --->   Operation 62 'getelementptr' 'P_tile_2_addr_2' <Predicate = (icmp_ln85)> <Delay = 0.00>
ST_1 : Operation 63 [1/1] (0.00ns)   --->   "%P_tile_2_addr_3 = getelementptr i16 %P_tile_2, i64 0, i64 %zext_ln90_3" [./flashattentionsoftmax.h:90]   --->   Operation 63 'getelementptr' 'P_tile_2_addr_3' <Predicate = (icmp_ln85)> <Delay = 0.00>
ST_1 : Operation 64 [1/1] (0.00ns)   --->   "%P_tile_2_addr_4 = getelementptr i16 %P_tile_2, i64 0, i64 %zext_ln90_4" [./flashattentionsoftmax.h:90]   --->   Operation 64 'getelementptr' 'P_tile_2_addr_4' <Predicate = (icmp_ln85)> <Delay = 0.00>
ST_1 : Operation 65 [1/1] (0.00ns)   --->   "%P_tile_2_addr_5 = getelementptr i16 %P_tile_2, i64 0, i64 %zext_ln90_5" [./flashattentionsoftmax.h:90]   --->   Operation 65 'getelementptr' 'P_tile_2_addr_5' <Predicate = (icmp_ln85)> <Delay = 0.00>
ST_1 : Operation 66 [1/1] (0.00ns)   --->   "%P_tile_2_addr_6 = getelementptr i16 %P_tile_2, i64 0, i64 %zext_ln90_6" [./flashattentionsoftmax.h:90]   --->   Operation 66 'getelementptr' 'P_tile_2_addr_6' <Predicate = (icmp_ln85)> <Delay = 0.00>
ST_1 : Operation 67 [1/1] (0.00ns)   --->   "%P_tile_2_addr_7 = getelementptr i16 %P_tile_2, i64 0, i64 %zext_ln90_7" [./flashattentionsoftmax.h:90]   --->   Operation 67 'getelementptr' 'P_tile_2_addr_7' <Predicate = (icmp_ln85)> <Delay = 0.00>
ST_1 : Operation 68 [1/1] (0.00ns)   --->   "%P_tile_3_addr = getelementptr i16 %P_tile_3, i64 0, i64 %zext_ln90" [./flashattentionsoftmax.h:90]   --->   Operation 68 'getelementptr' 'P_tile_3_addr' <Predicate = (icmp_ln85)> <Delay = 0.00>
ST_1 : Operation 69 [1/1] (0.00ns)   --->   "%P_tile_3_addr_1 = getelementptr i16 %P_tile_3, i64 0, i64 %zext_ln90_1" [./flashattentionsoftmax.h:90]   --->   Operation 69 'getelementptr' 'P_tile_3_addr_1' <Predicate = (icmp_ln85)> <Delay = 0.00>
ST_1 : Operation 70 [1/1] (0.00ns)   --->   "%P_tile_3_addr_2 = getelementptr i16 %P_tile_3, i64 0, i64 %zext_ln90_2" [./flashattentionsoftmax.h:90]   --->   Operation 70 'getelementptr' 'P_tile_3_addr_2' <Predicate = (icmp_ln85)> <Delay = 0.00>
ST_1 : Operation 71 [1/1] (0.00ns)   --->   "%P_tile_3_addr_3 = getelementptr i16 %P_tile_3, i64 0, i64 %zext_ln90_3" [./flashattentionsoftmax.h:90]   --->   Operation 71 'getelementptr' 'P_tile_3_addr_3' <Predicate = (icmp_ln85)> <Delay = 0.00>
ST_1 : Operation 72 [1/1] (0.00ns)   --->   "%P_tile_3_addr_4 = getelementptr i16 %P_tile_3, i64 0, i64 %zext_ln90_4" [./flashattentionsoftmax.h:90]   --->   Operation 72 'getelementptr' 'P_tile_3_addr_4' <Predicate = (icmp_ln85)> <Delay = 0.00>
ST_1 : Operation 73 [1/1] (0.00ns)   --->   "%P_tile_3_addr_5 = getelementptr i16 %P_tile_3, i64 0, i64 %zext_ln90_5" [./flashattentionsoftmax.h:90]   --->   Operation 73 'getelementptr' 'P_tile_3_addr_5' <Predicate = (icmp_ln85)> <Delay = 0.00>
ST_1 : Operation 74 [1/1] (0.00ns)   --->   "%P_tile_3_addr_6 = getelementptr i16 %P_tile_3, i64 0, i64 %zext_ln90_6" [./flashattentionsoftmax.h:90]   --->   Operation 74 'getelementptr' 'P_tile_3_addr_6' <Predicate = (icmp_ln85)> <Delay = 0.00>
ST_1 : Operation 75 [1/1] (0.00ns)   --->   "%P_tile_3_addr_7 = getelementptr i16 %P_tile_3, i64 0, i64 %zext_ln90_7" [./flashattentionsoftmax.h:90]   --->   Operation 75 'getelementptr' 'P_tile_3_addr_7' <Predicate = (icmp_ln85)> <Delay = 0.00>
ST_1 : Operation 76 [1/1] (0.00ns)   --->   "%P_tile_4_addr = getelementptr i16 %P_tile_4, i64 0, i64 %zext_ln90" [./flashattentionsoftmax.h:90]   --->   Operation 76 'getelementptr' 'P_tile_4_addr' <Predicate = (icmp_ln85)> <Delay = 0.00>
ST_1 : Operation 77 [1/1] (0.00ns)   --->   "%P_tile_4_addr_1 = getelementptr i16 %P_tile_4, i64 0, i64 %zext_ln90_1" [./flashattentionsoftmax.h:90]   --->   Operation 77 'getelementptr' 'P_tile_4_addr_1' <Predicate = (icmp_ln85)> <Delay = 0.00>
ST_1 : Operation 78 [1/1] (0.00ns)   --->   "%P_tile_4_addr_2 = getelementptr i16 %P_tile_4, i64 0, i64 %zext_ln90_2" [./flashattentionsoftmax.h:90]   --->   Operation 78 'getelementptr' 'P_tile_4_addr_2' <Predicate = (icmp_ln85)> <Delay = 0.00>
ST_1 : Operation 79 [1/1] (0.00ns)   --->   "%P_tile_4_addr_3 = getelementptr i16 %P_tile_4, i64 0, i64 %zext_ln90_3" [./flashattentionsoftmax.h:90]   --->   Operation 79 'getelementptr' 'P_tile_4_addr_3' <Predicate = (icmp_ln85)> <Delay = 0.00>
ST_1 : Operation 80 [1/1] (0.00ns)   --->   "%P_tile_4_addr_4 = getelementptr i16 %P_tile_4, i64 0, i64 %zext_ln90_4" [./flashattentionsoftmax.h:90]   --->   Operation 80 'getelementptr' 'P_tile_4_addr_4' <Predicate = (icmp_ln85)> <Delay = 0.00>
ST_1 : Operation 81 [1/1] (0.00ns)   --->   "%P_tile_4_addr_5 = getelementptr i16 %P_tile_4, i64 0, i64 %zext_ln90_5" [./flashattentionsoftmax.h:90]   --->   Operation 81 'getelementptr' 'P_tile_4_addr_5' <Predicate = (icmp_ln85)> <Delay = 0.00>
ST_1 : Operation 82 [1/1] (0.00ns)   --->   "%P_tile_4_addr_6 = getelementptr i16 %P_tile_4, i64 0, i64 %zext_ln90_6" [./flashattentionsoftmax.h:90]   --->   Operation 82 'getelementptr' 'P_tile_4_addr_6' <Predicate = (icmp_ln85)> <Delay = 0.00>
ST_1 : Operation 83 [1/1] (0.00ns)   --->   "%P_tile_4_addr_7 = getelementptr i16 %P_tile_4, i64 0, i64 %zext_ln90_7" [./flashattentionsoftmax.h:90]   --->   Operation 83 'getelementptr' 'P_tile_4_addr_7' <Predicate = (icmp_ln85)> <Delay = 0.00>
ST_1 : Operation 84 [1/1] (0.00ns)   --->   "%P_tile_5_addr = getelementptr i16 %P_tile_5, i64 0, i64 %zext_ln90" [./flashattentionsoftmax.h:90]   --->   Operation 84 'getelementptr' 'P_tile_5_addr' <Predicate = (icmp_ln85)> <Delay = 0.00>
ST_1 : Operation 85 [1/1] (0.00ns)   --->   "%P_tile_5_addr_1 = getelementptr i16 %P_tile_5, i64 0, i64 %zext_ln90_1" [./flashattentionsoftmax.h:90]   --->   Operation 85 'getelementptr' 'P_tile_5_addr_1' <Predicate = (icmp_ln85)> <Delay = 0.00>
ST_1 : Operation 86 [1/1] (0.00ns)   --->   "%P_tile_5_addr_2 = getelementptr i16 %P_tile_5, i64 0, i64 %zext_ln90_2" [./flashattentionsoftmax.h:90]   --->   Operation 86 'getelementptr' 'P_tile_5_addr_2' <Predicate = (icmp_ln85)> <Delay = 0.00>
ST_1 : Operation 87 [1/1] (0.00ns)   --->   "%P_tile_5_addr_3 = getelementptr i16 %P_tile_5, i64 0, i64 %zext_ln90_3" [./flashattentionsoftmax.h:90]   --->   Operation 87 'getelementptr' 'P_tile_5_addr_3' <Predicate = (icmp_ln85)> <Delay = 0.00>
ST_1 : Operation 88 [1/1] (0.00ns)   --->   "%P_tile_5_addr_4 = getelementptr i16 %P_tile_5, i64 0, i64 %zext_ln90_4" [./flashattentionsoftmax.h:90]   --->   Operation 88 'getelementptr' 'P_tile_5_addr_4' <Predicate = (icmp_ln85)> <Delay = 0.00>
ST_1 : Operation 89 [1/1] (0.00ns)   --->   "%P_tile_5_addr_5 = getelementptr i16 %P_tile_5, i64 0, i64 %zext_ln90_5" [./flashattentionsoftmax.h:90]   --->   Operation 89 'getelementptr' 'P_tile_5_addr_5' <Predicate = (icmp_ln85)> <Delay = 0.00>
ST_1 : Operation 90 [1/1] (0.00ns)   --->   "%P_tile_5_addr_6 = getelementptr i16 %P_tile_5, i64 0, i64 %zext_ln90_6" [./flashattentionsoftmax.h:90]   --->   Operation 90 'getelementptr' 'P_tile_5_addr_6' <Predicate = (icmp_ln85)> <Delay = 0.00>
ST_1 : Operation 91 [1/1] (0.00ns)   --->   "%P_tile_5_addr_7 = getelementptr i16 %P_tile_5, i64 0, i64 %zext_ln90_7" [./flashattentionsoftmax.h:90]   --->   Operation 91 'getelementptr' 'P_tile_5_addr_7' <Predicate = (icmp_ln85)> <Delay = 0.00>
ST_1 : Operation 92 [1/1] (0.00ns)   --->   "%P_tile_6_addr = getelementptr i16 %P_tile_6, i64 0, i64 %zext_ln90" [./flashattentionsoftmax.h:90]   --->   Operation 92 'getelementptr' 'P_tile_6_addr' <Predicate = (icmp_ln85)> <Delay = 0.00>
ST_1 : Operation 93 [1/1] (0.00ns)   --->   "%P_tile_6_addr_1 = getelementptr i16 %P_tile_6, i64 0, i64 %zext_ln90_1" [./flashattentionsoftmax.h:90]   --->   Operation 93 'getelementptr' 'P_tile_6_addr_1' <Predicate = (icmp_ln85)> <Delay = 0.00>
ST_1 : Operation 94 [1/1] (0.00ns)   --->   "%P_tile_6_addr_2 = getelementptr i16 %P_tile_6, i64 0, i64 %zext_ln90_2" [./flashattentionsoftmax.h:90]   --->   Operation 94 'getelementptr' 'P_tile_6_addr_2' <Predicate = (icmp_ln85)> <Delay = 0.00>
ST_1 : Operation 95 [1/1] (0.00ns)   --->   "%P_tile_6_addr_3 = getelementptr i16 %P_tile_6, i64 0, i64 %zext_ln90_3" [./flashattentionsoftmax.h:90]   --->   Operation 95 'getelementptr' 'P_tile_6_addr_3' <Predicate = (icmp_ln85)> <Delay = 0.00>
ST_1 : Operation 96 [1/1] (0.00ns)   --->   "%P_tile_6_addr_4 = getelementptr i16 %P_tile_6, i64 0, i64 %zext_ln90_4" [./flashattentionsoftmax.h:90]   --->   Operation 96 'getelementptr' 'P_tile_6_addr_4' <Predicate = (icmp_ln85)> <Delay = 0.00>
ST_1 : Operation 97 [1/1] (0.00ns)   --->   "%P_tile_6_addr_5 = getelementptr i16 %P_tile_6, i64 0, i64 %zext_ln90_5" [./flashattentionsoftmax.h:90]   --->   Operation 97 'getelementptr' 'P_tile_6_addr_5' <Predicate = (icmp_ln85)> <Delay = 0.00>
ST_1 : Operation 98 [1/1] (0.00ns)   --->   "%P_tile_6_addr_6 = getelementptr i16 %P_tile_6, i64 0, i64 %zext_ln90_6" [./flashattentionsoftmax.h:90]   --->   Operation 98 'getelementptr' 'P_tile_6_addr_6' <Predicate = (icmp_ln85)> <Delay = 0.00>
ST_1 : Operation 99 [1/1] (0.00ns)   --->   "%P_tile_6_addr_7 = getelementptr i16 %P_tile_6, i64 0, i64 %zext_ln90_7" [./flashattentionsoftmax.h:90]   --->   Operation 99 'getelementptr' 'P_tile_6_addr_7' <Predicate = (icmp_ln85)> <Delay = 0.00>
ST_1 : Operation 100 [1/1] (0.00ns)   --->   "%P_tile_7_addr = getelementptr i16 %P_tile_7, i64 0, i64 %zext_ln90" [./flashattentionsoftmax.h:90]   --->   Operation 100 'getelementptr' 'P_tile_7_addr' <Predicate = (icmp_ln85)> <Delay = 0.00>
ST_1 : Operation 101 [1/1] (0.00ns)   --->   "%P_tile_7_addr_1 = getelementptr i16 %P_tile_7, i64 0, i64 %zext_ln90_1" [./flashattentionsoftmax.h:90]   --->   Operation 101 'getelementptr' 'P_tile_7_addr_1' <Predicate = (icmp_ln85)> <Delay = 0.00>
ST_1 : Operation 102 [1/1] (0.00ns)   --->   "%P_tile_7_addr_2 = getelementptr i16 %P_tile_7, i64 0, i64 %zext_ln90_2" [./flashattentionsoftmax.h:90]   --->   Operation 102 'getelementptr' 'P_tile_7_addr_2' <Predicate = (icmp_ln85)> <Delay = 0.00>
ST_1 : Operation 103 [1/1] (0.00ns)   --->   "%P_tile_7_addr_3 = getelementptr i16 %P_tile_7, i64 0, i64 %zext_ln90_3" [./flashattentionsoftmax.h:90]   --->   Operation 103 'getelementptr' 'P_tile_7_addr_3' <Predicate = (icmp_ln85)> <Delay = 0.00>
ST_1 : Operation 104 [1/1] (0.00ns)   --->   "%P_tile_7_addr_4 = getelementptr i16 %P_tile_7, i64 0, i64 %zext_ln90_4" [./flashattentionsoftmax.h:90]   --->   Operation 104 'getelementptr' 'P_tile_7_addr_4' <Predicate = (icmp_ln85)> <Delay = 0.00>
ST_1 : Operation 105 [1/1] (0.00ns)   --->   "%P_tile_7_addr_5 = getelementptr i16 %P_tile_7, i64 0, i64 %zext_ln90_5" [./flashattentionsoftmax.h:90]   --->   Operation 105 'getelementptr' 'P_tile_7_addr_5' <Predicate = (icmp_ln85)> <Delay = 0.00>
ST_1 : Operation 106 [1/1] (0.00ns)   --->   "%P_tile_7_addr_6 = getelementptr i16 %P_tile_7, i64 0, i64 %zext_ln90_6" [./flashattentionsoftmax.h:90]   --->   Operation 106 'getelementptr' 'P_tile_7_addr_6' <Predicate = (icmp_ln85)> <Delay = 0.00>
ST_1 : Operation 107 [1/1] (0.00ns)   --->   "%P_tile_7_addr_7 = getelementptr i16 %P_tile_7, i64 0, i64 %zext_ln90_7" [./flashattentionsoftmax.h:90]   --->   Operation 107 'getelementptr' 'P_tile_7_addr_7' <Predicate = (icmp_ln85)> <Delay = 0.00>
ST_1 : Operation 108 [1/1] (0.00ns)   --->   "%specpipeline_ln86 = specpipeline void @_ssdm_op_SpecPipeline, i32 1, i32 0, i32 0, i32 0, void @empty_27" [./flashattentionsoftmax.h:86]   --->   Operation 108 'specpipeline' 'specpipeline_ln86' <Predicate = (icmp_ln85)> <Delay = 0.00>
ST_1 : Operation 109 [1/1] (0.00ns)   --->   "%specloopname_ln85 = specloopname void @_ssdm_op_SpecLoopName, void @empty_32" [./flashattentionsoftmax.h:85]   --->   Operation 109 'specloopname' 'specloopname_ln85' <Predicate = (icmp_ln85)> <Delay = 0.00>
ST_1 : Operation 110 [1/1] (0.70ns)   --->   "%switch_ln87 = switch i32 %i_2, void %arrayidx646.exit, i32 0, void %arrayidx646.case.0, i32 1, void %arrayidx646.case.1, i32 2, void %arrayidx646.case.2, i32 3, void %arrayidx646.case.3, i32 4, void %arrayidx646.case.4, i32 5, void %arrayidx646.case.5, i32 6, void %arrayidx646.case.6, i32 7, void %arrayidx646.case.7, i32 8, void %arrayidx646.case.8, i32 9, void %arrayidx646.case.9, i32 10, void %arrayidx646.case.10, i32 11, void %arrayidx646.case.11, i32 12, void %arrayidx646.case.12, i32 13, void %arrayidx646.case.13, i32 14, void %arrayidx646.case.14, i32 15, void %arrayidx646.case.15, i32 16, void %arrayidx646.case.16, i32 17, void %arrayidx646.case.17, i32 18, void %arrayidx646.case.18, i32 19, void %arrayidx646.case.19, i32 20, void %arrayidx646.case.20, i32 21, void %arrayidx646.case.21, i32 22, void %arrayidx646.case.22, i32 23, void %arrayidx646.case.23, i32 24, void %arrayidx646.case.24, i32 25, void %arrayidx646.case.25, i32 26, void %arrayidx646.case.26, i32 27, void %arrayidx646.case.27, i32 28, void %arrayidx646.case.28, i32 29, void %arrayidx646.case.29, i32 30, void %arrayidx646.case.30, i32 31, void %arrayidx646.case.31, i32 32, void %arrayidx646.case.32, i32 33, void %arrayidx646.case.33, i32 34, void %arrayidx646.case.34, i32 35, void %arrayidx646.case.35, i32 36, void %arrayidx646.case.36, i32 37, void %arrayidx646.case.37, i32 38, void %arrayidx646.case.38, i32 39, void %arrayidx646.case.39, i32 40, void %arrayidx646.case.40, i32 41, void %arrayidx646.case.41, i32 42, void %arrayidx646.case.42, i32 43, void %arrayidx646.case.43, i32 44, void %arrayidx646.case.44, i32 45, void %arrayidx646.case.45, i32 46, void %arrayidx646.case.46, i32 47, void %arrayidx646.case.47, i32 48, void %arrayidx646.case.48, i32 49, void %arrayidx646.case.49, i32 50, void %arrayidx646.case.50, i32 51, void %arrayidx646.case.51, i32 52, void %arrayidx646.case.52, i32 53, void %arrayidx646.case.53, i32 54, void %arrayidx646.case.54, i32 55, void %arrayidx646.case.55, i32 56, void %arrayidx646.case.56, i32 57, void %arrayidx646.case.57, i32 58, void %arrayidx646.case.58, i32 59, void %arrayidx646.case.59, i32 60, void %arrayidx646.case.60, i32 61, void %arrayidx646.case.61, i32 62, void %arrayidx646.case.62, i32 63, void %arrayidx646.case.63" [./flashattentionsoftmax.h:87]   --->   Operation 110 'switch' 'switch_ln87' <Predicate = (icmp_ln85)> <Delay = 0.70>
ST_1 : Operation 111 [1/1] (0.00ns)   --->   "%write_ln87 = write void @_ssdm_op_Write.ap_auto.floatP0A, i32 %m_tilde_63, i32 -1e+30" [./flashattentionsoftmax.h:87]   --->   Operation 111 'write' 'write_ln87' <Predicate = (icmp_ln85 & i_2 == 63)> <Delay = 0.00>
ST_1 : Operation 112 [1/1] (0.00ns)   --->   "%br_ln87 = br void %arrayidx646.exit" [./flashattentionsoftmax.h:87]   --->   Operation 112 'br' 'br_ln87' <Predicate = (icmp_ln85 & i_2 == 63)> <Delay = 0.00>
ST_1 : Operation 113 [1/1] (0.00ns)   --->   "%write_ln87 = write void @_ssdm_op_Write.ap_auto.floatP0A, i32 %m_tilde_62, i32 -1e+30" [./flashattentionsoftmax.h:87]   --->   Operation 113 'write' 'write_ln87' <Predicate = (icmp_ln85 & i_2 == 62)> <Delay = 0.00>
ST_1 : Operation 114 [1/1] (0.00ns)   --->   "%br_ln87 = br void %arrayidx646.exit" [./flashattentionsoftmax.h:87]   --->   Operation 114 'br' 'br_ln87' <Predicate = (icmp_ln85 & i_2 == 62)> <Delay = 0.00>
ST_1 : Operation 115 [1/1] (0.00ns)   --->   "%write_ln87 = write void @_ssdm_op_Write.ap_auto.floatP0A, i32 %m_tilde_61, i32 -1e+30" [./flashattentionsoftmax.h:87]   --->   Operation 115 'write' 'write_ln87' <Predicate = (icmp_ln85 & i_2 == 61)> <Delay = 0.00>
ST_1 : Operation 116 [1/1] (0.00ns)   --->   "%br_ln87 = br void %arrayidx646.exit" [./flashattentionsoftmax.h:87]   --->   Operation 116 'br' 'br_ln87' <Predicate = (icmp_ln85 & i_2 == 61)> <Delay = 0.00>
ST_1 : Operation 117 [1/1] (0.00ns)   --->   "%write_ln87 = write void @_ssdm_op_Write.ap_auto.floatP0A, i32 %m_tilde_60, i32 -1e+30" [./flashattentionsoftmax.h:87]   --->   Operation 117 'write' 'write_ln87' <Predicate = (icmp_ln85 & i_2 == 60)> <Delay = 0.00>
ST_1 : Operation 118 [1/1] (0.00ns)   --->   "%br_ln87 = br void %arrayidx646.exit" [./flashattentionsoftmax.h:87]   --->   Operation 118 'br' 'br_ln87' <Predicate = (icmp_ln85 & i_2 == 60)> <Delay = 0.00>
ST_1 : Operation 119 [1/1] (0.00ns)   --->   "%write_ln87 = write void @_ssdm_op_Write.ap_auto.floatP0A, i32 %m_tilde_59, i32 -1e+30" [./flashattentionsoftmax.h:87]   --->   Operation 119 'write' 'write_ln87' <Predicate = (icmp_ln85 & i_2 == 59)> <Delay = 0.00>
ST_1 : Operation 120 [1/1] (0.00ns)   --->   "%br_ln87 = br void %arrayidx646.exit" [./flashattentionsoftmax.h:87]   --->   Operation 120 'br' 'br_ln87' <Predicate = (icmp_ln85 & i_2 == 59)> <Delay = 0.00>
ST_1 : Operation 121 [1/1] (0.00ns)   --->   "%write_ln87 = write void @_ssdm_op_Write.ap_auto.floatP0A, i32 %m_tilde_58, i32 -1e+30" [./flashattentionsoftmax.h:87]   --->   Operation 121 'write' 'write_ln87' <Predicate = (icmp_ln85 & i_2 == 58)> <Delay = 0.00>
ST_1 : Operation 122 [1/1] (0.00ns)   --->   "%br_ln87 = br void %arrayidx646.exit" [./flashattentionsoftmax.h:87]   --->   Operation 122 'br' 'br_ln87' <Predicate = (icmp_ln85 & i_2 == 58)> <Delay = 0.00>
ST_1 : Operation 123 [1/1] (0.00ns)   --->   "%write_ln87 = write void @_ssdm_op_Write.ap_auto.floatP0A, i32 %m_tilde_57, i32 -1e+30" [./flashattentionsoftmax.h:87]   --->   Operation 123 'write' 'write_ln87' <Predicate = (icmp_ln85 & i_2 == 57)> <Delay = 0.00>
ST_1 : Operation 124 [1/1] (0.00ns)   --->   "%br_ln87 = br void %arrayidx646.exit" [./flashattentionsoftmax.h:87]   --->   Operation 124 'br' 'br_ln87' <Predicate = (icmp_ln85 & i_2 == 57)> <Delay = 0.00>
ST_1 : Operation 125 [1/1] (0.00ns)   --->   "%write_ln87 = write void @_ssdm_op_Write.ap_auto.floatP0A, i32 %m_tilde_56, i32 -1e+30" [./flashattentionsoftmax.h:87]   --->   Operation 125 'write' 'write_ln87' <Predicate = (icmp_ln85 & i_2 == 56)> <Delay = 0.00>
ST_1 : Operation 126 [1/1] (0.00ns)   --->   "%br_ln87 = br void %arrayidx646.exit" [./flashattentionsoftmax.h:87]   --->   Operation 126 'br' 'br_ln87' <Predicate = (icmp_ln85 & i_2 == 56)> <Delay = 0.00>
ST_1 : Operation 127 [1/1] (0.00ns)   --->   "%write_ln87 = write void @_ssdm_op_Write.ap_auto.floatP0A, i32 %m_tilde_55, i32 -1e+30" [./flashattentionsoftmax.h:87]   --->   Operation 127 'write' 'write_ln87' <Predicate = (icmp_ln85 & i_2 == 55)> <Delay = 0.00>
ST_1 : Operation 128 [1/1] (0.00ns)   --->   "%br_ln87 = br void %arrayidx646.exit" [./flashattentionsoftmax.h:87]   --->   Operation 128 'br' 'br_ln87' <Predicate = (icmp_ln85 & i_2 == 55)> <Delay = 0.00>
ST_1 : Operation 129 [1/1] (0.00ns)   --->   "%write_ln87 = write void @_ssdm_op_Write.ap_auto.floatP0A, i32 %m_tilde_54, i32 -1e+30" [./flashattentionsoftmax.h:87]   --->   Operation 129 'write' 'write_ln87' <Predicate = (icmp_ln85 & i_2 == 54)> <Delay = 0.00>
ST_1 : Operation 130 [1/1] (0.00ns)   --->   "%br_ln87 = br void %arrayidx646.exit" [./flashattentionsoftmax.h:87]   --->   Operation 130 'br' 'br_ln87' <Predicate = (icmp_ln85 & i_2 == 54)> <Delay = 0.00>
ST_1 : Operation 131 [1/1] (0.00ns)   --->   "%write_ln87 = write void @_ssdm_op_Write.ap_auto.floatP0A, i32 %m_tilde_53, i32 -1e+30" [./flashattentionsoftmax.h:87]   --->   Operation 131 'write' 'write_ln87' <Predicate = (icmp_ln85 & i_2 == 53)> <Delay = 0.00>
ST_1 : Operation 132 [1/1] (0.00ns)   --->   "%br_ln87 = br void %arrayidx646.exit" [./flashattentionsoftmax.h:87]   --->   Operation 132 'br' 'br_ln87' <Predicate = (icmp_ln85 & i_2 == 53)> <Delay = 0.00>
ST_1 : Operation 133 [1/1] (0.00ns)   --->   "%write_ln87 = write void @_ssdm_op_Write.ap_auto.floatP0A, i32 %m_tilde_52, i32 -1e+30" [./flashattentionsoftmax.h:87]   --->   Operation 133 'write' 'write_ln87' <Predicate = (icmp_ln85 & i_2 == 52)> <Delay = 0.00>
ST_1 : Operation 134 [1/1] (0.00ns)   --->   "%br_ln87 = br void %arrayidx646.exit" [./flashattentionsoftmax.h:87]   --->   Operation 134 'br' 'br_ln87' <Predicate = (icmp_ln85 & i_2 == 52)> <Delay = 0.00>
ST_1 : Operation 135 [1/1] (0.00ns)   --->   "%write_ln87 = write void @_ssdm_op_Write.ap_auto.floatP0A, i32 %m_tilde_51, i32 -1e+30" [./flashattentionsoftmax.h:87]   --->   Operation 135 'write' 'write_ln87' <Predicate = (icmp_ln85 & i_2 == 51)> <Delay = 0.00>
ST_1 : Operation 136 [1/1] (0.00ns)   --->   "%br_ln87 = br void %arrayidx646.exit" [./flashattentionsoftmax.h:87]   --->   Operation 136 'br' 'br_ln87' <Predicate = (icmp_ln85 & i_2 == 51)> <Delay = 0.00>
ST_1 : Operation 137 [1/1] (0.00ns)   --->   "%write_ln87 = write void @_ssdm_op_Write.ap_auto.floatP0A, i32 %m_tilde_50, i32 -1e+30" [./flashattentionsoftmax.h:87]   --->   Operation 137 'write' 'write_ln87' <Predicate = (icmp_ln85 & i_2 == 50)> <Delay = 0.00>
ST_1 : Operation 138 [1/1] (0.00ns)   --->   "%br_ln87 = br void %arrayidx646.exit" [./flashattentionsoftmax.h:87]   --->   Operation 138 'br' 'br_ln87' <Predicate = (icmp_ln85 & i_2 == 50)> <Delay = 0.00>
ST_1 : Operation 139 [1/1] (0.00ns)   --->   "%write_ln87 = write void @_ssdm_op_Write.ap_auto.floatP0A, i32 %m_tilde_49, i32 -1e+30" [./flashattentionsoftmax.h:87]   --->   Operation 139 'write' 'write_ln87' <Predicate = (icmp_ln85 & i_2 == 49)> <Delay = 0.00>
ST_1 : Operation 140 [1/1] (0.00ns)   --->   "%br_ln87 = br void %arrayidx646.exit" [./flashattentionsoftmax.h:87]   --->   Operation 140 'br' 'br_ln87' <Predicate = (icmp_ln85 & i_2 == 49)> <Delay = 0.00>
ST_1 : Operation 141 [1/1] (0.00ns)   --->   "%write_ln87 = write void @_ssdm_op_Write.ap_auto.floatP0A, i32 %m_tilde_48, i32 -1e+30" [./flashattentionsoftmax.h:87]   --->   Operation 141 'write' 'write_ln87' <Predicate = (icmp_ln85 & i_2 == 48)> <Delay = 0.00>
ST_1 : Operation 142 [1/1] (0.00ns)   --->   "%br_ln87 = br void %arrayidx646.exit" [./flashattentionsoftmax.h:87]   --->   Operation 142 'br' 'br_ln87' <Predicate = (icmp_ln85 & i_2 == 48)> <Delay = 0.00>
ST_1 : Operation 143 [1/1] (0.00ns)   --->   "%write_ln87 = write void @_ssdm_op_Write.ap_auto.floatP0A, i32 %m_tilde_47, i32 -1e+30" [./flashattentionsoftmax.h:87]   --->   Operation 143 'write' 'write_ln87' <Predicate = (icmp_ln85 & i_2 == 47)> <Delay = 0.00>
ST_1 : Operation 144 [1/1] (0.00ns)   --->   "%br_ln87 = br void %arrayidx646.exit" [./flashattentionsoftmax.h:87]   --->   Operation 144 'br' 'br_ln87' <Predicate = (icmp_ln85 & i_2 == 47)> <Delay = 0.00>
ST_1 : Operation 145 [1/1] (0.00ns)   --->   "%write_ln87 = write void @_ssdm_op_Write.ap_auto.floatP0A, i32 %m_tilde_46, i32 -1e+30" [./flashattentionsoftmax.h:87]   --->   Operation 145 'write' 'write_ln87' <Predicate = (icmp_ln85 & i_2 == 46)> <Delay = 0.00>
ST_1 : Operation 146 [1/1] (0.00ns)   --->   "%br_ln87 = br void %arrayidx646.exit" [./flashattentionsoftmax.h:87]   --->   Operation 146 'br' 'br_ln87' <Predicate = (icmp_ln85 & i_2 == 46)> <Delay = 0.00>
ST_1 : Operation 147 [1/1] (0.00ns)   --->   "%write_ln87 = write void @_ssdm_op_Write.ap_auto.floatP0A, i32 %m_tilde_45, i32 -1e+30" [./flashattentionsoftmax.h:87]   --->   Operation 147 'write' 'write_ln87' <Predicate = (icmp_ln85 & i_2 == 45)> <Delay = 0.00>
ST_1 : Operation 148 [1/1] (0.00ns)   --->   "%br_ln87 = br void %arrayidx646.exit" [./flashattentionsoftmax.h:87]   --->   Operation 148 'br' 'br_ln87' <Predicate = (icmp_ln85 & i_2 == 45)> <Delay = 0.00>
ST_1 : Operation 149 [1/1] (0.00ns)   --->   "%write_ln87 = write void @_ssdm_op_Write.ap_auto.floatP0A, i32 %m_tilde_44, i32 -1e+30" [./flashattentionsoftmax.h:87]   --->   Operation 149 'write' 'write_ln87' <Predicate = (icmp_ln85 & i_2 == 44)> <Delay = 0.00>
ST_1 : Operation 150 [1/1] (0.00ns)   --->   "%br_ln87 = br void %arrayidx646.exit" [./flashattentionsoftmax.h:87]   --->   Operation 150 'br' 'br_ln87' <Predicate = (icmp_ln85 & i_2 == 44)> <Delay = 0.00>
ST_1 : Operation 151 [1/1] (0.00ns)   --->   "%write_ln87 = write void @_ssdm_op_Write.ap_auto.floatP0A, i32 %m_tilde_43, i32 -1e+30" [./flashattentionsoftmax.h:87]   --->   Operation 151 'write' 'write_ln87' <Predicate = (icmp_ln85 & i_2 == 43)> <Delay = 0.00>
ST_1 : Operation 152 [1/1] (0.00ns)   --->   "%br_ln87 = br void %arrayidx646.exit" [./flashattentionsoftmax.h:87]   --->   Operation 152 'br' 'br_ln87' <Predicate = (icmp_ln85 & i_2 == 43)> <Delay = 0.00>
ST_1 : Operation 153 [1/1] (0.00ns)   --->   "%write_ln87 = write void @_ssdm_op_Write.ap_auto.floatP0A, i32 %m_tilde_42, i32 -1e+30" [./flashattentionsoftmax.h:87]   --->   Operation 153 'write' 'write_ln87' <Predicate = (icmp_ln85 & i_2 == 42)> <Delay = 0.00>
ST_1 : Operation 154 [1/1] (0.00ns)   --->   "%br_ln87 = br void %arrayidx646.exit" [./flashattentionsoftmax.h:87]   --->   Operation 154 'br' 'br_ln87' <Predicate = (icmp_ln85 & i_2 == 42)> <Delay = 0.00>
ST_1 : Operation 155 [1/1] (0.00ns)   --->   "%write_ln87 = write void @_ssdm_op_Write.ap_auto.floatP0A, i32 %m_tilde_41, i32 -1e+30" [./flashattentionsoftmax.h:87]   --->   Operation 155 'write' 'write_ln87' <Predicate = (icmp_ln85 & i_2 == 41)> <Delay = 0.00>
ST_1 : Operation 156 [1/1] (0.00ns)   --->   "%br_ln87 = br void %arrayidx646.exit" [./flashattentionsoftmax.h:87]   --->   Operation 156 'br' 'br_ln87' <Predicate = (icmp_ln85 & i_2 == 41)> <Delay = 0.00>
ST_1 : Operation 157 [1/1] (0.00ns)   --->   "%write_ln87 = write void @_ssdm_op_Write.ap_auto.floatP0A, i32 %m_tilde_40, i32 -1e+30" [./flashattentionsoftmax.h:87]   --->   Operation 157 'write' 'write_ln87' <Predicate = (icmp_ln85 & i_2 == 40)> <Delay = 0.00>
ST_1 : Operation 158 [1/1] (0.00ns)   --->   "%br_ln87 = br void %arrayidx646.exit" [./flashattentionsoftmax.h:87]   --->   Operation 158 'br' 'br_ln87' <Predicate = (icmp_ln85 & i_2 == 40)> <Delay = 0.00>
ST_1 : Operation 159 [1/1] (0.00ns)   --->   "%write_ln87 = write void @_ssdm_op_Write.ap_auto.floatP0A, i32 %m_tilde_39, i32 -1e+30" [./flashattentionsoftmax.h:87]   --->   Operation 159 'write' 'write_ln87' <Predicate = (icmp_ln85 & i_2 == 39)> <Delay = 0.00>
ST_1 : Operation 160 [1/1] (0.00ns)   --->   "%br_ln87 = br void %arrayidx646.exit" [./flashattentionsoftmax.h:87]   --->   Operation 160 'br' 'br_ln87' <Predicate = (icmp_ln85 & i_2 == 39)> <Delay = 0.00>
ST_1 : Operation 161 [1/1] (0.00ns)   --->   "%write_ln87 = write void @_ssdm_op_Write.ap_auto.floatP0A, i32 %m_tilde_38, i32 -1e+30" [./flashattentionsoftmax.h:87]   --->   Operation 161 'write' 'write_ln87' <Predicate = (icmp_ln85 & i_2 == 38)> <Delay = 0.00>
ST_1 : Operation 162 [1/1] (0.00ns)   --->   "%br_ln87 = br void %arrayidx646.exit" [./flashattentionsoftmax.h:87]   --->   Operation 162 'br' 'br_ln87' <Predicate = (icmp_ln85 & i_2 == 38)> <Delay = 0.00>
ST_1 : Operation 163 [1/1] (0.00ns)   --->   "%write_ln87 = write void @_ssdm_op_Write.ap_auto.floatP0A, i32 %m_tilde_37, i32 -1e+30" [./flashattentionsoftmax.h:87]   --->   Operation 163 'write' 'write_ln87' <Predicate = (icmp_ln85 & i_2 == 37)> <Delay = 0.00>
ST_1 : Operation 164 [1/1] (0.00ns)   --->   "%br_ln87 = br void %arrayidx646.exit" [./flashattentionsoftmax.h:87]   --->   Operation 164 'br' 'br_ln87' <Predicate = (icmp_ln85 & i_2 == 37)> <Delay = 0.00>
ST_1 : Operation 165 [1/1] (0.00ns)   --->   "%write_ln87 = write void @_ssdm_op_Write.ap_auto.floatP0A, i32 %m_tilde_36, i32 -1e+30" [./flashattentionsoftmax.h:87]   --->   Operation 165 'write' 'write_ln87' <Predicate = (icmp_ln85 & i_2 == 36)> <Delay = 0.00>
ST_1 : Operation 166 [1/1] (0.00ns)   --->   "%br_ln87 = br void %arrayidx646.exit" [./flashattentionsoftmax.h:87]   --->   Operation 166 'br' 'br_ln87' <Predicate = (icmp_ln85 & i_2 == 36)> <Delay = 0.00>
ST_1 : Operation 167 [1/1] (0.00ns)   --->   "%write_ln87 = write void @_ssdm_op_Write.ap_auto.floatP0A, i32 %m_tilde_35, i32 -1e+30" [./flashattentionsoftmax.h:87]   --->   Operation 167 'write' 'write_ln87' <Predicate = (icmp_ln85 & i_2 == 35)> <Delay = 0.00>
ST_1 : Operation 168 [1/1] (0.00ns)   --->   "%br_ln87 = br void %arrayidx646.exit" [./flashattentionsoftmax.h:87]   --->   Operation 168 'br' 'br_ln87' <Predicate = (icmp_ln85 & i_2 == 35)> <Delay = 0.00>
ST_1 : Operation 169 [1/1] (0.00ns)   --->   "%write_ln87 = write void @_ssdm_op_Write.ap_auto.floatP0A, i32 %m_tilde_34, i32 -1e+30" [./flashattentionsoftmax.h:87]   --->   Operation 169 'write' 'write_ln87' <Predicate = (icmp_ln85 & i_2 == 34)> <Delay = 0.00>
ST_1 : Operation 170 [1/1] (0.00ns)   --->   "%br_ln87 = br void %arrayidx646.exit" [./flashattentionsoftmax.h:87]   --->   Operation 170 'br' 'br_ln87' <Predicate = (icmp_ln85 & i_2 == 34)> <Delay = 0.00>
ST_1 : Operation 171 [1/1] (0.00ns)   --->   "%write_ln87 = write void @_ssdm_op_Write.ap_auto.floatP0A, i32 %m_tilde_33, i32 -1e+30" [./flashattentionsoftmax.h:87]   --->   Operation 171 'write' 'write_ln87' <Predicate = (icmp_ln85 & i_2 == 33)> <Delay = 0.00>
ST_1 : Operation 172 [1/1] (0.00ns)   --->   "%br_ln87 = br void %arrayidx646.exit" [./flashattentionsoftmax.h:87]   --->   Operation 172 'br' 'br_ln87' <Predicate = (icmp_ln85 & i_2 == 33)> <Delay = 0.00>
ST_1 : Operation 173 [1/1] (0.00ns)   --->   "%write_ln87 = write void @_ssdm_op_Write.ap_auto.floatP0A, i32 %m_tilde_32, i32 -1e+30" [./flashattentionsoftmax.h:87]   --->   Operation 173 'write' 'write_ln87' <Predicate = (icmp_ln85 & i_2 == 32)> <Delay = 0.00>
ST_1 : Operation 174 [1/1] (0.00ns)   --->   "%br_ln87 = br void %arrayidx646.exit" [./flashattentionsoftmax.h:87]   --->   Operation 174 'br' 'br_ln87' <Predicate = (icmp_ln85 & i_2 == 32)> <Delay = 0.00>
ST_1 : Operation 175 [1/1] (0.00ns)   --->   "%write_ln87 = write void @_ssdm_op_Write.ap_auto.floatP0A, i32 %m_tilde_31, i32 -1e+30" [./flashattentionsoftmax.h:87]   --->   Operation 175 'write' 'write_ln87' <Predicate = (icmp_ln85 & i_2 == 31)> <Delay = 0.00>
ST_1 : Operation 176 [1/1] (0.00ns)   --->   "%br_ln87 = br void %arrayidx646.exit" [./flashattentionsoftmax.h:87]   --->   Operation 176 'br' 'br_ln87' <Predicate = (icmp_ln85 & i_2 == 31)> <Delay = 0.00>
ST_1 : Operation 177 [1/1] (0.00ns)   --->   "%write_ln87 = write void @_ssdm_op_Write.ap_auto.floatP0A, i32 %m_tilde_30, i32 -1e+30" [./flashattentionsoftmax.h:87]   --->   Operation 177 'write' 'write_ln87' <Predicate = (icmp_ln85 & i_2 == 30)> <Delay = 0.00>
ST_1 : Operation 178 [1/1] (0.00ns)   --->   "%br_ln87 = br void %arrayidx646.exit" [./flashattentionsoftmax.h:87]   --->   Operation 178 'br' 'br_ln87' <Predicate = (icmp_ln85 & i_2 == 30)> <Delay = 0.00>
ST_1 : Operation 179 [1/1] (0.00ns)   --->   "%write_ln87 = write void @_ssdm_op_Write.ap_auto.floatP0A, i32 %m_tilde_29, i32 -1e+30" [./flashattentionsoftmax.h:87]   --->   Operation 179 'write' 'write_ln87' <Predicate = (icmp_ln85 & i_2 == 29)> <Delay = 0.00>
ST_1 : Operation 180 [1/1] (0.00ns)   --->   "%br_ln87 = br void %arrayidx646.exit" [./flashattentionsoftmax.h:87]   --->   Operation 180 'br' 'br_ln87' <Predicate = (icmp_ln85 & i_2 == 29)> <Delay = 0.00>
ST_1 : Operation 181 [1/1] (0.00ns)   --->   "%write_ln87 = write void @_ssdm_op_Write.ap_auto.floatP0A, i32 %m_tilde_28, i32 -1e+30" [./flashattentionsoftmax.h:87]   --->   Operation 181 'write' 'write_ln87' <Predicate = (icmp_ln85 & i_2 == 28)> <Delay = 0.00>
ST_1 : Operation 182 [1/1] (0.00ns)   --->   "%br_ln87 = br void %arrayidx646.exit" [./flashattentionsoftmax.h:87]   --->   Operation 182 'br' 'br_ln87' <Predicate = (icmp_ln85 & i_2 == 28)> <Delay = 0.00>
ST_1 : Operation 183 [1/1] (0.00ns)   --->   "%write_ln87 = write void @_ssdm_op_Write.ap_auto.floatP0A, i32 %m_tilde_27, i32 -1e+30" [./flashattentionsoftmax.h:87]   --->   Operation 183 'write' 'write_ln87' <Predicate = (icmp_ln85 & i_2 == 27)> <Delay = 0.00>
ST_1 : Operation 184 [1/1] (0.00ns)   --->   "%br_ln87 = br void %arrayidx646.exit" [./flashattentionsoftmax.h:87]   --->   Operation 184 'br' 'br_ln87' <Predicate = (icmp_ln85 & i_2 == 27)> <Delay = 0.00>
ST_1 : Operation 185 [1/1] (0.00ns)   --->   "%write_ln87 = write void @_ssdm_op_Write.ap_auto.floatP0A, i32 %m_tilde_26, i32 -1e+30" [./flashattentionsoftmax.h:87]   --->   Operation 185 'write' 'write_ln87' <Predicate = (icmp_ln85 & i_2 == 26)> <Delay = 0.00>
ST_1 : Operation 186 [1/1] (0.00ns)   --->   "%br_ln87 = br void %arrayidx646.exit" [./flashattentionsoftmax.h:87]   --->   Operation 186 'br' 'br_ln87' <Predicate = (icmp_ln85 & i_2 == 26)> <Delay = 0.00>
ST_1 : Operation 187 [1/1] (0.00ns)   --->   "%write_ln87 = write void @_ssdm_op_Write.ap_auto.floatP0A, i32 %m_tilde_25, i32 -1e+30" [./flashattentionsoftmax.h:87]   --->   Operation 187 'write' 'write_ln87' <Predicate = (icmp_ln85 & i_2 == 25)> <Delay = 0.00>
ST_1 : Operation 188 [1/1] (0.00ns)   --->   "%br_ln87 = br void %arrayidx646.exit" [./flashattentionsoftmax.h:87]   --->   Operation 188 'br' 'br_ln87' <Predicate = (icmp_ln85 & i_2 == 25)> <Delay = 0.00>
ST_1 : Operation 189 [1/1] (0.00ns)   --->   "%write_ln87 = write void @_ssdm_op_Write.ap_auto.floatP0A, i32 %m_tilde_24, i32 -1e+30" [./flashattentionsoftmax.h:87]   --->   Operation 189 'write' 'write_ln87' <Predicate = (icmp_ln85 & i_2 == 24)> <Delay = 0.00>
ST_1 : Operation 190 [1/1] (0.00ns)   --->   "%br_ln87 = br void %arrayidx646.exit" [./flashattentionsoftmax.h:87]   --->   Operation 190 'br' 'br_ln87' <Predicate = (icmp_ln85 & i_2 == 24)> <Delay = 0.00>
ST_1 : Operation 191 [1/1] (0.00ns)   --->   "%write_ln87 = write void @_ssdm_op_Write.ap_auto.floatP0A, i32 %m_tilde_23, i32 -1e+30" [./flashattentionsoftmax.h:87]   --->   Operation 191 'write' 'write_ln87' <Predicate = (icmp_ln85 & i_2 == 23)> <Delay = 0.00>
ST_1 : Operation 192 [1/1] (0.00ns)   --->   "%br_ln87 = br void %arrayidx646.exit" [./flashattentionsoftmax.h:87]   --->   Operation 192 'br' 'br_ln87' <Predicate = (icmp_ln85 & i_2 == 23)> <Delay = 0.00>
ST_1 : Operation 193 [1/1] (0.00ns)   --->   "%write_ln87 = write void @_ssdm_op_Write.ap_auto.floatP0A, i32 %m_tilde_22, i32 -1e+30" [./flashattentionsoftmax.h:87]   --->   Operation 193 'write' 'write_ln87' <Predicate = (icmp_ln85 & i_2 == 22)> <Delay = 0.00>
ST_1 : Operation 194 [1/1] (0.00ns)   --->   "%br_ln87 = br void %arrayidx646.exit" [./flashattentionsoftmax.h:87]   --->   Operation 194 'br' 'br_ln87' <Predicate = (icmp_ln85 & i_2 == 22)> <Delay = 0.00>
ST_1 : Operation 195 [1/1] (0.00ns)   --->   "%write_ln87 = write void @_ssdm_op_Write.ap_auto.floatP0A, i32 %m_tilde_21, i32 -1e+30" [./flashattentionsoftmax.h:87]   --->   Operation 195 'write' 'write_ln87' <Predicate = (icmp_ln85 & i_2 == 21)> <Delay = 0.00>
ST_1 : Operation 196 [1/1] (0.00ns)   --->   "%br_ln87 = br void %arrayidx646.exit" [./flashattentionsoftmax.h:87]   --->   Operation 196 'br' 'br_ln87' <Predicate = (icmp_ln85 & i_2 == 21)> <Delay = 0.00>
ST_1 : Operation 197 [1/1] (0.00ns)   --->   "%write_ln87 = write void @_ssdm_op_Write.ap_auto.floatP0A, i32 %m_tilde_20, i32 -1e+30" [./flashattentionsoftmax.h:87]   --->   Operation 197 'write' 'write_ln87' <Predicate = (icmp_ln85 & i_2 == 20)> <Delay = 0.00>
ST_1 : Operation 198 [1/1] (0.00ns)   --->   "%br_ln87 = br void %arrayidx646.exit" [./flashattentionsoftmax.h:87]   --->   Operation 198 'br' 'br_ln87' <Predicate = (icmp_ln85 & i_2 == 20)> <Delay = 0.00>
ST_1 : Operation 199 [1/1] (0.00ns)   --->   "%write_ln87 = write void @_ssdm_op_Write.ap_auto.floatP0A, i32 %m_tilde_19, i32 -1e+30" [./flashattentionsoftmax.h:87]   --->   Operation 199 'write' 'write_ln87' <Predicate = (icmp_ln85 & i_2 == 19)> <Delay = 0.00>
ST_1 : Operation 200 [1/1] (0.00ns)   --->   "%br_ln87 = br void %arrayidx646.exit" [./flashattentionsoftmax.h:87]   --->   Operation 200 'br' 'br_ln87' <Predicate = (icmp_ln85 & i_2 == 19)> <Delay = 0.00>
ST_1 : Operation 201 [1/1] (0.00ns)   --->   "%write_ln87 = write void @_ssdm_op_Write.ap_auto.floatP0A, i32 %m_tilde_18, i32 -1e+30" [./flashattentionsoftmax.h:87]   --->   Operation 201 'write' 'write_ln87' <Predicate = (icmp_ln85 & i_2 == 18)> <Delay = 0.00>
ST_1 : Operation 202 [1/1] (0.00ns)   --->   "%br_ln87 = br void %arrayidx646.exit" [./flashattentionsoftmax.h:87]   --->   Operation 202 'br' 'br_ln87' <Predicate = (icmp_ln85 & i_2 == 18)> <Delay = 0.00>
ST_1 : Operation 203 [1/1] (0.00ns)   --->   "%write_ln87 = write void @_ssdm_op_Write.ap_auto.floatP0A, i32 %m_tilde_17, i32 -1e+30" [./flashattentionsoftmax.h:87]   --->   Operation 203 'write' 'write_ln87' <Predicate = (icmp_ln85 & i_2 == 17)> <Delay = 0.00>
ST_1 : Operation 204 [1/1] (0.00ns)   --->   "%br_ln87 = br void %arrayidx646.exit" [./flashattentionsoftmax.h:87]   --->   Operation 204 'br' 'br_ln87' <Predicate = (icmp_ln85 & i_2 == 17)> <Delay = 0.00>
ST_1 : Operation 205 [1/1] (0.00ns)   --->   "%write_ln87 = write void @_ssdm_op_Write.ap_auto.floatP0A, i32 %m_tilde_16, i32 -1e+30" [./flashattentionsoftmax.h:87]   --->   Operation 205 'write' 'write_ln87' <Predicate = (icmp_ln85 & i_2 == 16)> <Delay = 0.00>
ST_1 : Operation 206 [1/1] (0.00ns)   --->   "%br_ln87 = br void %arrayidx646.exit" [./flashattentionsoftmax.h:87]   --->   Operation 206 'br' 'br_ln87' <Predicate = (icmp_ln85 & i_2 == 16)> <Delay = 0.00>
ST_1 : Operation 207 [1/1] (0.00ns)   --->   "%write_ln87 = write void @_ssdm_op_Write.ap_auto.floatP0A, i32 %m_tilde_15, i32 -1e+30" [./flashattentionsoftmax.h:87]   --->   Operation 207 'write' 'write_ln87' <Predicate = (icmp_ln85 & i_2 == 15)> <Delay = 0.00>
ST_1 : Operation 208 [1/1] (0.00ns)   --->   "%br_ln87 = br void %arrayidx646.exit" [./flashattentionsoftmax.h:87]   --->   Operation 208 'br' 'br_ln87' <Predicate = (icmp_ln85 & i_2 == 15)> <Delay = 0.00>
ST_1 : Operation 209 [1/1] (0.00ns)   --->   "%write_ln87 = write void @_ssdm_op_Write.ap_auto.floatP0A, i32 %m_tilde_14, i32 -1e+30" [./flashattentionsoftmax.h:87]   --->   Operation 209 'write' 'write_ln87' <Predicate = (icmp_ln85 & i_2 == 14)> <Delay = 0.00>
ST_1 : Operation 210 [1/1] (0.00ns)   --->   "%br_ln87 = br void %arrayidx646.exit" [./flashattentionsoftmax.h:87]   --->   Operation 210 'br' 'br_ln87' <Predicate = (icmp_ln85 & i_2 == 14)> <Delay = 0.00>
ST_1 : Operation 211 [1/1] (0.00ns)   --->   "%write_ln87 = write void @_ssdm_op_Write.ap_auto.floatP0A, i32 %m_tilde_13, i32 -1e+30" [./flashattentionsoftmax.h:87]   --->   Operation 211 'write' 'write_ln87' <Predicate = (icmp_ln85 & i_2 == 13)> <Delay = 0.00>
ST_1 : Operation 212 [1/1] (0.00ns)   --->   "%br_ln87 = br void %arrayidx646.exit" [./flashattentionsoftmax.h:87]   --->   Operation 212 'br' 'br_ln87' <Predicate = (icmp_ln85 & i_2 == 13)> <Delay = 0.00>
ST_1 : Operation 213 [1/1] (0.00ns)   --->   "%write_ln87 = write void @_ssdm_op_Write.ap_auto.floatP0A, i32 %m_tilde_12, i32 -1e+30" [./flashattentionsoftmax.h:87]   --->   Operation 213 'write' 'write_ln87' <Predicate = (icmp_ln85 & i_2 == 12)> <Delay = 0.00>
ST_1 : Operation 214 [1/1] (0.00ns)   --->   "%br_ln87 = br void %arrayidx646.exit" [./flashattentionsoftmax.h:87]   --->   Operation 214 'br' 'br_ln87' <Predicate = (icmp_ln85 & i_2 == 12)> <Delay = 0.00>
ST_1 : Operation 215 [1/1] (0.00ns)   --->   "%write_ln87 = write void @_ssdm_op_Write.ap_auto.floatP0A, i32 %m_tilde_11, i32 -1e+30" [./flashattentionsoftmax.h:87]   --->   Operation 215 'write' 'write_ln87' <Predicate = (icmp_ln85 & i_2 == 11)> <Delay = 0.00>
ST_1 : Operation 216 [1/1] (0.00ns)   --->   "%br_ln87 = br void %arrayidx646.exit" [./flashattentionsoftmax.h:87]   --->   Operation 216 'br' 'br_ln87' <Predicate = (icmp_ln85 & i_2 == 11)> <Delay = 0.00>
ST_1 : Operation 217 [1/1] (0.00ns)   --->   "%write_ln87 = write void @_ssdm_op_Write.ap_auto.floatP0A, i32 %m_tilde_10, i32 -1e+30" [./flashattentionsoftmax.h:87]   --->   Operation 217 'write' 'write_ln87' <Predicate = (icmp_ln85 & i_2 == 10)> <Delay = 0.00>
ST_1 : Operation 218 [1/1] (0.00ns)   --->   "%br_ln87 = br void %arrayidx646.exit" [./flashattentionsoftmax.h:87]   --->   Operation 218 'br' 'br_ln87' <Predicate = (icmp_ln85 & i_2 == 10)> <Delay = 0.00>
ST_1 : Operation 219 [1/1] (0.00ns)   --->   "%write_ln87 = write void @_ssdm_op_Write.ap_auto.floatP0A, i32 %m_tilde_9, i32 -1e+30" [./flashattentionsoftmax.h:87]   --->   Operation 219 'write' 'write_ln87' <Predicate = (icmp_ln85 & i_2 == 9)> <Delay = 0.00>
ST_1 : Operation 220 [1/1] (0.00ns)   --->   "%br_ln87 = br void %arrayidx646.exit" [./flashattentionsoftmax.h:87]   --->   Operation 220 'br' 'br_ln87' <Predicate = (icmp_ln85 & i_2 == 9)> <Delay = 0.00>
ST_1 : Operation 221 [1/1] (0.00ns)   --->   "%write_ln87 = write void @_ssdm_op_Write.ap_auto.floatP0A, i32 %m_tilde_8, i32 -1e+30" [./flashattentionsoftmax.h:87]   --->   Operation 221 'write' 'write_ln87' <Predicate = (icmp_ln85 & i_2 == 8)> <Delay = 0.00>
ST_1 : Operation 222 [1/1] (0.00ns)   --->   "%br_ln87 = br void %arrayidx646.exit" [./flashattentionsoftmax.h:87]   --->   Operation 222 'br' 'br_ln87' <Predicate = (icmp_ln85 & i_2 == 8)> <Delay = 0.00>
ST_1 : Operation 223 [1/1] (0.00ns)   --->   "%write_ln87 = write void @_ssdm_op_Write.ap_auto.floatP0A, i32 %m_tilde_7, i32 -1e+30" [./flashattentionsoftmax.h:87]   --->   Operation 223 'write' 'write_ln87' <Predicate = (icmp_ln85 & i_2 == 7)> <Delay = 0.00>
ST_1 : Operation 224 [1/1] (0.00ns)   --->   "%br_ln87 = br void %arrayidx646.exit" [./flashattentionsoftmax.h:87]   --->   Operation 224 'br' 'br_ln87' <Predicate = (icmp_ln85 & i_2 == 7)> <Delay = 0.00>
ST_1 : Operation 225 [1/1] (0.00ns)   --->   "%write_ln87 = write void @_ssdm_op_Write.ap_auto.floatP0A, i32 %m_tilde_6, i32 -1e+30" [./flashattentionsoftmax.h:87]   --->   Operation 225 'write' 'write_ln87' <Predicate = (icmp_ln85 & i_2 == 6)> <Delay = 0.00>
ST_1 : Operation 226 [1/1] (0.00ns)   --->   "%br_ln87 = br void %arrayidx646.exit" [./flashattentionsoftmax.h:87]   --->   Operation 226 'br' 'br_ln87' <Predicate = (icmp_ln85 & i_2 == 6)> <Delay = 0.00>
ST_1 : Operation 227 [1/1] (0.00ns)   --->   "%write_ln87 = write void @_ssdm_op_Write.ap_auto.floatP0A, i32 %m_tilde_5, i32 -1e+30" [./flashattentionsoftmax.h:87]   --->   Operation 227 'write' 'write_ln87' <Predicate = (icmp_ln85 & i_2 == 5)> <Delay = 0.00>
ST_1 : Operation 228 [1/1] (0.00ns)   --->   "%br_ln87 = br void %arrayidx646.exit" [./flashattentionsoftmax.h:87]   --->   Operation 228 'br' 'br_ln87' <Predicate = (icmp_ln85 & i_2 == 5)> <Delay = 0.00>
ST_1 : Operation 229 [1/1] (0.00ns)   --->   "%write_ln87 = write void @_ssdm_op_Write.ap_auto.floatP0A, i32 %m_tilde_4, i32 -1e+30" [./flashattentionsoftmax.h:87]   --->   Operation 229 'write' 'write_ln87' <Predicate = (icmp_ln85 & i_2 == 4)> <Delay = 0.00>
ST_1 : Operation 230 [1/1] (0.00ns)   --->   "%br_ln87 = br void %arrayidx646.exit" [./flashattentionsoftmax.h:87]   --->   Operation 230 'br' 'br_ln87' <Predicate = (icmp_ln85 & i_2 == 4)> <Delay = 0.00>
ST_1 : Operation 231 [1/1] (0.00ns)   --->   "%write_ln87 = write void @_ssdm_op_Write.ap_auto.floatP0A, i32 %m_tilde_3, i32 -1e+30" [./flashattentionsoftmax.h:87]   --->   Operation 231 'write' 'write_ln87' <Predicate = (icmp_ln85 & i_2 == 3)> <Delay = 0.00>
ST_1 : Operation 232 [1/1] (0.00ns)   --->   "%br_ln87 = br void %arrayidx646.exit" [./flashattentionsoftmax.h:87]   --->   Operation 232 'br' 'br_ln87' <Predicate = (icmp_ln85 & i_2 == 3)> <Delay = 0.00>
ST_1 : Operation 233 [1/1] (0.00ns)   --->   "%write_ln87 = write void @_ssdm_op_Write.ap_auto.floatP0A, i32 %m_tilde_2, i32 -1e+30" [./flashattentionsoftmax.h:87]   --->   Operation 233 'write' 'write_ln87' <Predicate = (icmp_ln85 & i_2 == 2)> <Delay = 0.00>
ST_1 : Operation 234 [1/1] (0.00ns)   --->   "%br_ln87 = br void %arrayidx646.exit" [./flashattentionsoftmax.h:87]   --->   Operation 234 'br' 'br_ln87' <Predicate = (icmp_ln85 & i_2 == 2)> <Delay = 0.00>
ST_1 : Operation 235 [1/1] (0.00ns)   --->   "%write_ln87 = write void @_ssdm_op_Write.ap_auto.floatP0A, i32 %m_tilde_1, i32 -1e+30" [./flashattentionsoftmax.h:87]   --->   Operation 235 'write' 'write_ln87' <Predicate = (icmp_ln85 & i_2 == 1)> <Delay = 0.00>
ST_1 : Operation 236 [1/1] (0.00ns)   --->   "%br_ln87 = br void %arrayidx646.exit" [./flashattentionsoftmax.h:87]   --->   Operation 236 'br' 'br_ln87' <Predicate = (icmp_ln85 & i_2 == 1)> <Delay = 0.00>
ST_1 : Operation 237 [1/1] (0.00ns)   --->   "%write_ln87 = write void @_ssdm_op_Write.ap_auto.floatP0A, i32 %m_tilde_0, i32 -1e+30" [./flashattentionsoftmax.h:87]   --->   Operation 237 'write' 'write_ln87' <Predicate = (icmp_ln85 & i_2 == 0)> <Delay = 0.00>
ST_1 : Operation 238 [1/1] (0.00ns)   --->   "%br_ln87 = br void %arrayidx646.exit" [./flashattentionsoftmax.h:87]   --->   Operation 238 'br' 'br_ln87' <Predicate = (icmp_ln85 & i_2 == 0)> <Delay = 0.00>
ST_1 : Operation 239 [1/1] (0.54ns)   --->   "%switch_ln88 = switch i6 %trunc_ln85, void %arrayidx667.case.0, i6 63, void %arrayidx667.case.63, i6 1, void %arrayidx667.case.1, i6 2, void %arrayidx667.case.2, i6 3, void %arrayidx667.case.3, i6 4, void %arrayidx667.case.4, i6 5, void %arrayidx667.case.5, i6 6, void %arrayidx667.case.6, i6 7, void %arrayidx667.case.7, i6 8, void %arrayidx667.case.8, i6 9, void %arrayidx667.case.9, i6 10, void %arrayidx667.case.10, i6 11, void %arrayidx667.case.11, i6 12, void %arrayidx667.case.12, i6 13, void %arrayidx667.case.13, i6 14, void %arrayidx667.case.14, i6 15, void %arrayidx667.case.15, i6 16, void %arrayidx667.case.16, i6 17, void %arrayidx667.case.17, i6 18, void %arrayidx667.case.18, i6 19, void %arrayidx667.case.19, i6 20, void %arrayidx667.case.20, i6 21, void %arrayidx667.case.21, i6 22, void %arrayidx667.case.22, i6 23, void %arrayidx667.case.23, i6 24, void %arrayidx667.case.24, i6 25, void %arrayidx667.case.25, i6 26, void %arrayidx667.case.26, i6 27, void %arrayidx667.case.27, i6 28, void %arrayidx667.case.28, i6 29, void %arrayidx667.case.29, i6 30, void %arrayidx667.case.30, i6 31, void %arrayidx667.case.31, i6 32, void %arrayidx667.case.32, i6 33, void %arrayidx667.case.33, i6 34, void %arrayidx667.case.34, i6 35, void %arrayidx667.case.35, i6 36, void %arrayidx667.case.36, i6 37, void %arrayidx667.case.37, i6 38, void %arrayidx667.case.38, i6 39, void %arrayidx667.case.39, i6 40, void %arrayidx667.case.40, i6 41, void %arrayidx667.case.41, i6 42, void %arrayidx667.case.42, i6 43, void %arrayidx667.case.43, i6 44, void %arrayidx667.case.44, i6 45, void %arrayidx667.case.45, i6 46, void %arrayidx667.case.46, i6 47, void %arrayidx667.case.47, i6 48, void %arrayidx667.case.48, i6 49, void %arrayidx667.case.49, i6 50, void %arrayidx667.case.50, i6 51, void %arrayidx667.case.51, i6 52, void %arrayidx667.case.52, i6 53, void %arrayidx667.case.53, i6 54, void %arrayidx667.case.54, i6 55, void %arrayidx667.case.55, i6 56, void %arrayidx667.case.56, i6 57, void %arrayidx667.case.57, i6 58, void %arrayidx667.case.58, i6 59, void %arrayidx667.case.59, i6 60, void %arrayidx667.case.60, i6 61, void %arrayidx667.case.61, i6 62, void %arrayidx667.case.62" [./flashattentionsoftmax.h:88]   --->   Operation 239 'switch' 'switch_ln88' <Predicate = (icmp_ln85)> <Delay = 0.54>
ST_1 : Operation 240 [1/1] (0.00ns)   --->   "%write_ln88 = write void @_ssdm_op_Write.ap_auto.floatP0A, i32 %l_tilde_62, i32 0" [./flashattentionsoftmax.h:88]   --->   Operation 240 'write' 'write_ln88' <Predicate = (icmp_ln85 & trunc_ln85 == 62)> <Delay = 0.00>
ST_1 : Operation 241 [1/1] (0.00ns)   --->   "%br_ln88 = br void %arrayidx667.exit" [./flashattentionsoftmax.h:88]   --->   Operation 241 'br' 'br_ln88' <Predicate = (icmp_ln85 & trunc_ln85 == 62)> <Delay = 0.00>
ST_1 : Operation 242 [1/1] (0.00ns)   --->   "%write_ln88 = write void @_ssdm_op_Write.ap_auto.floatP0A, i32 %l_tilde_61, i32 0" [./flashattentionsoftmax.h:88]   --->   Operation 242 'write' 'write_ln88' <Predicate = (icmp_ln85 & trunc_ln85 == 61)> <Delay = 0.00>
ST_1 : Operation 243 [1/1] (0.00ns)   --->   "%br_ln88 = br void %arrayidx667.exit" [./flashattentionsoftmax.h:88]   --->   Operation 243 'br' 'br_ln88' <Predicate = (icmp_ln85 & trunc_ln85 == 61)> <Delay = 0.00>
ST_1 : Operation 244 [1/1] (0.00ns)   --->   "%write_ln88 = write void @_ssdm_op_Write.ap_auto.floatP0A, i32 %l_tilde_60, i32 0" [./flashattentionsoftmax.h:88]   --->   Operation 244 'write' 'write_ln88' <Predicate = (icmp_ln85 & trunc_ln85 == 60)> <Delay = 0.00>
ST_1 : Operation 245 [1/1] (0.00ns)   --->   "%br_ln88 = br void %arrayidx667.exit" [./flashattentionsoftmax.h:88]   --->   Operation 245 'br' 'br_ln88' <Predicate = (icmp_ln85 & trunc_ln85 == 60)> <Delay = 0.00>
ST_1 : Operation 246 [1/1] (0.00ns)   --->   "%write_ln88 = write void @_ssdm_op_Write.ap_auto.floatP0A, i32 %l_tilde_59, i32 0" [./flashattentionsoftmax.h:88]   --->   Operation 246 'write' 'write_ln88' <Predicate = (icmp_ln85 & trunc_ln85 == 59)> <Delay = 0.00>
ST_1 : Operation 247 [1/1] (0.00ns)   --->   "%br_ln88 = br void %arrayidx667.exit" [./flashattentionsoftmax.h:88]   --->   Operation 247 'br' 'br_ln88' <Predicate = (icmp_ln85 & trunc_ln85 == 59)> <Delay = 0.00>
ST_1 : Operation 248 [1/1] (0.00ns)   --->   "%write_ln88 = write void @_ssdm_op_Write.ap_auto.floatP0A, i32 %l_tilde_58, i32 0" [./flashattentionsoftmax.h:88]   --->   Operation 248 'write' 'write_ln88' <Predicate = (icmp_ln85 & trunc_ln85 == 58)> <Delay = 0.00>
ST_1 : Operation 249 [1/1] (0.00ns)   --->   "%br_ln88 = br void %arrayidx667.exit" [./flashattentionsoftmax.h:88]   --->   Operation 249 'br' 'br_ln88' <Predicate = (icmp_ln85 & trunc_ln85 == 58)> <Delay = 0.00>
ST_1 : Operation 250 [1/1] (0.00ns)   --->   "%write_ln88 = write void @_ssdm_op_Write.ap_auto.floatP0A, i32 %l_tilde_57, i32 0" [./flashattentionsoftmax.h:88]   --->   Operation 250 'write' 'write_ln88' <Predicate = (icmp_ln85 & trunc_ln85 == 57)> <Delay = 0.00>
ST_1 : Operation 251 [1/1] (0.00ns)   --->   "%br_ln88 = br void %arrayidx667.exit" [./flashattentionsoftmax.h:88]   --->   Operation 251 'br' 'br_ln88' <Predicate = (icmp_ln85 & trunc_ln85 == 57)> <Delay = 0.00>
ST_1 : Operation 252 [1/1] (0.00ns)   --->   "%write_ln88 = write void @_ssdm_op_Write.ap_auto.floatP0A, i32 %l_tilde_56, i32 0" [./flashattentionsoftmax.h:88]   --->   Operation 252 'write' 'write_ln88' <Predicate = (icmp_ln85 & trunc_ln85 == 56)> <Delay = 0.00>
ST_1 : Operation 253 [1/1] (0.00ns)   --->   "%br_ln88 = br void %arrayidx667.exit" [./flashattentionsoftmax.h:88]   --->   Operation 253 'br' 'br_ln88' <Predicate = (icmp_ln85 & trunc_ln85 == 56)> <Delay = 0.00>
ST_1 : Operation 254 [1/1] (0.00ns)   --->   "%write_ln88 = write void @_ssdm_op_Write.ap_auto.floatP0A, i32 %l_tilde_55, i32 0" [./flashattentionsoftmax.h:88]   --->   Operation 254 'write' 'write_ln88' <Predicate = (icmp_ln85 & trunc_ln85 == 55)> <Delay = 0.00>
ST_1 : Operation 255 [1/1] (0.00ns)   --->   "%br_ln88 = br void %arrayidx667.exit" [./flashattentionsoftmax.h:88]   --->   Operation 255 'br' 'br_ln88' <Predicate = (icmp_ln85 & trunc_ln85 == 55)> <Delay = 0.00>
ST_1 : Operation 256 [1/1] (0.00ns)   --->   "%write_ln88 = write void @_ssdm_op_Write.ap_auto.floatP0A, i32 %l_tilde_54, i32 0" [./flashattentionsoftmax.h:88]   --->   Operation 256 'write' 'write_ln88' <Predicate = (icmp_ln85 & trunc_ln85 == 54)> <Delay = 0.00>
ST_1 : Operation 257 [1/1] (0.00ns)   --->   "%br_ln88 = br void %arrayidx667.exit" [./flashattentionsoftmax.h:88]   --->   Operation 257 'br' 'br_ln88' <Predicate = (icmp_ln85 & trunc_ln85 == 54)> <Delay = 0.00>
ST_1 : Operation 258 [1/1] (0.00ns)   --->   "%write_ln88 = write void @_ssdm_op_Write.ap_auto.floatP0A, i32 %l_tilde_53, i32 0" [./flashattentionsoftmax.h:88]   --->   Operation 258 'write' 'write_ln88' <Predicate = (icmp_ln85 & trunc_ln85 == 53)> <Delay = 0.00>
ST_1 : Operation 259 [1/1] (0.00ns)   --->   "%br_ln88 = br void %arrayidx667.exit" [./flashattentionsoftmax.h:88]   --->   Operation 259 'br' 'br_ln88' <Predicate = (icmp_ln85 & trunc_ln85 == 53)> <Delay = 0.00>
ST_1 : Operation 260 [1/1] (0.00ns)   --->   "%write_ln88 = write void @_ssdm_op_Write.ap_auto.floatP0A, i32 %l_tilde_52, i32 0" [./flashattentionsoftmax.h:88]   --->   Operation 260 'write' 'write_ln88' <Predicate = (icmp_ln85 & trunc_ln85 == 52)> <Delay = 0.00>
ST_1 : Operation 261 [1/1] (0.00ns)   --->   "%br_ln88 = br void %arrayidx667.exit" [./flashattentionsoftmax.h:88]   --->   Operation 261 'br' 'br_ln88' <Predicate = (icmp_ln85 & trunc_ln85 == 52)> <Delay = 0.00>
ST_1 : Operation 262 [1/1] (0.00ns)   --->   "%write_ln88 = write void @_ssdm_op_Write.ap_auto.floatP0A, i32 %l_tilde_51, i32 0" [./flashattentionsoftmax.h:88]   --->   Operation 262 'write' 'write_ln88' <Predicate = (icmp_ln85 & trunc_ln85 == 51)> <Delay = 0.00>
ST_1 : Operation 263 [1/1] (0.00ns)   --->   "%br_ln88 = br void %arrayidx667.exit" [./flashattentionsoftmax.h:88]   --->   Operation 263 'br' 'br_ln88' <Predicate = (icmp_ln85 & trunc_ln85 == 51)> <Delay = 0.00>
ST_1 : Operation 264 [1/1] (0.00ns)   --->   "%write_ln88 = write void @_ssdm_op_Write.ap_auto.floatP0A, i32 %l_tilde_50, i32 0" [./flashattentionsoftmax.h:88]   --->   Operation 264 'write' 'write_ln88' <Predicate = (icmp_ln85 & trunc_ln85 == 50)> <Delay = 0.00>
ST_1 : Operation 265 [1/1] (0.00ns)   --->   "%br_ln88 = br void %arrayidx667.exit" [./flashattentionsoftmax.h:88]   --->   Operation 265 'br' 'br_ln88' <Predicate = (icmp_ln85 & trunc_ln85 == 50)> <Delay = 0.00>
ST_1 : Operation 266 [1/1] (0.00ns)   --->   "%write_ln88 = write void @_ssdm_op_Write.ap_auto.floatP0A, i32 %l_tilde_49, i32 0" [./flashattentionsoftmax.h:88]   --->   Operation 266 'write' 'write_ln88' <Predicate = (icmp_ln85 & trunc_ln85 == 49)> <Delay = 0.00>
ST_1 : Operation 267 [1/1] (0.00ns)   --->   "%br_ln88 = br void %arrayidx667.exit" [./flashattentionsoftmax.h:88]   --->   Operation 267 'br' 'br_ln88' <Predicate = (icmp_ln85 & trunc_ln85 == 49)> <Delay = 0.00>
ST_1 : Operation 268 [1/1] (0.00ns)   --->   "%write_ln88 = write void @_ssdm_op_Write.ap_auto.floatP0A, i32 %l_tilde_48, i32 0" [./flashattentionsoftmax.h:88]   --->   Operation 268 'write' 'write_ln88' <Predicate = (icmp_ln85 & trunc_ln85 == 48)> <Delay = 0.00>
ST_1 : Operation 269 [1/1] (0.00ns)   --->   "%br_ln88 = br void %arrayidx667.exit" [./flashattentionsoftmax.h:88]   --->   Operation 269 'br' 'br_ln88' <Predicate = (icmp_ln85 & trunc_ln85 == 48)> <Delay = 0.00>
ST_1 : Operation 270 [1/1] (0.00ns)   --->   "%write_ln88 = write void @_ssdm_op_Write.ap_auto.floatP0A, i32 %l_tilde_47, i32 0" [./flashattentionsoftmax.h:88]   --->   Operation 270 'write' 'write_ln88' <Predicate = (icmp_ln85 & trunc_ln85 == 47)> <Delay = 0.00>
ST_1 : Operation 271 [1/1] (0.00ns)   --->   "%br_ln88 = br void %arrayidx667.exit" [./flashattentionsoftmax.h:88]   --->   Operation 271 'br' 'br_ln88' <Predicate = (icmp_ln85 & trunc_ln85 == 47)> <Delay = 0.00>
ST_1 : Operation 272 [1/1] (0.00ns)   --->   "%write_ln88 = write void @_ssdm_op_Write.ap_auto.floatP0A, i32 %l_tilde_46, i32 0" [./flashattentionsoftmax.h:88]   --->   Operation 272 'write' 'write_ln88' <Predicate = (icmp_ln85 & trunc_ln85 == 46)> <Delay = 0.00>
ST_1 : Operation 273 [1/1] (0.00ns)   --->   "%br_ln88 = br void %arrayidx667.exit" [./flashattentionsoftmax.h:88]   --->   Operation 273 'br' 'br_ln88' <Predicate = (icmp_ln85 & trunc_ln85 == 46)> <Delay = 0.00>
ST_1 : Operation 274 [1/1] (0.00ns)   --->   "%write_ln88 = write void @_ssdm_op_Write.ap_auto.floatP0A, i32 %l_tilde_45, i32 0" [./flashattentionsoftmax.h:88]   --->   Operation 274 'write' 'write_ln88' <Predicate = (icmp_ln85 & trunc_ln85 == 45)> <Delay = 0.00>
ST_1 : Operation 275 [1/1] (0.00ns)   --->   "%br_ln88 = br void %arrayidx667.exit" [./flashattentionsoftmax.h:88]   --->   Operation 275 'br' 'br_ln88' <Predicate = (icmp_ln85 & trunc_ln85 == 45)> <Delay = 0.00>
ST_1 : Operation 276 [1/1] (0.00ns)   --->   "%write_ln88 = write void @_ssdm_op_Write.ap_auto.floatP0A, i32 %l_tilde_44, i32 0" [./flashattentionsoftmax.h:88]   --->   Operation 276 'write' 'write_ln88' <Predicate = (icmp_ln85 & trunc_ln85 == 44)> <Delay = 0.00>
ST_1 : Operation 277 [1/1] (0.00ns)   --->   "%br_ln88 = br void %arrayidx667.exit" [./flashattentionsoftmax.h:88]   --->   Operation 277 'br' 'br_ln88' <Predicate = (icmp_ln85 & trunc_ln85 == 44)> <Delay = 0.00>
ST_1 : Operation 278 [1/1] (0.00ns)   --->   "%write_ln88 = write void @_ssdm_op_Write.ap_auto.floatP0A, i32 %l_tilde_43, i32 0" [./flashattentionsoftmax.h:88]   --->   Operation 278 'write' 'write_ln88' <Predicate = (icmp_ln85 & trunc_ln85 == 43)> <Delay = 0.00>
ST_1 : Operation 279 [1/1] (0.00ns)   --->   "%br_ln88 = br void %arrayidx667.exit" [./flashattentionsoftmax.h:88]   --->   Operation 279 'br' 'br_ln88' <Predicate = (icmp_ln85 & trunc_ln85 == 43)> <Delay = 0.00>
ST_1 : Operation 280 [1/1] (0.00ns)   --->   "%write_ln88 = write void @_ssdm_op_Write.ap_auto.floatP0A, i32 %l_tilde_42, i32 0" [./flashattentionsoftmax.h:88]   --->   Operation 280 'write' 'write_ln88' <Predicate = (icmp_ln85 & trunc_ln85 == 42)> <Delay = 0.00>
ST_1 : Operation 281 [1/1] (0.00ns)   --->   "%br_ln88 = br void %arrayidx667.exit" [./flashattentionsoftmax.h:88]   --->   Operation 281 'br' 'br_ln88' <Predicate = (icmp_ln85 & trunc_ln85 == 42)> <Delay = 0.00>
ST_1 : Operation 282 [1/1] (0.00ns)   --->   "%write_ln88 = write void @_ssdm_op_Write.ap_auto.floatP0A, i32 %l_tilde_41, i32 0" [./flashattentionsoftmax.h:88]   --->   Operation 282 'write' 'write_ln88' <Predicate = (icmp_ln85 & trunc_ln85 == 41)> <Delay = 0.00>
ST_1 : Operation 283 [1/1] (0.00ns)   --->   "%br_ln88 = br void %arrayidx667.exit" [./flashattentionsoftmax.h:88]   --->   Operation 283 'br' 'br_ln88' <Predicate = (icmp_ln85 & trunc_ln85 == 41)> <Delay = 0.00>
ST_1 : Operation 284 [1/1] (0.00ns)   --->   "%write_ln88 = write void @_ssdm_op_Write.ap_auto.floatP0A, i32 %l_tilde_40, i32 0" [./flashattentionsoftmax.h:88]   --->   Operation 284 'write' 'write_ln88' <Predicate = (icmp_ln85 & trunc_ln85 == 40)> <Delay = 0.00>
ST_1 : Operation 285 [1/1] (0.00ns)   --->   "%br_ln88 = br void %arrayidx667.exit" [./flashattentionsoftmax.h:88]   --->   Operation 285 'br' 'br_ln88' <Predicate = (icmp_ln85 & trunc_ln85 == 40)> <Delay = 0.00>
ST_1 : Operation 286 [1/1] (0.00ns)   --->   "%write_ln88 = write void @_ssdm_op_Write.ap_auto.floatP0A, i32 %l_tilde_39, i32 0" [./flashattentionsoftmax.h:88]   --->   Operation 286 'write' 'write_ln88' <Predicate = (icmp_ln85 & trunc_ln85 == 39)> <Delay = 0.00>
ST_1 : Operation 287 [1/1] (0.00ns)   --->   "%br_ln88 = br void %arrayidx667.exit" [./flashattentionsoftmax.h:88]   --->   Operation 287 'br' 'br_ln88' <Predicate = (icmp_ln85 & trunc_ln85 == 39)> <Delay = 0.00>
ST_1 : Operation 288 [1/1] (0.00ns)   --->   "%write_ln88 = write void @_ssdm_op_Write.ap_auto.floatP0A, i32 %l_tilde_38, i32 0" [./flashattentionsoftmax.h:88]   --->   Operation 288 'write' 'write_ln88' <Predicate = (icmp_ln85 & trunc_ln85 == 38)> <Delay = 0.00>
ST_1 : Operation 289 [1/1] (0.00ns)   --->   "%br_ln88 = br void %arrayidx667.exit" [./flashattentionsoftmax.h:88]   --->   Operation 289 'br' 'br_ln88' <Predicate = (icmp_ln85 & trunc_ln85 == 38)> <Delay = 0.00>
ST_1 : Operation 290 [1/1] (0.00ns)   --->   "%write_ln88 = write void @_ssdm_op_Write.ap_auto.floatP0A, i32 %l_tilde_37, i32 0" [./flashattentionsoftmax.h:88]   --->   Operation 290 'write' 'write_ln88' <Predicate = (icmp_ln85 & trunc_ln85 == 37)> <Delay = 0.00>
ST_1 : Operation 291 [1/1] (0.00ns)   --->   "%br_ln88 = br void %arrayidx667.exit" [./flashattentionsoftmax.h:88]   --->   Operation 291 'br' 'br_ln88' <Predicate = (icmp_ln85 & trunc_ln85 == 37)> <Delay = 0.00>
ST_1 : Operation 292 [1/1] (0.00ns)   --->   "%write_ln88 = write void @_ssdm_op_Write.ap_auto.floatP0A, i32 %l_tilde_36, i32 0" [./flashattentionsoftmax.h:88]   --->   Operation 292 'write' 'write_ln88' <Predicate = (icmp_ln85 & trunc_ln85 == 36)> <Delay = 0.00>
ST_1 : Operation 293 [1/1] (0.00ns)   --->   "%br_ln88 = br void %arrayidx667.exit" [./flashattentionsoftmax.h:88]   --->   Operation 293 'br' 'br_ln88' <Predicate = (icmp_ln85 & trunc_ln85 == 36)> <Delay = 0.00>
ST_1 : Operation 294 [1/1] (0.00ns)   --->   "%write_ln88 = write void @_ssdm_op_Write.ap_auto.floatP0A, i32 %l_tilde_35, i32 0" [./flashattentionsoftmax.h:88]   --->   Operation 294 'write' 'write_ln88' <Predicate = (icmp_ln85 & trunc_ln85 == 35)> <Delay = 0.00>
ST_1 : Operation 295 [1/1] (0.00ns)   --->   "%br_ln88 = br void %arrayidx667.exit" [./flashattentionsoftmax.h:88]   --->   Operation 295 'br' 'br_ln88' <Predicate = (icmp_ln85 & trunc_ln85 == 35)> <Delay = 0.00>
ST_1 : Operation 296 [1/1] (0.00ns)   --->   "%write_ln88 = write void @_ssdm_op_Write.ap_auto.floatP0A, i32 %l_tilde_34, i32 0" [./flashattentionsoftmax.h:88]   --->   Operation 296 'write' 'write_ln88' <Predicate = (icmp_ln85 & trunc_ln85 == 34)> <Delay = 0.00>
ST_1 : Operation 297 [1/1] (0.00ns)   --->   "%br_ln88 = br void %arrayidx667.exit" [./flashattentionsoftmax.h:88]   --->   Operation 297 'br' 'br_ln88' <Predicate = (icmp_ln85 & trunc_ln85 == 34)> <Delay = 0.00>
ST_1 : Operation 298 [1/1] (0.00ns)   --->   "%write_ln88 = write void @_ssdm_op_Write.ap_auto.floatP0A, i32 %l_tilde_33, i32 0" [./flashattentionsoftmax.h:88]   --->   Operation 298 'write' 'write_ln88' <Predicate = (icmp_ln85 & trunc_ln85 == 33)> <Delay = 0.00>
ST_1 : Operation 299 [1/1] (0.00ns)   --->   "%br_ln88 = br void %arrayidx667.exit" [./flashattentionsoftmax.h:88]   --->   Operation 299 'br' 'br_ln88' <Predicate = (icmp_ln85 & trunc_ln85 == 33)> <Delay = 0.00>
ST_1 : Operation 300 [1/1] (0.00ns)   --->   "%write_ln88 = write void @_ssdm_op_Write.ap_auto.floatP0A, i32 %l_tilde_32, i32 0" [./flashattentionsoftmax.h:88]   --->   Operation 300 'write' 'write_ln88' <Predicate = (icmp_ln85 & trunc_ln85 == 32)> <Delay = 0.00>
ST_1 : Operation 301 [1/1] (0.00ns)   --->   "%br_ln88 = br void %arrayidx667.exit" [./flashattentionsoftmax.h:88]   --->   Operation 301 'br' 'br_ln88' <Predicate = (icmp_ln85 & trunc_ln85 == 32)> <Delay = 0.00>
ST_1 : Operation 302 [1/1] (0.00ns)   --->   "%write_ln88 = write void @_ssdm_op_Write.ap_auto.floatP0A, i32 %l_tilde_31, i32 0" [./flashattentionsoftmax.h:88]   --->   Operation 302 'write' 'write_ln88' <Predicate = (icmp_ln85 & trunc_ln85 == 31)> <Delay = 0.00>
ST_1 : Operation 303 [1/1] (0.00ns)   --->   "%br_ln88 = br void %arrayidx667.exit" [./flashattentionsoftmax.h:88]   --->   Operation 303 'br' 'br_ln88' <Predicate = (icmp_ln85 & trunc_ln85 == 31)> <Delay = 0.00>
ST_1 : Operation 304 [1/1] (0.00ns)   --->   "%write_ln88 = write void @_ssdm_op_Write.ap_auto.floatP0A, i32 %l_tilde_30, i32 0" [./flashattentionsoftmax.h:88]   --->   Operation 304 'write' 'write_ln88' <Predicate = (icmp_ln85 & trunc_ln85 == 30)> <Delay = 0.00>
ST_1 : Operation 305 [1/1] (0.00ns)   --->   "%br_ln88 = br void %arrayidx667.exit" [./flashattentionsoftmax.h:88]   --->   Operation 305 'br' 'br_ln88' <Predicate = (icmp_ln85 & trunc_ln85 == 30)> <Delay = 0.00>
ST_1 : Operation 306 [1/1] (0.00ns)   --->   "%write_ln88 = write void @_ssdm_op_Write.ap_auto.floatP0A, i32 %l_tilde_29, i32 0" [./flashattentionsoftmax.h:88]   --->   Operation 306 'write' 'write_ln88' <Predicate = (icmp_ln85 & trunc_ln85 == 29)> <Delay = 0.00>
ST_1 : Operation 307 [1/1] (0.00ns)   --->   "%br_ln88 = br void %arrayidx667.exit" [./flashattentionsoftmax.h:88]   --->   Operation 307 'br' 'br_ln88' <Predicate = (icmp_ln85 & trunc_ln85 == 29)> <Delay = 0.00>
ST_1 : Operation 308 [1/1] (0.00ns)   --->   "%write_ln88 = write void @_ssdm_op_Write.ap_auto.floatP0A, i32 %l_tilde_28, i32 0" [./flashattentionsoftmax.h:88]   --->   Operation 308 'write' 'write_ln88' <Predicate = (icmp_ln85 & trunc_ln85 == 28)> <Delay = 0.00>
ST_1 : Operation 309 [1/1] (0.00ns)   --->   "%br_ln88 = br void %arrayidx667.exit" [./flashattentionsoftmax.h:88]   --->   Operation 309 'br' 'br_ln88' <Predicate = (icmp_ln85 & trunc_ln85 == 28)> <Delay = 0.00>
ST_1 : Operation 310 [1/1] (0.00ns)   --->   "%write_ln88 = write void @_ssdm_op_Write.ap_auto.floatP0A, i32 %l_tilde_27, i32 0" [./flashattentionsoftmax.h:88]   --->   Operation 310 'write' 'write_ln88' <Predicate = (icmp_ln85 & trunc_ln85 == 27)> <Delay = 0.00>
ST_1 : Operation 311 [1/1] (0.00ns)   --->   "%br_ln88 = br void %arrayidx667.exit" [./flashattentionsoftmax.h:88]   --->   Operation 311 'br' 'br_ln88' <Predicate = (icmp_ln85 & trunc_ln85 == 27)> <Delay = 0.00>
ST_1 : Operation 312 [1/1] (0.00ns)   --->   "%write_ln88 = write void @_ssdm_op_Write.ap_auto.floatP0A, i32 %l_tilde_26, i32 0" [./flashattentionsoftmax.h:88]   --->   Operation 312 'write' 'write_ln88' <Predicate = (icmp_ln85 & trunc_ln85 == 26)> <Delay = 0.00>
ST_1 : Operation 313 [1/1] (0.00ns)   --->   "%br_ln88 = br void %arrayidx667.exit" [./flashattentionsoftmax.h:88]   --->   Operation 313 'br' 'br_ln88' <Predicate = (icmp_ln85 & trunc_ln85 == 26)> <Delay = 0.00>
ST_1 : Operation 314 [1/1] (0.00ns)   --->   "%write_ln88 = write void @_ssdm_op_Write.ap_auto.floatP0A, i32 %l_tilde_25, i32 0" [./flashattentionsoftmax.h:88]   --->   Operation 314 'write' 'write_ln88' <Predicate = (icmp_ln85 & trunc_ln85 == 25)> <Delay = 0.00>
ST_1 : Operation 315 [1/1] (0.00ns)   --->   "%br_ln88 = br void %arrayidx667.exit" [./flashattentionsoftmax.h:88]   --->   Operation 315 'br' 'br_ln88' <Predicate = (icmp_ln85 & trunc_ln85 == 25)> <Delay = 0.00>
ST_1 : Operation 316 [1/1] (0.00ns)   --->   "%write_ln88 = write void @_ssdm_op_Write.ap_auto.floatP0A, i32 %l_tilde_24, i32 0" [./flashattentionsoftmax.h:88]   --->   Operation 316 'write' 'write_ln88' <Predicate = (icmp_ln85 & trunc_ln85 == 24)> <Delay = 0.00>
ST_1 : Operation 317 [1/1] (0.00ns)   --->   "%br_ln88 = br void %arrayidx667.exit" [./flashattentionsoftmax.h:88]   --->   Operation 317 'br' 'br_ln88' <Predicate = (icmp_ln85 & trunc_ln85 == 24)> <Delay = 0.00>
ST_1 : Operation 318 [1/1] (0.00ns)   --->   "%write_ln88 = write void @_ssdm_op_Write.ap_auto.floatP0A, i32 %l_tilde_23, i32 0" [./flashattentionsoftmax.h:88]   --->   Operation 318 'write' 'write_ln88' <Predicate = (icmp_ln85 & trunc_ln85 == 23)> <Delay = 0.00>
ST_1 : Operation 319 [1/1] (0.00ns)   --->   "%br_ln88 = br void %arrayidx667.exit" [./flashattentionsoftmax.h:88]   --->   Operation 319 'br' 'br_ln88' <Predicate = (icmp_ln85 & trunc_ln85 == 23)> <Delay = 0.00>
ST_1 : Operation 320 [1/1] (0.00ns)   --->   "%write_ln88 = write void @_ssdm_op_Write.ap_auto.floatP0A, i32 %l_tilde_22, i32 0" [./flashattentionsoftmax.h:88]   --->   Operation 320 'write' 'write_ln88' <Predicate = (icmp_ln85 & trunc_ln85 == 22)> <Delay = 0.00>
ST_1 : Operation 321 [1/1] (0.00ns)   --->   "%br_ln88 = br void %arrayidx667.exit" [./flashattentionsoftmax.h:88]   --->   Operation 321 'br' 'br_ln88' <Predicate = (icmp_ln85 & trunc_ln85 == 22)> <Delay = 0.00>
ST_1 : Operation 322 [1/1] (0.00ns)   --->   "%write_ln88 = write void @_ssdm_op_Write.ap_auto.floatP0A, i32 %l_tilde_21, i32 0" [./flashattentionsoftmax.h:88]   --->   Operation 322 'write' 'write_ln88' <Predicate = (icmp_ln85 & trunc_ln85 == 21)> <Delay = 0.00>
ST_1 : Operation 323 [1/1] (0.00ns)   --->   "%br_ln88 = br void %arrayidx667.exit" [./flashattentionsoftmax.h:88]   --->   Operation 323 'br' 'br_ln88' <Predicate = (icmp_ln85 & trunc_ln85 == 21)> <Delay = 0.00>
ST_1 : Operation 324 [1/1] (0.00ns)   --->   "%write_ln88 = write void @_ssdm_op_Write.ap_auto.floatP0A, i32 %l_tilde_20, i32 0" [./flashattentionsoftmax.h:88]   --->   Operation 324 'write' 'write_ln88' <Predicate = (icmp_ln85 & trunc_ln85 == 20)> <Delay = 0.00>
ST_1 : Operation 325 [1/1] (0.00ns)   --->   "%br_ln88 = br void %arrayidx667.exit" [./flashattentionsoftmax.h:88]   --->   Operation 325 'br' 'br_ln88' <Predicate = (icmp_ln85 & trunc_ln85 == 20)> <Delay = 0.00>
ST_1 : Operation 326 [1/1] (0.00ns)   --->   "%write_ln88 = write void @_ssdm_op_Write.ap_auto.floatP0A, i32 %l_tilde_19, i32 0" [./flashattentionsoftmax.h:88]   --->   Operation 326 'write' 'write_ln88' <Predicate = (icmp_ln85 & trunc_ln85 == 19)> <Delay = 0.00>
ST_1 : Operation 327 [1/1] (0.00ns)   --->   "%br_ln88 = br void %arrayidx667.exit" [./flashattentionsoftmax.h:88]   --->   Operation 327 'br' 'br_ln88' <Predicate = (icmp_ln85 & trunc_ln85 == 19)> <Delay = 0.00>
ST_1 : Operation 328 [1/1] (0.00ns)   --->   "%write_ln88 = write void @_ssdm_op_Write.ap_auto.floatP0A, i32 %l_tilde_18, i32 0" [./flashattentionsoftmax.h:88]   --->   Operation 328 'write' 'write_ln88' <Predicate = (icmp_ln85 & trunc_ln85 == 18)> <Delay = 0.00>
ST_1 : Operation 329 [1/1] (0.00ns)   --->   "%br_ln88 = br void %arrayidx667.exit" [./flashattentionsoftmax.h:88]   --->   Operation 329 'br' 'br_ln88' <Predicate = (icmp_ln85 & trunc_ln85 == 18)> <Delay = 0.00>
ST_1 : Operation 330 [1/1] (0.00ns)   --->   "%write_ln88 = write void @_ssdm_op_Write.ap_auto.floatP0A, i32 %l_tilde_17, i32 0" [./flashattentionsoftmax.h:88]   --->   Operation 330 'write' 'write_ln88' <Predicate = (icmp_ln85 & trunc_ln85 == 17)> <Delay = 0.00>
ST_1 : Operation 331 [1/1] (0.00ns)   --->   "%br_ln88 = br void %arrayidx667.exit" [./flashattentionsoftmax.h:88]   --->   Operation 331 'br' 'br_ln88' <Predicate = (icmp_ln85 & trunc_ln85 == 17)> <Delay = 0.00>
ST_1 : Operation 332 [1/1] (0.00ns)   --->   "%write_ln88 = write void @_ssdm_op_Write.ap_auto.floatP0A, i32 %l_tilde_16, i32 0" [./flashattentionsoftmax.h:88]   --->   Operation 332 'write' 'write_ln88' <Predicate = (icmp_ln85 & trunc_ln85 == 16)> <Delay = 0.00>
ST_1 : Operation 333 [1/1] (0.00ns)   --->   "%br_ln88 = br void %arrayidx667.exit" [./flashattentionsoftmax.h:88]   --->   Operation 333 'br' 'br_ln88' <Predicate = (icmp_ln85 & trunc_ln85 == 16)> <Delay = 0.00>
ST_1 : Operation 334 [1/1] (0.00ns)   --->   "%write_ln88 = write void @_ssdm_op_Write.ap_auto.floatP0A, i32 %l_tilde_15, i32 0" [./flashattentionsoftmax.h:88]   --->   Operation 334 'write' 'write_ln88' <Predicate = (icmp_ln85 & trunc_ln85 == 15)> <Delay = 0.00>
ST_1 : Operation 335 [1/1] (0.00ns)   --->   "%br_ln88 = br void %arrayidx667.exit" [./flashattentionsoftmax.h:88]   --->   Operation 335 'br' 'br_ln88' <Predicate = (icmp_ln85 & trunc_ln85 == 15)> <Delay = 0.00>
ST_1 : Operation 336 [1/1] (0.00ns)   --->   "%write_ln88 = write void @_ssdm_op_Write.ap_auto.floatP0A, i32 %l_tilde_14, i32 0" [./flashattentionsoftmax.h:88]   --->   Operation 336 'write' 'write_ln88' <Predicate = (icmp_ln85 & trunc_ln85 == 14)> <Delay = 0.00>
ST_1 : Operation 337 [1/1] (0.00ns)   --->   "%br_ln88 = br void %arrayidx667.exit" [./flashattentionsoftmax.h:88]   --->   Operation 337 'br' 'br_ln88' <Predicate = (icmp_ln85 & trunc_ln85 == 14)> <Delay = 0.00>
ST_1 : Operation 338 [1/1] (0.00ns)   --->   "%write_ln88 = write void @_ssdm_op_Write.ap_auto.floatP0A, i32 %l_tilde_13, i32 0" [./flashattentionsoftmax.h:88]   --->   Operation 338 'write' 'write_ln88' <Predicate = (icmp_ln85 & trunc_ln85 == 13)> <Delay = 0.00>
ST_1 : Operation 339 [1/1] (0.00ns)   --->   "%br_ln88 = br void %arrayidx667.exit" [./flashattentionsoftmax.h:88]   --->   Operation 339 'br' 'br_ln88' <Predicate = (icmp_ln85 & trunc_ln85 == 13)> <Delay = 0.00>
ST_1 : Operation 340 [1/1] (0.00ns)   --->   "%write_ln88 = write void @_ssdm_op_Write.ap_auto.floatP0A, i32 %l_tilde_12, i32 0" [./flashattentionsoftmax.h:88]   --->   Operation 340 'write' 'write_ln88' <Predicate = (icmp_ln85 & trunc_ln85 == 12)> <Delay = 0.00>
ST_1 : Operation 341 [1/1] (0.00ns)   --->   "%br_ln88 = br void %arrayidx667.exit" [./flashattentionsoftmax.h:88]   --->   Operation 341 'br' 'br_ln88' <Predicate = (icmp_ln85 & trunc_ln85 == 12)> <Delay = 0.00>
ST_1 : Operation 342 [1/1] (0.00ns)   --->   "%write_ln88 = write void @_ssdm_op_Write.ap_auto.floatP0A, i32 %l_tilde_11, i32 0" [./flashattentionsoftmax.h:88]   --->   Operation 342 'write' 'write_ln88' <Predicate = (icmp_ln85 & trunc_ln85 == 11)> <Delay = 0.00>
ST_1 : Operation 343 [1/1] (0.00ns)   --->   "%br_ln88 = br void %arrayidx667.exit" [./flashattentionsoftmax.h:88]   --->   Operation 343 'br' 'br_ln88' <Predicate = (icmp_ln85 & trunc_ln85 == 11)> <Delay = 0.00>
ST_1 : Operation 344 [1/1] (0.00ns)   --->   "%write_ln88 = write void @_ssdm_op_Write.ap_auto.floatP0A, i32 %l_tilde_10, i32 0" [./flashattentionsoftmax.h:88]   --->   Operation 344 'write' 'write_ln88' <Predicate = (icmp_ln85 & trunc_ln85 == 10)> <Delay = 0.00>
ST_1 : Operation 345 [1/1] (0.00ns)   --->   "%br_ln88 = br void %arrayidx667.exit" [./flashattentionsoftmax.h:88]   --->   Operation 345 'br' 'br_ln88' <Predicate = (icmp_ln85 & trunc_ln85 == 10)> <Delay = 0.00>
ST_1 : Operation 346 [1/1] (0.00ns)   --->   "%write_ln88 = write void @_ssdm_op_Write.ap_auto.floatP0A, i32 %l_tilde_9, i32 0" [./flashattentionsoftmax.h:88]   --->   Operation 346 'write' 'write_ln88' <Predicate = (icmp_ln85 & trunc_ln85 == 9)> <Delay = 0.00>
ST_1 : Operation 347 [1/1] (0.00ns)   --->   "%br_ln88 = br void %arrayidx667.exit" [./flashattentionsoftmax.h:88]   --->   Operation 347 'br' 'br_ln88' <Predicate = (icmp_ln85 & trunc_ln85 == 9)> <Delay = 0.00>
ST_1 : Operation 348 [1/1] (0.00ns)   --->   "%write_ln88 = write void @_ssdm_op_Write.ap_auto.floatP0A, i32 %l_tilde_8, i32 0" [./flashattentionsoftmax.h:88]   --->   Operation 348 'write' 'write_ln88' <Predicate = (icmp_ln85 & trunc_ln85 == 8)> <Delay = 0.00>
ST_1 : Operation 349 [1/1] (0.00ns)   --->   "%br_ln88 = br void %arrayidx667.exit" [./flashattentionsoftmax.h:88]   --->   Operation 349 'br' 'br_ln88' <Predicate = (icmp_ln85 & trunc_ln85 == 8)> <Delay = 0.00>
ST_1 : Operation 350 [1/1] (0.00ns)   --->   "%write_ln88 = write void @_ssdm_op_Write.ap_auto.floatP0A, i32 %l_tilde_7, i32 0" [./flashattentionsoftmax.h:88]   --->   Operation 350 'write' 'write_ln88' <Predicate = (icmp_ln85 & trunc_ln85 == 7)> <Delay = 0.00>
ST_1 : Operation 351 [1/1] (0.00ns)   --->   "%br_ln88 = br void %arrayidx667.exit" [./flashattentionsoftmax.h:88]   --->   Operation 351 'br' 'br_ln88' <Predicate = (icmp_ln85 & trunc_ln85 == 7)> <Delay = 0.00>
ST_1 : Operation 352 [1/1] (0.00ns)   --->   "%write_ln88 = write void @_ssdm_op_Write.ap_auto.floatP0A, i32 %l_tilde_6, i32 0" [./flashattentionsoftmax.h:88]   --->   Operation 352 'write' 'write_ln88' <Predicate = (icmp_ln85 & trunc_ln85 == 6)> <Delay = 0.00>
ST_1 : Operation 353 [1/1] (0.00ns)   --->   "%br_ln88 = br void %arrayidx667.exit" [./flashattentionsoftmax.h:88]   --->   Operation 353 'br' 'br_ln88' <Predicate = (icmp_ln85 & trunc_ln85 == 6)> <Delay = 0.00>
ST_1 : Operation 354 [1/1] (0.00ns)   --->   "%write_ln88 = write void @_ssdm_op_Write.ap_auto.floatP0A, i32 %l_tilde_5, i32 0" [./flashattentionsoftmax.h:88]   --->   Operation 354 'write' 'write_ln88' <Predicate = (icmp_ln85 & trunc_ln85 == 5)> <Delay = 0.00>
ST_1 : Operation 355 [1/1] (0.00ns)   --->   "%br_ln88 = br void %arrayidx667.exit" [./flashattentionsoftmax.h:88]   --->   Operation 355 'br' 'br_ln88' <Predicate = (icmp_ln85 & trunc_ln85 == 5)> <Delay = 0.00>
ST_1 : Operation 356 [1/1] (0.00ns)   --->   "%write_ln88 = write void @_ssdm_op_Write.ap_auto.floatP0A, i32 %l_tilde_4, i32 0" [./flashattentionsoftmax.h:88]   --->   Operation 356 'write' 'write_ln88' <Predicate = (icmp_ln85 & trunc_ln85 == 4)> <Delay = 0.00>
ST_1 : Operation 357 [1/1] (0.00ns)   --->   "%br_ln88 = br void %arrayidx667.exit" [./flashattentionsoftmax.h:88]   --->   Operation 357 'br' 'br_ln88' <Predicate = (icmp_ln85 & trunc_ln85 == 4)> <Delay = 0.00>
ST_1 : Operation 358 [1/1] (0.00ns)   --->   "%write_ln88 = write void @_ssdm_op_Write.ap_auto.floatP0A, i32 %l_tilde_3, i32 0" [./flashattentionsoftmax.h:88]   --->   Operation 358 'write' 'write_ln88' <Predicate = (icmp_ln85 & trunc_ln85 == 3)> <Delay = 0.00>
ST_1 : Operation 359 [1/1] (0.00ns)   --->   "%br_ln88 = br void %arrayidx667.exit" [./flashattentionsoftmax.h:88]   --->   Operation 359 'br' 'br_ln88' <Predicate = (icmp_ln85 & trunc_ln85 == 3)> <Delay = 0.00>
ST_1 : Operation 360 [1/1] (0.00ns)   --->   "%write_ln88 = write void @_ssdm_op_Write.ap_auto.floatP0A, i32 %l_tilde_2, i32 0" [./flashattentionsoftmax.h:88]   --->   Operation 360 'write' 'write_ln88' <Predicate = (icmp_ln85 & trunc_ln85 == 2)> <Delay = 0.00>
ST_1 : Operation 361 [1/1] (0.00ns)   --->   "%br_ln88 = br void %arrayidx667.exit" [./flashattentionsoftmax.h:88]   --->   Operation 361 'br' 'br_ln88' <Predicate = (icmp_ln85 & trunc_ln85 == 2)> <Delay = 0.00>
ST_1 : Operation 362 [1/1] (0.00ns)   --->   "%write_ln88 = write void @_ssdm_op_Write.ap_auto.floatP0A, i32 %l_tilde_1, i32 0" [./flashattentionsoftmax.h:88]   --->   Operation 362 'write' 'write_ln88' <Predicate = (icmp_ln85 & trunc_ln85 == 1)> <Delay = 0.00>
ST_1 : Operation 363 [1/1] (0.00ns)   --->   "%br_ln88 = br void %arrayidx667.exit" [./flashattentionsoftmax.h:88]   --->   Operation 363 'br' 'br_ln88' <Predicate = (icmp_ln85 & trunc_ln85 == 1)> <Delay = 0.00>
ST_1 : Operation 364 [1/1] (0.00ns)   --->   "%write_ln88 = write void @_ssdm_op_Write.ap_auto.floatP0A, i32 %l_tilde_63, i32 0" [./flashattentionsoftmax.h:88]   --->   Operation 364 'write' 'write_ln88' <Predicate = (icmp_ln85 & trunc_ln85 == 63)> <Delay = 0.00>
ST_1 : Operation 365 [1/1] (0.00ns)   --->   "%br_ln88 = br void %arrayidx667.exit" [./flashattentionsoftmax.h:88]   --->   Operation 365 'br' 'br_ln88' <Predicate = (icmp_ln85 & trunc_ln85 == 63)> <Delay = 0.00>
ST_1 : Operation 366 [1/1] (0.00ns)   --->   "%write_ln88 = write void @_ssdm_op_Write.ap_auto.floatP0A, i32 %l_tilde_0, i32 0" [./flashattentionsoftmax.h:88]   --->   Operation 366 'write' 'write_ln88' <Predicate = (icmp_ln85 & trunc_ln85 == 0)> <Delay = 0.00>
ST_1 : Operation 367 [1/1] (0.00ns)   --->   "%br_ln88 = br void %arrayidx667.exit" [./flashattentionsoftmax.h:88]   --->   Operation 367 'br' 'br_ln88' <Predicate = (icmp_ln85 & trunc_ln85 == 0)> <Delay = 0.00>
ST_1 : Operation 368 [1/1] (0.69ns) (share mux size 5)   --->   "%muxLogicRAMData_to_store_ln90 = muxlogic i16 0"   --->   Operation 368 'muxlogic' 'muxLogicRAMData_to_store_ln90' <Predicate = (icmp_ln85)> <Delay = 0.69>
ST_1 : Operation 369 [1/1] (0.69ns) (share mux size 5)   --->   "%muxLogicRAMAddr_to_store_ln90 = muxlogic i9 %P_tile_0_addr"   --->   Operation 369 'muxlogic' 'muxLogicRAMAddr_to_store_ln90' <Predicate = (icmp_ln85)> <Delay = 0.69>
ST_1 : Operation 370 [1/1] ( I:0.55ns O:0.55ns ) (share mux size 10)   --->   "%store_ln90 = store i16 0, i9 %P_tile_0_addr" [./flashattentionsoftmax.h:90]   --->   Operation 370 'store' 'store_ln90' <Predicate = (icmp_ln85)> <Delay = 0.55> <CoreInst = "RAM_2P_BRAM">   --->   Core 97 'RAM_2P_BRAM' <Latency = 1> <II = 1> <Delay = 0.86> <Storage> <Opcode : 'load' 'store'> <Ports = 2> <Width = 16> <Depth = 512> <RAM>
ST_1 : Operation 371 [1/1] (0.69ns) (share mux size 5)   --->   "%muxLogicRAMData_to_store_ln90 = muxlogic i16 0"   --->   Operation 371 'muxlogic' 'muxLogicRAMData_to_store_ln90' <Predicate = (icmp_ln85)> <Delay = 0.69>
ST_1 : Operation 372 [1/1] (0.69ns) (share mux size 5)   --->   "%muxLogicRAMAddr_to_store_ln90 = muxlogic i9 %P_tile_1_addr"   --->   Operation 372 'muxlogic' 'muxLogicRAMAddr_to_store_ln90' <Predicate = (icmp_ln85)> <Delay = 0.69>
ST_1 : Operation 373 [1/1] ( I:0.55ns O:0.55ns ) (share mux size 10)   --->   "%store_ln90 = store i16 0, i9 %P_tile_1_addr" [./flashattentionsoftmax.h:90]   --->   Operation 373 'store' 'store_ln90' <Predicate = (icmp_ln85)> <Delay = 0.55> <CoreInst = "RAM_2P_BRAM">   --->   Core 97 'RAM_2P_BRAM' <Latency = 1> <II = 1> <Delay = 0.86> <Storage> <Opcode : 'load' 'store'> <Ports = 2> <Width = 16> <Depth = 512> <RAM>
ST_1 : Operation 374 [1/1] (0.69ns) (share mux size 5)   --->   "%muxLogicRAMData_to_store_ln90 = muxlogic i16 0"   --->   Operation 374 'muxlogic' 'muxLogicRAMData_to_store_ln90' <Predicate = (icmp_ln85)> <Delay = 0.69>
ST_1 : Operation 375 [1/1] (0.69ns) (share mux size 5)   --->   "%muxLogicRAMAddr_to_store_ln90 = muxlogic i9 %P_tile_2_addr"   --->   Operation 375 'muxlogic' 'muxLogicRAMAddr_to_store_ln90' <Predicate = (icmp_ln85)> <Delay = 0.69>
ST_1 : Operation 376 [1/1] ( I:0.55ns O:0.55ns ) (share mux size 10)   --->   "%store_ln90 = store i16 0, i9 %P_tile_2_addr" [./flashattentionsoftmax.h:90]   --->   Operation 376 'store' 'store_ln90' <Predicate = (icmp_ln85)> <Delay = 0.55> <CoreInst = "RAM_2P_BRAM">   --->   Core 97 'RAM_2P_BRAM' <Latency = 1> <II = 1> <Delay = 0.86> <Storage> <Opcode : 'load' 'store'> <Ports = 2> <Width = 16> <Depth = 512> <RAM>
ST_1 : Operation 377 [1/1] (0.69ns) (share mux size 5)   --->   "%muxLogicRAMData_to_store_ln90 = muxlogic i16 0"   --->   Operation 377 'muxlogic' 'muxLogicRAMData_to_store_ln90' <Predicate = (icmp_ln85)> <Delay = 0.69>
ST_1 : Operation 378 [1/1] (0.69ns) (share mux size 5)   --->   "%muxLogicRAMAddr_to_store_ln90 = muxlogic i9 %P_tile_3_addr"   --->   Operation 378 'muxlogic' 'muxLogicRAMAddr_to_store_ln90' <Predicate = (icmp_ln85)> <Delay = 0.69>
ST_1 : Operation 379 [1/1] ( I:0.55ns O:0.55ns ) (share mux size 10)   --->   "%store_ln90 = store i16 0, i9 %P_tile_3_addr" [./flashattentionsoftmax.h:90]   --->   Operation 379 'store' 'store_ln90' <Predicate = (icmp_ln85)> <Delay = 0.55> <CoreInst = "RAM_2P_BRAM">   --->   Core 97 'RAM_2P_BRAM' <Latency = 1> <II = 1> <Delay = 0.86> <Storage> <Opcode : 'load' 'store'> <Ports = 2> <Width = 16> <Depth = 512> <RAM>
ST_1 : Operation 380 [1/1] (0.69ns) (share mux size 5)   --->   "%muxLogicRAMData_to_store_ln90 = muxlogic i16 0"   --->   Operation 380 'muxlogic' 'muxLogicRAMData_to_store_ln90' <Predicate = (icmp_ln85)> <Delay = 0.69>
ST_1 : Operation 381 [1/1] (0.69ns) (share mux size 5)   --->   "%muxLogicRAMAddr_to_store_ln90 = muxlogic i9 %P_tile_4_addr"   --->   Operation 381 'muxlogic' 'muxLogicRAMAddr_to_store_ln90' <Predicate = (icmp_ln85)> <Delay = 0.69>
ST_1 : Operation 382 [1/1] ( I:0.55ns O:0.55ns ) (share mux size 10)   --->   "%store_ln90 = store i16 0, i9 %P_tile_4_addr" [./flashattentionsoftmax.h:90]   --->   Operation 382 'store' 'store_ln90' <Predicate = (icmp_ln85)> <Delay = 0.55> <CoreInst = "RAM_2P_BRAM">   --->   Core 97 'RAM_2P_BRAM' <Latency = 1> <II = 1> <Delay = 0.86> <Storage> <Opcode : 'load' 'store'> <Ports = 2> <Width = 16> <Depth = 512> <RAM>
ST_1 : Operation 383 [1/1] (0.69ns) (share mux size 5)   --->   "%muxLogicRAMData_to_store_ln90 = muxlogic i16 0"   --->   Operation 383 'muxlogic' 'muxLogicRAMData_to_store_ln90' <Predicate = (icmp_ln85)> <Delay = 0.69>
ST_1 : Operation 384 [1/1] (0.69ns) (share mux size 5)   --->   "%muxLogicRAMAddr_to_store_ln90 = muxlogic i9 %P_tile_5_addr"   --->   Operation 384 'muxlogic' 'muxLogicRAMAddr_to_store_ln90' <Predicate = (icmp_ln85)> <Delay = 0.69>
ST_1 : Operation 385 [1/1] ( I:0.55ns O:0.55ns ) (share mux size 10)   --->   "%store_ln90 = store i16 0, i9 %P_tile_5_addr" [./flashattentionsoftmax.h:90]   --->   Operation 385 'store' 'store_ln90' <Predicate = (icmp_ln85)> <Delay = 0.55> <CoreInst = "RAM_2P_BRAM">   --->   Core 97 'RAM_2P_BRAM' <Latency = 1> <II = 1> <Delay = 0.86> <Storage> <Opcode : 'load' 'store'> <Ports = 2> <Width = 16> <Depth = 512> <RAM>
ST_1 : Operation 386 [1/1] (0.69ns) (share mux size 5)   --->   "%muxLogicRAMData_to_store_ln90 = muxlogic i16 0"   --->   Operation 386 'muxlogic' 'muxLogicRAMData_to_store_ln90' <Predicate = (icmp_ln85)> <Delay = 0.69>
ST_1 : Operation 387 [1/1] (0.69ns) (share mux size 5)   --->   "%muxLogicRAMAddr_to_store_ln90 = muxlogic i9 %P_tile_6_addr"   --->   Operation 387 'muxlogic' 'muxLogicRAMAddr_to_store_ln90' <Predicate = (icmp_ln85)> <Delay = 0.69>
ST_1 : Operation 388 [1/1] ( I:0.55ns O:0.55ns ) (share mux size 10)   --->   "%store_ln90 = store i16 0, i9 %P_tile_6_addr" [./flashattentionsoftmax.h:90]   --->   Operation 388 'store' 'store_ln90' <Predicate = (icmp_ln85)> <Delay = 0.55> <CoreInst = "RAM_2P_BRAM">   --->   Core 97 'RAM_2P_BRAM' <Latency = 1> <II = 1> <Delay = 0.86> <Storage> <Opcode : 'load' 'store'> <Ports = 2> <Width = 16> <Depth = 512> <RAM>
ST_1 : Operation 389 [1/1] (0.69ns) (share mux size 5)   --->   "%muxLogicRAMData_to_store_ln90 = muxlogic i16 0"   --->   Operation 389 'muxlogic' 'muxLogicRAMData_to_store_ln90' <Predicate = (icmp_ln85)> <Delay = 0.69>
ST_1 : Operation 390 [1/1] (0.69ns) (share mux size 5)   --->   "%muxLogicRAMAddr_to_store_ln90 = muxlogic i9 %P_tile_7_addr"   --->   Operation 390 'muxlogic' 'muxLogicRAMAddr_to_store_ln90' <Predicate = (icmp_ln85)> <Delay = 0.69>
ST_1 : Operation 391 [1/1] ( I:0.55ns O:0.55ns ) (share mux size 10)   --->   "%store_ln90 = store i16 0, i9 %P_tile_7_addr" [./flashattentionsoftmax.h:90]   --->   Operation 391 'store' 'store_ln90' <Predicate = (icmp_ln85)> <Delay = 0.55> <CoreInst = "RAM_2P_BRAM">   --->   Core 97 'RAM_2P_BRAM' <Latency = 1> <II = 1> <Delay = 0.86> <Storage> <Opcode : 'load' 'store'> <Ports = 2> <Width = 16> <Depth = 512> <RAM>
ST_1 : Operation 392 [1/1] (0.85ns)   --->   "%add_ln85 = add i32 %i_2, i32 1" [./flashattentionsoftmax.h:85]   --->   Operation 392 'add' 'add_ln85' <Predicate = (icmp_ln85)> <Delay = 0.85> <CoreInst = "Adder">   --->   Core 1 'Adder' <Latency = 0> <II = 1> <Delay = 0.85> <FuncUnit> <Opcode : 'add' 'sub'> <InPorts = 2> <OutPorts = 1>
ST_1 : Operation 393 [1/1] (0.42ns)   --->   "%store_ln85 = store i32 %add_ln85, i32 %i" [./flashattentionsoftmax.h:85]   --->   Operation 393 'store' 'store_ln85' <Predicate = (icmp_ln85)> <Delay = 0.42>
ST_1 : Operation 563 [1/1] (0.28ns)   --->   "%ret_ln0 = ret"   --->   Operation 563 'ret' 'ret_ln0' <Predicate = (!icmp_ln85)> <Delay = 0.28>

State 2 <SV = 1> <Delay = 1.25>
ST_2 : Operation 394 [1/1] (0.69ns) (share mux size 5)   --->   "%muxLogicRAMData_to_store_ln90 = muxlogic i16 0"   --->   Operation 394 'muxlogic' 'muxLogicRAMData_to_store_ln90' <Predicate = true> <Delay = 0.69>
ST_2 : Operation 395 [1/1] (0.69ns) (share mux size 5)   --->   "%muxLogicRAMAddr_to_store_ln90 = muxlogic i9 %P_tile_0_addr_1"   --->   Operation 395 'muxlogic' 'muxLogicRAMAddr_to_store_ln90' <Predicate = true> <Delay = 0.69>
ST_2 : Operation 396 [1/1] ( I:0.55ns O:0.55ns ) (share mux size 10)   --->   "%store_ln90 = store i16 0, i9 %P_tile_0_addr_1" [./flashattentionsoftmax.h:90]   --->   Operation 396 'store' 'store_ln90' <Predicate = true> <Delay = 0.55> <CoreInst = "RAM_2P_BRAM">   --->   Core 97 'RAM_2P_BRAM' <Latency = 1> <II = 1> <Delay = 0.86> <Storage> <Opcode : 'load' 'store'> <Ports = 2> <Width = 16> <Depth = 512> <RAM>
ST_2 : Operation 397 [1/1] (0.69ns) (share mux size 5)   --->   "%muxLogicRAMData_to_store_ln90 = muxlogic i16 0"   --->   Operation 397 'muxlogic' 'muxLogicRAMData_to_store_ln90' <Predicate = true> <Delay = 0.69>
ST_2 : Operation 398 [1/1] (0.69ns) (share mux size 5)   --->   "%muxLogicRAMAddr_to_store_ln90 = muxlogic i9 %P_tile_1_addr_1"   --->   Operation 398 'muxlogic' 'muxLogicRAMAddr_to_store_ln90' <Predicate = true> <Delay = 0.69>
ST_2 : Operation 399 [1/1] ( I:0.55ns O:0.55ns ) (share mux size 10)   --->   "%store_ln90 = store i16 0, i9 %P_tile_1_addr_1" [./flashattentionsoftmax.h:90]   --->   Operation 399 'store' 'store_ln90' <Predicate = true> <Delay = 0.55> <CoreInst = "RAM_2P_BRAM">   --->   Core 97 'RAM_2P_BRAM' <Latency = 1> <II = 1> <Delay = 0.86> <Storage> <Opcode : 'load' 'store'> <Ports = 2> <Width = 16> <Depth = 512> <RAM>
ST_2 : Operation 400 [1/1] (0.69ns) (share mux size 5)   --->   "%muxLogicRAMData_to_store_ln90 = muxlogic i16 0"   --->   Operation 400 'muxlogic' 'muxLogicRAMData_to_store_ln90' <Predicate = true> <Delay = 0.69>
ST_2 : Operation 401 [1/1] (0.69ns) (share mux size 5)   --->   "%muxLogicRAMAddr_to_store_ln90 = muxlogic i9 %P_tile_2_addr_1"   --->   Operation 401 'muxlogic' 'muxLogicRAMAddr_to_store_ln90' <Predicate = true> <Delay = 0.69>
ST_2 : Operation 402 [1/1] ( I:0.55ns O:0.55ns ) (share mux size 10)   --->   "%store_ln90 = store i16 0, i9 %P_tile_2_addr_1" [./flashattentionsoftmax.h:90]   --->   Operation 402 'store' 'store_ln90' <Predicate = true> <Delay = 0.55> <CoreInst = "RAM_2P_BRAM">   --->   Core 97 'RAM_2P_BRAM' <Latency = 1> <II = 1> <Delay = 0.86> <Storage> <Opcode : 'load' 'store'> <Ports = 2> <Width = 16> <Depth = 512> <RAM>
ST_2 : Operation 403 [1/1] (0.69ns) (share mux size 5)   --->   "%muxLogicRAMData_to_store_ln90 = muxlogic i16 0"   --->   Operation 403 'muxlogic' 'muxLogicRAMData_to_store_ln90' <Predicate = true> <Delay = 0.69>
ST_2 : Operation 404 [1/1] (0.69ns) (share mux size 5)   --->   "%muxLogicRAMAddr_to_store_ln90 = muxlogic i9 %P_tile_3_addr_1"   --->   Operation 404 'muxlogic' 'muxLogicRAMAddr_to_store_ln90' <Predicate = true> <Delay = 0.69>
ST_2 : Operation 405 [1/1] ( I:0.55ns O:0.55ns ) (share mux size 10)   --->   "%store_ln90 = store i16 0, i9 %P_tile_3_addr_1" [./flashattentionsoftmax.h:90]   --->   Operation 405 'store' 'store_ln90' <Predicate = true> <Delay = 0.55> <CoreInst = "RAM_2P_BRAM">   --->   Core 97 'RAM_2P_BRAM' <Latency = 1> <II = 1> <Delay = 0.86> <Storage> <Opcode : 'load' 'store'> <Ports = 2> <Width = 16> <Depth = 512> <RAM>
ST_2 : Operation 406 [1/1] (0.69ns) (share mux size 5)   --->   "%muxLogicRAMData_to_store_ln90 = muxlogic i16 0"   --->   Operation 406 'muxlogic' 'muxLogicRAMData_to_store_ln90' <Predicate = true> <Delay = 0.69>
ST_2 : Operation 407 [1/1] (0.69ns) (share mux size 5)   --->   "%muxLogicRAMAddr_to_store_ln90 = muxlogic i9 %P_tile_4_addr_1"   --->   Operation 407 'muxlogic' 'muxLogicRAMAddr_to_store_ln90' <Predicate = true> <Delay = 0.69>
ST_2 : Operation 408 [1/1] ( I:0.55ns O:0.55ns ) (share mux size 10)   --->   "%store_ln90 = store i16 0, i9 %P_tile_4_addr_1" [./flashattentionsoftmax.h:90]   --->   Operation 408 'store' 'store_ln90' <Predicate = true> <Delay = 0.55> <CoreInst = "RAM_2P_BRAM">   --->   Core 97 'RAM_2P_BRAM' <Latency = 1> <II = 1> <Delay = 0.86> <Storage> <Opcode : 'load' 'store'> <Ports = 2> <Width = 16> <Depth = 512> <RAM>
ST_2 : Operation 409 [1/1] (0.69ns) (share mux size 5)   --->   "%muxLogicRAMData_to_store_ln90 = muxlogic i16 0"   --->   Operation 409 'muxlogic' 'muxLogicRAMData_to_store_ln90' <Predicate = true> <Delay = 0.69>
ST_2 : Operation 410 [1/1] (0.69ns) (share mux size 5)   --->   "%muxLogicRAMAddr_to_store_ln90 = muxlogic i9 %P_tile_5_addr_1"   --->   Operation 410 'muxlogic' 'muxLogicRAMAddr_to_store_ln90' <Predicate = true> <Delay = 0.69>
ST_2 : Operation 411 [1/1] ( I:0.55ns O:0.55ns ) (share mux size 10)   --->   "%store_ln90 = store i16 0, i9 %P_tile_5_addr_1" [./flashattentionsoftmax.h:90]   --->   Operation 411 'store' 'store_ln90' <Predicate = true> <Delay = 0.55> <CoreInst = "RAM_2P_BRAM">   --->   Core 97 'RAM_2P_BRAM' <Latency = 1> <II = 1> <Delay = 0.86> <Storage> <Opcode : 'load' 'store'> <Ports = 2> <Width = 16> <Depth = 512> <RAM>
ST_2 : Operation 412 [1/1] (0.69ns) (share mux size 5)   --->   "%muxLogicRAMData_to_store_ln90 = muxlogic i16 0"   --->   Operation 412 'muxlogic' 'muxLogicRAMData_to_store_ln90' <Predicate = true> <Delay = 0.69>
ST_2 : Operation 413 [1/1] (0.69ns) (share mux size 5)   --->   "%muxLogicRAMAddr_to_store_ln90 = muxlogic i9 %P_tile_6_addr_1"   --->   Operation 413 'muxlogic' 'muxLogicRAMAddr_to_store_ln90' <Predicate = true> <Delay = 0.69>
ST_2 : Operation 414 [1/1] ( I:0.55ns O:0.55ns ) (share mux size 10)   --->   "%store_ln90 = store i16 0, i9 %P_tile_6_addr_1" [./flashattentionsoftmax.h:90]   --->   Operation 414 'store' 'store_ln90' <Predicate = true> <Delay = 0.55> <CoreInst = "RAM_2P_BRAM">   --->   Core 97 'RAM_2P_BRAM' <Latency = 1> <II = 1> <Delay = 0.86> <Storage> <Opcode : 'load' 'store'> <Ports = 2> <Width = 16> <Depth = 512> <RAM>
ST_2 : Operation 415 [1/1] (0.69ns) (share mux size 5)   --->   "%muxLogicRAMData_to_store_ln90 = muxlogic i16 0"   --->   Operation 415 'muxlogic' 'muxLogicRAMData_to_store_ln90' <Predicate = true> <Delay = 0.69>
ST_2 : Operation 416 [1/1] (0.69ns) (share mux size 5)   --->   "%muxLogicRAMAddr_to_store_ln90 = muxlogic i9 %P_tile_7_addr_1"   --->   Operation 416 'muxlogic' 'muxLogicRAMAddr_to_store_ln90' <Predicate = true> <Delay = 0.69>
ST_2 : Operation 417 [1/1] ( I:0.55ns O:0.55ns ) (share mux size 10)   --->   "%store_ln90 = store i16 0, i9 %P_tile_7_addr_1" [./flashattentionsoftmax.h:90]   --->   Operation 417 'store' 'store_ln90' <Predicate = true> <Delay = 0.55> <CoreInst = "RAM_2P_BRAM">   --->   Core 97 'RAM_2P_BRAM' <Latency = 1> <II = 1> <Delay = 0.86> <Storage> <Opcode : 'load' 'store'> <Ports = 2> <Width = 16> <Depth = 512> <RAM>

State 3 <SV = 2> <Delay = 1.25>
ST_3 : Operation 418 [1/1] (0.69ns) (share mux size 5)   --->   "%muxLogicRAMData_to_store_ln90 = muxlogic i16 0"   --->   Operation 418 'muxlogic' 'muxLogicRAMData_to_store_ln90' <Predicate = true> <Delay = 0.69>
ST_3 : Operation 419 [1/1] (0.69ns) (share mux size 5)   --->   "%muxLogicRAMAddr_to_store_ln90 = muxlogic i9 %P_tile_0_addr_2"   --->   Operation 419 'muxlogic' 'muxLogicRAMAddr_to_store_ln90' <Predicate = true> <Delay = 0.69>
ST_3 : Operation 420 [1/1] ( I:0.55ns O:0.55ns ) (share mux size 10)   --->   "%store_ln90 = store i16 0, i9 %P_tile_0_addr_2" [./flashattentionsoftmax.h:90]   --->   Operation 420 'store' 'store_ln90' <Predicate = true> <Delay = 0.55> <CoreInst = "RAM_2P_BRAM">   --->   Core 97 'RAM_2P_BRAM' <Latency = 1> <II = 1> <Delay = 0.86> <Storage> <Opcode : 'load' 'store'> <Ports = 2> <Width = 16> <Depth = 512> <RAM>
ST_3 : Operation 421 [1/1] (0.69ns) (share mux size 5)   --->   "%muxLogicRAMData_to_store_ln90 = muxlogic i16 0"   --->   Operation 421 'muxlogic' 'muxLogicRAMData_to_store_ln90' <Predicate = true> <Delay = 0.69>
ST_3 : Operation 422 [1/1] (0.69ns) (share mux size 5)   --->   "%muxLogicRAMAddr_to_store_ln90 = muxlogic i9 %P_tile_1_addr_2"   --->   Operation 422 'muxlogic' 'muxLogicRAMAddr_to_store_ln90' <Predicate = true> <Delay = 0.69>
ST_3 : Operation 423 [1/1] ( I:0.55ns O:0.55ns ) (share mux size 10)   --->   "%store_ln90 = store i16 0, i9 %P_tile_1_addr_2" [./flashattentionsoftmax.h:90]   --->   Operation 423 'store' 'store_ln90' <Predicate = true> <Delay = 0.55> <CoreInst = "RAM_2P_BRAM">   --->   Core 97 'RAM_2P_BRAM' <Latency = 1> <II = 1> <Delay = 0.86> <Storage> <Opcode : 'load' 'store'> <Ports = 2> <Width = 16> <Depth = 512> <RAM>
ST_3 : Operation 424 [1/1] (0.69ns) (share mux size 5)   --->   "%muxLogicRAMData_to_store_ln90 = muxlogic i16 0"   --->   Operation 424 'muxlogic' 'muxLogicRAMData_to_store_ln90' <Predicate = true> <Delay = 0.69>
ST_3 : Operation 425 [1/1] (0.69ns) (share mux size 5)   --->   "%muxLogicRAMAddr_to_store_ln90 = muxlogic i9 %P_tile_2_addr_2"   --->   Operation 425 'muxlogic' 'muxLogicRAMAddr_to_store_ln90' <Predicate = true> <Delay = 0.69>
ST_3 : Operation 426 [1/1] ( I:0.55ns O:0.55ns ) (share mux size 10)   --->   "%store_ln90 = store i16 0, i9 %P_tile_2_addr_2" [./flashattentionsoftmax.h:90]   --->   Operation 426 'store' 'store_ln90' <Predicate = true> <Delay = 0.55> <CoreInst = "RAM_2P_BRAM">   --->   Core 97 'RAM_2P_BRAM' <Latency = 1> <II = 1> <Delay = 0.86> <Storage> <Opcode : 'load' 'store'> <Ports = 2> <Width = 16> <Depth = 512> <RAM>
ST_3 : Operation 427 [1/1] (0.69ns) (share mux size 5)   --->   "%muxLogicRAMData_to_store_ln90 = muxlogic i16 0"   --->   Operation 427 'muxlogic' 'muxLogicRAMData_to_store_ln90' <Predicate = true> <Delay = 0.69>
ST_3 : Operation 428 [1/1] (0.69ns) (share mux size 5)   --->   "%muxLogicRAMAddr_to_store_ln90 = muxlogic i9 %P_tile_3_addr_2"   --->   Operation 428 'muxlogic' 'muxLogicRAMAddr_to_store_ln90' <Predicate = true> <Delay = 0.69>
ST_3 : Operation 429 [1/1] ( I:0.55ns O:0.55ns ) (share mux size 10)   --->   "%store_ln90 = store i16 0, i9 %P_tile_3_addr_2" [./flashattentionsoftmax.h:90]   --->   Operation 429 'store' 'store_ln90' <Predicate = true> <Delay = 0.55> <CoreInst = "RAM_2P_BRAM">   --->   Core 97 'RAM_2P_BRAM' <Latency = 1> <II = 1> <Delay = 0.86> <Storage> <Opcode : 'load' 'store'> <Ports = 2> <Width = 16> <Depth = 512> <RAM>
ST_3 : Operation 430 [1/1] (0.69ns) (share mux size 5)   --->   "%muxLogicRAMData_to_store_ln90 = muxlogic i16 0"   --->   Operation 430 'muxlogic' 'muxLogicRAMData_to_store_ln90' <Predicate = true> <Delay = 0.69>
ST_3 : Operation 431 [1/1] (0.69ns) (share mux size 5)   --->   "%muxLogicRAMAddr_to_store_ln90 = muxlogic i9 %P_tile_4_addr_2"   --->   Operation 431 'muxlogic' 'muxLogicRAMAddr_to_store_ln90' <Predicate = true> <Delay = 0.69>
ST_3 : Operation 432 [1/1] ( I:0.55ns O:0.55ns ) (share mux size 10)   --->   "%store_ln90 = store i16 0, i9 %P_tile_4_addr_2" [./flashattentionsoftmax.h:90]   --->   Operation 432 'store' 'store_ln90' <Predicate = true> <Delay = 0.55> <CoreInst = "RAM_2P_BRAM">   --->   Core 97 'RAM_2P_BRAM' <Latency = 1> <II = 1> <Delay = 0.86> <Storage> <Opcode : 'load' 'store'> <Ports = 2> <Width = 16> <Depth = 512> <RAM>
ST_3 : Operation 433 [1/1] (0.69ns) (share mux size 5)   --->   "%muxLogicRAMData_to_store_ln90 = muxlogic i16 0"   --->   Operation 433 'muxlogic' 'muxLogicRAMData_to_store_ln90' <Predicate = true> <Delay = 0.69>
ST_3 : Operation 434 [1/1] (0.69ns) (share mux size 5)   --->   "%muxLogicRAMAddr_to_store_ln90 = muxlogic i9 %P_tile_5_addr_2"   --->   Operation 434 'muxlogic' 'muxLogicRAMAddr_to_store_ln90' <Predicate = true> <Delay = 0.69>
ST_3 : Operation 435 [1/1] ( I:0.55ns O:0.55ns ) (share mux size 10)   --->   "%store_ln90 = store i16 0, i9 %P_tile_5_addr_2" [./flashattentionsoftmax.h:90]   --->   Operation 435 'store' 'store_ln90' <Predicate = true> <Delay = 0.55> <CoreInst = "RAM_2P_BRAM">   --->   Core 97 'RAM_2P_BRAM' <Latency = 1> <II = 1> <Delay = 0.86> <Storage> <Opcode : 'load' 'store'> <Ports = 2> <Width = 16> <Depth = 512> <RAM>
ST_3 : Operation 436 [1/1] (0.69ns) (share mux size 5)   --->   "%muxLogicRAMData_to_store_ln90 = muxlogic i16 0"   --->   Operation 436 'muxlogic' 'muxLogicRAMData_to_store_ln90' <Predicate = true> <Delay = 0.69>
ST_3 : Operation 437 [1/1] (0.69ns) (share mux size 5)   --->   "%muxLogicRAMAddr_to_store_ln90 = muxlogic i9 %P_tile_6_addr_2"   --->   Operation 437 'muxlogic' 'muxLogicRAMAddr_to_store_ln90' <Predicate = true> <Delay = 0.69>
ST_3 : Operation 438 [1/1] ( I:0.55ns O:0.55ns ) (share mux size 10)   --->   "%store_ln90 = store i16 0, i9 %P_tile_6_addr_2" [./flashattentionsoftmax.h:90]   --->   Operation 438 'store' 'store_ln90' <Predicate = true> <Delay = 0.55> <CoreInst = "RAM_2P_BRAM">   --->   Core 97 'RAM_2P_BRAM' <Latency = 1> <II = 1> <Delay = 0.86> <Storage> <Opcode : 'load' 'store'> <Ports = 2> <Width = 16> <Depth = 512> <RAM>
ST_3 : Operation 439 [1/1] (0.69ns) (share mux size 5)   --->   "%muxLogicRAMData_to_store_ln90 = muxlogic i16 0"   --->   Operation 439 'muxlogic' 'muxLogicRAMData_to_store_ln90' <Predicate = true> <Delay = 0.69>
ST_3 : Operation 440 [1/1] (0.69ns) (share mux size 5)   --->   "%muxLogicRAMAddr_to_store_ln90 = muxlogic i9 %P_tile_7_addr_2"   --->   Operation 440 'muxlogic' 'muxLogicRAMAddr_to_store_ln90' <Predicate = true> <Delay = 0.69>
ST_3 : Operation 441 [1/1] ( I:0.55ns O:0.55ns ) (share mux size 10)   --->   "%store_ln90 = store i16 0, i9 %P_tile_7_addr_2" [./flashattentionsoftmax.h:90]   --->   Operation 441 'store' 'store_ln90' <Predicate = true> <Delay = 0.55> <CoreInst = "RAM_2P_BRAM">   --->   Core 97 'RAM_2P_BRAM' <Latency = 1> <II = 1> <Delay = 0.86> <Storage> <Opcode : 'load' 'store'> <Ports = 2> <Width = 16> <Depth = 512> <RAM>

State 4 <SV = 3> <Delay = 1.25>
ST_4 : Operation 442 [1/1] (0.69ns) (share mux size 5)   --->   "%muxLogicRAMData_to_store_ln90 = muxlogic i16 0"   --->   Operation 442 'muxlogic' 'muxLogicRAMData_to_store_ln90' <Predicate = true> <Delay = 0.69>
ST_4 : Operation 443 [1/1] (0.69ns) (share mux size 5)   --->   "%muxLogicRAMAddr_to_store_ln90 = muxlogic i9 %P_tile_0_addr_3"   --->   Operation 443 'muxlogic' 'muxLogicRAMAddr_to_store_ln90' <Predicate = true> <Delay = 0.69>
ST_4 : Operation 444 [1/1] ( I:0.55ns O:0.55ns ) (share mux size 10)   --->   "%store_ln90 = store i16 0, i9 %P_tile_0_addr_3" [./flashattentionsoftmax.h:90]   --->   Operation 444 'store' 'store_ln90' <Predicate = true> <Delay = 0.55> <CoreInst = "RAM_2P_BRAM">   --->   Core 97 'RAM_2P_BRAM' <Latency = 1> <II = 1> <Delay = 0.86> <Storage> <Opcode : 'load' 'store'> <Ports = 2> <Width = 16> <Depth = 512> <RAM>
ST_4 : Operation 445 [1/1] (0.69ns) (share mux size 5)   --->   "%muxLogicRAMData_to_store_ln90 = muxlogic i16 0"   --->   Operation 445 'muxlogic' 'muxLogicRAMData_to_store_ln90' <Predicate = true> <Delay = 0.69>
ST_4 : Operation 446 [1/1] (0.69ns) (share mux size 5)   --->   "%muxLogicRAMAddr_to_store_ln90 = muxlogic i9 %P_tile_1_addr_3"   --->   Operation 446 'muxlogic' 'muxLogicRAMAddr_to_store_ln90' <Predicate = true> <Delay = 0.69>
ST_4 : Operation 447 [1/1] ( I:0.55ns O:0.55ns ) (share mux size 10)   --->   "%store_ln90 = store i16 0, i9 %P_tile_1_addr_3" [./flashattentionsoftmax.h:90]   --->   Operation 447 'store' 'store_ln90' <Predicate = true> <Delay = 0.55> <CoreInst = "RAM_2P_BRAM">   --->   Core 97 'RAM_2P_BRAM' <Latency = 1> <II = 1> <Delay = 0.86> <Storage> <Opcode : 'load' 'store'> <Ports = 2> <Width = 16> <Depth = 512> <RAM>
ST_4 : Operation 448 [1/1] (0.69ns) (share mux size 5)   --->   "%muxLogicRAMData_to_store_ln90 = muxlogic i16 0"   --->   Operation 448 'muxlogic' 'muxLogicRAMData_to_store_ln90' <Predicate = true> <Delay = 0.69>
ST_4 : Operation 449 [1/1] (0.69ns) (share mux size 5)   --->   "%muxLogicRAMAddr_to_store_ln90 = muxlogic i9 %P_tile_2_addr_3"   --->   Operation 449 'muxlogic' 'muxLogicRAMAddr_to_store_ln90' <Predicate = true> <Delay = 0.69>
ST_4 : Operation 450 [1/1] ( I:0.55ns O:0.55ns ) (share mux size 10)   --->   "%store_ln90 = store i16 0, i9 %P_tile_2_addr_3" [./flashattentionsoftmax.h:90]   --->   Operation 450 'store' 'store_ln90' <Predicate = true> <Delay = 0.55> <CoreInst = "RAM_2P_BRAM">   --->   Core 97 'RAM_2P_BRAM' <Latency = 1> <II = 1> <Delay = 0.86> <Storage> <Opcode : 'load' 'store'> <Ports = 2> <Width = 16> <Depth = 512> <RAM>
ST_4 : Operation 451 [1/1] (0.69ns) (share mux size 5)   --->   "%muxLogicRAMData_to_store_ln90 = muxlogic i16 0"   --->   Operation 451 'muxlogic' 'muxLogicRAMData_to_store_ln90' <Predicate = true> <Delay = 0.69>
ST_4 : Operation 452 [1/1] (0.69ns) (share mux size 5)   --->   "%muxLogicRAMAddr_to_store_ln90 = muxlogic i9 %P_tile_3_addr_3"   --->   Operation 452 'muxlogic' 'muxLogicRAMAddr_to_store_ln90' <Predicate = true> <Delay = 0.69>
ST_4 : Operation 453 [1/1] ( I:0.55ns O:0.55ns ) (share mux size 10)   --->   "%store_ln90 = store i16 0, i9 %P_tile_3_addr_3" [./flashattentionsoftmax.h:90]   --->   Operation 453 'store' 'store_ln90' <Predicate = true> <Delay = 0.55> <CoreInst = "RAM_2P_BRAM">   --->   Core 97 'RAM_2P_BRAM' <Latency = 1> <II = 1> <Delay = 0.86> <Storage> <Opcode : 'load' 'store'> <Ports = 2> <Width = 16> <Depth = 512> <RAM>
ST_4 : Operation 454 [1/1] (0.69ns) (share mux size 5)   --->   "%muxLogicRAMData_to_store_ln90 = muxlogic i16 0"   --->   Operation 454 'muxlogic' 'muxLogicRAMData_to_store_ln90' <Predicate = true> <Delay = 0.69>
ST_4 : Operation 455 [1/1] (0.69ns) (share mux size 5)   --->   "%muxLogicRAMAddr_to_store_ln90 = muxlogic i9 %P_tile_4_addr_3"   --->   Operation 455 'muxlogic' 'muxLogicRAMAddr_to_store_ln90' <Predicate = true> <Delay = 0.69>
ST_4 : Operation 456 [1/1] ( I:0.55ns O:0.55ns ) (share mux size 10)   --->   "%store_ln90 = store i16 0, i9 %P_tile_4_addr_3" [./flashattentionsoftmax.h:90]   --->   Operation 456 'store' 'store_ln90' <Predicate = true> <Delay = 0.55> <CoreInst = "RAM_2P_BRAM">   --->   Core 97 'RAM_2P_BRAM' <Latency = 1> <II = 1> <Delay = 0.86> <Storage> <Opcode : 'load' 'store'> <Ports = 2> <Width = 16> <Depth = 512> <RAM>
ST_4 : Operation 457 [1/1] (0.69ns) (share mux size 5)   --->   "%muxLogicRAMData_to_store_ln90 = muxlogic i16 0"   --->   Operation 457 'muxlogic' 'muxLogicRAMData_to_store_ln90' <Predicate = true> <Delay = 0.69>
ST_4 : Operation 458 [1/1] (0.69ns) (share mux size 5)   --->   "%muxLogicRAMAddr_to_store_ln90 = muxlogic i9 %P_tile_5_addr_3"   --->   Operation 458 'muxlogic' 'muxLogicRAMAddr_to_store_ln90' <Predicate = true> <Delay = 0.69>
ST_4 : Operation 459 [1/1] ( I:0.55ns O:0.55ns ) (share mux size 10)   --->   "%store_ln90 = store i16 0, i9 %P_tile_5_addr_3" [./flashattentionsoftmax.h:90]   --->   Operation 459 'store' 'store_ln90' <Predicate = true> <Delay = 0.55> <CoreInst = "RAM_2P_BRAM">   --->   Core 97 'RAM_2P_BRAM' <Latency = 1> <II = 1> <Delay = 0.86> <Storage> <Opcode : 'load' 'store'> <Ports = 2> <Width = 16> <Depth = 512> <RAM>
ST_4 : Operation 460 [1/1] (0.69ns) (share mux size 5)   --->   "%muxLogicRAMData_to_store_ln90 = muxlogic i16 0"   --->   Operation 460 'muxlogic' 'muxLogicRAMData_to_store_ln90' <Predicate = true> <Delay = 0.69>
ST_4 : Operation 461 [1/1] (0.69ns) (share mux size 5)   --->   "%muxLogicRAMAddr_to_store_ln90 = muxlogic i9 %P_tile_6_addr_3"   --->   Operation 461 'muxlogic' 'muxLogicRAMAddr_to_store_ln90' <Predicate = true> <Delay = 0.69>
ST_4 : Operation 462 [1/1] ( I:0.55ns O:0.55ns ) (share mux size 10)   --->   "%store_ln90 = store i16 0, i9 %P_tile_6_addr_3" [./flashattentionsoftmax.h:90]   --->   Operation 462 'store' 'store_ln90' <Predicate = true> <Delay = 0.55> <CoreInst = "RAM_2P_BRAM">   --->   Core 97 'RAM_2P_BRAM' <Latency = 1> <II = 1> <Delay = 0.86> <Storage> <Opcode : 'load' 'store'> <Ports = 2> <Width = 16> <Depth = 512> <RAM>
ST_4 : Operation 463 [1/1] (0.69ns) (share mux size 5)   --->   "%muxLogicRAMData_to_store_ln90 = muxlogic i16 0"   --->   Operation 463 'muxlogic' 'muxLogicRAMData_to_store_ln90' <Predicate = true> <Delay = 0.69>
ST_4 : Operation 464 [1/1] (0.69ns) (share mux size 5)   --->   "%muxLogicRAMAddr_to_store_ln90 = muxlogic i9 %P_tile_7_addr_3"   --->   Operation 464 'muxlogic' 'muxLogicRAMAddr_to_store_ln90' <Predicate = true> <Delay = 0.69>
ST_4 : Operation 465 [1/1] ( I:0.55ns O:0.55ns ) (share mux size 10)   --->   "%store_ln90 = store i16 0, i9 %P_tile_7_addr_3" [./flashattentionsoftmax.h:90]   --->   Operation 465 'store' 'store_ln90' <Predicate = true> <Delay = 0.55> <CoreInst = "RAM_2P_BRAM">   --->   Core 97 'RAM_2P_BRAM' <Latency = 1> <II = 1> <Delay = 0.86> <Storage> <Opcode : 'load' 'store'> <Ports = 2> <Width = 16> <Depth = 512> <RAM>

State 5 <SV = 4> <Delay = 1.25>
ST_5 : Operation 466 [1/1] (0.69ns) (share mux size 5)   --->   "%muxLogicRAMData_to_store_ln90 = muxlogic i16 0"   --->   Operation 466 'muxlogic' 'muxLogicRAMData_to_store_ln90' <Predicate = true> <Delay = 0.69>
ST_5 : Operation 467 [1/1] (0.69ns) (share mux size 5)   --->   "%muxLogicRAMAddr_to_store_ln90 = muxlogic i9 %P_tile_0_addr_4"   --->   Operation 467 'muxlogic' 'muxLogicRAMAddr_to_store_ln90' <Predicate = true> <Delay = 0.69>
ST_5 : Operation 468 [1/1] ( I:0.55ns O:0.55ns ) (share mux size 10)   --->   "%store_ln90 = store i16 0, i9 %P_tile_0_addr_4" [./flashattentionsoftmax.h:90]   --->   Operation 468 'store' 'store_ln90' <Predicate = true> <Delay = 0.55> <CoreInst = "RAM_2P_BRAM">   --->   Core 97 'RAM_2P_BRAM' <Latency = 1> <II = 1> <Delay = 0.86> <Storage> <Opcode : 'load' 'store'> <Ports = 2> <Width = 16> <Depth = 512> <RAM>
ST_5 : Operation 469 [1/1] (0.69ns) (share mux size 5)   --->   "%muxLogicRAMData_to_store_ln90 = muxlogic i16 0"   --->   Operation 469 'muxlogic' 'muxLogicRAMData_to_store_ln90' <Predicate = true> <Delay = 0.69>
ST_5 : Operation 470 [1/1] (0.69ns) (share mux size 5)   --->   "%muxLogicRAMAddr_to_store_ln90 = muxlogic i9 %P_tile_1_addr_4"   --->   Operation 470 'muxlogic' 'muxLogicRAMAddr_to_store_ln90' <Predicate = true> <Delay = 0.69>
ST_5 : Operation 471 [1/1] ( I:0.55ns O:0.55ns ) (share mux size 10)   --->   "%store_ln90 = store i16 0, i9 %P_tile_1_addr_4" [./flashattentionsoftmax.h:90]   --->   Operation 471 'store' 'store_ln90' <Predicate = true> <Delay = 0.55> <CoreInst = "RAM_2P_BRAM">   --->   Core 97 'RAM_2P_BRAM' <Latency = 1> <II = 1> <Delay = 0.86> <Storage> <Opcode : 'load' 'store'> <Ports = 2> <Width = 16> <Depth = 512> <RAM>
ST_5 : Operation 472 [1/1] (0.69ns) (share mux size 5)   --->   "%muxLogicRAMData_to_store_ln90 = muxlogic i16 0"   --->   Operation 472 'muxlogic' 'muxLogicRAMData_to_store_ln90' <Predicate = true> <Delay = 0.69>
ST_5 : Operation 473 [1/1] (0.69ns) (share mux size 5)   --->   "%muxLogicRAMAddr_to_store_ln90 = muxlogic i9 %P_tile_2_addr_4"   --->   Operation 473 'muxlogic' 'muxLogicRAMAddr_to_store_ln90' <Predicate = true> <Delay = 0.69>
ST_5 : Operation 474 [1/1] ( I:0.55ns O:0.55ns ) (share mux size 10)   --->   "%store_ln90 = store i16 0, i9 %P_tile_2_addr_4" [./flashattentionsoftmax.h:90]   --->   Operation 474 'store' 'store_ln90' <Predicate = true> <Delay = 0.55> <CoreInst = "RAM_2P_BRAM">   --->   Core 97 'RAM_2P_BRAM' <Latency = 1> <II = 1> <Delay = 0.86> <Storage> <Opcode : 'load' 'store'> <Ports = 2> <Width = 16> <Depth = 512> <RAM>
ST_5 : Operation 475 [1/1] (0.69ns) (share mux size 5)   --->   "%muxLogicRAMData_to_store_ln90 = muxlogic i16 0"   --->   Operation 475 'muxlogic' 'muxLogicRAMData_to_store_ln90' <Predicate = true> <Delay = 0.69>
ST_5 : Operation 476 [1/1] (0.69ns) (share mux size 5)   --->   "%muxLogicRAMAddr_to_store_ln90 = muxlogic i9 %P_tile_3_addr_4"   --->   Operation 476 'muxlogic' 'muxLogicRAMAddr_to_store_ln90' <Predicate = true> <Delay = 0.69>
ST_5 : Operation 477 [1/1] ( I:0.55ns O:0.55ns ) (share mux size 10)   --->   "%store_ln90 = store i16 0, i9 %P_tile_3_addr_4" [./flashattentionsoftmax.h:90]   --->   Operation 477 'store' 'store_ln90' <Predicate = true> <Delay = 0.55> <CoreInst = "RAM_2P_BRAM">   --->   Core 97 'RAM_2P_BRAM' <Latency = 1> <II = 1> <Delay = 0.86> <Storage> <Opcode : 'load' 'store'> <Ports = 2> <Width = 16> <Depth = 512> <RAM>
ST_5 : Operation 478 [1/1] (0.69ns) (share mux size 5)   --->   "%muxLogicRAMData_to_store_ln90 = muxlogic i16 0"   --->   Operation 478 'muxlogic' 'muxLogicRAMData_to_store_ln90' <Predicate = true> <Delay = 0.69>
ST_5 : Operation 479 [1/1] (0.69ns) (share mux size 5)   --->   "%muxLogicRAMAddr_to_store_ln90 = muxlogic i9 %P_tile_4_addr_4"   --->   Operation 479 'muxlogic' 'muxLogicRAMAddr_to_store_ln90' <Predicate = true> <Delay = 0.69>
ST_5 : Operation 480 [1/1] ( I:0.55ns O:0.55ns ) (share mux size 10)   --->   "%store_ln90 = store i16 0, i9 %P_tile_4_addr_4" [./flashattentionsoftmax.h:90]   --->   Operation 480 'store' 'store_ln90' <Predicate = true> <Delay = 0.55> <CoreInst = "RAM_2P_BRAM">   --->   Core 97 'RAM_2P_BRAM' <Latency = 1> <II = 1> <Delay = 0.86> <Storage> <Opcode : 'load' 'store'> <Ports = 2> <Width = 16> <Depth = 512> <RAM>
ST_5 : Operation 481 [1/1] (0.69ns) (share mux size 5)   --->   "%muxLogicRAMData_to_store_ln90 = muxlogic i16 0"   --->   Operation 481 'muxlogic' 'muxLogicRAMData_to_store_ln90' <Predicate = true> <Delay = 0.69>
ST_5 : Operation 482 [1/1] (0.69ns) (share mux size 5)   --->   "%muxLogicRAMAddr_to_store_ln90 = muxlogic i9 %P_tile_5_addr_4"   --->   Operation 482 'muxlogic' 'muxLogicRAMAddr_to_store_ln90' <Predicate = true> <Delay = 0.69>
ST_5 : Operation 483 [1/1] ( I:0.55ns O:0.55ns ) (share mux size 10)   --->   "%store_ln90 = store i16 0, i9 %P_tile_5_addr_4" [./flashattentionsoftmax.h:90]   --->   Operation 483 'store' 'store_ln90' <Predicate = true> <Delay = 0.55> <CoreInst = "RAM_2P_BRAM">   --->   Core 97 'RAM_2P_BRAM' <Latency = 1> <II = 1> <Delay = 0.86> <Storage> <Opcode : 'load' 'store'> <Ports = 2> <Width = 16> <Depth = 512> <RAM>
ST_5 : Operation 484 [1/1] (0.69ns) (share mux size 5)   --->   "%muxLogicRAMData_to_store_ln90 = muxlogic i16 0"   --->   Operation 484 'muxlogic' 'muxLogicRAMData_to_store_ln90' <Predicate = true> <Delay = 0.69>
ST_5 : Operation 485 [1/1] (0.69ns) (share mux size 5)   --->   "%muxLogicRAMAddr_to_store_ln90 = muxlogic i9 %P_tile_6_addr_4"   --->   Operation 485 'muxlogic' 'muxLogicRAMAddr_to_store_ln90' <Predicate = true> <Delay = 0.69>
ST_5 : Operation 486 [1/1] ( I:0.55ns O:0.55ns ) (share mux size 10)   --->   "%store_ln90 = store i16 0, i9 %P_tile_6_addr_4" [./flashattentionsoftmax.h:90]   --->   Operation 486 'store' 'store_ln90' <Predicate = true> <Delay = 0.55> <CoreInst = "RAM_2P_BRAM">   --->   Core 97 'RAM_2P_BRAM' <Latency = 1> <II = 1> <Delay = 0.86> <Storage> <Opcode : 'load' 'store'> <Ports = 2> <Width = 16> <Depth = 512> <RAM>
ST_5 : Operation 487 [1/1] (0.69ns) (share mux size 5)   --->   "%muxLogicRAMData_to_store_ln90 = muxlogic i16 0"   --->   Operation 487 'muxlogic' 'muxLogicRAMData_to_store_ln90' <Predicate = true> <Delay = 0.69>
ST_5 : Operation 488 [1/1] (0.69ns) (share mux size 5)   --->   "%muxLogicRAMAddr_to_store_ln90 = muxlogic i9 %P_tile_7_addr_4"   --->   Operation 488 'muxlogic' 'muxLogicRAMAddr_to_store_ln90' <Predicate = true> <Delay = 0.69>
ST_5 : Operation 489 [1/1] ( I:0.55ns O:0.55ns ) (share mux size 10)   --->   "%store_ln90 = store i16 0, i9 %P_tile_7_addr_4" [./flashattentionsoftmax.h:90]   --->   Operation 489 'store' 'store_ln90' <Predicate = true> <Delay = 0.55> <CoreInst = "RAM_2P_BRAM">   --->   Core 97 'RAM_2P_BRAM' <Latency = 1> <II = 1> <Delay = 0.86> <Storage> <Opcode : 'load' 'store'> <Ports = 2> <Width = 16> <Depth = 512> <RAM>

State 6 <SV = 5> <Delay = 1.25>
ST_6 : Operation 490 [1/1] (0.69ns) (share mux size 5)   --->   "%muxLogicRAMData_to_store_ln90 = muxlogic i16 0"   --->   Operation 490 'muxlogic' 'muxLogicRAMData_to_store_ln90' <Predicate = true> <Delay = 0.69>
ST_6 : Operation 491 [1/1] (0.69ns) (share mux size 5)   --->   "%muxLogicRAMAddr_to_store_ln90 = muxlogic i9 %P_tile_0_addr_5"   --->   Operation 491 'muxlogic' 'muxLogicRAMAddr_to_store_ln90' <Predicate = true> <Delay = 0.69>
ST_6 : Operation 492 [1/1] ( I:0.55ns O:0.55ns ) (share mux size 10)   --->   "%store_ln90 = store i16 0, i9 %P_tile_0_addr_5" [./flashattentionsoftmax.h:90]   --->   Operation 492 'store' 'store_ln90' <Predicate = true> <Delay = 0.55> <CoreInst = "RAM_2P_BRAM">   --->   Core 97 'RAM_2P_BRAM' <Latency = 1> <II = 1> <Delay = 0.86> <Storage> <Opcode : 'load' 'store'> <Ports = 2> <Width = 16> <Depth = 512> <RAM>
ST_6 : Operation 493 [1/1] (0.69ns) (share mux size 5)   --->   "%muxLogicRAMData_to_store_ln90 = muxlogic i16 0"   --->   Operation 493 'muxlogic' 'muxLogicRAMData_to_store_ln90' <Predicate = true> <Delay = 0.69>
ST_6 : Operation 494 [1/1] (0.69ns) (share mux size 5)   --->   "%muxLogicRAMAddr_to_store_ln90 = muxlogic i9 %P_tile_1_addr_5"   --->   Operation 494 'muxlogic' 'muxLogicRAMAddr_to_store_ln90' <Predicate = true> <Delay = 0.69>
ST_6 : Operation 495 [1/1] ( I:0.55ns O:0.55ns ) (share mux size 10)   --->   "%store_ln90 = store i16 0, i9 %P_tile_1_addr_5" [./flashattentionsoftmax.h:90]   --->   Operation 495 'store' 'store_ln90' <Predicate = true> <Delay = 0.55> <CoreInst = "RAM_2P_BRAM">   --->   Core 97 'RAM_2P_BRAM' <Latency = 1> <II = 1> <Delay = 0.86> <Storage> <Opcode : 'load' 'store'> <Ports = 2> <Width = 16> <Depth = 512> <RAM>
ST_6 : Operation 496 [1/1] (0.69ns) (share mux size 5)   --->   "%muxLogicRAMData_to_store_ln90 = muxlogic i16 0"   --->   Operation 496 'muxlogic' 'muxLogicRAMData_to_store_ln90' <Predicate = true> <Delay = 0.69>
ST_6 : Operation 497 [1/1] (0.69ns) (share mux size 5)   --->   "%muxLogicRAMAddr_to_store_ln90 = muxlogic i9 %P_tile_2_addr_5"   --->   Operation 497 'muxlogic' 'muxLogicRAMAddr_to_store_ln90' <Predicate = true> <Delay = 0.69>
ST_6 : Operation 498 [1/1] ( I:0.55ns O:0.55ns ) (share mux size 10)   --->   "%store_ln90 = store i16 0, i9 %P_tile_2_addr_5" [./flashattentionsoftmax.h:90]   --->   Operation 498 'store' 'store_ln90' <Predicate = true> <Delay = 0.55> <CoreInst = "RAM_2P_BRAM">   --->   Core 97 'RAM_2P_BRAM' <Latency = 1> <II = 1> <Delay = 0.86> <Storage> <Opcode : 'load' 'store'> <Ports = 2> <Width = 16> <Depth = 512> <RAM>
ST_6 : Operation 499 [1/1] (0.69ns) (share mux size 5)   --->   "%muxLogicRAMData_to_store_ln90 = muxlogic i16 0"   --->   Operation 499 'muxlogic' 'muxLogicRAMData_to_store_ln90' <Predicate = true> <Delay = 0.69>
ST_6 : Operation 500 [1/1] (0.69ns) (share mux size 5)   --->   "%muxLogicRAMAddr_to_store_ln90 = muxlogic i9 %P_tile_3_addr_5"   --->   Operation 500 'muxlogic' 'muxLogicRAMAddr_to_store_ln90' <Predicate = true> <Delay = 0.69>
ST_6 : Operation 501 [1/1] ( I:0.55ns O:0.55ns ) (share mux size 10)   --->   "%store_ln90 = store i16 0, i9 %P_tile_3_addr_5" [./flashattentionsoftmax.h:90]   --->   Operation 501 'store' 'store_ln90' <Predicate = true> <Delay = 0.55> <CoreInst = "RAM_2P_BRAM">   --->   Core 97 'RAM_2P_BRAM' <Latency = 1> <II = 1> <Delay = 0.86> <Storage> <Opcode : 'load' 'store'> <Ports = 2> <Width = 16> <Depth = 512> <RAM>
ST_6 : Operation 502 [1/1] (0.69ns) (share mux size 5)   --->   "%muxLogicRAMData_to_store_ln90 = muxlogic i16 0"   --->   Operation 502 'muxlogic' 'muxLogicRAMData_to_store_ln90' <Predicate = true> <Delay = 0.69>
ST_6 : Operation 503 [1/1] (0.69ns) (share mux size 5)   --->   "%muxLogicRAMAddr_to_store_ln90 = muxlogic i9 %P_tile_4_addr_5"   --->   Operation 503 'muxlogic' 'muxLogicRAMAddr_to_store_ln90' <Predicate = true> <Delay = 0.69>
ST_6 : Operation 504 [1/1] ( I:0.55ns O:0.55ns ) (share mux size 10)   --->   "%store_ln90 = store i16 0, i9 %P_tile_4_addr_5" [./flashattentionsoftmax.h:90]   --->   Operation 504 'store' 'store_ln90' <Predicate = true> <Delay = 0.55> <CoreInst = "RAM_2P_BRAM">   --->   Core 97 'RAM_2P_BRAM' <Latency = 1> <II = 1> <Delay = 0.86> <Storage> <Opcode : 'load' 'store'> <Ports = 2> <Width = 16> <Depth = 512> <RAM>
ST_6 : Operation 505 [1/1] (0.69ns) (share mux size 5)   --->   "%muxLogicRAMData_to_store_ln90 = muxlogic i16 0"   --->   Operation 505 'muxlogic' 'muxLogicRAMData_to_store_ln90' <Predicate = true> <Delay = 0.69>
ST_6 : Operation 506 [1/1] (0.69ns) (share mux size 5)   --->   "%muxLogicRAMAddr_to_store_ln90 = muxlogic i9 %P_tile_5_addr_5"   --->   Operation 506 'muxlogic' 'muxLogicRAMAddr_to_store_ln90' <Predicate = true> <Delay = 0.69>
ST_6 : Operation 507 [1/1] ( I:0.55ns O:0.55ns ) (share mux size 10)   --->   "%store_ln90 = store i16 0, i9 %P_tile_5_addr_5" [./flashattentionsoftmax.h:90]   --->   Operation 507 'store' 'store_ln90' <Predicate = true> <Delay = 0.55> <CoreInst = "RAM_2P_BRAM">   --->   Core 97 'RAM_2P_BRAM' <Latency = 1> <II = 1> <Delay = 0.86> <Storage> <Opcode : 'load' 'store'> <Ports = 2> <Width = 16> <Depth = 512> <RAM>
ST_6 : Operation 508 [1/1] (0.69ns) (share mux size 5)   --->   "%muxLogicRAMData_to_store_ln90 = muxlogic i16 0"   --->   Operation 508 'muxlogic' 'muxLogicRAMData_to_store_ln90' <Predicate = true> <Delay = 0.69>
ST_6 : Operation 509 [1/1] (0.69ns) (share mux size 5)   --->   "%muxLogicRAMAddr_to_store_ln90 = muxlogic i9 %P_tile_6_addr_5"   --->   Operation 509 'muxlogic' 'muxLogicRAMAddr_to_store_ln90' <Predicate = true> <Delay = 0.69>
ST_6 : Operation 510 [1/1] ( I:0.55ns O:0.55ns ) (share mux size 10)   --->   "%store_ln90 = store i16 0, i9 %P_tile_6_addr_5" [./flashattentionsoftmax.h:90]   --->   Operation 510 'store' 'store_ln90' <Predicate = true> <Delay = 0.55> <CoreInst = "RAM_2P_BRAM">   --->   Core 97 'RAM_2P_BRAM' <Latency = 1> <II = 1> <Delay = 0.86> <Storage> <Opcode : 'load' 'store'> <Ports = 2> <Width = 16> <Depth = 512> <RAM>
ST_6 : Operation 511 [1/1] (0.69ns) (share mux size 5)   --->   "%muxLogicRAMData_to_store_ln90 = muxlogic i16 0"   --->   Operation 511 'muxlogic' 'muxLogicRAMData_to_store_ln90' <Predicate = true> <Delay = 0.69>
ST_6 : Operation 512 [1/1] (0.69ns) (share mux size 5)   --->   "%muxLogicRAMAddr_to_store_ln90 = muxlogic i9 %P_tile_7_addr_5"   --->   Operation 512 'muxlogic' 'muxLogicRAMAddr_to_store_ln90' <Predicate = true> <Delay = 0.69>
ST_6 : Operation 513 [1/1] ( I:0.55ns O:0.55ns ) (share mux size 10)   --->   "%store_ln90 = store i16 0, i9 %P_tile_7_addr_5" [./flashattentionsoftmax.h:90]   --->   Operation 513 'store' 'store_ln90' <Predicate = true> <Delay = 0.55> <CoreInst = "RAM_2P_BRAM">   --->   Core 97 'RAM_2P_BRAM' <Latency = 1> <II = 1> <Delay = 0.86> <Storage> <Opcode : 'load' 'store'> <Ports = 2> <Width = 16> <Depth = 512> <RAM>

State 7 <SV = 6> <Delay = 1.25>
ST_7 : Operation 514 [1/1] (0.69ns) (share mux size 5)   --->   "%muxLogicRAMData_to_store_ln90 = muxlogic i16 0"   --->   Operation 514 'muxlogic' 'muxLogicRAMData_to_store_ln90' <Predicate = true> <Delay = 0.69>
ST_7 : Operation 515 [1/1] (0.69ns) (share mux size 5)   --->   "%muxLogicRAMAddr_to_store_ln90 = muxlogic i9 %P_tile_0_addr_6"   --->   Operation 515 'muxlogic' 'muxLogicRAMAddr_to_store_ln90' <Predicate = true> <Delay = 0.69>
ST_7 : Operation 516 [1/1] ( I:0.55ns O:0.55ns ) (share mux size 10)   --->   "%store_ln90 = store i16 0, i9 %P_tile_0_addr_6" [./flashattentionsoftmax.h:90]   --->   Operation 516 'store' 'store_ln90' <Predicate = true> <Delay = 0.55> <CoreInst = "RAM_2P_BRAM">   --->   Core 97 'RAM_2P_BRAM' <Latency = 1> <II = 1> <Delay = 0.86> <Storage> <Opcode : 'load' 'store'> <Ports = 2> <Width = 16> <Depth = 512> <RAM>
ST_7 : Operation 517 [1/1] (0.69ns) (share mux size 5)   --->   "%muxLogicRAMData_to_store_ln90 = muxlogic i16 0"   --->   Operation 517 'muxlogic' 'muxLogicRAMData_to_store_ln90' <Predicate = true> <Delay = 0.69>
ST_7 : Operation 518 [1/1] (0.69ns) (share mux size 5)   --->   "%muxLogicRAMAddr_to_store_ln90 = muxlogic i9 %P_tile_1_addr_6"   --->   Operation 518 'muxlogic' 'muxLogicRAMAddr_to_store_ln90' <Predicate = true> <Delay = 0.69>
ST_7 : Operation 519 [1/1] ( I:0.55ns O:0.55ns ) (share mux size 10)   --->   "%store_ln90 = store i16 0, i9 %P_tile_1_addr_6" [./flashattentionsoftmax.h:90]   --->   Operation 519 'store' 'store_ln90' <Predicate = true> <Delay = 0.55> <CoreInst = "RAM_2P_BRAM">   --->   Core 97 'RAM_2P_BRAM' <Latency = 1> <II = 1> <Delay = 0.86> <Storage> <Opcode : 'load' 'store'> <Ports = 2> <Width = 16> <Depth = 512> <RAM>
ST_7 : Operation 520 [1/1] (0.69ns) (share mux size 5)   --->   "%muxLogicRAMData_to_store_ln90 = muxlogic i16 0"   --->   Operation 520 'muxlogic' 'muxLogicRAMData_to_store_ln90' <Predicate = true> <Delay = 0.69>
ST_7 : Operation 521 [1/1] (0.69ns) (share mux size 5)   --->   "%muxLogicRAMAddr_to_store_ln90 = muxlogic i9 %P_tile_2_addr_6"   --->   Operation 521 'muxlogic' 'muxLogicRAMAddr_to_store_ln90' <Predicate = true> <Delay = 0.69>
ST_7 : Operation 522 [1/1] ( I:0.55ns O:0.55ns ) (share mux size 10)   --->   "%store_ln90 = store i16 0, i9 %P_tile_2_addr_6" [./flashattentionsoftmax.h:90]   --->   Operation 522 'store' 'store_ln90' <Predicate = true> <Delay = 0.55> <CoreInst = "RAM_2P_BRAM">   --->   Core 97 'RAM_2P_BRAM' <Latency = 1> <II = 1> <Delay = 0.86> <Storage> <Opcode : 'load' 'store'> <Ports = 2> <Width = 16> <Depth = 512> <RAM>
ST_7 : Operation 523 [1/1] (0.69ns) (share mux size 5)   --->   "%muxLogicRAMData_to_store_ln90 = muxlogic i16 0"   --->   Operation 523 'muxlogic' 'muxLogicRAMData_to_store_ln90' <Predicate = true> <Delay = 0.69>
ST_7 : Operation 524 [1/1] (0.69ns) (share mux size 5)   --->   "%muxLogicRAMAddr_to_store_ln90 = muxlogic i9 %P_tile_3_addr_6"   --->   Operation 524 'muxlogic' 'muxLogicRAMAddr_to_store_ln90' <Predicate = true> <Delay = 0.69>
ST_7 : Operation 525 [1/1] ( I:0.55ns O:0.55ns ) (share mux size 10)   --->   "%store_ln90 = store i16 0, i9 %P_tile_3_addr_6" [./flashattentionsoftmax.h:90]   --->   Operation 525 'store' 'store_ln90' <Predicate = true> <Delay = 0.55> <CoreInst = "RAM_2P_BRAM">   --->   Core 97 'RAM_2P_BRAM' <Latency = 1> <II = 1> <Delay = 0.86> <Storage> <Opcode : 'load' 'store'> <Ports = 2> <Width = 16> <Depth = 512> <RAM>
ST_7 : Operation 526 [1/1] (0.69ns) (share mux size 5)   --->   "%muxLogicRAMData_to_store_ln90 = muxlogic i16 0"   --->   Operation 526 'muxlogic' 'muxLogicRAMData_to_store_ln90' <Predicate = true> <Delay = 0.69>
ST_7 : Operation 527 [1/1] (0.69ns) (share mux size 5)   --->   "%muxLogicRAMAddr_to_store_ln90 = muxlogic i9 %P_tile_4_addr_6"   --->   Operation 527 'muxlogic' 'muxLogicRAMAddr_to_store_ln90' <Predicate = true> <Delay = 0.69>
ST_7 : Operation 528 [1/1] ( I:0.55ns O:0.55ns ) (share mux size 10)   --->   "%store_ln90 = store i16 0, i9 %P_tile_4_addr_6" [./flashattentionsoftmax.h:90]   --->   Operation 528 'store' 'store_ln90' <Predicate = true> <Delay = 0.55> <CoreInst = "RAM_2P_BRAM">   --->   Core 97 'RAM_2P_BRAM' <Latency = 1> <II = 1> <Delay = 0.86> <Storage> <Opcode : 'load' 'store'> <Ports = 2> <Width = 16> <Depth = 512> <RAM>
ST_7 : Operation 529 [1/1] (0.69ns) (share mux size 5)   --->   "%muxLogicRAMData_to_store_ln90 = muxlogic i16 0"   --->   Operation 529 'muxlogic' 'muxLogicRAMData_to_store_ln90' <Predicate = true> <Delay = 0.69>
ST_7 : Operation 530 [1/1] (0.69ns) (share mux size 5)   --->   "%muxLogicRAMAddr_to_store_ln90 = muxlogic i9 %P_tile_5_addr_6"   --->   Operation 530 'muxlogic' 'muxLogicRAMAddr_to_store_ln90' <Predicate = true> <Delay = 0.69>
ST_7 : Operation 531 [1/1] ( I:0.55ns O:0.55ns ) (share mux size 10)   --->   "%store_ln90 = store i16 0, i9 %P_tile_5_addr_6" [./flashattentionsoftmax.h:90]   --->   Operation 531 'store' 'store_ln90' <Predicate = true> <Delay = 0.55> <CoreInst = "RAM_2P_BRAM">   --->   Core 97 'RAM_2P_BRAM' <Latency = 1> <II = 1> <Delay = 0.86> <Storage> <Opcode : 'load' 'store'> <Ports = 2> <Width = 16> <Depth = 512> <RAM>
ST_7 : Operation 532 [1/1] (0.69ns) (share mux size 5)   --->   "%muxLogicRAMData_to_store_ln90 = muxlogic i16 0"   --->   Operation 532 'muxlogic' 'muxLogicRAMData_to_store_ln90' <Predicate = true> <Delay = 0.69>
ST_7 : Operation 533 [1/1] (0.69ns) (share mux size 5)   --->   "%muxLogicRAMAddr_to_store_ln90 = muxlogic i9 %P_tile_6_addr_6"   --->   Operation 533 'muxlogic' 'muxLogicRAMAddr_to_store_ln90' <Predicate = true> <Delay = 0.69>
ST_7 : Operation 534 [1/1] ( I:0.55ns O:0.55ns ) (share mux size 10)   --->   "%store_ln90 = store i16 0, i9 %P_tile_6_addr_6" [./flashattentionsoftmax.h:90]   --->   Operation 534 'store' 'store_ln90' <Predicate = true> <Delay = 0.55> <CoreInst = "RAM_2P_BRAM">   --->   Core 97 'RAM_2P_BRAM' <Latency = 1> <II = 1> <Delay = 0.86> <Storage> <Opcode : 'load' 'store'> <Ports = 2> <Width = 16> <Depth = 512> <RAM>
ST_7 : Operation 535 [1/1] (0.69ns) (share mux size 5)   --->   "%muxLogicRAMData_to_store_ln90 = muxlogic i16 0"   --->   Operation 535 'muxlogic' 'muxLogicRAMData_to_store_ln90' <Predicate = true> <Delay = 0.69>
ST_7 : Operation 536 [1/1] (0.69ns) (share mux size 5)   --->   "%muxLogicRAMAddr_to_store_ln90 = muxlogic i9 %P_tile_7_addr_6"   --->   Operation 536 'muxlogic' 'muxLogicRAMAddr_to_store_ln90' <Predicate = true> <Delay = 0.69>
ST_7 : Operation 537 [1/1] ( I:0.55ns O:0.55ns ) (share mux size 10)   --->   "%store_ln90 = store i16 0, i9 %P_tile_7_addr_6" [./flashattentionsoftmax.h:90]   --->   Operation 537 'store' 'store_ln90' <Predicate = true> <Delay = 0.55> <CoreInst = "RAM_2P_BRAM">   --->   Core 97 'RAM_2P_BRAM' <Latency = 1> <II = 1> <Delay = 0.86> <Storage> <Opcode : 'load' 'store'> <Ports = 2> <Width = 16> <Depth = 512> <RAM>

State 8 <SV = 7> <Delay = 1.25>
ST_8 : Operation 538 [1/1] (0.69ns) (share mux size 5)   --->   "%muxLogicRAMData_to_store_ln90 = muxlogic i16 0"   --->   Operation 538 'muxlogic' 'muxLogicRAMData_to_store_ln90' <Predicate = true> <Delay = 0.69>
ST_8 : Operation 539 [1/1] (0.69ns) (share mux size 5)   --->   "%muxLogicRAMAddr_to_store_ln90 = muxlogic i9 %P_tile_0_addr_7"   --->   Operation 539 'muxlogic' 'muxLogicRAMAddr_to_store_ln90' <Predicate = true> <Delay = 0.69>
ST_8 : Operation 540 [1/1] ( I:0.55ns O:0.55ns ) (share mux size 10)   --->   "%store_ln90 = store i16 0, i9 %P_tile_0_addr_7" [./flashattentionsoftmax.h:90]   --->   Operation 540 'store' 'store_ln90' <Predicate = true> <Delay = 0.55> <CoreInst = "RAM_2P_BRAM">   --->   Core 97 'RAM_2P_BRAM' <Latency = 1> <II = 1> <Delay = 0.86> <Storage> <Opcode : 'load' 'store'> <Ports = 2> <Width = 16> <Depth = 512> <RAM>
ST_8 : Operation 541 [1/1] (0.69ns) (share mux size 5)   --->   "%muxLogicRAMData_to_store_ln90 = muxlogic i16 0"   --->   Operation 541 'muxlogic' 'muxLogicRAMData_to_store_ln90' <Predicate = true> <Delay = 0.69>
ST_8 : Operation 542 [1/1] (0.69ns) (share mux size 5)   --->   "%muxLogicRAMAddr_to_store_ln90 = muxlogic i9 %P_tile_1_addr_7"   --->   Operation 542 'muxlogic' 'muxLogicRAMAddr_to_store_ln90' <Predicate = true> <Delay = 0.69>
ST_8 : Operation 543 [1/1] ( I:0.55ns O:0.55ns ) (share mux size 10)   --->   "%store_ln90 = store i16 0, i9 %P_tile_1_addr_7" [./flashattentionsoftmax.h:90]   --->   Operation 543 'store' 'store_ln90' <Predicate = true> <Delay = 0.55> <CoreInst = "RAM_2P_BRAM">   --->   Core 97 'RAM_2P_BRAM' <Latency = 1> <II = 1> <Delay = 0.86> <Storage> <Opcode : 'load' 'store'> <Ports = 2> <Width = 16> <Depth = 512> <RAM>
ST_8 : Operation 544 [1/1] (0.69ns) (share mux size 5)   --->   "%muxLogicRAMData_to_store_ln90 = muxlogic i16 0"   --->   Operation 544 'muxlogic' 'muxLogicRAMData_to_store_ln90' <Predicate = true> <Delay = 0.69>
ST_8 : Operation 545 [1/1] (0.69ns) (share mux size 5)   --->   "%muxLogicRAMAddr_to_store_ln90 = muxlogic i9 %P_tile_2_addr_7"   --->   Operation 545 'muxlogic' 'muxLogicRAMAddr_to_store_ln90' <Predicate = true> <Delay = 0.69>
ST_8 : Operation 546 [1/1] ( I:0.55ns O:0.55ns ) (share mux size 10)   --->   "%store_ln90 = store i16 0, i9 %P_tile_2_addr_7" [./flashattentionsoftmax.h:90]   --->   Operation 546 'store' 'store_ln90' <Predicate = true> <Delay = 0.55> <CoreInst = "RAM_2P_BRAM">   --->   Core 97 'RAM_2P_BRAM' <Latency = 1> <II = 1> <Delay = 0.86> <Storage> <Opcode : 'load' 'store'> <Ports = 2> <Width = 16> <Depth = 512> <RAM>
ST_8 : Operation 547 [1/1] (0.69ns) (share mux size 5)   --->   "%muxLogicRAMData_to_store_ln90 = muxlogic i16 0"   --->   Operation 547 'muxlogic' 'muxLogicRAMData_to_store_ln90' <Predicate = true> <Delay = 0.69>
ST_8 : Operation 548 [1/1] (0.69ns) (share mux size 5)   --->   "%muxLogicRAMAddr_to_store_ln90 = muxlogic i9 %P_tile_3_addr_7"   --->   Operation 548 'muxlogic' 'muxLogicRAMAddr_to_store_ln90' <Predicate = true> <Delay = 0.69>
ST_8 : Operation 549 [1/1] ( I:0.55ns O:0.55ns ) (share mux size 10)   --->   "%store_ln90 = store i16 0, i9 %P_tile_3_addr_7" [./flashattentionsoftmax.h:90]   --->   Operation 549 'store' 'store_ln90' <Predicate = true> <Delay = 0.55> <CoreInst = "RAM_2P_BRAM">   --->   Core 97 'RAM_2P_BRAM' <Latency = 1> <II = 1> <Delay = 0.86> <Storage> <Opcode : 'load' 'store'> <Ports = 2> <Width = 16> <Depth = 512> <RAM>
ST_8 : Operation 550 [1/1] (0.69ns) (share mux size 5)   --->   "%muxLogicRAMData_to_store_ln90 = muxlogic i16 0"   --->   Operation 550 'muxlogic' 'muxLogicRAMData_to_store_ln90' <Predicate = true> <Delay = 0.69>
ST_8 : Operation 551 [1/1] (0.69ns) (share mux size 5)   --->   "%muxLogicRAMAddr_to_store_ln90 = muxlogic i9 %P_tile_4_addr_7"   --->   Operation 551 'muxlogic' 'muxLogicRAMAddr_to_store_ln90' <Predicate = true> <Delay = 0.69>
ST_8 : Operation 552 [1/1] ( I:0.55ns O:0.55ns ) (share mux size 10)   --->   "%store_ln90 = store i16 0, i9 %P_tile_4_addr_7" [./flashattentionsoftmax.h:90]   --->   Operation 552 'store' 'store_ln90' <Predicate = true> <Delay = 0.55> <CoreInst = "RAM_2P_BRAM">   --->   Core 97 'RAM_2P_BRAM' <Latency = 1> <II = 1> <Delay = 0.86> <Storage> <Opcode : 'load' 'store'> <Ports = 2> <Width = 16> <Depth = 512> <RAM>
ST_8 : Operation 553 [1/1] (0.69ns) (share mux size 5)   --->   "%muxLogicRAMData_to_store_ln90 = muxlogic i16 0"   --->   Operation 553 'muxlogic' 'muxLogicRAMData_to_store_ln90' <Predicate = true> <Delay = 0.69>
ST_8 : Operation 554 [1/1] (0.69ns) (share mux size 5)   --->   "%muxLogicRAMAddr_to_store_ln90 = muxlogic i9 %P_tile_5_addr_7"   --->   Operation 554 'muxlogic' 'muxLogicRAMAddr_to_store_ln90' <Predicate = true> <Delay = 0.69>
ST_8 : Operation 555 [1/1] ( I:0.55ns O:0.55ns ) (share mux size 10)   --->   "%store_ln90 = store i16 0, i9 %P_tile_5_addr_7" [./flashattentionsoftmax.h:90]   --->   Operation 555 'store' 'store_ln90' <Predicate = true> <Delay = 0.55> <CoreInst = "RAM_2P_BRAM">   --->   Core 97 'RAM_2P_BRAM' <Latency = 1> <II = 1> <Delay = 0.86> <Storage> <Opcode : 'load' 'store'> <Ports = 2> <Width = 16> <Depth = 512> <RAM>
ST_8 : Operation 556 [1/1] (0.69ns) (share mux size 5)   --->   "%muxLogicRAMData_to_store_ln90 = muxlogic i16 0"   --->   Operation 556 'muxlogic' 'muxLogicRAMData_to_store_ln90' <Predicate = true> <Delay = 0.69>
ST_8 : Operation 557 [1/1] (0.69ns) (share mux size 5)   --->   "%muxLogicRAMAddr_to_store_ln90 = muxlogic i9 %P_tile_6_addr_7"   --->   Operation 557 'muxlogic' 'muxLogicRAMAddr_to_store_ln90' <Predicate = true> <Delay = 0.69>
ST_8 : Operation 558 [1/1] ( I:0.55ns O:0.55ns ) (share mux size 10)   --->   "%store_ln90 = store i16 0, i9 %P_tile_6_addr_7" [./flashattentionsoftmax.h:90]   --->   Operation 558 'store' 'store_ln90' <Predicate = true> <Delay = 0.55> <CoreInst = "RAM_2P_BRAM">   --->   Core 97 'RAM_2P_BRAM' <Latency = 1> <II = 1> <Delay = 0.86> <Storage> <Opcode : 'load' 'store'> <Ports = 2> <Width = 16> <Depth = 512> <RAM>
ST_8 : Operation 559 [1/1] (0.69ns) (share mux size 5)   --->   "%muxLogicRAMData_to_store_ln90 = muxlogic i16 0"   --->   Operation 559 'muxlogic' 'muxLogicRAMData_to_store_ln90' <Predicate = true> <Delay = 0.69>
ST_8 : Operation 560 [1/1] (0.69ns) (share mux size 5)   --->   "%muxLogicRAMAddr_to_store_ln90 = muxlogic i9 %P_tile_7_addr_7"   --->   Operation 560 'muxlogic' 'muxLogicRAMAddr_to_store_ln90' <Predicate = true> <Delay = 0.69>
ST_8 : Operation 561 [1/1] ( I:0.55ns O:0.55ns ) (share mux size 10)   --->   "%store_ln90 = store i16 0, i9 %P_tile_7_addr_7" [./flashattentionsoftmax.h:90]   --->   Operation 561 'store' 'store_ln90' <Predicate = true> <Delay = 0.55> <CoreInst = "RAM_2P_BRAM">   --->   Core 97 'RAM_2P_BRAM' <Latency = 1> <II = 1> <Delay = 0.86> <Storage> <Opcode : 'load' 'store'> <Ports = 2> <Width = 16> <Depth = 512> <RAM>
ST_8 : Operation 562 [1/1] (0.00ns)   --->   "%br_ln85 = br void %VITIS_LOOP_89_1" [./flashattentionsoftmax.h:85]   --->   Operation 562 'br' 'br_ln85' <Predicate = true> <Delay = 0.00>


============================================================
+ Verbose Summary: Binding
============================================================
STG Binding: 
---------------- STG Properties BEGIN ----------------
- Is combinational: 0
- Is one-state seq: 0
- Is datapath-only: 0
- Is pipelined: 0
- Is top level: 0
Port [ Return ] is wired: 1; IO mode=ap_ctrl_hs:ce=0
Port [ br_actual]:  wired=1; compound=0; hidden=0; nouse=0; global=0; static=0; extern=0; dir=0; type=0; pingpong=0; private_global=0; IO mode=ap_none:ce=0
Port [ l_tilde_0]:  wired=1; compound=0; hidden=0; nouse=0; global=0; static=0; extern=0; dir=1; type=0; pingpong=0; private_global=0; IO mode=ap_vld:ce=0
Port [ P_tile_0]:  wired=1; compound=1; hidden=0; nouse=0; global=0; static=0; extern=0; dir=1; type=1; pingpong=0; private_global=0; MemPort=[30]; IO mode=ap_memory:ce=0
Port [ P_tile_1]:  wired=1; compound=1; hidden=0; nouse=0; global=0; static=0; extern=0; dir=1; type=1; pingpong=0; private_global=0; MemPort=[30]; IO mode=ap_memory:ce=0
Port [ P_tile_2]:  wired=1; compound=1; hidden=0; nouse=0; global=0; static=0; extern=0; dir=1; type=1; pingpong=0; private_global=0; MemPort=[30]; IO mode=ap_memory:ce=0
Port [ P_tile_3]:  wired=1; compound=1; hidden=0; nouse=0; global=0; static=0; extern=0; dir=1; type=1; pingpong=0; private_global=0; MemPort=[30]; IO mode=ap_memory:ce=0
Port [ P_tile_4]:  wired=1; compound=1; hidden=0; nouse=0; global=0; static=0; extern=0; dir=1; type=1; pingpong=0; private_global=0; MemPort=[30]; IO mode=ap_memory:ce=0
Port [ P_tile_5]:  wired=1; compound=1; hidden=0; nouse=0; global=0; static=0; extern=0; dir=1; type=1; pingpong=0; private_global=0; MemPort=[30]; IO mode=ap_memory:ce=0
Port [ P_tile_6]:  wired=1; compound=1; hidden=0; nouse=0; global=0; static=0; extern=0; dir=1; type=1; pingpong=0; private_global=0; MemPort=[30]; IO mode=ap_memory:ce=0
Port [ P_tile_7]:  wired=1; compound=1; hidden=0; nouse=0; global=0; static=0; extern=0; dir=1; type=1; pingpong=0; private_global=0; MemPort=[30]; IO mode=ap_memory:ce=0
Port [ l_tilde_63]:  wired=1; compound=0; hidden=0; nouse=0; global=0; static=0; extern=0; dir=1; type=0; pingpong=0; private_global=0; IO mode=ap_vld:ce=0
Port [ l_tilde_62]:  wired=1; compound=0; hidden=0; nouse=0; global=0; static=0; extern=0; dir=1; type=0; pingpong=0; private_global=0; IO mode=ap_vld:ce=0
Port [ l_tilde_61]:  wired=1; compound=0; hidden=0; nouse=0; global=0; static=0; extern=0; dir=1; type=0; pingpong=0; private_global=0; IO mode=ap_vld:ce=0
Port [ l_tilde_60]:  wired=1; compound=0; hidden=0; nouse=0; global=0; static=0; extern=0; dir=1; type=0; pingpong=0; private_global=0; IO mode=ap_vld:ce=0
Port [ l_tilde_59]:  wired=1; compound=0; hidden=0; nouse=0; global=0; static=0; extern=0; dir=1; type=0; pingpong=0; private_global=0; IO mode=ap_vld:ce=0
Port [ l_tilde_58]:  wired=1; compound=0; hidden=0; nouse=0; global=0; static=0; extern=0; dir=1; type=0; pingpong=0; private_global=0; IO mode=ap_vld:ce=0
Port [ l_tilde_57]:  wired=1; compound=0; hidden=0; nouse=0; global=0; static=0; extern=0; dir=1; type=0; pingpong=0; private_global=0; IO mode=ap_vld:ce=0
Port [ l_tilde_56]:  wired=1; compound=0; hidden=0; nouse=0; global=0; static=0; extern=0; dir=1; type=0; pingpong=0; private_global=0; IO mode=ap_vld:ce=0
Port [ l_tilde_55]:  wired=1; compound=0; hidden=0; nouse=0; global=0; static=0; extern=0; dir=1; type=0; pingpong=0; private_global=0; IO mode=ap_vld:ce=0
Port [ l_tilde_54]:  wired=1; compound=0; hidden=0; nouse=0; global=0; static=0; extern=0; dir=1; type=0; pingpong=0; private_global=0; IO mode=ap_vld:ce=0
Port [ l_tilde_53]:  wired=1; compound=0; hidden=0; nouse=0; global=0; static=0; extern=0; dir=1; type=0; pingpong=0; private_global=0; IO mode=ap_vld:ce=0
Port [ l_tilde_52]:  wired=1; compound=0; hidden=0; nouse=0; global=0; static=0; extern=0; dir=1; type=0; pingpong=0; private_global=0; IO mode=ap_vld:ce=0
Port [ l_tilde_51]:  wired=1; compound=0; hidden=0; nouse=0; global=0; static=0; extern=0; dir=1; type=0; pingpong=0; private_global=0; IO mode=ap_vld:ce=0
Port [ l_tilde_50]:  wired=1; compound=0; hidden=0; nouse=0; global=0; static=0; extern=0; dir=1; type=0; pingpong=0; private_global=0; IO mode=ap_vld:ce=0
Port [ l_tilde_49]:  wired=1; compound=0; hidden=0; nouse=0; global=0; static=0; extern=0; dir=1; type=0; pingpong=0; private_global=0; IO mode=ap_vld:ce=0
Port [ l_tilde_48]:  wired=1; compound=0; hidden=0; nouse=0; global=0; static=0; extern=0; dir=1; type=0; pingpong=0; private_global=0; IO mode=ap_vld:ce=0
Port [ l_tilde_47]:  wired=1; compound=0; hidden=0; nouse=0; global=0; static=0; extern=0; dir=1; type=0; pingpong=0; private_global=0; IO mode=ap_vld:ce=0
Port [ l_tilde_46]:  wired=1; compound=0; hidden=0; nouse=0; global=0; static=0; extern=0; dir=1; type=0; pingpong=0; private_global=0; IO mode=ap_vld:ce=0
Port [ l_tilde_45]:  wired=1; compound=0; hidden=0; nouse=0; global=0; static=0; extern=0; dir=1; type=0; pingpong=0; private_global=0; IO mode=ap_vld:ce=0
Port [ l_tilde_44]:  wired=1; compound=0; hidden=0; nouse=0; global=0; static=0; extern=0; dir=1; type=0; pingpong=0; private_global=0; IO mode=ap_vld:ce=0
Port [ l_tilde_43]:  wired=1; compound=0; hidden=0; nouse=0; global=0; static=0; extern=0; dir=1; type=0; pingpong=0; private_global=0; IO mode=ap_vld:ce=0
Port [ l_tilde_42]:  wired=1; compound=0; hidden=0; nouse=0; global=0; static=0; extern=0; dir=1; type=0; pingpong=0; private_global=0; IO mode=ap_vld:ce=0
Port [ l_tilde_41]:  wired=1; compound=0; hidden=0; nouse=0; global=0; static=0; extern=0; dir=1; type=0; pingpong=0; private_global=0; IO mode=ap_vld:ce=0
Port [ l_tilde_40]:  wired=1; compound=0; hidden=0; nouse=0; global=0; static=0; extern=0; dir=1; type=0; pingpong=0; private_global=0; IO mode=ap_vld:ce=0
Port [ l_tilde_39]:  wired=1; compound=0; hidden=0; nouse=0; global=0; static=0; extern=0; dir=1; type=0; pingpong=0; private_global=0; IO mode=ap_vld:ce=0
Port [ l_tilde_38]:  wired=1; compound=0; hidden=0; nouse=0; global=0; static=0; extern=0; dir=1; type=0; pingpong=0; private_global=0; IO mode=ap_vld:ce=0
Port [ l_tilde_37]:  wired=1; compound=0; hidden=0; nouse=0; global=0; static=0; extern=0; dir=1; type=0; pingpong=0; private_global=0; IO mode=ap_vld:ce=0
Port [ l_tilde_36]:  wired=1; compound=0; hidden=0; nouse=0; global=0; static=0; extern=0; dir=1; type=0; pingpong=0; private_global=0; IO mode=ap_vld:ce=0
Port [ l_tilde_35]:  wired=1; compound=0; hidden=0; nouse=0; global=0; static=0; extern=0; dir=1; type=0; pingpong=0; private_global=0; IO mode=ap_vld:ce=0
Port [ l_tilde_34]:  wired=1; compound=0; hidden=0; nouse=0; global=0; static=0; extern=0; dir=1; type=0; pingpong=0; private_global=0; IO mode=ap_vld:ce=0
Port [ l_tilde_33]:  wired=1; compound=0; hidden=0; nouse=0; global=0; static=0; extern=0; dir=1; type=0; pingpong=0; private_global=0; IO mode=ap_vld:ce=0
Port [ l_tilde_32]:  wired=1; compound=0; hidden=0; nouse=0; global=0; static=0; extern=0; dir=1; type=0; pingpong=0; private_global=0; IO mode=ap_vld:ce=0
Port [ l_tilde_31]:  wired=1; compound=0; hidden=0; nouse=0; global=0; static=0; extern=0; dir=1; type=0; pingpong=0; private_global=0; IO mode=ap_vld:ce=0
Port [ l_tilde_30]:  wired=1; compound=0; hidden=0; nouse=0; global=0; static=0; extern=0; dir=1; type=0; pingpong=0; private_global=0; IO mode=ap_vld:ce=0
Port [ l_tilde_29]:  wired=1; compound=0; hidden=0; nouse=0; global=0; static=0; extern=0; dir=1; type=0; pingpong=0; private_global=0; IO mode=ap_vld:ce=0
Port [ l_tilde_28]:  wired=1; compound=0; hidden=0; nouse=0; global=0; static=0; extern=0; dir=1; type=0; pingpong=0; private_global=0; IO mode=ap_vld:ce=0
Port [ l_tilde_27]:  wired=1; compound=0; hidden=0; nouse=0; global=0; static=0; extern=0; dir=1; type=0; pingpong=0; private_global=0; IO mode=ap_vld:ce=0
Port [ l_tilde_26]:  wired=1; compound=0; hidden=0; nouse=0; global=0; static=0; extern=0; dir=1; type=0; pingpong=0; private_global=0; IO mode=ap_vld:ce=0
Port [ l_tilde_25]:  wired=1; compound=0; hidden=0; nouse=0; global=0; static=0; extern=0; dir=1; type=0; pingpong=0; private_global=0; IO mode=ap_vld:ce=0
Port [ l_tilde_24]:  wired=1; compound=0; hidden=0; nouse=0; global=0; static=0; extern=0; dir=1; type=0; pingpong=0; private_global=0; IO mode=ap_vld:ce=0
Port [ l_tilde_23]:  wired=1; compound=0; hidden=0; nouse=0; global=0; static=0; extern=0; dir=1; type=0; pingpong=0; private_global=0; IO mode=ap_vld:ce=0
Port [ l_tilde_22]:  wired=1; compound=0; hidden=0; nouse=0; global=0; static=0; extern=0; dir=1; type=0; pingpong=0; private_global=0; IO mode=ap_vld:ce=0
Port [ l_tilde_21]:  wired=1; compound=0; hidden=0; nouse=0; global=0; static=0; extern=0; dir=1; type=0; pingpong=0; private_global=0; IO mode=ap_vld:ce=0
Port [ l_tilde_20]:  wired=1; compound=0; hidden=0; nouse=0; global=0; static=0; extern=0; dir=1; type=0; pingpong=0; private_global=0; IO mode=ap_vld:ce=0
Port [ l_tilde_19]:  wired=1; compound=0; hidden=0; nouse=0; global=0; static=0; extern=0; dir=1; type=0; pingpong=0; private_global=0; IO mode=ap_vld:ce=0
Port [ l_tilde_18]:  wired=1; compound=0; hidden=0; nouse=0; global=0; static=0; extern=0; dir=1; type=0; pingpong=0; private_global=0; IO mode=ap_vld:ce=0
Port [ l_tilde_17]:  wired=1; compound=0; hidden=0; nouse=0; global=0; static=0; extern=0; dir=1; type=0; pingpong=0; private_global=0; IO mode=ap_vld:ce=0
Port [ l_tilde_16]:  wired=1; compound=0; hidden=0; nouse=0; global=0; static=0; extern=0; dir=1; type=0; pingpong=0; private_global=0; IO mode=ap_vld:ce=0
Port [ l_tilde_15]:  wired=1; compound=0; hidden=0; nouse=0; global=0; static=0; extern=0; dir=1; type=0; pingpong=0; private_global=0; IO mode=ap_vld:ce=0
Port [ l_tilde_14]:  wired=1; compound=0; hidden=0; nouse=0; global=0; static=0; extern=0; dir=1; type=0; pingpong=0; private_global=0; IO mode=ap_vld:ce=0
Port [ l_tilde_13]:  wired=1; compound=0; hidden=0; nouse=0; global=0; static=0; extern=0; dir=1; type=0; pingpong=0; private_global=0; IO mode=ap_vld:ce=0
Port [ l_tilde_12]:  wired=1; compound=0; hidden=0; nouse=0; global=0; static=0; extern=0; dir=1; type=0; pingpong=0; private_global=0; IO mode=ap_vld:ce=0
Port [ l_tilde_11]:  wired=1; compound=0; hidden=0; nouse=0; global=0; static=0; extern=0; dir=1; type=0; pingpong=0; private_global=0; IO mode=ap_vld:ce=0
Port [ l_tilde_10]:  wired=1; compound=0; hidden=0; nouse=0; global=0; static=0; extern=0; dir=1; type=0; pingpong=0; private_global=0; IO mode=ap_vld:ce=0
Port [ l_tilde_9]:  wired=1; compound=0; hidden=0; nouse=0; global=0; static=0; extern=0; dir=1; type=0; pingpong=0; private_global=0; IO mode=ap_vld:ce=0
Port [ l_tilde_8]:  wired=1; compound=0; hidden=0; nouse=0; global=0; static=0; extern=0; dir=1; type=0; pingpong=0; private_global=0; IO mode=ap_vld:ce=0
Port [ l_tilde_7]:  wired=1; compound=0; hidden=0; nouse=0; global=0; static=0; extern=0; dir=1; type=0; pingpong=0; private_global=0; IO mode=ap_vld:ce=0
Port [ l_tilde_6]:  wired=1; compound=0; hidden=0; nouse=0; global=0; static=0; extern=0; dir=1; type=0; pingpong=0; private_global=0; IO mode=ap_vld:ce=0
Port [ l_tilde_5]:  wired=1; compound=0; hidden=0; nouse=0; global=0; static=0; extern=0; dir=1; type=0; pingpong=0; private_global=0; IO mode=ap_vld:ce=0
Port [ l_tilde_4]:  wired=1; compound=0; hidden=0; nouse=0; global=0; static=0; extern=0; dir=1; type=0; pingpong=0; private_global=0; IO mode=ap_vld:ce=0
Port [ l_tilde_3]:  wired=1; compound=0; hidden=0; nouse=0; global=0; static=0; extern=0; dir=1; type=0; pingpong=0; private_global=0; IO mode=ap_vld:ce=0
Port [ l_tilde_2]:  wired=1; compound=0; hidden=0; nouse=0; global=0; static=0; extern=0; dir=1; type=0; pingpong=0; private_global=0; IO mode=ap_vld:ce=0
Port [ l_tilde_1]:  wired=1; compound=0; hidden=0; nouse=0; global=0; static=0; extern=0; dir=1; type=0; pingpong=0; private_global=0; IO mode=ap_vld:ce=0
Port [ m_tilde_63]:  wired=1; compound=0; hidden=0; nouse=0; global=0; static=0; extern=0; dir=1; type=0; pingpong=0; private_global=0; IO mode=ap_vld:ce=0
Port [ m_tilde_62]:  wired=1; compound=0; hidden=0; nouse=0; global=0; static=0; extern=0; dir=1; type=0; pingpong=0; private_global=0; IO mode=ap_vld:ce=0
Port [ m_tilde_61]:  wired=1; compound=0; hidden=0; nouse=0; global=0; static=0; extern=0; dir=1; type=0; pingpong=0; private_global=0; IO mode=ap_vld:ce=0
Port [ m_tilde_60]:  wired=1; compound=0; hidden=0; nouse=0; global=0; static=0; extern=0; dir=1; type=0; pingpong=0; private_global=0; IO mode=ap_vld:ce=0
Port [ m_tilde_59]:  wired=1; compound=0; hidden=0; nouse=0; global=0; static=0; extern=0; dir=1; type=0; pingpong=0; private_global=0; IO mode=ap_vld:ce=0
Port [ m_tilde_58]:  wired=1; compound=0; hidden=0; nouse=0; global=0; static=0; extern=0; dir=1; type=0; pingpong=0; private_global=0; IO mode=ap_vld:ce=0
Port [ m_tilde_57]:  wired=1; compound=0; hidden=0; nouse=0; global=0; static=0; extern=0; dir=1; type=0; pingpong=0; private_global=0; IO mode=ap_vld:ce=0
Port [ m_tilde_56]:  wired=1; compound=0; hidden=0; nouse=0; global=0; static=0; extern=0; dir=1; type=0; pingpong=0; private_global=0; IO mode=ap_vld:ce=0
Port [ m_tilde_55]:  wired=1; compound=0; hidden=0; nouse=0; global=0; static=0; extern=0; dir=1; type=0; pingpong=0; private_global=0; IO mode=ap_vld:ce=0
Port [ m_tilde_54]:  wired=1; compound=0; hidden=0; nouse=0; global=0; static=0; extern=0; dir=1; type=0; pingpong=0; private_global=0; IO mode=ap_vld:ce=0
Port [ m_tilde_53]:  wired=1; compound=0; hidden=0; nouse=0; global=0; static=0; extern=0; dir=1; type=0; pingpong=0; private_global=0; IO mode=ap_vld:ce=0
Port [ m_tilde_52]:  wired=1; compound=0; hidden=0; nouse=0; global=0; static=0; extern=0; dir=1; type=0; pingpong=0; private_global=0; IO mode=ap_vld:ce=0
Port [ m_tilde_51]:  wired=1; compound=0; hidden=0; nouse=0; global=0; static=0; extern=0; dir=1; type=0; pingpong=0; private_global=0; IO mode=ap_vld:ce=0
Port [ m_tilde_50]:  wired=1; compound=0; hidden=0; nouse=0; global=0; static=0; extern=0; dir=1; type=0; pingpong=0; private_global=0; IO mode=ap_vld:ce=0
Port [ m_tilde_49]:  wired=1; compound=0; hidden=0; nouse=0; global=0; static=0; extern=0; dir=1; type=0; pingpong=0; private_global=0; IO mode=ap_vld:ce=0
Port [ m_tilde_48]:  wired=1; compound=0; hidden=0; nouse=0; global=0; static=0; extern=0; dir=1; type=0; pingpong=0; private_global=0; IO mode=ap_vld:ce=0
Port [ m_tilde_47]:  wired=1; compound=0; hidden=0; nouse=0; global=0; static=0; extern=0; dir=1; type=0; pingpong=0; private_global=0; IO mode=ap_vld:ce=0
Port [ m_tilde_46]:  wired=1; compound=0; hidden=0; nouse=0; global=0; static=0; extern=0; dir=1; type=0; pingpong=0; private_global=0; IO mode=ap_vld:ce=0
Port [ m_tilde_45]:  wired=1; compound=0; hidden=0; nouse=0; global=0; static=0; extern=0; dir=1; type=0; pingpong=0; private_global=0; IO mode=ap_vld:ce=0
Port [ m_tilde_44]:  wired=1; compound=0; hidden=0; nouse=0; global=0; static=0; extern=0; dir=1; type=0; pingpong=0; private_global=0; IO mode=ap_vld:ce=0
Port [ m_tilde_43]:  wired=1; compound=0; hidden=0; nouse=0; global=0; static=0; extern=0; dir=1; type=0; pingpong=0; private_global=0; IO mode=ap_vld:ce=0
Port [ m_tilde_42]:  wired=1; compound=0; hidden=0; nouse=0; global=0; static=0; extern=0; dir=1; type=0; pingpong=0; private_global=0; IO mode=ap_vld:ce=0
Port [ m_tilde_41]:  wired=1; compound=0; hidden=0; nouse=0; global=0; static=0; extern=0; dir=1; type=0; pingpong=0; private_global=0; IO mode=ap_vld:ce=0
Port [ m_tilde_40]:  wired=1; compound=0; hidden=0; nouse=0; global=0; static=0; extern=0; dir=1; type=0; pingpong=0; private_global=0; IO mode=ap_vld:ce=0
Port [ m_tilde_39]:  wired=1; compound=0; hidden=0; nouse=0; global=0; static=0; extern=0; dir=1; type=0; pingpong=0; private_global=0; IO mode=ap_vld:ce=0
Port [ m_tilde_38]:  wired=1; compound=0; hidden=0; nouse=0; global=0; static=0; extern=0; dir=1; type=0; pingpong=0; private_global=0; IO mode=ap_vld:ce=0
Port [ m_tilde_37]:  wired=1; compound=0; hidden=0; nouse=0; global=0; static=0; extern=0; dir=1; type=0; pingpong=0; private_global=0; IO mode=ap_vld:ce=0
Port [ m_tilde_36]:  wired=1; compound=0; hidden=0; nouse=0; global=0; static=0; extern=0; dir=1; type=0; pingpong=0; private_global=0; IO mode=ap_vld:ce=0
Port [ m_tilde_35]:  wired=1; compound=0; hidden=0; nouse=0; global=0; static=0; extern=0; dir=1; type=0; pingpong=0; private_global=0; IO mode=ap_vld:ce=0
Port [ m_tilde_34]:  wired=1; compound=0; hidden=0; nouse=0; global=0; static=0; extern=0; dir=1; type=0; pingpong=0; private_global=0; IO mode=ap_vld:ce=0
Port [ m_tilde_33]:  wired=1; compound=0; hidden=0; nouse=0; global=0; static=0; extern=0; dir=1; type=0; pingpong=0; private_global=0; IO mode=ap_vld:ce=0
Port [ m_tilde_32]:  wired=1; compound=0; hidden=0; nouse=0; global=0; static=0; extern=0; dir=1; type=0; pingpong=0; private_global=0; IO mode=ap_vld:ce=0
Port [ m_tilde_31]:  wired=1; compound=0; hidden=0; nouse=0; global=0; static=0; extern=0; dir=1; type=0; pingpong=0; private_global=0; IO mode=ap_vld:ce=0
Port [ m_tilde_30]:  wired=1; compound=0; hidden=0; nouse=0; global=0; static=0; extern=0; dir=1; type=0; pingpong=0; private_global=0; IO mode=ap_vld:ce=0
Port [ m_tilde_29]:  wired=1; compound=0; hidden=0; nouse=0; global=0; static=0; extern=0; dir=1; type=0; pingpong=0; private_global=0; IO mode=ap_vld:ce=0
Port [ m_tilde_28]:  wired=1; compound=0; hidden=0; nouse=0; global=0; static=0; extern=0; dir=1; type=0; pingpong=0; private_global=0; IO mode=ap_vld:ce=0
Port [ m_tilde_27]:  wired=1; compound=0; hidden=0; nouse=0; global=0; static=0; extern=0; dir=1; type=0; pingpong=0; private_global=0; IO mode=ap_vld:ce=0
Port [ m_tilde_26]:  wired=1; compound=0; hidden=0; nouse=0; global=0; static=0; extern=0; dir=1; type=0; pingpong=0; private_global=0; IO mode=ap_vld:ce=0
Port [ m_tilde_25]:  wired=1; compound=0; hidden=0; nouse=0; global=0; static=0; extern=0; dir=1; type=0; pingpong=0; private_global=0; IO mode=ap_vld:ce=0
Port [ m_tilde_24]:  wired=1; compound=0; hidden=0; nouse=0; global=0; static=0; extern=0; dir=1; type=0; pingpong=0; private_global=0; IO mode=ap_vld:ce=0
Port [ m_tilde_23]:  wired=1; compound=0; hidden=0; nouse=0; global=0; static=0; extern=0; dir=1; type=0; pingpong=0; private_global=0; IO mode=ap_vld:ce=0
Port [ m_tilde_22]:  wired=1; compound=0; hidden=0; nouse=0; global=0; static=0; extern=0; dir=1; type=0; pingpong=0; private_global=0; IO mode=ap_vld:ce=0
Port [ m_tilde_21]:  wired=1; compound=0; hidden=0; nouse=0; global=0; static=0; extern=0; dir=1; type=0; pingpong=0; private_global=0; IO mode=ap_vld:ce=0
Port [ m_tilde_20]:  wired=1; compound=0; hidden=0; nouse=0; global=0; static=0; extern=0; dir=1; type=0; pingpong=0; private_global=0; IO mode=ap_vld:ce=0
Port [ m_tilde_19]:  wired=1; compound=0; hidden=0; nouse=0; global=0; static=0; extern=0; dir=1; type=0; pingpong=0; private_global=0; IO mode=ap_vld:ce=0
Port [ m_tilde_18]:  wired=1; compound=0; hidden=0; nouse=0; global=0; static=0; extern=0; dir=1; type=0; pingpong=0; private_global=0; IO mode=ap_vld:ce=0
Port [ m_tilde_17]:  wired=1; compound=0; hidden=0; nouse=0; global=0; static=0; extern=0; dir=1; type=0; pingpong=0; private_global=0; IO mode=ap_vld:ce=0
Port [ m_tilde_16]:  wired=1; compound=0; hidden=0; nouse=0; global=0; static=0; extern=0; dir=1; type=0; pingpong=0; private_global=0; IO mode=ap_vld:ce=0
Port [ m_tilde_15]:  wired=1; compound=0; hidden=0; nouse=0; global=0; static=0; extern=0; dir=1; type=0; pingpong=0; private_global=0; IO mode=ap_vld:ce=0
Port [ m_tilde_14]:  wired=1; compound=0; hidden=0; nouse=0; global=0; static=0; extern=0; dir=1; type=0; pingpong=0; private_global=0; IO mode=ap_vld:ce=0
Port [ m_tilde_13]:  wired=1; compound=0; hidden=0; nouse=0; global=0; static=0; extern=0; dir=1; type=0; pingpong=0; private_global=0; IO mode=ap_vld:ce=0
Port [ m_tilde_12]:  wired=1; compound=0; hidden=0; nouse=0; global=0; static=0; extern=0; dir=1; type=0; pingpong=0; private_global=0; IO mode=ap_vld:ce=0
Port [ m_tilde_11]:  wired=1; compound=0; hidden=0; nouse=0; global=0; static=0; extern=0; dir=1; type=0; pingpong=0; private_global=0; IO mode=ap_vld:ce=0
Port [ m_tilde_10]:  wired=1; compound=0; hidden=0; nouse=0; global=0; static=0; extern=0; dir=1; type=0; pingpong=0; private_global=0; IO mode=ap_vld:ce=0
Port [ m_tilde_9]:  wired=1; compound=0; hidden=0; nouse=0; global=0; static=0; extern=0; dir=1; type=0; pingpong=0; private_global=0; IO mode=ap_vld:ce=0
Port [ m_tilde_8]:  wired=1; compound=0; hidden=0; nouse=0; global=0; static=0; extern=0; dir=1; type=0; pingpong=0; private_global=0; IO mode=ap_vld:ce=0
Port [ m_tilde_7]:  wired=1; compound=0; hidden=0; nouse=0; global=0; static=0; extern=0; dir=1; type=0; pingpong=0; private_global=0; IO mode=ap_vld:ce=0
Port [ m_tilde_6]:  wired=1; compound=0; hidden=0; nouse=0; global=0; static=0; extern=0; dir=1; type=0; pingpong=0; private_global=0; IO mode=ap_vld:ce=0
Port [ m_tilde_5]:  wired=1; compound=0; hidden=0; nouse=0; global=0; static=0; extern=0; dir=1; type=0; pingpong=0; private_global=0; IO mode=ap_vld:ce=0
Port [ m_tilde_4]:  wired=1; compound=0; hidden=0; nouse=0; global=0; static=0; extern=0; dir=1; type=0; pingpong=0; private_global=0; IO mode=ap_vld:ce=0
Port [ m_tilde_3]:  wired=1; compound=0; hidden=0; nouse=0; global=0; static=0; extern=0; dir=1; type=0; pingpong=0; private_global=0; IO mode=ap_vld:ce=0
Port [ m_tilde_2]:  wired=1; compound=0; hidden=0; nouse=0; global=0; static=0; extern=0; dir=1; type=0; pingpong=0; private_global=0; IO mode=ap_vld:ce=0
Port [ m_tilde_1]:  wired=1; compound=0; hidden=0; nouse=0; global=0; static=0; extern=0; dir=1; type=0; pingpong=0; private_global=0; IO mode=ap_vld:ce=0
Port [ m_tilde_0]:  wired=1; compound=0; hidden=0; nouse=0; global=0; static=0; extern=0; dir=1; type=0; pingpong=0; private_global=0; IO mode=ap_vld:ce=0
---------------- STG Properties END ------------------

---------------- Datapath Model BEGIN ----------------

<LifeTime>
<method=bitvector/>
i                             (alloca        ) [ 010000000]
specmemcore_ln0               (specmemcore   ) [ 000000000]
specmemcore_ln0               (specmemcore   ) [ 000000000]
specmemcore_ln0               (specmemcore   ) [ 000000000]
specmemcore_ln0               (specmemcore   ) [ 000000000]
specmemcore_ln0               (specmemcore   ) [ 000000000]
specmemcore_ln0               (specmemcore   ) [ 000000000]
specmemcore_ln0               (specmemcore   ) [ 000000000]
specmemcore_ln0               (specmemcore   ) [ 000000000]
br_actual_read                (read          ) [ 000000000]
store_ln85                    (store         ) [ 000000000]
br_ln0                        (br            ) [ 000000000]
i_2                           (load          ) [ 010000000]
tmp                           (partselect    ) [ 000000000]
icmp_ln85                     (icmp          ) [ 010000000]
br_ln85                       (br            ) [ 000000000]
trunc_ln85                    (trunc         ) [ 010000000]
tmp_s                         (bitconcatenate) [ 000000000]
zext_ln90                     (zext          ) [ 000000000]
P_tile_0_addr                 (getelementptr ) [ 000000000]
tmp_16                        (bitconcatenate) [ 000000000]
zext_ln90_1                   (zext          ) [ 000000000]
P_tile_0_addr_1               (getelementptr ) [ 001000000]
tmp_17                        (bitconcatenate) [ 000000000]
zext_ln90_2                   (zext          ) [ 000000000]
P_tile_0_addr_2               (getelementptr ) [ 001100000]
tmp_18                        (bitconcatenate) [ 000000000]
zext_ln90_3                   (zext          ) [ 000000000]
P_tile_0_addr_3               (getelementptr ) [ 001110000]
tmp_19                        (bitconcatenate) [ 000000000]
zext_ln90_4                   (zext          ) [ 000000000]
P_tile_0_addr_4               (getelementptr ) [ 001111000]
tmp_20                        (bitconcatenate) [ 000000000]
zext_ln90_5                   (zext          ) [ 000000000]
P_tile_0_addr_5               (getelementptr ) [ 001111100]
tmp_21                        (bitconcatenate) [ 000000000]
zext_ln90_6                   (zext          ) [ 000000000]
P_tile_0_addr_6               (getelementptr ) [ 001111110]
tmp_22                        (bitconcatenate) [ 000000000]
zext_ln90_7                   (zext          ) [ 000000000]
P_tile_0_addr_7               (getelementptr ) [ 001111111]
P_tile_1_addr                 (getelementptr ) [ 000000000]
P_tile_1_addr_1               (getelementptr ) [ 001000000]
P_tile_1_addr_2               (getelementptr ) [ 001100000]
P_tile_1_addr_3               (getelementptr ) [ 001110000]
P_tile_1_addr_4               (getelementptr ) [ 001111000]
P_tile_1_addr_5               (getelementptr ) [ 001111100]
P_tile_1_addr_6               (getelementptr ) [ 001111110]
P_tile_1_addr_7               (getelementptr ) [ 001111111]
P_tile_2_addr                 (getelementptr ) [ 000000000]
P_tile_2_addr_1               (getelementptr ) [ 001000000]
P_tile_2_addr_2               (getelementptr ) [ 001100000]
P_tile_2_addr_3               (getelementptr ) [ 001110000]
P_tile_2_addr_4               (getelementptr ) [ 001111000]
P_tile_2_addr_5               (getelementptr ) [ 001111100]
P_tile_2_addr_6               (getelementptr ) [ 001111110]
P_tile_2_addr_7               (getelementptr ) [ 001111111]
P_tile_3_addr                 (getelementptr ) [ 000000000]
P_tile_3_addr_1               (getelementptr ) [ 001000000]
P_tile_3_addr_2               (getelementptr ) [ 001100000]
P_tile_3_addr_3               (getelementptr ) [ 001110000]
P_tile_3_addr_4               (getelementptr ) [ 001111000]
P_tile_3_addr_5               (getelementptr ) [ 001111100]
P_tile_3_addr_6               (getelementptr ) [ 001111110]
P_tile_3_addr_7               (getelementptr ) [ 001111111]
P_tile_4_addr                 (getelementptr ) [ 000000000]
P_tile_4_addr_1               (getelementptr ) [ 001000000]
P_tile_4_addr_2               (getelementptr ) [ 001100000]
P_tile_4_addr_3               (getelementptr ) [ 001110000]
P_tile_4_addr_4               (getelementptr ) [ 001111000]
P_tile_4_addr_5               (getelementptr ) [ 001111100]
P_tile_4_addr_6               (getelementptr ) [ 001111110]
P_tile_4_addr_7               (getelementptr ) [ 001111111]
P_tile_5_addr                 (getelementptr ) [ 000000000]
P_tile_5_addr_1               (getelementptr ) [ 001000000]
P_tile_5_addr_2               (getelementptr ) [ 001100000]
P_tile_5_addr_3               (getelementptr ) [ 001110000]
P_tile_5_addr_4               (getelementptr ) [ 001111000]
P_tile_5_addr_5               (getelementptr ) [ 001111100]
P_tile_5_addr_6               (getelementptr ) [ 001111110]
P_tile_5_addr_7               (getelementptr ) [ 001111111]
P_tile_6_addr                 (getelementptr ) [ 000000000]
P_tile_6_addr_1               (getelementptr ) [ 001000000]
P_tile_6_addr_2               (getelementptr ) [ 001100000]
P_tile_6_addr_3               (getelementptr ) [ 001110000]
P_tile_6_addr_4               (getelementptr ) [ 001111000]
P_tile_6_addr_5               (getelementptr ) [ 001111100]
P_tile_6_addr_6               (getelementptr ) [ 001111110]
P_tile_6_addr_7               (getelementptr ) [ 001111111]
P_tile_7_addr                 (getelementptr ) [ 000000000]
P_tile_7_addr_1               (getelementptr ) [ 001000000]
P_tile_7_addr_2               (getelementptr ) [ 001100000]
P_tile_7_addr_3               (getelementptr ) [ 001110000]
P_tile_7_addr_4               (getelementptr ) [ 001111000]
P_tile_7_addr_5               (getelementptr ) [ 001111100]
P_tile_7_addr_6               (getelementptr ) [ 001111110]
P_tile_7_addr_7               (getelementptr ) [ 001111111]
specpipeline_ln86             (specpipeline  ) [ 000000000]
specloopname_ln85             (specloopname  ) [ 000000000]
switch_ln87                   (switch        ) [ 000000000]
write_ln87                    (write         ) [ 000000000]
br_ln87                       (br            ) [ 000000000]
write_ln87                    (write         ) [ 000000000]
br_ln87                       (br            ) [ 000000000]
write_ln87                    (write         ) [ 000000000]
br_ln87                       (br            ) [ 000000000]
write_ln87                    (write         ) [ 000000000]
br_ln87                       (br            ) [ 000000000]
write_ln87                    (write         ) [ 000000000]
br_ln87                       (br            ) [ 000000000]
write_ln87                    (write         ) [ 000000000]
br_ln87                       (br            ) [ 000000000]
write_ln87                    (write         ) [ 000000000]
br_ln87                       (br            ) [ 000000000]
write_ln87                    (write         ) [ 000000000]
br_ln87                       (br            ) [ 000000000]
write_ln87                    (write         ) [ 000000000]
br_ln87                       (br            ) [ 000000000]
write_ln87                    (write         ) [ 000000000]
br_ln87                       (br            ) [ 000000000]
write_ln87                    (write         ) [ 000000000]
br_ln87                       (br            ) [ 000000000]
write_ln87                    (write         ) [ 000000000]
br_ln87                       (br            ) [ 000000000]
write_ln87                    (write         ) [ 000000000]
br_ln87                       (br            ) [ 000000000]
write_ln87                    (write         ) [ 000000000]
br_ln87                       (br            ) [ 000000000]
write_ln87                    (write         ) [ 000000000]
br_ln87                       (br            ) [ 000000000]
write_ln87                    (write         ) [ 000000000]
br_ln87                       (br            ) [ 000000000]
write_ln87                    (write         ) [ 000000000]
br_ln87                       (br            ) [ 000000000]
write_ln87                    (write         ) [ 000000000]
br_ln87                       (br            ) [ 000000000]
write_ln87                    (write         ) [ 000000000]
br_ln87                       (br            ) [ 000000000]
write_ln87                    (write         ) [ 000000000]
br_ln87                       (br            ) [ 000000000]
write_ln87                    (write         ) [ 000000000]
br_ln87                       (br            ) [ 000000000]
write_ln87                    (write         ) [ 000000000]
br_ln87                       (br            ) [ 000000000]
write_ln87                    (write         ) [ 000000000]
br_ln87                       (br            ) [ 000000000]
write_ln87                    (write         ) [ 000000000]
br_ln87                       (br            ) [ 000000000]
write_ln87                    (write         ) [ 000000000]
br_ln87                       (br            ) [ 000000000]
write_ln87                    (write         ) [ 000000000]
br_ln87                       (br            ) [ 000000000]
write_ln87                    (write         ) [ 000000000]
br_ln87                       (br            ) [ 000000000]
write_ln87                    (write         ) [ 000000000]
br_ln87                       (br            ) [ 000000000]
write_ln87                    (write         ) [ 000000000]
br_ln87                       (br            ) [ 000000000]
write_ln87                    (write         ) [ 000000000]
br_ln87                       (br            ) [ 000000000]
write_ln87                    (write         ) [ 000000000]
br_ln87                       (br            ) [ 000000000]
write_ln87                    (write         ) [ 000000000]
br_ln87                       (br            ) [ 000000000]
write_ln87                    (write         ) [ 000000000]
br_ln87                       (br            ) [ 000000000]
write_ln87                    (write         ) [ 000000000]
br_ln87                       (br            ) [ 000000000]
write_ln87                    (write         ) [ 000000000]
br_ln87                       (br            ) [ 000000000]
write_ln87                    (write         ) [ 000000000]
br_ln87                       (br            ) [ 000000000]
write_ln87                    (write         ) [ 000000000]
br_ln87                       (br            ) [ 000000000]
write_ln87                    (write         ) [ 000000000]
br_ln87                       (br            ) [ 000000000]
write_ln87                    (write         ) [ 000000000]
br_ln87                       (br            ) [ 000000000]
write_ln87                    (write         ) [ 000000000]
br_ln87                       (br            ) [ 000000000]
write_ln87                    (write         ) [ 000000000]
br_ln87                       (br            ) [ 000000000]
write_ln87                    (write         ) [ 000000000]
br_ln87                       (br            ) [ 000000000]
write_ln87                    (write         ) [ 000000000]
br_ln87                       (br            ) [ 000000000]
write_ln87                    (write         ) [ 000000000]
br_ln87                       (br            ) [ 000000000]
write_ln87                    (write         ) [ 000000000]
br_ln87                       (br            ) [ 000000000]
write_ln87                    (write         ) [ 000000000]
br_ln87                       (br            ) [ 000000000]
write_ln87                    (write         ) [ 000000000]
br_ln87                       (br            ) [ 000000000]
write_ln87                    (write         ) [ 000000000]
br_ln87                       (br            ) [ 000000000]
write_ln87                    (write         ) [ 000000000]
br_ln87                       (br            ) [ 000000000]
write_ln87                    (write         ) [ 000000000]
br_ln87                       (br            ) [ 000000000]
write_ln87                    (write         ) [ 000000000]
br_ln87                       (br            ) [ 000000000]
write_ln87                    (write         ) [ 000000000]
br_ln87                       (br            ) [ 000000000]
write_ln87                    (write         ) [ 000000000]
br_ln87                       (br            ) [ 000000000]
write_ln87                    (write         ) [ 000000000]
br_ln87                       (br            ) [ 000000000]
write_ln87                    (write         ) [ 000000000]
br_ln87                       (br            ) [ 000000000]
write_ln87                    (write         ) [ 000000000]
br_ln87                       (br            ) [ 000000000]
write_ln87                    (write         ) [ 000000000]
br_ln87                       (br            ) [ 000000000]
write_ln87                    (write         ) [ 000000000]
br_ln87                       (br            ) [ 000000000]
write_ln87                    (write         ) [ 000000000]
br_ln87                       (br            ) [ 000000000]
write_ln87                    (write         ) [ 000000000]
br_ln87                       (br            ) [ 000000000]
write_ln87                    (write         ) [ 000000000]
br_ln87                       (br            ) [ 000000000]
write_ln87                    (write         ) [ 000000000]
br_ln87                       (br            ) [ 000000000]
write_ln87                    (write         ) [ 000000000]
br_ln87                       (br            ) [ 000000000]
write_ln87                    (write         ) [ 000000000]
br_ln87                       (br            ) [ 000000000]
switch_ln88                   (switch        ) [ 000000000]
write_ln88                    (write         ) [ 000000000]
br_ln88                       (br            ) [ 000000000]
write_ln88                    (write         ) [ 000000000]
br_ln88                       (br            ) [ 000000000]
write_ln88                    (write         ) [ 000000000]
br_ln88                       (br            ) [ 000000000]
write_ln88                    (write         ) [ 000000000]
br_ln88                       (br            ) [ 000000000]
write_ln88                    (write         ) [ 000000000]
br_ln88                       (br            ) [ 000000000]
write_ln88                    (write         ) [ 000000000]
br_ln88                       (br            ) [ 000000000]
write_ln88                    (write         ) [ 000000000]
br_ln88                       (br            ) [ 000000000]
write_ln88                    (write         ) [ 000000000]
br_ln88                       (br            ) [ 000000000]
write_ln88                    (write         ) [ 000000000]
br_ln88                       (br            ) [ 000000000]
write_ln88                    (write         ) [ 000000000]
br_ln88                       (br            ) [ 000000000]
write_ln88                    (write         ) [ 000000000]
br_ln88                       (br            ) [ 000000000]
write_ln88                    (write         ) [ 000000000]
br_ln88                       (br            ) [ 000000000]
write_ln88                    (write         ) [ 000000000]
br_ln88                       (br            ) [ 000000000]
write_ln88                    (write         ) [ 000000000]
br_ln88                       (br            ) [ 000000000]
write_ln88                    (write         ) [ 000000000]
br_ln88                       (br            ) [ 000000000]
write_ln88                    (write         ) [ 000000000]
br_ln88                       (br            ) [ 000000000]
write_ln88                    (write         ) [ 000000000]
br_ln88                       (br            ) [ 000000000]
write_ln88                    (write         ) [ 000000000]
br_ln88                       (br            ) [ 000000000]
write_ln88                    (write         ) [ 000000000]
br_ln88                       (br            ) [ 000000000]
write_ln88                    (write         ) [ 000000000]
br_ln88                       (br            ) [ 000000000]
write_ln88                    (write         ) [ 000000000]
br_ln88                       (br            ) [ 000000000]
write_ln88                    (write         ) [ 000000000]
br_ln88                       (br            ) [ 000000000]
write_ln88                    (write         ) [ 000000000]
br_ln88                       (br            ) [ 000000000]
write_ln88                    (write         ) [ 000000000]
br_ln88                       (br            ) [ 000000000]
write_ln88                    (write         ) [ 000000000]
br_ln88                       (br            ) [ 000000000]
write_ln88                    (write         ) [ 000000000]
br_ln88                       (br            ) [ 000000000]
write_ln88                    (write         ) [ 000000000]
br_ln88                       (br            ) [ 000000000]
write_ln88                    (write         ) [ 000000000]
br_ln88                       (br            ) [ 000000000]
write_ln88                    (write         ) [ 000000000]
br_ln88                       (br            ) [ 000000000]
write_ln88                    (write         ) [ 000000000]
br_ln88                       (br            ) [ 000000000]
write_ln88                    (write         ) [ 000000000]
br_ln88                       (br            ) [ 000000000]
write_ln88                    (write         ) [ 000000000]
br_ln88                       (br            ) [ 000000000]
write_ln88                    (write         ) [ 000000000]
br_ln88                       (br            ) [ 000000000]
write_ln88                    (write         ) [ 000000000]
br_ln88                       (br            ) [ 000000000]
write_ln88                    (write         ) [ 000000000]
br_ln88                       (br            ) [ 000000000]
write_ln88                    (write         ) [ 000000000]
br_ln88                       (br            ) [ 000000000]
write_ln88                    (write         ) [ 000000000]
br_ln88                       (br            ) [ 000000000]
write_ln88                    (write         ) [ 000000000]
br_ln88                       (br            ) [ 000000000]
write_ln88                    (write         ) [ 000000000]
br_ln88                       (br            ) [ 000000000]
write_ln88                    (write         ) [ 000000000]
br_ln88                       (br            ) [ 000000000]
write_ln88                    (write         ) [ 000000000]
br_ln88                       (br            ) [ 000000000]
write_ln88                    (write         ) [ 000000000]
br_ln88                       (br            ) [ 000000000]
write_ln88                    (write         ) [ 000000000]
br_ln88                       (br            ) [ 000000000]
write_ln88                    (write         ) [ 000000000]
br_ln88                       (br            ) [ 000000000]
write_ln88                    (write         ) [ 000000000]
br_ln88                       (br            ) [ 000000000]
write_ln88                    (write         ) [ 000000000]
br_ln88                       (br            ) [ 000000000]
write_ln88                    (write         ) [ 000000000]
br_ln88                       (br            ) [ 000000000]
write_ln88                    (write         ) [ 000000000]
br_ln88                       (br            ) [ 000000000]
write_ln88                    (write         ) [ 000000000]
br_ln88                       (br            ) [ 000000000]
write_ln88                    (write         ) [ 000000000]
br_ln88                       (br            ) [ 000000000]
write_ln88                    (write         ) [ 000000000]
br_ln88                       (br            ) [ 000000000]
write_ln88                    (write         ) [ 000000000]
br_ln88                       (br            ) [ 000000000]
write_ln88                    (write         ) [ 000000000]
br_ln88                       (br            ) [ 000000000]
write_ln88                    (write         ) [ 000000000]
br_ln88                       (br            ) [ 000000000]
write_ln88                    (write         ) [ 000000000]
br_ln88                       (br            ) [ 000000000]
write_ln88                    (write         ) [ 000000000]
br_ln88                       (br            ) [ 000000000]
write_ln88                    (write         ) [ 000000000]
br_ln88                       (br            ) [ 000000000]
write_ln88                    (write         ) [ 000000000]
br_ln88                       (br            ) [ 000000000]
write_ln88                    (write         ) [ 000000000]
br_ln88                       (br            ) [ 000000000]
write_ln88                    (write         ) [ 000000000]
br_ln88                       (br            ) [ 000000000]
write_ln88                    (write         ) [ 000000000]
br_ln88                       (br            ) [ 000000000]
write_ln88                    (write         ) [ 000000000]
br_ln88                       (br            ) [ 000000000]
write_ln88                    (write         ) [ 000000000]
br_ln88                       (br            ) [ 000000000]
write_ln88                    (write         ) [ 000000000]
br_ln88                       (br            ) [ 000000000]
muxLogicRAMData_to_store_ln90 (muxlogic      ) [ 000000000]
muxLogicRAMAddr_to_store_ln90 (muxlogic      ) [ 000000000]
store_ln90                    (store         ) [ 000000000]
muxLogicRAMData_to_store_ln90 (muxlogic      ) [ 000000000]
muxLogicRAMAddr_to_store_ln90 (muxlogic      ) [ 000000000]
store_ln90                    (store         ) [ 000000000]
muxLogicRAMData_to_store_ln90 (muxlogic      ) [ 000000000]
muxLogicRAMAddr_to_store_ln90 (muxlogic      ) [ 000000000]
store_ln90                    (store         ) [ 000000000]
muxLogicRAMData_to_store_ln90 (muxlogic      ) [ 000000000]
muxLogicRAMAddr_to_store_ln90 (muxlogic      ) [ 000000000]
store_ln90                    (store         ) [ 000000000]
muxLogicRAMData_to_store_ln90 (muxlogic      ) [ 000000000]
muxLogicRAMAddr_to_store_ln90 (muxlogic      ) [ 000000000]
store_ln90                    (store         ) [ 000000000]
muxLogicRAMData_to_store_ln90 (muxlogic      ) [ 000000000]
muxLogicRAMAddr_to_store_ln90 (muxlogic      ) [ 000000000]
store_ln90                    (store         ) [ 000000000]
muxLogicRAMData_to_store_ln90 (muxlogic      ) [ 000000000]
muxLogicRAMAddr_to_store_ln90 (muxlogic      ) [ 000000000]
store_ln90                    (store         ) [ 000000000]
muxLogicRAMData_to_store_ln90 (muxlogic      ) [ 000000000]
muxLogicRAMAddr_to_store_ln90 (muxlogic      ) [ 000000000]
store_ln90                    (store         ) [ 000000000]
add_ln85                      (add           ) [ 000000000]
store_ln85                    (store         ) [ 000000000]
muxLogicRAMData_to_store_ln90 (muxlogic      ) [ 000000000]
muxLogicRAMAddr_to_store_ln90 (muxlogic      ) [ 000000000]
store_ln90                    (store         ) [ 000000000]
muxLogicRAMData_to_store_ln90 (muxlogic      ) [ 000000000]
muxLogicRAMAddr_to_store_ln90 (muxlogic      ) [ 000000000]
store_ln90                    (store         ) [ 000000000]
muxLogicRAMData_to_store_ln90 (muxlogic      ) [ 000000000]
muxLogicRAMAddr_to_store_ln90 (muxlogic      ) [ 000000000]
store_ln90                    (store         ) [ 000000000]
muxLogicRAMData_to_store_ln90 (muxlogic      ) [ 000000000]
muxLogicRAMAddr_to_store_ln90 (muxlogic      ) [ 000000000]
store_ln90                    (store         ) [ 000000000]
muxLogicRAMData_to_store_ln90 (muxlogic      ) [ 000000000]
muxLogicRAMAddr_to_store_ln90 (muxlogic      ) [ 000000000]
store_ln90                    (store         ) [ 000000000]
muxLogicRAMData_to_store_ln90 (muxlogic      ) [ 000000000]
muxLogicRAMAddr_to_store_ln90 (muxlogic      ) [ 000000000]
store_ln90                    (store         ) [ 000000000]
muxLogicRAMData_to_store_ln90 (muxlogic      ) [ 000000000]
muxLogicRAMAddr_to_store_ln90 (muxlogic      ) [ 000000000]
store_ln90                    (store         ) [ 000000000]
muxLogicRAMData_to_store_ln90 (muxlogic      ) [ 000000000]
muxLogicRAMAddr_to_store_ln90 (muxlogic      ) [ 000000000]
store_ln90                    (store         ) [ 000000000]
muxLogicRAMData_to_store_ln90 (muxlogic      ) [ 000000000]
muxLogicRAMAddr_to_store_ln90 (muxlogic      ) [ 000000000]
store_ln90                    (store         ) [ 000000000]
muxLogicRAMData_to_store_ln90 (muxlogic      ) [ 000000000]
muxLogicRAMAddr_to_store_ln90 (muxlogic      ) [ 000000000]
store_ln90                    (store         ) [ 000000000]
muxLogicRAMData_to_store_ln90 (muxlogic      ) [ 000000000]
muxLogicRAMAddr_to_store_ln90 (muxlogic      ) [ 000000000]
store_ln90                    (store         ) [ 000000000]
muxLogicRAMData_to_store_ln90 (muxlogic      ) [ 000000000]
muxLogicRAMAddr_to_store_ln90 (muxlogic      ) [ 000000000]
store_ln90                    (store         ) [ 000000000]
muxLogicRAMData_to_store_ln90 (muxlogic      ) [ 000000000]
muxLogicRAMAddr_to_store_ln90 (muxlogic      ) [ 000000000]
store_ln90                    (store         ) [ 000000000]
muxLogicRAMData_to_store_ln90 (muxlogic      ) [ 000000000]
muxLogicRAMAddr_to_store_ln90 (muxlogic      ) [ 000000000]
store_ln90                    (store         ) [ 000000000]
muxLogicRAMData_to_store_ln90 (muxlogic      ) [ 000000000]
muxLogicRAMAddr_to_store_ln90 (muxlogic      ) [ 000000000]
store_ln90                    (store         ) [ 000000000]
muxLogicRAMData_to_store_ln90 (muxlogic      ) [ 000000000]
muxLogicRAMAddr_to_store_ln90 (muxlogic      ) [ 000000000]
store_ln90                    (store         ) [ 000000000]
muxLogicRAMData_to_store_ln90 (muxlogic      ) [ 000000000]
muxLogicRAMAddr_to_store_ln90 (muxlogic      ) [ 000000000]
store_ln90                    (store         ) [ 000000000]
muxLogicRAMData_to_store_ln90 (muxlogic      ) [ 000000000]
muxLogicRAMAddr_to_store_ln90 (muxlogic      ) [ 000000000]
store_ln90                    (store         ) [ 000000000]
muxLogicRAMData_to_store_ln90 (muxlogic      ) [ 000000000]
muxLogicRAMAddr_to_store_ln90 (muxlogic      ) [ 000000000]
store_ln90                    (store         ) [ 000000000]
muxLogicRAMData_to_store_ln90 (muxlogic      ) [ 000000000]
muxLogicRAMAddr_to_store_ln90 (muxlogic      ) [ 000000000]
store_ln90                    (store         ) [ 000000000]
muxLogicRAMData_to_store_ln90 (muxlogic      ) [ 000000000]
muxLogicRAMAddr_to_store_ln90 (muxlogic      ) [ 000000000]
store_ln90                    (store         ) [ 000000000]
muxLogicRAMData_to_store_ln90 (muxlogic      ) [ 000000000]
muxLogicRAMAddr_to_store_ln90 (muxlogic      ) [ 000000000]
store_ln90                    (store         ) [ 000000000]
muxLogicRAMData_to_store_ln90 (muxlogic      ) [ 000000000]
muxLogicRAMAddr_to_store_ln90 (muxlogic      ) [ 000000000]
store_ln90                    (store         ) [ 000000000]
muxLogicRAMData_to_store_ln90 (muxlogic      ) [ 000000000]
muxLogicRAMAddr_to_store_ln90 (muxlogic      ) [ 000000000]
store_ln90                    (store         ) [ 000000000]
muxLogicRAMData_to_store_ln90 (muxlogic      ) [ 000000000]
muxLogicRAMAddr_to_store_ln90 (muxlogic      ) [ 000000000]
store_ln90                    (store         ) [ 000000000]
muxLogicRAMData_to_store_ln90 (muxlogic      ) [ 000000000]
muxLogicRAMAddr_to_store_ln90 (muxlogic      ) [ 000000000]
store_ln90                    (store         ) [ 000000000]
muxLogicRAMData_to_store_ln90 (muxlogic      ) [ 000000000]
muxLogicRAMAddr_to_store_ln90 (muxlogic      ) [ 000000000]
store_ln90                    (store         ) [ 000000000]
muxLogicRAMData_to_store_ln90 (muxlogic      ) [ 000000000]
muxLogicRAMAddr_to_store_ln90 (muxlogic      ) [ 000000000]
store_ln90                    (store         ) [ 000000000]
muxLogicRAMData_to_store_ln90 (muxlogic      ) [ 000000000]
muxLogicRAMAddr_to_store_ln90 (muxlogic      ) [ 000000000]
store_ln90                    (store         ) [ 000000000]
muxLogicRAMData_to_store_ln90 (muxlogic      ) [ 000000000]
muxLogicRAMAddr_to_store_ln90 (muxlogic      ) [ 000000000]
store_ln90                    (store         ) [ 000000000]
muxLogicRAMData_to_store_ln90 (muxlogic      ) [ 000000000]
muxLogicRAMAddr_to_store_ln90 (muxlogic      ) [ 000000000]
store_ln90                    (store         ) [ 000000000]
muxLogicRAMData_to_store_ln90 (muxlogic      ) [ 000000000]
muxLogicRAMAddr_to_store_ln90 (muxlogic      ) [ 000000000]
store_ln90                    (store         ) [ 000000000]
muxLogicRAMData_to_store_ln90 (muxlogic      ) [ 000000000]
muxLogicRAMAddr_to_store_ln90 (muxlogic      ) [ 000000000]
store_ln90                    (store         ) [ 000000000]
muxLogicRAMData_to_store_ln90 (muxlogic      ) [ 000000000]
muxLogicRAMAddr_to_store_ln90 (muxlogic      ) [ 000000000]
store_ln90                    (store         ) [ 000000000]
muxLogicRAMData_to_store_ln90 (muxlogic      ) [ 000000000]
muxLogicRAMAddr_to_store_ln90 (muxlogic      ) [ 000000000]
store_ln90                    (store         ) [ 000000000]
muxLogicRAMData_to_store_ln90 (muxlogic      ) [ 000000000]
muxLogicRAMAddr_to_store_ln90 (muxlogic      ) [ 000000000]
store_ln90                    (store         ) [ 000000000]
muxLogicRAMData_to_store_ln90 (muxlogic      ) [ 000000000]
muxLogicRAMAddr_to_store_ln90 (muxlogic      ) [ 000000000]
store_ln90                    (store         ) [ 000000000]
muxLogicRAMData_to_store_ln90 (muxlogic      ) [ 000000000]
muxLogicRAMAddr_to_store_ln90 (muxlogic      ) [ 000000000]
store_ln90                    (store         ) [ 000000000]
muxLogicRAMData_to_store_ln90 (muxlogic      ) [ 000000000]
muxLogicRAMAddr_to_store_ln90 (muxlogic      ) [ 000000000]
store_ln90                    (store         ) [ 000000000]
muxLogicRAMData_to_store_ln90 (muxlogic      ) [ 000000000]
muxLogicRAMAddr_to_store_ln90 (muxlogic      ) [ 000000000]
store_ln90                    (store         ) [ 000000000]
muxLogicRAMData_to_store_ln90 (muxlogic      ) [ 000000000]
muxLogicRAMAddr_to_store_ln90 (muxlogic      ) [ 000000000]
store_ln90                    (store         ) [ 000000000]
muxLogicRAMData_to_store_ln90 (muxlogic      ) [ 000000000]
muxLogicRAMAddr_to_store_ln90 (muxlogic      ) [ 000000000]
store_ln90                    (store         ) [ 000000000]
muxLogicRAMData_to_store_ln90 (muxlogic      ) [ 000000000]
muxLogicRAMAddr_to_store_ln90 (muxlogic      ) [ 000000000]
store_ln90                    (store         ) [ 000000000]
muxLogicRAMData_to_store_ln90 (muxlogic      ) [ 000000000]
muxLogicRAMAddr_to_store_ln90 (muxlogic      ) [ 000000000]
store_ln90                    (store         ) [ 000000000]
muxLogicRAMData_to_store_ln90 (muxlogic      ) [ 000000000]
muxLogicRAMAddr_to_store_ln90 (muxlogic      ) [ 000000000]
store_ln90                    (store         ) [ 000000000]
muxLogicRAMData_to_store_ln90 (muxlogic      ) [ 000000000]
muxLogicRAMAddr_to_store_ln90 (muxlogic      ) [ 000000000]
store_ln90                    (store         ) [ 000000000]
muxLogicRAMData_to_store_ln90 (muxlogic      ) [ 000000000]
muxLogicRAMAddr_to_store_ln90 (muxlogic      ) [ 000000000]
store_ln90                    (store         ) [ 000000000]
muxLogicRAMData_to_store_ln90 (muxlogic      ) [ 000000000]
muxLogicRAMAddr_to_store_ln90 (muxlogic      ) [ 000000000]
store_ln90                    (store         ) [ 000000000]
muxLogicRAMData_to_store_ln90 (muxlogic      ) [ 000000000]
muxLogicRAMAddr_to_store_ln90 (muxlogic      ) [ 000000000]
store_ln90                    (store         ) [ 000000000]
muxLogicRAMData_to_store_ln90 (muxlogic      ) [ 000000000]
muxLogicRAMAddr_to_store_ln90 (muxlogic      ) [ 000000000]
store_ln90                    (store         ) [ 000000000]
muxLogicRAMData_to_store_ln90 (muxlogic      ) [ 000000000]
muxLogicRAMAddr_to_store_ln90 (muxlogic      ) [ 000000000]
store_ln90                    (store         ) [ 000000000]
muxLogicRAMData_to_store_ln90 (muxlogic      ) [ 000000000]
muxLogicRAMAddr_to_store_ln90 (muxlogic      ) [ 000000000]
store_ln90                    (store         ) [ 000000000]
muxLogicRAMData_to_store_ln90 (muxlogic      ) [ 000000000]
muxLogicRAMAddr_to_store_ln90 (muxlogic      ) [ 000000000]
store_ln90                    (store         ) [ 000000000]
muxLogicRAMData_to_store_ln90 (muxlogic      ) [ 000000000]
muxLogicRAMAddr_to_store_ln90 (muxlogic      ) [ 000000000]
store_ln90                    (store         ) [ 000000000]
muxLogicRAMData_to_store_ln90 (muxlogic      ) [ 000000000]
muxLogicRAMAddr_to_store_ln90 (muxlogic      ) [ 000000000]
store_ln90                    (store         ) [ 000000000]
muxLogicRAMData_to_store_ln90 (muxlogic      ) [ 000000000]
muxLogicRAMAddr_to_store_ln90 (muxlogic      ) [ 000000000]
store_ln90                    (store         ) [ 000000000]
br_ln85                       (br            ) [ 000000000]
ret_ln0                       (ret           ) [ 000000000]
</LifeTime>

<model>

<comp_list>
<comp id="0" class="1000" name="br_actual">
<pin_list>
<pin id="1" dir="1" index="0" bw="1" slack="0"/>
</pin_list>
<bind>
<StgValue><ssdm name="br_actual"/></StgValue>
</bind>
</comp>

<comp id="2" class="1000" name="l_tilde_0">
<pin_list>
<pin id="3" dir="1" index="0" bw="1" slack="0"/>
</pin_list>
<bind>
<StgValue><ssdm name="l_tilde_0"/></StgValue>
</bind>
</comp>

<comp id="4" class="1000" name="P_tile_0">
<pin_list>
<pin id="5" dir="1" index="0" bw="1" slack="0"/>
</pin_list>
<bind>
<StgValue><ssdm name="P_tile_0"/><MemPortTyVec>3 0 </MemPortTyVec>
</StgValue>
</bind>
</comp>

<comp id="6" class="1000" name="P_tile_1">
<pin_list>
<pin id="7" dir="1" index="0" bw="1" slack="0"/>
</pin_list>
<bind>
<StgValue><ssdm name="P_tile_1"/><MemPortTyVec>3 0 </MemPortTyVec>
</StgValue>
</bind>
</comp>

<comp id="8" class="1000" name="P_tile_2">
<pin_list>
<pin id="9" dir="1" index="0" bw="1" slack="0"/>
</pin_list>
<bind>
<StgValue><ssdm name="P_tile_2"/><MemPortTyVec>3 0 </MemPortTyVec>
</StgValue>
</bind>
</comp>

<comp id="10" class="1000" name="P_tile_3">
<pin_list>
<pin id="11" dir="1" index="0" bw="1" slack="0"/>
</pin_list>
<bind>
<StgValue><ssdm name="P_tile_3"/><MemPortTyVec>3 0 </MemPortTyVec>
</StgValue>
</bind>
</comp>

<comp id="12" class="1000" name="P_tile_4">
<pin_list>
<pin id="13" dir="1" index="0" bw="1" slack="0"/>
</pin_list>
<bind>
<StgValue><ssdm name="P_tile_4"/><MemPortTyVec>3 0 </MemPortTyVec>
</StgValue>
</bind>
</comp>

<comp id="14" class="1000" name="P_tile_5">
<pin_list>
<pin id="15" dir="1" index="0" bw="1" slack="0"/>
</pin_list>
<bind>
<StgValue><ssdm name="P_tile_5"/><MemPortTyVec>3 0 </MemPortTyVec>
</StgValue>
</bind>
</comp>

<comp id="16" class="1000" name="P_tile_6">
<pin_list>
<pin id="17" dir="1" index="0" bw="1" slack="0"/>
</pin_list>
<bind>
<StgValue><ssdm name="P_tile_6"/><MemPortTyVec>3 0 </MemPortTyVec>
</StgValue>
</bind>
</comp>

<comp id="18" class="1000" name="P_tile_7">
<pin_list>
<pin id="19" dir="1" index="0" bw="1" slack="0"/>
</pin_list>
<bind>
<StgValue><ssdm name="P_tile_7"/><MemPortTyVec>3 0 </MemPortTyVec>
</StgValue>
</bind>
</comp>

<comp id="20" class="1000" name="l_tilde_63">
<pin_list>
<pin id="21" dir="1" index="0" bw="1" slack="0"/>
</pin_list>
<bind>
<StgValue><ssdm name="l_tilde_63"/></StgValue>
</bind>
</comp>

<comp id="22" class="1000" name="l_tilde_62">
<pin_list>
<pin id="23" dir="1" index="0" bw="1" slack="0"/>
</pin_list>
<bind>
<StgValue><ssdm name="l_tilde_62"/></StgValue>
</bind>
</comp>

<comp id="24" class="1000" name="l_tilde_61">
<pin_list>
<pin id="25" dir="1" index="0" bw="1" slack="0"/>
</pin_list>
<bind>
<StgValue><ssdm name="l_tilde_61"/></StgValue>
</bind>
</comp>

<comp id="26" class="1000" name="l_tilde_60">
<pin_list>
<pin id="27" dir="1" index="0" bw="1" slack="0"/>
</pin_list>
<bind>
<StgValue><ssdm name="l_tilde_60"/></StgValue>
</bind>
</comp>

<comp id="28" class="1000" name="l_tilde_59">
<pin_list>
<pin id="29" dir="1" index="0" bw="1" slack="0"/>
</pin_list>
<bind>
<StgValue><ssdm name="l_tilde_59"/></StgValue>
</bind>
</comp>

<comp id="30" class="1000" name="l_tilde_58">
<pin_list>
<pin id="31" dir="1" index="0" bw="1" slack="0"/>
</pin_list>
<bind>
<StgValue><ssdm name="l_tilde_58"/></StgValue>
</bind>
</comp>

<comp id="32" class="1000" name="l_tilde_57">
<pin_list>
<pin id="33" dir="1" index="0" bw="1" slack="0"/>
</pin_list>
<bind>
<StgValue><ssdm name="l_tilde_57"/></StgValue>
</bind>
</comp>

<comp id="34" class="1000" name="l_tilde_56">
<pin_list>
<pin id="35" dir="1" index="0" bw="1" slack="0"/>
</pin_list>
<bind>
<StgValue><ssdm name="l_tilde_56"/></StgValue>
</bind>
</comp>

<comp id="36" class="1000" name="l_tilde_55">
<pin_list>
<pin id="37" dir="1" index="0" bw="1" slack="0"/>
</pin_list>
<bind>
<StgValue><ssdm name="l_tilde_55"/></StgValue>
</bind>
</comp>

<comp id="38" class="1000" name="l_tilde_54">
<pin_list>
<pin id="39" dir="1" index="0" bw="1" slack="0"/>
</pin_list>
<bind>
<StgValue><ssdm name="l_tilde_54"/></StgValue>
</bind>
</comp>

<comp id="40" class="1000" name="l_tilde_53">
<pin_list>
<pin id="41" dir="1" index="0" bw="1" slack="0"/>
</pin_list>
<bind>
<StgValue><ssdm name="l_tilde_53"/></StgValue>
</bind>
</comp>

<comp id="42" class="1000" name="l_tilde_52">
<pin_list>
<pin id="43" dir="1" index="0" bw="1" slack="0"/>
</pin_list>
<bind>
<StgValue><ssdm name="l_tilde_52"/></StgValue>
</bind>
</comp>

<comp id="44" class="1000" name="l_tilde_51">
<pin_list>
<pin id="45" dir="1" index="0" bw="1" slack="0"/>
</pin_list>
<bind>
<StgValue><ssdm name="l_tilde_51"/></StgValue>
</bind>
</comp>

<comp id="46" class="1000" name="l_tilde_50">
<pin_list>
<pin id="47" dir="1" index="0" bw="1" slack="0"/>
</pin_list>
<bind>
<StgValue><ssdm name="l_tilde_50"/></StgValue>
</bind>
</comp>

<comp id="48" class="1000" name="l_tilde_49">
<pin_list>
<pin id="49" dir="1" index="0" bw="1" slack="0"/>
</pin_list>
<bind>
<StgValue><ssdm name="l_tilde_49"/></StgValue>
</bind>
</comp>

<comp id="50" class="1000" name="l_tilde_48">
<pin_list>
<pin id="51" dir="1" index="0" bw="1" slack="0"/>
</pin_list>
<bind>
<StgValue><ssdm name="l_tilde_48"/></StgValue>
</bind>
</comp>

<comp id="52" class="1000" name="l_tilde_47">
<pin_list>
<pin id="53" dir="1" index="0" bw="1" slack="0"/>
</pin_list>
<bind>
<StgValue><ssdm name="l_tilde_47"/></StgValue>
</bind>
</comp>

<comp id="54" class="1000" name="l_tilde_46">
<pin_list>
<pin id="55" dir="1" index="0" bw="1" slack="0"/>
</pin_list>
<bind>
<StgValue><ssdm name="l_tilde_46"/></StgValue>
</bind>
</comp>

<comp id="56" class="1000" name="l_tilde_45">
<pin_list>
<pin id="57" dir="1" index="0" bw="1" slack="0"/>
</pin_list>
<bind>
<StgValue><ssdm name="l_tilde_45"/></StgValue>
</bind>
</comp>

<comp id="58" class="1000" name="l_tilde_44">
<pin_list>
<pin id="59" dir="1" index="0" bw="1" slack="0"/>
</pin_list>
<bind>
<StgValue><ssdm name="l_tilde_44"/></StgValue>
</bind>
</comp>

<comp id="60" class="1000" name="l_tilde_43">
<pin_list>
<pin id="61" dir="1" index="0" bw="1" slack="0"/>
</pin_list>
<bind>
<StgValue><ssdm name="l_tilde_43"/></StgValue>
</bind>
</comp>

<comp id="62" class="1000" name="l_tilde_42">
<pin_list>
<pin id="63" dir="1" index="0" bw="1" slack="0"/>
</pin_list>
<bind>
<StgValue><ssdm name="l_tilde_42"/></StgValue>
</bind>
</comp>

<comp id="64" class="1000" name="l_tilde_41">
<pin_list>
<pin id="65" dir="1" index="0" bw="1" slack="0"/>
</pin_list>
<bind>
<StgValue><ssdm name="l_tilde_41"/></StgValue>
</bind>
</comp>

<comp id="66" class="1000" name="l_tilde_40">
<pin_list>
<pin id="67" dir="1" index="0" bw="1" slack="0"/>
</pin_list>
<bind>
<StgValue><ssdm name="l_tilde_40"/></StgValue>
</bind>
</comp>

<comp id="68" class="1000" name="l_tilde_39">
<pin_list>
<pin id="69" dir="1" index="0" bw="1" slack="0"/>
</pin_list>
<bind>
<StgValue><ssdm name="l_tilde_39"/></StgValue>
</bind>
</comp>

<comp id="70" class="1000" name="l_tilde_38">
<pin_list>
<pin id="71" dir="1" index="0" bw="1" slack="0"/>
</pin_list>
<bind>
<StgValue><ssdm name="l_tilde_38"/></StgValue>
</bind>
</comp>

<comp id="72" class="1000" name="l_tilde_37">
<pin_list>
<pin id="73" dir="1" index="0" bw="1" slack="0"/>
</pin_list>
<bind>
<StgValue><ssdm name="l_tilde_37"/></StgValue>
</bind>
</comp>

<comp id="74" class="1000" name="l_tilde_36">
<pin_list>
<pin id="75" dir="1" index="0" bw="1" slack="0"/>
</pin_list>
<bind>
<StgValue><ssdm name="l_tilde_36"/></StgValue>
</bind>
</comp>

<comp id="76" class="1000" name="l_tilde_35">
<pin_list>
<pin id="77" dir="1" index="0" bw="1" slack="0"/>
</pin_list>
<bind>
<StgValue><ssdm name="l_tilde_35"/></StgValue>
</bind>
</comp>

<comp id="78" class="1000" name="l_tilde_34">
<pin_list>
<pin id="79" dir="1" index="0" bw="1" slack="0"/>
</pin_list>
<bind>
<StgValue><ssdm name="l_tilde_34"/></StgValue>
</bind>
</comp>

<comp id="80" class="1000" name="l_tilde_33">
<pin_list>
<pin id="81" dir="1" index="0" bw="1" slack="0"/>
</pin_list>
<bind>
<StgValue><ssdm name="l_tilde_33"/></StgValue>
</bind>
</comp>

<comp id="82" class="1000" name="l_tilde_32">
<pin_list>
<pin id="83" dir="1" index="0" bw="1" slack="0"/>
</pin_list>
<bind>
<StgValue><ssdm name="l_tilde_32"/></StgValue>
</bind>
</comp>

<comp id="84" class="1000" name="l_tilde_31">
<pin_list>
<pin id="85" dir="1" index="0" bw="1" slack="0"/>
</pin_list>
<bind>
<StgValue><ssdm name="l_tilde_31"/></StgValue>
</bind>
</comp>

<comp id="86" class="1000" name="l_tilde_30">
<pin_list>
<pin id="87" dir="1" index="0" bw="1" slack="0"/>
</pin_list>
<bind>
<StgValue><ssdm name="l_tilde_30"/></StgValue>
</bind>
</comp>

<comp id="88" class="1000" name="l_tilde_29">
<pin_list>
<pin id="89" dir="1" index="0" bw="1" slack="0"/>
</pin_list>
<bind>
<StgValue><ssdm name="l_tilde_29"/></StgValue>
</bind>
</comp>

<comp id="90" class="1000" name="l_tilde_28">
<pin_list>
<pin id="91" dir="1" index="0" bw="1" slack="0"/>
</pin_list>
<bind>
<StgValue><ssdm name="l_tilde_28"/></StgValue>
</bind>
</comp>

<comp id="92" class="1000" name="l_tilde_27">
<pin_list>
<pin id="93" dir="1" index="0" bw="1" slack="0"/>
</pin_list>
<bind>
<StgValue><ssdm name="l_tilde_27"/></StgValue>
</bind>
</comp>

<comp id="94" class="1000" name="l_tilde_26">
<pin_list>
<pin id="95" dir="1" index="0" bw="1" slack="0"/>
</pin_list>
<bind>
<StgValue><ssdm name="l_tilde_26"/></StgValue>
</bind>
</comp>

<comp id="96" class="1000" name="l_tilde_25">
<pin_list>
<pin id="97" dir="1" index="0" bw="1" slack="0"/>
</pin_list>
<bind>
<StgValue><ssdm name="l_tilde_25"/></StgValue>
</bind>
</comp>

<comp id="98" class="1000" name="l_tilde_24">
<pin_list>
<pin id="99" dir="1" index="0" bw="1" slack="0"/>
</pin_list>
<bind>
<StgValue><ssdm name="l_tilde_24"/></StgValue>
</bind>
</comp>

<comp id="100" class="1000" name="l_tilde_23">
<pin_list>
<pin id="101" dir="1" index="0" bw="1" slack="0"/>
</pin_list>
<bind>
<StgValue><ssdm name="l_tilde_23"/></StgValue>
</bind>
</comp>

<comp id="102" class="1000" name="l_tilde_22">
<pin_list>
<pin id="103" dir="1" index="0" bw="1" slack="0"/>
</pin_list>
<bind>
<StgValue><ssdm name="l_tilde_22"/></StgValue>
</bind>
</comp>

<comp id="104" class="1000" name="l_tilde_21">
<pin_list>
<pin id="105" dir="1" index="0" bw="1" slack="0"/>
</pin_list>
<bind>
<StgValue><ssdm name="l_tilde_21"/></StgValue>
</bind>
</comp>

<comp id="106" class="1000" name="l_tilde_20">
<pin_list>
<pin id="107" dir="1" index="0" bw="1" slack="0"/>
</pin_list>
<bind>
<StgValue><ssdm name="l_tilde_20"/></StgValue>
</bind>
</comp>

<comp id="108" class="1000" name="l_tilde_19">
<pin_list>
<pin id="109" dir="1" index="0" bw="1" slack="0"/>
</pin_list>
<bind>
<StgValue><ssdm name="l_tilde_19"/></StgValue>
</bind>
</comp>

<comp id="110" class="1000" name="l_tilde_18">
<pin_list>
<pin id="111" dir="1" index="0" bw="1" slack="0"/>
</pin_list>
<bind>
<StgValue><ssdm name="l_tilde_18"/></StgValue>
</bind>
</comp>

<comp id="112" class="1000" name="l_tilde_17">
<pin_list>
<pin id="113" dir="1" index="0" bw="1" slack="0"/>
</pin_list>
<bind>
<StgValue><ssdm name="l_tilde_17"/></StgValue>
</bind>
</comp>

<comp id="114" class="1000" name="l_tilde_16">
<pin_list>
<pin id="115" dir="1" index="0" bw="1" slack="0"/>
</pin_list>
<bind>
<StgValue><ssdm name="l_tilde_16"/></StgValue>
</bind>
</comp>

<comp id="116" class="1000" name="l_tilde_15">
<pin_list>
<pin id="117" dir="1" index="0" bw="1" slack="0"/>
</pin_list>
<bind>
<StgValue><ssdm name="l_tilde_15"/></StgValue>
</bind>
</comp>

<comp id="118" class="1000" name="l_tilde_14">
<pin_list>
<pin id="119" dir="1" index="0" bw="1" slack="0"/>
</pin_list>
<bind>
<StgValue><ssdm name="l_tilde_14"/></StgValue>
</bind>
</comp>

<comp id="120" class="1000" name="l_tilde_13">
<pin_list>
<pin id="121" dir="1" index="0" bw="1" slack="0"/>
</pin_list>
<bind>
<StgValue><ssdm name="l_tilde_13"/></StgValue>
</bind>
</comp>

<comp id="122" class="1000" name="l_tilde_12">
<pin_list>
<pin id="123" dir="1" index="0" bw="1" slack="0"/>
</pin_list>
<bind>
<StgValue><ssdm name="l_tilde_12"/></StgValue>
</bind>
</comp>

<comp id="124" class="1000" name="l_tilde_11">
<pin_list>
<pin id="125" dir="1" index="0" bw="1" slack="0"/>
</pin_list>
<bind>
<StgValue><ssdm name="l_tilde_11"/></StgValue>
</bind>
</comp>

<comp id="126" class="1000" name="l_tilde_10">
<pin_list>
<pin id="127" dir="1" index="0" bw="1" slack="0"/>
</pin_list>
<bind>
<StgValue><ssdm name="l_tilde_10"/></StgValue>
</bind>
</comp>

<comp id="128" class="1000" name="l_tilde_9">
<pin_list>
<pin id="129" dir="1" index="0" bw="1" slack="0"/>
</pin_list>
<bind>
<StgValue><ssdm name="l_tilde_9"/></StgValue>
</bind>
</comp>

<comp id="130" class="1000" name="l_tilde_8">
<pin_list>
<pin id="131" dir="1" index="0" bw="1" slack="0"/>
</pin_list>
<bind>
<StgValue><ssdm name="l_tilde_8"/></StgValue>
</bind>
</comp>

<comp id="132" class="1000" name="l_tilde_7">
<pin_list>
<pin id="133" dir="1" index="0" bw="1" slack="0"/>
</pin_list>
<bind>
<StgValue><ssdm name="l_tilde_7"/></StgValue>
</bind>
</comp>

<comp id="134" class="1000" name="l_tilde_6">
<pin_list>
<pin id="135" dir="1" index="0" bw="1" slack="0"/>
</pin_list>
<bind>
<StgValue><ssdm name="l_tilde_6"/></StgValue>
</bind>
</comp>

<comp id="136" class="1000" name="l_tilde_5">
<pin_list>
<pin id="137" dir="1" index="0" bw="1" slack="0"/>
</pin_list>
<bind>
<StgValue><ssdm name="l_tilde_5"/></StgValue>
</bind>
</comp>

<comp id="138" class="1000" name="l_tilde_4">
<pin_list>
<pin id="139" dir="1" index="0" bw="1" slack="0"/>
</pin_list>
<bind>
<StgValue><ssdm name="l_tilde_4"/></StgValue>
</bind>
</comp>

<comp id="140" class="1000" name="l_tilde_3">
<pin_list>
<pin id="141" dir="1" index="0" bw="1" slack="0"/>
</pin_list>
<bind>
<StgValue><ssdm name="l_tilde_3"/></StgValue>
</bind>
</comp>

<comp id="142" class="1000" name="l_tilde_2">
<pin_list>
<pin id="143" dir="1" index="0" bw="1" slack="0"/>
</pin_list>
<bind>
<StgValue><ssdm name="l_tilde_2"/></StgValue>
</bind>
</comp>

<comp id="144" class="1000" name="l_tilde_1">
<pin_list>
<pin id="145" dir="1" index="0" bw="1" slack="0"/>
</pin_list>
<bind>
<StgValue><ssdm name="l_tilde_1"/></StgValue>
</bind>
</comp>

<comp id="146" class="1000" name="m_tilde_63">
<pin_list>
<pin id="147" dir="1" index="0" bw="1" slack="0"/>
</pin_list>
<bind>
<StgValue><ssdm name="m_tilde_63"/></StgValue>
</bind>
</comp>

<comp id="148" class="1000" name="m_tilde_62">
<pin_list>
<pin id="149" dir="1" index="0" bw="1" slack="0"/>
</pin_list>
<bind>
<StgValue><ssdm name="m_tilde_62"/></StgValue>
</bind>
</comp>

<comp id="150" class="1000" name="m_tilde_61">
<pin_list>
<pin id="151" dir="1" index="0" bw="1" slack="0"/>
</pin_list>
<bind>
<StgValue><ssdm name="m_tilde_61"/></StgValue>
</bind>
</comp>

<comp id="152" class="1000" name="m_tilde_60">
<pin_list>
<pin id="153" dir="1" index="0" bw="1" slack="0"/>
</pin_list>
<bind>
<StgValue><ssdm name="m_tilde_60"/></StgValue>
</bind>
</comp>

<comp id="154" class="1000" name="m_tilde_59">
<pin_list>
<pin id="155" dir="1" index="0" bw="1" slack="0"/>
</pin_list>
<bind>
<StgValue><ssdm name="m_tilde_59"/></StgValue>
</bind>
</comp>

<comp id="156" class="1000" name="m_tilde_58">
<pin_list>
<pin id="157" dir="1" index="0" bw="1" slack="0"/>
</pin_list>
<bind>
<StgValue><ssdm name="m_tilde_58"/></StgValue>
</bind>
</comp>

<comp id="158" class="1000" name="m_tilde_57">
<pin_list>
<pin id="159" dir="1" index="0" bw="1" slack="0"/>
</pin_list>
<bind>
<StgValue><ssdm name="m_tilde_57"/></StgValue>
</bind>
</comp>

<comp id="160" class="1000" name="m_tilde_56">
<pin_list>
<pin id="161" dir="1" index="0" bw="1" slack="0"/>
</pin_list>
<bind>
<StgValue><ssdm name="m_tilde_56"/></StgValue>
</bind>
</comp>

<comp id="162" class="1000" name="m_tilde_55">
<pin_list>
<pin id="163" dir="1" index="0" bw="1" slack="0"/>
</pin_list>
<bind>
<StgValue><ssdm name="m_tilde_55"/></StgValue>
</bind>
</comp>

<comp id="164" class="1000" name="m_tilde_54">
<pin_list>
<pin id="165" dir="1" index="0" bw="1" slack="0"/>
</pin_list>
<bind>
<StgValue><ssdm name="m_tilde_54"/></StgValue>
</bind>
</comp>

<comp id="166" class="1000" name="m_tilde_53">
<pin_list>
<pin id="167" dir="1" index="0" bw="1" slack="0"/>
</pin_list>
<bind>
<StgValue><ssdm name="m_tilde_53"/></StgValue>
</bind>
</comp>

<comp id="168" class="1000" name="m_tilde_52">
<pin_list>
<pin id="169" dir="1" index="0" bw="1" slack="0"/>
</pin_list>
<bind>
<StgValue><ssdm name="m_tilde_52"/></StgValue>
</bind>
</comp>

<comp id="170" class="1000" name="m_tilde_51">
<pin_list>
<pin id="171" dir="1" index="0" bw="1" slack="0"/>
</pin_list>
<bind>
<StgValue><ssdm name="m_tilde_51"/></StgValue>
</bind>
</comp>

<comp id="172" class="1000" name="m_tilde_50">
<pin_list>
<pin id="173" dir="1" index="0" bw="1" slack="0"/>
</pin_list>
<bind>
<StgValue><ssdm name="m_tilde_50"/></StgValue>
</bind>
</comp>

<comp id="174" class="1000" name="m_tilde_49">
<pin_list>
<pin id="175" dir="1" index="0" bw="1" slack="0"/>
</pin_list>
<bind>
<StgValue><ssdm name="m_tilde_49"/></StgValue>
</bind>
</comp>

<comp id="176" class="1000" name="m_tilde_48">
<pin_list>
<pin id="177" dir="1" index="0" bw="1" slack="0"/>
</pin_list>
<bind>
<StgValue><ssdm name="m_tilde_48"/></StgValue>
</bind>
</comp>

<comp id="178" class="1000" name="m_tilde_47">
<pin_list>
<pin id="179" dir="1" index="0" bw="1" slack="0"/>
</pin_list>
<bind>
<StgValue><ssdm name="m_tilde_47"/></StgValue>
</bind>
</comp>

<comp id="180" class="1000" name="m_tilde_46">
<pin_list>
<pin id="181" dir="1" index="0" bw="1" slack="0"/>
</pin_list>
<bind>
<StgValue><ssdm name="m_tilde_46"/></StgValue>
</bind>
</comp>

<comp id="182" class="1000" name="m_tilde_45">
<pin_list>
<pin id="183" dir="1" index="0" bw="1" slack="0"/>
</pin_list>
<bind>
<StgValue><ssdm name="m_tilde_45"/></StgValue>
</bind>
</comp>

<comp id="184" class="1000" name="m_tilde_44">
<pin_list>
<pin id="185" dir="1" index="0" bw="1" slack="0"/>
</pin_list>
<bind>
<StgValue><ssdm name="m_tilde_44"/></StgValue>
</bind>
</comp>

<comp id="186" class="1000" name="m_tilde_43">
<pin_list>
<pin id="187" dir="1" index="0" bw="1" slack="0"/>
</pin_list>
<bind>
<StgValue><ssdm name="m_tilde_43"/></StgValue>
</bind>
</comp>

<comp id="188" class="1000" name="m_tilde_42">
<pin_list>
<pin id="189" dir="1" index="0" bw="1" slack="0"/>
</pin_list>
<bind>
<StgValue><ssdm name="m_tilde_42"/></StgValue>
</bind>
</comp>

<comp id="190" class="1000" name="m_tilde_41">
<pin_list>
<pin id="191" dir="1" index="0" bw="1" slack="0"/>
</pin_list>
<bind>
<StgValue><ssdm name="m_tilde_41"/></StgValue>
</bind>
</comp>

<comp id="192" class="1000" name="m_tilde_40">
<pin_list>
<pin id="193" dir="1" index="0" bw="1" slack="0"/>
</pin_list>
<bind>
<StgValue><ssdm name="m_tilde_40"/></StgValue>
</bind>
</comp>

<comp id="194" class="1000" name="m_tilde_39">
<pin_list>
<pin id="195" dir="1" index="0" bw="1" slack="0"/>
</pin_list>
<bind>
<StgValue><ssdm name="m_tilde_39"/></StgValue>
</bind>
</comp>

<comp id="196" class="1000" name="m_tilde_38">
<pin_list>
<pin id="197" dir="1" index="0" bw="1" slack="0"/>
</pin_list>
<bind>
<StgValue><ssdm name="m_tilde_38"/></StgValue>
</bind>
</comp>

<comp id="198" class="1000" name="m_tilde_37">
<pin_list>
<pin id="199" dir="1" index="0" bw="1" slack="0"/>
</pin_list>
<bind>
<StgValue><ssdm name="m_tilde_37"/></StgValue>
</bind>
</comp>

<comp id="200" class="1000" name="m_tilde_36">
<pin_list>
<pin id="201" dir="1" index="0" bw="1" slack="0"/>
</pin_list>
<bind>
<StgValue><ssdm name="m_tilde_36"/></StgValue>
</bind>
</comp>

<comp id="202" class="1000" name="m_tilde_35">
<pin_list>
<pin id="203" dir="1" index="0" bw="1" slack="0"/>
</pin_list>
<bind>
<StgValue><ssdm name="m_tilde_35"/></StgValue>
</bind>
</comp>

<comp id="204" class="1000" name="m_tilde_34">
<pin_list>
<pin id="205" dir="1" index="0" bw="1" slack="0"/>
</pin_list>
<bind>
<StgValue><ssdm name="m_tilde_34"/></StgValue>
</bind>
</comp>

<comp id="206" class="1000" name="m_tilde_33">
<pin_list>
<pin id="207" dir="1" index="0" bw="1" slack="0"/>
</pin_list>
<bind>
<StgValue><ssdm name="m_tilde_33"/></StgValue>
</bind>
</comp>

<comp id="208" class="1000" name="m_tilde_32">
<pin_list>
<pin id="209" dir="1" index="0" bw="1" slack="0"/>
</pin_list>
<bind>
<StgValue><ssdm name="m_tilde_32"/></StgValue>
</bind>
</comp>

<comp id="210" class="1000" name="m_tilde_31">
<pin_list>
<pin id="211" dir="1" index="0" bw="1" slack="0"/>
</pin_list>
<bind>
<StgValue><ssdm name="m_tilde_31"/></StgValue>
</bind>
</comp>

<comp id="212" class="1000" name="m_tilde_30">
<pin_list>
<pin id="213" dir="1" index="0" bw="1" slack="0"/>
</pin_list>
<bind>
<StgValue><ssdm name="m_tilde_30"/></StgValue>
</bind>
</comp>

<comp id="214" class="1000" name="m_tilde_29">
<pin_list>
<pin id="215" dir="1" index="0" bw="1" slack="0"/>
</pin_list>
<bind>
<StgValue><ssdm name="m_tilde_29"/></StgValue>
</bind>
</comp>

<comp id="216" class="1000" name="m_tilde_28">
<pin_list>
<pin id="217" dir="1" index="0" bw="1" slack="0"/>
</pin_list>
<bind>
<StgValue><ssdm name="m_tilde_28"/></StgValue>
</bind>
</comp>

<comp id="218" class="1000" name="m_tilde_27">
<pin_list>
<pin id="219" dir="1" index="0" bw="1" slack="0"/>
</pin_list>
<bind>
<StgValue><ssdm name="m_tilde_27"/></StgValue>
</bind>
</comp>

<comp id="220" class="1000" name="m_tilde_26">
<pin_list>
<pin id="221" dir="1" index="0" bw="1" slack="0"/>
</pin_list>
<bind>
<StgValue><ssdm name="m_tilde_26"/></StgValue>
</bind>
</comp>

<comp id="222" class="1000" name="m_tilde_25">
<pin_list>
<pin id="223" dir="1" index="0" bw="1" slack="0"/>
</pin_list>
<bind>
<StgValue><ssdm name="m_tilde_25"/></StgValue>
</bind>
</comp>

<comp id="224" class="1000" name="m_tilde_24">
<pin_list>
<pin id="225" dir="1" index="0" bw="1" slack="0"/>
</pin_list>
<bind>
<StgValue><ssdm name="m_tilde_24"/></StgValue>
</bind>
</comp>

<comp id="226" class="1000" name="m_tilde_23">
<pin_list>
<pin id="227" dir="1" index="0" bw="1" slack="0"/>
</pin_list>
<bind>
<StgValue><ssdm name="m_tilde_23"/></StgValue>
</bind>
</comp>

<comp id="228" class="1000" name="m_tilde_22">
<pin_list>
<pin id="229" dir="1" index="0" bw="1" slack="0"/>
</pin_list>
<bind>
<StgValue><ssdm name="m_tilde_22"/></StgValue>
</bind>
</comp>

<comp id="230" class="1000" name="m_tilde_21">
<pin_list>
<pin id="231" dir="1" index="0" bw="1" slack="0"/>
</pin_list>
<bind>
<StgValue><ssdm name="m_tilde_21"/></StgValue>
</bind>
</comp>

<comp id="232" class="1000" name="m_tilde_20">
<pin_list>
<pin id="233" dir="1" index="0" bw="1" slack="0"/>
</pin_list>
<bind>
<StgValue><ssdm name="m_tilde_20"/></StgValue>
</bind>
</comp>

<comp id="234" class="1000" name="m_tilde_19">
<pin_list>
<pin id="235" dir="1" index="0" bw="1" slack="0"/>
</pin_list>
<bind>
<StgValue><ssdm name="m_tilde_19"/></StgValue>
</bind>
</comp>

<comp id="236" class="1000" name="m_tilde_18">
<pin_list>
<pin id="237" dir="1" index="0" bw="1" slack="0"/>
</pin_list>
<bind>
<StgValue><ssdm name="m_tilde_18"/></StgValue>
</bind>
</comp>

<comp id="238" class="1000" name="m_tilde_17">
<pin_list>
<pin id="239" dir="1" index="0" bw="1" slack="0"/>
</pin_list>
<bind>
<StgValue><ssdm name="m_tilde_17"/></StgValue>
</bind>
</comp>

<comp id="240" class="1000" name="m_tilde_16">
<pin_list>
<pin id="241" dir="1" index="0" bw="1" slack="0"/>
</pin_list>
<bind>
<StgValue><ssdm name="m_tilde_16"/></StgValue>
</bind>
</comp>

<comp id="242" class="1000" name="m_tilde_15">
<pin_list>
<pin id="243" dir="1" index="0" bw="1" slack="0"/>
</pin_list>
<bind>
<StgValue><ssdm name="m_tilde_15"/></StgValue>
</bind>
</comp>

<comp id="244" class="1000" name="m_tilde_14">
<pin_list>
<pin id="245" dir="1" index="0" bw="1" slack="0"/>
</pin_list>
<bind>
<StgValue><ssdm name="m_tilde_14"/></StgValue>
</bind>
</comp>

<comp id="246" class="1000" name="m_tilde_13">
<pin_list>
<pin id="247" dir="1" index="0" bw="1" slack="0"/>
</pin_list>
<bind>
<StgValue><ssdm name="m_tilde_13"/></StgValue>
</bind>
</comp>

<comp id="248" class="1000" name="m_tilde_12">
<pin_list>
<pin id="249" dir="1" index="0" bw="1" slack="0"/>
</pin_list>
<bind>
<StgValue><ssdm name="m_tilde_12"/></StgValue>
</bind>
</comp>

<comp id="250" class="1000" name="m_tilde_11">
<pin_list>
<pin id="251" dir="1" index="0" bw="1" slack="0"/>
</pin_list>
<bind>
<StgValue><ssdm name="m_tilde_11"/></StgValue>
</bind>
</comp>

<comp id="252" class="1000" name="m_tilde_10">
<pin_list>
<pin id="253" dir="1" index="0" bw="1" slack="0"/>
</pin_list>
<bind>
<StgValue><ssdm name="m_tilde_10"/></StgValue>
</bind>
</comp>

<comp id="254" class="1000" name="m_tilde_9">
<pin_list>
<pin id="255" dir="1" index="0" bw="1" slack="0"/>
</pin_list>
<bind>
<StgValue><ssdm name="m_tilde_9"/></StgValue>
</bind>
</comp>

<comp id="256" class="1000" name="m_tilde_8">
<pin_list>
<pin id="257" dir="1" index="0" bw="1" slack="0"/>
</pin_list>
<bind>
<StgValue><ssdm name="m_tilde_8"/></StgValue>
</bind>
</comp>

<comp id="258" class="1000" name="m_tilde_7">
<pin_list>
<pin id="259" dir="1" index="0" bw="1" slack="0"/>
</pin_list>
<bind>
<StgValue><ssdm name="m_tilde_7"/></StgValue>
</bind>
</comp>

<comp id="260" class="1000" name="m_tilde_6">
<pin_list>
<pin id="261" dir="1" index="0" bw="1" slack="0"/>
</pin_list>
<bind>
<StgValue><ssdm name="m_tilde_6"/></StgValue>
</bind>
</comp>

<comp id="262" class="1000" name="m_tilde_5">
<pin_list>
<pin id="263" dir="1" index="0" bw="1" slack="0"/>
</pin_list>
<bind>
<StgValue><ssdm name="m_tilde_5"/></StgValue>
</bind>
</comp>

<comp id="264" class="1000" name="m_tilde_4">
<pin_list>
<pin id="265" dir="1" index="0" bw="1" slack="0"/>
</pin_list>
<bind>
<StgValue><ssdm name="m_tilde_4"/></StgValue>
</bind>
</comp>

<comp id="266" class="1000" name="m_tilde_3">
<pin_list>
<pin id="267" dir="1" index="0" bw="1" slack="0"/>
</pin_list>
<bind>
<StgValue><ssdm name="m_tilde_3"/></StgValue>
</bind>
</comp>

<comp id="268" class="1000" name="m_tilde_2">
<pin_list>
<pin id="269" dir="1" index="0" bw="1" slack="0"/>
</pin_list>
<bind>
<StgValue><ssdm name="m_tilde_2"/></StgValue>
</bind>
</comp>

<comp id="270" class="1000" name="m_tilde_1">
<pin_list>
<pin id="271" dir="1" index="0" bw="1" slack="0"/>
</pin_list>
<bind>
<StgValue><ssdm name="m_tilde_1"/></StgValue>
</bind>
</comp>

<comp id="272" class="1000" name="m_tilde_0">
<pin_list>
<pin id="273" dir="1" index="0" bw="1" slack="0"/>
</pin_list>
<bind>
<StgValue><ssdm name="m_tilde_0"/></StgValue>
</bind>
</comp>

<comp id="274" class="1001" name="const_274">
<pin_list>
<pin id="275" dir="1" index="0" bw="1" slack="0"/>
</pin_list>
<bind>
<StgValue><ssdm name=""/></StgValue>
</bind>
</comp>

<comp id="276" class="1001" name="const_276">
<pin_list>
<pin id="277" dir="1" index="0" bw="1" slack="2147483647"/>
</pin_list>
<bind>
<StgValue><ssdm name="_ssdm_op_SpecMemCore"/></StgValue>
</bind>
</comp>

<comp id="278" class="1001" name="const_278">
<pin_list>
<pin id="279" dir="1" index="0" bw="1" slack="2147483647"/>
</pin_list>
<bind>
<StgValue><ssdm name=""/></StgValue>
</bind>
</comp>

<comp id="280" class="1001" name="const_280">
<pin_list>
<pin id="281" dir="1" index="0" bw="1" slack="2147483647"/>
</pin_list>
<bind>
<StgValue><ssdm name=""/></StgValue>
</bind>
</comp>

<comp id="282" class="1001" name="const_282">
<pin_list>
<pin id="283" dir="1" index="0" bw="1" slack="2147483647"/>
</pin_list>
<bind>
<StgValue><ssdm name=""/></StgValue>
</bind>
</comp>

<comp id="284" class="1001" name="const_284">
<pin_list>
<pin id="285" dir="1" index="0" bw="1" slack="0"/>
</pin_list>
<bind>
<StgValue><ssdm name="_ssdm_op_Read.ap_auto.i32"/></StgValue>
</bind>
</comp>

<comp id="286" class="1001" name="const_286">
<pin_list>
<pin id="287" dir="1" index="0" bw="1" slack="0"/>
</pin_list>
<bind>
<StgValue><ssdm name="_ssdm_op_PartSelect.i26.i32.i32.i32"/></StgValue>
</bind>
</comp>

<comp id="288" class="1001" name="const_288">
<pin_list>
<pin id="289" dir="1" index="0" bw="1" slack="0"/>
</pin_list>
<bind>
<StgValue><ssdm name=""/></StgValue>
</bind>
</comp>

<comp id="290" class="1001" name="const_290">
<pin_list>
<pin id="291" dir="1" index="0" bw="1" slack="0"/>
</pin_list>
<bind>
<StgValue><ssdm name=""/></StgValue>
</bind>
</comp>

<comp id="292" class="1001" name="const_292">
<pin_list>
<pin id="293" dir="1" index="0" bw="1" slack="0"/>
</pin_list>
<bind>
<StgValue><ssdm name=""/></StgValue>
</bind>
</comp>

<comp id="294" class="1001" name="const_294">
<pin_list>
<pin id="295" dir="1" index="0" bw="1" slack="0"/>
</pin_list>
<bind>
<StgValue><ssdm name="_ssdm_op_BitConcatenate.i9.i6.i3"/></StgValue>
</bind>
</comp>

<comp id="296" class="1001" name="const_296">
<pin_list>
<pin id="297" dir="1" index="0" bw="1" slack="0"/>
</pin_list>
<bind>
<StgValue><ssdm name=""/></StgValue>
</bind>
</comp>

<comp id="298" class="1001" name="const_298">
<pin_list>
<pin id="299" dir="1" index="0" bw="1" slack="0"/>
</pin_list>
<bind>
<StgValue><ssdm name=""/></StgValue>
</bind>
</comp>

<comp id="300" class="1001" name="const_300">
<pin_list>
<pin id="301" dir="1" index="0" bw="1" slack="0"/>
</pin_list>
<bind>
<StgValue><ssdm name=""/></StgValue>
</bind>
</comp>

<comp id="302" class="1001" name="const_302">
<pin_list>
<pin id="303" dir="1" index="0" bw="1" slack="0"/>
</pin_list>
<bind>
<StgValue><ssdm name=""/></StgValue>
</bind>
</comp>

<comp id="304" class="1001" name="const_304">
<pin_list>
<pin id="305" dir="1" index="0" bw="1" slack="0"/>
</pin_list>
<bind>
<StgValue><ssdm name=""/></StgValue>
</bind>
</comp>

<comp id="306" class="1001" name="const_306">
<pin_list>
<pin id="307" dir="1" index="0" bw="1" slack="0"/>
</pin_list>
<bind>
<StgValue><ssdm name=""/></StgValue>
</bind>
</comp>

<comp id="308" class="1001" name="const_308">
<pin_list>
<pin id="309" dir="1" index="0" bw="1" slack="0"/>
</pin_list>
<bind>
<StgValue><ssdm name=""/></StgValue>
</bind>
</comp>

<comp id="310" class="1001" name="const_310">
<pin_list>
<pin id="311" dir="1" index="0" bw="1" slack="0"/>
</pin_list>
<bind>
<StgValue><ssdm name=""/></StgValue>
</bind>
</comp>

<comp id="312" class="1001" name="const_312">
<pin_list>
<pin id="313" dir="1" index="0" bw="1" slack="0"/>
</pin_list>
<bind>
<StgValue><ssdm name=""/></StgValue>
</bind>
</comp>

<comp id="314" class="1001" name="const_314">
<pin_list>
<pin id="315" dir="1" index="0" bw="1" slack="2147483647"/>
</pin_list>
<bind>
<StgValue><ssdm name="_ssdm_op_SpecPipeline"/></StgValue>
</bind>
</comp>

<comp id="316" class="1001" name="const_316">
<pin_list>
<pin id="317" dir="1" index="0" bw="1" slack="0"/>
</pin_list>
<bind>
<StgValue><ssdm name=""/></StgValue>
</bind>
</comp>

<comp id="318" class="1001" name="const_318">
<pin_list>
<pin id="319" dir="1" index="0" bw="1" slack="2147483647"/>
</pin_list>
<bind>
<StgValue><ssdm name="empty_27"/></StgValue>
</bind>
</comp>

<comp id="320" class="1001" name="const_320">
<pin_list>
<pin id="321" dir="1" index="0" bw="1" slack="2147483647"/>
</pin_list>
<bind>
<StgValue><ssdm name="_ssdm_op_SpecLoopName"/></StgValue>
</bind>
</comp>

<comp id="322" class="1001" name="const_322">
<pin_list>
<pin id="323" dir="1" index="0" bw="1" slack="2147483647"/>
</pin_list>
<bind>
<StgValue><ssdm name="empty_32"/></StgValue>
</bind>
</comp>

<comp id="324" class="1001" name="const_324">
<pin_list>
<pin id="325" dir="1" index="0" bw="1" slack="0"/>
</pin_list>
<bind>
<StgValue><ssdm name=""/></StgValue>
</bind>
</comp>

<comp id="326" class="1001" name="const_326">
<pin_list>
<pin id="327" dir="1" index="0" bw="1" slack="0"/>
</pin_list>
<bind>
<StgValue><ssdm name=""/></StgValue>
</bind>
</comp>

<comp id="328" class="1001" name="const_328">
<pin_list>
<pin id="329" dir="1" index="0" bw="1" slack="0"/>
</pin_list>
<bind>
<StgValue><ssdm name=""/></StgValue>
</bind>
</comp>

<comp id="330" class="1001" name="const_330">
<pin_list>
<pin id="331" dir="1" index="0" bw="1" slack="0"/>
</pin_list>
<bind>
<StgValue><ssdm name=""/></StgValue>
</bind>
</comp>

<comp id="332" class="1001" name="const_332">
<pin_list>
<pin id="333" dir="1" index="0" bw="1" slack="0"/>
</pin_list>
<bind>
<StgValue><ssdm name=""/></StgValue>
</bind>
</comp>

<comp id="334" class="1001" name="const_334">
<pin_list>
<pin id="335" dir="1" index="0" bw="1" slack="0"/>
</pin_list>
<bind>
<StgValue><ssdm name=""/></StgValue>
</bind>
</comp>

<comp id="336" class="1001" name="const_336">
<pin_list>
<pin id="337" dir="1" index="0" bw="1" slack="0"/>
</pin_list>
<bind>
<StgValue><ssdm name=""/></StgValue>
</bind>
</comp>

<comp id="338" class="1001" name="const_338">
<pin_list>
<pin id="339" dir="1" index="0" bw="1" slack="0"/>
</pin_list>
<bind>
<StgValue><ssdm name=""/></StgValue>
</bind>
</comp>

<comp id="340" class="1001" name="const_340">
<pin_list>
<pin id="341" dir="1" index="0" bw="1" slack="0"/>
</pin_list>
<bind>
<StgValue><ssdm name=""/></StgValue>
</bind>
</comp>

<comp id="342" class="1001" name="const_342">
<pin_list>
<pin id="343" dir="1" index="0" bw="1" slack="0"/>
</pin_list>
<bind>
<StgValue><ssdm name=""/></StgValue>
</bind>
</comp>

<comp id="344" class="1001" name="const_344">
<pin_list>
<pin id="345" dir="1" index="0" bw="1" slack="0"/>
</pin_list>
<bind>
<StgValue><ssdm name=""/></StgValue>
</bind>
</comp>

<comp id="346" class="1001" name="const_346">
<pin_list>
<pin id="347" dir="1" index="0" bw="1" slack="0"/>
</pin_list>
<bind>
<StgValue><ssdm name=""/></StgValue>
</bind>
</comp>

<comp id="348" class="1001" name="const_348">
<pin_list>
<pin id="349" dir="1" index="0" bw="1" slack="0"/>
</pin_list>
<bind>
<StgValue><ssdm name=""/></StgValue>
</bind>
</comp>

<comp id="350" class="1001" name="const_350">
<pin_list>
<pin id="351" dir="1" index="0" bw="1" slack="0"/>
</pin_list>
<bind>
<StgValue><ssdm name=""/></StgValue>
</bind>
</comp>

<comp id="352" class="1001" name="const_352">
<pin_list>
<pin id="353" dir="1" index="0" bw="1" slack="0"/>
</pin_list>
<bind>
<StgValue><ssdm name=""/></StgValue>
</bind>
</comp>

<comp id="354" class="1001" name="const_354">
<pin_list>
<pin id="355" dir="1" index="0" bw="1" slack="0"/>
</pin_list>
<bind>
<StgValue><ssdm name=""/></StgValue>
</bind>
</comp>

<comp id="356" class="1001" name="const_356">
<pin_list>
<pin id="357" dir="1" index="0" bw="1" slack="0"/>
</pin_list>
<bind>
<StgValue><ssdm name=""/></StgValue>
</bind>
</comp>

<comp id="358" class="1001" name="const_358">
<pin_list>
<pin id="359" dir="1" index="0" bw="1" slack="0"/>
</pin_list>
<bind>
<StgValue><ssdm name=""/></StgValue>
</bind>
</comp>

<comp id="360" class="1001" name="const_360">
<pin_list>
<pin id="361" dir="1" index="0" bw="1" slack="0"/>
</pin_list>
<bind>
<StgValue><ssdm name=""/></StgValue>
</bind>
</comp>

<comp id="362" class="1001" name="const_362">
<pin_list>
<pin id="363" dir="1" index="0" bw="1" slack="0"/>
</pin_list>
<bind>
<StgValue><ssdm name=""/></StgValue>
</bind>
</comp>

<comp id="364" class="1001" name="const_364">
<pin_list>
<pin id="365" dir="1" index="0" bw="1" slack="0"/>
</pin_list>
<bind>
<StgValue><ssdm name=""/></StgValue>
</bind>
</comp>

<comp id="366" class="1001" name="const_366">
<pin_list>
<pin id="367" dir="1" index="0" bw="1" slack="0"/>
</pin_list>
<bind>
<StgValue><ssdm name=""/></StgValue>
</bind>
</comp>

<comp id="368" class="1001" name="const_368">
<pin_list>
<pin id="369" dir="1" index="0" bw="1" slack="0"/>
</pin_list>
<bind>
<StgValue><ssdm name=""/></StgValue>
</bind>
</comp>

<comp id="370" class="1001" name="const_370">
<pin_list>
<pin id="371" dir="1" index="0" bw="1" slack="0"/>
</pin_list>
<bind>
<StgValue><ssdm name=""/></StgValue>
</bind>
</comp>

<comp id="372" class="1001" name="const_372">
<pin_list>
<pin id="373" dir="1" index="0" bw="1" slack="0"/>
</pin_list>
<bind>
<StgValue><ssdm name=""/></StgValue>
</bind>
</comp>

<comp id="374" class="1001" name="const_374">
<pin_list>
<pin id="375" dir="1" index="0" bw="1" slack="0"/>
</pin_list>
<bind>
<StgValue><ssdm name=""/></StgValue>
</bind>
</comp>

<comp id="376" class="1001" name="const_376">
<pin_list>
<pin id="377" dir="1" index="0" bw="1" slack="0"/>
</pin_list>
<bind>
<StgValue><ssdm name=""/></StgValue>
</bind>
</comp>

<comp id="378" class="1001" name="const_378">
<pin_list>
<pin id="379" dir="1" index="0" bw="1" slack="0"/>
</pin_list>
<bind>
<StgValue><ssdm name=""/></StgValue>
</bind>
</comp>

<comp id="380" class="1001" name="const_380">
<pin_list>
<pin id="381" dir="1" index="0" bw="1" slack="0"/>
</pin_list>
<bind>
<StgValue><ssdm name=""/></StgValue>
</bind>
</comp>

<comp id="382" class="1001" name="const_382">
<pin_list>
<pin id="383" dir="1" index="0" bw="1" slack="0"/>
</pin_list>
<bind>
<StgValue><ssdm name=""/></StgValue>
</bind>
</comp>

<comp id="384" class="1001" name="const_384">
<pin_list>
<pin id="385" dir="1" index="0" bw="1" slack="0"/>
</pin_list>
<bind>
<StgValue><ssdm name=""/></StgValue>
</bind>
</comp>

<comp id="386" class="1001" name="const_386">
<pin_list>
<pin id="387" dir="1" index="0" bw="1" slack="0"/>
</pin_list>
<bind>
<StgValue><ssdm name=""/></StgValue>
</bind>
</comp>

<comp id="388" class="1001" name="const_388">
<pin_list>
<pin id="389" dir="1" index="0" bw="1" slack="0"/>
</pin_list>
<bind>
<StgValue><ssdm name=""/></StgValue>
</bind>
</comp>

<comp id="390" class="1001" name="const_390">
<pin_list>
<pin id="391" dir="1" index="0" bw="1" slack="0"/>
</pin_list>
<bind>
<StgValue><ssdm name=""/></StgValue>
</bind>
</comp>

<comp id="392" class="1001" name="const_392">
<pin_list>
<pin id="393" dir="1" index="0" bw="1" slack="0"/>
</pin_list>
<bind>
<StgValue><ssdm name=""/></StgValue>
</bind>
</comp>

<comp id="394" class="1001" name="const_394">
<pin_list>
<pin id="395" dir="1" index="0" bw="1" slack="0"/>
</pin_list>
<bind>
<StgValue><ssdm name=""/></StgValue>
</bind>
</comp>

<comp id="396" class="1001" name="const_396">
<pin_list>
<pin id="397" dir="1" index="0" bw="1" slack="0"/>
</pin_list>
<bind>
<StgValue><ssdm name=""/></StgValue>
</bind>
</comp>

<comp id="398" class="1001" name="const_398">
<pin_list>
<pin id="399" dir="1" index="0" bw="1" slack="0"/>
</pin_list>
<bind>
<StgValue><ssdm name=""/></StgValue>
</bind>
</comp>

<comp id="400" class="1001" name="const_400">
<pin_list>
<pin id="401" dir="1" index="0" bw="1" slack="0"/>
</pin_list>
<bind>
<StgValue><ssdm name=""/></StgValue>
</bind>
</comp>

<comp id="402" class="1001" name="const_402">
<pin_list>
<pin id="403" dir="1" index="0" bw="1" slack="0"/>
</pin_list>
<bind>
<StgValue><ssdm name=""/></StgValue>
</bind>
</comp>

<comp id="404" class="1001" name="const_404">
<pin_list>
<pin id="405" dir="1" index="0" bw="1" slack="0"/>
</pin_list>
<bind>
<StgValue><ssdm name=""/></StgValue>
</bind>
</comp>

<comp id="406" class="1001" name="const_406">
<pin_list>
<pin id="407" dir="1" index="0" bw="1" slack="0"/>
</pin_list>
<bind>
<StgValue><ssdm name=""/></StgValue>
</bind>
</comp>

<comp id="408" class="1001" name="const_408">
<pin_list>
<pin id="409" dir="1" index="0" bw="1" slack="0"/>
</pin_list>
<bind>
<StgValue><ssdm name=""/></StgValue>
</bind>
</comp>

<comp id="410" class="1001" name="const_410">
<pin_list>
<pin id="411" dir="1" index="0" bw="1" slack="0"/>
</pin_list>
<bind>
<StgValue><ssdm name=""/></StgValue>
</bind>
</comp>

<comp id="412" class="1001" name="const_412">
<pin_list>
<pin id="413" dir="1" index="0" bw="1" slack="0"/>
</pin_list>
<bind>
<StgValue><ssdm name=""/></StgValue>
</bind>
</comp>

<comp id="414" class="1001" name="const_414">
<pin_list>
<pin id="415" dir="1" index="0" bw="1" slack="0"/>
</pin_list>
<bind>
<StgValue><ssdm name=""/></StgValue>
</bind>
</comp>

<comp id="416" class="1001" name="const_416">
<pin_list>
<pin id="417" dir="1" index="0" bw="1" slack="0"/>
</pin_list>
<bind>
<StgValue><ssdm name=""/></StgValue>
</bind>
</comp>

<comp id="418" class="1001" name="const_418">
<pin_list>
<pin id="419" dir="1" index="0" bw="1" slack="0"/>
</pin_list>
<bind>
<StgValue><ssdm name=""/></StgValue>
</bind>
</comp>

<comp id="420" class="1001" name="const_420">
<pin_list>
<pin id="421" dir="1" index="0" bw="1" slack="0"/>
</pin_list>
<bind>
<StgValue><ssdm name=""/></StgValue>
</bind>
</comp>

<comp id="422" class="1001" name="const_422">
<pin_list>
<pin id="423" dir="1" index="0" bw="1" slack="0"/>
</pin_list>
<bind>
<StgValue><ssdm name=""/></StgValue>
</bind>
</comp>

<comp id="424" class="1001" name="const_424">
<pin_list>
<pin id="425" dir="1" index="0" bw="1" slack="0"/>
</pin_list>
<bind>
<StgValue><ssdm name=""/></StgValue>
</bind>
</comp>

<comp id="426" class="1001" name="const_426">
<pin_list>
<pin id="427" dir="1" index="0" bw="1" slack="0"/>
</pin_list>
<bind>
<StgValue><ssdm name=""/></StgValue>
</bind>
</comp>

<comp id="428" class="1001" name="const_428">
<pin_list>
<pin id="429" dir="1" index="0" bw="1" slack="0"/>
</pin_list>
<bind>
<StgValue><ssdm name=""/></StgValue>
</bind>
</comp>

<comp id="430" class="1001" name="const_430">
<pin_list>
<pin id="431" dir="1" index="0" bw="1" slack="0"/>
</pin_list>
<bind>
<StgValue><ssdm name=""/></StgValue>
</bind>
</comp>

<comp id="432" class="1001" name="const_432">
<pin_list>
<pin id="433" dir="1" index="0" bw="1" slack="0"/>
</pin_list>
<bind>
<StgValue><ssdm name=""/></StgValue>
</bind>
</comp>

<comp id="434" class="1001" name="const_434">
<pin_list>
<pin id="435" dir="1" index="0" bw="1" slack="0"/>
</pin_list>
<bind>
<StgValue><ssdm name=""/></StgValue>
</bind>
</comp>

<comp id="436" class="1001" name="const_436">
<pin_list>
<pin id="437" dir="1" index="0" bw="1" slack="0"/>
</pin_list>
<bind>
<StgValue><ssdm name=""/></StgValue>
</bind>
</comp>

<comp id="438" class="1001" name="const_438">
<pin_list>
<pin id="439" dir="1" index="0" bw="1" slack="0"/>
</pin_list>
<bind>
<StgValue><ssdm name=""/></StgValue>
</bind>
</comp>

<comp id="440" class="1001" name="const_440">
<pin_list>
<pin id="441" dir="1" index="0" bw="1" slack="0"/>
</pin_list>
<bind>
<StgValue><ssdm name=""/></StgValue>
</bind>
</comp>

<comp id="442" class="1001" name="const_442">
<pin_list>
<pin id="443" dir="1" index="0" bw="1" slack="0"/>
</pin_list>
<bind>
<StgValue><ssdm name=""/></StgValue>
</bind>
</comp>

<comp id="444" class="1001" name="const_444">
<pin_list>
<pin id="445" dir="1" index="0" bw="1" slack="0"/>
</pin_list>
<bind>
<StgValue><ssdm name="_ssdm_op_Write.ap_auto.floatP0A"/></StgValue>
</bind>
</comp>

<comp id="446" class="1001" name="const_446">
<pin_list>
<pin id="447" dir="1" index="0" bw="1" slack="0"/>
</pin_list>
<bind>
<StgValue><ssdm name=""/></StgValue>
</bind>
</comp>

<comp id="448" class="1001" name="const_448">
<pin_list>
<pin id="449" dir="1" index="0" bw="1" slack="0"/>
</pin_list>
<bind>
<StgValue><ssdm name=""/></StgValue>
</bind>
</comp>

<comp id="450" class="1001" name="const_450">
<pin_list>
<pin id="451" dir="1" index="0" bw="1" slack="0"/>
</pin_list>
<bind>
<StgValue><ssdm name=""/></StgValue>
</bind>
</comp>

<comp id="452" class="1001" name="const_452">
<pin_list>
<pin id="453" dir="1" index="0" bw="1" slack="0"/>
</pin_list>
<bind>
<StgValue><ssdm name=""/></StgValue>
</bind>
</comp>

<comp id="454" class="1001" name="const_454">
<pin_list>
<pin id="455" dir="1" index="0" bw="1" slack="0"/>
</pin_list>
<bind>
<StgValue><ssdm name=""/></StgValue>
</bind>
</comp>

<comp id="456" class="1001" name="const_456">
<pin_list>
<pin id="457" dir="1" index="0" bw="1" slack="0"/>
</pin_list>
<bind>
<StgValue><ssdm name=""/></StgValue>
</bind>
</comp>

<comp id="458" class="1001" name="const_458">
<pin_list>
<pin id="459" dir="1" index="0" bw="1" slack="0"/>
</pin_list>
<bind>
<StgValue><ssdm name=""/></StgValue>
</bind>
</comp>

<comp id="460" class="1001" name="const_460">
<pin_list>
<pin id="461" dir="1" index="0" bw="1" slack="0"/>
</pin_list>
<bind>
<StgValue><ssdm name=""/></StgValue>
</bind>
</comp>

<comp id="462" class="1001" name="const_462">
<pin_list>
<pin id="463" dir="1" index="0" bw="1" slack="0"/>
</pin_list>
<bind>
<StgValue><ssdm name=""/></StgValue>
</bind>
</comp>

<comp id="464" class="1001" name="const_464">
<pin_list>
<pin id="465" dir="1" index="0" bw="1" slack="0"/>
</pin_list>
<bind>
<StgValue><ssdm name=""/></StgValue>
</bind>
</comp>

<comp id="466" class="1001" name="const_466">
<pin_list>
<pin id="467" dir="1" index="0" bw="1" slack="0"/>
</pin_list>
<bind>
<StgValue><ssdm name=""/></StgValue>
</bind>
</comp>

<comp id="468" class="1001" name="const_468">
<pin_list>
<pin id="469" dir="1" index="0" bw="1" slack="0"/>
</pin_list>
<bind>
<StgValue><ssdm name=""/></StgValue>
</bind>
</comp>

<comp id="470" class="1001" name="const_470">
<pin_list>
<pin id="471" dir="1" index="0" bw="1" slack="0"/>
</pin_list>
<bind>
<StgValue><ssdm name=""/></StgValue>
</bind>
</comp>

<comp id="472" class="1001" name="const_472">
<pin_list>
<pin id="473" dir="1" index="0" bw="1" slack="0"/>
</pin_list>
<bind>
<StgValue><ssdm name=""/></StgValue>
</bind>
</comp>

<comp id="474" class="1001" name="const_474">
<pin_list>
<pin id="475" dir="1" index="0" bw="1" slack="0"/>
</pin_list>
<bind>
<StgValue><ssdm name=""/></StgValue>
</bind>
</comp>

<comp id="476" class="1001" name="const_476">
<pin_list>
<pin id="477" dir="1" index="0" bw="1" slack="0"/>
</pin_list>
<bind>
<StgValue><ssdm name=""/></StgValue>
</bind>
</comp>

<comp id="478" class="1001" name="const_478">
<pin_list>
<pin id="479" dir="1" index="0" bw="1" slack="0"/>
</pin_list>
<bind>
<StgValue><ssdm name=""/></StgValue>
</bind>
</comp>

<comp id="480" class="1001" name="const_480">
<pin_list>
<pin id="481" dir="1" index="0" bw="1" slack="0"/>
</pin_list>
<bind>
<StgValue><ssdm name=""/></StgValue>
</bind>
</comp>

<comp id="482" class="1001" name="const_482">
<pin_list>
<pin id="483" dir="1" index="0" bw="1" slack="0"/>
</pin_list>
<bind>
<StgValue><ssdm name=""/></StgValue>
</bind>
</comp>

<comp id="484" class="1001" name="const_484">
<pin_list>
<pin id="485" dir="1" index="0" bw="1" slack="0"/>
</pin_list>
<bind>
<StgValue><ssdm name=""/></StgValue>
</bind>
</comp>

<comp id="486" class="1001" name="const_486">
<pin_list>
<pin id="487" dir="1" index="0" bw="1" slack="0"/>
</pin_list>
<bind>
<StgValue><ssdm name=""/></StgValue>
</bind>
</comp>

<comp id="488" class="1001" name="const_488">
<pin_list>
<pin id="489" dir="1" index="0" bw="1" slack="0"/>
</pin_list>
<bind>
<StgValue><ssdm name=""/></StgValue>
</bind>
</comp>

<comp id="490" class="1001" name="const_490">
<pin_list>
<pin id="491" dir="1" index="0" bw="1" slack="0"/>
</pin_list>
<bind>
<StgValue><ssdm name=""/></StgValue>
</bind>
</comp>

<comp id="492" class="1001" name="const_492">
<pin_list>
<pin id="493" dir="1" index="0" bw="1" slack="0"/>
</pin_list>
<bind>
<StgValue><ssdm name=""/></StgValue>
</bind>
</comp>

<comp id="494" class="1001" name="const_494">
<pin_list>
<pin id="495" dir="1" index="0" bw="1" slack="0"/>
</pin_list>
<bind>
<StgValue><ssdm name=""/></StgValue>
</bind>
</comp>

<comp id="496" class="1001" name="const_496">
<pin_list>
<pin id="497" dir="1" index="0" bw="1" slack="0"/>
</pin_list>
<bind>
<StgValue><ssdm name=""/></StgValue>
</bind>
</comp>

<comp id="498" class="1001" name="const_498">
<pin_list>
<pin id="499" dir="1" index="0" bw="1" slack="0"/>
</pin_list>
<bind>
<StgValue><ssdm name=""/></StgValue>
</bind>
</comp>

<comp id="500" class="1001" name="const_500">
<pin_list>
<pin id="501" dir="1" index="0" bw="1" slack="0"/>
</pin_list>
<bind>
<StgValue><ssdm name=""/></StgValue>
</bind>
</comp>

<comp id="502" class="1001" name="const_502">
<pin_list>
<pin id="503" dir="1" index="0" bw="1" slack="0"/>
</pin_list>
<bind>
<StgValue><ssdm name=""/></StgValue>
</bind>
</comp>

<comp id="504" class="1001" name="const_504">
<pin_list>
<pin id="505" dir="1" index="0" bw="1" slack="0"/>
</pin_list>
<bind>
<StgValue><ssdm name=""/></StgValue>
</bind>
</comp>

<comp id="506" class="1001" name="const_506">
<pin_list>
<pin id="507" dir="1" index="0" bw="1" slack="0"/>
</pin_list>
<bind>
<StgValue><ssdm name=""/></StgValue>
</bind>
</comp>

<comp id="508" class="1001" name="const_508">
<pin_list>
<pin id="509" dir="1" index="0" bw="1" slack="0"/>
</pin_list>
<bind>
<StgValue><ssdm name=""/></StgValue>
</bind>
</comp>

<comp id="510" class="1001" name="const_510">
<pin_list>
<pin id="511" dir="1" index="0" bw="1" slack="0"/>
</pin_list>
<bind>
<StgValue><ssdm name=""/></StgValue>
</bind>
</comp>

<comp id="512" class="1001" name="const_512">
<pin_list>
<pin id="513" dir="1" index="0" bw="1" slack="0"/>
</pin_list>
<bind>
<StgValue><ssdm name=""/></StgValue>
</bind>
</comp>

<comp id="514" class="1001" name="const_514">
<pin_list>
<pin id="515" dir="1" index="0" bw="1" slack="0"/>
</pin_list>
<bind>
<StgValue><ssdm name=""/></StgValue>
</bind>
</comp>

<comp id="516" class="1001" name="const_516">
<pin_list>
<pin id="517" dir="1" index="0" bw="1" slack="0"/>
</pin_list>
<bind>
<StgValue><ssdm name=""/></StgValue>
</bind>
</comp>

<comp id="518" class="1001" name="const_518">
<pin_list>
<pin id="519" dir="1" index="0" bw="1" slack="0"/>
</pin_list>
<bind>
<StgValue><ssdm name=""/></StgValue>
</bind>
</comp>

<comp id="520" class="1001" name="const_520">
<pin_list>
<pin id="521" dir="1" index="0" bw="1" slack="0"/>
</pin_list>
<bind>
<StgValue><ssdm name=""/></StgValue>
</bind>
</comp>

<comp id="522" class="1001" name="const_522">
<pin_list>
<pin id="523" dir="1" index="0" bw="1" slack="0"/>
</pin_list>
<bind>
<StgValue><ssdm name=""/></StgValue>
</bind>
</comp>

<comp id="524" class="1001" name="const_524">
<pin_list>
<pin id="525" dir="1" index="0" bw="1" slack="0"/>
</pin_list>
<bind>
<StgValue><ssdm name=""/></StgValue>
</bind>
</comp>

<comp id="526" class="1001" name="const_526">
<pin_list>
<pin id="527" dir="1" index="0" bw="1" slack="0"/>
</pin_list>
<bind>
<StgValue><ssdm name=""/></StgValue>
</bind>
</comp>

<comp id="528" class="1001" name="const_528">
<pin_list>
<pin id="529" dir="1" index="0" bw="1" slack="0"/>
</pin_list>
<bind>
<StgValue><ssdm name=""/></StgValue>
</bind>
</comp>

<comp id="530" class="1001" name="const_530">
<pin_list>
<pin id="531" dir="1" index="0" bw="1" slack="0"/>
</pin_list>
<bind>
<StgValue><ssdm name=""/></StgValue>
</bind>
</comp>

<comp id="532" class="1001" name="const_532">
<pin_list>
<pin id="533" dir="1" index="0" bw="1" slack="0"/>
</pin_list>
<bind>
<StgValue><ssdm name=""/></StgValue>
</bind>
</comp>

<comp id="534" class="1001" name="const_534">
<pin_list>
<pin id="535" dir="1" index="0" bw="1" slack="0"/>
</pin_list>
<bind>
<StgValue><ssdm name=""/></StgValue>
</bind>
</comp>

<comp id="536" class="1001" name="const_536">
<pin_list>
<pin id="537" dir="1" index="0" bw="1" slack="0"/>
</pin_list>
<bind>
<StgValue><ssdm name=""/></StgValue>
</bind>
</comp>

<comp id="538" class="1001" name="const_538">
<pin_list>
<pin id="539" dir="1" index="0" bw="1" slack="0"/>
</pin_list>
<bind>
<StgValue><ssdm name=""/></StgValue>
</bind>
</comp>

<comp id="540" class="1001" name="const_540">
<pin_list>
<pin id="541" dir="1" index="0" bw="1" slack="0"/>
</pin_list>
<bind>
<StgValue><ssdm name=""/></StgValue>
</bind>
</comp>

<comp id="542" class="1001" name="const_542">
<pin_list>
<pin id="543" dir="1" index="0" bw="1" slack="0"/>
</pin_list>
<bind>
<StgValue><ssdm name=""/></StgValue>
</bind>
</comp>

<comp id="544" class="1001" name="const_544">
<pin_list>
<pin id="545" dir="1" index="0" bw="1" slack="0"/>
</pin_list>
<bind>
<StgValue><ssdm name=""/></StgValue>
</bind>
</comp>

<comp id="546" class="1001" name="const_546">
<pin_list>
<pin id="547" dir="1" index="0" bw="1" slack="0"/>
</pin_list>
<bind>
<StgValue><ssdm name=""/></StgValue>
</bind>
</comp>

<comp id="548" class="1001" name="const_548">
<pin_list>
<pin id="549" dir="1" index="0" bw="1" slack="0"/>
</pin_list>
<bind>
<StgValue><ssdm name=""/></StgValue>
</bind>
</comp>

<comp id="550" class="1001" name="const_550">
<pin_list>
<pin id="551" dir="1" index="0" bw="1" slack="0"/>
</pin_list>
<bind>
<StgValue><ssdm name=""/></StgValue>
</bind>
</comp>

<comp id="552" class="1001" name="const_552">
<pin_list>
<pin id="553" dir="1" index="0" bw="1" slack="0"/>
</pin_list>
<bind>
<StgValue><ssdm name=""/></StgValue>
</bind>
</comp>

<comp id="554" class="1001" name="const_554">
<pin_list>
<pin id="555" dir="1" index="0" bw="1" slack="0"/>
</pin_list>
<bind>
<StgValue><ssdm name=""/></StgValue>
</bind>
</comp>

<comp id="556" class="1001" name="const_556">
<pin_list>
<pin id="557" dir="1" index="0" bw="1" slack="0"/>
</pin_list>
<bind>
<StgValue><ssdm name=""/></StgValue>
</bind>
</comp>

<comp id="558" class="1001" name="const_558">
<pin_list>
<pin id="559" dir="1" index="0" bw="1" slack="0"/>
</pin_list>
<bind>
<StgValue><ssdm name=""/></StgValue>
</bind>
</comp>

<comp id="560" class="1001" name="const_560">
<pin_list>
<pin id="561" dir="1" index="0" bw="1" slack="0"/>
</pin_list>
<bind>
<StgValue><ssdm name=""/></StgValue>
</bind>
</comp>

<comp id="562" class="1001" name="const_562">
<pin_list>
<pin id="563" dir="1" index="0" bw="1" slack="0"/>
</pin_list>
<bind>
<StgValue><ssdm name=""/></StgValue>
</bind>
</comp>

<comp id="564" class="1001" name="const_564">
<pin_list>
<pin id="565" dir="1" index="0" bw="1" slack="0"/>
</pin_list>
<bind>
<StgValue><ssdm name=""/></StgValue>
</bind>
</comp>

<comp id="566" class="1001" name="const_566">
<pin_list>
<pin id="567" dir="1" index="0" bw="1" slack="0"/>
</pin_list>
<bind>
<StgValue><ssdm name=""/></StgValue>
</bind>
</comp>

<comp id="568" class="1001" name="const_568">
<pin_list>
<pin id="569" dir="1" index="0" bw="1" slack="0"/>
</pin_list>
<bind>
<StgValue><ssdm name=""/></StgValue>
</bind>
</comp>

<comp id="570" class="1001" name="const_570">
<pin_list>
<pin id="571" dir="1" index="0" bw="1" slack="0"/>
</pin_list>
<bind>
<StgValue><ssdm name=""/></StgValue>
</bind>
</comp>

<comp id="572" class="1001" name="const_572">
<pin_list>
<pin id="573" dir="1" index="0" bw="1" slack="0"/>
</pin_list>
<bind>
<StgValue><ssdm name=""/></StgValue>
</bind>
</comp>

<comp id="574" class="1001" name="const_574">
<pin_list>
<pin id="575" dir="1" index="0" bw="1" slack="0"/>
</pin_list>
<bind>
<StgValue><ssdm name=""/></StgValue>
</bind>
</comp>

<comp id="576" class="1001" name="const_576">
<pin_list>
<pin id="577" dir="1" index="0" bw="1" slack="0"/>
</pin_list>
<bind>
<StgValue><ssdm name=""/></StgValue>
</bind>
</comp>

<comp id="578" class="1004" name="i_fu_578">
<pin_list>
<pin id="579" dir="0" index="0" bw="1" slack="0"/>
<pin id="580" dir="1" index="1" bw="32" slack="0"/>
</pin_list>
<bind>
<opcode="alloca(26) " fcode="alloca"/>
<opset="i/1 "/>
</bind>
</comp>

<comp id="582" class="1004" name="br_actual_read_read_fu_582">
<pin_list>
<pin id="583" dir="0" index="0" bw="32" slack="0"/>
<pin id="584" dir="0" index="1" bw="32" slack="0"/>
<pin id="585" dir="1" index="2" bw="32" slack="0"/>
</pin_list>
<bind>
<opcode="read(1150) " fcode="read"/>
<opset="br_actual_read/1 "/>
</bind>
</comp>

<comp id="588" class="1004" name="write_ln87_write_fu_588">
<pin_list>
<pin id="589" dir="0" index="0" bw="0" slack="0"/>
<pin id="590" dir="0" index="1" bw="32" slack="0"/>
<pin id="591" dir="0" index="2" bw="32" slack="0"/>
<pin id="592" dir="1" index="3" bw="0" slack="2147483647"/>
</pin_list>
<bind>
<opcode="write(1151) " fcode="write"/>
<opset="write_ln87/1 "/>
</bind>
</comp>

<comp id="596" class="1004" name="write_ln87_write_fu_596">
<pin_list>
<pin id="597" dir="0" index="0" bw="0" slack="0"/>
<pin id="598" dir="0" index="1" bw="32" slack="0"/>
<pin id="599" dir="0" index="2" bw="32" slack="0"/>
<pin id="600" dir="1" index="3" bw="0" slack="2147483647"/>
</pin_list>
<bind>
<opcode="write(1151) " fcode="write"/>
<opset="write_ln87/1 "/>
</bind>
</comp>

<comp id="604" class="1004" name="write_ln87_write_fu_604">
<pin_list>
<pin id="605" dir="0" index="0" bw="0" slack="0"/>
<pin id="606" dir="0" index="1" bw="32" slack="0"/>
<pin id="607" dir="0" index="2" bw="32" slack="0"/>
<pin id="608" dir="1" index="3" bw="0" slack="2147483647"/>
</pin_list>
<bind>
<opcode="write(1151) " fcode="write"/>
<opset="write_ln87/1 "/>
</bind>
</comp>

<comp id="612" class="1004" name="write_ln87_write_fu_612">
<pin_list>
<pin id="613" dir="0" index="0" bw="0" slack="0"/>
<pin id="614" dir="0" index="1" bw="32" slack="0"/>
<pin id="615" dir="0" index="2" bw="32" slack="0"/>
<pin id="616" dir="1" index="3" bw="0" slack="2147483647"/>
</pin_list>
<bind>
<opcode="write(1151) " fcode="write"/>
<opset="write_ln87/1 "/>
</bind>
</comp>

<comp id="620" class="1004" name="write_ln87_write_fu_620">
<pin_list>
<pin id="621" dir="0" index="0" bw="0" slack="0"/>
<pin id="622" dir="0" index="1" bw="32" slack="0"/>
<pin id="623" dir="0" index="2" bw="32" slack="0"/>
<pin id="624" dir="1" index="3" bw="0" slack="2147483647"/>
</pin_list>
<bind>
<opcode="write(1151) " fcode="write"/>
<opset="write_ln87/1 "/>
</bind>
</comp>

<comp id="628" class="1004" name="write_ln87_write_fu_628">
<pin_list>
<pin id="629" dir="0" index="0" bw="0" slack="0"/>
<pin id="630" dir="0" index="1" bw="32" slack="0"/>
<pin id="631" dir="0" index="2" bw="32" slack="0"/>
<pin id="632" dir="1" index="3" bw="0" slack="2147483647"/>
</pin_list>
<bind>
<opcode="write(1151) " fcode="write"/>
<opset="write_ln87/1 "/>
</bind>
</comp>

<comp id="636" class="1004" name="write_ln87_write_fu_636">
<pin_list>
<pin id="637" dir="0" index="0" bw="0" slack="0"/>
<pin id="638" dir="0" index="1" bw="32" slack="0"/>
<pin id="639" dir="0" index="2" bw="32" slack="0"/>
<pin id="640" dir="1" index="3" bw="0" slack="2147483647"/>
</pin_list>
<bind>
<opcode="write(1151) " fcode="write"/>
<opset="write_ln87/1 "/>
</bind>
</comp>

<comp id="644" class="1004" name="write_ln87_write_fu_644">
<pin_list>
<pin id="645" dir="0" index="0" bw="0" slack="0"/>
<pin id="646" dir="0" index="1" bw="32" slack="0"/>
<pin id="647" dir="0" index="2" bw="32" slack="0"/>
<pin id="648" dir="1" index="3" bw="0" slack="2147483647"/>
</pin_list>
<bind>
<opcode="write(1151) " fcode="write"/>
<opset="write_ln87/1 "/>
</bind>
</comp>

<comp id="652" class="1004" name="write_ln87_write_fu_652">
<pin_list>
<pin id="653" dir="0" index="0" bw="0" slack="0"/>
<pin id="654" dir="0" index="1" bw="32" slack="0"/>
<pin id="655" dir="0" index="2" bw="32" slack="0"/>
<pin id="656" dir="1" index="3" bw="0" slack="2147483647"/>
</pin_list>
<bind>
<opcode="write(1151) " fcode="write"/>
<opset="write_ln87/1 "/>
</bind>
</comp>

<comp id="660" class="1004" name="write_ln87_write_fu_660">
<pin_list>
<pin id="661" dir="0" index="0" bw="0" slack="0"/>
<pin id="662" dir="0" index="1" bw="32" slack="0"/>
<pin id="663" dir="0" index="2" bw="32" slack="0"/>
<pin id="664" dir="1" index="3" bw="0" slack="2147483647"/>
</pin_list>
<bind>
<opcode="write(1151) " fcode="write"/>
<opset="write_ln87/1 "/>
</bind>
</comp>

<comp id="668" class="1004" name="write_ln87_write_fu_668">
<pin_list>
<pin id="669" dir="0" index="0" bw="0" slack="0"/>
<pin id="670" dir="0" index="1" bw="32" slack="0"/>
<pin id="671" dir="0" index="2" bw="32" slack="0"/>
<pin id="672" dir="1" index="3" bw="0" slack="2147483647"/>
</pin_list>
<bind>
<opcode="write(1151) " fcode="write"/>
<opset="write_ln87/1 "/>
</bind>
</comp>

<comp id="676" class="1004" name="write_ln87_write_fu_676">
<pin_list>
<pin id="677" dir="0" index="0" bw="0" slack="0"/>
<pin id="678" dir="0" index="1" bw="32" slack="0"/>
<pin id="679" dir="0" index="2" bw="32" slack="0"/>
<pin id="680" dir="1" index="3" bw="0" slack="2147483647"/>
</pin_list>
<bind>
<opcode="write(1151) " fcode="write"/>
<opset="write_ln87/1 "/>
</bind>
</comp>

<comp id="684" class="1004" name="write_ln87_write_fu_684">
<pin_list>
<pin id="685" dir="0" index="0" bw="0" slack="0"/>
<pin id="686" dir="0" index="1" bw="32" slack="0"/>
<pin id="687" dir="0" index="2" bw="32" slack="0"/>
<pin id="688" dir="1" index="3" bw="0" slack="2147483647"/>
</pin_list>
<bind>
<opcode="write(1151) " fcode="write"/>
<opset="write_ln87/1 "/>
</bind>
</comp>

<comp id="692" class="1004" name="write_ln87_write_fu_692">
<pin_list>
<pin id="693" dir="0" index="0" bw="0" slack="0"/>
<pin id="694" dir="0" index="1" bw="32" slack="0"/>
<pin id="695" dir="0" index="2" bw="32" slack="0"/>
<pin id="696" dir="1" index="3" bw="0" slack="2147483647"/>
</pin_list>
<bind>
<opcode="write(1151) " fcode="write"/>
<opset="write_ln87/1 "/>
</bind>
</comp>

<comp id="700" class="1004" name="write_ln87_write_fu_700">
<pin_list>
<pin id="701" dir="0" index="0" bw="0" slack="0"/>
<pin id="702" dir="0" index="1" bw="32" slack="0"/>
<pin id="703" dir="0" index="2" bw="32" slack="0"/>
<pin id="704" dir="1" index="3" bw="0" slack="2147483647"/>
</pin_list>
<bind>
<opcode="write(1151) " fcode="write"/>
<opset="write_ln87/1 "/>
</bind>
</comp>

<comp id="708" class="1004" name="write_ln87_write_fu_708">
<pin_list>
<pin id="709" dir="0" index="0" bw="0" slack="0"/>
<pin id="710" dir="0" index="1" bw="32" slack="0"/>
<pin id="711" dir="0" index="2" bw="32" slack="0"/>
<pin id="712" dir="1" index="3" bw="0" slack="2147483647"/>
</pin_list>
<bind>
<opcode="write(1151) " fcode="write"/>
<opset="write_ln87/1 "/>
</bind>
</comp>

<comp id="716" class="1004" name="write_ln87_write_fu_716">
<pin_list>
<pin id="717" dir="0" index="0" bw="0" slack="0"/>
<pin id="718" dir="0" index="1" bw="32" slack="0"/>
<pin id="719" dir="0" index="2" bw="32" slack="0"/>
<pin id="720" dir="1" index="3" bw="0" slack="2147483647"/>
</pin_list>
<bind>
<opcode="write(1151) " fcode="write"/>
<opset="write_ln87/1 "/>
</bind>
</comp>

<comp id="724" class="1004" name="write_ln87_write_fu_724">
<pin_list>
<pin id="725" dir="0" index="0" bw="0" slack="0"/>
<pin id="726" dir="0" index="1" bw="32" slack="0"/>
<pin id="727" dir="0" index="2" bw="32" slack="0"/>
<pin id="728" dir="1" index="3" bw="0" slack="2147483647"/>
</pin_list>
<bind>
<opcode="write(1151) " fcode="write"/>
<opset="write_ln87/1 "/>
</bind>
</comp>

<comp id="732" class="1004" name="write_ln87_write_fu_732">
<pin_list>
<pin id="733" dir="0" index="0" bw="0" slack="0"/>
<pin id="734" dir="0" index="1" bw="32" slack="0"/>
<pin id="735" dir="0" index="2" bw="32" slack="0"/>
<pin id="736" dir="1" index="3" bw="0" slack="2147483647"/>
</pin_list>
<bind>
<opcode="write(1151) " fcode="write"/>
<opset="write_ln87/1 "/>
</bind>
</comp>

<comp id="740" class="1004" name="write_ln87_write_fu_740">
<pin_list>
<pin id="741" dir="0" index="0" bw="0" slack="0"/>
<pin id="742" dir="0" index="1" bw="32" slack="0"/>
<pin id="743" dir="0" index="2" bw="32" slack="0"/>
<pin id="744" dir="1" index="3" bw="0" slack="2147483647"/>
</pin_list>
<bind>
<opcode="write(1151) " fcode="write"/>
<opset="write_ln87/1 "/>
</bind>
</comp>

<comp id="748" class="1004" name="write_ln87_write_fu_748">
<pin_list>
<pin id="749" dir="0" index="0" bw="0" slack="0"/>
<pin id="750" dir="0" index="1" bw="32" slack="0"/>
<pin id="751" dir="0" index="2" bw="32" slack="0"/>
<pin id="752" dir="1" index="3" bw="0" slack="2147483647"/>
</pin_list>
<bind>
<opcode="write(1151) " fcode="write"/>
<opset="write_ln87/1 "/>
</bind>
</comp>

<comp id="756" class="1004" name="write_ln87_write_fu_756">
<pin_list>
<pin id="757" dir="0" index="0" bw="0" slack="0"/>
<pin id="758" dir="0" index="1" bw="32" slack="0"/>
<pin id="759" dir="0" index="2" bw="32" slack="0"/>
<pin id="760" dir="1" index="3" bw="0" slack="2147483647"/>
</pin_list>
<bind>
<opcode="write(1151) " fcode="write"/>
<opset="write_ln87/1 "/>
</bind>
</comp>

<comp id="764" class="1004" name="write_ln87_write_fu_764">
<pin_list>
<pin id="765" dir="0" index="0" bw="0" slack="0"/>
<pin id="766" dir="0" index="1" bw="32" slack="0"/>
<pin id="767" dir="0" index="2" bw="32" slack="0"/>
<pin id="768" dir="1" index="3" bw="0" slack="2147483647"/>
</pin_list>
<bind>
<opcode="write(1151) " fcode="write"/>
<opset="write_ln87/1 "/>
</bind>
</comp>

<comp id="772" class="1004" name="write_ln87_write_fu_772">
<pin_list>
<pin id="773" dir="0" index="0" bw="0" slack="0"/>
<pin id="774" dir="0" index="1" bw="32" slack="0"/>
<pin id="775" dir="0" index="2" bw="32" slack="0"/>
<pin id="776" dir="1" index="3" bw="0" slack="2147483647"/>
</pin_list>
<bind>
<opcode="write(1151) " fcode="write"/>
<opset="write_ln87/1 "/>
</bind>
</comp>

<comp id="780" class="1004" name="write_ln87_write_fu_780">
<pin_list>
<pin id="781" dir="0" index="0" bw="0" slack="0"/>
<pin id="782" dir="0" index="1" bw="32" slack="0"/>
<pin id="783" dir="0" index="2" bw="32" slack="0"/>
<pin id="784" dir="1" index="3" bw="0" slack="2147483647"/>
</pin_list>
<bind>
<opcode="write(1151) " fcode="write"/>
<opset="write_ln87/1 "/>
</bind>
</comp>

<comp id="788" class="1004" name="write_ln87_write_fu_788">
<pin_list>
<pin id="789" dir="0" index="0" bw="0" slack="0"/>
<pin id="790" dir="0" index="1" bw="32" slack="0"/>
<pin id="791" dir="0" index="2" bw="32" slack="0"/>
<pin id="792" dir="1" index="3" bw="0" slack="2147483647"/>
</pin_list>
<bind>
<opcode="write(1151) " fcode="write"/>
<opset="write_ln87/1 "/>
</bind>
</comp>

<comp id="796" class="1004" name="write_ln87_write_fu_796">
<pin_list>
<pin id="797" dir="0" index="0" bw="0" slack="0"/>
<pin id="798" dir="0" index="1" bw="32" slack="0"/>
<pin id="799" dir="0" index="2" bw="32" slack="0"/>
<pin id="800" dir="1" index="3" bw="0" slack="2147483647"/>
</pin_list>
<bind>
<opcode="write(1151) " fcode="write"/>
<opset="write_ln87/1 "/>
</bind>
</comp>

<comp id="804" class="1004" name="write_ln87_write_fu_804">
<pin_list>
<pin id="805" dir="0" index="0" bw="0" slack="0"/>
<pin id="806" dir="0" index="1" bw="32" slack="0"/>
<pin id="807" dir="0" index="2" bw="32" slack="0"/>
<pin id="808" dir="1" index="3" bw="0" slack="2147483647"/>
</pin_list>
<bind>
<opcode="write(1151) " fcode="write"/>
<opset="write_ln87/1 "/>
</bind>
</comp>

<comp id="812" class="1004" name="write_ln87_write_fu_812">
<pin_list>
<pin id="813" dir="0" index="0" bw="0" slack="0"/>
<pin id="814" dir="0" index="1" bw="32" slack="0"/>
<pin id="815" dir="0" index="2" bw="32" slack="0"/>
<pin id="816" dir="1" index="3" bw="0" slack="2147483647"/>
</pin_list>
<bind>
<opcode="write(1151) " fcode="write"/>
<opset="write_ln87/1 "/>
</bind>
</comp>

<comp id="820" class="1004" name="write_ln87_write_fu_820">
<pin_list>
<pin id="821" dir="0" index="0" bw="0" slack="0"/>
<pin id="822" dir="0" index="1" bw="32" slack="0"/>
<pin id="823" dir="0" index="2" bw="32" slack="0"/>
<pin id="824" dir="1" index="3" bw="0" slack="2147483647"/>
</pin_list>
<bind>
<opcode="write(1151) " fcode="write"/>
<opset="write_ln87/1 "/>
</bind>
</comp>

<comp id="828" class="1004" name="write_ln87_write_fu_828">
<pin_list>
<pin id="829" dir="0" index="0" bw="0" slack="0"/>
<pin id="830" dir="0" index="1" bw="32" slack="0"/>
<pin id="831" dir="0" index="2" bw="32" slack="0"/>
<pin id="832" dir="1" index="3" bw="0" slack="2147483647"/>
</pin_list>
<bind>
<opcode="write(1151) " fcode="write"/>
<opset="write_ln87/1 "/>
</bind>
</comp>

<comp id="836" class="1004" name="write_ln87_write_fu_836">
<pin_list>
<pin id="837" dir="0" index="0" bw="0" slack="0"/>
<pin id="838" dir="0" index="1" bw="32" slack="0"/>
<pin id="839" dir="0" index="2" bw="32" slack="0"/>
<pin id="840" dir="1" index="3" bw="0" slack="2147483647"/>
</pin_list>
<bind>
<opcode="write(1151) " fcode="write"/>
<opset="write_ln87/1 "/>
</bind>
</comp>

<comp id="844" class="1004" name="write_ln87_write_fu_844">
<pin_list>
<pin id="845" dir="0" index="0" bw="0" slack="0"/>
<pin id="846" dir="0" index="1" bw="32" slack="0"/>
<pin id="847" dir="0" index="2" bw="32" slack="0"/>
<pin id="848" dir="1" index="3" bw="0" slack="2147483647"/>
</pin_list>
<bind>
<opcode="write(1151) " fcode="write"/>
<opset="write_ln87/1 "/>
</bind>
</comp>

<comp id="852" class="1004" name="write_ln87_write_fu_852">
<pin_list>
<pin id="853" dir="0" index="0" bw="0" slack="0"/>
<pin id="854" dir="0" index="1" bw="32" slack="0"/>
<pin id="855" dir="0" index="2" bw="32" slack="0"/>
<pin id="856" dir="1" index="3" bw="0" slack="2147483647"/>
</pin_list>
<bind>
<opcode="write(1151) " fcode="write"/>
<opset="write_ln87/1 "/>
</bind>
</comp>

<comp id="860" class="1004" name="write_ln87_write_fu_860">
<pin_list>
<pin id="861" dir="0" index="0" bw="0" slack="0"/>
<pin id="862" dir="0" index="1" bw="32" slack="0"/>
<pin id="863" dir="0" index="2" bw="32" slack="0"/>
<pin id="864" dir="1" index="3" bw="0" slack="2147483647"/>
</pin_list>
<bind>
<opcode="write(1151) " fcode="write"/>
<opset="write_ln87/1 "/>
</bind>
</comp>

<comp id="868" class="1004" name="write_ln87_write_fu_868">
<pin_list>
<pin id="869" dir="0" index="0" bw="0" slack="0"/>
<pin id="870" dir="0" index="1" bw="32" slack="0"/>
<pin id="871" dir="0" index="2" bw="32" slack="0"/>
<pin id="872" dir="1" index="3" bw="0" slack="2147483647"/>
</pin_list>
<bind>
<opcode="write(1151) " fcode="write"/>
<opset="write_ln87/1 "/>
</bind>
</comp>

<comp id="876" class="1004" name="write_ln87_write_fu_876">
<pin_list>
<pin id="877" dir="0" index="0" bw="0" slack="0"/>
<pin id="878" dir="0" index="1" bw="32" slack="0"/>
<pin id="879" dir="0" index="2" bw="32" slack="0"/>
<pin id="880" dir="1" index="3" bw="0" slack="2147483647"/>
</pin_list>
<bind>
<opcode="write(1151) " fcode="write"/>
<opset="write_ln87/1 "/>
</bind>
</comp>

<comp id="884" class="1004" name="write_ln87_write_fu_884">
<pin_list>
<pin id="885" dir="0" index="0" bw="0" slack="0"/>
<pin id="886" dir="0" index="1" bw="32" slack="0"/>
<pin id="887" dir="0" index="2" bw="32" slack="0"/>
<pin id="888" dir="1" index="3" bw="0" slack="2147483647"/>
</pin_list>
<bind>
<opcode="write(1151) " fcode="write"/>
<opset="write_ln87/1 "/>
</bind>
</comp>

<comp id="892" class="1004" name="write_ln87_write_fu_892">
<pin_list>
<pin id="893" dir="0" index="0" bw="0" slack="0"/>
<pin id="894" dir="0" index="1" bw="32" slack="0"/>
<pin id="895" dir="0" index="2" bw="32" slack="0"/>
<pin id="896" dir="1" index="3" bw="0" slack="2147483647"/>
</pin_list>
<bind>
<opcode="write(1151) " fcode="write"/>
<opset="write_ln87/1 "/>
</bind>
</comp>

<comp id="900" class="1004" name="write_ln87_write_fu_900">
<pin_list>
<pin id="901" dir="0" index="0" bw="0" slack="0"/>
<pin id="902" dir="0" index="1" bw="32" slack="0"/>
<pin id="903" dir="0" index="2" bw="32" slack="0"/>
<pin id="904" dir="1" index="3" bw="0" slack="2147483647"/>
</pin_list>
<bind>
<opcode="write(1151) " fcode="write"/>
<opset="write_ln87/1 "/>
</bind>
</comp>

<comp id="908" class="1004" name="write_ln87_write_fu_908">
<pin_list>
<pin id="909" dir="0" index="0" bw="0" slack="0"/>
<pin id="910" dir="0" index="1" bw="32" slack="0"/>
<pin id="911" dir="0" index="2" bw="32" slack="0"/>
<pin id="912" dir="1" index="3" bw="0" slack="2147483647"/>
</pin_list>
<bind>
<opcode="write(1151) " fcode="write"/>
<opset="write_ln87/1 "/>
</bind>
</comp>

<comp id="916" class="1004" name="write_ln87_write_fu_916">
<pin_list>
<pin id="917" dir="0" index="0" bw="0" slack="0"/>
<pin id="918" dir="0" index="1" bw="32" slack="0"/>
<pin id="919" dir="0" index="2" bw="32" slack="0"/>
<pin id="920" dir="1" index="3" bw="0" slack="2147483647"/>
</pin_list>
<bind>
<opcode="write(1151) " fcode="write"/>
<opset="write_ln87/1 "/>
</bind>
</comp>

<comp id="924" class="1004" name="write_ln87_write_fu_924">
<pin_list>
<pin id="925" dir="0" index="0" bw="0" slack="0"/>
<pin id="926" dir="0" index="1" bw="32" slack="0"/>
<pin id="927" dir="0" index="2" bw="32" slack="0"/>
<pin id="928" dir="1" index="3" bw="0" slack="2147483647"/>
</pin_list>
<bind>
<opcode="write(1151) " fcode="write"/>
<opset="write_ln87/1 "/>
</bind>
</comp>

<comp id="932" class="1004" name="write_ln87_write_fu_932">
<pin_list>
<pin id="933" dir="0" index="0" bw="0" slack="0"/>
<pin id="934" dir="0" index="1" bw="32" slack="0"/>
<pin id="935" dir="0" index="2" bw="32" slack="0"/>
<pin id="936" dir="1" index="3" bw="0" slack="2147483647"/>
</pin_list>
<bind>
<opcode="write(1151) " fcode="write"/>
<opset="write_ln87/1 "/>
</bind>
</comp>

<comp id="940" class="1004" name="write_ln87_write_fu_940">
<pin_list>
<pin id="941" dir="0" index="0" bw="0" slack="0"/>
<pin id="942" dir="0" index="1" bw="32" slack="0"/>
<pin id="943" dir="0" index="2" bw="32" slack="0"/>
<pin id="944" dir="1" index="3" bw="0" slack="2147483647"/>
</pin_list>
<bind>
<opcode="write(1151) " fcode="write"/>
<opset="write_ln87/1 "/>
</bind>
</comp>

<comp id="948" class="1004" name="write_ln87_write_fu_948">
<pin_list>
<pin id="949" dir="0" index="0" bw="0" slack="0"/>
<pin id="950" dir="0" index="1" bw="32" slack="0"/>
<pin id="951" dir="0" index="2" bw="32" slack="0"/>
<pin id="952" dir="1" index="3" bw="0" slack="2147483647"/>
</pin_list>
<bind>
<opcode="write(1151) " fcode="write"/>
<opset="write_ln87/1 "/>
</bind>
</comp>

<comp id="956" class="1004" name="write_ln87_write_fu_956">
<pin_list>
<pin id="957" dir="0" index="0" bw="0" slack="0"/>
<pin id="958" dir="0" index="1" bw="32" slack="0"/>
<pin id="959" dir="0" index="2" bw="32" slack="0"/>
<pin id="960" dir="1" index="3" bw="0" slack="2147483647"/>
</pin_list>
<bind>
<opcode="write(1151) " fcode="write"/>
<opset="write_ln87/1 "/>
</bind>
</comp>

<comp id="964" class="1004" name="write_ln87_write_fu_964">
<pin_list>
<pin id="965" dir="0" index="0" bw="0" slack="0"/>
<pin id="966" dir="0" index="1" bw="32" slack="0"/>
<pin id="967" dir="0" index="2" bw="32" slack="0"/>
<pin id="968" dir="1" index="3" bw="0" slack="2147483647"/>
</pin_list>
<bind>
<opcode="write(1151) " fcode="write"/>
<opset="write_ln87/1 "/>
</bind>
</comp>

<comp id="972" class="1004" name="write_ln87_write_fu_972">
<pin_list>
<pin id="973" dir="0" index="0" bw="0" slack="0"/>
<pin id="974" dir="0" index="1" bw="32" slack="0"/>
<pin id="975" dir="0" index="2" bw="32" slack="0"/>
<pin id="976" dir="1" index="3" bw="0" slack="2147483647"/>
</pin_list>
<bind>
<opcode="write(1151) " fcode="write"/>
<opset="write_ln87/1 "/>
</bind>
</comp>

<comp id="980" class="1004" name="write_ln87_write_fu_980">
<pin_list>
<pin id="981" dir="0" index="0" bw="0" slack="0"/>
<pin id="982" dir="0" index="1" bw="32" slack="0"/>
<pin id="983" dir="0" index="2" bw="32" slack="0"/>
<pin id="984" dir="1" index="3" bw="0" slack="2147483647"/>
</pin_list>
<bind>
<opcode="write(1151) " fcode="write"/>
<opset="write_ln87/1 "/>
</bind>
</comp>

<comp id="988" class="1004" name="write_ln87_write_fu_988">
<pin_list>
<pin id="989" dir="0" index="0" bw="0" slack="0"/>
<pin id="990" dir="0" index="1" bw="32" slack="0"/>
<pin id="991" dir="0" index="2" bw="32" slack="0"/>
<pin id="992" dir="1" index="3" bw="0" slack="2147483647"/>
</pin_list>
<bind>
<opcode="write(1151) " fcode="write"/>
<opset="write_ln87/1 "/>
</bind>
</comp>

<comp id="996" class="1004" name="write_ln87_write_fu_996">
<pin_list>
<pin id="997" dir="0" index="0" bw="0" slack="0"/>
<pin id="998" dir="0" index="1" bw="32" slack="0"/>
<pin id="999" dir="0" index="2" bw="32" slack="0"/>
<pin id="1000" dir="1" index="3" bw="0" slack="2147483647"/>
</pin_list>
<bind>
<opcode="write(1151) " fcode="write"/>
<opset="write_ln87/1 "/>
</bind>
</comp>

<comp id="1004" class="1004" name="write_ln87_write_fu_1004">
<pin_list>
<pin id="1005" dir="0" index="0" bw="0" slack="0"/>
<pin id="1006" dir="0" index="1" bw="32" slack="0"/>
<pin id="1007" dir="0" index="2" bw="32" slack="0"/>
<pin id="1008" dir="1" index="3" bw="0" slack="2147483647"/>
</pin_list>
<bind>
<opcode="write(1151) " fcode="write"/>
<opset="write_ln87/1 "/>
</bind>
</comp>

<comp id="1012" class="1004" name="write_ln87_write_fu_1012">
<pin_list>
<pin id="1013" dir="0" index="0" bw="0" slack="0"/>
<pin id="1014" dir="0" index="1" bw="32" slack="0"/>
<pin id="1015" dir="0" index="2" bw="32" slack="0"/>
<pin id="1016" dir="1" index="3" bw="0" slack="2147483647"/>
</pin_list>
<bind>
<opcode="write(1151) " fcode="write"/>
<opset="write_ln87/1 "/>
</bind>
</comp>

<comp id="1020" class="1004" name="write_ln87_write_fu_1020">
<pin_list>
<pin id="1021" dir="0" index="0" bw="0" slack="0"/>
<pin id="1022" dir="0" index="1" bw="32" slack="0"/>
<pin id="1023" dir="0" index="2" bw="32" slack="0"/>
<pin id="1024" dir="1" index="3" bw="0" slack="2147483647"/>
</pin_list>
<bind>
<opcode="write(1151) " fcode="write"/>
<opset="write_ln87/1 "/>
</bind>
</comp>

<comp id="1028" class="1004" name="write_ln87_write_fu_1028">
<pin_list>
<pin id="1029" dir="0" index="0" bw="0" slack="0"/>
<pin id="1030" dir="0" index="1" bw="32" slack="0"/>
<pin id="1031" dir="0" index="2" bw="32" slack="0"/>
<pin id="1032" dir="1" index="3" bw="0" slack="2147483647"/>
</pin_list>
<bind>
<opcode="write(1151) " fcode="write"/>
<opset="write_ln87/1 "/>
</bind>
</comp>

<comp id="1036" class="1004" name="write_ln87_write_fu_1036">
<pin_list>
<pin id="1037" dir="0" index="0" bw="0" slack="0"/>
<pin id="1038" dir="0" index="1" bw="32" slack="0"/>
<pin id="1039" dir="0" index="2" bw="32" slack="0"/>
<pin id="1040" dir="1" index="3" bw="0" slack="2147483647"/>
</pin_list>
<bind>
<opcode="write(1151) " fcode="write"/>
<opset="write_ln87/1 "/>
</bind>
</comp>

<comp id="1044" class="1004" name="write_ln87_write_fu_1044">
<pin_list>
<pin id="1045" dir="0" index="0" bw="0" slack="0"/>
<pin id="1046" dir="0" index="1" bw="32" slack="0"/>
<pin id="1047" dir="0" index="2" bw="32" slack="0"/>
<pin id="1048" dir="1" index="3" bw="0" slack="2147483647"/>
</pin_list>
<bind>
<opcode="write(1151) " fcode="write"/>
<opset="write_ln87/1 "/>
</bind>
</comp>

<comp id="1052" class="1004" name="write_ln87_write_fu_1052">
<pin_list>
<pin id="1053" dir="0" index="0" bw="0" slack="0"/>
<pin id="1054" dir="0" index="1" bw="32" slack="0"/>
<pin id="1055" dir="0" index="2" bw="32" slack="0"/>
<pin id="1056" dir="1" index="3" bw="0" slack="2147483647"/>
</pin_list>
<bind>
<opcode="write(1151) " fcode="write"/>
<opset="write_ln87/1 "/>
</bind>
</comp>

<comp id="1060" class="1004" name="write_ln87_write_fu_1060">
<pin_list>
<pin id="1061" dir="0" index="0" bw="0" slack="0"/>
<pin id="1062" dir="0" index="1" bw="32" slack="0"/>
<pin id="1063" dir="0" index="2" bw="32" slack="0"/>
<pin id="1064" dir="1" index="3" bw="0" slack="2147483647"/>
</pin_list>
<bind>
<opcode="write(1151) " fcode="write"/>
<opset="write_ln87/1 "/>
</bind>
</comp>

<comp id="1068" class="1004" name="write_ln87_write_fu_1068">
<pin_list>
<pin id="1069" dir="0" index="0" bw="0" slack="0"/>
<pin id="1070" dir="0" index="1" bw="32" slack="0"/>
<pin id="1071" dir="0" index="2" bw="32" slack="0"/>
<pin id="1072" dir="1" index="3" bw="0" slack="2147483647"/>
</pin_list>
<bind>
<opcode="write(1151) " fcode="write"/>
<opset="write_ln87/1 "/>
</bind>
</comp>

<comp id="1076" class="1004" name="write_ln87_write_fu_1076">
<pin_list>
<pin id="1077" dir="0" index="0" bw="0" slack="0"/>
<pin id="1078" dir="0" index="1" bw="32" slack="0"/>
<pin id="1079" dir="0" index="2" bw="32" slack="0"/>
<pin id="1080" dir="1" index="3" bw="0" slack="2147483647"/>
</pin_list>
<bind>
<opcode="write(1151) " fcode="write"/>
<opset="write_ln87/1 "/>
</bind>
</comp>

<comp id="1084" class="1004" name="write_ln87_write_fu_1084">
<pin_list>
<pin id="1085" dir="0" index="0" bw="0" slack="0"/>
<pin id="1086" dir="0" index="1" bw="32" slack="0"/>
<pin id="1087" dir="0" index="2" bw="32" slack="0"/>
<pin id="1088" dir="1" index="3" bw="0" slack="2147483647"/>
</pin_list>
<bind>
<opcode="write(1151) " fcode="write"/>
<opset="write_ln87/1 "/>
</bind>
</comp>

<comp id="1092" class="1004" name="write_ln87_write_fu_1092">
<pin_list>
<pin id="1093" dir="0" index="0" bw="0" slack="0"/>
<pin id="1094" dir="0" index="1" bw="32" slack="0"/>
<pin id="1095" dir="0" index="2" bw="32" slack="0"/>
<pin id="1096" dir="1" index="3" bw="0" slack="2147483647"/>
</pin_list>
<bind>
<opcode="write(1151) " fcode="write"/>
<opset="write_ln87/1 "/>
</bind>
</comp>

<comp id="1100" class="1004" name="write_ln88_write_fu_1100">
<pin_list>
<pin id="1101" dir="0" index="0" bw="0" slack="0"/>
<pin id="1102" dir="0" index="1" bw="32" slack="0"/>
<pin id="1103" dir="0" index="2" bw="32" slack="0"/>
<pin id="1104" dir="1" index="3" bw="0" slack="2147483647"/>
</pin_list>
<bind>
<opcode="write(1151) " fcode="write"/>
<opset="write_ln88/1 "/>
</bind>
</comp>

<comp id="1108" class="1004" name="write_ln88_write_fu_1108">
<pin_list>
<pin id="1109" dir="0" index="0" bw="0" slack="0"/>
<pin id="1110" dir="0" index="1" bw="32" slack="0"/>
<pin id="1111" dir="0" index="2" bw="32" slack="0"/>
<pin id="1112" dir="1" index="3" bw="0" slack="2147483647"/>
</pin_list>
<bind>
<opcode="write(1151) " fcode="write"/>
<opset="write_ln88/1 "/>
</bind>
</comp>

<comp id="1116" class="1004" name="write_ln88_write_fu_1116">
<pin_list>
<pin id="1117" dir="0" index="0" bw="0" slack="0"/>
<pin id="1118" dir="0" index="1" bw="32" slack="0"/>
<pin id="1119" dir="0" index="2" bw="32" slack="0"/>
<pin id="1120" dir="1" index="3" bw="0" slack="2147483647"/>
</pin_list>
<bind>
<opcode="write(1151) " fcode="write"/>
<opset="write_ln88/1 "/>
</bind>
</comp>

<comp id="1124" class="1004" name="write_ln88_write_fu_1124">
<pin_list>
<pin id="1125" dir="0" index="0" bw="0" slack="0"/>
<pin id="1126" dir="0" index="1" bw="32" slack="0"/>
<pin id="1127" dir="0" index="2" bw="32" slack="0"/>
<pin id="1128" dir="1" index="3" bw="0" slack="2147483647"/>
</pin_list>
<bind>
<opcode="write(1151) " fcode="write"/>
<opset="write_ln88/1 "/>
</bind>
</comp>

<comp id="1132" class="1004" name="write_ln88_write_fu_1132">
<pin_list>
<pin id="1133" dir="0" index="0" bw="0" slack="0"/>
<pin id="1134" dir="0" index="1" bw="32" slack="0"/>
<pin id="1135" dir="0" index="2" bw="32" slack="0"/>
<pin id="1136" dir="1" index="3" bw="0" slack="2147483647"/>
</pin_list>
<bind>
<opcode="write(1151) " fcode="write"/>
<opset="write_ln88/1 "/>
</bind>
</comp>

<comp id="1140" class="1004" name="write_ln88_write_fu_1140">
<pin_list>
<pin id="1141" dir="0" index="0" bw="0" slack="0"/>
<pin id="1142" dir="0" index="1" bw="32" slack="0"/>
<pin id="1143" dir="0" index="2" bw="32" slack="0"/>
<pin id="1144" dir="1" index="3" bw="0" slack="2147483647"/>
</pin_list>
<bind>
<opcode="write(1151) " fcode="write"/>
<opset="write_ln88/1 "/>
</bind>
</comp>

<comp id="1148" class="1004" name="write_ln88_write_fu_1148">
<pin_list>
<pin id="1149" dir="0" index="0" bw="0" slack="0"/>
<pin id="1150" dir="0" index="1" bw="32" slack="0"/>
<pin id="1151" dir="0" index="2" bw="32" slack="0"/>
<pin id="1152" dir="1" index="3" bw="0" slack="2147483647"/>
</pin_list>
<bind>
<opcode="write(1151) " fcode="write"/>
<opset="write_ln88/1 "/>
</bind>
</comp>

<comp id="1156" class="1004" name="write_ln88_write_fu_1156">
<pin_list>
<pin id="1157" dir="0" index="0" bw="0" slack="0"/>
<pin id="1158" dir="0" index="1" bw="32" slack="0"/>
<pin id="1159" dir="0" index="2" bw="32" slack="0"/>
<pin id="1160" dir="1" index="3" bw="0" slack="2147483647"/>
</pin_list>
<bind>
<opcode="write(1151) " fcode="write"/>
<opset="write_ln88/1 "/>
</bind>
</comp>

<comp id="1164" class="1004" name="write_ln88_write_fu_1164">
<pin_list>
<pin id="1165" dir="0" index="0" bw="0" slack="0"/>
<pin id="1166" dir="0" index="1" bw="32" slack="0"/>
<pin id="1167" dir="0" index="2" bw="32" slack="0"/>
<pin id="1168" dir="1" index="3" bw="0" slack="2147483647"/>
</pin_list>
<bind>
<opcode="write(1151) " fcode="write"/>
<opset="write_ln88/1 "/>
</bind>
</comp>

<comp id="1172" class="1004" name="write_ln88_write_fu_1172">
<pin_list>
<pin id="1173" dir="0" index="0" bw="0" slack="0"/>
<pin id="1174" dir="0" index="1" bw="32" slack="0"/>
<pin id="1175" dir="0" index="2" bw="32" slack="0"/>
<pin id="1176" dir="1" index="3" bw="0" slack="2147483647"/>
</pin_list>
<bind>
<opcode="write(1151) " fcode="write"/>
<opset="write_ln88/1 "/>
</bind>
</comp>

<comp id="1180" class="1004" name="write_ln88_write_fu_1180">
<pin_list>
<pin id="1181" dir="0" index="0" bw="0" slack="0"/>
<pin id="1182" dir="0" index="1" bw="32" slack="0"/>
<pin id="1183" dir="0" index="2" bw="32" slack="0"/>
<pin id="1184" dir="1" index="3" bw="0" slack="2147483647"/>
</pin_list>
<bind>
<opcode="write(1151) " fcode="write"/>
<opset="write_ln88/1 "/>
</bind>
</comp>

<comp id="1188" class="1004" name="write_ln88_write_fu_1188">
<pin_list>
<pin id="1189" dir="0" index="0" bw="0" slack="0"/>
<pin id="1190" dir="0" index="1" bw="32" slack="0"/>
<pin id="1191" dir="0" index="2" bw="32" slack="0"/>
<pin id="1192" dir="1" index="3" bw="0" slack="2147483647"/>
</pin_list>
<bind>
<opcode="write(1151) " fcode="write"/>
<opset="write_ln88/1 "/>
</bind>
</comp>

<comp id="1196" class="1004" name="write_ln88_write_fu_1196">
<pin_list>
<pin id="1197" dir="0" index="0" bw="0" slack="0"/>
<pin id="1198" dir="0" index="1" bw="32" slack="0"/>
<pin id="1199" dir="0" index="2" bw="32" slack="0"/>
<pin id="1200" dir="1" index="3" bw="0" slack="2147483647"/>
</pin_list>
<bind>
<opcode="write(1151) " fcode="write"/>
<opset="write_ln88/1 "/>
</bind>
</comp>

<comp id="1204" class="1004" name="write_ln88_write_fu_1204">
<pin_list>
<pin id="1205" dir="0" index="0" bw="0" slack="0"/>
<pin id="1206" dir="0" index="1" bw="32" slack="0"/>
<pin id="1207" dir="0" index="2" bw="32" slack="0"/>
<pin id="1208" dir="1" index="3" bw="0" slack="2147483647"/>
</pin_list>
<bind>
<opcode="write(1151) " fcode="write"/>
<opset="write_ln88/1 "/>
</bind>
</comp>

<comp id="1212" class="1004" name="write_ln88_write_fu_1212">
<pin_list>
<pin id="1213" dir="0" index="0" bw="0" slack="0"/>
<pin id="1214" dir="0" index="1" bw="32" slack="0"/>
<pin id="1215" dir="0" index="2" bw="32" slack="0"/>
<pin id="1216" dir="1" index="3" bw="0" slack="2147483647"/>
</pin_list>
<bind>
<opcode="write(1151) " fcode="write"/>
<opset="write_ln88/1 "/>
</bind>
</comp>

<comp id="1220" class="1004" name="write_ln88_write_fu_1220">
<pin_list>
<pin id="1221" dir="0" index="0" bw="0" slack="0"/>
<pin id="1222" dir="0" index="1" bw="32" slack="0"/>
<pin id="1223" dir="0" index="2" bw="32" slack="0"/>
<pin id="1224" dir="1" index="3" bw="0" slack="2147483647"/>
</pin_list>
<bind>
<opcode="write(1151) " fcode="write"/>
<opset="write_ln88/1 "/>
</bind>
</comp>

<comp id="1228" class="1004" name="write_ln88_write_fu_1228">
<pin_list>
<pin id="1229" dir="0" index="0" bw="0" slack="0"/>
<pin id="1230" dir="0" index="1" bw="32" slack="0"/>
<pin id="1231" dir="0" index="2" bw="32" slack="0"/>
<pin id="1232" dir="1" index="3" bw="0" slack="2147483647"/>
</pin_list>
<bind>
<opcode="write(1151) " fcode="write"/>
<opset="write_ln88/1 "/>
</bind>
</comp>

<comp id="1236" class="1004" name="write_ln88_write_fu_1236">
<pin_list>
<pin id="1237" dir="0" index="0" bw="0" slack="0"/>
<pin id="1238" dir="0" index="1" bw="32" slack="0"/>
<pin id="1239" dir="0" index="2" bw="32" slack="0"/>
<pin id="1240" dir="1" index="3" bw="0" slack="2147483647"/>
</pin_list>
<bind>
<opcode="write(1151) " fcode="write"/>
<opset="write_ln88/1 "/>
</bind>
</comp>

<comp id="1244" class="1004" name="write_ln88_write_fu_1244">
<pin_list>
<pin id="1245" dir="0" index="0" bw="0" slack="0"/>
<pin id="1246" dir="0" index="1" bw="32" slack="0"/>
<pin id="1247" dir="0" index="2" bw="32" slack="0"/>
<pin id="1248" dir="1" index="3" bw="0" slack="2147483647"/>
</pin_list>
<bind>
<opcode="write(1151) " fcode="write"/>
<opset="write_ln88/1 "/>
</bind>
</comp>

<comp id="1252" class="1004" name="write_ln88_write_fu_1252">
<pin_list>
<pin id="1253" dir="0" index="0" bw="0" slack="0"/>
<pin id="1254" dir="0" index="1" bw="32" slack="0"/>
<pin id="1255" dir="0" index="2" bw="32" slack="0"/>
<pin id="1256" dir="1" index="3" bw="0" slack="2147483647"/>
</pin_list>
<bind>
<opcode="write(1151) " fcode="write"/>
<opset="write_ln88/1 "/>
</bind>
</comp>

<comp id="1260" class="1004" name="write_ln88_write_fu_1260">
<pin_list>
<pin id="1261" dir="0" index="0" bw="0" slack="0"/>
<pin id="1262" dir="0" index="1" bw="32" slack="0"/>
<pin id="1263" dir="0" index="2" bw="32" slack="0"/>
<pin id="1264" dir="1" index="3" bw="0" slack="2147483647"/>
</pin_list>
<bind>
<opcode="write(1151) " fcode="write"/>
<opset="write_ln88/1 "/>
</bind>
</comp>

<comp id="1268" class="1004" name="write_ln88_write_fu_1268">
<pin_list>
<pin id="1269" dir="0" index="0" bw="0" slack="0"/>
<pin id="1270" dir="0" index="1" bw="32" slack="0"/>
<pin id="1271" dir="0" index="2" bw="32" slack="0"/>
<pin id="1272" dir="1" index="3" bw="0" slack="2147483647"/>
</pin_list>
<bind>
<opcode="write(1151) " fcode="write"/>
<opset="write_ln88/1 "/>
</bind>
</comp>

<comp id="1276" class="1004" name="write_ln88_write_fu_1276">
<pin_list>
<pin id="1277" dir="0" index="0" bw="0" slack="0"/>
<pin id="1278" dir="0" index="1" bw="32" slack="0"/>
<pin id="1279" dir="0" index="2" bw="32" slack="0"/>
<pin id="1280" dir="1" index="3" bw="0" slack="2147483647"/>
</pin_list>
<bind>
<opcode="write(1151) " fcode="write"/>
<opset="write_ln88/1 "/>
</bind>
</comp>

<comp id="1284" class="1004" name="write_ln88_write_fu_1284">
<pin_list>
<pin id="1285" dir="0" index="0" bw="0" slack="0"/>
<pin id="1286" dir="0" index="1" bw="32" slack="0"/>
<pin id="1287" dir="0" index="2" bw="32" slack="0"/>
<pin id="1288" dir="1" index="3" bw="0" slack="2147483647"/>
</pin_list>
<bind>
<opcode="write(1151) " fcode="write"/>
<opset="write_ln88/1 "/>
</bind>
</comp>

<comp id="1292" class="1004" name="write_ln88_write_fu_1292">
<pin_list>
<pin id="1293" dir="0" index="0" bw="0" slack="0"/>
<pin id="1294" dir="0" index="1" bw="32" slack="0"/>
<pin id="1295" dir="0" index="2" bw="32" slack="0"/>
<pin id="1296" dir="1" index="3" bw="0" slack="2147483647"/>
</pin_list>
<bind>
<opcode="write(1151) " fcode="write"/>
<opset="write_ln88/1 "/>
</bind>
</comp>

<comp id="1300" class="1004" name="write_ln88_write_fu_1300">
<pin_list>
<pin id="1301" dir="0" index="0" bw="0" slack="0"/>
<pin id="1302" dir="0" index="1" bw="32" slack="0"/>
<pin id="1303" dir="0" index="2" bw="32" slack="0"/>
<pin id="1304" dir="1" index="3" bw="0" slack="2147483647"/>
</pin_list>
<bind>
<opcode="write(1151) " fcode="write"/>
<opset="write_ln88/1 "/>
</bind>
</comp>

<comp id="1308" class="1004" name="write_ln88_write_fu_1308">
<pin_list>
<pin id="1309" dir="0" index="0" bw="0" slack="0"/>
<pin id="1310" dir="0" index="1" bw="32" slack="0"/>
<pin id="1311" dir="0" index="2" bw="32" slack="0"/>
<pin id="1312" dir="1" index="3" bw="0" slack="2147483647"/>
</pin_list>
<bind>
<opcode="write(1151) " fcode="write"/>
<opset="write_ln88/1 "/>
</bind>
</comp>

<comp id="1316" class="1004" name="write_ln88_write_fu_1316">
<pin_list>
<pin id="1317" dir="0" index="0" bw="0" slack="0"/>
<pin id="1318" dir="0" index="1" bw="32" slack="0"/>
<pin id="1319" dir="0" index="2" bw="32" slack="0"/>
<pin id="1320" dir="1" index="3" bw="0" slack="2147483647"/>
</pin_list>
<bind>
<opcode="write(1151) " fcode="write"/>
<opset="write_ln88/1 "/>
</bind>
</comp>

<comp id="1324" class="1004" name="write_ln88_write_fu_1324">
<pin_list>
<pin id="1325" dir="0" index="0" bw="0" slack="0"/>
<pin id="1326" dir="0" index="1" bw="32" slack="0"/>
<pin id="1327" dir="0" index="2" bw="32" slack="0"/>
<pin id="1328" dir="1" index="3" bw="0" slack="2147483647"/>
</pin_list>
<bind>
<opcode="write(1151) " fcode="write"/>
<opset="write_ln88/1 "/>
</bind>
</comp>

<comp id="1332" class="1004" name="write_ln88_write_fu_1332">
<pin_list>
<pin id="1333" dir="0" index="0" bw="0" slack="0"/>
<pin id="1334" dir="0" index="1" bw="32" slack="0"/>
<pin id="1335" dir="0" index="2" bw="32" slack="0"/>
<pin id="1336" dir="1" index="3" bw="0" slack="2147483647"/>
</pin_list>
<bind>
<opcode="write(1151) " fcode="write"/>
<opset="write_ln88/1 "/>
</bind>
</comp>

<comp id="1340" class="1004" name="write_ln88_write_fu_1340">
<pin_list>
<pin id="1341" dir="0" index="0" bw="0" slack="0"/>
<pin id="1342" dir="0" index="1" bw="32" slack="0"/>
<pin id="1343" dir="0" index="2" bw="32" slack="0"/>
<pin id="1344" dir="1" index="3" bw="0" slack="2147483647"/>
</pin_list>
<bind>
<opcode="write(1151) " fcode="write"/>
<opset="write_ln88/1 "/>
</bind>
</comp>

<comp id="1348" class="1004" name="write_ln88_write_fu_1348">
<pin_list>
<pin id="1349" dir="0" index="0" bw="0" slack="0"/>
<pin id="1350" dir="0" index="1" bw="32" slack="0"/>
<pin id="1351" dir="0" index="2" bw="32" slack="0"/>
<pin id="1352" dir="1" index="3" bw="0" slack="2147483647"/>
</pin_list>
<bind>
<opcode="write(1151) " fcode="write"/>
<opset="write_ln88/1 "/>
</bind>
</comp>

<comp id="1356" class="1004" name="write_ln88_write_fu_1356">
<pin_list>
<pin id="1357" dir="0" index="0" bw="0" slack="0"/>
<pin id="1358" dir="0" index="1" bw="32" slack="0"/>
<pin id="1359" dir="0" index="2" bw="32" slack="0"/>
<pin id="1360" dir="1" index="3" bw="0" slack="2147483647"/>
</pin_list>
<bind>
<opcode="write(1151) " fcode="write"/>
<opset="write_ln88/1 "/>
</bind>
</comp>

<comp id="1364" class="1004" name="write_ln88_write_fu_1364">
<pin_list>
<pin id="1365" dir="0" index="0" bw="0" slack="0"/>
<pin id="1366" dir="0" index="1" bw="32" slack="0"/>
<pin id="1367" dir="0" index="2" bw="32" slack="0"/>
<pin id="1368" dir="1" index="3" bw="0" slack="2147483647"/>
</pin_list>
<bind>
<opcode="write(1151) " fcode="write"/>
<opset="write_ln88/1 "/>
</bind>
</comp>

<comp id="1372" class="1004" name="write_ln88_write_fu_1372">
<pin_list>
<pin id="1373" dir="0" index="0" bw="0" slack="0"/>
<pin id="1374" dir="0" index="1" bw="32" slack="0"/>
<pin id="1375" dir="0" index="2" bw="32" slack="0"/>
<pin id="1376" dir="1" index="3" bw="0" slack="2147483647"/>
</pin_list>
<bind>
<opcode="write(1151) " fcode="write"/>
<opset="write_ln88/1 "/>
</bind>
</comp>

<comp id="1380" class="1004" name="write_ln88_write_fu_1380">
<pin_list>
<pin id="1381" dir="0" index="0" bw="0" slack="0"/>
<pin id="1382" dir="0" index="1" bw="32" slack="0"/>
<pin id="1383" dir="0" index="2" bw="32" slack="0"/>
<pin id="1384" dir="1" index="3" bw="0" slack="2147483647"/>
</pin_list>
<bind>
<opcode="write(1151) " fcode="write"/>
<opset="write_ln88/1 "/>
</bind>
</comp>

<comp id="1388" class="1004" name="write_ln88_write_fu_1388">
<pin_list>
<pin id="1389" dir="0" index="0" bw="0" slack="0"/>
<pin id="1390" dir="0" index="1" bw="32" slack="0"/>
<pin id="1391" dir="0" index="2" bw="32" slack="0"/>
<pin id="1392" dir="1" index="3" bw="0" slack="2147483647"/>
</pin_list>
<bind>
<opcode="write(1151) " fcode="write"/>
<opset="write_ln88/1 "/>
</bind>
</comp>

<comp id="1396" class="1004" name="write_ln88_write_fu_1396">
<pin_list>
<pin id="1397" dir="0" index="0" bw="0" slack="0"/>
<pin id="1398" dir="0" index="1" bw="32" slack="0"/>
<pin id="1399" dir="0" index="2" bw="32" slack="0"/>
<pin id="1400" dir="1" index="3" bw="0" slack="2147483647"/>
</pin_list>
<bind>
<opcode="write(1151) " fcode="write"/>
<opset="write_ln88/1 "/>
</bind>
</comp>

<comp id="1404" class="1004" name="write_ln88_write_fu_1404">
<pin_list>
<pin id="1405" dir="0" index="0" bw="0" slack="0"/>
<pin id="1406" dir="0" index="1" bw="32" slack="0"/>
<pin id="1407" dir="0" index="2" bw="32" slack="0"/>
<pin id="1408" dir="1" index="3" bw="0" slack="2147483647"/>
</pin_list>
<bind>
<opcode="write(1151) " fcode="write"/>
<opset="write_ln88/1 "/>
</bind>
</comp>

<comp id="1412" class="1004" name="write_ln88_write_fu_1412">
<pin_list>
<pin id="1413" dir="0" index="0" bw="0" slack="0"/>
<pin id="1414" dir="0" index="1" bw="32" slack="0"/>
<pin id="1415" dir="0" index="2" bw="32" slack="0"/>
<pin id="1416" dir="1" index="3" bw="0" slack="2147483647"/>
</pin_list>
<bind>
<opcode="write(1151) " fcode="write"/>
<opset="write_ln88/1 "/>
</bind>
</comp>

<comp id="1420" class="1004" name="write_ln88_write_fu_1420">
<pin_list>
<pin id="1421" dir="0" index="0" bw="0" slack="0"/>
<pin id="1422" dir="0" index="1" bw="32" slack="0"/>
<pin id="1423" dir="0" index="2" bw="32" slack="0"/>
<pin id="1424" dir="1" index="3" bw="0" slack="2147483647"/>
</pin_list>
<bind>
<opcode="write(1151) " fcode="write"/>
<opset="write_ln88/1 "/>
</bind>
</comp>

<comp id="1428" class="1004" name="write_ln88_write_fu_1428">
<pin_list>
<pin id="1429" dir="0" index="0" bw="0" slack="0"/>
<pin id="1430" dir="0" index="1" bw="32" slack="0"/>
<pin id="1431" dir="0" index="2" bw="32" slack="0"/>
<pin id="1432" dir="1" index="3" bw="0" slack="2147483647"/>
</pin_list>
<bind>
<opcode="write(1151) " fcode="write"/>
<opset="write_ln88/1 "/>
</bind>
</comp>

<comp id="1436" class="1004" name="write_ln88_write_fu_1436">
<pin_list>
<pin id="1437" dir="0" index="0" bw="0" slack="0"/>
<pin id="1438" dir="0" index="1" bw="32" slack="0"/>
<pin id="1439" dir="0" index="2" bw="32" slack="0"/>
<pin id="1440" dir="1" index="3" bw="0" slack="2147483647"/>
</pin_list>
<bind>
<opcode="write(1151) " fcode="write"/>
<opset="write_ln88/1 "/>
</bind>
</comp>

<comp id="1444" class="1004" name="write_ln88_write_fu_1444">
<pin_list>
<pin id="1445" dir="0" index="0" bw="0" slack="0"/>
<pin id="1446" dir="0" index="1" bw="32" slack="0"/>
<pin id="1447" dir="0" index="2" bw="32" slack="0"/>
<pin id="1448" dir="1" index="3" bw="0" slack="2147483647"/>
</pin_list>
<bind>
<opcode="write(1151) " fcode="write"/>
<opset="write_ln88/1 "/>
</bind>
</comp>

<comp id="1452" class="1004" name="write_ln88_write_fu_1452">
<pin_list>
<pin id="1453" dir="0" index="0" bw="0" slack="0"/>
<pin id="1454" dir="0" index="1" bw="32" slack="0"/>
<pin id="1455" dir="0" index="2" bw="32" slack="0"/>
<pin id="1456" dir="1" index="3" bw="0" slack="2147483647"/>
</pin_list>
<bind>
<opcode="write(1151) " fcode="write"/>
<opset="write_ln88/1 "/>
</bind>
</comp>

<comp id="1460" class="1004" name="write_ln88_write_fu_1460">
<pin_list>
<pin id="1461" dir="0" index="0" bw="0" slack="0"/>
<pin id="1462" dir="0" index="1" bw="32" slack="0"/>
<pin id="1463" dir="0" index="2" bw="32" slack="0"/>
<pin id="1464" dir="1" index="3" bw="0" slack="2147483647"/>
</pin_list>
<bind>
<opcode="write(1151) " fcode="write"/>
<opset="write_ln88/1 "/>
</bind>
</comp>

<comp id="1468" class="1004" name="write_ln88_write_fu_1468">
<pin_list>
<pin id="1469" dir="0" index="0" bw="0" slack="0"/>
<pin id="1470" dir="0" index="1" bw="32" slack="0"/>
<pin id="1471" dir="0" index="2" bw="32" slack="0"/>
<pin id="1472" dir="1" index="3" bw="0" slack="2147483647"/>
</pin_list>
<bind>
<opcode="write(1151) " fcode="write"/>
<opset="write_ln88/1 "/>
</bind>
</comp>

<comp id="1476" class="1004" name="write_ln88_write_fu_1476">
<pin_list>
<pin id="1477" dir="0" index="0" bw="0" slack="0"/>
<pin id="1478" dir="0" index="1" bw="32" slack="0"/>
<pin id="1479" dir="0" index="2" bw="32" slack="0"/>
<pin id="1480" dir="1" index="3" bw="0" slack="2147483647"/>
</pin_list>
<bind>
<opcode="write(1151) " fcode="write"/>
<opset="write_ln88/1 "/>
</bind>
</comp>

<comp id="1484" class="1004" name="write_ln88_write_fu_1484">
<pin_list>
<pin id="1485" dir="0" index="0" bw="0" slack="0"/>
<pin id="1486" dir="0" index="1" bw="32" slack="0"/>
<pin id="1487" dir="0" index="2" bw="32" slack="0"/>
<pin id="1488" dir="1" index="3" bw="0" slack="2147483647"/>
</pin_list>
<bind>
<opcode="write(1151) " fcode="write"/>
<opset="write_ln88/1 "/>
</bind>
</comp>

<comp id="1492" class="1004" name="write_ln88_write_fu_1492">
<pin_list>
<pin id="1493" dir="0" index="0" bw="0" slack="0"/>
<pin id="1494" dir="0" index="1" bw="32" slack="0"/>
<pin id="1495" dir="0" index="2" bw="32" slack="0"/>
<pin id="1496" dir="1" index="3" bw="0" slack="2147483647"/>
</pin_list>
<bind>
<opcode="write(1151) " fcode="write"/>
<opset="write_ln88/1 "/>
</bind>
</comp>

<comp id="1500" class="1004" name="write_ln88_write_fu_1500">
<pin_list>
<pin id="1501" dir="0" index="0" bw="0" slack="0"/>
<pin id="1502" dir="0" index="1" bw="32" slack="0"/>
<pin id="1503" dir="0" index="2" bw="32" slack="0"/>
<pin id="1504" dir="1" index="3" bw="0" slack="2147483647"/>
</pin_list>
<bind>
<opcode="write(1151) " fcode="write"/>
<opset="write_ln88/1 "/>
</bind>
</comp>

<comp id="1508" class="1004" name="write_ln88_write_fu_1508">
<pin_list>
<pin id="1509" dir="0" index="0" bw="0" slack="0"/>
<pin id="1510" dir="0" index="1" bw="32" slack="0"/>
<pin id="1511" dir="0" index="2" bw="32" slack="0"/>
<pin id="1512" dir="1" index="3" bw="0" slack="2147483647"/>
</pin_list>
<bind>
<opcode="write(1151) " fcode="write"/>
<opset="write_ln88/1 "/>
</bind>
</comp>

<comp id="1516" class="1004" name="write_ln88_write_fu_1516">
<pin_list>
<pin id="1517" dir="0" index="0" bw="0" slack="0"/>
<pin id="1518" dir="0" index="1" bw="32" slack="0"/>
<pin id="1519" dir="0" index="2" bw="32" slack="0"/>
<pin id="1520" dir="1" index="3" bw="0" slack="2147483647"/>
</pin_list>
<bind>
<opcode="write(1151) " fcode="write"/>
<opset="write_ln88/1 "/>
</bind>
</comp>

<comp id="1524" class="1004" name="write_ln88_write_fu_1524">
<pin_list>
<pin id="1525" dir="0" index="0" bw="0" slack="0"/>
<pin id="1526" dir="0" index="1" bw="32" slack="0"/>
<pin id="1527" dir="0" index="2" bw="32" slack="0"/>
<pin id="1528" dir="1" index="3" bw="0" slack="2147483647"/>
</pin_list>
<bind>
<opcode="write(1151) " fcode="write"/>
<opset="write_ln88/1 "/>
</bind>
</comp>

<comp id="1532" class="1004" name="write_ln88_write_fu_1532">
<pin_list>
<pin id="1533" dir="0" index="0" bw="0" slack="0"/>
<pin id="1534" dir="0" index="1" bw="32" slack="0"/>
<pin id="1535" dir="0" index="2" bw="32" slack="0"/>
<pin id="1536" dir="1" index="3" bw="0" slack="2147483647"/>
</pin_list>
<bind>
<opcode="write(1151) " fcode="write"/>
<opset="write_ln88/1 "/>
</bind>
</comp>

<comp id="1540" class="1004" name="write_ln88_write_fu_1540">
<pin_list>
<pin id="1541" dir="0" index="0" bw="0" slack="0"/>
<pin id="1542" dir="0" index="1" bw="32" slack="0"/>
<pin id="1543" dir="0" index="2" bw="32" slack="0"/>
<pin id="1544" dir="1" index="3" bw="0" slack="2147483647"/>
</pin_list>
<bind>
<opcode="write(1151) " fcode="write"/>
<opset="write_ln88/1 "/>
</bind>
</comp>

<comp id="1548" class="1004" name="write_ln88_write_fu_1548">
<pin_list>
<pin id="1549" dir="0" index="0" bw="0" slack="0"/>
<pin id="1550" dir="0" index="1" bw="32" slack="0"/>
<pin id="1551" dir="0" index="2" bw="32" slack="0"/>
<pin id="1552" dir="1" index="3" bw="0" slack="2147483647"/>
</pin_list>
<bind>
<opcode="write(1151) " fcode="write"/>
<opset="write_ln88/1 "/>
</bind>
</comp>

<comp id="1556" class="1004" name="write_ln88_write_fu_1556">
<pin_list>
<pin id="1557" dir="0" index="0" bw="0" slack="0"/>
<pin id="1558" dir="0" index="1" bw="32" slack="0"/>
<pin id="1559" dir="0" index="2" bw="32" slack="0"/>
<pin id="1560" dir="1" index="3" bw="0" slack="2147483647"/>
</pin_list>
<bind>
<opcode="write(1151) " fcode="write"/>
<opset="write_ln88/1 "/>
</bind>
</comp>

<comp id="1564" class="1004" name="write_ln88_write_fu_1564">
<pin_list>
<pin id="1565" dir="0" index="0" bw="0" slack="0"/>
<pin id="1566" dir="0" index="1" bw="32" slack="0"/>
<pin id="1567" dir="0" index="2" bw="32" slack="0"/>
<pin id="1568" dir="1" index="3" bw="0" slack="2147483647"/>
</pin_list>
<bind>
<opcode="write(1151) " fcode="write"/>
<opset="write_ln88/1 "/>
</bind>
</comp>

<comp id="1572" class="1004" name="write_ln88_write_fu_1572">
<pin_list>
<pin id="1573" dir="0" index="0" bw="0" slack="0"/>
<pin id="1574" dir="0" index="1" bw="32" slack="0"/>
<pin id="1575" dir="0" index="2" bw="32" slack="0"/>
<pin id="1576" dir="1" index="3" bw="0" slack="2147483647"/>
</pin_list>
<bind>
<opcode="write(1151) " fcode="write"/>
<opset="write_ln88/1 "/>
</bind>
</comp>

<comp id="1580" class="1004" name="write_ln88_write_fu_1580">
<pin_list>
<pin id="1581" dir="0" index="0" bw="0" slack="0"/>
<pin id="1582" dir="0" index="1" bw="32" slack="0"/>
<pin id="1583" dir="0" index="2" bw="32" slack="0"/>
<pin id="1584" dir="1" index="3" bw="0" slack="2147483647"/>
</pin_list>
<bind>
<opcode="write(1151) " fcode="write"/>
<opset="write_ln88/1 "/>
</bind>
</comp>

<comp id="1588" class="1004" name="write_ln88_write_fu_1588">
<pin_list>
<pin id="1589" dir="0" index="0" bw="0" slack="0"/>
<pin id="1590" dir="0" index="1" bw="32" slack="0"/>
<pin id="1591" dir="0" index="2" bw="32" slack="0"/>
<pin id="1592" dir="1" index="3" bw="0" slack="2147483647"/>
</pin_list>
<bind>
<opcode="write(1151) " fcode="write"/>
<opset="write_ln88/1 "/>
</bind>
</comp>

<comp id="1596" class="1004" name="write_ln88_write_fu_1596">
<pin_list>
<pin id="1597" dir="0" index="0" bw="0" slack="0"/>
<pin id="1598" dir="0" index="1" bw="32" slack="0"/>
<pin id="1599" dir="0" index="2" bw="32" slack="0"/>
<pin id="1600" dir="1" index="3" bw="0" slack="2147483647"/>
</pin_list>
<bind>
<opcode="write(1151) " fcode="write"/>
<opset="write_ln88/1 "/>
</bind>
</comp>

<comp id="1604" class="1004" name="write_ln88_write_fu_1604">
<pin_list>
<pin id="1605" dir="0" index="0" bw="0" slack="0"/>
<pin id="1606" dir="0" index="1" bw="32" slack="0"/>
<pin id="1607" dir="0" index="2" bw="32" slack="0"/>
<pin id="1608" dir="1" index="3" bw="0" slack="2147483647"/>
</pin_list>
<bind>
<opcode="write(1151) " fcode="write"/>
<opset="write_ln88/1 "/>
</bind>
</comp>

<comp id="1612" class="1004" name="P_tile_0_addr_gep_fu_1612">
<pin_list>
<pin id="1613" dir="0" index="0" bw="16" slack="0"/>
<pin id="1614" dir="0" index="1" bw="1" slack="0"/>
<pin id="1615" dir="0" index="2" bw="9" slack="0"/>
<pin id="1616" dir="1" index="3" bw="9" slack="0"/>
</pin_list>
<bind>
<opcode="getelementptr(29) " fcode="getelementptr"/>
<opset="P_tile_0_addr/1 "/>
</bind>
</comp>

<comp id="1619" class="1004" name="P_tile_0_addr_1_gep_fu_1619">
<pin_list>
<pin id="1620" dir="0" index="0" bw="16" slack="0"/>
<pin id="1621" dir="0" index="1" bw="1" slack="0"/>
<pin id="1622" dir="0" index="2" bw="9" slack="0"/>
<pin id="1623" dir="1" index="3" bw="9" slack="1"/>
</pin_list>
<bind>
<opcode="getelementptr(29) " fcode="getelementptr"/>
<opset="P_tile_0_addr_1/1 "/>
</bind>
</comp>

<comp id="1626" class="1004" name="P_tile_0_addr_2_gep_fu_1626">
<pin_list>
<pin id="1627" dir="0" index="0" bw="16" slack="0"/>
<pin id="1628" dir="0" index="1" bw="1" slack="0"/>
<pin id="1629" dir="0" index="2" bw="9" slack="0"/>
<pin id="1630" dir="1" index="3" bw="9" slack="2"/>
</pin_list>
<bind>
<opcode="getelementptr(29) " fcode="getelementptr"/>
<opset="P_tile_0_addr_2/1 "/>
</bind>
</comp>

<comp id="1633" class="1004" name="P_tile_0_addr_3_gep_fu_1633">
<pin_list>
<pin id="1634" dir="0" index="0" bw="16" slack="0"/>
<pin id="1635" dir="0" index="1" bw="1" slack="0"/>
<pin id="1636" dir="0" index="2" bw="9" slack="0"/>
<pin id="1637" dir="1" index="3" bw="9" slack="3"/>
</pin_list>
<bind>
<opcode="getelementptr(29) " fcode="getelementptr"/>
<opset="P_tile_0_addr_3/1 "/>
</bind>
</comp>

<comp id="1640" class="1004" name="P_tile_0_addr_4_gep_fu_1640">
<pin_list>
<pin id="1641" dir="0" index="0" bw="16" slack="0"/>
<pin id="1642" dir="0" index="1" bw="1" slack="0"/>
<pin id="1643" dir="0" index="2" bw="9" slack="0"/>
<pin id="1644" dir="1" index="3" bw="9" slack="4"/>
</pin_list>
<bind>
<opcode="getelementptr(29) " fcode="getelementptr"/>
<opset="P_tile_0_addr_4/1 "/>
</bind>
</comp>

<comp id="1647" class="1004" name="P_tile_0_addr_5_gep_fu_1647">
<pin_list>
<pin id="1648" dir="0" index="0" bw="16" slack="0"/>
<pin id="1649" dir="0" index="1" bw="1" slack="0"/>
<pin id="1650" dir="0" index="2" bw="9" slack="0"/>
<pin id="1651" dir="1" index="3" bw="9" slack="5"/>
</pin_list>
<bind>
<opcode="getelementptr(29) " fcode="getelementptr"/>
<opset="P_tile_0_addr_5/1 "/>
</bind>
</comp>

<comp id="1654" class="1004" name="P_tile_0_addr_6_gep_fu_1654">
<pin_list>
<pin id="1655" dir="0" index="0" bw="16" slack="0"/>
<pin id="1656" dir="0" index="1" bw="1" slack="0"/>
<pin id="1657" dir="0" index="2" bw="9" slack="0"/>
<pin id="1658" dir="1" index="3" bw="9" slack="6"/>
</pin_list>
<bind>
<opcode="getelementptr(29) " fcode="getelementptr"/>
<opset="P_tile_0_addr_6/1 "/>
</bind>
</comp>

<comp id="1661" class="1004" name="P_tile_0_addr_7_gep_fu_1661">
<pin_list>
<pin id="1662" dir="0" index="0" bw="16" slack="0"/>
<pin id="1663" dir="0" index="1" bw="1" slack="0"/>
<pin id="1664" dir="0" index="2" bw="9" slack="0"/>
<pin id="1665" dir="1" index="3" bw="9" slack="7"/>
</pin_list>
<bind>
<opcode="getelementptr(29) " fcode="getelementptr"/>
<opset="P_tile_0_addr_7/1 "/>
</bind>
</comp>

<comp id="1668" class="1004" name="P_tile_1_addr_gep_fu_1668">
<pin_list>
<pin id="1669" dir="0" index="0" bw="16" slack="0"/>
<pin id="1670" dir="0" index="1" bw="1" slack="0"/>
<pin id="1671" dir="0" index="2" bw="9" slack="0"/>
<pin id="1672" dir="1" index="3" bw="9" slack="0"/>
</pin_list>
<bind>
<opcode="getelementptr(29) " fcode="getelementptr"/>
<opset="P_tile_1_addr/1 "/>
</bind>
</comp>

<comp id="1675" class="1004" name="P_tile_1_addr_1_gep_fu_1675">
<pin_list>
<pin id="1676" dir="0" index="0" bw="16" slack="0"/>
<pin id="1677" dir="0" index="1" bw="1" slack="0"/>
<pin id="1678" dir="0" index="2" bw="9" slack="0"/>
<pin id="1679" dir="1" index="3" bw="9" slack="1"/>
</pin_list>
<bind>
<opcode="getelementptr(29) " fcode="getelementptr"/>
<opset="P_tile_1_addr_1/1 "/>
</bind>
</comp>

<comp id="1682" class="1004" name="P_tile_1_addr_2_gep_fu_1682">
<pin_list>
<pin id="1683" dir="0" index="0" bw="16" slack="0"/>
<pin id="1684" dir="0" index="1" bw="1" slack="0"/>
<pin id="1685" dir="0" index="2" bw="9" slack="0"/>
<pin id="1686" dir="1" index="3" bw="9" slack="2"/>
</pin_list>
<bind>
<opcode="getelementptr(29) " fcode="getelementptr"/>
<opset="P_tile_1_addr_2/1 "/>
</bind>
</comp>

<comp id="1689" class="1004" name="P_tile_1_addr_3_gep_fu_1689">
<pin_list>
<pin id="1690" dir="0" index="0" bw="16" slack="0"/>
<pin id="1691" dir="0" index="1" bw="1" slack="0"/>
<pin id="1692" dir="0" index="2" bw="9" slack="0"/>
<pin id="1693" dir="1" index="3" bw="9" slack="3"/>
</pin_list>
<bind>
<opcode="getelementptr(29) " fcode="getelementptr"/>
<opset="P_tile_1_addr_3/1 "/>
</bind>
</comp>

<comp id="1696" class="1004" name="P_tile_1_addr_4_gep_fu_1696">
<pin_list>
<pin id="1697" dir="0" index="0" bw="16" slack="0"/>
<pin id="1698" dir="0" index="1" bw="1" slack="0"/>
<pin id="1699" dir="0" index="2" bw="9" slack="0"/>
<pin id="1700" dir="1" index="3" bw="9" slack="4"/>
</pin_list>
<bind>
<opcode="getelementptr(29) " fcode="getelementptr"/>
<opset="P_tile_1_addr_4/1 "/>
</bind>
</comp>

<comp id="1703" class="1004" name="P_tile_1_addr_5_gep_fu_1703">
<pin_list>
<pin id="1704" dir="0" index="0" bw="16" slack="0"/>
<pin id="1705" dir="0" index="1" bw="1" slack="0"/>
<pin id="1706" dir="0" index="2" bw="9" slack="0"/>
<pin id="1707" dir="1" index="3" bw="9" slack="5"/>
</pin_list>
<bind>
<opcode="getelementptr(29) " fcode="getelementptr"/>
<opset="P_tile_1_addr_5/1 "/>
</bind>
</comp>

<comp id="1710" class="1004" name="P_tile_1_addr_6_gep_fu_1710">
<pin_list>
<pin id="1711" dir="0" index="0" bw="16" slack="0"/>
<pin id="1712" dir="0" index="1" bw="1" slack="0"/>
<pin id="1713" dir="0" index="2" bw="9" slack="0"/>
<pin id="1714" dir="1" index="3" bw="9" slack="6"/>
</pin_list>
<bind>
<opcode="getelementptr(29) " fcode="getelementptr"/>
<opset="P_tile_1_addr_6/1 "/>
</bind>
</comp>

<comp id="1717" class="1004" name="P_tile_1_addr_7_gep_fu_1717">
<pin_list>
<pin id="1718" dir="0" index="0" bw="16" slack="0"/>
<pin id="1719" dir="0" index="1" bw="1" slack="0"/>
<pin id="1720" dir="0" index="2" bw="9" slack="0"/>
<pin id="1721" dir="1" index="3" bw="9" slack="7"/>
</pin_list>
<bind>
<opcode="getelementptr(29) " fcode="getelementptr"/>
<opset="P_tile_1_addr_7/1 "/>
</bind>
</comp>

<comp id="1724" class="1004" name="P_tile_2_addr_gep_fu_1724">
<pin_list>
<pin id="1725" dir="0" index="0" bw="16" slack="0"/>
<pin id="1726" dir="0" index="1" bw="1" slack="0"/>
<pin id="1727" dir="0" index="2" bw="9" slack="0"/>
<pin id="1728" dir="1" index="3" bw="9" slack="0"/>
</pin_list>
<bind>
<opcode="getelementptr(29) " fcode="getelementptr"/>
<opset="P_tile_2_addr/1 "/>
</bind>
</comp>

<comp id="1731" class="1004" name="P_tile_2_addr_1_gep_fu_1731">
<pin_list>
<pin id="1732" dir="0" index="0" bw="16" slack="0"/>
<pin id="1733" dir="0" index="1" bw="1" slack="0"/>
<pin id="1734" dir="0" index="2" bw="9" slack="0"/>
<pin id="1735" dir="1" index="3" bw="9" slack="1"/>
</pin_list>
<bind>
<opcode="getelementptr(29) " fcode="getelementptr"/>
<opset="P_tile_2_addr_1/1 "/>
</bind>
</comp>

<comp id="1738" class="1004" name="P_tile_2_addr_2_gep_fu_1738">
<pin_list>
<pin id="1739" dir="0" index="0" bw="16" slack="0"/>
<pin id="1740" dir="0" index="1" bw="1" slack="0"/>
<pin id="1741" dir="0" index="2" bw="9" slack="0"/>
<pin id="1742" dir="1" index="3" bw="9" slack="2"/>
</pin_list>
<bind>
<opcode="getelementptr(29) " fcode="getelementptr"/>
<opset="P_tile_2_addr_2/1 "/>
</bind>
</comp>

<comp id="1745" class="1004" name="P_tile_2_addr_3_gep_fu_1745">
<pin_list>
<pin id="1746" dir="0" index="0" bw="16" slack="0"/>
<pin id="1747" dir="0" index="1" bw="1" slack="0"/>
<pin id="1748" dir="0" index="2" bw="9" slack="0"/>
<pin id="1749" dir="1" index="3" bw="9" slack="3"/>
</pin_list>
<bind>
<opcode="getelementptr(29) " fcode="getelementptr"/>
<opset="P_tile_2_addr_3/1 "/>
</bind>
</comp>

<comp id="1752" class="1004" name="P_tile_2_addr_4_gep_fu_1752">
<pin_list>
<pin id="1753" dir="0" index="0" bw="16" slack="0"/>
<pin id="1754" dir="0" index="1" bw="1" slack="0"/>
<pin id="1755" dir="0" index="2" bw="9" slack="0"/>
<pin id="1756" dir="1" index="3" bw="9" slack="4"/>
</pin_list>
<bind>
<opcode="getelementptr(29) " fcode="getelementptr"/>
<opset="P_tile_2_addr_4/1 "/>
</bind>
</comp>

<comp id="1759" class="1004" name="P_tile_2_addr_5_gep_fu_1759">
<pin_list>
<pin id="1760" dir="0" index="0" bw="16" slack="0"/>
<pin id="1761" dir="0" index="1" bw="1" slack="0"/>
<pin id="1762" dir="0" index="2" bw="9" slack="0"/>
<pin id="1763" dir="1" index="3" bw="9" slack="5"/>
</pin_list>
<bind>
<opcode="getelementptr(29) " fcode="getelementptr"/>
<opset="P_tile_2_addr_5/1 "/>
</bind>
</comp>

<comp id="1766" class="1004" name="P_tile_2_addr_6_gep_fu_1766">
<pin_list>
<pin id="1767" dir="0" index="0" bw="16" slack="0"/>
<pin id="1768" dir="0" index="1" bw="1" slack="0"/>
<pin id="1769" dir="0" index="2" bw="9" slack="0"/>
<pin id="1770" dir="1" index="3" bw="9" slack="6"/>
</pin_list>
<bind>
<opcode="getelementptr(29) " fcode="getelementptr"/>
<opset="P_tile_2_addr_6/1 "/>
</bind>
</comp>

<comp id="1773" class="1004" name="P_tile_2_addr_7_gep_fu_1773">
<pin_list>
<pin id="1774" dir="0" index="0" bw="16" slack="0"/>
<pin id="1775" dir="0" index="1" bw="1" slack="0"/>
<pin id="1776" dir="0" index="2" bw="9" slack="0"/>
<pin id="1777" dir="1" index="3" bw="9" slack="7"/>
</pin_list>
<bind>
<opcode="getelementptr(29) " fcode="getelementptr"/>
<opset="P_tile_2_addr_7/1 "/>
</bind>
</comp>

<comp id="1780" class="1004" name="P_tile_3_addr_gep_fu_1780">
<pin_list>
<pin id="1781" dir="0" index="0" bw="16" slack="0"/>
<pin id="1782" dir="0" index="1" bw="1" slack="0"/>
<pin id="1783" dir="0" index="2" bw="9" slack="0"/>
<pin id="1784" dir="1" index="3" bw="9" slack="0"/>
</pin_list>
<bind>
<opcode="getelementptr(29) " fcode="getelementptr"/>
<opset="P_tile_3_addr/1 "/>
</bind>
</comp>

<comp id="1787" class="1004" name="P_tile_3_addr_1_gep_fu_1787">
<pin_list>
<pin id="1788" dir="0" index="0" bw="16" slack="0"/>
<pin id="1789" dir="0" index="1" bw="1" slack="0"/>
<pin id="1790" dir="0" index="2" bw="9" slack="0"/>
<pin id="1791" dir="1" index="3" bw="9" slack="1"/>
</pin_list>
<bind>
<opcode="getelementptr(29) " fcode="getelementptr"/>
<opset="P_tile_3_addr_1/1 "/>
</bind>
</comp>

<comp id="1794" class="1004" name="P_tile_3_addr_2_gep_fu_1794">
<pin_list>
<pin id="1795" dir="0" index="0" bw="16" slack="0"/>
<pin id="1796" dir="0" index="1" bw="1" slack="0"/>
<pin id="1797" dir="0" index="2" bw="9" slack="0"/>
<pin id="1798" dir="1" index="3" bw="9" slack="2"/>
</pin_list>
<bind>
<opcode="getelementptr(29) " fcode="getelementptr"/>
<opset="P_tile_3_addr_2/1 "/>
</bind>
</comp>

<comp id="1801" class="1004" name="P_tile_3_addr_3_gep_fu_1801">
<pin_list>
<pin id="1802" dir="0" index="0" bw="16" slack="0"/>
<pin id="1803" dir="0" index="1" bw="1" slack="0"/>
<pin id="1804" dir="0" index="2" bw="9" slack="0"/>
<pin id="1805" dir="1" index="3" bw="9" slack="3"/>
</pin_list>
<bind>
<opcode="getelementptr(29) " fcode="getelementptr"/>
<opset="P_tile_3_addr_3/1 "/>
</bind>
</comp>

<comp id="1808" class="1004" name="P_tile_3_addr_4_gep_fu_1808">
<pin_list>
<pin id="1809" dir="0" index="0" bw="16" slack="0"/>
<pin id="1810" dir="0" index="1" bw="1" slack="0"/>
<pin id="1811" dir="0" index="2" bw="9" slack="0"/>
<pin id="1812" dir="1" index="3" bw="9" slack="4"/>
</pin_list>
<bind>
<opcode="getelementptr(29) " fcode="getelementptr"/>
<opset="P_tile_3_addr_4/1 "/>
</bind>
</comp>

<comp id="1815" class="1004" name="P_tile_3_addr_5_gep_fu_1815">
<pin_list>
<pin id="1816" dir="0" index="0" bw="16" slack="0"/>
<pin id="1817" dir="0" index="1" bw="1" slack="0"/>
<pin id="1818" dir="0" index="2" bw="9" slack="0"/>
<pin id="1819" dir="1" index="3" bw="9" slack="5"/>
</pin_list>
<bind>
<opcode="getelementptr(29) " fcode="getelementptr"/>
<opset="P_tile_3_addr_5/1 "/>
</bind>
</comp>

<comp id="1822" class="1004" name="P_tile_3_addr_6_gep_fu_1822">
<pin_list>
<pin id="1823" dir="0" index="0" bw="16" slack="0"/>
<pin id="1824" dir="0" index="1" bw="1" slack="0"/>
<pin id="1825" dir="0" index="2" bw="9" slack="0"/>
<pin id="1826" dir="1" index="3" bw="9" slack="6"/>
</pin_list>
<bind>
<opcode="getelementptr(29) " fcode="getelementptr"/>
<opset="P_tile_3_addr_6/1 "/>
</bind>
</comp>

<comp id="1829" class="1004" name="P_tile_3_addr_7_gep_fu_1829">
<pin_list>
<pin id="1830" dir="0" index="0" bw="16" slack="0"/>
<pin id="1831" dir="0" index="1" bw="1" slack="0"/>
<pin id="1832" dir="0" index="2" bw="9" slack="0"/>
<pin id="1833" dir="1" index="3" bw="9" slack="7"/>
</pin_list>
<bind>
<opcode="getelementptr(29) " fcode="getelementptr"/>
<opset="P_tile_3_addr_7/1 "/>
</bind>
</comp>

<comp id="1836" class="1004" name="P_tile_4_addr_gep_fu_1836">
<pin_list>
<pin id="1837" dir="0" index="0" bw="16" slack="0"/>
<pin id="1838" dir="0" index="1" bw="1" slack="0"/>
<pin id="1839" dir="0" index="2" bw="9" slack="0"/>
<pin id="1840" dir="1" index="3" bw="9" slack="0"/>
</pin_list>
<bind>
<opcode="getelementptr(29) " fcode="getelementptr"/>
<opset="P_tile_4_addr/1 "/>
</bind>
</comp>

<comp id="1843" class="1004" name="P_tile_4_addr_1_gep_fu_1843">
<pin_list>
<pin id="1844" dir="0" index="0" bw="16" slack="0"/>
<pin id="1845" dir="0" index="1" bw="1" slack="0"/>
<pin id="1846" dir="0" index="2" bw="9" slack="0"/>
<pin id="1847" dir="1" index="3" bw="9" slack="1"/>
</pin_list>
<bind>
<opcode="getelementptr(29) " fcode="getelementptr"/>
<opset="P_tile_4_addr_1/1 "/>
</bind>
</comp>

<comp id="1850" class="1004" name="P_tile_4_addr_2_gep_fu_1850">
<pin_list>
<pin id="1851" dir="0" index="0" bw="16" slack="0"/>
<pin id="1852" dir="0" index="1" bw="1" slack="0"/>
<pin id="1853" dir="0" index="2" bw="9" slack="0"/>
<pin id="1854" dir="1" index="3" bw="9" slack="2"/>
</pin_list>
<bind>
<opcode="getelementptr(29) " fcode="getelementptr"/>
<opset="P_tile_4_addr_2/1 "/>
</bind>
</comp>

<comp id="1857" class="1004" name="P_tile_4_addr_3_gep_fu_1857">
<pin_list>
<pin id="1858" dir="0" index="0" bw="16" slack="0"/>
<pin id="1859" dir="0" index="1" bw="1" slack="0"/>
<pin id="1860" dir="0" index="2" bw="9" slack="0"/>
<pin id="1861" dir="1" index="3" bw="9" slack="3"/>
</pin_list>
<bind>
<opcode="getelementptr(29) " fcode="getelementptr"/>
<opset="P_tile_4_addr_3/1 "/>
</bind>
</comp>

<comp id="1864" class="1004" name="P_tile_4_addr_4_gep_fu_1864">
<pin_list>
<pin id="1865" dir="0" index="0" bw="16" slack="0"/>
<pin id="1866" dir="0" index="1" bw="1" slack="0"/>
<pin id="1867" dir="0" index="2" bw="9" slack="0"/>
<pin id="1868" dir="1" index="3" bw="9" slack="4"/>
</pin_list>
<bind>
<opcode="getelementptr(29) " fcode="getelementptr"/>
<opset="P_tile_4_addr_4/1 "/>
</bind>
</comp>

<comp id="1871" class="1004" name="P_tile_4_addr_5_gep_fu_1871">
<pin_list>
<pin id="1872" dir="0" index="0" bw="16" slack="0"/>
<pin id="1873" dir="0" index="1" bw="1" slack="0"/>
<pin id="1874" dir="0" index="2" bw="9" slack="0"/>
<pin id="1875" dir="1" index="3" bw="9" slack="5"/>
</pin_list>
<bind>
<opcode="getelementptr(29) " fcode="getelementptr"/>
<opset="P_tile_4_addr_5/1 "/>
</bind>
</comp>

<comp id="1878" class="1004" name="P_tile_4_addr_6_gep_fu_1878">
<pin_list>
<pin id="1879" dir="0" index="0" bw="16" slack="0"/>
<pin id="1880" dir="0" index="1" bw="1" slack="0"/>
<pin id="1881" dir="0" index="2" bw="9" slack="0"/>
<pin id="1882" dir="1" index="3" bw="9" slack="6"/>
</pin_list>
<bind>
<opcode="getelementptr(29) " fcode="getelementptr"/>
<opset="P_tile_4_addr_6/1 "/>
</bind>
</comp>

<comp id="1885" class="1004" name="P_tile_4_addr_7_gep_fu_1885">
<pin_list>
<pin id="1886" dir="0" index="0" bw="16" slack="0"/>
<pin id="1887" dir="0" index="1" bw="1" slack="0"/>
<pin id="1888" dir="0" index="2" bw="9" slack="0"/>
<pin id="1889" dir="1" index="3" bw="9" slack="7"/>
</pin_list>
<bind>
<opcode="getelementptr(29) " fcode="getelementptr"/>
<opset="P_tile_4_addr_7/1 "/>
</bind>
</comp>

<comp id="1892" class="1004" name="P_tile_5_addr_gep_fu_1892">
<pin_list>
<pin id="1893" dir="0" index="0" bw="16" slack="0"/>
<pin id="1894" dir="0" index="1" bw="1" slack="0"/>
<pin id="1895" dir="0" index="2" bw="9" slack="0"/>
<pin id="1896" dir="1" index="3" bw="9" slack="0"/>
</pin_list>
<bind>
<opcode="getelementptr(29) " fcode="getelementptr"/>
<opset="P_tile_5_addr/1 "/>
</bind>
</comp>

<comp id="1899" class="1004" name="P_tile_5_addr_1_gep_fu_1899">
<pin_list>
<pin id="1900" dir="0" index="0" bw="16" slack="0"/>
<pin id="1901" dir="0" index="1" bw="1" slack="0"/>
<pin id="1902" dir="0" index="2" bw="9" slack="0"/>
<pin id="1903" dir="1" index="3" bw="9" slack="1"/>
</pin_list>
<bind>
<opcode="getelementptr(29) " fcode="getelementptr"/>
<opset="P_tile_5_addr_1/1 "/>
</bind>
</comp>

<comp id="1906" class="1004" name="P_tile_5_addr_2_gep_fu_1906">
<pin_list>
<pin id="1907" dir="0" index="0" bw="16" slack="0"/>
<pin id="1908" dir="0" index="1" bw="1" slack="0"/>
<pin id="1909" dir="0" index="2" bw="9" slack="0"/>
<pin id="1910" dir="1" index="3" bw="9" slack="2"/>
</pin_list>
<bind>
<opcode="getelementptr(29) " fcode="getelementptr"/>
<opset="P_tile_5_addr_2/1 "/>
</bind>
</comp>

<comp id="1913" class="1004" name="P_tile_5_addr_3_gep_fu_1913">
<pin_list>
<pin id="1914" dir="0" index="0" bw="16" slack="0"/>
<pin id="1915" dir="0" index="1" bw="1" slack="0"/>
<pin id="1916" dir="0" index="2" bw="9" slack="0"/>
<pin id="1917" dir="1" index="3" bw="9" slack="3"/>
</pin_list>
<bind>
<opcode="getelementptr(29) " fcode="getelementptr"/>
<opset="P_tile_5_addr_3/1 "/>
</bind>
</comp>

<comp id="1920" class="1004" name="P_tile_5_addr_4_gep_fu_1920">
<pin_list>
<pin id="1921" dir="0" index="0" bw="16" slack="0"/>
<pin id="1922" dir="0" index="1" bw="1" slack="0"/>
<pin id="1923" dir="0" index="2" bw="9" slack="0"/>
<pin id="1924" dir="1" index="3" bw="9" slack="4"/>
</pin_list>
<bind>
<opcode="getelementptr(29) " fcode="getelementptr"/>
<opset="P_tile_5_addr_4/1 "/>
</bind>
</comp>

<comp id="1927" class="1004" name="P_tile_5_addr_5_gep_fu_1927">
<pin_list>
<pin id="1928" dir="0" index="0" bw="16" slack="0"/>
<pin id="1929" dir="0" index="1" bw="1" slack="0"/>
<pin id="1930" dir="0" index="2" bw="9" slack="0"/>
<pin id="1931" dir="1" index="3" bw="9" slack="5"/>
</pin_list>
<bind>
<opcode="getelementptr(29) " fcode="getelementptr"/>
<opset="P_tile_5_addr_5/1 "/>
</bind>
</comp>

<comp id="1934" class="1004" name="P_tile_5_addr_6_gep_fu_1934">
<pin_list>
<pin id="1935" dir="0" index="0" bw="16" slack="0"/>
<pin id="1936" dir="0" index="1" bw="1" slack="0"/>
<pin id="1937" dir="0" index="2" bw="9" slack="0"/>
<pin id="1938" dir="1" index="3" bw="9" slack="6"/>
</pin_list>
<bind>
<opcode="getelementptr(29) " fcode="getelementptr"/>
<opset="P_tile_5_addr_6/1 "/>
</bind>
</comp>

<comp id="1941" class="1004" name="P_tile_5_addr_7_gep_fu_1941">
<pin_list>
<pin id="1942" dir="0" index="0" bw="16" slack="0"/>
<pin id="1943" dir="0" index="1" bw="1" slack="0"/>
<pin id="1944" dir="0" index="2" bw="9" slack="0"/>
<pin id="1945" dir="1" index="3" bw="9" slack="7"/>
</pin_list>
<bind>
<opcode="getelementptr(29) " fcode="getelementptr"/>
<opset="P_tile_5_addr_7/1 "/>
</bind>
</comp>

<comp id="1948" class="1004" name="P_tile_6_addr_gep_fu_1948">
<pin_list>
<pin id="1949" dir="0" index="0" bw="16" slack="0"/>
<pin id="1950" dir="0" index="1" bw="1" slack="0"/>
<pin id="1951" dir="0" index="2" bw="9" slack="0"/>
<pin id="1952" dir="1" index="3" bw="9" slack="0"/>
</pin_list>
<bind>
<opcode="getelementptr(29) " fcode="getelementptr"/>
<opset="P_tile_6_addr/1 "/>
</bind>
</comp>

<comp id="1955" class="1004" name="P_tile_6_addr_1_gep_fu_1955">
<pin_list>
<pin id="1956" dir="0" index="0" bw="16" slack="0"/>
<pin id="1957" dir="0" index="1" bw="1" slack="0"/>
<pin id="1958" dir="0" index="2" bw="9" slack="0"/>
<pin id="1959" dir="1" index="3" bw="9" slack="1"/>
</pin_list>
<bind>
<opcode="getelementptr(29) " fcode="getelementptr"/>
<opset="P_tile_6_addr_1/1 "/>
</bind>
</comp>

<comp id="1962" class="1004" name="P_tile_6_addr_2_gep_fu_1962">
<pin_list>
<pin id="1963" dir="0" index="0" bw="16" slack="0"/>
<pin id="1964" dir="0" index="1" bw="1" slack="0"/>
<pin id="1965" dir="0" index="2" bw="9" slack="0"/>
<pin id="1966" dir="1" index="3" bw="9" slack="2"/>
</pin_list>
<bind>
<opcode="getelementptr(29) " fcode="getelementptr"/>
<opset="P_tile_6_addr_2/1 "/>
</bind>
</comp>

<comp id="1969" class="1004" name="P_tile_6_addr_3_gep_fu_1969">
<pin_list>
<pin id="1970" dir="0" index="0" bw="16" slack="0"/>
<pin id="1971" dir="0" index="1" bw="1" slack="0"/>
<pin id="1972" dir="0" index="2" bw="9" slack="0"/>
<pin id="1973" dir="1" index="3" bw="9" slack="3"/>
</pin_list>
<bind>
<opcode="getelementptr(29) " fcode="getelementptr"/>
<opset="P_tile_6_addr_3/1 "/>
</bind>
</comp>

<comp id="1976" class="1004" name="P_tile_6_addr_4_gep_fu_1976">
<pin_list>
<pin id="1977" dir="0" index="0" bw="16" slack="0"/>
<pin id="1978" dir="0" index="1" bw="1" slack="0"/>
<pin id="1979" dir="0" index="2" bw="9" slack="0"/>
<pin id="1980" dir="1" index="3" bw="9" slack="4"/>
</pin_list>
<bind>
<opcode="getelementptr(29) " fcode="getelementptr"/>
<opset="P_tile_6_addr_4/1 "/>
</bind>
</comp>

<comp id="1983" class="1004" name="P_tile_6_addr_5_gep_fu_1983">
<pin_list>
<pin id="1984" dir="0" index="0" bw="16" slack="0"/>
<pin id="1985" dir="0" index="1" bw="1" slack="0"/>
<pin id="1986" dir="0" index="2" bw="9" slack="0"/>
<pin id="1987" dir="1" index="3" bw="9" slack="5"/>
</pin_list>
<bind>
<opcode="getelementptr(29) " fcode="getelementptr"/>
<opset="P_tile_6_addr_5/1 "/>
</bind>
</comp>

<comp id="1990" class="1004" name="P_tile_6_addr_6_gep_fu_1990">
<pin_list>
<pin id="1991" dir="0" index="0" bw="16" slack="0"/>
<pin id="1992" dir="0" index="1" bw="1" slack="0"/>
<pin id="1993" dir="0" index="2" bw="9" slack="0"/>
<pin id="1994" dir="1" index="3" bw="9" slack="6"/>
</pin_list>
<bind>
<opcode="getelementptr(29) " fcode="getelementptr"/>
<opset="P_tile_6_addr_6/1 "/>
</bind>
</comp>

<comp id="1997" class="1004" name="P_tile_6_addr_7_gep_fu_1997">
<pin_list>
<pin id="1998" dir="0" index="0" bw="16" slack="0"/>
<pin id="1999" dir="0" index="1" bw="1" slack="0"/>
<pin id="2000" dir="0" index="2" bw="9" slack="0"/>
<pin id="2001" dir="1" index="3" bw="9" slack="7"/>
</pin_list>
<bind>
<opcode="getelementptr(29) " fcode="getelementptr"/>
<opset="P_tile_6_addr_7/1 "/>
</bind>
</comp>

<comp id="2004" class="1004" name="P_tile_7_addr_gep_fu_2004">
<pin_list>
<pin id="2005" dir="0" index="0" bw="16" slack="0"/>
<pin id="2006" dir="0" index="1" bw="1" slack="0"/>
<pin id="2007" dir="0" index="2" bw="9" slack="0"/>
<pin id="2008" dir="1" index="3" bw="9" slack="0"/>
</pin_list>
<bind>
<opcode="getelementptr(29) " fcode="getelementptr"/>
<opset="P_tile_7_addr/1 "/>
</bind>
</comp>

<comp id="2011" class="1004" name="P_tile_7_addr_1_gep_fu_2011">
<pin_list>
<pin id="2012" dir="0" index="0" bw="16" slack="0"/>
<pin id="2013" dir="0" index="1" bw="1" slack="0"/>
<pin id="2014" dir="0" index="2" bw="9" slack="0"/>
<pin id="2015" dir="1" index="3" bw="9" slack="1"/>
</pin_list>
<bind>
<opcode="getelementptr(29) " fcode="getelementptr"/>
<opset="P_tile_7_addr_1/1 "/>
</bind>
</comp>

<comp id="2018" class="1004" name="P_tile_7_addr_2_gep_fu_2018">
<pin_list>
<pin id="2019" dir="0" index="0" bw="16" slack="0"/>
<pin id="2020" dir="0" index="1" bw="1" slack="0"/>
<pin id="2021" dir="0" index="2" bw="9" slack="0"/>
<pin id="2022" dir="1" index="3" bw="9" slack="2"/>
</pin_list>
<bind>
<opcode="getelementptr(29) " fcode="getelementptr"/>
<opset="P_tile_7_addr_2/1 "/>
</bind>
</comp>

<comp id="2025" class="1004" name="P_tile_7_addr_3_gep_fu_2025">
<pin_list>
<pin id="2026" dir="0" index="0" bw="16" slack="0"/>
<pin id="2027" dir="0" index="1" bw="1" slack="0"/>
<pin id="2028" dir="0" index="2" bw="9" slack="0"/>
<pin id="2029" dir="1" index="3" bw="9" slack="3"/>
</pin_list>
<bind>
<opcode="getelementptr(29) " fcode="getelementptr"/>
<opset="P_tile_7_addr_3/1 "/>
</bind>
</comp>

<comp id="2032" class="1004" name="P_tile_7_addr_4_gep_fu_2032">
<pin_list>
<pin id="2033" dir="0" index="0" bw="16" slack="0"/>
<pin id="2034" dir="0" index="1" bw="1" slack="0"/>
<pin id="2035" dir="0" index="2" bw="9" slack="0"/>
<pin id="2036" dir="1" index="3" bw="9" slack="4"/>
</pin_list>
<bind>
<opcode="getelementptr(29) " fcode="getelementptr"/>
<opset="P_tile_7_addr_4/1 "/>
</bind>
</comp>

<comp id="2039" class="1004" name="P_tile_7_addr_5_gep_fu_2039">
<pin_list>
<pin id="2040" dir="0" index="0" bw="16" slack="0"/>
<pin id="2041" dir="0" index="1" bw="1" slack="0"/>
<pin id="2042" dir="0" index="2" bw="9" slack="0"/>
<pin id="2043" dir="1" index="3" bw="9" slack="5"/>
</pin_list>
<bind>
<opcode="getelementptr(29) " fcode="getelementptr"/>
<opset="P_tile_7_addr_5/1 "/>
</bind>
</comp>

<comp id="2046" class="1004" name="P_tile_7_addr_6_gep_fu_2046">
<pin_list>
<pin id="2047" dir="0" index="0" bw="16" slack="0"/>
<pin id="2048" dir="0" index="1" bw="1" slack="0"/>
<pin id="2049" dir="0" index="2" bw="9" slack="0"/>
<pin id="2050" dir="1" index="3" bw="9" slack="6"/>
</pin_list>
<bind>
<opcode="getelementptr(29) " fcode="getelementptr"/>
<opset="P_tile_7_addr_6/1 "/>
</bind>
</comp>

<comp id="2053" class="1004" name="P_tile_7_addr_7_gep_fu_2053">
<pin_list>
<pin id="2054" dir="0" index="0" bw="16" slack="0"/>
<pin id="2055" dir="0" index="1" bw="1" slack="0"/>
<pin id="2056" dir="0" index="2" bw="9" slack="0"/>
<pin id="2057" dir="1" index="3" bw="9" slack="7"/>
</pin_list>
<bind>
<opcode="getelementptr(29) " fcode="getelementptr"/>
<opset="P_tile_7_addr_7/1 "/>
</bind>
</comp>

<comp id="2060" class="1004" name="grp_access_fu_2060">
<pin_list>
<pin id="2061" dir="0" index="0" bw="9" slack="2147483647"/>
<pin id="2062" dir="0" index="1" bw="16" slack="2147483647"/>
<pin id="2063" dir="0" index="2" bw="0" slack="0"/>
<pin id="2065" dir="0" index="4" bw="9" slack="0"/>
<pin id="2066" dir="0" index="5" bw="16" slack="2147483647"/>
<pin id="2067" dir="0" index="6" bw="0" slack="2147483647"/>
<pin id="2064" dir="1" index="3" bw="16" slack="2147483647"/>
<pin id="2068" dir="1" index="7" bw="16" slack="2147483647"/>
</pin_list>
<bind>
<opcode="store(28) " fcode="store"/>
<opset="store_ln90/1 store_ln90/2 store_ln90/3 store_ln90/4 store_ln90/5 store_ln90/6 store_ln90/7 store_ln90/8 "/>
</bind>
</comp>

<comp id="2071" class="1004" name="grp_access_fu_2071">
<pin_list>
<pin id="2072" dir="0" index="0" bw="9" slack="2147483647"/>
<pin id="2073" dir="0" index="1" bw="16" slack="2147483647"/>
<pin id="2074" dir="0" index="2" bw="0" slack="0"/>
<pin id="2076" dir="0" index="4" bw="9" slack="0"/>
<pin id="2077" dir="0" index="5" bw="16" slack="2147483647"/>
<pin id="2078" dir="0" index="6" bw="0" slack="2147483647"/>
<pin id="2075" dir="1" index="3" bw="16" slack="2147483647"/>
<pin id="2079" dir="1" index="7" bw="16" slack="2147483647"/>
</pin_list>
<bind>
<opcode="store(28) " fcode="store"/>
<opset="store_ln90/1 store_ln90/2 store_ln90/3 store_ln90/4 store_ln90/5 store_ln90/6 store_ln90/7 store_ln90/8 "/>
</bind>
</comp>

<comp id="2082" class="1004" name="grp_access_fu_2082">
<pin_list>
<pin id="2083" dir="0" index="0" bw="9" slack="2147483647"/>
<pin id="2084" dir="0" index="1" bw="16" slack="2147483647"/>
<pin id="2085" dir="0" index="2" bw="0" slack="0"/>
<pin id="2087" dir="0" index="4" bw="9" slack="0"/>
<pin id="2088" dir="0" index="5" bw="16" slack="2147483647"/>
<pin id="2089" dir="0" index="6" bw="0" slack="2147483647"/>
<pin id="2086" dir="1" index="3" bw="16" slack="2147483647"/>
<pin id="2090" dir="1" index="7" bw="16" slack="2147483647"/>
</pin_list>
<bind>
<opcode="store(28) " fcode="store"/>
<opset="store_ln90/1 store_ln90/2 store_ln90/3 store_ln90/4 store_ln90/5 store_ln90/6 store_ln90/7 store_ln90/8 "/>
</bind>
</comp>

<comp id="2093" class="1004" name="grp_access_fu_2093">
<pin_list>
<pin id="2094" dir="0" index="0" bw="9" slack="2147483647"/>
<pin id="2095" dir="0" index="1" bw="16" slack="2147483647"/>
<pin id="2096" dir="0" index="2" bw="0" slack="0"/>
<pin id="2098" dir="0" index="4" bw="9" slack="0"/>
<pin id="2099" dir="0" index="5" bw="16" slack="2147483647"/>
<pin id="2100" dir="0" index="6" bw="0" slack="2147483647"/>
<pin id="2097" dir="1" index="3" bw="16" slack="2147483647"/>
<pin id="2101" dir="1" index="7" bw="16" slack="2147483647"/>
</pin_list>
<bind>
<opcode="store(28) " fcode="store"/>
<opset="store_ln90/1 store_ln90/2 store_ln90/3 store_ln90/4 store_ln90/5 store_ln90/6 store_ln90/7 store_ln90/8 "/>
</bind>
</comp>

<comp id="2104" class="1004" name="grp_access_fu_2104">
<pin_list>
<pin id="2105" dir="0" index="0" bw="9" slack="2147483647"/>
<pin id="2106" dir="0" index="1" bw="16" slack="2147483647"/>
<pin id="2107" dir="0" index="2" bw="0" slack="0"/>
<pin id="2109" dir="0" index="4" bw="9" slack="0"/>
<pin id="2110" dir="0" index="5" bw="16" slack="2147483647"/>
<pin id="2111" dir="0" index="6" bw="0" slack="2147483647"/>
<pin id="2108" dir="1" index="3" bw="16" slack="2147483647"/>
<pin id="2112" dir="1" index="7" bw="16" slack="2147483647"/>
</pin_list>
<bind>
<opcode="store(28) " fcode="store"/>
<opset="store_ln90/1 store_ln90/2 store_ln90/3 store_ln90/4 store_ln90/5 store_ln90/6 store_ln90/7 store_ln90/8 "/>
</bind>
</comp>

<comp id="2115" class="1004" name="grp_access_fu_2115">
<pin_list>
<pin id="2116" dir="0" index="0" bw="9" slack="2147483647"/>
<pin id="2117" dir="0" index="1" bw="16" slack="2147483647"/>
<pin id="2118" dir="0" index="2" bw="0" slack="0"/>
<pin id="2120" dir="0" index="4" bw="9" slack="0"/>
<pin id="2121" dir="0" index="5" bw="16" slack="2147483647"/>
<pin id="2122" dir="0" index="6" bw="0" slack="2147483647"/>
<pin id="2119" dir="1" index="3" bw="16" slack="2147483647"/>
<pin id="2123" dir="1" index="7" bw="16" slack="2147483647"/>
</pin_list>
<bind>
<opcode="store(28) " fcode="store"/>
<opset="store_ln90/1 store_ln90/2 store_ln90/3 store_ln90/4 store_ln90/5 store_ln90/6 store_ln90/7 store_ln90/8 "/>
</bind>
</comp>

<comp id="2126" class="1004" name="grp_access_fu_2126">
<pin_list>
<pin id="2127" dir="0" index="0" bw="9" slack="2147483647"/>
<pin id="2128" dir="0" index="1" bw="16" slack="2147483647"/>
<pin id="2129" dir="0" index="2" bw="0" slack="0"/>
<pin id="2131" dir="0" index="4" bw="9" slack="0"/>
<pin id="2132" dir="0" index="5" bw="16" slack="2147483647"/>
<pin id="2133" dir="0" index="6" bw="0" slack="2147483647"/>
<pin id="2130" dir="1" index="3" bw="16" slack="2147483647"/>
<pin id="2134" dir="1" index="7" bw="16" slack="2147483647"/>
</pin_list>
<bind>
<opcode="store(28) " fcode="store"/>
<opset="store_ln90/1 store_ln90/2 store_ln90/3 store_ln90/4 store_ln90/5 store_ln90/6 store_ln90/7 store_ln90/8 "/>
</bind>
</comp>

<comp id="2137" class="1004" name="grp_access_fu_2137">
<pin_list>
<pin id="2138" dir="0" index="0" bw="9" slack="2147483647"/>
<pin id="2139" dir="0" index="1" bw="16" slack="2147483647"/>
<pin id="2140" dir="0" index="2" bw="0" slack="0"/>
<pin id="2142" dir="0" index="4" bw="9" slack="0"/>
<pin id="2143" dir="0" index="5" bw="16" slack="2147483647"/>
<pin id="2144" dir="0" index="6" bw="0" slack="2147483647"/>
<pin id="2141" dir="1" index="3" bw="16" slack="2147483647"/>
<pin id="2145" dir="1" index="7" bw="16" slack="2147483647"/>
</pin_list>
<bind>
<opcode="store(28) " fcode="store"/>
<opset="store_ln90/1 store_ln90/2 store_ln90/3 store_ln90/4 store_ln90/5 store_ln90/6 store_ln90/7 store_ln90/8 "/>
</bind>
</comp>

<comp id="2148" class="1004" name="grp_fu_2148">
<pin_list>
<pin id="2149" dir="0" index="0" bw="16" slack="0"/>
<pin id="2150" dir="1" index="1" bw="0" slack="2147483647"/>
</pin_list>
<bind>
<opcode="muxlogic(592) " fcode="muxlogic"/>
<opset="muxLogicRAMData_to_store_ln90/1 muxLogicRAMData_to_store_ln90/2 muxLogicRAMData_to_store_ln90/3 muxLogicRAMData_to_store_ln90/4 muxLogicRAMData_to_store_ln90/5 muxLogicRAMData_to_store_ln90/6 muxLogicRAMData_to_store_ln90/7 muxLogicRAMData_to_store_ln90/8 "/>
</bind>
</comp>

<comp id="2152" class="1004" name="grp_fu_2152">
<pin_list>
<pin id="2153" dir="0" index="0" bw="16" slack="0"/>
<pin id="2154" dir="1" index="1" bw="0" slack="2147483647"/>
</pin_list>
<bind>
<opcode="muxlogic(592) " fcode="muxlogic"/>
<opset="muxLogicRAMData_to_store_ln90/1 muxLogicRAMData_to_store_ln90/2 muxLogicRAMData_to_store_ln90/3 muxLogicRAMData_to_store_ln90/4 muxLogicRAMData_to_store_ln90/5 muxLogicRAMData_to_store_ln90/6 muxLogicRAMData_to_store_ln90/7 muxLogicRAMData_to_store_ln90/8 "/>
</bind>
</comp>

<comp id="2156" class="1004" name="grp_fu_2156">
<pin_list>
<pin id="2157" dir="0" index="0" bw="16" slack="0"/>
<pin id="2158" dir="1" index="1" bw="0" slack="2147483647"/>
</pin_list>
<bind>
<opcode="muxlogic(592) " fcode="muxlogic"/>
<opset="muxLogicRAMData_to_store_ln90/1 muxLogicRAMData_to_store_ln90/2 muxLogicRAMData_to_store_ln90/3 muxLogicRAMData_to_store_ln90/4 muxLogicRAMData_to_store_ln90/5 muxLogicRAMData_to_store_ln90/6 muxLogicRAMData_to_store_ln90/7 muxLogicRAMData_to_store_ln90/8 "/>
</bind>
</comp>

<comp id="2160" class="1004" name="grp_fu_2160">
<pin_list>
<pin id="2161" dir="0" index="0" bw="16" slack="0"/>
<pin id="2162" dir="1" index="1" bw="0" slack="2147483647"/>
</pin_list>
<bind>
<opcode="muxlogic(592) " fcode="muxlogic"/>
<opset="muxLogicRAMData_to_store_ln90/1 muxLogicRAMData_to_store_ln90/2 muxLogicRAMData_to_store_ln90/3 muxLogicRAMData_to_store_ln90/4 muxLogicRAMData_to_store_ln90/5 muxLogicRAMData_to_store_ln90/6 muxLogicRAMData_to_store_ln90/7 muxLogicRAMData_to_store_ln90/8 "/>
</bind>
</comp>

<comp id="2164" class="1004" name="grp_fu_2164">
<pin_list>
<pin id="2165" dir="0" index="0" bw="16" slack="0"/>
<pin id="2166" dir="1" index="1" bw="0" slack="2147483647"/>
</pin_list>
<bind>
<opcode="muxlogic(592) " fcode="muxlogic"/>
<opset="muxLogicRAMData_to_store_ln90/1 muxLogicRAMData_to_store_ln90/2 muxLogicRAMData_to_store_ln90/3 muxLogicRAMData_to_store_ln90/4 muxLogicRAMData_to_store_ln90/5 muxLogicRAMData_to_store_ln90/6 muxLogicRAMData_to_store_ln90/7 muxLogicRAMData_to_store_ln90/8 "/>
</bind>
</comp>

<comp id="2168" class="1004" name="grp_fu_2168">
<pin_list>
<pin id="2169" dir="0" index="0" bw="16" slack="0"/>
<pin id="2170" dir="1" index="1" bw="0" slack="2147483647"/>
</pin_list>
<bind>
<opcode="muxlogic(592) " fcode="muxlogic"/>
<opset="muxLogicRAMData_to_store_ln90/1 muxLogicRAMData_to_store_ln90/2 muxLogicRAMData_to_store_ln90/3 muxLogicRAMData_to_store_ln90/4 muxLogicRAMData_to_store_ln90/5 muxLogicRAMData_to_store_ln90/6 muxLogicRAMData_to_store_ln90/7 muxLogicRAMData_to_store_ln90/8 "/>
</bind>
</comp>

<comp id="2172" class="1004" name="grp_fu_2172">
<pin_list>
<pin id="2173" dir="0" index="0" bw="16" slack="0"/>
<pin id="2174" dir="1" index="1" bw="0" slack="2147483647"/>
</pin_list>
<bind>
<opcode="muxlogic(592) " fcode="muxlogic"/>
<opset="muxLogicRAMData_to_store_ln90/1 muxLogicRAMData_to_store_ln90/2 muxLogicRAMData_to_store_ln90/3 muxLogicRAMData_to_store_ln90/4 muxLogicRAMData_to_store_ln90/5 muxLogicRAMData_to_store_ln90/6 muxLogicRAMData_to_store_ln90/7 muxLogicRAMData_to_store_ln90/8 "/>
</bind>
</comp>

<comp id="2176" class="1004" name="grp_fu_2176">
<pin_list>
<pin id="2177" dir="0" index="0" bw="16" slack="0"/>
<pin id="2178" dir="1" index="1" bw="0" slack="2147483647"/>
</pin_list>
<bind>
<opcode="muxlogic(592) " fcode="muxlogic"/>
<opset="muxLogicRAMData_to_store_ln90/1 muxLogicRAMData_to_store_ln90/2 muxLogicRAMData_to_store_ln90/3 muxLogicRAMData_to_store_ln90/4 muxLogicRAMData_to_store_ln90/5 muxLogicRAMData_to_store_ln90/6 muxLogicRAMData_to_store_ln90/7 muxLogicRAMData_to_store_ln90/8 "/>
</bind>
</comp>

<comp id="2180" class="1004" name="store_ln85_store_fu_2180">
<pin_list>
<pin id="2181" dir="0" index="0" bw="32" slack="0"/>
<pin id="2182" dir="0" index="1" bw="32" slack="0"/>
<pin id="2183" dir="1" index="2" bw="0" slack="2147483647"/>
</pin_list>
<bind>
<opcode="store(28) " fcode="store"/>
<opset="store_ln85/1 "/>
</bind>
</comp>

<comp id="2185" class="1004" name="i_2_load_fu_2185">
<pin_list>
<pin id="2186" dir="0" index="0" bw="32" slack="0"/>
<pin id="2187" dir="1" index="1" bw="32" slack="0"/>
</pin_list>
<bind>
<opcode="load(27) " fcode="load"/>
<opset="i_2/1 "/>
</bind>
</comp>

<comp id="2188" class="1004" name="tmp_fu_2188">
<pin_list>
<pin id="2189" dir="0" index="0" bw="26" slack="0"/>
<pin id="2190" dir="0" index="1" bw="32" slack="0"/>
<pin id="2191" dir="0" index="2" bw="4" slack="0"/>
<pin id="2192" dir="0" index="3" bw="6" slack="0"/>
<pin id="2193" dir="1" index="4" bw="26" slack="0"/>
</pin_list>
<bind>
<opcode="partselect(1002) " fcode="partselect"/>
<opset="tmp/1 "/>
</bind>
</comp>

<comp id="2198" class="1004" name="icmp_ln85_fu_2198">
<pin_list>
<pin id="2199" dir="0" index="0" bw="26" slack="0"/>
<pin id="2200" dir="0" index="1" bw="26" slack="0"/>
<pin id="2201" dir="1" index="2" bw="1" slack="2147483647"/>
</pin_list>
<bind>
<opcode="icmp(45) " fcode="icmp"/>
<opset="icmp_ln85/1 "/>
</bind>
</comp>

<comp id="2204" class="1004" name="trunc_ln85_fu_2204">
<pin_list>
<pin id="2205" dir="0" index="0" bw="32" slack="0"/>
<pin id="2206" dir="1" index="1" bw="6" slack="0"/>
</pin_list>
<bind>
<opcode="trunc(33) " fcode="trunc"/>
<opset="trunc_ln85/1 "/>
</bind>
</comp>

<comp id="2208" class="1004" name="tmp_s_fu_2208">
<pin_list>
<pin id="2209" dir="0" index="0" bw="9" slack="0"/>
<pin id="2210" dir="0" index="1" bw="6" slack="0"/>
<pin id="2211" dir="0" index="2" bw="1" slack="0"/>
<pin id="2212" dir="1" index="3" bw="9" slack="0"/>
</pin_list>
<bind>
<opcode="bitconcatenate(1004) " fcode="bitconcatenate"/>
<opset="tmp_s/1 "/>
</bind>
</comp>

<comp id="2216" class="1004" name="zext_ln90_fu_2216">
<pin_list>
<pin id="2217" dir="0" index="0" bw="9" slack="0"/>
<pin id="2218" dir="1" index="1" bw="64" slack="0"/>
</pin_list>
<bind>
<opcode="zext(34) " fcode="zext"/>
<opset="zext_ln90/1 "/>
</bind>
</comp>

<comp id="2228" class="1004" name="tmp_16_fu_2228">
<pin_list>
<pin id="2229" dir="0" index="0" bw="9" slack="0"/>
<pin id="2230" dir="0" index="1" bw="6" slack="0"/>
<pin id="2231" dir="0" index="2" bw="1" slack="0"/>
<pin id="2232" dir="1" index="3" bw="9" slack="0"/>
</pin_list>
<bind>
<opcode="bitconcatenate(1004) " fcode="bitconcatenate"/>
<opset="tmp_16/1 "/>
</bind>
</comp>

<comp id="2236" class="1004" name="zext_ln90_1_fu_2236">
<pin_list>
<pin id="2237" dir="0" index="0" bw="9" slack="0"/>
<pin id="2238" dir="1" index="1" bw="64" slack="0"/>
</pin_list>
<bind>
<opcode="zext(34) " fcode="zext"/>
<opset="zext_ln90_1/1 "/>
</bind>
</comp>

<comp id="2248" class="1004" name="tmp_17_fu_2248">
<pin_list>
<pin id="2249" dir="0" index="0" bw="9" slack="0"/>
<pin id="2250" dir="0" index="1" bw="6" slack="0"/>
<pin id="2251" dir="0" index="2" bw="3" slack="0"/>
<pin id="2252" dir="1" index="3" bw="9" slack="0"/>
</pin_list>
<bind>
<opcode="bitconcatenate(1004) " fcode="bitconcatenate"/>
<opset="tmp_17/1 "/>
</bind>
</comp>

<comp id="2256" class="1004" name="zext_ln90_2_fu_2256">
<pin_list>
<pin id="2257" dir="0" index="0" bw="9" slack="0"/>
<pin id="2258" dir="1" index="1" bw="64" slack="0"/>
</pin_list>
<bind>
<opcode="zext(34) " fcode="zext"/>
<opset="zext_ln90_2/1 "/>
</bind>
</comp>

<comp id="2268" class="1004" name="tmp_18_fu_2268">
<pin_list>
<pin id="2269" dir="0" index="0" bw="9" slack="0"/>
<pin id="2270" dir="0" index="1" bw="6" slack="0"/>
<pin id="2271" dir="0" index="2" bw="3" slack="0"/>
<pin id="2272" dir="1" index="3" bw="9" slack="0"/>
</pin_list>
<bind>
<opcode="bitconcatenate(1004) " fcode="bitconcatenate"/>
<opset="tmp_18/1 "/>
</bind>
</comp>

<comp id="2276" class="1004" name="zext_ln90_3_fu_2276">
<pin_list>
<pin id="2277" dir="0" index="0" bw="9" slack="0"/>
<pin id="2278" dir="1" index="1" bw="64" slack="0"/>
</pin_list>
<bind>
<opcode="zext(34) " fcode="zext"/>
<opset="zext_ln90_3/1 "/>
</bind>
</comp>

<comp id="2288" class="1004" name="tmp_19_fu_2288">
<pin_list>
<pin id="2289" dir="0" index="0" bw="9" slack="0"/>
<pin id="2290" dir="0" index="1" bw="6" slack="0"/>
<pin id="2291" dir="0" index="2" bw="3" slack="0"/>
<pin id="2292" dir="1" index="3" bw="9" slack="0"/>
</pin_list>
<bind>
<opcode="bitconcatenate(1004) " fcode="bitconcatenate"/>
<opset="tmp_19/1 "/>
</bind>
</comp>

<comp id="2296" class="1004" name="zext_ln90_4_fu_2296">
<pin_list>
<pin id="2297" dir="0" index="0" bw="9" slack="0"/>
<pin id="2298" dir="1" index="1" bw="64" slack="0"/>
</pin_list>
<bind>
<opcode="zext(34) " fcode="zext"/>
<opset="zext_ln90_4/1 "/>
</bind>
</comp>

<comp id="2308" class="1004" name="tmp_20_fu_2308">
<pin_list>
<pin id="2309" dir="0" index="0" bw="9" slack="0"/>
<pin id="2310" dir="0" index="1" bw="6" slack="0"/>
<pin id="2311" dir="0" index="2" bw="3" slack="0"/>
<pin id="2312" dir="1" index="3" bw="9" slack="0"/>
</pin_list>
<bind>
<opcode="bitconcatenate(1004) " fcode="bitconcatenate"/>
<opset="tmp_20/1 "/>
</bind>
</comp>

<comp id="2316" class="1004" name="zext_ln90_5_fu_2316">
<pin_list>
<pin id="2317" dir="0" index="0" bw="9" slack="0"/>
<pin id="2318" dir="1" index="1" bw="64" slack="0"/>
</pin_list>
<bind>
<opcode="zext(34) " fcode="zext"/>
<opset="zext_ln90_5/1 "/>
</bind>
</comp>

<comp id="2328" class="1004" name="tmp_21_fu_2328">
<pin_list>
<pin id="2329" dir="0" index="0" bw="9" slack="0"/>
<pin id="2330" dir="0" index="1" bw="6" slack="0"/>
<pin id="2331" dir="0" index="2" bw="2" slack="0"/>
<pin id="2332" dir="1" index="3" bw="9" slack="0"/>
</pin_list>
<bind>
<opcode="bitconcatenate(1004) " fcode="bitconcatenate"/>
<opset="tmp_21/1 "/>
</bind>
</comp>

<comp id="2336" class="1004" name="zext_ln90_6_fu_2336">
<pin_list>
<pin id="2337" dir="0" index="0" bw="9" slack="0"/>
<pin id="2338" dir="1" index="1" bw="64" slack="0"/>
</pin_list>
<bind>
<opcode="zext(34) " fcode="zext"/>
<opset="zext_ln90_6/1 "/>
</bind>
</comp>

<comp id="2348" class="1004" name="tmp_22_fu_2348">
<pin_list>
<pin id="2349" dir="0" index="0" bw="9" slack="0"/>
<pin id="2350" dir="0" index="1" bw="6" slack="0"/>
<pin id="2351" dir="0" index="2" bw="1" slack="0"/>
<pin id="2352" dir="1" index="3" bw="9" slack="0"/>
</pin_list>
<bind>
<opcode="bitconcatenate(1004) " fcode="bitconcatenate"/>
<opset="tmp_22/1 "/>
</bind>
</comp>

<comp id="2356" class="1004" name="zext_ln90_7_fu_2356">
<pin_list>
<pin id="2357" dir="0" index="0" bw="9" slack="0"/>
<pin id="2358" dir="1" index="1" bw="64" slack="0"/>
</pin_list>
<bind>
<opcode="zext(34) " fcode="zext"/>
<opset="zext_ln90_7/1 "/>
</bind>
</comp>

<comp id="2368" class="1004" name="switch_ln87_fu_2368">
<pin_list>
<pin id="2369" dir="0" index="0" bw="32" slack="0"/>
<pin id="2370" dir="0" index="1" bw="1" slack="0"/>
<pin id="2371" dir="0" index="2" bw="1" slack="0"/>
<pin id="2372" dir="0" index="3" bw="3" slack="0"/>
<pin id="2373" dir="0" index="4" bw="3" slack="0"/>
<pin id="2374" dir="0" index="5" bw="4" slack="0"/>
<pin id="2375" dir="0" index="6" bw="4" slack="0"/>
<pin id="2376" dir="0" index="7" bw="4" slack="0"/>
<pin id="2377" dir="0" index="8" bw="4" slack="0"/>
<pin id="2378" dir="0" index="9" bw="5" slack="0"/>
<pin id="2379" dir="0" index="10" bw="5" slack="0"/>
<pin id="2380" dir="0" index="11" bw="5" slack="0"/>
<pin id="2381" dir="0" index="12" bw="5" slack="0"/>
<pin id="2382" dir="0" index="13" bw="5" slack="0"/>
<pin id="2383" dir="0" index="14" bw="5" slack="0"/>
<pin id="2384" dir="0" index="15" bw="5" slack="0"/>
<pin id="2385" dir="0" index="16" bw="5" slack="0"/>
<pin id="2386" dir="0" index="17" bw="6" slack="0"/>
<pin id="2387" dir="0" index="18" bw="6" slack="0"/>
<pin id="2388" dir="0" index="19" bw="6" slack="0"/>
<pin id="2389" dir="0" index="20" bw="6" slack="0"/>
<pin id="2390" dir="0" index="21" bw="6" slack="0"/>
<pin id="2391" dir="0" index="22" bw="6" slack="0"/>
<pin id="2392" dir="0" index="23" bw="6" slack="0"/>
<pin id="2393" dir="0" index="24" bw="6" slack="0"/>
<pin id="2394" dir="0" index="25" bw="6" slack="0"/>
<pin id="2395" dir="0" index="26" bw="6" slack="0"/>
<pin id="2396" dir="0" index="27" bw="6" slack="0"/>
<pin id="2397" dir="0" index="28" bw="6" slack="0"/>
<pin id="2398" dir="0" index="29" bw="6" slack="0"/>
<pin id="2399" dir="0" index="30" bw="6" slack="0"/>
<pin id="2400" dir="0" index="31" bw="6" slack="0"/>
<pin id="2401" dir="0" index="32" bw="6" slack="0"/>
<pin id="2402" dir="0" index="33" bw="7" slack="0"/>
<pin id="2403" dir="0" index="34" bw="7" slack="0"/>
<pin id="2404" dir="0" index="35" bw="7" slack="0"/>
<pin id="2405" dir="0" index="36" bw="7" slack="0"/>
<pin id="2406" dir="0" index="37" bw="7" slack="0"/>
<pin id="2407" dir="0" index="38" bw="7" slack="0"/>
<pin id="2408" dir="0" index="39" bw="7" slack="0"/>
<pin id="2409" dir="0" index="40" bw="7" slack="0"/>
<pin id="2410" dir="0" index="41" bw="7" slack="0"/>
<pin id="2411" dir="0" index="42" bw="7" slack="0"/>
<pin id="2412" dir="0" index="43" bw="7" slack="0"/>
<pin id="2413" dir="0" index="44" bw="7" slack="0"/>
<pin id="2414" dir="0" index="45" bw="7" slack="0"/>
<pin id="2415" dir="0" index="46" bw="7" slack="0"/>
<pin id="2416" dir="0" index="47" bw="7" slack="0"/>
<pin id="2417" dir="0" index="48" bw="7" slack="0"/>
<pin id="2418" dir="0" index="49" bw="7" slack="0"/>
<pin id="2419" dir="0" index="50" bw="7" slack="0"/>
<pin id="2420" dir="0" index="51" bw="7" slack="0"/>
<pin id="2421" dir="0" index="52" bw="7" slack="0"/>
<pin id="2422" dir="0" index="53" bw="7" slack="0"/>
<pin id="2423" dir="0" index="54" bw="7" slack="0"/>
<pin id="2424" dir="0" index="55" bw="7" slack="0"/>
<pin id="2425" dir="0" index="56" bw="7" slack="0"/>
<pin id="2426" dir="0" index="57" bw="7" slack="0"/>
<pin id="2427" dir="0" index="58" bw="7" slack="0"/>
<pin id="2428" dir="0" index="59" bw="7" slack="0"/>
<pin id="2429" dir="0" index="60" bw="7" slack="0"/>
<pin id="2430" dir="0" index="61" bw="7" slack="0"/>
<pin id="2431" dir="0" index="62" bw="7" slack="0"/>
<pin id="2432" dir="0" index="63" bw="7" slack="0"/>
<pin id="2433" dir="0" index="64" bw="7" slack="0"/>
<pin id="2434" dir="1" index="65" bw="0" slack="2147483647"/>
</pin_list>
<bind>
<opcode="switch(3) " fcode="switch"/>
<opset="switch_ln87/1 "/>
</bind>
</comp>

<comp id="2500" class="1004" name="switch_ln88_fu_2500">
<pin_list>
<pin id="2501" dir="0" index="0" bw="6" slack="0"/>
<pin id="2502" dir="0" index="1" bw="1" slack="0"/>
<pin id="2503" dir="0" index="2" bw="1" slack="0"/>
<pin id="2504" dir="0" index="3" bw="3" slack="0"/>
<pin id="2505" dir="0" index="4" bw="3" slack="0"/>
<pin id="2506" dir="0" index="5" bw="4" slack="0"/>
<pin id="2507" dir="0" index="6" bw="4" slack="0"/>
<pin id="2508" dir="0" index="7" bw="4" slack="0"/>
<pin id="2509" dir="0" index="8" bw="4" slack="0"/>
<pin id="2510" dir="0" index="9" bw="5" slack="0"/>
<pin id="2511" dir="0" index="10" bw="5" slack="0"/>
<pin id="2512" dir="0" index="11" bw="5" slack="0"/>
<pin id="2513" dir="0" index="12" bw="5" slack="0"/>
<pin id="2514" dir="0" index="13" bw="5" slack="0"/>
<pin id="2515" dir="0" index="14" bw="5" slack="0"/>
<pin id="2516" dir="0" index="15" bw="5" slack="0"/>
<pin id="2517" dir="0" index="16" bw="5" slack="0"/>
<pin id="2518" dir="0" index="17" bw="6" slack="0"/>
<pin id="2519" dir="0" index="18" bw="6" slack="0"/>
<pin id="2520" dir="0" index="19" bw="6" slack="0"/>
<pin id="2521" dir="0" index="20" bw="6" slack="0"/>
<pin id="2522" dir="0" index="21" bw="6" slack="0"/>
<pin id="2523" dir="0" index="22" bw="6" slack="0"/>
<pin id="2524" dir="0" index="23" bw="6" slack="0"/>
<pin id="2525" dir="0" index="24" bw="6" slack="0"/>
<pin id="2526" dir="0" index="25" bw="6" slack="0"/>
<pin id="2527" dir="0" index="26" bw="6" slack="0"/>
<pin id="2528" dir="0" index="27" bw="6" slack="0"/>
<pin id="2529" dir="0" index="28" bw="6" slack="0"/>
<pin id="2530" dir="0" index="29" bw="6" slack="0"/>
<pin id="2531" dir="0" index="30" bw="6" slack="0"/>
<pin id="2532" dir="0" index="31" bw="6" slack="0"/>
<pin id="2533" dir="0" index="32" bw="6" slack="0"/>
<pin id="2534" dir="0" index="33" bw="6" slack="0"/>
<pin id="2535" dir="0" index="34" bw="6" slack="0"/>
<pin id="2536" dir="0" index="35" bw="6" slack="0"/>
<pin id="2537" dir="0" index="36" bw="6" slack="0"/>
<pin id="2538" dir="0" index="37" bw="6" slack="0"/>
<pin id="2539" dir="0" index="38" bw="6" slack="0"/>
<pin id="2540" dir="0" index="39" bw="6" slack="0"/>
<pin id="2541" dir="0" index="40" bw="6" slack="0"/>
<pin id="2542" dir="0" index="41" bw="6" slack="0"/>
<pin id="2543" dir="0" index="42" bw="6" slack="0"/>
<pin id="2544" dir="0" index="43" bw="6" slack="0"/>
<pin id="2545" dir="0" index="44" bw="6" slack="0"/>
<pin id="2546" dir="0" index="45" bw="6" slack="0"/>
<pin id="2547" dir="0" index="46" bw="6" slack="0"/>
<pin id="2548" dir="0" index="47" bw="6" slack="0"/>
<pin id="2549" dir="0" index="48" bw="6" slack="0"/>
<pin id="2550" dir="0" index="49" bw="5" slack="0"/>
<pin id="2551" dir="0" index="50" bw="5" slack="0"/>
<pin id="2552" dir="0" index="51" bw="5" slack="0"/>
<pin id="2553" dir="0" index="52" bw="5" slack="0"/>
<pin id="2554" dir="0" index="53" bw="5" slack="0"/>
<pin id="2555" dir="0" index="54" bw="5" slack="0"/>
<pin id="2556" dir="0" index="55" bw="5" slack="0"/>
<pin id="2557" dir="0" index="56" bw="5" slack="0"/>
<pin id="2558" dir="0" index="57" bw="4" slack="0"/>
<pin id="2559" dir="0" index="58" bw="4" slack="0"/>
<pin id="2560" dir="0" index="59" bw="4" slack="0"/>
<pin id="2561" dir="0" index="60" bw="4" slack="0"/>
<pin id="2562" dir="0" index="61" bw="3" slack="0"/>
<pin id="2563" dir="0" index="62" bw="3" slack="0"/>
<pin id="2564" dir="0" index="63" bw="2" slack="0"/>
<pin id="2565" dir="1" index="64" bw="0" slack="2147483647"/>
</pin_list>
<bind>
<opcode="switch(3) " fcode="switch"/>
<opset="switch_ln88/1 "/>
</bind>
</comp>

<comp id="2630" class="1004" name="muxLogicRAMAddr_to_store_ln90_fu_2630">
<pin_list>
<pin id="2631" dir="0" index="0" bw="9" slack="0"/>
<pin id="2632" dir="1" index="1" bw="0" slack="2147483647"/>
</pin_list>
<bind>
<opcode="muxlogic(592) " fcode="muxlogic"/>
<opset="muxLogicRAMAddr_to_store_ln90/1 "/>
</bind>
</comp>

<comp id="2634" class="1004" name="muxLogicRAMAddr_to_store_ln90_fu_2634">
<pin_list>
<pin id="2635" dir="0" index="0" bw="9" slack="0"/>
<pin id="2636" dir="1" index="1" bw="0" slack="2147483647"/>
</pin_list>
<bind>
<opcode="muxlogic(592) " fcode="muxlogic"/>
<opset="muxLogicRAMAddr_to_store_ln90/1 "/>
</bind>
</comp>

<comp id="2638" class="1004" name="muxLogicRAMAddr_to_store_ln90_fu_2638">
<pin_list>
<pin id="2639" dir="0" index="0" bw="9" slack="0"/>
<pin id="2640" dir="1" index="1" bw="0" slack="2147483647"/>
</pin_list>
<bind>
<opcode="muxlogic(592) " fcode="muxlogic"/>
<opset="muxLogicRAMAddr_to_store_ln90/1 "/>
</bind>
</comp>

<comp id="2642" class="1004" name="muxLogicRAMAddr_to_store_ln90_fu_2642">
<pin_list>
<pin id="2643" dir="0" index="0" bw="9" slack="0"/>
<pin id="2644" dir="1" index="1" bw="0" slack="2147483647"/>
</pin_list>
<bind>
<opcode="muxlogic(592) " fcode="muxlogic"/>
<opset="muxLogicRAMAddr_to_store_ln90/1 "/>
</bind>
</comp>

<comp id="2646" class="1004" name="muxLogicRAMAddr_to_store_ln90_fu_2646">
<pin_list>
<pin id="2647" dir="0" index="0" bw="9" slack="0"/>
<pin id="2648" dir="1" index="1" bw="0" slack="2147483647"/>
</pin_list>
<bind>
<opcode="muxlogic(592) " fcode="muxlogic"/>
<opset="muxLogicRAMAddr_to_store_ln90/1 "/>
</bind>
</comp>

<comp id="2650" class="1004" name="muxLogicRAMAddr_to_store_ln90_fu_2650">
<pin_list>
<pin id="2651" dir="0" index="0" bw="9" slack="0"/>
<pin id="2652" dir="1" index="1" bw="0" slack="2147483647"/>
</pin_list>
<bind>
<opcode="muxlogic(592) " fcode="muxlogic"/>
<opset="muxLogicRAMAddr_to_store_ln90/1 "/>
</bind>
</comp>

<comp id="2654" class="1004" name="muxLogicRAMAddr_to_store_ln90_fu_2654">
<pin_list>
<pin id="2655" dir="0" index="0" bw="9" slack="0"/>
<pin id="2656" dir="1" index="1" bw="0" slack="2147483647"/>
</pin_list>
<bind>
<opcode="muxlogic(592) " fcode="muxlogic"/>
<opset="muxLogicRAMAddr_to_store_ln90/1 "/>
</bind>
</comp>

<comp id="2658" class="1004" name="muxLogicRAMAddr_to_store_ln90_fu_2658">
<pin_list>
<pin id="2659" dir="0" index="0" bw="9" slack="0"/>
<pin id="2660" dir="1" index="1" bw="0" slack="2147483647"/>
</pin_list>
<bind>
<opcode="muxlogic(592) " fcode="muxlogic"/>
<opset="muxLogicRAMAddr_to_store_ln90/1 "/>
</bind>
</comp>

<comp id="2662" class="1004" name="add_ln85_fu_2662">
<pin_list>
<pin id="2663" dir="0" index="0" bw="32" slack="0"/>
<pin id="2664" dir="0" index="1" bw="1" slack="0"/>
<pin id="2665" dir="1" index="2" bw="32" slack="0"/>
</pin_list>
<bind>
<opcode="add(8) " fcode="add"/>
<opset="add_ln85/1 "/>
</bind>
</comp>

<comp id="2668" class="1004" name="store_ln85_store_fu_2668">
<pin_list>
<pin id="2669" dir="0" index="0" bw="32" slack="0"/>
<pin id="2670" dir="0" index="1" bw="32" slack="0"/>
<pin id="2671" dir="1" index="2" bw="0" slack="2147483647"/>
</pin_list>
<bind>
<opcode="store(28) " fcode="store"/>
<opset="store_ln85/1 "/>
</bind>
</comp>

<comp id="2673" class="1004" name="muxLogicRAMAddr_to_store_ln90_fu_2673">
<pin_list>
<pin id="2674" dir="0" index="0" bw="9" slack="1"/>
<pin id="2675" dir="1" index="1" bw="0" slack="2147483647"/>
</pin_list>
<bind>
<opcode="muxlogic(592) " fcode="muxlogic"/>
<opset="muxLogicRAMAddr_to_store_ln90/2 "/>
</bind>
</comp>

<comp id="2676" class="1004" name="muxLogicRAMAddr_to_store_ln90_fu_2676">
<pin_list>
<pin id="2677" dir="0" index="0" bw="9" slack="1"/>
<pin id="2678" dir="1" index="1" bw="0" slack="2147483647"/>
</pin_list>
<bind>
<opcode="muxlogic(592) " fcode="muxlogic"/>
<opset="muxLogicRAMAddr_to_store_ln90/2 "/>
</bind>
</comp>

<comp id="2679" class="1004" name="muxLogicRAMAddr_to_store_ln90_fu_2679">
<pin_list>
<pin id="2680" dir="0" index="0" bw="9" slack="1"/>
<pin id="2681" dir="1" index="1" bw="0" slack="2147483647"/>
</pin_list>
<bind>
<opcode="muxlogic(592) " fcode="muxlogic"/>
<opset="muxLogicRAMAddr_to_store_ln90/2 "/>
</bind>
</comp>

<comp id="2682" class="1004" name="muxLogicRAMAddr_to_store_ln90_fu_2682">
<pin_list>
<pin id="2683" dir="0" index="0" bw="9" slack="1"/>
<pin id="2684" dir="1" index="1" bw="0" slack="2147483647"/>
</pin_list>
<bind>
<opcode="muxlogic(592) " fcode="muxlogic"/>
<opset="muxLogicRAMAddr_to_store_ln90/2 "/>
</bind>
</comp>

<comp id="2685" class="1004" name="muxLogicRAMAddr_to_store_ln90_fu_2685">
<pin_list>
<pin id="2686" dir="0" index="0" bw="9" slack="1"/>
<pin id="2687" dir="1" index="1" bw="0" slack="2147483647"/>
</pin_list>
<bind>
<opcode="muxlogic(592) " fcode="muxlogic"/>
<opset="muxLogicRAMAddr_to_store_ln90/2 "/>
</bind>
</comp>

<comp id="2688" class="1004" name="muxLogicRAMAddr_to_store_ln90_fu_2688">
<pin_list>
<pin id="2689" dir="0" index="0" bw="9" slack="1"/>
<pin id="2690" dir="1" index="1" bw="0" slack="2147483647"/>
</pin_list>
<bind>
<opcode="muxlogic(592) " fcode="muxlogic"/>
<opset="muxLogicRAMAddr_to_store_ln90/2 "/>
</bind>
</comp>

<comp id="2691" class="1004" name="muxLogicRAMAddr_to_store_ln90_fu_2691">
<pin_list>
<pin id="2692" dir="0" index="0" bw="9" slack="1"/>
<pin id="2693" dir="1" index="1" bw="0" slack="2147483647"/>
</pin_list>
<bind>
<opcode="muxlogic(592) " fcode="muxlogic"/>
<opset="muxLogicRAMAddr_to_store_ln90/2 "/>
</bind>
</comp>

<comp id="2694" class="1004" name="muxLogicRAMAddr_to_store_ln90_fu_2694">
<pin_list>
<pin id="2695" dir="0" index="0" bw="9" slack="1"/>
<pin id="2696" dir="1" index="1" bw="0" slack="2147483647"/>
</pin_list>
<bind>
<opcode="muxlogic(592) " fcode="muxlogic"/>
<opset="muxLogicRAMAddr_to_store_ln90/2 "/>
</bind>
</comp>

<comp id="2697" class="1004" name="muxLogicRAMAddr_to_store_ln90_fu_2697">
<pin_list>
<pin id="2698" dir="0" index="0" bw="9" slack="2"/>
<pin id="2699" dir="1" index="1" bw="0" slack="2147483647"/>
</pin_list>
<bind>
<opcode="muxlogic(592) " fcode="muxlogic"/>
<opset="muxLogicRAMAddr_to_store_ln90/3 "/>
</bind>
</comp>

<comp id="2700" class="1004" name="muxLogicRAMAddr_to_store_ln90_fu_2700">
<pin_list>
<pin id="2701" dir="0" index="0" bw="9" slack="2"/>
<pin id="2702" dir="1" index="1" bw="0" slack="2147483647"/>
</pin_list>
<bind>
<opcode="muxlogic(592) " fcode="muxlogic"/>
<opset="muxLogicRAMAddr_to_store_ln90/3 "/>
</bind>
</comp>

<comp id="2703" class="1004" name="muxLogicRAMAddr_to_store_ln90_fu_2703">
<pin_list>
<pin id="2704" dir="0" index="0" bw="9" slack="2"/>
<pin id="2705" dir="1" index="1" bw="0" slack="2147483647"/>
</pin_list>
<bind>
<opcode="muxlogic(592) " fcode="muxlogic"/>
<opset="muxLogicRAMAddr_to_store_ln90/3 "/>
</bind>
</comp>

<comp id="2706" class="1004" name="muxLogicRAMAddr_to_store_ln90_fu_2706">
<pin_list>
<pin id="2707" dir="0" index="0" bw="9" slack="2"/>
<pin id="2708" dir="1" index="1" bw="0" slack="2147483647"/>
</pin_list>
<bind>
<opcode="muxlogic(592) " fcode="muxlogic"/>
<opset="muxLogicRAMAddr_to_store_ln90/3 "/>
</bind>
</comp>

<comp id="2709" class="1004" name="muxLogicRAMAddr_to_store_ln90_fu_2709">
<pin_list>
<pin id="2710" dir="0" index="0" bw="9" slack="2"/>
<pin id="2711" dir="1" index="1" bw="0" slack="2147483647"/>
</pin_list>
<bind>
<opcode="muxlogic(592) " fcode="muxlogic"/>
<opset="muxLogicRAMAddr_to_store_ln90/3 "/>
</bind>
</comp>

<comp id="2712" class="1004" name="muxLogicRAMAddr_to_store_ln90_fu_2712">
<pin_list>
<pin id="2713" dir="0" index="0" bw="9" slack="2"/>
<pin id="2714" dir="1" index="1" bw="0" slack="2147483647"/>
</pin_list>
<bind>
<opcode="muxlogic(592) " fcode="muxlogic"/>
<opset="muxLogicRAMAddr_to_store_ln90/3 "/>
</bind>
</comp>

<comp id="2715" class="1004" name="muxLogicRAMAddr_to_store_ln90_fu_2715">
<pin_list>
<pin id="2716" dir="0" index="0" bw="9" slack="2"/>
<pin id="2717" dir="1" index="1" bw="0" slack="2147483647"/>
</pin_list>
<bind>
<opcode="muxlogic(592) " fcode="muxlogic"/>
<opset="muxLogicRAMAddr_to_store_ln90/3 "/>
</bind>
</comp>

<comp id="2718" class="1004" name="muxLogicRAMAddr_to_store_ln90_fu_2718">
<pin_list>
<pin id="2719" dir="0" index="0" bw="9" slack="2"/>
<pin id="2720" dir="1" index="1" bw="0" slack="2147483647"/>
</pin_list>
<bind>
<opcode="muxlogic(592) " fcode="muxlogic"/>
<opset="muxLogicRAMAddr_to_store_ln90/3 "/>
</bind>
</comp>

<comp id="2721" class="1004" name="muxLogicRAMAddr_to_store_ln90_fu_2721">
<pin_list>
<pin id="2722" dir="0" index="0" bw="9" slack="3"/>
<pin id="2723" dir="1" index="1" bw="0" slack="2147483647"/>
</pin_list>
<bind>
<opcode="muxlogic(592) " fcode="muxlogic"/>
<opset="muxLogicRAMAddr_to_store_ln90/4 "/>
</bind>
</comp>

<comp id="2724" class="1004" name="muxLogicRAMAddr_to_store_ln90_fu_2724">
<pin_list>
<pin id="2725" dir="0" index="0" bw="9" slack="3"/>
<pin id="2726" dir="1" index="1" bw="0" slack="2147483647"/>
</pin_list>
<bind>
<opcode="muxlogic(592) " fcode="muxlogic"/>
<opset="muxLogicRAMAddr_to_store_ln90/4 "/>
</bind>
</comp>

<comp id="2727" class="1004" name="muxLogicRAMAddr_to_store_ln90_fu_2727">
<pin_list>
<pin id="2728" dir="0" index="0" bw="9" slack="3"/>
<pin id="2729" dir="1" index="1" bw="0" slack="2147483647"/>
</pin_list>
<bind>
<opcode="muxlogic(592) " fcode="muxlogic"/>
<opset="muxLogicRAMAddr_to_store_ln90/4 "/>
</bind>
</comp>

<comp id="2730" class="1004" name="muxLogicRAMAddr_to_store_ln90_fu_2730">
<pin_list>
<pin id="2731" dir="0" index="0" bw="9" slack="3"/>
<pin id="2732" dir="1" index="1" bw="0" slack="2147483647"/>
</pin_list>
<bind>
<opcode="muxlogic(592) " fcode="muxlogic"/>
<opset="muxLogicRAMAddr_to_store_ln90/4 "/>
</bind>
</comp>

<comp id="2733" class="1004" name="muxLogicRAMAddr_to_store_ln90_fu_2733">
<pin_list>
<pin id="2734" dir="0" index="0" bw="9" slack="3"/>
<pin id="2735" dir="1" index="1" bw="0" slack="2147483647"/>
</pin_list>
<bind>
<opcode="muxlogic(592) " fcode="muxlogic"/>
<opset="muxLogicRAMAddr_to_store_ln90/4 "/>
</bind>
</comp>

<comp id="2736" class="1004" name="muxLogicRAMAddr_to_store_ln90_fu_2736">
<pin_list>
<pin id="2737" dir="0" index="0" bw="9" slack="3"/>
<pin id="2738" dir="1" index="1" bw="0" slack="2147483647"/>
</pin_list>
<bind>
<opcode="muxlogic(592) " fcode="muxlogic"/>
<opset="muxLogicRAMAddr_to_store_ln90/4 "/>
</bind>
</comp>

<comp id="2739" class="1004" name="muxLogicRAMAddr_to_store_ln90_fu_2739">
<pin_list>
<pin id="2740" dir="0" index="0" bw="9" slack="3"/>
<pin id="2741" dir="1" index="1" bw="0" slack="2147483647"/>
</pin_list>
<bind>
<opcode="muxlogic(592) " fcode="muxlogic"/>
<opset="muxLogicRAMAddr_to_store_ln90/4 "/>
</bind>
</comp>

<comp id="2742" class="1004" name="muxLogicRAMAddr_to_store_ln90_fu_2742">
<pin_list>
<pin id="2743" dir="0" index="0" bw="9" slack="3"/>
<pin id="2744" dir="1" index="1" bw="0" slack="2147483647"/>
</pin_list>
<bind>
<opcode="muxlogic(592) " fcode="muxlogic"/>
<opset="muxLogicRAMAddr_to_store_ln90/4 "/>
</bind>
</comp>

<comp id="2745" class="1004" name="muxLogicRAMAddr_to_store_ln90_fu_2745">
<pin_list>
<pin id="2746" dir="0" index="0" bw="9" slack="4"/>
<pin id="2747" dir="1" index="1" bw="0" slack="2147483647"/>
</pin_list>
<bind>
<opcode="muxlogic(592) " fcode="muxlogic"/>
<opset="muxLogicRAMAddr_to_store_ln90/5 "/>
</bind>
</comp>

<comp id="2748" class="1004" name="muxLogicRAMAddr_to_store_ln90_fu_2748">
<pin_list>
<pin id="2749" dir="0" index="0" bw="9" slack="4"/>
<pin id="2750" dir="1" index="1" bw="0" slack="2147483647"/>
</pin_list>
<bind>
<opcode="muxlogic(592) " fcode="muxlogic"/>
<opset="muxLogicRAMAddr_to_store_ln90/5 "/>
</bind>
</comp>

<comp id="2751" class="1004" name="muxLogicRAMAddr_to_store_ln90_fu_2751">
<pin_list>
<pin id="2752" dir="0" index="0" bw="9" slack="4"/>
<pin id="2753" dir="1" index="1" bw="0" slack="2147483647"/>
</pin_list>
<bind>
<opcode="muxlogic(592) " fcode="muxlogic"/>
<opset="muxLogicRAMAddr_to_store_ln90/5 "/>
</bind>
</comp>

<comp id="2754" class="1004" name="muxLogicRAMAddr_to_store_ln90_fu_2754">
<pin_list>
<pin id="2755" dir="0" index="0" bw="9" slack="4"/>
<pin id="2756" dir="1" index="1" bw="0" slack="2147483647"/>
</pin_list>
<bind>
<opcode="muxlogic(592) " fcode="muxlogic"/>
<opset="muxLogicRAMAddr_to_store_ln90/5 "/>
</bind>
</comp>

<comp id="2757" class="1004" name="muxLogicRAMAddr_to_store_ln90_fu_2757">
<pin_list>
<pin id="2758" dir="0" index="0" bw="9" slack="4"/>
<pin id="2759" dir="1" index="1" bw="0" slack="2147483647"/>
</pin_list>
<bind>
<opcode="muxlogic(592) " fcode="muxlogic"/>
<opset="muxLogicRAMAddr_to_store_ln90/5 "/>
</bind>
</comp>

<comp id="2760" class="1004" name="muxLogicRAMAddr_to_store_ln90_fu_2760">
<pin_list>
<pin id="2761" dir="0" index="0" bw="9" slack="4"/>
<pin id="2762" dir="1" index="1" bw="0" slack="2147483647"/>
</pin_list>
<bind>
<opcode="muxlogic(592) " fcode="muxlogic"/>
<opset="muxLogicRAMAddr_to_store_ln90/5 "/>
</bind>
</comp>

<comp id="2763" class="1004" name="muxLogicRAMAddr_to_store_ln90_fu_2763">
<pin_list>
<pin id="2764" dir="0" index="0" bw="9" slack="4"/>
<pin id="2765" dir="1" index="1" bw="0" slack="2147483647"/>
</pin_list>
<bind>
<opcode="muxlogic(592) " fcode="muxlogic"/>
<opset="muxLogicRAMAddr_to_store_ln90/5 "/>
</bind>
</comp>

<comp id="2766" class="1004" name="muxLogicRAMAddr_to_store_ln90_fu_2766">
<pin_list>
<pin id="2767" dir="0" index="0" bw="9" slack="4"/>
<pin id="2768" dir="1" index="1" bw="0" slack="2147483647"/>
</pin_list>
<bind>
<opcode="muxlogic(592) " fcode="muxlogic"/>
<opset="muxLogicRAMAddr_to_store_ln90/5 "/>
</bind>
</comp>

<comp id="2769" class="1004" name="muxLogicRAMAddr_to_store_ln90_fu_2769">
<pin_list>
<pin id="2770" dir="0" index="0" bw="9" slack="5"/>
<pin id="2771" dir="1" index="1" bw="0" slack="2147483647"/>
</pin_list>
<bind>
<opcode="muxlogic(592) " fcode="muxlogic"/>
<opset="muxLogicRAMAddr_to_store_ln90/6 "/>
</bind>
</comp>

<comp id="2772" class="1004" name="muxLogicRAMAddr_to_store_ln90_fu_2772">
<pin_list>
<pin id="2773" dir="0" index="0" bw="9" slack="5"/>
<pin id="2774" dir="1" index="1" bw="0" slack="2147483647"/>
</pin_list>
<bind>
<opcode="muxlogic(592) " fcode="muxlogic"/>
<opset="muxLogicRAMAddr_to_store_ln90/6 "/>
</bind>
</comp>

<comp id="2775" class="1004" name="muxLogicRAMAddr_to_store_ln90_fu_2775">
<pin_list>
<pin id="2776" dir="0" index="0" bw="9" slack="5"/>
<pin id="2777" dir="1" index="1" bw="0" slack="2147483647"/>
</pin_list>
<bind>
<opcode="muxlogic(592) " fcode="muxlogic"/>
<opset="muxLogicRAMAddr_to_store_ln90/6 "/>
</bind>
</comp>

<comp id="2778" class="1004" name="muxLogicRAMAddr_to_store_ln90_fu_2778">
<pin_list>
<pin id="2779" dir="0" index="0" bw="9" slack="5"/>
<pin id="2780" dir="1" index="1" bw="0" slack="2147483647"/>
</pin_list>
<bind>
<opcode="muxlogic(592) " fcode="muxlogic"/>
<opset="muxLogicRAMAddr_to_store_ln90/6 "/>
</bind>
</comp>

<comp id="2781" class="1004" name="muxLogicRAMAddr_to_store_ln90_fu_2781">
<pin_list>
<pin id="2782" dir="0" index="0" bw="9" slack="5"/>
<pin id="2783" dir="1" index="1" bw="0" slack="2147483647"/>
</pin_list>
<bind>
<opcode="muxlogic(592) " fcode="muxlogic"/>
<opset="muxLogicRAMAddr_to_store_ln90/6 "/>
</bind>
</comp>

<comp id="2784" class="1004" name="muxLogicRAMAddr_to_store_ln90_fu_2784">
<pin_list>
<pin id="2785" dir="0" index="0" bw="9" slack="5"/>
<pin id="2786" dir="1" index="1" bw="0" slack="2147483647"/>
</pin_list>
<bind>
<opcode="muxlogic(592) " fcode="muxlogic"/>
<opset="muxLogicRAMAddr_to_store_ln90/6 "/>
</bind>
</comp>

<comp id="2787" class="1004" name="muxLogicRAMAddr_to_store_ln90_fu_2787">
<pin_list>
<pin id="2788" dir="0" index="0" bw="9" slack="5"/>
<pin id="2789" dir="1" index="1" bw="0" slack="2147483647"/>
</pin_list>
<bind>
<opcode="muxlogic(592) " fcode="muxlogic"/>
<opset="muxLogicRAMAddr_to_store_ln90/6 "/>
</bind>
</comp>

<comp id="2790" class="1004" name="muxLogicRAMAddr_to_store_ln90_fu_2790">
<pin_list>
<pin id="2791" dir="0" index="0" bw="9" slack="5"/>
<pin id="2792" dir="1" index="1" bw="0" slack="2147483647"/>
</pin_list>
<bind>
<opcode="muxlogic(592) " fcode="muxlogic"/>
<opset="muxLogicRAMAddr_to_store_ln90/6 "/>
</bind>
</comp>

<comp id="2793" class="1004" name="muxLogicRAMAddr_to_store_ln90_fu_2793">
<pin_list>
<pin id="2794" dir="0" index="0" bw="9" slack="6"/>
<pin id="2795" dir="1" index="1" bw="0" slack="2147483647"/>
</pin_list>
<bind>
<opcode="muxlogic(592) " fcode="muxlogic"/>
<opset="muxLogicRAMAddr_to_store_ln90/7 "/>
</bind>
</comp>

<comp id="2796" class="1004" name="muxLogicRAMAddr_to_store_ln90_fu_2796">
<pin_list>
<pin id="2797" dir="0" index="0" bw="9" slack="6"/>
<pin id="2798" dir="1" index="1" bw="0" slack="2147483647"/>
</pin_list>
<bind>
<opcode="muxlogic(592) " fcode="muxlogic"/>
<opset="muxLogicRAMAddr_to_store_ln90/7 "/>
</bind>
</comp>

<comp id="2799" class="1004" name="muxLogicRAMAddr_to_store_ln90_fu_2799">
<pin_list>
<pin id="2800" dir="0" index="0" bw="9" slack="6"/>
<pin id="2801" dir="1" index="1" bw="0" slack="2147483647"/>
</pin_list>
<bind>
<opcode="muxlogic(592) " fcode="muxlogic"/>
<opset="muxLogicRAMAddr_to_store_ln90/7 "/>
</bind>
</comp>

<comp id="2802" class="1004" name="muxLogicRAMAddr_to_store_ln90_fu_2802">
<pin_list>
<pin id="2803" dir="0" index="0" bw="9" slack="6"/>
<pin id="2804" dir="1" index="1" bw="0" slack="2147483647"/>
</pin_list>
<bind>
<opcode="muxlogic(592) " fcode="muxlogic"/>
<opset="muxLogicRAMAddr_to_store_ln90/7 "/>
</bind>
</comp>

<comp id="2805" class="1004" name="muxLogicRAMAddr_to_store_ln90_fu_2805">
<pin_list>
<pin id="2806" dir="0" index="0" bw="9" slack="6"/>
<pin id="2807" dir="1" index="1" bw="0" slack="2147483647"/>
</pin_list>
<bind>
<opcode="muxlogic(592) " fcode="muxlogic"/>
<opset="muxLogicRAMAddr_to_store_ln90/7 "/>
</bind>
</comp>

<comp id="2808" class="1004" name="muxLogicRAMAddr_to_store_ln90_fu_2808">
<pin_list>
<pin id="2809" dir="0" index="0" bw="9" slack="6"/>
<pin id="2810" dir="1" index="1" bw="0" slack="2147483647"/>
</pin_list>
<bind>
<opcode="muxlogic(592) " fcode="muxlogic"/>
<opset="muxLogicRAMAddr_to_store_ln90/7 "/>
</bind>
</comp>

<comp id="2811" class="1004" name="muxLogicRAMAddr_to_store_ln90_fu_2811">
<pin_list>
<pin id="2812" dir="0" index="0" bw="9" slack="6"/>
<pin id="2813" dir="1" index="1" bw="0" slack="2147483647"/>
</pin_list>
<bind>
<opcode="muxlogic(592) " fcode="muxlogic"/>
<opset="muxLogicRAMAddr_to_store_ln90/7 "/>
</bind>
</comp>

<comp id="2814" class="1004" name="muxLogicRAMAddr_to_store_ln90_fu_2814">
<pin_list>
<pin id="2815" dir="0" index="0" bw="9" slack="6"/>
<pin id="2816" dir="1" index="1" bw="0" slack="2147483647"/>
</pin_list>
<bind>
<opcode="muxlogic(592) " fcode="muxlogic"/>
<opset="muxLogicRAMAddr_to_store_ln90/7 "/>
</bind>
</comp>

<comp id="2817" class="1004" name="muxLogicRAMAddr_to_store_ln90_fu_2817">
<pin_list>
<pin id="2818" dir="0" index="0" bw="9" slack="7"/>
<pin id="2819" dir="1" index="1" bw="0" slack="2147483647"/>
</pin_list>
<bind>
<opcode="muxlogic(592) " fcode="muxlogic"/>
<opset="muxLogicRAMAddr_to_store_ln90/8 "/>
</bind>
</comp>

<comp id="2820" class="1004" name="muxLogicRAMAddr_to_store_ln90_fu_2820">
<pin_list>
<pin id="2821" dir="0" index="0" bw="9" slack="7"/>
<pin id="2822" dir="1" index="1" bw="0" slack="2147483647"/>
</pin_list>
<bind>
<opcode="muxlogic(592) " fcode="muxlogic"/>
<opset="muxLogicRAMAddr_to_store_ln90/8 "/>
</bind>
</comp>

<comp id="2823" class="1004" name="muxLogicRAMAddr_to_store_ln90_fu_2823">
<pin_list>
<pin id="2824" dir="0" index="0" bw="9" slack="7"/>
<pin id="2825" dir="1" index="1" bw="0" slack="2147483647"/>
</pin_list>
<bind>
<opcode="muxlogic(592) " fcode="muxlogic"/>
<opset="muxLogicRAMAddr_to_store_ln90/8 "/>
</bind>
</comp>

<comp id="2826" class="1004" name="muxLogicRAMAddr_to_store_ln90_fu_2826">
<pin_list>
<pin id="2827" dir="0" index="0" bw="9" slack="7"/>
<pin id="2828" dir="1" index="1" bw="0" slack="2147483647"/>
</pin_list>
<bind>
<opcode="muxlogic(592) " fcode="muxlogic"/>
<opset="muxLogicRAMAddr_to_store_ln90/8 "/>
</bind>
</comp>

<comp id="2829" class="1004" name="muxLogicRAMAddr_to_store_ln90_fu_2829">
<pin_list>
<pin id="2830" dir="0" index="0" bw="9" slack="7"/>
<pin id="2831" dir="1" index="1" bw="0" slack="2147483647"/>
</pin_list>
<bind>
<opcode="muxlogic(592) " fcode="muxlogic"/>
<opset="muxLogicRAMAddr_to_store_ln90/8 "/>
</bind>
</comp>

<comp id="2832" class="1004" name="muxLogicRAMAddr_to_store_ln90_fu_2832">
<pin_list>
<pin id="2833" dir="0" index="0" bw="9" slack="7"/>
<pin id="2834" dir="1" index="1" bw="0" slack="2147483647"/>
</pin_list>
<bind>
<opcode="muxlogic(592) " fcode="muxlogic"/>
<opset="muxLogicRAMAddr_to_store_ln90/8 "/>
</bind>
</comp>

<comp id="2835" class="1004" name="muxLogicRAMAddr_to_store_ln90_fu_2835">
<pin_list>
<pin id="2836" dir="0" index="0" bw="9" slack="7"/>
<pin id="2837" dir="1" index="1" bw="0" slack="2147483647"/>
</pin_list>
<bind>
<opcode="muxlogic(592) " fcode="muxlogic"/>
<opset="muxLogicRAMAddr_to_store_ln90/8 "/>
</bind>
</comp>

<comp id="2838" class="1004" name="muxLogicRAMAddr_to_store_ln90_fu_2838">
<pin_list>
<pin id="2839" dir="0" index="0" bw="9" slack="7"/>
<pin id="2840" dir="1" index="1" bw="0" slack="2147483647"/>
</pin_list>
<bind>
<opcode="muxlogic(592) " fcode="muxlogic"/>
<opset="muxLogicRAMAddr_to_store_ln90/8 "/>
</bind>
</comp>

<comp id="2841" class="1005" name="i_reg_2841">
<pin_list>
<pin id="2842" dir="0" index="0" bw="32" slack="0"/>
<pin id="2843" dir="1" index="1" bw="32" slack="0"/>
</pin_list>
<bind>
<opset="i "/>
</bind>
</comp>

<comp id="2857" class="1005" name="P_tile_0_addr_1_reg_2857">
<pin_list>
<pin id="2858" dir="0" index="0" bw="9" slack="1"/>
<pin id="2859" dir="1" index="1" bw="9" slack="1"/>
</pin_list>
<bind>
<opset="P_tile_0_addr_1 "/>
</bind>
</comp>

<comp id="2863" class="1005" name="P_tile_0_addr_2_reg_2863">
<pin_list>
<pin id="2864" dir="0" index="0" bw="9" slack="2"/>
<pin id="2865" dir="1" index="1" bw="9" slack="2"/>
</pin_list>
<bind>
<opset="P_tile_0_addr_2 "/>
</bind>
</comp>

<comp id="2869" class="1005" name="P_tile_0_addr_3_reg_2869">
<pin_list>
<pin id="2870" dir="0" index="0" bw="9" slack="3"/>
<pin id="2871" dir="1" index="1" bw="9" slack="3"/>
</pin_list>
<bind>
<opset="P_tile_0_addr_3 "/>
</bind>
</comp>

<comp id="2875" class="1005" name="P_tile_0_addr_4_reg_2875">
<pin_list>
<pin id="2876" dir="0" index="0" bw="9" slack="4"/>
<pin id="2877" dir="1" index="1" bw="9" slack="4"/>
</pin_list>
<bind>
<opset="P_tile_0_addr_4 "/>
</bind>
</comp>

<comp id="2881" class="1005" name="P_tile_0_addr_5_reg_2881">
<pin_list>
<pin id="2882" dir="0" index="0" bw="9" slack="5"/>
<pin id="2883" dir="1" index="1" bw="9" slack="5"/>
</pin_list>
<bind>
<opset="P_tile_0_addr_5 "/>
</bind>
</comp>

<comp id="2887" class="1005" name="P_tile_0_addr_6_reg_2887">
<pin_list>
<pin id="2888" dir="0" index="0" bw="9" slack="6"/>
<pin id="2889" dir="1" index="1" bw="9" slack="6"/>
</pin_list>
<bind>
<opset="P_tile_0_addr_6 "/>
</bind>
</comp>

<comp id="2893" class="1005" name="P_tile_0_addr_7_reg_2893">
<pin_list>
<pin id="2894" dir="0" index="0" bw="9" slack="7"/>
<pin id="2895" dir="1" index="1" bw="9" slack="7"/>
</pin_list>
<bind>
<opset="P_tile_0_addr_7 "/>
</bind>
</comp>

<comp id="2899" class="1005" name="P_tile_1_addr_1_reg_2899">
<pin_list>
<pin id="2900" dir="0" index="0" bw="9" slack="1"/>
<pin id="2901" dir="1" index="1" bw="9" slack="1"/>
</pin_list>
<bind>
<opset="P_tile_1_addr_1 "/>
</bind>
</comp>

<comp id="2905" class="1005" name="P_tile_1_addr_2_reg_2905">
<pin_list>
<pin id="2906" dir="0" index="0" bw="9" slack="2"/>
<pin id="2907" dir="1" index="1" bw="9" slack="2"/>
</pin_list>
<bind>
<opset="P_tile_1_addr_2 "/>
</bind>
</comp>

<comp id="2911" class="1005" name="P_tile_1_addr_3_reg_2911">
<pin_list>
<pin id="2912" dir="0" index="0" bw="9" slack="3"/>
<pin id="2913" dir="1" index="1" bw="9" slack="3"/>
</pin_list>
<bind>
<opset="P_tile_1_addr_3 "/>
</bind>
</comp>

<comp id="2917" class="1005" name="P_tile_1_addr_4_reg_2917">
<pin_list>
<pin id="2918" dir="0" index="0" bw="9" slack="4"/>
<pin id="2919" dir="1" index="1" bw="9" slack="4"/>
</pin_list>
<bind>
<opset="P_tile_1_addr_4 "/>
</bind>
</comp>

<comp id="2923" class="1005" name="P_tile_1_addr_5_reg_2923">
<pin_list>
<pin id="2924" dir="0" index="0" bw="9" slack="5"/>
<pin id="2925" dir="1" index="1" bw="9" slack="5"/>
</pin_list>
<bind>
<opset="P_tile_1_addr_5 "/>
</bind>
</comp>

<comp id="2929" class="1005" name="P_tile_1_addr_6_reg_2929">
<pin_list>
<pin id="2930" dir="0" index="0" bw="9" slack="6"/>
<pin id="2931" dir="1" index="1" bw="9" slack="6"/>
</pin_list>
<bind>
<opset="P_tile_1_addr_6 "/>
</bind>
</comp>

<comp id="2935" class="1005" name="P_tile_1_addr_7_reg_2935">
<pin_list>
<pin id="2936" dir="0" index="0" bw="9" slack="7"/>
<pin id="2937" dir="1" index="1" bw="9" slack="7"/>
</pin_list>
<bind>
<opset="P_tile_1_addr_7 "/>
</bind>
</comp>

<comp id="2941" class="1005" name="P_tile_2_addr_1_reg_2941">
<pin_list>
<pin id="2942" dir="0" index="0" bw="9" slack="1"/>
<pin id="2943" dir="1" index="1" bw="9" slack="1"/>
</pin_list>
<bind>
<opset="P_tile_2_addr_1 "/>
</bind>
</comp>

<comp id="2947" class="1005" name="P_tile_2_addr_2_reg_2947">
<pin_list>
<pin id="2948" dir="0" index="0" bw="9" slack="2"/>
<pin id="2949" dir="1" index="1" bw="9" slack="2"/>
</pin_list>
<bind>
<opset="P_tile_2_addr_2 "/>
</bind>
</comp>

<comp id="2953" class="1005" name="P_tile_2_addr_3_reg_2953">
<pin_list>
<pin id="2954" dir="0" index="0" bw="9" slack="3"/>
<pin id="2955" dir="1" index="1" bw="9" slack="3"/>
</pin_list>
<bind>
<opset="P_tile_2_addr_3 "/>
</bind>
</comp>

<comp id="2959" class="1005" name="P_tile_2_addr_4_reg_2959">
<pin_list>
<pin id="2960" dir="0" index="0" bw="9" slack="4"/>
<pin id="2961" dir="1" index="1" bw="9" slack="4"/>
</pin_list>
<bind>
<opset="P_tile_2_addr_4 "/>
</bind>
</comp>

<comp id="2965" class="1005" name="P_tile_2_addr_5_reg_2965">
<pin_list>
<pin id="2966" dir="0" index="0" bw="9" slack="5"/>
<pin id="2967" dir="1" index="1" bw="9" slack="5"/>
</pin_list>
<bind>
<opset="P_tile_2_addr_5 "/>
</bind>
</comp>

<comp id="2971" class="1005" name="P_tile_2_addr_6_reg_2971">
<pin_list>
<pin id="2972" dir="0" index="0" bw="9" slack="6"/>
<pin id="2973" dir="1" index="1" bw="9" slack="6"/>
</pin_list>
<bind>
<opset="P_tile_2_addr_6 "/>
</bind>
</comp>

<comp id="2977" class="1005" name="P_tile_2_addr_7_reg_2977">
<pin_list>
<pin id="2978" dir="0" index="0" bw="9" slack="7"/>
<pin id="2979" dir="1" index="1" bw="9" slack="7"/>
</pin_list>
<bind>
<opset="P_tile_2_addr_7 "/>
</bind>
</comp>

<comp id="2983" class="1005" name="P_tile_3_addr_1_reg_2983">
<pin_list>
<pin id="2984" dir="0" index="0" bw="9" slack="1"/>
<pin id="2985" dir="1" index="1" bw="9" slack="1"/>
</pin_list>
<bind>
<opset="P_tile_3_addr_1 "/>
</bind>
</comp>

<comp id="2989" class="1005" name="P_tile_3_addr_2_reg_2989">
<pin_list>
<pin id="2990" dir="0" index="0" bw="9" slack="2"/>
<pin id="2991" dir="1" index="1" bw="9" slack="2"/>
</pin_list>
<bind>
<opset="P_tile_3_addr_2 "/>
</bind>
</comp>

<comp id="2995" class="1005" name="P_tile_3_addr_3_reg_2995">
<pin_list>
<pin id="2996" dir="0" index="0" bw="9" slack="3"/>
<pin id="2997" dir="1" index="1" bw="9" slack="3"/>
</pin_list>
<bind>
<opset="P_tile_3_addr_3 "/>
</bind>
</comp>

<comp id="3001" class="1005" name="P_tile_3_addr_4_reg_3001">
<pin_list>
<pin id="3002" dir="0" index="0" bw="9" slack="4"/>
<pin id="3003" dir="1" index="1" bw="9" slack="4"/>
</pin_list>
<bind>
<opset="P_tile_3_addr_4 "/>
</bind>
</comp>

<comp id="3007" class="1005" name="P_tile_3_addr_5_reg_3007">
<pin_list>
<pin id="3008" dir="0" index="0" bw="9" slack="5"/>
<pin id="3009" dir="1" index="1" bw="9" slack="5"/>
</pin_list>
<bind>
<opset="P_tile_3_addr_5 "/>
</bind>
</comp>

<comp id="3013" class="1005" name="P_tile_3_addr_6_reg_3013">
<pin_list>
<pin id="3014" dir="0" index="0" bw="9" slack="6"/>
<pin id="3015" dir="1" index="1" bw="9" slack="6"/>
</pin_list>
<bind>
<opset="P_tile_3_addr_6 "/>
</bind>
</comp>

<comp id="3019" class="1005" name="P_tile_3_addr_7_reg_3019">
<pin_list>
<pin id="3020" dir="0" index="0" bw="9" slack="7"/>
<pin id="3021" dir="1" index="1" bw="9" slack="7"/>
</pin_list>
<bind>
<opset="P_tile_3_addr_7 "/>
</bind>
</comp>

<comp id="3025" class="1005" name="P_tile_4_addr_1_reg_3025">
<pin_list>
<pin id="3026" dir="0" index="0" bw="9" slack="1"/>
<pin id="3027" dir="1" index="1" bw="9" slack="1"/>
</pin_list>
<bind>
<opset="P_tile_4_addr_1 "/>
</bind>
</comp>

<comp id="3031" class="1005" name="P_tile_4_addr_2_reg_3031">
<pin_list>
<pin id="3032" dir="0" index="0" bw="9" slack="2"/>
<pin id="3033" dir="1" index="1" bw="9" slack="2"/>
</pin_list>
<bind>
<opset="P_tile_4_addr_2 "/>
</bind>
</comp>

<comp id="3037" class="1005" name="P_tile_4_addr_3_reg_3037">
<pin_list>
<pin id="3038" dir="0" index="0" bw="9" slack="3"/>
<pin id="3039" dir="1" index="1" bw="9" slack="3"/>
</pin_list>
<bind>
<opset="P_tile_4_addr_3 "/>
</bind>
</comp>

<comp id="3043" class="1005" name="P_tile_4_addr_4_reg_3043">
<pin_list>
<pin id="3044" dir="0" index="0" bw="9" slack="4"/>
<pin id="3045" dir="1" index="1" bw="9" slack="4"/>
</pin_list>
<bind>
<opset="P_tile_4_addr_4 "/>
</bind>
</comp>

<comp id="3049" class="1005" name="P_tile_4_addr_5_reg_3049">
<pin_list>
<pin id="3050" dir="0" index="0" bw="9" slack="5"/>
<pin id="3051" dir="1" index="1" bw="9" slack="5"/>
</pin_list>
<bind>
<opset="P_tile_4_addr_5 "/>
</bind>
</comp>

<comp id="3055" class="1005" name="P_tile_4_addr_6_reg_3055">
<pin_list>
<pin id="3056" dir="0" index="0" bw="9" slack="6"/>
<pin id="3057" dir="1" index="1" bw="9" slack="6"/>
</pin_list>
<bind>
<opset="P_tile_4_addr_6 "/>
</bind>
</comp>

<comp id="3061" class="1005" name="P_tile_4_addr_7_reg_3061">
<pin_list>
<pin id="3062" dir="0" index="0" bw="9" slack="7"/>
<pin id="3063" dir="1" index="1" bw="9" slack="7"/>
</pin_list>
<bind>
<opset="P_tile_4_addr_7 "/>
</bind>
</comp>

<comp id="3067" class="1005" name="P_tile_5_addr_1_reg_3067">
<pin_list>
<pin id="3068" dir="0" index="0" bw="9" slack="1"/>
<pin id="3069" dir="1" index="1" bw="9" slack="1"/>
</pin_list>
<bind>
<opset="P_tile_5_addr_1 "/>
</bind>
</comp>

<comp id="3073" class="1005" name="P_tile_5_addr_2_reg_3073">
<pin_list>
<pin id="3074" dir="0" index="0" bw="9" slack="2"/>
<pin id="3075" dir="1" index="1" bw="9" slack="2"/>
</pin_list>
<bind>
<opset="P_tile_5_addr_2 "/>
</bind>
</comp>

<comp id="3079" class="1005" name="P_tile_5_addr_3_reg_3079">
<pin_list>
<pin id="3080" dir="0" index="0" bw="9" slack="3"/>
<pin id="3081" dir="1" index="1" bw="9" slack="3"/>
</pin_list>
<bind>
<opset="P_tile_5_addr_3 "/>
</bind>
</comp>

<comp id="3085" class="1005" name="P_tile_5_addr_4_reg_3085">
<pin_list>
<pin id="3086" dir="0" index="0" bw="9" slack="4"/>
<pin id="3087" dir="1" index="1" bw="9" slack="4"/>
</pin_list>
<bind>
<opset="P_tile_5_addr_4 "/>
</bind>
</comp>

<comp id="3091" class="1005" name="P_tile_5_addr_5_reg_3091">
<pin_list>
<pin id="3092" dir="0" index="0" bw="9" slack="5"/>
<pin id="3093" dir="1" index="1" bw="9" slack="5"/>
</pin_list>
<bind>
<opset="P_tile_5_addr_5 "/>
</bind>
</comp>

<comp id="3097" class="1005" name="P_tile_5_addr_6_reg_3097">
<pin_list>
<pin id="3098" dir="0" index="0" bw="9" slack="6"/>
<pin id="3099" dir="1" index="1" bw="9" slack="6"/>
</pin_list>
<bind>
<opset="P_tile_5_addr_6 "/>
</bind>
</comp>

<comp id="3103" class="1005" name="P_tile_5_addr_7_reg_3103">
<pin_list>
<pin id="3104" dir="0" index="0" bw="9" slack="7"/>
<pin id="3105" dir="1" index="1" bw="9" slack="7"/>
</pin_list>
<bind>
<opset="P_tile_5_addr_7 "/>
</bind>
</comp>

<comp id="3109" class="1005" name="P_tile_6_addr_1_reg_3109">
<pin_list>
<pin id="3110" dir="0" index="0" bw="9" slack="1"/>
<pin id="3111" dir="1" index="1" bw="9" slack="1"/>
</pin_list>
<bind>
<opset="P_tile_6_addr_1 "/>
</bind>
</comp>

<comp id="3115" class="1005" name="P_tile_6_addr_2_reg_3115">
<pin_list>
<pin id="3116" dir="0" index="0" bw="9" slack="2"/>
<pin id="3117" dir="1" index="1" bw="9" slack="2"/>
</pin_list>
<bind>
<opset="P_tile_6_addr_2 "/>
</bind>
</comp>

<comp id="3121" class="1005" name="P_tile_6_addr_3_reg_3121">
<pin_list>
<pin id="3122" dir="0" index="0" bw="9" slack="3"/>
<pin id="3123" dir="1" index="1" bw="9" slack="3"/>
</pin_list>
<bind>
<opset="P_tile_6_addr_3 "/>
</bind>
</comp>

<comp id="3127" class="1005" name="P_tile_6_addr_4_reg_3127">
<pin_list>
<pin id="3128" dir="0" index="0" bw="9" slack="4"/>
<pin id="3129" dir="1" index="1" bw="9" slack="4"/>
</pin_list>
<bind>
<opset="P_tile_6_addr_4 "/>
</bind>
</comp>

<comp id="3133" class="1005" name="P_tile_6_addr_5_reg_3133">
<pin_list>
<pin id="3134" dir="0" index="0" bw="9" slack="5"/>
<pin id="3135" dir="1" index="1" bw="9" slack="5"/>
</pin_list>
<bind>
<opset="P_tile_6_addr_5 "/>
</bind>
</comp>

<comp id="3139" class="1005" name="P_tile_6_addr_6_reg_3139">
<pin_list>
<pin id="3140" dir="0" index="0" bw="9" slack="6"/>
<pin id="3141" dir="1" index="1" bw="9" slack="6"/>
</pin_list>
<bind>
<opset="P_tile_6_addr_6 "/>
</bind>
</comp>

<comp id="3145" class="1005" name="P_tile_6_addr_7_reg_3145">
<pin_list>
<pin id="3146" dir="0" index="0" bw="9" slack="7"/>
<pin id="3147" dir="1" index="1" bw="9" slack="7"/>
</pin_list>
<bind>
<opset="P_tile_6_addr_7 "/>
</bind>
</comp>

<comp id="3151" class="1005" name="P_tile_7_addr_1_reg_3151">
<pin_list>
<pin id="3152" dir="0" index="0" bw="9" slack="1"/>
<pin id="3153" dir="1" index="1" bw="9" slack="1"/>
</pin_list>
<bind>
<opset="P_tile_7_addr_1 "/>
</bind>
</comp>

<comp id="3157" class="1005" name="P_tile_7_addr_2_reg_3157">
<pin_list>
<pin id="3158" dir="0" index="0" bw="9" slack="2"/>
<pin id="3159" dir="1" index="1" bw="9" slack="2"/>
</pin_list>
<bind>
<opset="P_tile_7_addr_2 "/>
</bind>
</comp>

<comp id="3163" class="1005" name="P_tile_7_addr_3_reg_3163">
<pin_list>
<pin id="3164" dir="0" index="0" bw="9" slack="3"/>
<pin id="3165" dir="1" index="1" bw="9" slack="3"/>
</pin_list>
<bind>
<opset="P_tile_7_addr_3 "/>
</bind>
</comp>

<comp id="3169" class="1005" name="P_tile_7_addr_4_reg_3169">
<pin_list>
<pin id="3170" dir="0" index="0" bw="9" slack="4"/>
<pin id="3171" dir="1" index="1" bw="9" slack="4"/>
</pin_list>
<bind>
<opset="P_tile_7_addr_4 "/>
</bind>
</comp>

<comp id="3175" class="1005" name="P_tile_7_addr_5_reg_3175">
<pin_list>
<pin id="3176" dir="0" index="0" bw="9" slack="5"/>
<pin id="3177" dir="1" index="1" bw="9" slack="5"/>
</pin_list>
<bind>
<opset="P_tile_7_addr_5 "/>
</bind>
</comp>

<comp id="3181" class="1005" name="P_tile_7_addr_6_reg_3181">
<pin_list>
<pin id="3182" dir="0" index="0" bw="9" slack="6"/>
<pin id="3183" dir="1" index="1" bw="9" slack="6"/>
</pin_list>
<bind>
<opset="P_tile_7_addr_6 "/>
</bind>
</comp>

<comp id="3187" class="1005" name="P_tile_7_addr_7_reg_3187">
<pin_list>
<pin id="3188" dir="0" index="0" bw="9" slack="7"/>
<pin id="3189" dir="1" index="1" bw="9" slack="7"/>
</pin_list>
<bind>
<opset="P_tile_7_addr_7 "/>
</bind>
</comp>

</comp_list>

<net_list>
<net id="581"><net_src comp="274" pin="0"/><net_sink comp="578" pin=0"/></net>

<net id="586"><net_src comp="284" pin="0"/><net_sink comp="582" pin=0"/></net>

<net id="587"><net_src comp="0" pin="0"/><net_sink comp="582" pin=1"/></net>

<net id="593"><net_src comp="444" pin="0"/><net_sink comp="588" pin=0"/></net>

<net id="594"><net_src comp="146" pin="0"/><net_sink comp="588" pin=1"/></net>

<net id="595"><net_src comp="446" pin="0"/><net_sink comp="588" pin=2"/></net>

<net id="601"><net_src comp="444" pin="0"/><net_sink comp="596" pin=0"/></net>

<net id="602"><net_src comp="148" pin="0"/><net_sink comp="596" pin=1"/></net>

<net id="603"><net_src comp="446" pin="0"/><net_sink comp="596" pin=2"/></net>

<net id="609"><net_src comp="444" pin="0"/><net_sink comp="604" pin=0"/></net>

<net id="610"><net_src comp="150" pin="0"/><net_sink comp="604" pin=1"/></net>

<net id="611"><net_src comp="446" pin="0"/><net_sink comp="604" pin=2"/></net>

<net id="617"><net_src comp="444" pin="0"/><net_sink comp="612" pin=0"/></net>

<net id="618"><net_src comp="152" pin="0"/><net_sink comp="612" pin=1"/></net>

<net id="619"><net_src comp="446" pin="0"/><net_sink comp="612" pin=2"/></net>

<net id="625"><net_src comp="444" pin="0"/><net_sink comp="620" pin=0"/></net>

<net id="626"><net_src comp="154" pin="0"/><net_sink comp="620" pin=1"/></net>

<net id="627"><net_src comp="446" pin="0"/><net_sink comp="620" pin=2"/></net>

<net id="633"><net_src comp="444" pin="0"/><net_sink comp="628" pin=0"/></net>

<net id="634"><net_src comp="156" pin="0"/><net_sink comp="628" pin=1"/></net>

<net id="635"><net_src comp="446" pin="0"/><net_sink comp="628" pin=2"/></net>

<net id="641"><net_src comp="444" pin="0"/><net_sink comp="636" pin=0"/></net>

<net id="642"><net_src comp="158" pin="0"/><net_sink comp="636" pin=1"/></net>

<net id="643"><net_src comp="446" pin="0"/><net_sink comp="636" pin=2"/></net>

<net id="649"><net_src comp="444" pin="0"/><net_sink comp="644" pin=0"/></net>

<net id="650"><net_src comp="160" pin="0"/><net_sink comp="644" pin=1"/></net>

<net id="651"><net_src comp="446" pin="0"/><net_sink comp="644" pin=2"/></net>

<net id="657"><net_src comp="444" pin="0"/><net_sink comp="652" pin=0"/></net>

<net id="658"><net_src comp="162" pin="0"/><net_sink comp="652" pin=1"/></net>

<net id="659"><net_src comp="446" pin="0"/><net_sink comp="652" pin=2"/></net>

<net id="665"><net_src comp="444" pin="0"/><net_sink comp="660" pin=0"/></net>

<net id="666"><net_src comp="164" pin="0"/><net_sink comp="660" pin=1"/></net>

<net id="667"><net_src comp="446" pin="0"/><net_sink comp="660" pin=2"/></net>

<net id="673"><net_src comp="444" pin="0"/><net_sink comp="668" pin=0"/></net>

<net id="674"><net_src comp="166" pin="0"/><net_sink comp="668" pin=1"/></net>

<net id="675"><net_src comp="446" pin="0"/><net_sink comp="668" pin=2"/></net>

<net id="681"><net_src comp="444" pin="0"/><net_sink comp="676" pin=0"/></net>

<net id="682"><net_src comp="168" pin="0"/><net_sink comp="676" pin=1"/></net>

<net id="683"><net_src comp="446" pin="0"/><net_sink comp="676" pin=2"/></net>

<net id="689"><net_src comp="444" pin="0"/><net_sink comp="684" pin=0"/></net>

<net id="690"><net_src comp="170" pin="0"/><net_sink comp="684" pin=1"/></net>

<net id="691"><net_src comp="446" pin="0"/><net_sink comp="684" pin=2"/></net>

<net id="697"><net_src comp="444" pin="0"/><net_sink comp="692" pin=0"/></net>

<net id="698"><net_src comp="172" pin="0"/><net_sink comp="692" pin=1"/></net>

<net id="699"><net_src comp="446" pin="0"/><net_sink comp="692" pin=2"/></net>

<net id="705"><net_src comp="444" pin="0"/><net_sink comp="700" pin=0"/></net>

<net id="706"><net_src comp="174" pin="0"/><net_sink comp="700" pin=1"/></net>

<net id="707"><net_src comp="446" pin="0"/><net_sink comp="700" pin=2"/></net>

<net id="713"><net_src comp="444" pin="0"/><net_sink comp="708" pin=0"/></net>

<net id="714"><net_src comp="176" pin="0"/><net_sink comp="708" pin=1"/></net>

<net id="715"><net_src comp="446" pin="0"/><net_sink comp="708" pin=2"/></net>

<net id="721"><net_src comp="444" pin="0"/><net_sink comp="716" pin=0"/></net>

<net id="722"><net_src comp="178" pin="0"/><net_sink comp="716" pin=1"/></net>

<net id="723"><net_src comp="446" pin="0"/><net_sink comp="716" pin=2"/></net>

<net id="729"><net_src comp="444" pin="0"/><net_sink comp="724" pin=0"/></net>

<net id="730"><net_src comp="180" pin="0"/><net_sink comp="724" pin=1"/></net>

<net id="731"><net_src comp="446" pin="0"/><net_sink comp="724" pin=2"/></net>

<net id="737"><net_src comp="444" pin="0"/><net_sink comp="732" pin=0"/></net>

<net id="738"><net_src comp="182" pin="0"/><net_sink comp="732" pin=1"/></net>

<net id="739"><net_src comp="446" pin="0"/><net_sink comp="732" pin=2"/></net>

<net id="745"><net_src comp="444" pin="0"/><net_sink comp="740" pin=0"/></net>

<net id="746"><net_src comp="184" pin="0"/><net_sink comp="740" pin=1"/></net>

<net id="747"><net_src comp="446" pin="0"/><net_sink comp="740" pin=2"/></net>

<net id="753"><net_src comp="444" pin="0"/><net_sink comp="748" pin=0"/></net>

<net id="754"><net_src comp="186" pin="0"/><net_sink comp="748" pin=1"/></net>

<net id="755"><net_src comp="446" pin="0"/><net_sink comp="748" pin=2"/></net>

<net id="761"><net_src comp="444" pin="0"/><net_sink comp="756" pin=0"/></net>

<net id="762"><net_src comp="188" pin="0"/><net_sink comp="756" pin=1"/></net>

<net id="763"><net_src comp="446" pin="0"/><net_sink comp="756" pin=2"/></net>

<net id="769"><net_src comp="444" pin="0"/><net_sink comp="764" pin=0"/></net>

<net id="770"><net_src comp="190" pin="0"/><net_sink comp="764" pin=1"/></net>

<net id="771"><net_src comp="446" pin="0"/><net_sink comp="764" pin=2"/></net>

<net id="777"><net_src comp="444" pin="0"/><net_sink comp="772" pin=0"/></net>

<net id="778"><net_src comp="192" pin="0"/><net_sink comp="772" pin=1"/></net>

<net id="779"><net_src comp="446" pin="0"/><net_sink comp="772" pin=2"/></net>

<net id="785"><net_src comp="444" pin="0"/><net_sink comp="780" pin=0"/></net>

<net id="786"><net_src comp="194" pin="0"/><net_sink comp="780" pin=1"/></net>

<net id="787"><net_src comp="446" pin="0"/><net_sink comp="780" pin=2"/></net>

<net id="793"><net_src comp="444" pin="0"/><net_sink comp="788" pin=0"/></net>

<net id="794"><net_src comp="196" pin="0"/><net_sink comp="788" pin=1"/></net>

<net id="795"><net_src comp="446" pin="0"/><net_sink comp="788" pin=2"/></net>

<net id="801"><net_src comp="444" pin="0"/><net_sink comp="796" pin=0"/></net>

<net id="802"><net_src comp="198" pin="0"/><net_sink comp="796" pin=1"/></net>

<net id="803"><net_src comp="446" pin="0"/><net_sink comp="796" pin=2"/></net>

<net id="809"><net_src comp="444" pin="0"/><net_sink comp="804" pin=0"/></net>

<net id="810"><net_src comp="200" pin="0"/><net_sink comp="804" pin=1"/></net>

<net id="811"><net_src comp="446" pin="0"/><net_sink comp="804" pin=2"/></net>

<net id="817"><net_src comp="444" pin="0"/><net_sink comp="812" pin=0"/></net>

<net id="818"><net_src comp="202" pin="0"/><net_sink comp="812" pin=1"/></net>

<net id="819"><net_src comp="446" pin="0"/><net_sink comp="812" pin=2"/></net>

<net id="825"><net_src comp="444" pin="0"/><net_sink comp="820" pin=0"/></net>

<net id="826"><net_src comp="204" pin="0"/><net_sink comp="820" pin=1"/></net>

<net id="827"><net_src comp="446" pin="0"/><net_sink comp="820" pin=2"/></net>

<net id="833"><net_src comp="444" pin="0"/><net_sink comp="828" pin=0"/></net>

<net id="834"><net_src comp="206" pin="0"/><net_sink comp="828" pin=1"/></net>

<net id="835"><net_src comp="446" pin="0"/><net_sink comp="828" pin=2"/></net>

<net id="841"><net_src comp="444" pin="0"/><net_sink comp="836" pin=0"/></net>

<net id="842"><net_src comp="208" pin="0"/><net_sink comp="836" pin=1"/></net>

<net id="843"><net_src comp="446" pin="0"/><net_sink comp="836" pin=2"/></net>

<net id="849"><net_src comp="444" pin="0"/><net_sink comp="844" pin=0"/></net>

<net id="850"><net_src comp="210" pin="0"/><net_sink comp="844" pin=1"/></net>

<net id="851"><net_src comp="446" pin="0"/><net_sink comp="844" pin=2"/></net>

<net id="857"><net_src comp="444" pin="0"/><net_sink comp="852" pin=0"/></net>

<net id="858"><net_src comp="212" pin="0"/><net_sink comp="852" pin=1"/></net>

<net id="859"><net_src comp="446" pin="0"/><net_sink comp="852" pin=2"/></net>

<net id="865"><net_src comp="444" pin="0"/><net_sink comp="860" pin=0"/></net>

<net id="866"><net_src comp="214" pin="0"/><net_sink comp="860" pin=1"/></net>

<net id="867"><net_src comp="446" pin="0"/><net_sink comp="860" pin=2"/></net>

<net id="873"><net_src comp="444" pin="0"/><net_sink comp="868" pin=0"/></net>

<net id="874"><net_src comp="216" pin="0"/><net_sink comp="868" pin=1"/></net>

<net id="875"><net_src comp="446" pin="0"/><net_sink comp="868" pin=2"/></net>

<net id="881"><net_src comp="444" pin="0"/><net_sink comp="876" pin=0"/></net>

<net id="882"><net_src comp="218" pin="0"/><net_sink comp="876" pin=1"/></net>

<net id="883"><net_src comp="446" pin="0"/><net_sink comp="876" pin=2"/></net>

<net id="889"><net_src comp="444" pin="0"/><net_sink comp="884" pin=0"/></net>

<net id="890"><net_src comp="220" pin="0"/><net_sink comp="884" pin=1"/></net>

<net id="891"><net_src comp="446" pin="0"/><net_sink comp="884" pin=2"/></net>

<net id="897"><net_src comp="444" pin="0"/><net_sink comp="892" pin=0"/></net>

<net id="898"><net_src comp="222" pin="0"/><net_sink comp="892" pin=1"/></net>

<net id="899"><net_src comp="446" pin="0"/><net_sink comp="892" pin=2"/></net>

<net id="905"><net_src comp="444" pin="0"/><net_sink comp="900" pin=0"/></net>

<net id="906"><net_src comp="224" pin="0"/><net_sink comp="900" pin=1"/></net>

<net id="907"><net_src comp="446" pin="0"/><net_sink comp="900" pin=2"/></net>

<net id="913"><net_src comp="444" pin="0"/><net_sink comp="908" pin=0"/></net>

<net id="914"><net_src comp="226" pin="0"/><net_sink comp="908" pin=1"/></net>

<net id="915"><net_src comp="446" pin="0"/><net_sink comp="908" pin=2"/></net>

<net id="921"><net_src comp="444" pin="0"/><net_sink comp="916" pin=0"/></net>

<net id="922"><net_src comp="228" pin="0"/><net_sink comp="916" pin=1"/></net>

<net id="923"><net_src comp="446" pin="0"/><net_sink comp="916" pin=2"/></net>

<net id="929"><net_src comp="444" pin="0"/><net_sink comp="924" pin=0"/></net>

<net id="930"><net_src comp="230" pin="0"/><net_sink comp="924" pin=1"/></net>

<net id="931"><net_src comp="446" pin="0"/><net_sink comp="924" pin=2"/></net>

<net id="937"><net_src comp="444" pin="0"/><net_sink comp="932" pin=0"/></net>

<net id="938"><net_src comp="232" pin="0"/><net_sink comp="932" pin=1"/></net>

<net id="939"><net_src comp="446" pin="0"/><net_sink comp="932" pin=2"/></net>

<net id="945"><net_src comp="444" pin="0"/><net_sink comp="940" pin=0"/></net>

<net id="946"><net_src comp="234" pin="0"/><net_sink comp="940" pin=1"/></net>

<net id="947"><net_src comp="446" pin="0"/><net_sink comp="940" pin=2"/></net>

<net id="953"><net_src comp="444" pin="0"/><net_sink comp="948" pin=0"/></net>

<net id="954"><net_src comp="236" pin="0"/><net_sink comp="948" pin=1"/></net>

<net id="955"><net_src comp="446" pin="0"/><net_sink comp="948" pin=2"/></net>

<net id="961"><net_src comp="444" pin="0"/><net_sink comp="956" pin=0"/></net>

<net id="962"><net_src comp="238" pin="0"/><net_sink comp="956" pin=1"/></net>

<net id="963"><net_src comp="446" pin="0"/><net_sink comp="956" pin=2"/></net>

<net id="969"><net_src comp="444" pin="0"/><net_sink comp="964" pin=0"/></net>

<net id="970"><net_src comp="240" pin="0"/><net_sink comp="964" pin=1"/></net>

<net id="971"><net_src comp="446" pin="0"/><net_sink comp="964" pin=2"/></net>

<net id="977"><net_src comp="444" pin="0"/><net_sink comp="972" pin=0"/></net>

<net id="978"><net_src comp="242" pin="0"/><net_sink comp="972" pin=1"/></net>

<net id="979"><net_src comp="446" pin="0"/><net_sink comp="972" pin=2"/></net>

<net id="985"><net_src comp="444" pin="0"/><net_sink comp="980" pin=0"/></net>

<net id="986"><net_src comp="244" pin="0"/><net_sink comp="980" pin=1"/></net>

<net id="987"><net_src comp="446" pin="0"/><net_sink comp="980" pin=2"/></net>

<net id="993"><net_src comp="444" pin="0"/><net_sink comp="988" pin=0"/></net>

<net id="994"><net_src comp="246" pin="0"/><net_sink comp="988" pin=1"/></net>

<net id="995"><net_src comp="446" pin="0"/><net_sink comp="988" pin=2"/></net>

<net id="1001"><net_src comp="444" pin="0"/><net_sink comp="996" pin=0"/></net>

<net id="1002"><net_src comp="248" pin="0"/><net_sink comp="996" pin=1"/></net>

<net id="1003"><net_src comp="446" pin="0"/><net_sink comp="996" pin=2"/></net>

<net id="1009"><net_src comp="444" pin="0"/><net_sink comp="1004" pin=0"/></net>

<net id="1010"><net_src comp="250" pin="0"/><net_sink comp="1004" pin=1"/></net>

<net id="1011"><net_src comp="446" pin="0"/><net_sink comp="1004" pin=2"/></net>

<net id="1017"><net_src comp="444" pin="0"/><net_sink comp="1012" pin=0"/></net>

<net id="1018"><net_src comp="252" pin="0"/><net_sink comp="1012" pin=1"/></net>

<net id="1019"><net_src comp="446" pin="0"/><net_sink comp="1012" pin=2"/></net>

<net id="1025"><net_src comp="444" pin="0"/><net_sink comp="1020" pin=0"/></net>

<net id="1026"><net_src comp="254" pin="0"/><net_sink comp="1020" pin=1"/></net>

<net id="1027"><net_src comp="446" pin="0"/><net_sink comp="1020" pin=2"/></net>

<net id="1033"><net_src comp="444" pin="0"/><net_sink comp="1028" pin=0"/></net>

<net id="1034"><net_src comp="256" pin="0"/><net_sink comp="1028" pin=1"/></net>

<net id="1035"><net_src comp="446" pin="0"/><net_sink comp="1028" pin=2"/></net>

<net id="1041"><net_src comp="444" pin="0"/><net_sink comp="1036" pin=0"/></net>

<net id="1042"><net_src comp="258" pin="0"/><net_sink comp="1036" pin=1"/></net>

<net id="1043"><net_src comp="446" pin="0"/><net_sink comp="1036" pin=2"/></net>

<net id="1049"><net_src comp="444" pin="0"/><net_sink comp="1044" pin=0"/></net>

<net id="1050"><net_src comp="260" pin="0"/><net_sink comp="1044" pin=1"/></net>

<net id="1051"><net_src comp="446" pin="0"/><net_sink comp="1044" pin=2"/></net>

<net id="1057"><net_src comp="444" pin="0"/><net_sink comp="1052" pin=0"/></net>

<net id="1058"><net_src comp="262" pin="0"/><net_sink comp="1052" pin=1"/></net>

<net id="1059"><net_src comp="446" pin="0"/><net_sink comp="1052" pin=2"/></net>

<net id="1065"><net_src comp="444" pin="0"/><net_sink comp="1060" pin=0"/></net>

<net id="1066"><net_src comp="264" pin="0"/><net_sink comp="1060" pin=1"/></net>

<net id="1067"><net_src comp="446" pin="0"/><net_sink comp="1060" pin=2"/></net>

<net id="1073"><net_src comp="444" pin="0"/><net_sink comp="1068" pin=0"/></net>

<net id="1074"><net_src comp="266" pin="0"/><net_sink comp="1068" pin=1"/></net>

<net id="1075"><net_src comp="446" pin="0"/><net_sink comp="1068" pin=2"/></net>

<net id="1081"><net_src comp="444" pin="0"/><net_sink comp="1076" pin=0"/></net>

<net id="1082"><net_src comp="268" pin="0"/><net_sink comp="1076" pin=1"/></net>

<net id="1083"><net_src comp="446" pin="0"/><net_sink comp="1076" pin=2"/></net>

<net id="1089"><net_src comp="444" pin="0"/><net_sink comp="1084" pin=0"/></net>

<net id="1090"><net_src comp="270" pin="0"/><net_sink comp="1084" pin=1"/></net>

<net id="1091"><net_src comp="446" pin="0"/><net_sink comp="1084" pin=2"/></net>

<net id="1097"><net_src comp="444" pin="0"/><net_sink comp="1092" pin=0"/></net>

<net id="1098"><net_src comp="272" pin="0"/><net_sink comp="1092" pin=1"/></net>

<net id="1099"><net_src comp="446" pin="0"/><net_sink comp="1092" pin=2"/></net>

<net id="1105"><net_src comp="444" pin="0"/><net_sink comp="1100" pin=0"/></net>

<net id="1106"><net_src comp="22" pin="0"/><net_sink comp="1100" pin=1"/></net>

<net id="1107"><net_src comp="574" pin="0"/><net_sink comp="1100" pin=2"/></net>

<net id="1113"><net_src comp="444" pin="0"/><net_sink comp="1108" pin=0"/></net>

<net id="1114"><net_src comp="24" pin="0"/><net_sink comp="1108" pin=1"/></net>

<net id="1115"><net_src comp="574" pin="0"/><net_sink comp="1108" pin=2"/></net>

<net id="1121"><net_src comp="444" pin="0"/><net_sink comp="1116" pin=0"/></net>

<net id="1122"><net_src comp="26" pin="0"/><net_sink comp="1116" pin=1"/></net>

<net id="1123"><net_src comp="574" pin="0"/><net_sink comp="1116" pin=2"/></net>

<net id="1129"><net_src comp="444" pin="0"/><net_sink comp="1124" pin=0"/></net>

<net id="1130"><net_src comp="28" pin="0"/><net_sink comp="1124" pin=1"/></net>

<net id="1131"><net_src comp="574" pin="0"/><net_sink comp="1124" pin=2"/></net>

<net id="1137"><net_src comp="444" pin="0"/><net_sink comp="1132" pin=0"/></net>

<net id="1138"><net_src comp="30" pin="0"/><net_sink comp="1132" pin=1"/></net>

<net id="1139"><net_src comp="574" pin="0"/><net_sink comp="1132" pin=2"/></net>

<net id="1145"><net_src comp="444" pin="0"/><net_sink comp="1140" pin=0"/></net>

<net id="1146"><net_src comp="32" pin="0"/><net_sink comp="1140" pin=1"/></net>

<net id="1147"><net_src comp="574" pin="0"/><net_sink comp="1140" pin=2"/></net>

<net id="1153"><net_src comp="444" pin="0"/><net_sink comp="1148" pin=0"/></net>

<net id="1154"><net_src comp="34" pin="0"/><net_sink comp="1148" pin=1"/></net>

<net id="1155"><net_src comp="574" pin="0"/><net_sink comp="1148" pin=2"/></net>

<net id="1161"><net_src comp="444" pin="0"/><net_sink comp="1156" pin=0"/></net>

<net id="1162"><net_src comp="36" pin="0"/><net_sink comp="1156" pin=1"/></net>

<net id="1163"><net_src comp="574" pin="0"/><net_sink comp="1156" pin=2"/></net>

<net id="1169"><net_src comp="444" pin="0"/><net_sink comp="1164" pin=0"/></net>

<net id="1170"><net_src comp="38" pin="0"/><net_sink comp="1164" pin=1"/></net>

<net id="1171"><net_src comp="574" pin="0"/><net_sink comp="1164" pin=2"/></net>

<net id="1177"><net_src comp="444" pin="0"/><net_sink comp="1172" pin=0"/></net>

<net id="1178"><net_src comp="40" pin="0"/><net_sink comp="1172" pin=1"/></net>

<net id="1179"><net_src comp="574" pin="0"/><net_sink comp="1172" pin=2"/></net>

<net id="1185"><net_src comp="444" pin="0"/><net_sink comp="1180" pin=0"/></net>

<net id="1186"><net_src comp="42" pin="0"/><net_sink comp="1180" pin=1"/></net>

<net id="1187"><net_src comp="574" pin="0"/><net_sink comp="1180" pin=2"/></net>

<net id="1193"><net_src comp="444" pin="0"/><net_sink comp="1188" pin=0"/></net>

<net id="1194"><net_src comp="44" pin="0"/><net_sink comp="1188" pin=1"/></net>

<net id="1195"><net_src comp="574" pin="0"/><net_sink comp="1188" pin=2"/></net>

<net id="1201"><net_src comp="444" pin="0"/><net_sink comp="1196" pin=0"/></net>

<net id="1202"><net_src comp="46" pin="0"/><net_sink comp="1196" pin=1"/></net>

<net id="1203"><net_src comp="574" pin="0"/><net_sink comp="1196" pin=2"/></net>

<net id="1209"><net_src comp="444" pin="0"/><net_sink comp="1204" pin=0"/></net>

<net id="1210"><net_src comp="48" pin="0"/><net_sink comp="1204" pin=1"/></net>

<net id="1211"><net_src comp="574" pin="0"/><net_sink comp="1204" pin=2"/></net>

<net id="1217"><net_src comp="444" pin="0"/><net_sink comp="1212" pin=0"/></net>

<net id="1218"><net_src comp="50" pin="0"/><net_sink comp="1212" pin=1"/></net>

<net id="1219"><net_src comp="574" pin="0"/><net_sink comp="1212" pin=2"/></net>

<net id="1225"><net_src comp="444" pin="0"/><net_sink comp="1220" pin=0"/></net>

<net id="1226"><net_src comp="52" pin="0"/><net_sink comp="1220" pin=1"/></net>

<net id="1227"><net_src comp="574" pin="0"/><net_sink comp="1220" pin=2"/></net>

<net id="1233"><net_src comp="444" pin="0"/><net_sink comp="1228" pin=0"/></net>

<net id="1234"><net_src comp="54" pin="0"/><net_sink comp="1228" pin=1"/></net>

<net id="1235"><net_src comp="574" pin="0"/><net_sink comp="1228" pin=2"/></net>

<net id="1241"><net_src comp="444" pin="0"/><net_sink comp="1236" pin=0"/></net>

<net id="1242"><net_src comp="56" pin="0"/><net_sink comp="1236" pin=1"/></net>

<net id="1243"><net_src comp="574" pin="0"/><net_sink comp="1236" pin=2"/></net>

<net id="1249"><net_src comp="444" pin="0"/><net_sink comp="1244" pin=0"/></net>

<net id="1250"><net_src comp="58" pin="0"/><net_sink comp="1244" pin=1"/></net>

<net id="1251"><net_src comp="574" pin="0"/><net_sink comp="1244" pin=2"/></net>

<net id="1257"><net_src comp="444" pin="0"/><net_sink comp="1252" pin=0"/></net>

<net id="1258"><net_src comp="60" pin="0"/><net_sink comp="1252" pin=1"/></net>

<net id="1259"><net_src comp="574" pin="0"/><net_sink comp="1252" pin=2"/></net>

<net id="1265"><net_src comp="444" pin="0"/><net_sink comp="1260" pin=0"/></net>

<net id="1266"><net_src comp="62" pin="0"/><net_sink comp="1260" pin=1"/></net>

<net id="1267"><net_src comp="574" pin="0"/><net_sink comp="1260" pin=2"/></net>

<net id="1273"><net_src comp="444" pin="0"/><net_sink comp="1268" pin=0"/></net>

<net id="1274"><net_src comp="64" pin="0"/><net_sink comp="1268" pin=1"/></net>

<net id="1275"><net_src comp="574" pin="0"/><net_sink comp="1268" pin=2"/></net>

<net id="1281"><net_src comp="444" pin="0"/><net_sink comp="1276" pin=0"/></net>

<net id="1282"><net_src comp="66" pin="0"/><net_sink comp="1276" pin=1"/></net>

<net id="1283"><net_src comp="574" pin="0"/><net_sink comp="1276" pin=2"/></net>

<net id="1289"><net_src comp="444" pin="0"/><net_sink comp="1284" pin=0"/></net>

<net id="1290"><net_src comp="68" pin="0"/><net_sink comp="1284" pin=1"/></net>

<net id="1291"><net_src comp="574" pin="0"/><net_sink comp="1284" pin=2"/></net>

<net id="1297"><net_src comp="444" pin="0"/><net_sink comp="1292" pin=0"/></net>

<net id="1298"><net_src comp="70" pin="0"/><net_sink comp="1292" pin=1"/></net>

<net id="1299"><net_src comp="574" pin="0"/><net_sink comp="1292" pin=2"/></net>

<net id="1305"><net_src comp="444" pin="0"/><net_sink comp="1300" pin=0"/></net>

<net id="1306"><net_src comp="72" pin="0"/><net_sink comp="1300" pin=1"/></net>

<net id="1307"><net_src comp="574" pin="0"/><net_sink comp="1300" pin=2"/></net>

<net id="1313"><net_src comp="444" pin="0"/><net_sink comp="1308" pin=0"/></net>

<net id="1314"><net_src comp="74" pin="0"/><net_sink comp="1308" pin=1"/></net>

<net id="1315"><net_src comp="574" pin="0"/><net_sink comp="1308" pin=2"/></net>

<net id="1321"><net_src comp="444" pin="0"/><net_sink comp="1316" pin=0"/></net>

<net id="1322"><net_src comp="76" pin="0"/><net_sink comp="1316" pin=1"/></net>

<net id="1323"><net_src comp="574" pin="0"/><net_sink comp="1316" pin=2"/></net>

<net id="1329"><net_src comp="444" pin="0"/><net_sink comp="1324" pin=0"/></net>

<net id="1330"><net_src comp="78" pin="0"/><net_sink comp="1324" pin=1"/></net>

<net id="1331"><net_src comp="574" pin="0"/><net_sink comp="1324" pin=2"/></net>

<net id="1337"><net_src comp="444" pin="0"/><net_sink comp="1332" pin=0"/></net>

<net id="1338"><net_src comp="80" pin="0"/><net_sink comp="1332" pin=1"/></net>

<net id="1339"><net_src comp="574" pin="0"/><net_sink comp="1332" pin=2"/></net>

<net id="1345"><net_src comp="444" pin="0"/><net_sink comp="1340" pin=0"/></net>

<net id="1346"><net_src comp="82" pin="0"/><net_sink comp="1340" pin=1"/></net>

<net id="1347"><net_src comp="574" pin="0"/><net_sink comp="1340" pin=2"/></net>

<net id="1353"><net_src comp="444" pin="0"/><net_sink comp="1348" pin=0"/></net>

<net id="1354"><net_src comp="84" pin="0"/><net_sink comp="1348" pin=1"/></net>

<net id="1355"><net_src comp="574" pin="0"/><net_sink comp="1348" pin=2"/></net>

<net id="1361"><net_src comp="444" pin="0"/><net_sink comp="1356" pin=0"/></net>

<net id="1362"><net_src comp="86" pin="0"/><net_sink comp="1356" pin=1"/></net>

<net id="1363"><net_src comp="574" pin="0"/><net_sink comp="1356" pin=2"/></net>

<net id="1369"><net_src comp="444" pin="0"/><net_sink comp="1364" pin=0"/></net>

<net id="1370"><net_src comp="88" pin="0"/><net_sink comp="1364" pin=1"/></net>

<net id="1371"><net_src comp="574" pin="0"/><net_sink comp="1364" pin=2"/></net>

<net id="1377"><net_src comp="444" pin="0"/><net_sink comp="1372" pin=0"/></net>

<net id="1378"><net_src comp="90" pin="0"/><net_sink comp="1372" pin=1"/></net>

<net id="1379"><net_src comp="574" pin="0"/><net_sink comp="1372" pin=2"/></net>

<net id="1385"><net_src comp="444" pin="0"/><net_sink comp="1380" pin=0"/></net>

<net id="1386"><net_src comp="92" pin="0"/><net_sink comp="1380" pin=1"/></net>

<net id="1387"><net_src comp="574" pin="0"/><net_sink comp="1380" pin=2"/></net>

<net id="1393"><net_src comp="444" pin="0"/><net_sink comp="1388" pin=0"/></net>

<net id="1394"><net_src comp="94" pin="0"/><net_sink comp="1388" pin=1"/></net>

<net id="1395"><net_src comp="574" pin="0"/><net_sink comp="1388" pin=2"/></net>

<net id="1401"><net_src comp="444" pin="0"/><net_sink comp="1396" pin=0"/></net>

<net id="1402"><net_src comp="96" pin="0"/><net_sink comp="1396" pin=1"/></net>

<net id="1403"><net_src comp="574" pin="0"/><net_sink comp="1396" pin=2"/></net>

<net id="1409"><net_src comp="444" pin="0"/><net_sink comp="1404" pin=0"/></net>

<net id="1410"><net_src comp="98" pin="0"/><net_sink comp="1404" pin=1"/></net>

<net id="1411"><net_src comp="574" pin="0"/><net_sink comp="1404" pin=2"/></net>

<net id="1417"><net_src comp="444" pin="0"/><net_sink comp="1412" pin=0"/></net>

<net id="1418"><net_src comp="100" pin="0"/><net_sink comp="1412" pin=1"/></net>

<net id="1419"><net_src comp="574" pin="0"/><net_sink comp="1412" pin=2"/></net>

<net id="1425"><net_src comp="444" pin="0"/><net_sink comp="1420" pin=0"/></net>

<net id="1426"><net_src comp="102" pin="0"/><net_sink comp="1420" pin=1"/></net>

<net id="1427"><net_src comp="574" pin="0"/><net_sink comp="1420" pin=2"/></net>

<net id="1433"><net_src comp="444" pin="0"/><net_sink comp="1428" pin=0"/></net>

<net id="1434"><net_src comp="104" pin="0"/><net_sink comp="1428" pin=1"/></net>

<net id="1435"><net_src comp="574" pin="0"/><net_sink comp="1428" pin=2"/></net>

<net id="1441"><net_src comp="444" pin="0"/><net_sink comp="1436" pin=0"/></net>

<net id="1442"><net_src comp="106" pin="0"/><net_sink comp="1436" pin=1"/></net>

<net id="1443"><net_src comp="574" pin="0"/><net_sink comp="1436" pin=2"/></net>

<net id="1449"><net_src comp="444" pin="0"/><net_sink comp="1444" pin=0"/></net>

<net id="1450"><net_src comp="108" pin="0"/><net_sink comp="1444" pin=1"/></net>

<net id="1451"><net_src comp="574" pin="0"/><net_sink comp="1444" pin=2"/></net>

<net id="1457"><net_src comp="444" pin="0"/><net_sink comp="1452" pin=0"/></net>

<net id="1458"><net_src comp="110" pin="0"/><net_sink comp="1452" pin=1"/></net>

<net id="1459"><net_src comp="574" pin="0"/><net_sink comp="1452" pin=2"/></net>

<net id="1465"><net_src comp="444" pin="0"/><net_sink comp="1460" pin=0"/></net>

<net id="1466"><net_src comp="112" pin="0"/><net_sink comp="1460" pin=1"/></net>

<net id="1467"><net_src comp="574" pin="0"/><net_sink comp="1460" pin=2"/></net>

<net id="1473"><net_src comp="444" pin="0"/><net_sink comp="1468" pin=0"/></net>

<net id="1474"><net_src comp="114" pin="0"/><net_sink comp="1468" pin=1"/></net>

<net id="1475"><net_src comp="574" pin="0"/><net_sink comp="1468" pin=2"/></net>

<net id="1481"><net_src comp="444" pin="0"/><net_sink comp="1476" pin=0"/></net>

<net id="1482"><net_src comp="116" pin="0"/><net_sink comp="1476" pin=1"/></net>

<net id="1483"><net_src comp="574" pin="0"/><net_sink comp="1476" pin=2"/></net>

<net id="1489"><net_src comp="444" pin="0"/><net_sink comp="1484" pin=0"/></net>

<net id="1490"><net_src comp="118" pin="0"/><net_sink comp="1484" pin=1"/></net>

<net id="1491"><net_src comp="574" pin="0"/><net_sink comp="1484" pin=2"/></net>

<net id="1497"><net_src comp="444" pin="0"/><net_sink comp="1492" pin=0"/></net>

<net id="1498"><net_src comp="120" pin="0"/><net_sink comp="1492" pin=1"/></net>

<net id="1499"><net_src comp="574" pin="0"/><net_sink comp="1492" pin=2"/></net>

<net id="1505"><net_src comp="444" pin="0"/><net_sink comp="1500" pin=0"/></net>

<net id="1506"><net_src comp="122" pin="0"/><net_sink comp="1500" pin=1"/></net>

<net id="1507"><net_src comp="574" pin="0"/><net_sink comp="1500" pin=2"/></net>

<net id="1513"><net_src comp="444" pin="0"/><net_sink comp="1508" pin=0"/></net>

<net id="1514"><net_src comp="124" pin="0"/><net_sink comp="1508" pin=1"/></net>

<net id="1515"><net_src comp="574" pin="0"/><net_sink comp="1508" pin=2"/></net>

<net id="1521"><net_src comp="444" pin="0"/><net_sink comp="1516" pin=0"/></net>

<net id="1522"><net_src comp="126" pin="0"/><net_sink comp="1516" pin=1"/></net>

<net id="1523"><net_src comp="574" pin="0"/><net_sink comp="1516" pin=2"/></net>

<net id="1529"><net_src comp="444" pin="0"/><net_sink comp="1524" pin=0"/></net>

<net id="1530"><net_src comp="128" pin="0"/><net_sink comp="1524" pin=1"/></net>

<net id="1531"><net_src comp="574" pin="0"/><net_sink comp="1524" pin=2"/></net>

<net id="1537"><net_src comp="444" pin="0"/><net_sink comp="1532" pin=0"/></net>

<net id="1538"><net_src comp="130" pin="0"/><net_sink comp="1532" pin=1"/></net>

<net id="1539"><net_src comp="574" pin="0"/><net_sink comp="1532" pin=2"/></net>

<net id="1545"><net_src comp="444" pin="0"/><net_sink comp="1540" pin=0"/></net>

<net id="1546"><net_src comp="132" pin="0"/><net_sink comp="1540" pin=1"/></net>

<net id="1547"><net_src comp="574" pin="0"/><net_sink comp="1540" pin=2"/></net>

<net id="1553"><net_src comp="444" pin="0"/><net_sink comp="1548" pin=0"/></net>

<net id="1554"><net_src comp="134" pin="0"/><net_sink comp="1548" pin=1"/></net>

<net id="1555"><net_src comp="574" pin="0"/><net_sink comp="1548" pin=2"/></net>

<net id="1561"><net_src comp="444" pin="0"/><net_sink comp="1556" pin=0"/></net>

<net id="1562"><net_src comp="136" pin="0"/><net_sink comp="1556" pin=1"/></net>

<net id="1563"><net_src comp="574" pin="0"/><net_sink comp="1556" pin=2"/></net>

<net id="1569"><net_src comp="444" pin="0"/><net_sink comp="1564" pin=0"/></net>

<net id="1570"><net_src comp="138" pin="0"/><net_sink comp="1564" pin=1"/></net>

<net id="1571"><net_src comp="574" pin="0"/><net_sink comp="1564" pin=2"/></net>

<net id="1577"><net_src comp="444" pin="0"/><net_sink comp="1572" pin=0"/></net>

<net id="1578"><net_src comp="140" pin="0"/><net_sink comp="1572" pin=1"/></net>

<net id="1579"><net_src comp="574" pin="0"/><net_sink comp="1572" pin=2"/></net>

<net id="1585"><net_src comp="444" pin="0"/><net_sink comp="1580" pin=0"/></net>

<net id="1586"><net_src comp="142" pin="0"/><net_sink comp="1580" pin=1"/></net>

<net id="1587"><net_src comp="574" pin="0"/><net_sink comp="1580" pin=2"/></net>

<net id="1593"><net_src comp="444" pin="0"/><net_sink comp="1588" pin=0"/></net>

<net id="1594"><net_src comp="144" pin="0"/><net_sink comp="1588" pin=1"/></net>

<net id="1595"><net_src comp="574" pin="0"/><net_sink comp="1588" pin=2"/></net>

<net id="1601"><net_src comp="444" pin="0"/><net_sink comp="1596" pin=0"/></net>

<net id="1602"><net_src comp="20" pin="0"/><net_sink comp="1596" pin=1"/></net>

<net id="1603"><net_src comp="574" pin="0"/><net_sink comp="1596" pin=2"/></net>

<net id="1609"><net_src comp="444" pin="0"/><net_sink comp="1604" pin=0"/></net>

<net id="1610"><net_src comp="2" pin="0"/><net_sink comp="1604" pin=1"/></net>

<net id="1611"><net_src comp="574" pin="0"/><net_sink comp="1604" pin=2"/></net>

<net id="1617"><net_src comp="4" pin="0"/><net_sink comp="1612" pin=0"/></net>

<net id="1618"><net_src comp="298" pin="0"/><net_sink comp="1612" pin=1"/></net>

<net id="1624"><net_src comp="4" pin="0"/><net_sink comp="1619" pin=0"/></net>

<net id="1625"><net_src comp="298" pin="0"/><net_sink comp="1619" pin=1"/></net>

<net id="1631"><net_src comp="4" pin="0"/><net_sink comp="1626" pin=0"/></net>

<net id="1632"><net_src comp="298" pin="0"/><net_sink comp="1626" pin=1"/></net>

<net id="1638"><net_src comp="4" pin="0"/><net_sink comp="1633" pin=0"/></net>

<net id="1639"><net_src comp="298" pin="0"/><net_sink comp="1633" pin=1"/></net>

<net id="1645"><net_src comp="4" pin="0"/><net_sink comp="1640" pin=0"/></net>

<net id="1646"><net_src comp="298" pin="0"/><net_sink comp="1640" pin=1"/></net>

<net id="1652"><net_src comp="4" pin="0"/><net_sink comp="1647" pin=0"/></net>

<net id="1653"><net_src comp="298" pin="0"/><net_sink comp="1647" pin=1"/></net>

<net id="1659"><net_src comp="4" pin="0"/><net_sink comp="1654" pin=0"/></net>

<net id="1660"><net_src comp="298" pin="0"/><net_sink comp="1654" pin=1"/></net>

<net id="1666"><net_src comp="4" pin="0"/><net_sink comp="1661" pin=0"/></net>

<net id="1667"><net_src comp="298" pin="0"/><net_sink comp="1661" pin=1"/></net>

<net id="1673"><net_src comp="6" pin="0"/><net_sink comp="1668" pin=0"/></net>

<net id="1674"><net_src comp="298" pin="0"/><net_sink comp="1668" pin=1"/></net>

<net id="1680"><net_src comp="6" pin="0"/><net_sink comp="1675" pin=0"/></net>

<net id="1681"><net_src comp="298" pin="0"/><net_sink comp="1675" pin=1"/></net>

<net id="1687"><net_src comp="6" pin="0"/><net_sink comp="1682" pin=0"/></net>

<net id="1688"><net_src comp="298" pin="0"/><net_sink comp="1682" pin=1"/></net>

<net id="1694"><net_src comp="6" pin="0"/><net_sink comp="1689" pin=0"/></net>

<net id="1695"><net_src comp="298" pin="0"/><net_sink comp="1689" pin=1"/></net>

<net id="1701"><net_src comp="6" pin="0"/><net_sink comp="1696" pin=0"/></net>

<net id="1702"><net_src comp="298" pin="0"/><net_sink comp="1696" pin=1"/></net>

<net id="1708"><net_src comp="6" pin="0"/><net_sink comp="1703" pin=0"/></net>

<net id="1709"><net_src comp="298" pin="0"/><net_sink comp="1703" pin=1"/></net>

<net id="1715"><net_src comp="6" pin="0"/><net_sink comp="1710" pin=0"/></net>

<net id="1716"><net_src comp="298" pin="0"/><net_sink comp="1710" pin=1"/></net>

<net id="1722"><net_src comp="6" pin="0"/><net_sink comp="1717" pin=0"/></net>

<net id="1723"><net_src comp="298" pin="0"/><net_sink comp="1717" pin=1"/></net>

<net id="1729"><net_src comp="8" pin="0"/><net_sink comp="1724" pin=0"/></net>

<net id="1730"><net_src comp="298" pin="0"/><net_sink comp="1724" pin=1"/></net>

<net id="1736"><net_src comp="8" pin="0"/><net_sink comp="1731" pin=0"/></net>

<net id="1737"><net_src comp="298" pin="0"/><net_sink comp="1731" pin=1"/></net>

<net id="1743"><net_src comp="8" pin="0"/><net_sink comp="1738" pin=0"/></net>

<net id="1744"><net_src comp="298" pin="0"/><net_sink comp="1738" pin=1"/></net>

<net id="1750"><net_src comp="8" pin="0"/><net_sink comp="1745" pin=0"/></net>

<net id="1751"><net_src comp="298" pin="0"/><net_sink comp="1745" pin=1"/></net>

<net id="1757"><net_src comp="8" pin="0"/><net_sink comp="1752" pin=0"/></net>

<net id="1758"><net_src comp="298" pin="0"/><net_sink comp="1752" pin=1"/></net>

<net id="1764"><net_src comp="8" pin="0"/><net_sink comp="1759" pin=0"/></net>

<net id="1765"><net_src comp="298" pin="0"/><net_sink comp="1759" pin=1"/></net>

<net id="1771"><net_src comp="8" pin="0"/><net_sink comp="1766" pin=0"/></net>

<net id="1772"><net_src comp="298" pin="0"/><net_sink comp="1766" pin=1"/></net>

<net id="1778"><net_src comp="8" pin="0"/><net_sink comp="1773" pin=0"/></net>

<net id="1779"><net_src comp="298" pin="0"/><net_sink comp="1773" pin=1"/></net>

<net id="1785"><net_src comp="10" pin="0"/><net_sink comp="1780" pin=0"/></net>

<net id="1786"><net_src comp="298" pin="0"/><net_sink comp="1780" pin=1"/></net>

<net id="1792"><net_src comp="10" pin="0"/><net_sink comp="1787" pin=0"/></net>

<net id="1793"><net_src comp="298" pin="0"/><net_sink comp="1787" pin=1"/></net>

<net id="1799"><net_src comp="10" pin="0"/><net_sink comp="1794" pin=0"/></net>

<net id="1800"><net_src comp="298" pin="0"/><net_sink comp="1794" pin=1"/></net>

<net id="1806"><net_src comp="10" pin="0"/><net_sink comp="1801" pin=0"/></net>

<net id="1807"><net_src comp="298" pin="0"/><net_sink comp="1801" pin=1"/></net>

<net id="1813"><net_src comp="10" pin="0"/><net_sink comp="1808" pin=0"/></net>

<net id="1814"><net_src comp="298" pin="0"/><net_sink comp="1808" pin=1"/></net>

<net id="1820"><net_src comp="10" pin="0"/><net_sink comp="1815" pin=0"/></net>

<net id="1821"><net_src comp="298" pin="0"/><net_sink comp="1815" pin=1"/></net>

<net id="1827"><net_src comp="10" pin="0"/><net_sink comp="1822" pin=0"/></net>

<net id="1828"><net_src comp="298" pin="0"/><net_sink comp="1822" pin=1"/></net>

<net id="1834"><net_src comp="10" pin="0"/><net_sink comp="1829" pin=0"/></net>

<net id="1835"><net_src comp="298" pin="0"/><net_sink comp="1829" pin=1"/></net>

<net id="1841"><net_src comp="12" pin="0"/><net_sink comp="1836" pin=0"/></net>

<net id="1842"><net_src comp="298" pin="0"/><net_sink comp="1836" pin=1"/></net>

<net id="1848"><net_src comp="12" pin="0"/><net_sink comp="1843" pin=0"/></net>

<net id="1849"><net_src comp="298" pin="0"/><net_sink comp="1843" pin=1"/></net>

<net id="1855"><net_src comp="12" pin="0"/><net_sink comp="1850" pin=0"/></net>

<net id="1856"><net_src comp="298" pin="0"/><net_sink comp="1850" pin=1"/></net>

<net id="1862"><net_src comp="12" pin="0"/><net_sink comp="1857" pin=0"/></net>

<net id="1863"><net_src comp="298" pin="0"/><net_sink comp="1857" pin=1"/></net>

<net id="1869"><net_src comp="12" pin="0"/><net_sink comp="1864" pin=0"/></net>

<net id="1870"><net_src comp="298" pin="0"/><net_sink comp="1864" pin=1"/></net>

<net id="1876"><net_src comp="12" pin="0"/><net_sink comp="1871" pin=0"/></net>

<net id="1877"><net_src comp="298" pin="0"/><net_sink comp="1871" pin=1"/></net>

<net id="1883"><net_src comp="12" pin="0"/><net_sink comp="1878" pin=0"/></net>

<net id="1884"><net_src comp="298" pin="0"/><net_sink comp="1878" pin=1"/></net>

<net id="1890"><net_src comp="12" pin="0"/><net_sink comp="1885" pin=0"/></net>

<net id="1891"><net_src comp="298" pin="0"/><net_sink comp="1885" pin=1"/></net>

<net id="1897"><net_src comp="14" pin="0"/><net_sink comp="1892" pin=0"/></net>

<net id="1898"><net_src comp="298" pin="0"/><net_sink comp="1892" pin=1"/></net>

<net id="1904"><net_src comp="14" pin="0"/><net_sink comp="1899" pin=0"/></net>

<net id="1905"><net_src comp="298" pin="0"/><net_sink comp="1899" pin=1"/></net>

<net id="1911"><net_src comp="14" pin="0"/><net_sink comp="1906" pin=0"/></net>

<net id="1912"><net_src comp="298" pin="0"/><net_sink comp="1906" pin=1"/></net>

<net id="1918"><net_src comp="14" pin="0"/><net_sink comp="1913" pin=0"/></net>

<net id="1919"><net_src comp="298" pin="0"/><net_sink comp="1913" pin=1"/></net>

<net id="1925"><net_src comp="14" pin="0"/><net_sink comp="1920" pin=0"/></net>

<net id="1926"><net_src comp="298" pin="0"/><net_sink comp="1920" pin=1"/></net>

<net id="1932"><net_src comp="14" pin="0"/><net_sink comp="1927" pin=0"/></net>

<net id="1933"><net_src comp="298" pin="0"/><net_sink comp="1927" pin=1"/></net>

<net id="1939"><net_src comp="14" pin="0"/><net_sink comp="1934" pin=0"/></net>

<net id="1940"><net_src comp="298" pin="0"/><net_sink comp="1934" pin=1"/></net>

<net id="1946"><net_src comp="14" pin="0"/><net_sink comp="1941" pin=0"/></net>

<net id="1947"><net_src comp="298" pin="0"/><net_sink comp="1941" pin=1"/></net>

<net id="1953"><net_src comp="16" pin="0"/><net_sink comp="1948" pin=0"/></net>

<net id="1954"><net_src comp="298" pin="0"/><net_sink comp="1948" pin=1"/></net>

<net id="1960"><net_src comp="16" pin="0"/><net_sink comp="1955" pin=0"/></net>

<net id="1961"><net_src comp="298" pin="0"/><net_sink comp="1955" pin=1"/></net>

<net id="1967"><net_src comp="16" pin="0"/><net_sink comp="1962" pin=0"/></net>

<net id="1968"><net_src comp="298" pin="0"/><net_sink comp="1962" pin=1"/></net>

<net id="1974"><net_src comp="16" pin="0"/><net_sink comp="1969" pin=0"/></net>

<net id="1975"><net_src comp="298" pin="0"/><net_sink comp="1969" pin=1"/></net>

<net id="1981"><net_src comp="16" pin="0"/><net_sink comp="1976" pin=0"/></net>

<net id="1982"><net_src comp="298" pin="0"/><net_sink comp="1976" pin=1"/></net>

<net id="1988"><net_src comp="16" pin="0"/><net_sink comp="1983" pin=0"/></net>

<net id="1989"><net_src comp="298" pin="0"/><net_sink comp="1983" pin=1"/></net>

<net id="1995"><net_src comp="16" pin="0"/><net_sink comp="1990" pin=0"/></net>

<net id="1996"><net_src comp="298" pin="0"/><net_sink comp="1990" pin=1"/></net>

<net id="2002"><net_src comp="16" pin="0"/><net_sink comp="1997" pin=0"/></net>

<net id="2003"><net_src comp="298" pin="0"/><net_sink comp="1997" pin=1"/></net>

<net id="2009"><net_src comp="18" pin="0"/><net_sink comp="2004" pin=0"/></net>

<net id="2010"><net_src comp="298" pin="0"/><net_sink comp="2004" pin=1"/></net>

<net id="2016"><net_src comp="18" pin="0"/><net_sink comp="2011" pin=0"/></net>

<net id="2017"><net_src comp="298" pin="0"/><net_sink comp="2011" pin=1"/></net>

<net id="2023"><net_src comp="18" pin="0"/><net_sink comp="2018" pin=0"/></net>

<net id="2024"><net_src comp="298" pin="0"/><net_sink comp="2018" pin=1"/></net>

<net id="2030"><net_src comp="18" pin="0"/><net_sink comp="2025" pin=0"/></net>

<net id="2031"><net_src comp="298" pin="0"/><net_sink comp="2025" pin=1"/></net>

<net id="2037"><net_src comp="18" pin="0"/><net_sink comp="2032" pin=0"/></net>

<net id="2038"><net_src comp="298" pin="0"/><net_sink comp="2032" pin=1"/></net>

<net id="2044"><net_src comp="18" pin="0"/><net_sink comp="2039" pin=0"/></net>

<net id="2045"><net_src comp="298" pin="0"/><net_sink comp="2039" pin=1"/></net>

<net id="2051"><net_src comp="18" pin="0"/><net_sink comp="2046" pin=0"/></net>

<net id="2052"><net_src comp="298" pin="0"/><net_sink comp="2046" pin=1"/></net>

<net id="2058"><net_src comp="18" pin="0"/><net_sink comp="2053" pin=0"/></net>

<net id="2059"><net_src comp="298" pin="0"/><net_sink comp="2053" pin=1"/></net>

<net id="2069"><net_src comp="576" pin="0"/><net_sink comp="2060" pin=4"/></net>

<net id="2070"><net_src comp="1612" pin="3"/><net_sink comp="2060" pin=2"/></net>

<net id="2080"><net_src comp="576" pin="0"/><net_sink comp="2071" pin=4"/></net>

<net id="2081"><net_src comp="1668" pin="3"/><net_sink comp="2071" pin=2"/></net>

<net id="2091"><net_src comp="576" pin="0"/><net_sink comp="2082" pin=4"/></net>

<net id="2092"><net_src comp="1724" pin="3"/><net_sink comp="2082" pin=2"/></net>

<net id="2102"><net_src comp="576" pin="0"/><net_sink comp="2093" pin=4"/></net>

<net id="2103"><net_src comp="1780" pin="3"/><net_sink comp="2093" pin=2"/></net>

<net id="2113"><net_src comp="576" pin="0"/><net_sink comp="2104" pin=4"/></net>

<net id="2114"><net_src comp="1836" pin="3"/><net_sink comp="2104" pin=2"/></net>

<net id="2124"><net_src comp="576" pin="0"/><net_sink comp="2115" pin=4"/></net>

<net id="2125"><net_src comp="1892" pin="3"/><net_sink comp="2115" pin=2"/></net>

<net id="2135"><net_src comp="576" pin="0"/><net_sink comp="2126" pin=4"/></net>

<net id="2136"><net_src comp="1948" pin="3"/><net_sink comp="2126" pin=2"/></net>

<net id="2146"><net_src comp="576" pin="0"/><net_sink comp="2137" pin=4"/></net>

<net id="2147"><net_src comp="2004" pin="3"/><net_sink comp="2137" pin=2"/></net>

<net id="2151"><net_src comp="576" pin="0"/><net_sink comp="2148" pin=0"/></net>

<net id="2155"><net_src comp="576" pin="0"/><net_sink comp="2152" pin=0"/></net>

<net id="2159"><net_src comp="576" pin="0"/><net_sink comp="2156" pin=0"/></net>

<net id="2163"><net_src comp="576" pin="0"/><net_sink comp="2160" pin=0"/></net>

<net id="2167"><net_src comp="576" pin="0"/><net_sink comp="2164" pin=0"/></net>

<net id="2171"><net_src comp="576" pin="0"/><net_sink comp="2168" pin=0"/></net>

<net id="2175"><net_src comp="576" pin="0"/><net_sink comp="2172" pin=0"/></net>

<net id="2179"><net_src comp="576" pin="0"/><net_sink comp="2176" pin=0"/></net>

<net id="2184"><net_src comp="582" pin="2"/><net_sink comp="2180" pin=0"/></net>

<net id="2194"><net_src comp="286" pin="0"/><net_sink comp="2188" pin=0"/></net>

<net id="2195"><net_src comp="2185" pin="1"/><net_sink comp="2188" pin=1"/></net>

<net id="2196"><net_src comp="288" pin="0"/><net_sink comp="2188" pin=2"/></net>

<net id="2197"><net_src comp="290" pin="0"/><net_sink comp="2188" pin=3"/></net>

<net id="2202"><net_src comp="2188" pin="4"/><net_sink comp="2198" pin=0"/></net>

<net id="2203"><net_src comp="292" pin="0"/><net_sink comp="2198" pin=1"/></net>

<net id="2207"><net_src comp="2185" pin="1"/><net_sink comp="2204" pin=0"/></net>

<net id="2213"><net_src comp="294" pin="0"/><net_sink comp="2208" pin=0"/></net>

<net id="2214"><net_src comp="2204" pin="1"/><net_sink comp="2208" pin=1"/></net>

<net id="2215"><net_src comp="296" pin="0"/><net_sink comp="2208" pin=2"/></net>

<net id="2219"><net_src comp="2208" pin="3"/><net_sink comp="2216" pin=0"/></net>

<net id="2220"><net_src comp="2216" pin="1"/><net_sink comp="1612" pin=2"/></net>

<net id="2221"><net_src comp="2216" pin="1"/><net_sink comp="1668" pin=2"/></net>

<net id="2222"><net_src comp="2216" pin="1"/><net_sink comp="1724" pin=2"/></net>

<net id="2223"><net_src comp="2216" pin="1"/><net_sink comp="1780" pin=2"/></net>

<net id="2224"><net_src comp="2216" pin="1"/><net_sink comp="1836" pin=2"/></net>

<net id="2225"><net_src comp="2216" pin="1"/><net_sink comp="1892" pin=2"/></net>

<net id="2226"><net_src comp="2216" pin="1"/><net_sink comp="1948" pin=2"/></net>

<net id="2227"><net_src comp="2216" pin="1"/><net_sink comp="2004" pin=2"/></net>

<net id="2233"><net_src comp="294" pin="0"/><net_sink comp="2228" pin=0"/></net>

<net id="2234"><net_src comp="2204" pin="1"/><net_sink comp="2228" pin=1"/></net>

<net id="2235"><net_src comp="300" pin="0"/><net_sink comp="2228" pin=2"/></net>

<net id="2239"><net_src comp="2228" pin="3"/><net_sink comp="2236" pin=0"/></net>

<net id="2240"><net_src comp="2236" pin="1"/><net_sink comp="1619" pin=2"/></net>

<net id="2241"><net_src comp="2236" pin="1"/><net_sink comp="1675" pin=2"/></net>

<net id="2242"><net_src comp="2236" pin="1"/><net_sink comp="1731" pin=2"/></net>

<net id="2243"><net_src comp="2236" pin="1"/><net_sink comp="1787" pin=2"/></net>

<net id="2244"><net_src comp="2236" pin="1"/><net_sink comp="1843" pin=2"/></net>

<net id="2245"><net_src comp="2236" pin="1"/><net_sink comp="1899" pin=2"/></net>

<net id="2246"><net_src comp="2236" pin="1"/><net_sink comp="1955" pin=2"/></net>

<net id="2247"><net_src comp="2236" pin="1"/><net_sink comp="2011" pin=2"/></net>

<net id="2253"><net_src comp="294" pin="0"/><net_sink comp="2248" pin=0"/></net>

<net id="2254"><net_src comp="2204" pin="1"/><net_sink comp="2248" pin=1"/></net>

<net id="2255"><net_src comp="302" pin="0"/><net_sink comp="2248" pin=2"/></net>

<net id="2259"><net_src comp="2248" pin="3"/><net_sink comp="2256" pin=0"/></net>

<net id="2260"><net_src comp="2256" pin="1"/><net_sink comp="1626" pin=2"/></net>

<net id="2261"><net_src comp="2256" pin="1"/><net_sink comp="1682" pin=2"/></net>

<net id="2262"><net_src comp="2256" pin="1"/><net_sink comp="1738" pin=2"/></net>

<net id="2263"><net_src comp="2256" pin="1"/><net_sink comp="1794" pin=2"/></net>

<net id="2264"><net_src comp="2256" pin="1"/><net_sink comp="1850" pin=2"/></net>

<net id="2265"><net_src comp="2256" pin="1"/><net_sink comp="1906" pin=2"/></net>

<net id="2266"><net_src comp="2256" pin="1"/><net_sink comp="1962" pin=2"/></net>

<net id="2267"><net_src comp="2256" pin="1"/><net_sink comp="2018" pin=2"/></net>

<net id="2273"><net_src comp="294" pin="0"/><net_sink comp="2268" pin=0"/></net>

<net id="2274"><net_src comp="2204" pin="1"/><net_sink comp="2268" pin=1"/></net>

<net id="2275"><net_src comp="304" pin="0"/><net_sink comp="2268" pin=2"/></net>

<net id="2279"><net_src comp="2268" pin="3"/><net_sink comp="2276" pin=0"/></net>

<net id="2280"><net_src comp="2276" pin="1"/><net_sink comp="1633" pin=2"/></net>

<net id="2281"><net_src comp="2276" pin="1"/><net_sink comp="1689" pin=2"/></net>

<net id="2282"><net_src comp="2276" pin="1"/><net_sink comp="1745" pin=2"/></net>

<net id="2283"><net_src comp="2276" pin="1"/><net_sink comp="1801" pin=2"/></net>

<net id="2284"><net_src comp="2276" pin="1"/><net_sink comp="1857" pin=2"/></net>

<net id="2285"><net_src comp="2276" pin="1"/><net_sink comp="1913" pin=2"/></net>

<net id="2286"><net_src comp="2276" pin="1"/><net_sink comp="1969" pin=2"/></net>

<net id="2287"><net_src comp="2276" pin="1"/><net_sink comp="2025" pin=2"/></net>

<net id="2293"><net_src comp="294" pin="0"/><net_sink comp="2288" pin=0"/></net>

<net id="2294"><net_src comp="2204" pin="1"/><net_sink comp="2288" pin=1"/></net>

<net id="2295"><net_src comp="306" pin="0"/><net_sink comp="2288" pin=2"/></net>

<net id="2299"><net_src comp="2288" pin="3"/><net_sink comp="2296" pin=0"/></net>

<net id="2300"><net_src comp="2296" pin="1"/><net_sink comp="1640" pin=2"/></net>

<net id="2301"><net_src comp="2296" pin="1"/><net_sink comp="1696" pin=2"/></net>

<net id="2302"><net_src comp="2296" pin="1"/><net_sink comp="1752" pin=2"/></net>

<net id="2303"><net_src comp="2296" pin="1"/><net_sink comp="1808" pin=2"/></net>

<net id="2304"><net_src comp="2296" pin="1"/><net_sink comp="1864" pin=2"/></net>

<net id="2305"><net_src comp="2296" pin="1"/><net_sink comp="1920" pin=2"/></net>

<net id="2306"><net_src comp="2296" pin="1"/><net_sink comp="1976" pin=2"/></net>

<net id="2307"><net_src comp="2296" pin="1"/><net_sink comp="2032" pin=2"/></net>

<net id="2313"><net_src comp="294" pin="0"/><net_sink comp="2308" pin=0"/></net>

<net id="2314"><net_src comp="2204" pin="1"/><net_sink comp="2308" pin=1"/></net>

<net id="2315"><net_src comp="308" pin="0"/><net_sink comp="2308" pin=2"/></net>

<net id="2319"><net_src comp="2308" pin="3"/><net_sink comp="2316" pin=0"/></net>

<net id="2320"><net_src comp="2316" pin="1"/><net_sink comp="1647" pin=2"/></net>

<net id="2321"><net_src comp="2316" pin="1"/><net_sink comp="1703" pin=2"/></net>

<net id="2322"><net_src comp="2316" pin="1"/><net_sink comp="1759" pin=2"/></net>

<net id="2323"><net_src comp="2316" pin="1"/><net_sink comp="1815" pin=2"/></net>

<net id="2324"><net_src comp="2316" pin="1"/><net_sink comp="1871" pin=2"/></net>

<net id="2325"><net_src comp="2316" pin="1"/><net_sink comp="1927" pin=2"/></net>

<net id="2326"><net_src comp="2316" pin="1"/><net_sink comp="1983" pin=2"/></net>

<net id="2327"><net_src comp="2316" pin="1"/><net_sink comp="2039" pin=2"/></net>

<net id="2333"><net_src comp="294" pin="0"/><net_sink comp="2328" pin=0"/></net>

<net id="2334"><net_src comp="2204" pin="1"/><net_sink comp="2328" pin=1"/></net>

<net id="2335"><net_src comp="310" pin="0"/><net_sink comp="2328" pin=2"/></net>

<net id="2339"><net_src comp="2328" pin="3"/><net_sink comp="2336" pin=0"/></net>

<net id="2340"><net_src comp="2336" pin="1"/><net_sink comp="1654" pin=2"/></net>

<net id="2341"><net_src comp="2336" pin="1"/><net_sink comp="1710" pin=2"/></net>

<net id="2342"><net_src comp="2336" pin="1"/><net_sink comp="1766" pin=2"/></net>

<net id="2343"><net_src comp="2336" pin="1"/><net_sink comp="1822" pin=2"/></net>

<net id="2344"><net_src comp="2336" pin="1"/><net_sink comp="1878" pin=2"/></net>

<net id="2345"><net_src comp="2336" pin="1"/><net_sink comp="1934" pin=2"/></net>

<net id="2346"><net_src comp="2336" pin="1"/><net_sink comp="1990" pin=2"/></net>

<net id="2347"><net_src comp="2336" pin="1"/><net_sink comp="2046" pin=2"/></net>

<net id="2353"><net_src comp="294" pin="0"/><net_sink comp="2348" pin=0"/></net>

<net id="2354"><net_src comp="2204" pin="1"/><net_sink comp="2348" pin=1"/></net>

<net id="2355"><net_src comp="312" pin="0"/><net_sink comp="2348" pin=2"/></net>

<net id="2359"><net_src comp="2348" pin="3"/><net_sink comp="2356" pin=0"/></net>

<net id="2360"><net_src comp="2356" pin="1"/><net_sink comp="1661" pin=2"/></net>

<net id="2361"><net_src comp="2356" pin="1"/><net_sink comp="1717" pin=2"/></net>

<net id="2362"><net_src comp="2356" pin="1"/><net_sink comp="1773" pin=2"/></net>

<net id="2363"><net_src comp="2356" pin="1"/><net_sink comp="1829" pin=2"/></net>

<net id="2364"><net_src comp="2356" pin="1"/><net_sink comp="1885" pin=2"/></net>

<net id="2365"><net_src comp="2356" pin="1"/><net_sink comp="1941" pin=2"/></net>

<net id="2366"><net_src comp="2356" pin="1"/><net_sink comp="1997" pin=2"/></net>

<net id="2367"><net_src comp="2356" pin="1"/><net_sink comp="2053" pin=2"/></net>

<net id="2435"><net_src comp="2185" pin="1"/><net_sink comp="2368" pin=0"/></net>

<net id="2436"><net_src comp="316" pin="0"/><net_sink comp="2368" pin=1"/></net>

<net id="2437"><net_src comp="274" pin="0"/><net_sink comp="2368" pin=2"/></net>

<net id="2438"><net_src comp="324" pin="0"/><net_sink comp="2368" pin=3"/></net>

<net id="2439"><net_src comp="326" pin="0"/><net_sink comp="2368" pin=4"/></net>

<net id="2440"><net_src comp="328" pin="0"/><net_sink comp="2368" pin=5"/></net>

<net id="2441"><net_src comp="330" pin="0"/><net_sink comp="2368" pin=6"/></net>

<net id="2442"><net_src comp="288" pin="0"/><net_sink comp="2368" pin=7"/></net>

<net id="2443"><net_src comp="332" pin="0"/><net_sink comp="2368" pin=8"/></net>

<net id="2444"><net_src comp="334" pin="0"/><net_sink comp="2368" pin=9"/></net>

<net id="2445"><net_src comp="336" pin="0"/><net_sink comp="2368" pin=10"/></net>

<net id="2446"><net_src comp="338" pin="0"/><net_sink comp="2368" pin=11"/></net>

<net id="2447"><net_src comp="340" pin="0"/><net_sink comp="2368" pin=12"/></net>

<net id="2448"><net_src comp="342" pin="0"/><net_sink comp="2368" pin=13"/></net>

<net id="2449"><net_src comp="344" pin="0"/><net_sink comp="2368" pin=14"/></net>

<net id="2450"><net_src comp="346" pin="0"/><net_sink comp="2368" pin=15"/></net>

<net id="2451"><net_src comp="348" pin="0"/><net_sink comp="2368" pin=16"/></net>

<net id="2452"><net_src comp="350" pin="0"/><net_sink comp="2368" pin=17"/></net>

<net id="2453"><net_src comp="352" pin="0"/><net_sink comp="2368" pin=18"/></net>

<net id="2454"><net_src comp="354" pin="0"/><net_sink comp="2368" pin=19"/></net>

<net id="2455"><net_src comp="356" pin="0"/><net_sink comp="2368" pin=20"/></net>

<net id="2456"><net_src comp="358" pin="0"/><net_sink comp="2368" pin=21"/></net>

<net id="2457"><net_src comp="360" pin="0"/><net_sink comp="2368" pin=22"/></net>

<net id="2458"><net_src comp="362" pin="0"/><net_sink comp="2368" pin=23"/></net>

<net id="2459"><net_src comp="364" pin="0"/><net_sink comp="2368" pin=24"/></net>

<net id="2460"><net_src comp="366" pin="0"/><net_sink comp="2368" pin=25"/></net>

<net id="2461"><net_src comp="368" pin="0"/><net_sink comp="2368" pin=26"/></net>

<net id="2462"><net_src comp="370" pin="0"/><net_sink comp="2368" pin=27"/></net>

<net id="2463"><net_src comp="372" pin="0"/><net_sink comp="2368" pin=28"/></net>

<net id="2464"><net_src comp="374" pin="0"/><net_sink comp="2368" pin=29"/></net>

<net id="2465"><net_src comp="376" pin="0"/><net_sink comp="2368" pin=30"/></net>

<net id="2466"><net_src comp="378" pin="0"/><net_sink comp="2368" pin=31"/></net>

<net id="2467"><net_src comp="290" pin="0"/><net_sink comp="2368" pin=32"/></net>

<net id="2468"><net_src comp="380" pin="0"/><net_sink comp="2368" pin=33"/></net>

<net id="2469"><net_src comp="382" pin="0"/><net_sink comp="2368" pin=34"/></net>

<net id="2470"><net_src comp="384" pin="0"/><net_sink comp="2368" pin=35"/></net>

<net id="2471"><net_src comp="386" pin="0"/><net_sink comp="2368" pin=36"/></net>

<net id="2472"><net_src comp="388" pin="0"/><net_sink comp="2368" pin=37"/></net>

<net id="2473"><net_src comp="390" pin="0"/><net_sink comp="2368" pin=38"/></net>

<net id="2474"><net_src comp="392" pin="0"/><net_sink comp="2368" pin=39"/></net>

<net id="2475"><net_src comp="394" pin="0"/><net_sink comp="2368" pin=40"/></net>

<net id="2476"><net_src comp="396" pin="0"/><net_sink comp="2368" pin=41"/></net>

<net id="2477"><net_src comp="398" pin="0"/><net_sink comp="2368" pin=42"/></net>

<net id="2478"><net_src comp="400" pin="0"/><net_sink comp="2368" pin=43"/></net>

<net id="2479"><net_src comp="402" pin="0"/><net_sink comp="2368" pin=44"/></net>

<net id="2480"><net_src comp="404" pin="0"/><net_sink comp="2368" pin=45"/></net>

<net id="2481"><net_src comp="406" pin="0"/><net_sink comp="2368" pin=46"/></net>

<net id="2482"><net_src comp="408" pin="0"/><net_sink comp="2368" pin=47"/></net>

<net id="2483"><net_src comp="410" pin="0"/><net_sink comp="2368" pin=48"/></net>

<net id="2484"><net_src comp="412" pin="0"/><net_sink comp="2368" pin=49"/></net>

<net id="2485"><net_src comp="414" pin="0"/><net_sink comp="2368" pin=50"/></net>

<net id="2486"><net_src comp="416" pin="0"/><net_sink comp="2368" pin=51"/></net>

<net id="2487"><net_src comp="418" pin="0"/><net_sink comp="2368" pin=52"/></net>

<net id="2488"><net_src comp="420" pin="0"/><net_sink comp="2368" pin=53"/></net>

<net id="2489"><net_src comp="422" pin="0"/><net_sink comp="2368" pin=54"/></net>

<net id="2490"><net_src comp="424" pin="0"/><net_sink comp="2368" pin=55"/></net>

<net id="2491"><net_src comp="426" pin="0"/><net_sink comp="2368" pin=56"/></net>

<net id="2492"><net_src comp="428" pin="0"/><net_sink comp="2368" pin=57"/></net>

<net id="2493"><net_src comp="430" pin="0"/><net_sink comp="2368" pin=58"/></net>

<net id="2494"><net_src comp="432" pin="0"/><net_sink comp="2368" pin=59"/></net>

<net id="2495"><net_src comp="434" pin="0"/><net_sink comp="2368" pin=60"/></net>

<net id="2496"><net_src comp="436" pin="0"/><net_sink comp="2368" pin=61"/></net>

<net id="2497"><net_src comp="438" pin="0"/><net_sink comp="2368" pin=62"/></net>

<net id="2498"><net_src comp="440" pin="0"/><net_sink comp="2368" pin=63"/></net>

<net id="2499"><net_src comp="442" pin="0"/><net_sink comp="2368" pin=64"/></net>

<net id="2566"><net_src comp="2204" pin="1"/><net_sink comp="2500" pin=0"/></net>

<net id="2567"><net_src comp="448" pin="0"/><net_sink comp="2500" pin=1"/></net>

<net id="2568"><net_src comp="450" pin="0"/><net_sink comp="2500" pin=2"/></net>

<net id="2569"><net_src comp="452" pin="0"/><net_sink comp="2500" pin=3"/></net>

<net id="2570"><net_src comp="454" pin="0"/><net_sink comp="2500" pin=4"/></net>

<net id="2571"><net_src comp="456" pin="0"/><net_sink comp="2500" pin=5"/></net>

<net id="2572"><net_src comp="458" pin="0"/><net_sink comp="2500" pin=6"/></net>

<net id="2573"><net_src comp="460" pin="0"/><net_sink comp="2500" pin=7"/></net>

<net id="2574"><net_src comp="462" pin="0"/><net_sink comp="2500" pin=8"/></net>

<net id="2575"><net_src comp="464" pin="0"/><net_sink comp="2500" pin=9"/></net>

<net id="2576"><net_src comp="466" pin="0"/><net_sink comp="2500" pin=10"/></net>

<net id="2577"><net_src comp="468" pin="0"/><net_sink comp="2500" pin=11"/></net>

<net id="2578"><net_src comp="470" pin="0"/><net_sink comp="2500" pin=12"/></net>

<net id="2579"><net_src comp="472" pin="0"/><net_sink comp="2500" pin=13"/></net>

<net id="2580"><net_src comp="474" pin="0"/><net_sink comp="2500" pin=14"/></net>

<net id="2581"><net_src comp="476" pin="0"/><net_sink comp="2500" pin=15"/></net>

<net id="2582"><net_src comp="478" pin="0"/><net_sink comp="2500" pin=16"/></net>

<net id="2583"><net_src comp="480" pin="0"/><net_sink comp="2500" pin=17"/></net>

<net id="2584"><net_src comp="482" pin="0"/><net_sink comp="2500" pin=18"/></net>

<net id="2585"><net_src comp="484" pin="0"/><net_sink comp="2500" pin=19"/></net>

<net id="2586"><net_src comp="486" pin="0"/><net_sink comp="2500" pin=20"/></net>

<net id="2587"><net_src comp="488" pin="0"/><net_sink comp="2500" pin=21"/></net>

<net id="2588"><net_src comp="490" pin="0"/><net_sink comp="2500" pin=22"/></net>

<net id="2589"><net_src comp="492" pin="0"/><net_sink comp="2500" pin=23"/></net>

<net id="2590"><net_src comp="494" pin="0"/><net_sink comp="2500" pin=24"/></net>

<net id="2591"><net_src comp="496" pin="0"/><net_sink comp="2500" pin=25"/></net>

<net id="2592"><net_src comp="498" pin="0"/><net_sink comp="2500" pin=26"/></net>

<net id="2593"><net_src comp="500" pin="0"/><net_sink comp="2500" pin=27"/></net>

<net id="2594"><net_src comp="502" pin="0"/><net_sink comp="2500" pin=28"/></net>

<net id="2595"><net_src comp="504" pin="0"/><net_sink comp="2500" pin=29"/></net>

<net id="2596"><net_src comp="506" pin="0"/><net_sink comp="2500" pin=30"/></net>

<net id="2597"><net_src comp="508" pin="0"/><net_sink comp="2500" pin=31"/></net>

<net id="2598"><net_src comp="510" pin="0"/><net_sink comp="2500" pin=32"/></net>

<net id="2599"><net_src comp="512" pin="0"/><net_sink comp="2500" pin=33"/></net>

<net id="2600"><net_src comp="514" pin="0"/><net_sink comp="2500" pin=34"/></net>

<net id="2601"><net_src comp="516" pin="0"/><net_sink comp="2500" pin=35"/></net>

<net id="2602"><net_src comp="518" pin="0"/><net_sink comp="2500" pin=36"/></net>

<net id="2603"><net_src comp="520" pin="0"/><net_sink comp="2500" pin=37"/></net>

<net id="2604"><net_src comp="522" pin="0"/><net_sink comp="2500" pin=38"/></net>

<net id="2605"><net_src comp="524" pin="0"/><net_sink comp="2500" pin=39"/></net>

<net id="2606"><net_src comp="526" pin="0"/><net_sink comp="2500" pin=40"/></net>

<net id="2607"><net_src comp="528" pin="0"/><net_sink comp="2500" pin=41"/></net>

<net id="2608"><net_src comp="530" pin="0"/><net_sink comp="2500" pin=42"/></net>

<net id="2609"><net_src comp="532" pin="0"/><net_sink comp="2500" pin=43"/></net>

<net id="2610"><net_src comp="534" pin="0"/><net_sink comp="2500" pin=44"/></net>

<net id="2611"><net_src comp="536" pin="0"/><net_sink comp="2500" pin=45"/></net>

<net id="2612"><net_src comp="538" pin="0"/><net_sink comp="2500" pin=46"/></net>

<net id="2613"><net_src comp="540" pin="0"/><net_sink comp="2500" pin=47"/></net>

<net id="2614"><net_src comp="542" pin="0"/><net_sink comp="2500" pin=48"/></net>

<net id="2615"><net_src comp="544" pin="0"/><net_sink comp="2500" pin=49"/></net>

<net id="2616"><net_src comp="546" pin="0"/><net_sink comp="2500" pin=50"/></net>

<net id="2617"><net_src comp="548" pin="0"/><net_sink comp="2500" pin=51"/></net>

<net id="2618"><net_src comp="550" pin="0"/><net_sink comp="2500" pin=52"/></net>

<net id="2619"><net_src comp="552" pin="0"/><net_sink comp="2500" pin=53"/></net>

<net id="2620"><net_src comp="554" pin="0"/><net_sink comp="2500" pin=54"/></net>

<net id="2621"><net_src comp="556" pin="0"/><net_sink comp="2500" pin=55"/></net>

<net id="2622"><net_src comp="558" pin="0"/><net_sink comp="2500" pin=56"/></net>

<net id="2623"><net_src comp="560" pin="0"/><net_sink comp="2500" pin=57"/></net>

<net id="2624"><net_src comp="562" pin="0"/><net_sink comp="2500" pin=58"/></net>

<net id="2625"><net_src comp="564" pin="0"/><net_sink comp="2500" pin=59"/></net>

<net id="2626"><net_src comp="566" pin="0"/><net_sink comp="2500" pin=60"/></net>

<net id="2627"><net_src comp="568" pin="0"/><net_sink comp="2500" pin=61"/></net>

<net id="2628"><net_src comp="570" pin="0"/><net_sink comp="2500" pin=62"/></net>

<net id="2629"><net_src comp="572" pin="0"/><net_sink comp="2500" pin=63"/></net>

<net id="2633"><net_src comp="1612" pin="3"/><net_sink comp="2630" pin=0"/></net>

<net id="2637"><net_src comp="1668" pin="3"/><net_sink comp="2634" pin=0"/></net>

<net id="2641"><net_src comp="1724" pin="3"/><net_sink comp="2638" pin=0"/></net>

<net id="2645"><net_src comp="1780" pin="3"/><net_sink comp="2642" pin=0"/></net>

<net id="2649"><net_src comp="1836" pin="3"/><net_sink comp="2646" pin=0"/></net>

<net id="2653"><net_src comp="1892" pin="3"/><net_sink comp="2650" pin=0"/></net>

<net id="2657"><net_src comp="1948" pin="3"/><net_sink comp="2654" pin=0"/></net>

<net id="2661"><net_src comp="2004" pin="3"/><net_sink comp="2658" pin=0"/></net>

<net id="2666"><net_src comp="2185" pin="1"/><net_sink comp="2662" pin=0"/></net>

<net id="2667"><net_src comp="274" pin="0"/><net_sink comp="2662" pin=1"/></net>

<net id="2672"><net_src comp="2662" pin="2"/><net_sink comp="2668" pin=0"/></net>

<net id="2844"><net_src comp="578" pin="1"/><net_sink comp="2841" pin=0"/></net>

<net id="2845"><net_src comp="2841" pin="1"/><net_sink comp="2180" pin=1"/></net>

<net id="2846"><net_src comp="2841" pin="1"/><net_sink comp="2185" pin=0"/></net>

<net id="2847"><net_src comp="2841" pin="1"/><net_sink comp="2668" pin=1"/></net>

<net id="2860"><net_src comp="1619" pin="3"/><net_sink comp="2857" pin=0"/></net>

<net id="2861"><net_src comp="2857" pin="1"/><net_sink comp="2673" pin=0"/></net>

<net id="2862"><net_src comp="2857" pin="1"/><net_sink comp="2060" pin=2"/></net>

<net id="2866"><net_src comp="1626" pin="3"/><net_sink comp="2863" pin=0"/></net>

<net id="2867"><net_src comp="2863" pin="1"/><net_sink comp="2697" pin=0"/></net>

<net id="2868"><net_src comp="2863" pin="1"/><net_sink comp="2060" pin=2"/></net>

<net id="2872"><net_src comp="1633" pin="3"/><net_sink comp="2869" pin=0"/></net>

<net id="2873"><net_src comp="2869" pin="1"/><net_sink comp="2721" pin=0"/></net>

<net id="2874"><net_src comp="2869" pin="1"/><net_sink comp="2060" pin=2"/></net>

<net id="2878"><net_src comp="1640" pin="3"/><net_sink comp="2875" pin=0"/></net>

<net id="2879"><net_src comp="2875" pin="1"/><net_sink comp="2745" pin=0"/></net>

<net id="2880"><net_src comp="2875" pin="1"/><net_sink comp="2060" pin=2"/></net>

<net id="2884"><net_src comp="1647" pin="3"/><net_sink comp="2881" pin=0"/></net>

<net id="2885"><net_src comp="2881" pin="1"/><net_sink comp="2769" pin=0"/></net>

<net id="2886"><net_src comp="2881" pin="1"/><net_sink comp="2060" pin=2"/></net>

<net id="2890"><net_src comp="1654" pin="3"/><net_sink comp="2887" pin=0"/></net>

<net id="2891"><net_src comp="2887" pin="1"/><net_sink comp="2793" pin=0"/></net>

<net id="2892"><net_src comp="2887" pin="1"/><net_sink comp="2060" pin=2"/></net>

<net id="2896"><net_src comp="1661" pin="3"/><net_sink comp="2893" pin=0"/></net>

<net id="2897"><net_src comp="2893" pin="1"/><net_sink comp="2817" pin=0"/></net>

<net id="2898"><net_src comp="2893" pin="1"/><net_sink comp="2060" pin=2"/></net>

<net id="2902"><net_src comp="1675" pin="3"/><net_sink comp="2899" pin=0"/></net>

<net id="2903"><net_src comp="2899" pin="1"/><net_sink comp="2676" pin=0"/></net>

<net id="2904"><net_src comp="2899" pin="1"/><net_sink comp="2071" pin=2"/></net>

<net id="2908"><net_src comp="1682" pin="3"/><net_sink comp="2905" pin=0"/></net>

<net id="2909"><net_src comp="2905" pin="1"/><net_sink comp="2700" pin=0"/></net>

<net id="2910"><net_src comp="2905" pin="1"/><net_sink comp="2071" pin=2"/></net>

<net id="2914"><net_src comp="1689" pin="3"/><net_sink comp="2911" pin=0"/></net>

<net id="2915"><net_src comp="2911" pin="1"/><net_sink comp="2724" pin=0"/></net>

<net id="2916"><net_src comp="2911" pin="1"/><net_sink comp="2071" pin=2"/></net>

<net id="2920"><net_src comp="1696" pin="3"/><net_sink comp="2917" pin=0"/></net>

<net id="2921"><net_src comp="2917" pin="1"/><net_sink comp="2748" pin=0"/></net>

<net id="2922"><net_src comp="2917" pin="1"/><net_sink comp="2071" pin=2"/></net>

<net id="2926"><net_src comp="1703" pin="3"/><net_sink comp="2923" pin=0"/></net>

<net id="2927"><net_src comp="2923" pin="1"/><net_sink comp="2772" pin=0"/></net>

<net id="2928"><net_src comp="2923" pin="1"/><net_sink comp="2071" pin=2"/></net>

<net id="2932"><net_src comp="1710" pin="3"/><net_sink comp="2929" pin=0"/></net>

<net id="2933"><net_src comp="2929" pin="1"/><net_sink comp="2796" pin=0"/></net>

<net id="2934"><net_src comp="2929" pin="1"/><net_sink comp="2071" pin=2"/></net>

<net id="2938"><net_src comp="1717" pin="3"/><net_sink comp="2935" pin=0"/></net>

<net id="2939"><net_src comp="2935" pin="1"/><net_sink comp="2820" pin=0"/></net>

<net id="2940"><net_src comp="2935" pin="1"/><net_sink comp="2071" pin=2"/></net>

<net id="2944"><net_src comp="1731" pin="3"/><net_sink comp="2941" pin=0"/></net>

<net id="2945"><net_src comp="2941" pin="1"/><net_sink comp="2679" pin=0"/></net>

<net id="2946"><net_src comp="2941" pin="1"/><net_sink comp="2082" pin=2"/></net>

<net id="2950"><net_src comp="1738" pin="3"/><net_sink comp="2947" pin=0"/></net>

<net id="2951"><net_src comp="2947" pin="1"/><net_sink comp="2703" pin=0"/></net>

<net id="2952"><net_src comp="2947" pin="1"/><net_sink comp="2082" pin=2"/></net>

<net id="2956"><net_src comp="1745" pin="3"/><net_sink comp="2953" pin=0"/></net>

<net id="2957"><net_src comp="2953" pin="1"/><net_sink comp="2727" pin=0"/></net>

<net id="2958"><net_src comp="2953" pin="1"/><net_sink comp="2082" pin=2"/></net>

<net id="2962"><net_src comp="1752" pin="3"/><net_sink comp="2959" pin=0"/></net>

<net id="2963"><net_src comp="2959" pin="1"/><net_sink comp="2751" pin=0"/></net>

<net id="2964"><net_src comp="2959" pin="1"/><net_sink comp="2082" pin=2"/></net>

<net id="2968"><net_src comp="1759" pin="3"/><net_sink comp="2965" pin=0"/></net>

<net id="2969"><net_src comp="2965" pin="1"/><net_sink comp="2775" pin=0"/></net>

<net id="2970"><net_src comp="2965" pin="1"/><net_sink comp="2082" pin=2"/></net>

<net id="2974"><net_src comp="1766" pin="3"/><net_sink comp="2971" pin=0"/></net>

<net id="2975"><net_src comp="2971" pin="1"/><net_sink comp="2799" pin=0"/></net>

<net id="2976"><net_src comp="2971" pin="1"/><net_sink comp="2082" pin=2"/></net>

<net id="2980"><net_src comp="1773" pin="3"/><net_sink comp="2977" pin=0"/></net>

<net id="2981"><net_src comp="2977" pin="1"/><net_sink comp="2823" pin=0"/></net>

<net id="2982"><net_src comp="2977" pin="1"/><net_sink comp="2082" pin=2"/></net>

<net id="2986"><net_src comp="1787" pin="3"/><net_sink comp="2983" pin=0"/></net>

<net id="2987"><net_src comp="2983" pin="1"/><net_sink comp="2682" pin=0"/></net>

<net id="2988"><net_src comp="2983" pin="1"/><net_sink comp="2093" pin=2"/></net>

<net id="2992"><net_src comp="1794" pin="3"/><net_sink comp="2989" pin=0"/></net>

<net id="2993"><net_src comp="2989" pin="1"/><net_sink comp="2706" pin=0"/></net>

<net id="2994"><net_src comp="2989" pin="1"/><net_sink comp="2093" pin=2"/></net>

<net id="2998"><net_src comp="1801" pin="3"/><net_sink comp="2995" pin=0"/></net>

<net id="2999"><net_src comp="2995" pin="1"/><net_sink comp="2730" pin=0"/></net>

<net id="3000"><net_src comp="2995" pin="1"/><net_sink comp="2093" pin=2"/></net>

<net id="3004"><net_src comp="1808" pin="3"/><net_sink comp="3001" pin=0"/></net>

<net id="3005"><net_src comp="3001" pin="1"/><net_sink comp="2754" pin=0"/></net>

<net id="3006"><net_src comp="3001" pin="1"/><net_sink comp="2093" pin=2"/></net>

<net id="3010"><net_src comp="1815" pin="3"/><net_sink comp="3007" pin=0"/></net>

<net id="3011"><net_src comp="3007" pin="1"/><net_sink comp="2778" pin=0"/></net>

<net id="3012"><net_src comp="3007" pin="1"/><net_sink comp="2093" pin=2"/></net>

<net id="3016"><net_src comp="1822" pin="3"/><net_sink comp="3013" pin=0"/></net>

<net id="3017"><net_src comp="3013" pin="1"/><net_sink comp="2802" pin=0"/></net>

<net id="3018"><net_src comp="3013" pin="1"/><net_sink comp="2093" pin=2"/></net>

<net id="3022"><net_src comp="1829" pin="3"/><net_sink comp="3019" pin=0"/></net>

<net id="3023"><net_src comp="3019" pin="1"/><net_sink comp="2826" pin=0"/></net>

<net id="3024"><net_src comp="3019" pin="1"/><net_sink comp="2093" pin=2"/></net>

<net id="3028"><net_src comp="1843" pin="3"/><net_sink comp="3025" pin=0"/></net>

<net id="3029"><net_src comp="3025" pin="1"/><net_sink comp="2685" pin=0"/></net>

<net id="3030"><net_src comp="3025" pin="1"/><net_sink comp="2104" pin=2"/></net>

<net id="3034"><net_src comp="1850" pin="3"/><net_sink comp="3031" pin=0"/></net>

<net id="3035"><net_src comp="3031" pin="1"/><net_sink comp="2709" pin=0"/></net>

<net id="3036"><net_src comp="3031" pin="1"/><net_sink comp="2104" pin=2"/></net>

<net id="3040"><net_src comp="1857" pin="3"/><net_sink comp="3037" pin=0"/></net>

<net id="3041"><net_src comp="3037" pin="1"/><net_sink comp="2733" pin=0"/></net>

<net id="3042"><net_src comp="3037" pin="1"/><net_sink comp="2104" pin=2"/></net>

<net id="3046"><net_src comp="1864" pin="3"/><net_sink comp="3043" pin=0"/></net>

<net id="3047"><net_src comp="3043" pin="1"/><net_sink comp="2757" pin=0"/></net>

<net id="3048"><net_src comp="3043" pin="1"/><net_sink comp="2104" pin=2"/></net>

<net id="3052"><net_src comp="1871" pin="3"/><net_sink comp="3049" pin=0"/></net>

<net id="3053"><net_src comp="3049" pin="1"/><net_sink comp="2781" pin=0"/></net>

<net id="3054"><net_src comp="3049" pin="1"/><net_sink comp="2104" pin=2"/></net>

<net id="3058"><net_src comp="1878" pin="3"/><net_sink comp="3055" pin=0"/></net>

<net id="3059"><net_src comp="3055" pin="1"/><net_sink comp="2805" pin=0"/></net>

<net id="3060"><net_src comp="3055" pin="1"/><net_sink comp="2104" pin=2"/></net>

<net id="3064"><net_src comp="1885" pin="3"/><net_sink comp="3061" pin=0"/></net>

<net id="3065"><net_src comp="3061" pin="1"/><net_sink comp="2829" pin=0"/></net>

<net id="3066"><net_src comp="3061" pin="1"/><net_sink comp="2104" pin=2"/></net>

<net id="3070"><net_src comp="1899" pin="3"/><net_sink comp="3067" pin=0"/></net>

<net id="3071"><net_src comp="3067" pin="1"/><net_sink comp="2688" pin=0"/></net>

<net id="3072"><net_src comp="3067" pin="1"/><net_sink comp="2115" pin=2"/></net>

<net id="3076"><net_src comp="1906" pin="3"/><net_sink comp="3073" pin=0"/></net>

<net id="3077"><net_src comp="3073" pin="1"/><net_sink comp="2712" pin=0"/></net>

<net id="3078"><net_src comp="3073" pin="1"/><net_sink comp="2115" pin=2"/></net>

<net id="3082"><net_src comp="1913" pin="3"/><net_sink comp="3079" pin=0"/></net>

<net id="3083"><net_src comp="3079" pin="1"/><net_sink comp="2736" pin=0"/></net>

<net id="3084"><net_src comp="3079" pin="1"/><net_sink comp="2115" pin=2"/></net>

<net id="3088"><net_src comp="1920" pin="3"/><net_sink comp="3085" pin=0"/></net>

<net id="3089"><net_src comp="3085" pin="1"/><net_sink comp="2760" pin=0"/></net>

<net id="3090"><net_src comp="3085" pin="1"/><net_sink comp="2115" pin=2"/></net>

<net id="3094"><net_src comp="1927" pin="3"/><net_sink comp="3091" pin=0"/></net>

<net id="3095"><net_src comp="3091" pin="1"/><net_sink comp="2784" pin=0"/></net>

<net id="3096"><net_src comp="3091" pin="1"/><net_sink comp="2115" pin=2"/></net>

<net id="3100"><net_src comp="1934" pin="3"/><net_sink comp="3097" pin=0"/></net>

<net id="3101"><net_src comp="3097" pin="1"/><net_sink comp="2808" pin=0"/></net>

<net id="3102"><net_src comp="3097" pin="1"/><net_sink comp="2115" pin=2"/></net>

<net id="3106"><net_src comp="1941" pin="3"/><net_sink comp="3103" pin=0"/></net>

<net id="3107"><net_src comp="3103" pin="1"/><net_sink comp="2832" pin=0"/></net>

<net id="3108"><net_src comp="3103" pin="1"/><net_sink comp="2115" pin=2"/></net>

<net id="3112"><net_src comp="1955" pin="3"/><net_sink comp="3109" pin=0"/></net>

<net id="3113"><net_src comp="3109" pin="1"/><net_sink comp="2691" pin=0"/></net>

<net id="3114"><net_src comp="3109" pin="1"/><net_sink comp="2126" pin=2"/></net>

<net id="3118"><net_src comp="1962" pin="3"/><net_sink comp="3115" pin=0"/></net>

<net id="3119"><net_src comp="3115" pin="1"/><net_sink comp="2715" pin=0"/></net>

<net id="3120"><net_src comp="3115" pin="1"/><net_sink comp="2126" pin=2"/></net>

<net id="3124"><net_src comp="1969" pin="3"/><net_sink comp="3121" pin=0"/></net>

<net id="3125"><net_src comp="3121" pin="1"/><net_sink comp="2739" pin=0"/></net>

<net id="3126"><net_src comp="3121" pin="1"/><net_sink comp="2126" pin=2"/></net>

<net id="3130"><net_src comp="1976" pin="3"/><net_sink comp="3127" pin=0"/></net>

<net id="3131"><net_src comp="3127" pin="1"/><net_sink comp="2763" pin=0"/></net>

<net id="3132"><net_src comp="3127" pin="1"/><net_sink comp="2126" pin=2"/></net>

<net id="3136"><net_src comp="1983" pin="3"/><net_sink comp="3133" pin=0"/></net>

<net id="3137"><net_src comp="3133" pin="1"/><net_sink comp="2787" pin=0"/></net>

<net id="3138"><net_src comp="3133" pin="1"/><net_sink comp="2126" pin=2"/></net>

<net id="3142"><net_src comp="1990" pin="3"/><net_sink comp="3139" pin=0"/></net>

<net id="3143"><net_src comp="3139" pin="1"/><net_sink comp="2811" pin=0"/></net>

<net id="3144"><net_src comp="3139" pin="1"/><net_sink comp="2126" pin=2"/></net>

<net id="3148"><net_src comp="1997" pin="3"/><net_sink comp="3145" pin=0"/></net>

<net id="3149"><net_src comp="3145" pin="1"/><net_sink comp="2835" pin=0"/></net>

<net id="3150"><net_src comp="3145" pin="1"/><net_sink comp="2126" pin=2"/></net>

<net id="3154"><net_src comp="2011" pin="3"/><net_sink comp="3151" pin=0"/></net>

<net id="3155"><net_src comp="3151" pin="1"/><net_sink comp="2694" pin=0"/></net>

<net id="3156"><net_src comp="3151" pin="1"/><net_sink comp="2137" pin=2"/></net>

<net id="3160"><net_src comp="2018" pin="3"/><net_sink comp="3157" pin=0"/></net>

<net id="3161"><net_src comp="3157" pin="1"/><net_sink comp="2718" pin=0"/></net>

<net id="3162"><net_src comp="3157" pin="1"/><net_sink comp="2137" pin=2"/></net>

<net id="3166"><net_src comp="2025" pin="3"/><net_sink comp="3163" pin=0"/></net>

<net id="3167"><net_src comp="3163" pin="1"/><net_sink comp="2742" pin=0"/></net>

<net id="3168"><net_src comp="3163" pin="1"/><net_sink comp="2137" pin=2"/></net>

<net id="3172"><net_src comp="2032" pin="3"/><net_sink comp="3169" pin=0"/></net>

<net id="3173"><net_src comp="3169" pin="1"/><net_sink comp="2766" pin=0"/></net>

<net id="3174"><net_src comp="3169" pin="1"/><net_sink comp="2137" pin=2"/></net>

<net id="3178"><net_src comp="2039" pin="3"/><net_sink comp="3175" pin=0"/></net>

<net id="3179"><net_src comp="3175" pin="1"/><net_sink comp="2790" pin=0"/></net>

<net id="3180"><net_src comp="3175" pin="1"/><net_sink comp="2137" pin=2"/></net>

<net id="3184"><net_src comp="2046" pin="3"/><net_sink comp="3181" pin=0"/></net>

<net id="3185"><net_src comp="3181" pin="1"/><net_sink comp="2814" pin=0"/></net>

<net id="3186"><net_src comp="3181" pin="1"/><net_sink comp="2137" pin=2"/></net>

<net id="3190"><net_src comp="2053" pin="3"/><net_sink comp="3187" pin=0"/></net>

<net id="3191"><net_src comp="3187" pin="1"/><net_sink comp="2838" pin=0"/></net>

<net id="3192"><net_src comp="3187" pin="1"/><net_sink comp="2137" pin=2"/></net>

</net_list>

</model> 
---------------- Datapath Model END ------------------

* FSMD analyzer results:
  - Output states:
	Port: l_tilde_0 | {1 }
	Port: P_tile_0 | {1 2 3 4 5 6 7 8 }
	Port: P_tile_1 | {1 2 3 4 5 6 7 8 }
	Port: P_tile_2 | {1 2 3 4 5 6 7 8 }
	Port: P_tile_3 | {1 2 3 4 5 6 7 8 }
	Port: P_tile_4 | {1 2 3 4 5 6 7 8 }
	Port: P_tile_5 | {1 2 3 4 5 6 7 8 }
	Port: P_tile_6 | {1 2 3 4 5 6 7 8 }
	Port: P_tile_7 | {1 2 3 4 5 6 7 8 }
	Port: l_tilde_63 | {1 }
	Port: l_tilde_62 | {1 }
	Port: l_tilde_61 | {1 }
	Port: l_tilde_60 | {1 }
	Port: l_tilde_59 | {1 }
	Port: l_tilde_58 | {1 }
	Port: l_tilde_57 | {1 }
	Port: l_tilde_56 | {1 }
	Port: l_tilde_55 | {1 }
	Port: l_tilde_54 | {1 }
	Port: l_tilde_53 | {1 }
	Port: l_tilde_52 | {1 }
	Port: l_tilde_51 | {1 }
	Port: l_tilde_50 | {1 }
	Port: l_tilde_49 | {1 }
	Port: l_tilde_48 | {1 }
	Port: l_tilde_47 | {1 }
	Port: l_tilde_46 | {1 }
	Port: l_tilde_45 | {1 }
	Port: l_tilde_44 | {1 }
	Port: l_tilde_43 | {1 }
	Port: l_tilde_42 | {1 }
	Port: l_tilde_41 | {1 }
	Port: l_tilde_40 | {1 }
	Port: l_tilde_39 | {1 }
	Port: l_tilde_38 | {1 }
	Port: l_tilde_37 | {1 }
	Port: l_tilde_36 | {1 }
	Port: l_tilde_35 | {1 }
	Port: l_tilde_34 | {1 }
	Port: l_tilde_33 | {1 }
	Port: l_tilde_32 | {1 }
	Port: l_tilde_31 | {1 }
	Port: l_tilde_30 | {1 }
	Port: l_tilde_29 | {1 }
	Port: l_tilde_28 | {1 }
	Port: l_tilde_27 | {1 }
	Port: l_tilde_26 | {1 }
	Port: l_tilde_25 | {1 }
	Port: l_tilde_24 | {1 }
	Port: l_tilde_23 | {1 }
	Port: l_tilde_22 | {1 }
	Port: l_tilde_21 | {1 }
	Port: l_tilde_20 | {1 }
	Port: l_tilde_19 | {1 }
	Port: l_tilde_18 | {1 }
	Port: l_tilde_17 | {1 }
	Port: l_tilde_16 | {1 }
	Port: l_tilde_15 | {1 }
	Port: l_tilde_14 | {1 }
	Port: l_tilde_13 | {1 }
	Port: l_tilde_12 | {1 }
	Port: l_tilde_11 | {1 }
	Port: l_tilde_10 | {1 }
	Port: l_tilde_9 | {1 }
	Port: l_tilde_8 | {1 }
	Port: l_tilde_7 | {1 }
	Port: l_tilde_6 | {1 }
	Port: l_tilde_5 | {1 }
	Port: l_tilde_4 | {1 }
	Port: l_tilde_3 | {1 }
	Port: l_tilde_2 | {1 }
	Port: l_tilde_1 | {1 }
	Port: m_tilde_63 | {1 }
	Port: m_tilde_62 | {1 }
	Port: m_tilde_61 | {1 }
	Port: m_tilde_60 | {1 }
	Port: m_tilde_59 | {1 }
	Port: m_tilde_58 | {1 }
	Port: m_tilde_57 | {1 }
	Port: m_tilde_56 | {1 }
	Port: m_tilde_55 | {1 }
	Port: m_tilde_54 | {1 }
	Port: m_tilde_53 | {1 }
	Port: m_tilde_52 | {1 }
	Port: m_tilde_51 | {1 }
	Port: m_tilde_50 | {1 }
	Port: m_tilde_49 | {1 }
	Port: m_tilde_48 | {1 }
	Port: m_tilde_47 | {1 }
	Port: m_tilde_46 | {1 }
	Port: m_tilde_45 | {1 }
	Port: m_tilde_44 | {1 }
	Port: m_tilde_43 | {1 }
	Port: m_tilde_42 | {1 }
	Port: m_tilde_41 | {1 }
	Port: m_tilde_40 | {1 }
	Port: m_tilde_39 | {1 }
	Port: m_tilde_38 | {1 }
	Port: m_tilde_37 | {1 }
	Port: m_tilde_36 | {1 }
	Port: m_tilde_35 | {1 }
	Port: m_tilde_34 | {1 }
	Port: m_tilde_33 | {1 }
	Port: m_tilde_32 | {1 }
	Port: m_tilde_31 | {1 }
	Port: m_tilde_30 | {1 }
	Port: m_tilde_29 | {1 }
	Port: m_tilde_28 | {1 }
	Port: m_tilde_27 | {1 }
	Port: m_tilde_26 | {1 }
	Port: m_tilde_25 | {1 }
	Port: m_tilde_24 | {1 }
	Port: m_tilde_23 | {1 }
	Port: m_tilde_22 | {1 }
	Port: m_tilde_21 | {1 }
	Port: m_tilde_20 | {1 }
	Port: m_tilde_19 | {1 }
	Port: m_tilde_18 | {1 }
	Port: m_tilde_17 | {1 }
	Port: m_tilde_16 | {1 }
	Port: m_tilde_15 | {1 }
	Port: m_tilde_14 | {1 }
	Port: m_tilde_13 | {1 }
	Port: m_tilde_12 | {1 }
	Port: m_tilde_11 | {1 }
	Port: m_tilde_10 | {1 }
	Port: m_tilde_9 | {1 }
	Port: m_tilde_8 | {1 }
	Port: m_tilde_7 | {1 }
	Port: m_tilde_6 | {1 }
	Port: m_tilde_5 | {1 }
	Port: m_tilde_4 | {1 }
	Port: m_tilde_3 | {1 }
	Port: m_tilde_2 | {1 }
	Port: m_tilde_1 | {1 }
	Port: m_tilde_0 | {1 }
 - Input state : 
	Port: online_softmax_tile_Pipeline_SOFTMAX_PAD : br_actual | {1 }
	Port: online_softmax_tile_Pipeline_SOFTMAX_PAD : l_tilde_0 | {}
	Port: online_softmax_tile_Pipeline_SOFTMAX_PAD : P_tile_0 | {}
	Port: online_softmax_tile_Pipeline_SOFTMAX_PAD : P_tile_1 | {}
	Port: online_softmax_tile_Pipeline_SOFTMAX_PAD : P_tile_2 | {}
	Port: online_softmax_tile_Pipeline_SOFTMAX_PAD : P_tile_3 | {}
	Port: online_softmax_tile_Pipeline_SOFTMAX_PAD : P_tile_4 | {}
	Port: online_softmax_tile_Pipeline_SOFTMAX_PAD : P_tile_5 | {}
	Port: online_softmax_tile_Pipeline_SOFTMAX_PAD : P_tile_6 | {}
	Port: online_softmax_tile_Pipeline_SOFTMAX_PAD : P_tile_7 | {}
	Port: online_softmax_tile_Pipeline_SOFTMAX_PAD : l_tilde_63 | {}
	Port: online_softmax_tile_Pipeline_SOFTMAX_PAD : l_tilde_62 | {}
	Port: online_softmax_tile_Pipeline_SOFTMAX_PAD : l_tilde_61 | {}
	Port: online_softmax_tile_Pipeline_SOFTMAX_PAD : l_tilde_60 | {}
	Port: online_softmax_tile_Pipeline_SOFTMAX_PAD : l_tilde_59 | {}
	Port: online_softmax_tile_Pipeline_SOFTMAX_PAD : l_tilde_58 | {}
	Port: online_softmax_tile_Pipeline_SOFTMAX_PAD : l_tilde_57 | {}
	Port: online_softmax_tile_Pipeline_SOFTMAX_PAD : l_tilde_56 | {}
	Port: online_softmax_tile_Pipeline_SOFTMAX_PAD : l_tilde_55 | {}
	Port: online_softmax_tile_Pipeline_SOFTMAX_PAD : l_tilde_54 | {}
	Port: online_softmax_tile_Pipeline_SOFTMAX_PAD : l_tilde_53 | {}
	Port: online_softmax_tile_Pipeline_SOFTMAX_PAD : l_tilde_52 | {}
	Port: online_softmax_tile_Pipeline_SOFTMAX_PAD : l_tilde_51 | {}
	Port: online_softmax_tile_Pipeline_SOFTMAX_PAD : l_tilde_50 | {}
	Port: online_softmax_tile_Pipeline_SOFTMAX_PAD : l_tilde_49 | {}
	Port: online_softmax_tile_Pipeline_SOFTMAX_PAD : l_tilde_48 | {}
	Port: online_softmax_tile_Pipeline_SOFTMAX_PAD : l_tilde_47 | {}
	Port: online_softmax_tile_Pipeline_SOFTMAX_PAD : l_tilde_46 | {}
	Port: online_softmax_tile_Pipeline_SOFTMAX_PAD : l_tilde_45 | {}
	Port: online_softmax_tile_Pipeline_SOFTMAX_PAD : l_tilde_44 | {}
	Port: online_softmax_tile_Pipeline_SOFTMAX_PAD : l_tilde_43 | {}
	Port: online_softmax_tile_Pipeline_SOFTMAX_PAD : l_tilde_42 | {}
	Port: online_softmax_tile_Pipeline_SOFTMAX_PAD : l_tilde_41 | {}
	Port: online_softmax_tile_Pipeline_SOFTMAX_PAD : l_tilde_40 | {}
	Port: online_softmax_tile_Pipeline_SOFTMAX_PAD : l_tilde_39 | {}
	Port: online_softmax_tile_Pipeline_SOFTMAX_PAD : l_tilde_38 | {}
	Port: online_softmax_tile_Pipeline_SOFTMAX_PAD : l_tilde_37 | {}
	Port: online_softmax_tile_Pipeline_SOFTMAX_PAD : l_tilde_36 | {}
	Port: online_softmax_tile_Pipeline_SOFTMAX_PAD : l_tilde_35 | {}
	Port: online_softmax_tile_Pipeline_SOFTMAX_PAD : l_tilde_34 | {}
	Port: online_softmax_tile_Pipeline_SOFTMAX_PAD : l_tilde_33 | {}
	Port: online_softmax_tile_Pipeline_SOFTMAX_PAD : l_tilde_32 | {}
	Port: online_softmax_tile_Pipeline_SOFTMAX_PAD : l_tilde_31 | {}
	Port: online_softmax_tile_Pipeline_SOFTMAX_PAD : l_tilde_30 | {}
	Port: online_softmax_tile_Pipeline_SOFTMAX_PAD : l_tilde_29 | {}
	Port: online_softmax_tile_Pipeline_SOFTMAX_PAD : l_tilde_28 | {}
	Port: online_softmax_tile_Pipeline_SOFTMAX_PAD : l_tilde_27 | {}
	Port: online_softmax_tile_Pipeline_SOFTMAX_PAD : l_tilde_26 | {}
	Port: online_softmax_tile_Pipeline_SOFTMAX_PAD : l_tilde_25 | {}
	Port: online_softmax_tile_Pipeline_SOFTMAX_PAD : l_tilde_24 | {}
	Port: online_softmax_tile_Pipeline_SOFTMAX_PAD : l_tilde_23 | {}
	Port: online_softmax_tile_Pipeline_SOFTMAX_PAD : l_tilde_22 | {}
	Port: online_softmax_tile_Pipeline_SOFTMAX_PAD : l_tilde_21 | {}
	Port: online_softmax_tile_Pipeline_SOFTMAX_PAD : l_tilde_20 | {}
	Port: online_softmax_tile_Pipeline_SOFTMAX_PAD : l_tilde_19 | {}
	Port: online_softmax_tile_Pipeline_SOFTMAX_PAD : l_tilde_18 | {}
	Port: online_softmax_tile_Pipeline_SOFTMAX_PAD : l_tilde_17 | {}
	Port: online_softmax_tile_Pipeline_SOFTMAX_PAD : l_tilde_16 | {}
	Port: online_softmax_tile_Pipeline_SOFTMAX_PAD : l_tilde_15 | {}
	Port: online_softmax_tile_Pipeline_SOFTMAX_PAD : l_tilde_14 | {}
	Port: online_softmax_tile_Pipeline_SOFTMAX_PAD : l_tilde_13 | {}
	Port: online_softmax_tile_Pipeline_SOFTMAX_PAD : l_tilde_12 | {}
	Port: online_softmax_tile_Pipeline_SOFTMAX_PAD : l_tilde_11 | {}
	Port: online_softmax_tile_Pipeline_SOFTMAX_PAD : l_tilde_10 | {}
	Port: online_softmax_tile_Pipeline_SOFTMAX_PAD : l_tilde_9 | {}
	Port: online_softmax_tile_Pipeline_SOFTMAX_PAD : l_tilde_8 | {}
	Port: online_softmax_tile_Pipeline_SOFTMAX_PAD : l_tilde_7 | {}
	Port: online_softmax_tile_Pipeline_SOFTMAX_PAD : l_tilde_6 | {}
	Port: online_softmax_tile_Pipeline_SOFTMAX_PAD : l_tilde_5 | {}
	Port: online_softmax_tile_Pipeline_SOFTMAX_PAD : l_tilde_4 | {}
	Port: online_softmax_tile_Pipeline_SOFTMAX_PAD : l_tilde_3 | {}
	Port: online_softmax_tile_Pipeline_SOFTMAX_PAD : l_tilde_2 | {}
	Port: online_softmax_tile_Pipeline_SOFTMAX_PAD : l_tilde_1 | {}
	Port: online_softmax_tile_Pipeline_SOFTMAX_PAD : m_tilde_63 | {}
	Port: online_softmax_tile_Pipeline_SOFTMAX_PAD : m_tilde_62 | {}
	Port: online_softmax_tile_Pipeline_SOFTMAX_PAD : m_tilde_61 | {}
	Port: online_softmax_tile_Pipeline_SOFTMAX_PAD : m_tilde_60 | {}
	Port: online_softmax_tile_Pipeline_SOFTMAX_PAD : m_tilde_59 | {}
	Port: online_softmax_tile_Pipeline_SOFTMAX_PAD : m_tilde_58 | {}
	Port: online_softmax_tile_Pipeline_SOFTMAX_PAD : m_tilde_57 | {}
	Port: online_softmax_tile_Pipeline_SOFTMAX_PAD : m_tilde_56 | {}
	Port: online_softmax_tile_Pipeline_SOFTMAX_PAD : m_tilde_55 | {}
	Port: online_softmax_tile_Pipeline_SOFTMAX_PAD : m_tilde_54 | {}
	Port: online_softmax_tile_Pipeline_SOFTMAX_PAD : m_tilde_53 | {}
	Port: online_softmax_tile_Pipeline_SOFTMAX_PAD : m_tilde_52 | {}
	Port: online_softmax_tile_Pipeline_SOFTMAX_PAD : m_tilde_51 | {}
	Port: online_softmax_tile_Pipeline_SOFTMAX_PAD : m_tilde_50 | {}
	Port: online_softmax_tile_Pipeline_SOFTMAX_PAD : m_tilde_49 | {}
	Port: online_softmax_tile_Pipeline_SOFTMAX_PAD : m_tilde_48 | {}
	Port: online_softmax_tile_Pipeline_SOFTMAX_PAD : m_tilde_47 | {}
	Port: online_softmax_tile_Pipeline_SOFTMAX_PAD : m_tilde_46 | {}
	Port: online_softmax_tile_Pipeline_SOFTMAX_PAD : m_tilde_45 | {}
	Port: online_softmax_tile_Pipeline_SOFTMAX_PAD : m_tilde_44 | {}
	Port: online_softmax_tile_Pipeline_SOFTMAX_PAD : m_tilde_43 | {}
	Port: online_softmax_tile_Pipeline_SOFTMAX_PAD : m_tilde_42 | {}
	Port: online_softmax_tile_Pipeline_SOFTMAX_PAD : m_tilde_41 | {}
	Port: online_softmax_tile_Pipeline_SOFTMAX_PAD : m_tilde_40 | {}
	Port: online_softmax_tile_Pipeline_SOFTMAX_PAD : m_tilde_39 | {}
	Port: online_softmax_tile_Pipeline_SOFTMAX_PAD : m_tilde_38 | {}
	Port: online_softmax_tile_Pipeline_SOFTMAX_PAD : m_tilde_37 | {}
	Port: online_softmax_tile_Pipeline_SOFTMAX_PAD : m_tilde_36 | {}
	Port: online_softmax_tile_Pipeline_SOFTMAX_PAD : m_tilde_35 | {}
	Port: online_softmax_tile_Pipeline_SOFTMAX_PAD : m_tilde_34 | {}
	Port: online_softmax_tile_Pipeline_SOFTMAX_PAD : m_tilde_33 | {}
	Port: online_softmax_tile_Pipeline_SOFTMAX_PAD : m_tilde_32 | {}
	Port: online_softmax_tile_Pipeline_SOFTMAX_PAD : m_tilde_31 | {}
	Port: online_softmax_tile_Pipeline_SOFTMAX_PAD : m_tilde_30 | {}
	Port: online_softmax_tile_Pipeline_SOFTMAX_PAD : m_tilde_29 | {}
	Port: online_softmax_tile_Pipeline_SOFTMAX_PAD : m_tilde_28 | {}
	Port: online_softmax_tile_Pipeline_SOFTMAX_PAD : m_tilde_27 | {}
	Port: online_softmax_tile_Pipeline_SOFTMAX_PAD : m_tilde_26 | {}
	Port: online_softmax_tile_Pipeline_SOFTMAX_PAD : m_tilde_25 | {}
	Port: online_softmax_tile_Pipeline_SOFTMAX_PAD : m_tilde_24 | {}
	Port: online_softmax_tile_Pipeline_SOFTMAX_PAD : m_tilde_23 | {}
	Port: online_softmax_tile_Pipeline_SOFTMAX_PAD : m_tilde_22 | {}
	Port: online_softmax_tile_Pipeline_SOFTMAX_PAD : m_tilde_21 | {}
	Port: online_softmax_tile_Pipeline_SOFTMAX_PAD : m_tilde_20 | {}
	Port: online_softmax_tile_Pipeline_SOFTMAX_PAD : m_tilde_19 | {}
	Port: online_softmax_tile_Pipeline_SOFTMAX_PAD : m_tilde_18 | {}
	Port: online_softmax_tile_Pipeline_SOFTMAX_PAD : m_tilde_17 | {}
	Port: online_softmax_tile_Pipeline_SOFTMAX_PAD : m_tilde_16 | {}
	Port: online_softmax_tile_Pipeline_SOFTMAX_PAD : m_tilde_15 | {}
	Port: online_softmax_tile_Pipeline_SOFTMAX_PAD : m_tilde_14 | {}
	Port: online_softmax_tile_Pipeline_SOFTMAX_PAD : m_tilde_13 | {}
	Port: online_softmax_tile_Pipeline_SOFTMAX_PAD : m_tilde_12 | {}
	Port: online_softmax_tile_Pipeline_SOFTMAX_PAD : m_tilde_11 | {}
	Port: online_softmax_tile_Pipeline_SOFTMAX_PAD : m_tilde_10 | {}
	Port: online_softmax_tile_Pipeline_SOFTMAX_PAD : m_tilde_9 | {}
	Port: online_softmax_tile_Pipeline_SOFTMAX_PAD : m_tilde_8 | {}
	Port: online_softmax_tile_Pipeline_SOFTMAX_PAD : m_tilde_7 | {}
	Port: online_softmax_tile_Pipeline_SOFTMAX_PAD : m_tilde_6 | {}
	Port: online_softmax_tile_Pipeline_SOFTMAX_PAD : m_tilde_5 | {}
	Port: online_softmax_tile_Pipeline_SOFTMAX_PAD : m_tilde_4 | {}
	Port: online_softmax_tile_Pipeline_SOFTMAX_PAD : m_tilde_3 | {}
	Port: online_softmax_tile_Pipeline_SOFTMAX_PAD : m_tilde_2 | {}
	Port: online_softmax_tile_Pipeline_SOFTMAX_PAD : m_tilde_1 | {}
	Port: online_softmax_tile_Pipeline_SOFTMAX_PAD : m_tilde_0 | {}
  - Chain level:
	State 1
		i_2 : 1
		tmp : 2
		icmp_ln85 : 3
		br_ln85 : 4
		trunc_ln85 : 2
		tmp_s : 3
		zext_ln90 : 4
		P_tile_0_addr : 5
		tmp_16 : 3
		zext_ln90_1 : 4
		P_tile_0_addr_1 : 5
		tmp_17 : 3
		zext_ln90_2 : 4
		P_tile_0_addr_2 : 5
		tmp_18 : 3
		zext_ln90_3 : 4
		P_tile_0_addr_3 : 5
		tmp_19 : 3
		zext_ln90_4 : 4
		P_tile_0_addr_4 : 5
		tmp_20 : 3
		zext_ln90_5 : 4
		P_tile_0_addr_5 : 5
		tmp_21 : 3
		zext_ln90_6 : 4
		P_tile_0_addr_6 : 5
		tmp_22 : 3
		zext_ln90_7 : 4
		P_tile_0_addr_7 : 5
		P_tile_1_addr : 5
		P_tile_1_addr_1 : 5
		P_tile_1_addr_2 : 5
		P_tile_1_addr_3 : 5
		P_tile_1_addr_4 : 5
		P_tile_1_addr_5 : 5
		P_tile_1_addr_6 : 5
		P_tile_1_addr_7 : 5
		P_tile_2_addr : 5
		P_tile_2_addr_1 : 5
		P_tile_2_addr_2 : 5
		P_tile_2_addr_3 : 5
		P_tile_2_addr_4 : 5
		P_tile_2_addr_5 : 5
		P_tile_2_addr_6 : 5
		P_tile_2_addr_7 : 5
		P_tile_3_addr : 5
		P_tile_3_addr_1 : 5
		P_tile_3_addr_2 : 5
		P_tile_3_addr_3 : 5
		P_tile_3_addr_4 : 5
		P_tile_3_addr_5 : 5
		P_tile_3_addr_6 : 5
		P_tile_3_addr_7 : 5
		P_tile_4_addr : 5
		P_tile_4_addr_1 : 5
		P_tile_4_addr_2 : 5
		P_tile_4_addr_3 : 5
		P_tile_4_addr_4 : 5
		P_tile_4_addr_5 : 5
		P_tile_4_addr_6 : 5
		P_tile_4_addr_7 : 5
		P_tile_5_addr : 5
		P_tile_5_addr_1 : 5
		P_tile_5_addr_2 : 5
		P_tile_5_addr_3 : 5
		P_tile_5_addr_4 : 5
		P_tile_5_addr_5 : 5
		P_tile_5_addr_6 : 5
		P_tile_5_addr_7 : 5
		P_tile_6_addr : 5
		P_tile_6_addr_1 : 5
		P_tile_6_addr_2 : 5
		P_tile_6_addr_3 : 5
		P_tile_6_addr_4 : 5
		P_tile_6_addr_5 : 5
		P_tile_6_addr_6 : 5
		P_tile_6_addr_7 : 5
		P_tile_7_addr : 5
		P_tile_7_addr_1 : 5
		P_tile_7_addr_2 : 5
		P_tile_7_addr_3 : 5
		P_tile_7_addr_4 : 5
		P_tile_7_addr_5 : 5
		P_tile_7_addr_6 : 5
		P_tile_7_addr_7 : 5
		switch_ln87 : 2
		switch_ln88 : 3
		muxLogicRAMAddr_to_store_ln90 : 6
		store_ln90 : 6
		muxLogicRAMAddr_to_store_ln90 : 6
		store_ln90 : 6
		muxLogicRAMAddr_to_store_ln90 : 6
		store_ln90 : 6
		muxLogicRAMAddr_to_store_ln90 : 6
		store_ln90 : 6
		muxLogicRAMAddr_to_store_ln90 : 6
		store_ln90 : 6
		muxLogicRAMAddr_to_store_ln90 : 6
		store_ln90 : 6
		muxLogicRAMAddr_to_store_ln90 : 6
		store_ln90 : 6
		muxLogicRAMAddr_to_store_ln90 : 6
		store_ln90 : 6
		add_ln85 : 2
		store_ln85 : 3
	State 2
	State 3
	State 4
	State 5
	State 6
	State 7
	State 8


============================================================
+ Verbose Summary: Datapath Resource usage 
============================================================

* Functional unit list:
|----------|---------------------------------------|---------|---------|
| Operation|            Functional Unit            |    FF   |   LUT   |
|----------|---------------------------------------|---------|---------|
|    add   |            add_ln85_fu_2662           |    0    |    32   |
|----------|---------------------------------------|---------|---------|
|   icmp   |           icmp_ln85_fu_2198           |    0    |    13   |
|----------|---------------------------------------|---------|---------|
|   read   |       br_actual_read_read_fu_582      |    0    |    0    |
|----------|---------------------------------------|---------|---------|
|          |        write_ln87_write_fu_588        |    0    |    0    |
|          |        write_ln87_write_fu_596        |    0    |    0    |
|          |        write_ln87_write_fu_604        |    0    |    0    |
|          |        write_ln87_write_fu_612        |    0    |    0    |
|          |        write_ln87_write_fu_620        |    0    |    0    |
|          |        write_ln87_write_fu_628        |    0    |    0    |
|          |        write_ln87_write_fu_636        |    0    |    0    |
|          |        write_ln87_write_fu_644        |    0    |    0    |
|          |        write_ln87_write_fu_652        |    0    |    0    |
|          |        write_ln87_write_fu_660        |    0    |    0    |
|          |        write_ln87_write_fu_668        |    0    |    0    |
|          |        write_ln87_write_fu_676        |    0    |    0    |
|          |        write_ln87_write_fu_684        |    0    |    0    |
|          |        write_ln87_write_fu_692        |    0    |    0    |
|          |        write_ln87_write_fu_700        |    0    |    0    |
|          |        write_ln87_write_fu_708        |    0    |    0    |
|          |        write_ln87_write_fu_716        |    0    |    0    |
|          |        write_ln87_write_fu_724        |    0    |    0    |
|          |        write_ln87_write_fu_732        |    0    |    0    |
|          |        write_ln87_write_fu_740        |    0    |    0    |
|          |        write_ln87_write_fu_748        |    0    |    0    |
|          |        write_ln87_write_fu_756        |    0    |    0    |
|          |        write_ln87_write_fu_764        |    0    |    0    |
|          |        write_ln87_write_fu_772        |    0    |    0    |
|          |        write_ln87_write_fu_780        |    0    |    0    |
|          |        write_ln87_write_fu_788        |    0    |    0    |
|          |        write_ln87_write_fu_796        |    0    |    0    |
|          |        write_ln87_write_fu_804        |    0    |    0    |
|          |        write_ln87_write_fu_812        |    0    |    0    |
|          |        write_ln87_write_fu_820        |    0    |    0    |
|          |        write_ln87_write_fu_828        |    0    |    0    |
|          |        write_ln87_write_fu_836        |    0    |    0    |
|          |        write_ln87_write_fu_844        |    0    |    0    |
|          |        write_ln87_write_fu_852        |    0    |    0    |
|          |        write_ln87_write_fu_860        |    0    |    0    |
|          |        write_ln87_write_fu_868        |    0    |    0    |
|          |        write_ln87_write_fu_876        |    0    |    0    |
|          |        write_ln87_write_fu_884        |    0    |    0    |
|          |        write_ln87_write_fu_892        |    0    |    0    |
|          |        write_ln87_write_fu_900        |    0    |    0    |
|          |        write_ln87_write_fu_908        |    0    |    0    |
|          |        write_ln87_write_fu_916        |    0    |    0    |
|          |        write_ln87_write_fu_924        |    0    |    0    |
|          |        write_ln87_write_fu_932        |    0    |    0    |
|          |        write_ln87_write_fu_940        |    0    |    0    |
|          |        write_ln87_write_fu_948        |    0    |    0    |
|          |        write_ln87_write_fu_956        |    0    |    0    |
|          |        write_ln87_write_fu_964        |    0    |    0    |
|          |        write_ln87_write_fu_972        |    0    |    0    |
|          |        write_ln87_write_fu_980        |    0    |    0    |
|          |        write_ln87_write_fu_988        |    0    |    0    |
|          |        write_ln87_write_fu_996        |    0    |    0    |
|          |        write_ln87_write_fu_1004       |    0    |    0    |
|          |        write_ln87_write_fu_1012       |    0    |    0    |
|          |        write_ln87_write_fu_1020       |    0    |    0    |
|          |        write_ln87_write_fu_1028       |    0    |    0    |
|          |        write_ln87_write_fu_1036       |    0    |    0    |
|          |        write_ln87_write_fu_1044       |    0    |    0    |
|          |        write_ln87_write_fu_1052       |    0    |    0    |
|          |        write_ln87_write_fu_1060       |    0    |    0    |
|          |        write_ln87_write_fu_1068       |    0    |    0    |
|          |        write_ln87_write_fu_1076       |    0    |    0    |
|          |        write_ln87_write_fu_1084       |    0    |    0    |
|   write  |        write_ln87_write_fu_1092       |    0    |    0    |
|          |        write_ln88_write_fu_1100       |    0    |    0    |
|          |        write_ln88_write_fu_1108       |    0    |    0    |
|          |        write_ln88_write_fu_1116       |    0    |    0    |
|          |        write_ln88_write_fu_1124       |    0    |    0    |
|          |        write_ln88_write_fu_1132       |    0    |    0    |
|          |        write_ln88_write_fu_1140       |    0    |    0    |
|          |        write_ln88_write_fu_1148       |    0    |    0    |
|          |        write_ln88_write_fu_1156       |    0    |    0    |
|          |        write_ln88_write_fu_1164       |    0    |    0    |
|          |        write_ln88_write_fu_1172       |    0    |    0    |
|          |        write_ln88_write_fu_1180       |    0    |    0    |
|          |        write_ln88_write_fu_1188       |    0    |    0    |
|          |        write_ln88_write_fu_1196       |    0    |    0    |
|          |        write_ln88_write_fu_1204       |    0    |    0    |
|          |        write_ln88_write_fu_1212       |    0    |    0    |
|          |        write_ln88_write_fu_1220       |    0    |    0    |
|          |        write_ln88_write_fu_1228       |    0    |    0    |
|          |        write_ln88_write_fu_1236       |    0    |    0    |
|          |        write_ln88_write_fu_1244       |    0    |    0    |
|          |        write_ln88_write_fu_1252       |    0    |    0    |
|          |        write_ln88_write_fu_1260       |    0    |    0    |
|          |        write_ln88_write_fu_1268       |    0    |    0    |
|          |        write_ln88_write_fu_1276       |    0    |    0    |
|          |        write_ln88_write_fu_1284       |    0    |    0    |
|          |        write_ln88_write_fu_1292       |    0    |    0    |
|          |        write_ln88_write_fu_1300       |    0    |    0    |
|          |        write_ln88_write_fu_1308       |    0    |    0    |
|          |        write_ln88_write_fu_1316       |    0    |    0    |
|          |        write_ln88_write_fu_1324       |    0    |    0    |
|          |        write_ln88_write_fu_1332       |    0    |    0    |
|          |        write_ln88_write_fu_1340       |    0    |    0    |
|          |        write_ln88_write_fu_1348       |    0    |    0    |
|          |        write_ln88_write_fu_1356       |    0    |    0    |
|          |        write_ln88_write_fu_1364       |    0    |    0    |
|          |        write_ln88_write_fu_1372       |    0    |    0    |
|          |        write_ln88_write_fu_1380       |    0    |    0    |
|          |        write_ln88_write_fu_1388       |    0    |    0    |
|          |        write_ln88_write_fu_1396       |    0    |    0    |
|          |        write_ln88_write_fu_1404       |    0    |    0    |
|          |        write_ln88_write_fu_1412       |    0    |    0    |
|          |        write_ln88_write_fu_1420       |    0    |    0    |
|          |        write_ln88_write_fu_1428       |    0    |    0    |
|          |        write_ln88_write_fu_1436       |    0    |    0    |
|          |        write_ln88_write_fu_1444       |    0    |    0    |
|          |        write_ln88_write_fu_1452       |    0    |    0    |
|          |        write_ln88_write_fu_1460       |    0    |    0    |
|          |        write_ln88_write_fu_1468       |    0    |    0    |
|          |        write_ln88_write_fu_1476       |    0    |    0    |
|          |        write_ln88_write_fu_1484       |    0    |    0    |
|          |        write_ln88_write_fu_1492       |    0    |    0    |
|          |        write_ln88_write_fu_1500       |    0    |    0    |
|          |        write_ln88_write_fu_1508       |    0    |    0    |
|          |        write_ln88_write_fu_1516       |    0    |    0    |
|          |        write_ln88_write_fu_1524       |    0    |    0    |
|          |        write_ln88_write_fu_1532       |    0    |    0    |
|          |        write_ln88_write_fu_1540       |    0    |    0    |
|          |        write_ln88_write_fu_1548       |    0    |    0    |
|          |        write_ln88_write_fu_1556       |    0    |    0    |
|          |        write_ln88_write_fu_1564       |    0    |    0    |
|          |        write_ln88_write_fu_1572       |    0    |    0    |
|          |        write_ln88_write_fu_1580       |    0    |    0    |
|          |        write_ln88_write_fu_1588       |    0    |    0    |
|          |        write_ln88_write_fu_1596       |    0    |    0    |
|          |        write_ln88_write_fu_1604       |    0    |    0    |
|----------|---------------------------------------|---------|---------|
|          |              grp_fu_2148              |    0    |    0    |
|          |              grp_fu_2152              |    0    |    0    |
|          |              grp_fu_2156              |    0    |    0    |
|          |              grp_fu_2160              |    0    |    0    |
|          |              grp_fu_2164              |    0    |    0    |
|          |              grp_fu_2168              |    0    |    0    |
|          |              grp_fu_2172              |    0    |    0    |
|          |              grp_fu_2176              |    0    |    0    |
|          | muxLogicRAMAddr_to_store_ln90_fu_2630 |    0    |    0    |
|          | muxLogicRAMAddr_to_store_ln90_fu_2634 |    0    |    0    |
|          | muxLogicRAMAddr_to_store_ln90_fu_2638 |    0    |    0    |
|          | muxLogicRAMAddr_to_store_ln90_fu_2642 |    0    |    0    |
|          | muxLogicRAMAddr_to_store_ln90_fu_2646 |    0    |    0    |
|          | muxLogicRAMAddr_to_store_ln90_fu_2650 |    0    |    0    |
|          | muxLogicRAMAddr_to_store_ln90_fu_2654 |    0    |    0    |
|          | muxLogicRAMAddr_to_store_ln90_fu_2658 |    0    |    0    |
|          | muxLogicRAMAddr_to_store_ln90_fu_2673 |    0    |    0    |
|          | muxLogicRAMAddr_to_store_ln90_fu_2676 |    0    |    0    |
|          | muxLogicRAMAddr_to_store_ln90_fu_2679 |    0    |    0    |
|          | muxLogicRAMAddr_to_store_ln90_fu_2682 |    0    |    0    |
|          | muxLogicRAMAddr_to_store_ln90_fu_2685 |    0    |    0    |
|          | muxLogicRAMAddr_to_store_ln90_fu_2688 |    0    |    0    |
|          | muxLogicRAMAddr_to_store_ln90_fu_2691 |    0    |    0    |
|          | muxLogicRAMAddr_to_store_ln90_fu_2694 |    0    |    0    |
|          | muxLogicRAMAddr_to_store_ln90_fu_2697 |    0    |    0    |
|          | muxLogicRAMAddr_to_store_ln90_fu_2700 |    0    |    0    |
|          | muxLogicRAMAddr_to_store_ln90_fu_2703 |    0    |    0    |
|          | muxLogicRAMAddr_to_store_ln90_fu_2706 |    0    |    0    |
|          | muxLogicRAMAddr_to_store_ln90_fu_2709 |    0    |    0    |
|          | muxLogicRAMAddr_to_store_ln90_fu_2712 |    0    |    0    |
|          | muxLogicRAMAddr_to_store_ln90_fu_2715 |    0    |    0    |
|          | muxLogicRAMAddr_to_store_ln90_fu_2718 |    0    |    0    |
|          | muxLogicRAMAddr_to_store_ln90_fu_2721 |    0    |    0    |
|          | muxLogicRAMAddr_to_store_ln90_fu_2724 |    0    |    0    |
|          | muxLogicRAMAddr_to_store_ln90_fu_2727 |    0    |    0    |
| muxlogic | muxLogicRAMAddr_to_store_ln90_fu_2730 |    0    |    0    |
|          | muxLogicRAMAddr_to_store_ln90_fu_2733 |    0    |    0    |
|          | muxLogicRAMAddr_to_store_ln90_fu_2736 |    0    |    0    |
|          | muxLogicRAMAddr_to_store_ln90_fu_2739 |    0    |    0    |
|          | muxLogicRAMAddr_to_store_ln90_fu_2742 |    0    |    0    |
|          | muxLogicRAMAddr_to_store_ln90_fu_2745 |    0    |    0    |
|          | muxLogicRAMAddr_to_store_ln90_fu_2748 |    0    |    0    |
|          | muxLogicRAMAddr_to_store_ln90_fu_2751 |    0    |    0    |
|          | muxLogicRAMAddr_to_store_ln90_fu_2754 |    0    |    0    |
|          | muxLogicRAMAddr_to_store_ln90_fu_2757 |    0    |    0    |
|          | muxLogicRAMAddr_to_store_ln90_fu_2760 |    0    |    0    |
|          | muxLogicRAMAddr_to_store_ln90_fu_2763 |    0    |    0    |
|          | muxLogicRAMAddr_to_store_ln90_fu_2766 |    0    |    0    |
|          | muxLogicRAMAddr_to_store_ln90_fu_2769 |    0    |    0    |
|          | muxLogicRAMAddr_to_store_ln90_fu_2772 |    0    |    0    |
|          | muxLogicRAMAddr_to_store_ln90_fu_2775 |    0    |    0    |
|          | muxLogicRAMAddr_to_store_ln90_fu_2778 |    0    |    0    |
|          | muxLogicRAMAddr_to_store_ln90_fu_2781 |    0    |    0    |
|          | muxLogicRAMAddr_to_store_ln90_fu_2784 |    0    |    0    |
|          | muxLogicRAMAddr_to_store_ln90_fu_2787 |    0    |    0    |
|          | muxLogicRAMAddr_to_store_ln90_fu_2790 |    0    |    0    |
|          | muxLogicRAMAddr_to_store_ln90_fu_2793 |    0    |    0    |
|          | muxLogicRAMAddr_to_store_ln90_fu_2796 |    0    |    0    |
|          | muxLogicRAMAddr_to_store_ln90_fu_2799 |    0    |    0    |
|          | muxLogicRAMAddr_to_store_ln90_fu_2802 |    0    |    0    |
|          | muxLogicRAMAddr_to_store_ln90_fu_2805 |    0    |    0    |
|          | muxLogicRAMAddr_to_store_ln90_fu_2808 |    0    |    0    |
|          | muxLogicRAMAddr_to_store_ln90_fu_2811 |    0    |    0    |
|          | muxLogicRAMAddr_to_store_ln90_fu_2814 |    0    |    0    |
|          | muxLogicRAMAddr_to_store_ln90_fu_2817 |    0    |    0    |
|          | muxLogicRAMAddr_to_store_ln90_fu_2820 |    0    |    0    |
|          | muxLogicRAMAddr_to_store_ln90_fu_2823 |    0    |    0    |
|          | muxLogicRAMAddr_to_store_ln90_fu_2826 |    0    |    0    |
|          | muxLogicRAMAddr_to_store_ln90_fu_2829 |    0    |    0    |
|          | muxLogicRAMAddr_to_store_ln90_fu_2832 |    0    |    0    |
|          | muxLogicRAMAddr_to_store_ln90_fu_2835 |    0    |    0    |
|          | muxLogicRAMAddr_to_store_ln90_fu_2838 |    0    |    0    |
|----------|---------------------------------------|---------|---------|
|partselect|              tmp_fu_2188              |    0    |    0    |
|----------|---------------------------------------|---------|---------|
|   trunc  |           trunc_ln85_fu_2204          |    0    |    0    |
|----------|---------------------------------------|---------|---------|
|          |             tmp_s_fu_2208             |    0    |    0    |
|          |             tmp_16_fu_2228            |    0    |    0    |
|          |             tmp_17_fu_2248            |    0    |    0    |
|bitconcatenate|             tmp_18_fu_2268            |    0    |    0    |
|          |             tmp_19_fu_2288            |    0    |    0    |
|          |             tmp_20_fu_2308            |    0    |    0    |
|          |             tmp_21_fu_2328            |    0    |    0    |
|          |             tmp_22_fu_2348            |    0    |    0    |
|----------|---------------------------------------|---------|---------|
|          |           zext_ln90_fu_2216           |    0    |    0    |
|          |          zext_ln90_1_fu_2236          |    0    |    0    |
|          |          zext_ln90_2_fu_2256          |    0    |    0    |
|   zext   |          zext_ln90_3_fu_2276          |    0    |    0    |
|          |          zext_ln90_4_fu_2296          |    0    |    0    |
|          |          zext_ln90_5_fu_2316          |    0    |    0    |
|          |          zext_ln90_6_fu_2336          |    0    |    0    |
|          |          zext_ln90_7_fu_2356          |    0    |    0    |
|----------|---------------------------------------|---------|---------|
|  switch  |          switch_ln87_fu_2368          |    0    |    0    |
|          |          switch_ln88_fu_2500          |    0    |    0    |
|----------|---------------------------------------|---------|---------|
|   Total  |                                       |    0    |    45   |
|----------|---------------------------------------|---------|---------|

Memories:
N/A

* Register list:
+------------------------+--------+
|                        |   FF   |
+------------------------+--------+
|P_tile_0_addr_1_reg_2857|    9   |
|P_tile_0_addr_2_reg_2863|    9   |
|P_tile_0_addr_3_reg_2869|    9   |
|P_tile_0_addr_4_reg_2875|    9   |
|P_tile_0_addr_5_reg_2881|    9   |
|P_tile_0_addr_6_reg_2887|    9   |
|P_tile_0_addr_7_reg_2893|    9   |
|P_tile_1_addr_1_reg_2899|    9   |
|P_tile_1_addr_2_reg_2905|    9   |
|P_tile_1_addr_3_reg_2911|    9   |
|P_tile_1_addr_4_reg_2917|    9   |
|P_tile_1_addr_5_reg_2923|    9   |
|P_tile_1_addr_6_reg_2929|    9   |
|P_tile_1_addr_7_reg_2935|    9   |
|P_tile_2_addr_1_reg_2941|    9   |
|P_tile_2_addr_2_reg_2947|    9   |
|P_tile_2_addr_3_reg_2953|    9   |
|P_tile_2_addr_4_reg_2959|    9   |
|P_tile_2_addr_5_reg_2965|    9   |
|P_tile_2_addr_6_reg_2971|    9   |
|P_tile_2_addr_7_reg_2977|    9   |
|P_tile_3_addr_1_reg_2983|    9   |
|P_tile_3_addr_2_reg_2989|    9   |
|P_tile_3_addr_3_reg_2995|    9   |
|P_tile_3_addr_4_reg_3001|    9   |
|P_tile_3_addr_5_reg_3007|    9   |
|P_tile_3_addr_6_reg_3013|    9   |
|P_tile_3_addr_7_reg_3019|    9   |
|P_tile_4_addr_1_reg_3025|    9   |
|P_tile_4_addr_2_reg_3031|    9   |
|P_tile_4_addr_3_reg_3037|    9   |
|P_tile_4_addr_4_reg_3043|    9   |
|P_tile_4_addr_5_reg_3049|    9   |
|P_tile_4_addr_6_reg_3055|    9   |
|P_tile_4_addr_7_reg_3061|    9   |
|P_tile_5_addr_1_reg_3067|    9   |
|P_tile_5_addr_2_reg_3073|    9   |
|P_tile_5_addr_3_reg_3079|    9   |
|P_tile_5_addr_4_reg_3085|    9   |
|P_tile_5_addr_5_reg_3091|    9   |
|P_tile_5_addr_6_reg_3097|    9   |
|P_tile_5_addr_7_reg_3103|    9   |
|P_tile_6_addr_1_reg_3109|    9   |
|P_tile_6_addr_2_reg_3115|    9   |
|P_tile_6_addr_3_reg_3121|    9   |
|P_tile_6_addr_4_reg_3127|    9   |
|P_tile_6_addr_5_reg_3133|    9   |
|P_tile_6_addr_6_reg_3139|    9   |
|P_tile_6_addr_7_reg_3145|    9   |
|P_tile_7_addr_1_reg_3151|    9   |
|P_tile_7_addr_2_reg_3157|    9   |
|P_tile_7_addr_3_reg_3163|    9   |
|P_tile_7_addr_4_reg_3169|    9   |
|P_tile_7_addr_5_reg_3175|    9   |
|P_tile_7_addr_6_reg_3181|    9   |
|P_tile_7_addr_7_reg_3187|    9   |
|       i_reg_2841       |   32   |
+------------------------+--------+
|          Total         |   536  |
+------------------------+--------+

* Multiplexer (MUX) list: 
|--------------------|------|------|------|--------||---------||---------||---------|
|        Comp        |  Pin | Size |  BW  | S x BW ||  Delay  ||    FF   ||   LUT   |
|--------------------|------|------|------|--------||---------||---------||---------|
| grp_access_fu_2060 |  p2  |   8  |   0  |    0   ||    0    ||    3    |
| grp_access_fu_2071 |  p2  |   8  |   0  |    0   ||    0    ||    3    |
| grp_access_fu_2082 |  p2  |   8  |   0  |    0   ||    0    ||    3    |
| grp_access_fu_2093 |  p2  |   8  |   0  |    0   ||    0    ||    3    |
| grp_access_fu_2104 |  p2  |   8  |   0  |    0   ||    0    ||    3    |
| grp_access_fu_2115 |  p2  |   8  |   0  |    0   ||    0    ||    3    |
| grp_access_fu_2126 |  p2  |   8  |   0  |    0   ||    0    ||    3    |
| grp_access_fu_2137 |  p2  |   8  |   0  |    0   ||    0    ||    3    |
|--------------------|------|------|------|--------||---------||---------||---------|
|        Total       |      |      |      |    0   ||   4.32  ||    0    ||    24   |
|--------------------|------|------|------|--------||---------||---------||---------|



* Summary:
+-----------+--------+--------+--------+
|           |  Delay |   FF   |   LUT  |
+-----------+--------+--------+--------+
|  Function |    -   |    0   |   45   |
|   Memory  |    -   |    -   |    -   |
|Multiplexer|    4   |    0   |   24   |
|  Register |    -   |   536  |    -   |
+-----------+--------+--------+--------+
|   Total   |    4   |   536  |   69   |
+-----------+--------+--------+--------+
