

================================================================
== Vitis HLS Report for 'online_softmax_tile_Pipeline_SOFTMAX_PAD'
================================================================
* Date:           Sun Mar 22 18:06:07 2026

* Version:        2025.1 (Build 6135595 on May 21 2025)
* Project:        FlashAtt1
* Solution:       hls (Vivado IP Flow Target)
* Product family: versalhbm
* Target device:  xcvh1582-lsva4737-2LHP-e-S


================================================================
== Performance Estimates
================================================================
+ Timing: 
    * Summary: 
    +--------+----------+----------+------------+
    |  Clock |  Target  | Estimated| Uncertainty|
    +--------+----------+----------+------------+
    |ap_clk  |  10.00 ns|  2.365 ns|     2.70 ns|
    +--------+----------+----------+------------+

+ Latency: 
    * Summary: 
    +---------+---------+----------+----------+-----+-----+------------------------------------------------+
    |  Latency (cycles) |  Latency (absolute) |  Interval |                    Pipeline                    |
    |   min   |   max   |    min   |    max   | min | max |                      Type                      |
    +---------+---------+----------+----------+-----+-----+------------------------------------------------+
    |        ?|        ?|         ?|         ?|    0|    0|  loop auto-rewind stp (delay=0 clock cycles(s))|
    +---------+---------+----------+----------+-----+-----+------------------------------------------------+

    + Detail: 
        * Instance: 
        N/A

        * Loop: 
        +---------------+---------+---------+----------+-----------+-----------+------+----------+
        |               |  Latency (cycles) | Iteration|  Initiation Interval  | Trip |          |
        |   Loop Name   |   min   |   max   |  Latency |  achieved |   target  | Count| Pipelined|
        +---------------+---------+---------+----------+-----------+-----------+------+----------+
        |- SOFTMAX_PAD  |        ?|        ?|         8|          8|          1|     ?|       yes|
        +---------------+---------+---------+----------+-----------+-----------+------+----------+

============================================================
+ Verbose Summary: Synthesis Manager
============================================================
InlineROM: 1
ExposeGlobal: 0
============================================================
+ Verbose Summary: CDFG Model
============================================================
IsTopModel: 0
ResetActiveHigh: 1
IsCombinational: 0
IsDatapathOnly: 0
HasWiredReturn: 1
HasMFsm: 2
HasVarLatency: 1
IsPipeline: 0
IsRtlPipelined: 0
IsInstanceOverlapped: 0
IsDontTouch: 0
HasImplIP: 0
IsGatedGlobalClock: 0

+ Individual pipeline summary: 
  * Pipeline-0: initiation interval (II) = 8, depth = 8


============================================================
+ Verbose Summary: Schedule
============================================================
* Number of FSM states : 8
* Pipeline : 1
  Pipeline-0 : II = 8, D = 8, States = { 1 2 3 4 5 6 7 8 }
* Dataflow Pipeline: 0

* FSM state transitions: 
1 --> 2 
2 --> 3 
3 --> 4 
4 --> 5 
5 --> 6 
6 --> 7 
7 --> 8 
8 --> 

* FSM state operations: 

State 1 <SV = 0> <Delay = 2.36>
ST_1 : Operation 11 [1/1] (0.00ns)   --->   "%i = alloca i32 1" [./flashattentionsoftmax.h:85]   --->   Operation 11 'alloca' 'i' <Predicate = true> <Delay = 0.00>
ST_1 : Operation 12 [1/1] (0.00ns)   --->   "%specmemcore_ln0 = specmemcore void @_ssdm_op_SpecMemCore, i16 %P_tile_7, i64 666, i64 22, i64 18446744073709551615"   --->   Operation 12 'specmemcore' 'specmemcore_ln0' <Predicate = true> <Delay = 0.00>
ST_1 : Operation 13 [1/1] (0.00ns)   --->   "%specmemcore_ln0 = specmemcore void @_ssdm_op_SpecMemCore, i16 %P_tile_6, i64 666, i64 22, i64 18446744073709551615"   --->   Operation 13 'specmemcore' 'specmemcore_ln0' <Predicate = true> <Delay = 0.00>
ST_1 : Operation 14 [1/1] (0.00ns)   --->   "%specmemcore_ln0 = specmemcore void @_ssdm_op_SpecMemCore, i16 %P_tile_5, i64 666, i64 22, i64 18446744073709551615"   --->   Operation 14 'specmemcore' 'specmemcore_ln0' <Predicate = true> <Delay = 0.00>
ST_1 : Operation 15 [1/1] (0.00ns)   --->   "%specmemcore_ln0 = specmemcore void @_ssdm_op_SpecMemCore, i16 %P_tile_4, i64 666, i64 22, i64 18446744073709551615"   --->   Operation 15 'specmemcore' 'specmemcore_ln0' <Predicate = true> <Delay = 0.00>
ST_1 : Operation 16 [1/1] (0.00ns)   --->   "%specmemcore_ln0 = specmemcore void @_ssdm_op_SpecMemCore, i16 %P_tile_3, i64 666, i64 22, i64 18446744073709551615"   --->   Operation 16 'specmemcore' 'specmemcore_ln0' <Predicate = true> <Delay = 0.00>
ST_1 : Operation 17 [1/1] (0.00ns)   --->   "%specmemcore_ln0 = specmemcore void @_ssdm_op_SpecMemCore, i16 %P_tile_2, i64 666, i64 22, i64 18446744073709551615"   --->   Operation 17 'specmemcore' 'specmemcore_ln0' <Predicate = true> <Delay = 0.00>
ST_1 : Operation 18 [1/1] (0.00ns)   --->   "%specmemcore_ln0 = specmemcore void @_ssdm_op_SpecMemCore, i16 %P_tile_1, i64 666, i64 22, i64 18446744073709551615"   --->   Operation 18 'specmemcore' 'specmemcore_ln0' <Predicate = true> <Delay = 0.00>
ST_1 : Operation 19 [1/1] (0.00ns)   --->   "%specmemcore_ln0 = specmemcore void @_ssdm_op_SpecMemCore, i16 %P_tile_0, i64 666, i64 22, i64 18446744073709551615"   --->   Operation 19 'specmemcore' 'specmemcore_ln0' <Predicate = true> <Delay = 0.00>
ST_1 : Operation 20 [1/1] (0.00ns)   --->   "%br_actual_read = read i32 @_ssdm_op_Read.ap_auto.i32, i32 %br_actual"   --->   Operation 20 'read' 'br_actual_read' <Predicate = true> <Delay = 0.00>
ST_1 : Operation 21 [1/1] (0.42ns)   --->   "%store_ln85 = store i32 %br_actual_read, i32 %i" [./flashattentionsoftmax.h:85]   --->   Operation 21 'store' 'store_ln85' <Predicate = true> <Delay = 0.42>
ST_1 : Operation 22 [1/1] (0.00ns)   --->   "%br_ln0 = br void %VITIS_LOOP_89_1"   --->   Operation 22 'br' 'br_ln0' <Predicate = true> <Delay = 0.00>
ST_1 : Operation 23 [1/1] (0.00ns)   --->   "%i_2 = load i32 %i" [./flashattentionsoftmax.h:85]   --->   Operation 23 'load' 'i_2' <Predicate = true> <Delay = 0.00>
ST_1 : Operation 24 [1/1] (0.00ns)   --->   "%tmp = partselect i26 @_ssdm_op_PartSelect.i26.i32.i32.i32, i32 %i_2, i32 6, i32 31" [./flashattentionsoftmax.h:85]   --->   Operation 24 'partselect' 'tmp' <Predicate = true> <Delay = 0.00>
ST_1 : Operation 25 [1/1] (0.69ns)   --->   "%icmp_ln85 = icmp_slt  i26 %tmp, i26 1" [./flashattentionsoftmax.h:85]   --->   Operation 25 'icmp' 'icmp_ln85' <Predicate = true> <Delay = 0.69> <CoreInst = "Cmp">   --->   Core 9 'Cmp' <Latency = 0> <II = 1> <Delay = 0.69> <FuncUnit> <Opcode : 'setle' 'setge' 'setlt' 'setgt'> <InPorts = 2> <OutPorts = 1>
ST_1 : Operation 26 [1/1] (0.00ns)   --->   "%br_ln85 = br i1 %icmp_ln85, void %for.end81.exitStub, void %VITIS_LOOP_89_1.split" [./flashattentionsoftmax.h:85]   --->   Operation 26 'br' 'br_ln85' <Predicate = true> <Delay = 0.00>
ST_1 : Operation 27 [1/1] (0.00ns)   --->   "%trunc_ln85 = trunc i32 %i_2" [./flashattentionsoftmax.h:85]   --->   Operation 27 'trunc' 'trunc_ln85' <Predicate = (icmp_ln85)> <Delay = 0.00>
ST_1 : Operation 28 [1/1] (0.00ns)   --->   "%tmp_s = bitconcatenate i9 @_ssdm_op_BitConcatenate.i9.i6.i3, i6 %trunc_ln85, i3 0" [./flashattentionsoftmax.h:90]   --->   Operation 28 'bitconcatenate' 'tmp_s' <Predicate = (icmp_ln85)> <Delay = 0.00>
ST_1 : Operation 29 [1/1] (0.00ns)   --->   "%zext_ln90 = zext i9 %tmp_s" [./flashattentionsoftmax.h:90]   --->   Operation 29 'zext' 'zext_ln90' <Predicate = (icmp_ln85)> <Delay = 0.00>
ST_1 : Operation 30 [1/1] (0.00ns)   --->   "%P_tile_0_addr = getelementptr i16 %P_tile_0, i64 0, i64 %zext_ln90" [./flashattentionsoftmax.h:90]   --->   Operation 30 'getelementptr' 'P_tile_0_addr' <Predicate = (icmp_ln85)> <Delay = 0.00>
ST_1 : Operation 31 [1/1] (0.00ns)   --->   "%tmp_16 = bitconcatenate i9 @_ssdm_op_BitConcatenate.i9.i6.i3, i6 %trunc_ln85, i3 1" [./flashattentionsoftmax.h:90]   --->   Operation 31 'bitconcatenate' 'tmp_16' <Predicate = (icmp_ln85)> <Delay = 0.00>
ST_1 : Operation 32 [1/1] (0.00ns)   --->   "%zext_ln90_1 = zext i9 %tmp_16" [./flashattentionsoftmax.h:90]   --->   Operation 32 'zext' 'zext_ln90_1' <Predicate = (icmp_ln85)> <Delay = 0.00>
ST_1 : Operation 33 [1/1] (0.00ns)   --->   "%P_tile_0_addr_1 = getelementptr i16 %P_tile_0, i64 0, i64 %zext_ln90_1" [./flashattentionsoftmax.h:90]   --->   Operation 33 'getelementptr' 'P_tile_0_addr_1' <Predicate = (icmp_ln85)> <Delay = 0.00>
ST_1 : Operation 34 [1/1] (0.00ns)   --->   "%tmp_17 = bitconcatenate i9 @_ssdm_op_BitConcatenate.i9.i6.i3, i6 %trunc_ln85, i3 2" [./flashattentionsoftmax.h:90]   --->   Operation 34 'bitconcatenate' 'tmp_17' <Predicate = (icmp_ln85)> <Delay = 0.00>
ST_1 : Operation 35 [1/1] (0.00ns)   --->   "%zext_ln90_2 = zext i9 %tmp_17" [./flashattentionsoftmax.h:90]   --->   Operation 35 'zext' 'zext_ln90_2' <Predicate = (icmp_ln85)> <Delay = 0.00>
ST_1 : Operation 36 [1/1] (0.00ns)   --->   "%P_tile_0_addr_2 = getelementptr i16 %P_tile_0, i64 0, i64 %zext_ln90_2" [./flashattentionsoftmax.h:90]   --->   Operation 36 'getelementptr' 'P_tile_0_addr_2' <Predicate = (icmp_ln85)> <Delay = 0.00>
ST_1 : Operation 37 [1/1] (0.00ns)   --->   "%tmp_18 = bitconcatenate i9 @_ssdm_op_BitConcatenate.i9.i6.i3, i6 %trunc_ln85, i3 3" [./flashattentionsoftmax.h:90]   --->   Operation 37 'bitconcatenate' 'tmp_18' <Predicate = (icmp_ln85)> <Delay = 0.00>
ST_1 : Operation 38 [1/1] (0.00ns)   --->   "%zext_ln90_3 = zext i9 %tmp_18" [./flashattentionsoftmax.h:90]   --->   Operation 38 'zext' 'zext_ln90_3' <Predicate = (icmp_ln85)> <Delay = 0.00>
ST_1 : Operation 39 [1/1] (0.00ns)   --->   "%P_tile_0_addr_3 = getelementptr i16 %P_tile_0, i64 0, i64 %zext_ln90_3" [./flashattentionsoftmax.h:90]   --->   Operation 39 'getelementptr' 'P_tile_0_addr_3' <Predicate = (icmp_ln85)> <Delay = 0.00>
ST_1 : Operation 40 [1/1] (0.00ns)   --->   "%tmp_19 = bitconcatenate i9 @_ssdm_op_BitConcatenate.i9.i6.i3, i6 %trunc_ln85, i3 4" [./flashattentionsoftmax.h:90]   --->   Operation 40 'bitconcatenate' 'tmp_19' <Predicate = (icmp_ln85)> <Delay = 0.00>
ST_1 : Operation 41 [1/1] (0.00ns)   --->   "%zext_ln90_4 = zext i9 %tmp_19" [./flashattentionsoftmax.h:90]   --->   Operation 41 'zext' 'zext_ln90_4' <Predicate = (icmp_ln85)> <Delay = 0.00>
ST_1 : Operation 42 [1/1] (0.00ns)   --->   "%P_tile_0_addr_4 = getelementptr i16 %P_tile_0, i64 0, i64 %zext_ln90_4" [./flashattentionsoftmax.h:90]   --->   Operation 42 'getelementptr' 'P_tile_0_addr_4' <Predicate = (icmp_ln85)> <Delay = 0.00>
ST_1 : Operation 43 [1/1] (0.00ns)   --->   "%tmp_20 = bitconcatenate i9 @_ssdm_op_BitConcatenate.i9.i6.i3, i6 %trunc_ln85, i3 5" [./flashattentionsoftmax.h:90]   --->   Operation 43 'bitconcatenate' 'tmp_20' <Predicate = (icmp_ln85)> <Delay = 0.00>
ST_1 : Operation 44 [1/1] (0.00ns)   --->   "%zext_ln90_5 = zext i9 %tmp_20" [./flashattentionsoftmax.h:90]   --->   Operation 44 'zext' 'zext_ln90_5' <Predicate = (icmp_ln85)> <Delay = 0.00>
ST_1 : Operation 45 [1/1] (0.00ns)   --->   "%P_tile_0_addr_5 = getelementptr i16 %P_tile_0, i64 0, i64 %zext_ln90_5" [./flashattentionsoftmax.h:90]   --->   Operation 45 'getelementptr' 'P_tile_0_addr_5' <Predicate = (icmp_ln85)> <Delay = 0.00>
ST_1 : Operation 46 [1/1] (0.00ns)   --->   "%tmp_21 = bitconcatenate i9 @_ssdm_op_BitConcatenate.i9.i6.i3, i6 %trunc_ln85, i3 6" [./flashattentionsoftmax.h:90]   --->   Operation 46 'bitconcatenate' 'tmp_21' <Predicate = (icmp_ln85)> <Delay = 0.00>
ST_1 : Operation 47 [1/1] (0.00ns)   --->   "%zext_ln90_6 = zext i9 %tmp_21" [./flashattentionsoftmax.h:90]   --->   Operation 47 'zext' 'zext_ln90_6' <Predicate = (icmp_ln85)> <Delay = 0.00>
ST_1 : Operation 48 [1/1] (0.00ns)   --->   "%P_tile_0_addr_6 = getelementptr i16 %P_tile_0, i64 0, i64 %zext_ln90_6" [./flashattentionsoftmax.h:90]   --->   Operation 48 'getelementptr' 'P_tile_0_addr_6' <Predicate = (icmp_ln85)> <Delay = 0.00>
ST_1 : Operation 49 [1/1] (0.00ns)   --->   "%tmp_22 = bitconcatenate i9 @_ssdm_op_BitConcatenate.i9.i6.i3, i6 %trunc_ln85, i3 7" [./flashattentionsoftmax.h:90]   --->   Operation 49 'bitconcatenate' 'tmp_22' <Predicate = (icmp_ln85)> <Delay = 0.00>
ST_1 : Operation 50 [1/1] (0.00ns)   --->   "%zext_ln90_7 = zext i9 %tmp_22" [./flashattentionsoftmax.h:90]   --->   Operation 50 'zext' 'zext_ln90_7' <Predicate = (icmp_ln85)> <Delay = 0.00>
ST_1 : Operation 51 [1/1] (0.00ns)   --->   "%P_tile_0_addr_7 = getelementptr i16 %P_tile_0, i64 0, i64 %zext_ln90_7" [./flashattentionsoftmax.h:90]   --->   Operation 51 'getelementptr' 'P_tile_0_addr_7' <Predicate = (icmp_ln85)> <Delay = 0.00>
ST_1 : Operation 52 [1/1] (0.00ns)   --->   "%P_tile_1_addr = getelementptr i16 %P_tile_1, i64 0, i64 %zext_ln90" [./flashattentionsoftmax.h:90]   --->   Operation 52 'getelementptr' 'P_tile_1_addr' <Predicate = (icmp_ln85)> <Delay = 0.00>
ST_1 : Operation 53 [1/1] (0.00ns)   --->   "%P_tile_1_addr_1 = getelementptr i16 %P_tile_1, i64 0, i64 %zext_ln90_1" [./flashattentionsoftmax.h:90]   --->   Operation 53 'getelementptr' 'P_tile_1_addr_1' <Predicate = (icmp_ln85)> <Delay = 0.00>
ST_1 : Operation 54 [1/1] (0.00ns)   --->   "%P_tile_1_addr_2 = getelementptr i16 %P_tile_1, i64 0, i64 %zext_ln90_2" [./flashattentionsoftmax.h:90]   --->   Operation 54 'getelementptr' 'P_tile_1_addr_2' <Predicate = (icmp_ln85)> <Delay = 0.00>
ST_1 : Operation 55 [1/1] (0.00ns)   --->   "%P_tile_1_addr_3 = getelementptr i16 %P_tile_1, i64 0, i64 %zext_ln90_3" [./flashattentionsoftmax.h:90]   --->   Operation 55 'getelementptr' 'P_tile_1_addr_3' <Predicate = (icmp_ln85)> <Delay = 0.00>
ST_1 : Operation 56 [1/1] (0.00ns)   --->   "%P_tile_1_addr_4 = getelementptr i16 %P_tile_1, i64 0, i64 %zext_ln90_4" [./flashattentionsoftmax.h:90]   --->   Operation 56 'getelementptr' 'P_tile_1_addr_4' <Predicate = (icmp_ln85)> <Delay = 0.00>
ST_1 : Operation 57 [1/1] (0.00ns)   --->   "%P_tile_1_addr_5 = getelementptr i16 %P_tile_1, i64 0, i64 %zext_ln90_5" [./flashattentionsoftmax.h:90]   --->   Operation 57 'getelementptr' 'P_tile_1_addr_5' <Predicate = (icmp_ln85)> <Delay = 0.00>
ST_1 : Operation 58 [1/1] (0.00ns)   --->   "%P_tile_1_addr_6 = getelementptr i16 %P_tile_1, i64 0, i64 %zext_ln90_6" [./flashattentionsoftmax.h:90]   --->   Operation 58 'getelementptr' 'P_tile_1_addr_6' <Predicate = (icmp_ln85)> <Delay = 0.00>
ST_1 : Operation 59 [1/1] (0.00ns)   --->   "%P_tile_1_addr_7 = getelementptr i16 %P_tile_1, i64 0, i64 %zext_ln90_7" [./flashattentionsoftmax.h:90]   --->   Operation 59 'getelementptr' 'P_tile_1_addr_7' <Predicate = (icmp_ln85)> <Delay = 0.00>
ST_1 : Operation 60 [1/1] (0.00ns)   --->   "%P_tile_2_addr = getelementptr i16 %P_tile_2, i64 0, i64 %zext_ln90" [./flashattentionsoftmax.h:90]   --->   Operation 60 'getelementptr' 'P_tile_2_addr' <Predicate = (icmp_ln85)> <Delay = 0.00>
ST_1 : Operation 61 [1/1] (0.00ns)   --->   "%P_tile_2_addr_1 = getelementptr i16 %P_tile_2, i64 0, i64 %zext_ln90_1" [./flashattentionsoftmax.h:90]   --->   Operation 61 'getelementptr' 'P_tile_2_addr_1' <Predicate = (icmp_ln85)> <Delay = 0.00>
ST_1 : Operation 62 [1/1] (0.00ns)   --->   "%P_tile_2_addr_2 = getelementptr i16 %P_tile_2, i64 0, i64 %zext_ln90_2" [./flashattentionsoftmax.h:90]   --->   Operation 62 'getelementptr' 'P_tile_2_addr_2' <Predicate = (icmp_ln85)> <Delay = 0.00>
ST_1 : Operation 63 [1/1] (0.00ns)   --->   "%P_tile_2_addr_3 = getelementptr i16 %P_tile_2, i64 0, i64 %zext_ln90_3" [./flashattentionsoftmax.h:90]   --->   Operation 63 'getelementptr' 'P_tile_2_addr_3' <Predicate = (icmp_ln85)> <Delay = 0.00>
ST_1 : Operation 64 [1/1] (0.00ns)   --->   "%P_tile_2_addr_4 = getelementptr i16 %P_tile_2, i64 0, i64 %zext_ln90_4" [./flashattentionsoftmax.h:90]   --->   Operation 64 'getelementptr' 'P_tile_2_addr_4' <Predicate = (icmp_ln85)> <Delay = 0.00>
ST_1 : Operation 65 [1/1] (0.00ns)   --->   "%P_tile_2_addr_5 = getelementptr i16 %P_tile_2, i64 0, i64 %zext_ln90_5" [./flashattentionsoftmax.h:90]   --->   Operation 65 'getelementptr' 'P_tile_2_addr_5' <Predicate = (icmp_ln85)> <Delay = 0.00>
ST_1 : Operation 66 [1/1] (0.00ns)   --->   "%P_tile_2_addr_6 = getelementptr i16 %P_tile_2, i64 0, i64 %zext_ln90_6" [./flashattentionsoftmax.h:90]   --->   Operation 66 'getelementptr' 'P_tile_2_addr_6' <Predicate = (icmp_ln85)> <Delay = 0.00>
ST_1 : Operation 67 [1/1] (0.00ns)   --->   "%P_tile_2_addr_7 = getelementptr i16 %P_tile_2, i64 0, i64 %zext_ln90_7" [./flashattentionsoftmax.h:90]   --->   Operation 67 'getelementptr' 'P_tile_2_addr_7' <Predicate = (icmp_ln85)> <Delay = 0.00>
ST_1 : Operation 68 [1/1] (0.00ns)   --->   "%P_tile_3_addr = getelementptr i16 %P_tile_3, i64 0, i64 %zext_ln90" [./flashattentionsoftmax.h:90]   --->   Operation 68 'getelementptr' 'P_tile_3_addr' <Predicate = (icmp_ln85)> <Delay = 0.00>
ST_1 : Operation 69 [1/1] (0.00ns)   --->   "%P_tile_3_addr_1 = getelementptr i16 %P_tile_3, i64 0, i64 %zext_ln90_1" [./flashattentionsoftmax.h:90]   --->   Operation 69 'getelementptr' 'P_tile_3_addr_1' <Predicate = (icmp_ln85)> <Delay = 0.00>
ST_1 : Operation 70 [1/1] (0.00ns)   --->   "%P_tile_3_addr_2 = getelementptr i16 %P_tile_3, i64 0, i64 %zext_ln90_2" [./flashattentionsoftmax.h:90]   --->   Operation 70 'getelementptr' 'P_tile_3_addr_2' <Predicate = (icmp_ln85)> <Delay = 0.00>
ST_1 : Operation 71 [1/1] (0.00ns)   --->   "%P_tile_3_addr_3 = getelementptr i16 %P_tile_3, i64 0, i64 %zext_ln90_3" [./flashattentionsoftmax.h:90]   --->   Operation 71 'getelementptr' 'P_tile_3_addr_3' <Predicate = (icmp_ln85)> <Delay = 0.00>
ST_1 : Operation 72 [1/1] (0.00ns)   --->   "%P_tile_3_addr_4 = getelementptr i16 %P_tile_3, i64 0, i64 %zext_ln90_4" [./flashattentionsoftmax.h:90]   --->   Operation 72 'getelementptr' 'P_tile_3_addr_4' <Predicate = (icmp_ln85)> <Delay = 0.00>
ST_1 : Operation 73 [1/1] (0.00ns)   --->   "%P_tile_3_addr_5 = getelementptr i16 %P_tile_3, i64 0, i64 %zext_ln90_5" [./flashattentionsoftmax.h:90]   --->   Operation 73 'getelementptr' 'P_tile_3_addr_5' <Predicate = (icmp_ln85)> <Delay = 0.00>
ST_1 : Operation 74 [1/1] (0.00ns)   --->   "%P_tile_3_addr_6 = getelementptr i16 %P_tile_3, i64 0, i64 %zext_ln90_6" [./flashattentionsoftmax.h:90]   --->   Operation 74 'getelementptr' 'P_tile_3_addr_6' <Predicate = (icmp_ln85)> <Delay = 0.00>
ST_1 : Operation 75 [1/1] (0.00ns)   --->   "%P_tile_3_addr_7 = getelementptr i16 %P_tile_3, i64 0, i64 %zext_ln90_7" [./flashattentionsoftmax.h:90]   --->   Operation 75 'getelementptr' 'P_tile_3_addr_7' <Predicate = (icmp_ln85)> <Delay = 0.00>
ST_1 : Operation 76 [1/1] (0.00ns)   --->   "%P_tile_4_addr = getelementptr i16 %P_tile_4, i64 0, i64 %zext_ln90" [./flashattentionsoftmax.h:90]   --->   Operation 76 'getelementptr' 'P_tile_4_addr' <Predicate = (icmp_ln85)> <Delay = 0.00>
ST_1 : Operation 77 [1/1] (0.00ns)   --->   "%P_tile_4_addr_1 = getelementptr i16 %P_tile_4, i64 0, i64 %zext_ln90_1" [./flashattentionsoftmax.h:90]   --->   Operation 77 'getelementptr' 'P_tile_4_addr_1' <Predicate = (icmp_ln85)> <Delay = 0.00>
ST_1 : Operation 78 [1/1] (0.00ns)   --->   "%P_tile_4_addr_2 = getelementptr i16 %P_tile_4, i64 0, i64 %zext_ln90_2" [./flashattentionsoftmax.h:90]   --->   Operation 78 'getelementptr' 'P_tile_4_addr_2' <Predicate = (icmp_ln85)> <Delay = 0.00>
ST_1 : Operation 79 [1/1] (0.00ns)   --->   "%P_tile_4_addr_3 = getelementptr i16 %P_tile_4, i64 0, i64 %zext_ln90_3" [./flashattentionsoftmax.h:90]   --->   Operation 79 'getelementptr' 'P_tile_4_addr_3' <Predicate = (icmp_ln85)> <Delay = 0.00>
ST_1 : Operation 80 [1/1] (0.00ns)   --->   "%P_tile_4_addr_4 = getelementptr i16 %P_tile_4, i64 0, i64 %zext_ln90_4" [./flashattentionsoftmax.h:90]   --->   Operation 80 'getelementptr' 'P_tile_4_addr_4' <Predicate = (icmp_ln85)> <Delay = 0.00>
ST_1 : Operation 81 [1/1] (0.00ns)   --->   "%P_tile_4_addr_5 = getelementptr i16 %P_tile_4, i64 0, i64 %zext_ln90_5" [./flashattentionsoftmax.h:90]   --->   Operation 81 'getelementptr' 'P_tile_4_addr_5' <Predicate = (icmp_ln85)> <Delay = 0.00>
ST_1 : Operation 82 [1/1] (0.00ns)   --->   "%P_tile_4_addr_6 = getelementptr i16 %P_tile_4, i64 0, i64 %zext_ln90_6" [./flashattentionsoftmax.h:90]   --->   Operation 82 'getelementptr' 'P_tile_4_addr_6' <Predicate = (icmp_ln85)> <Delay = 0.00>
ST_1 : Operation 83 [1/1] (0.00ns)   --->   "%P_tile_4_addr_7 = getelementptr i16 %P_tile_4, i64 0, i64 %zext_ln90_7" [./flashattentionsoftmax.h:90]   --->   Operation 83 'getelementptr' 'P_tile_4_addr_7' <Predicate = (icmp_ln85)> <Delay = 0.00>
ST_1 : Operation 84 [1/1] (0.00ns)   --->   "%P_tile_5_addr = getelementptr i16 %P_tile_5, i64 0, i64 %zext_ln90" [./flashattentionsoftmax.h:90]   --->   Operation 84 'getelementptr' 'P_tile_5_addr' <Predicate = (icmp_ln85)> <Delay = 0.00>
ST_1 : Operation 85 [1/1] (0.00ns)   --->   "%P_tile_5_addr_1 = getelementptr i16 %P_tile_5, i64 0, i64 %zext_ln90_1" [./flashattentionsoftmax.h:90]   --->   Operation 85 'getelementptr' 'P_tile_5_addr_1' <Predicate = (icmp_ln85)> <Delay = 0.00>
ST_1 : Operation 86 [1/1] (0.00ns)   --->   "%P_tile_5_addr_2 = getelementptr i16 %P_tile_5, i64 0, i64 %zext_ln90_2" [./flashattentionsoftmax.h:90]   --->   Operation 86 'getelementptr' 'P_tile_5_addr_2' <Predicate = (icmp_ln85)> <Delay = 0.00>
ST_1 : Operation 87 [1/1] (0.00ns)   --->   "%P_tile_5_addr_3 = getelementptr i16 %P_tile_5, i64 0, i64 %zext_ln90_3" [./flashattentionsoftmax.h:90]   --->   Operation 87 'getelementptr' 'P_tile_5_addr_3' <Predicate = (icmp_ln85)> <Delay = 0.00>
ST_1 : Operation 88 [1/1] (0.00ns)   --->   "%P_tile_5_addr_4 = getelementptr i16 %P_tile_5, i64 0, i64 %zext_ln90_4" [./flashattentionsoftmax.h:90]   --->   Operation 88 'getelementptr' 'P_tile_5_addr_4' <Predicate = (icmp_ln85)> <Delay = 0.00>
ST_1 : Operation 89 [1/1] (0.00ns)   --->   "%P_tile_5_addr_5 = getelementptr i16 %P_tile_5, i64 0, i64 %zext_ln90_5" [./flashattentionsoftmax.h:90]   --->   Operation 89 'getelementptr' 'P_tile_5_addr_5' <Predicate = (icmp_ln85)> <Delay = 0.00>
ST_1 : Operation 90 [1/1] (0.00ns)   --->   "%P_tile_5_addr_6 = getelementptr i16 %P_tile_5, i64 0, i64 %zext_ln90_6" [./flashattentionsoftmax.h:90]   --->   Operation 90 'getelementptr' 'P_tile_5_addr_6' <Predicate = (icmp_ln85)> <Delay = 0.00>
ST_1 : Operation 91 [1/1] (0.00ns)   --->   "%P_tile_5_addr_7 = getelementptr i16 %P_tile_5, i64 0, i64 %zext_ln90_7" [./flashattentionsoftmax.h:90]   --->   Operation 91 'getelementptr' 'P_tile_5_addr_7' <Predicate = (icmp_ln85)> <Delay = 0.00>
ST_1 : Operation 92 [1/1] (0.00ns)   --->   "%P_tile_6_addr = getelementptr i16 %P_tile_6, i64 0, i64 %zext_ln90" [./flashattentionsoftmax.h:90]   --->   Operation 92 'getelementptr' 'P_tile_6_addr' <Predicate = (icmp_ln85)> <Delay = 0.00>
ST_1 : Operation 93 [1/1] (0.00ns)   --->   "%P_tile_6_addr_1 = getelementptr i16 %P_tile_6, i64 0, i64 %zext_ln90_1" [./flashattentionsoftmax.h:90]   --->   Operation 93 'getelementptr' 'P_tile_6_addr_1' <Predicate = (icmp_ln85)> <Delay = 0.00>
ST_1 : Operation 94 [1/1] (0.00ns)   --->   "%P_tile_6_addr_2 = getelementptr i16 %P_tile_6, i64 0, i64 %zext_ln90_2" [./flashattentionsoftmax.h:90]   --->   Operation 94 'getelementptr' 'P_tile_6_addr_2' <Predicate = (icmp_ln85)> <Delay = 0.00>
ST_1 : Operation 95 [1/1] (0.00ns)   --->   "%P_tile_6_addr_3 = getelementptr i16 %P_tile_6, i64 0, i64 %zext_ln90_3" [./flashattentionsoftmax.h:90]   --->   Operation 95 'getelementptr' 'P_tile_6_addr_3' <Predicate = (icmp_ln85)> <Delay = 0.00>
ST_1 : Operation 96 [1/1] (0.00ns)   --->   "%P_tile_6_addr_4 = getelementptr i16 %P_tile_6, i64 0, i64 %zext_ln90_4" [./flashattentionsoftmax.h:90]   --->   Operation 96 'getelementptr' 'P_tile_6_addr_4' <Predicate = (icmp_ln85)> <Delay = 0.00>
ST_1 : Operation 97 [1/1] (0.00ns)   --->   "%P_tile_6_addr_5 = getelementptr i16 %P_tile_6, i64 0, i64 %zext_ln90_5" [./flashattentionsoftmax.h:90]   --->   Operation 97 'getelementptr' 'P_tile_6_addr_5' <Predicate = (icmp_ln85)> <Delay = 0.00>
ST_1 : Operation 98 [1/1] (0.00ns)   --->   "%P_tile_6_addr_6 = getelementptr i16 %P_tile_6, i64 0, i64 %zext_ln90_6" [./flashattentionsoftmax.h:90]   --->   Operation 98 'getelementptr' 'P_tile_6_addr_6' <Predicate = (icmp_ln85)> <Delay = 0.00>
ST_1 : Operation 99 [1/1] (0.00ns)   --->   "%P_tile_6_addr_7 = getelementptr i16 %P_tile_6, i64 0, i64 %zext_ln90_7" [./flashattentionsoftmax.h:90]   --->   Operation 99 'getelementptr' 'P_tile_6_addr_7' <Predicate = (icmp_ln85)> <Delay = 0.00>
ST_1 : Operation 100 [1/1] (0.00ns)   --->   "%P_tile_7_addr = getelementptr i16 %P_tile_7, i64 0, i64 %zext_ln90" [./flashattentionsoftmax.h:90]   --->   Operation 100 'getelementptr' 'P_tile_7_addr' <Predicate = (icmp_ln85)> <Delay = 0.00>
ST_1 : Operation 101 [1/1] (0.00ns)   --->   "%P_tile_7_addr_1 = getelementptr i16 %P_tile_7, i64 0, i64 %zext_ln90_1" [./flashattentionsoftmax.h:90]   --->   Operation 101 'getelementptr' 'P_tile_7_addr_1' <Predicate = (icmp_ln85)> <Delay = 0.00>
ST_1 : Operation 102 [1/1] (0.00ns)   --->   "%P_tile_7_addr_2 = getelementptr i16 %P_tile_7, i64 0, i64 %zext_ln90_2" [./flashattentionsoftmax.h:90]   --->   Operation 102 'getelementptr' 'P_tile_7_addr_2' <Predicate = (icmp_ln85)> <Delay = 0.00>
ST_1 : Operation 103 [1/1] (0.00ns)   --->   "%P_tile_7_addr_3 = getelementptr i16 %P_tile_7, i64 0, i64 %zext_ln90_3" [./flashattentionsoftmax.h:90]   --->   Operation 103 'getelementptr' 'P_tile_7_addr_3' <Predicate = (icmp_ln85)> <Delay = 0.00>
ST_1 : Operation 104 [1/1] (0.00ns)   --->   "%P_tile_7_addr_4 = getelementptr i16 %P_tile_7, i64 0, i64 %zext_ln90_4" [./flashattentionsoftmax.h:90]   --->   Operation 104 'getelementptr' 'P_tile_7_addr_4' <Predicate = (icmp_ln85)> <Delay = 0.00>
ST_1 : Operation 105 [1/1] (0.00ns)   --->   "%P_tile_7_addr_5 = getelementptr i16 %P_tile_7, i64 0, i64 %zext_ln90_5" [./flashattentionsoftmax.h:90]   --->   Operation 105 'getelementptr' 'P_tile_7_addr_5' <Predicate = (icmp_ln85)> <Delay = 0.00>
ST_1 : Operation 106 [1/1] (0.00ns)   --->   "%P_tile_7_addr_6 = getelementptr i16 %P_tile_7, i64 0, i64 %zext_ln90_6" [./flashattentionsoftmax.h:90]   --->   Operation 106 'getelementptr' 'P_tile_7_addr_6' <Predicate = (icmp_ln85)> <Delay = 0.00>
ST_1 : Operation 107 [1/1] (0.00ns)   --->   "%P_tile_7_addr_7 = getelementptr i16 %P_tile_7, i64 0, i64 %zext_ln90_7" [./flashattentionsoftmax.h:90]   --->   Operation 107 'getelementptr' 'P_tile_7_addr_7' <Predicate = (icmp_ln85)> <Delay = 0.00>
ST_1 : Operation 108 [1/1] (0.00ns)   --->   "%specpipeline_ln86 = specpipeline void @_ssdm_op_SpecPipeline, i32 1, i32 0, i32 0, i32 0, void @empty_27" [./flashattentionsoftmax.h:86]   --->   Operation 108 'specpipeline' 'specpipeline_ln86' <Predicate = (icmp_ln85)> <Delay = 0.00>
ST_1 : Operation 109 [1/1] (0.00ns)   --->   "%specloopname_ln85 = specloopname void @_ssdm_op_SpecLoopName, void @empty_32" [./flashattentionsoftmax.h:85]   --->   Operation 109 'specloopname' 'specloopname_ln85' <Predicate = (icmp_ln85)> <Delay = 0.00>
ST_1 : Operation 110 [1/1] (0.70ns)   --->   "%switch_ln87 = switch i32 %i_2, void %arrayidx646.exit, i32 0, void %arrayidx646.case.0, i32 1, void %arrayidx646.case.1, i32 2, void %arrayidx646.case.2, i32 3, void %arrayidx646.case.3, i32 4, void %arrayidx646.case.4, i32 5, void %arrayidx646.case.5, i32 6, void %arrayidx646.case.6, i32 7, void %arrayidx646.case.7, i32 8, void %arrayidx646.case.8, i32 9, void %arrayidx646.case.9, i32 10, void %arrayidx646.case.10, i32 11, void %arrayidx646.case.11, i32 12, void %arrayidx646.case.12, i32 13, void %arrayidx646.case.13, i32 14, void %arrayidx646.case.14, i32 15, void %arrayidx646.case.15, i32 16, void %arrayidx646.case.16, i32 17, void %arrayidx646.case.17, i32 18, void %arrayidx646.case.18, i32 19, void %arrayidx646.case.19, i32 20, void %arrayidx646.case.20, i32 21, void %arrayidx646.case.21, i32 22, void %arrayidx646.case.22, i32 23, void %arrayidx646.case.23, i32 24, void %arrayidx646.case.24, i32 25, void %arrayidx646.case.25, i32 26, void %arrayidx646.case.26, i32 27, void %arrayidx646.case.27, i32 28, void %arrayidx646.case.28, i32 29, void %arrayidx646.case.29, i32 30, void %arrayidx646.case.30, i32 31, void %arrayidx646.case.31, i32 32, void %arrayidx646.case.32, i32 33, void %arrayidx646.case.33, i32 34, void %arrayidx646.case.34, i32 35, void %arrayidx646.case.35, i32 36, void %arrayidx646.case.36, i32 37, void %arrayidx646.case.37, i32 38, void %arrayidx646.case.38, i32 39, void %arrayidx646.case.39, i32 40, void %arrayidx646.case.40, i32 41, void %arrayidx646.case.41, i32 42, void %arrayidx646.case.42, i32 43, void %arrayidx646.case.43, i32 44, void %arrayidx646.case.44, i32 45, void %arrayidx646.case.45, i32 46, void %arrayidx646.case.46, i32 47, void %arrayidx646.case.47, i32 48, void %arrayidx646.case.48, i32 49, void %arrayidx646.case.49, i32 50, void %arrayidx646.case.50, i32 51, void %arrayidx646.case.51, i32 52, void %arrayidx646.case.52, i32 53, void %arrayidx646.case.53, i32 54, void %arrayidx646.case.54, i32 55, void %arrayidx646.case.55, i32 56, void %arrayidx646.case.56, i32 57, void %arrayidx646.case.57, i32 58, void %arrayidx646.case.58, i32 59, void %arrayidx646.case.59, i32 60, void %arrayidx646.case.60, i32 61, void %arrayidx646.case.61, i32 62, void %arrayidx646.case.62, i32 63, void %arrayidx646.case.63" [./flashattentionsoftmax.h:87]   --->   Operation 110 'switch' 'switch_ln87' <Predicate = (icmp_ln85)> <Delay = 0.70>
ST_1 : Operation 111 [1/1] (0.00ns)   --->   "%write_ln87 = write void @_ssdm_op_Write.ap_auto.floatP0A, i32 %m_tilde_63, i32 -1e+30" [./flashattentionsoftmax.h:87]   --->   Operation 111 'write' 'write_ln87' <Predicate = (icmp_ln85 & i_2 == 63)> <Delay = 0.00>
ST_1 : Operation 112 [1/1] (0.00ns)   --->   "%br_ln87 = br void %arrayidx646.exit" [./flashattentionsoftmax.h:87]   --->   Operation 112 'br' 'br_ln87' <Predicate = (icmp_ln85 & i_2 == 63)> <Delay = 0.00>
ST_1 : Operation 113 [1/1] (0.00ns)   --->   "%write_ln87 = write void @_ssdm_op_Write.ap_auto.floatP0A, i32 %m_tilde_62, i32 -1e+30" [./flashattentionsoftmax.h:87]   --->   Operation 113 'write' 'write_ln87' <Predicate = (icmp_ln85 & i_2 == 62)> <Delay = 0.00>
ST_1 : Operation 114 [1/1] (0.00ns)   --->   "%br_ln87 = br void %arrayidx646.exit" [./flashattentionsoftmax.h:87]   --->   Operation 114 'br' 'br_ln87' <Predicate = (icmp_ln85 & i_2 == 62)> <Delay = 0.00>
ST_1 : Operation 115 [1/1] (0.00ns)   --->   "%write_ln87 = write void @_ssdm_op_Write.ap_auto.floatP0A, i32 %m_tilde_61, i32 -1e+30" [./flashattentionsoftmax.h:87]   --->   Operation 115 'write' 'write_ln87' <Predicate = (icmp_ln85 & i_2 == 61)> <Delay = 0.00>
ST_1 : Operation 116 [1/1] (0.00ns)   --->   "%br_ln87 = br void %arrayidx646.exit" [./flashattentionsoftmax.h:87]   --->   Operation 116 'br' 'br_ln87' <Predicate = (icmp_ln85 & i_2 == 61)> <Delay = 0.00>
ST_1 : Operation 117 [1/1] (0.00ns)   --->   "%write_ln87 = write void @_ssdm_op_Write.ap_auto.floatP0A, i32 %m_tilde_60, i32 -1e+30" [./flashattentionsoftmax.h:87]   --->   Operation 117 'write' 'write_ln87' <Predicate = (icmp_ln85 & i_2 == 60)> <Delay = 0.00>
ST_1 : Operation 118 [1/1] (0.00ns)   --->   "%br_ln87 = br void %arrayidx646.exit" [./flashattentionsoftmax.h:87]   --->   Operation 118 'br' 'br_ln87' <Predicate = (icmp_ln85 & i_2 == 60)> <Delay = 0.00>
ST_1 : Operation 119 [1/1] (0.00ns)   --->   "%write_ln87 = write void @_ssdm_op_Write.ap_auto.floatP0A, i32 %m_tilde_59, i32 -1e+30" [./flashattentionsoftmax.h:87]   --->   Operation 119 'write' 'write_ln87' <Predicate = (icmp_ln85 & i_2 == 59)> <Delay = 0.00>
ST_1 : Operation 120 [1/1] (0.00ns)   --->   "%br_ln87 = br void %arrayidx646.exit" [./flashattentionsoftmax.h:87]   --->   Operation 120 'br' 'br_ln87' <Predicate = (icmp_ln85 & i_2 == 59)> <Delay = 0.00>
ST_1 : Operation 121 [1/1] (0.00ns)   --->   "%write_ln87 = write void @_ssdm_op_Write.ap_auto.floatP0A, i32 %m_tilde_58, i32 -1e+30" [./flashattentionsoftmax.h:87]   --->   Operation 121 'write' 'write_ln87' <Predicate = (icmp_ln85 & i_2 == 58)> <Delay = 0.00>
ST_1 : Operation 122 [1/1] (0.00ns)   --->   "%br_ln87 = br void %arrayidx646.exit" [./flashattentionsoftmax.h:87]   --->   Operation 122 'br' 'br_ln87' <Predicate = (icmp_ln85 & i_2 == 58)> <Delay = 0.00>
ST_1 : Operation 123 [1/1] (0.00ns)   --->   "%write_ln87 = write void @_ssdm_op_Write.ap_auto.floatP0A, i32 %m_tilde_57, i32 -1e+30" [./flashattentionsoftmax.h:87]   --->   Operation 123 'write' 'write_ln87' <Predicate = (icmp_ln85 & i_2 == 57)> <Delay = 0.00>
ST_1 : Operation 124 [1/1] (0.00ns)   --->   "%br_ln87 = br void %arrayidx646.exit" [./flashattentionsoftmax.h:87]   --->   Operation 124 'br' 'br_ln87' <Predicate = (icmp_ln85 & i_2 == 57)> <Delay = 0.00>
ST_1 : Operation 125 [1/1] (0.00ns)   --->   "%write_ln87 = write void @_ssdm_op_Write.ap_auto.floatP0A, i32 %m_tilde_56, i32 -1e+30" [./flashattentionsoftmax.h:87]   --->   Operation 125 'write' 'write_ln87' <Predicate = (icmp_ln85 & i_2 == 56)> <Delay = 0.00>
ST_1 : Operation 126 [1/1] (0.00ns)   --->   "%br_ln87 = br void %arrayidx646.exit" [./flashattentionsoftmax.h:87]   --->   Operation 126 'br' 'br_ln87' <Predicate = (icmp_ln85 & i_2 == 56)> <Delay = 0.00>
ST_1 : Operation 127 [1/1] (0.00ns)   --->   "%write_ln87 = write void @_ssdm_op_Write.ap_auto.floatP0A, i32 %m_tilde_55, i32 -1e+30" [./flashattentionsoftmax.h:87]   --->   Operation 127 'write' 'write_ln87' <Predicate = (icmp_ln85 & i_2 == 55)> <Delay = 0.00>
ST_1 : Operation 128 [1/1] (0.00ns)   --->   "%br_ln87 = br void %arrayidx646.exit" [./flashattentionsoftmax.h:87]   --->   Operation 128 'br' 'br_ln87' <Predicate = (icmp_ln85 & i_2 == 55)> <Delay = 0.00>
ST_1 : Operation 129 [1/1] (0.00ns)   --->   "%write_ln87 = write void @_ssdm_op_Write.ap_auto.floatP0A, i32 %m_tilde_54, i32 -1e+30" [./flashattentionsoftmax.h:87]   --->   Operation 129 'write' 'write_ln87' <Predicate = (icmp_ln85 & i_2 == 54)> <Delay = 0.00>
ST_1 : Operation 130 [1/1] (0.00ns)   --->   "%br_ln87 = br void %arrayidx646.exit" [./flashattentionsoftmax.h:87]   --->   Operation 130 'br' 'br_ln87' <Predicate = (icmp_ln85 & i_2 == 54)> <Delay = 0.00>
ST_1 : Operation 131 [1/1] (0.00ns)   --->   "%write_ln87 = write void @_ssdm_op_Write.ap_auto.floatP0A, i32 %m_tilde_53, i32 -1e+30" [./flashattentionsoftmax.h:87]   --->   Operation 131 'write' 'write_ln87' <Predicate = (icmp_ln85 & i_2 == 53)> <Delay = 0.00>
ST_1 : Operation 132 [1/1] (0.00ns)   --->   "%br_ln87 = br void %arrayidx646.exit" [./flashattentionsoftmax.h:87]   --->   Operation 132 'br' 'br_ln87' <Predicate = (icmp_ln85 & i_2 == 53)> <Delay = 0.00>
ST_1 : Operation 133 [1/1] (0.00ns)   --->   "%write_ln87 = write void @_ssdm_op_Write.ap_auto.floatP0A, i32 %m_tilde_52, i32 -1e+30" [./flashattentionsoftmax.h:87]   --->   Operation 133 'write' 'write_ln87' <Predicate = (icmp_ln85 & i_2 == 52)> <Delay = 0.00>
ST_1 : Operation 134 [1/1] (0.00ns)   --->   "%br_ln87 = br void %arrayidx646.exit" [./flashattentionsoftmax.h:87]   --->   Operation 134 'br' 'br_ln87' <Predicate = (icmp_ln85 & i_2 == 52)> <Delay = 0.00>
ST_1 : Operation 135 [1/1] (0.00ns)   --->   "%write_ln87 = write void @_ssdm_op_Write.ap_auto.floatP0A, i32 %m_tilde_51, i32 -1e+30" [./flashattentionsoftmax.h:87]   --->   Operation 135 'write' 'write_ln87' <Predicate = (icmp_ln85 & i_2 == 51)> <Delay = 0.00>
ST_1 : Operation 136 [1/1] (0.00ns)   --->   "%br_ln87 = br void %arrayidx646.exit" [./flashattentionsoftmax.h:87]   --->   Operation 136 'br' 'br_ln87' <Predicate = (icmp_ln85 & i_2 == 51)> <Delay = 0.00>
ST_1 : Operation 137 [1/1] (0.00ns)   --->   "%write_ln87 = write void @_ssdm_op_Write.ap_auto.floatP0A, i32 %m_tilde_50, i32 -1e+30" [./flashattentionsoftmax.h:87]   --->   Operation 137 'write' 'write_ln87' <Predicate = (icmp_ln85 & i_2 == 50)> <Delay = 0.00>
ST_1 : Operation 138 [1/1] (0.00ns)   --->   "%br_ln87 = br void %arrayidx646.exit" [./flashattentionsoftmax.h:87]   --->   Operation 138 'br' 'br_ln87' <Predicate = (icmp_ln85 & i_2 == 50)> <Delay = 0.00>
ST_1 : Operation 139 [1/1] (0.00ns)   --->   "%write_ln87 = write void @_ssdm_op_Write.ap_auto.floatP0A, i32 %m_tilde_49, i32 -1e+30" [./flashattentionsoftmax.h:87]   --->   Operation 139 'write' 'write_ln87' <Predicate = (icmp_ln85 & i_2 == 49)> <Delay = 0.00>
ST_1 : Operation 140 [1/1] (0.00ns)   --->   "%br_ln87 = br void %arrayidx646.exit" [./flashattentionsoftmax.h:87]   --->   Operation 140 'br' 'br_ln87' <Predicate = (icmp_ln85 & i_2 == 49)> <Delay = 0.00>
ST_1 : Operation 141 [1/1] (0.00ns)   --->   "%write_ln87 = write void @_ssdm_op_Write.ap_auto.floatP0A, i32 %m_tilde_48, i32 -1e+30" [./flashattentionsoftmax.h:87]   --->   Operation 141 'write' 'write_ln87' <Predicate = (icmp_ln85 & i_2 == 48)> <Delay = 0.00>
ST_1 : Operation 142 [1/1] (0.00ns)   --->   "%br_ln87 = br void %arrayidx646.exit" [./flashattentionsoftmax.h:87]   --->   Operation 142 'br' 'br_ln87' <Predicate = (icmp_ln85 & i_2 == 48)> <Delay = 0.00>
ST_1 : Operation 143 [1/1] (0.00ns)   --->   "%write_ln87 = write void @_ssdm_op_Write.ap_auto.floatP0A, i32 %m_tilde_47, i32 -1e+30" [./flashattentionsoftmax.h:87]   --->   Operation 143 'write' 'write_ln87' <Predicate = (icmp_ln85 & i_2 == 47)> <Delay = 0.00>
ST_1 : Operation 144 [1/1] (0.00ns)   --->   "%br_ln87 = br void %arrayidx646.exit" [./flashattentionsoftmax.h:87]   --->   Operation 144 'br' 'br_ln87' <Predicate = (icmp_ln85 & i_2 == 47)> <Delay = 0.00>
ST_1 : Operation 145 [1/1] (0.00ns)   --->   "%write_ln87 = write void @_ssdm_op_Write.ap_auto.floatP0A, i32 %m_tilde_46, i32 -1e+30" [./flashattentionsoftmax.h:87]   --->   Operation 145 'write' 'write_ln87' <Predicate = (icmp_ln85 & i_2 == 46)> <Delay = 0.00>
ST_1 : Operation 146 [1/1] (0.00ns)   --->   "%br_ln87 = br void %arrayidx646.exit" [./flashattentionsoftmax.h:87]   --->   Operation 146 'br' 'br_ln87' <Predicate = (icmp_ln85 & i_2 == 46)> <Delay = 0.00>
ST_1 : Operation 147 [1/1] (0.00ns)   --->   "%write_ln87 = write void @_ssdm_op_Write.ap_auto.floatP0A, i32 %m_tilde_45, i32 -1e+30" [./flashattentionsoftmax.h:87]   --->   Operation 147 'write' 'write_ln87' <Predicate = (icmp_ln85 & i_2 == 45)> <Delay = 0.00>
ST_1 : Operation 148 [1/1] (0.00ns)   --->   "%br_ln87 = br void %arrayidx646.exit" [./flashattentionsoftmax.h:87]   --->   Operation 148 'br' 'br_ln87' <Predicate = (icmp_ln85 & i_2 == 45)> <Delay = 0.00>
ST_1 : Operation 149 [1/1] (0.00ns)   --->   "%write_ln87 = write void @_ssdm_op_Write.ap_auto.floatP0A, i32 %m_tilde_44, i32 -1e+30" [./flashattentionsoftmax.h:87]   --->   Operation 149 'write' 'write_ln87' <Predicate = (icmp_ln85 & i_2 == 44)> <Delay = 0.00>
ST_1 : Operation 150 [1/1] (0.00ns)   --->   "%br_ln87 = br void %arrayidx646.exit" [./flashattentionsoftmax.h:87]   --->   Operation 150 'br' 'br_ln87' <Predicate = (icmp_ln85 & i_2 == 44)> <Delay = 0.00>
ST_1 : Operation 151 [1/1] (0.00ns)   --->   "%write_ln87 = write void @_ssdm_op_Write.ap_auto.floatP0A, i32 %m_tilde_43, i32 -1e+30" [./flashattentionsoftmax.h:87]   --->   Operation 151 'write' 'write_ln87' <Predicate = (icmp_ln85 & i_2 == 43)> <Delay = 0.00>
ST_1 : Operation 152 [1/1] (0.00ns)   --->   "%br_ln87 = br void %arrayidx646.exit" [./flashattentionsoftmax.h:87]   --->   Operation 152 'br' 'br_ln87' <Predicate = (icmp_ln85 & i_2 == 43)> <Delay = 0.00>
ST_1 : Operation 153 [1/1] (0.00ns)   --->   "%write_ln87 = write void @_ssdm_op_Write.ap_auto.floatP0A, i32 %m_tilde_42, i32 -1e+30" [./flashattentionsoftmax.h:87]   --->   Operation 153 'write' 'write_ln87' <Predicate = (icmp_ln85 & i_2 == 42)> <Delay = 0.00>
ST_1 : Operation 154 [1/1] (0.00ns)   --->   "%br_ln87 = br void %arrayidx646.exit" [./flashattentionsoftmax.h:87]   --->   Operation 154 'br' 'br_ln87' <Predicate = (icmp_ln85 & i_2 == 42)> <Delay = 0.00>
ST_1 : Operation 155 [1/1] (0.00ns)   --->   "%write_ln87 = write void @_ssdm_op_Write.ap_auto.floatP0A, i32 %m_tilde_41, i32 -1e+30" [./flashattentionsoftmax.h:87]   --->   Operation 155 'write' 'write_ln87' <Predicate = (icmp_ln85 & i_2 == 41)> <Delay = 0.00>
ST_1 : Operation 156 [1/1] (0.00ns)   --->   "%br_ln87 = br void %arrayidx646.exit" [./flashattentionsoftmax.h:87]   --->   Operation 156 'br' 'br_ln87' <Predicate = (icmp_ln85 & i_2 == 41)> <Delay = 0.00>
ST_1 : Operation 157 [1/1] (0.00ns)   --->   "%write_ln87 = write void @_ssdm_op_Write.ap_auto.floatP0A, i32 %m_tilde_40, i32 -1e+30" [./flashattentionsoftmax.h:87]   --->   Operation 157 'write' 'write_ln87' <Predicate = (icmp_ln85 & i_2 == 40)> <Delay = 0.00>
ST_1 : Operation 158 [1/1] (0.00ns)   --->   "%br_ln87 = br void %arrayidx646.exit" [./flashattentionsoftmax.h:87]   --->   Operation 158 'br' 'br_ln87' <Predicate = (icmp_ln85 & i_2 == 40)> <Delay = 0.00>
ST_1 : Operation 159 [1/1] (0.00ns)   --->   "%write_ln87 = write void @_ssdm_op_Write.ap_auto.floatP0A, i32 %m_tilde_39, i32 -1e+30" [./flashattentionsoftmax.h:87]   --->   Operation 159 'write' 'write_ln87' <Predicate = (icmp_ln85 & i_2 == 39)> <Delay = 0.00>
ST_1 : Operation 160 [1/1] (0.00ns)   --->   "%br_ln87 = br void %arrayidx646.exit" [./flashattentionsoftmax.h:87]   --->   Operation 160 'br' 'br_ln87' <Predicate = (icmp_ln85 & i_2 == 39)> <Delay = 0.00>
ST_1 : Operation 161 [1/1] (0.00ns)   --->   "%write_ln87 = write void @_ssdm_op_Write.ap_auto.floatP0A, i32 %m_tilde_38, i32 -1e+30" [./flashattentionsoftmax.h:87]   --->   Operation 161 'write' 'write_ln87' <Predicate = (icmp_ln85 & i_2 == 38)> <Delay = 0.00>
ST_1 : Operation 162 [1/1] (0.00ns)   --->   "%br_ln87 = br void %arrayidx646.exit" [./flashattentionsoftmax.h:87]   --->   Operation 162 'br' 'br_ln87' <Predicate = (icmp_ln85 & i_2 == 38)> <Delay = 0.00>
ST_1 : Operation 163 [1/1] (0.00ns)   --->   "%write_ln87 = write void @_ssdm_op_Write.ap_auto.floatP0A, i32 %m_tilde_37, i32 -1e+30" [./flashattentionsoftmax.h:87]   --->   Operation 163 'write' 'write_ln87' <Predicate = (icmp_ln85 & i_2 == 37)> <Delay = 0.00>
ST_1 : Operation 164 [1/1] (0.00ns)   --->   "%br_ln87 = br void %arrayidx646.exit" [./flashattentionsoftmax.h:87]   --->   Operation 164 'br' 'br_ln87' <Predicate = (icmp_ln85 & i_2 == 37)> <Delay = 0.00>
ST_1 : Operation 165 [1/1] (0.00ns)   --->   "%write_ln87 = write void @_ssdm_op_Write.ap_auto.floatP0A, i32 %m_tilde_36, i32 -1e+30" [./flashattentionsoftmax.h:87]   --->   Operation 165 'write' 'write_ln87' <Predicate = (icmp_ln85 & i_2 == 36)> <Delay = 0.00>
ST_1 : Operation 166 [1/1] (0.00ns)   --->   "%br_ln87 = br void %arrayidx646.exit" [./flashattentionsoftmax.h:87]   --->   Operation 166 'br' 'br_ln87' <Predicate = (icmp_ln85 & i_2 == 36)> <Delay = 0.00>
ST_1 : Operation 167 [1/1] (0.00ns)   --->   "%write_ln87 = write void @_ssdm_op_Write.ap_auto.floatP0A, i32 %m_tilde_35, i32 -1e+30" [./flashattentionsoftmax.h:87]   --->   Operation 167 'write' 'write_ln87' <Predicate = (icmp_ln85 & i_2 == 35)> <Delay = 0.00>
ST_1 : Operation 168 [1/1] (0.00ns)   --->   "%br_ln87 = br void %arrayidx646.exit" [./flashattentionsoftmax.h:87]   --->   Operation 168 'br' 'br_ln87' <Predicate = (icmp_ln85 & i_2 == 35)> <Delay = 0.00>
ST_1 : Operation 169 [1/1] (0.00ns)   --->   "%write_ln87 = write void @_ssdm_op_Write.ap_auto.floatP0A, i32 %m_tilde_34, i32 -1e+30" [./flashattentionsoftmax.h:87]   --->   Operation 169 'write' 'write_ln87' <Predicate = (icmp_ln85 & i_2 == 34)> <Delay = 0.00>
ST_1 : Operation 170 [1/1] (0.00ns)   --->   "%br_ln87 = br void %arrayidx646.exit" [./flashattentionsoftmax.h:87]   --->   Operation 170 'br' 'br_ln87' <Predicate = (icmp_ln85 & i_2 == 34)> <Delay = 0.00>
ST_1 : Operation 171 [1/1] (0.00ns)   --->   "%write_ln87 = write void @_ssdm_op_Write.ap_auto.floatP0A, i32 %m_tilde_33, i32 -1e+30" [./flashattentionsoftmax.h:87]   --->   Operation 171 'write' 'write_ln87' <Predicate = (icmp_ln85 & i_2 == 33)> <Delay = 0.00>
ST_1 : Operation 172 [1/1] (0.00ns)   --->   "%br_ln87 = br void %arrayidx646.exit" [./flashattentionsoftmax.h:87]   --->   Operation 172 'br' 'br_ln87' <Predicate = (icmp_ln85 & i_2 == 33)> <Delay = 0.00>
ST_1 : Operation 173 [1/1] (0.00ns)   --->   "%write_ln87 = write void @_ssdm_op_Write.ap_auto.floatP0A, i32 %m_tilde_32, i32 -1e+30" [./flashattentionsoftmax.h:87]   --->   Operation 173 'write' 'write_ln87' <Predicate = (icmp_ln85 & i_2 == 32)> <Delay = 0.00>
ST_1 : Operation 174 [1/1] (0.00ns)   --->   "%br_ln87 = br void %arrayidx646.exit" [./flashattentionsoftmax.h:87]   --->   Operation 174 'br' 'br_ln87' <Predicate = (icmp_ln85 & i_2 == 32)> <Delay = 0.00>
ST_1 : Operation 175 [1/1] (0.00ns)   --->   "%write_ln87 = write void @_ssdm_op_Write.ap_auto.floatP0A, i32 %m_tilde_31, i32 -1e+30" [./flashattentionsoftmax.h:87]   --->   Operation 175 'write' 'write_ln87' <Predicate = (icmp_ln85 & i_2 == 31)> <Delay = 0.00>
ST_1 : Operation 176 [1/1] (0.00ns)   --->   "%br_ln87 = br void %arrayidx646.exit" [./flashattentionsoftmax.h:87]   --->   Operation 176 'br' 'br_ln87' <Predicate = (icmp_ln85 & i_2 == 31)> <Delay = 0.00>
ST_1 : Operation 177 [1/1] (0.00ns)   --->   "%write_ln87 = write void @_ssdm_op_Write.ap_auto.floatP0A, i32 %m_tilde_30, i32 -1e+30" [./flashattentionsoftmax.h:87]   --->   Operation 177 'write' 'write_ln87' <Predicate = (icmp_ln85 & i_2 == 30)> <Delay = 0.00>
ST_1 : Operation 178 [1/1] (0.00ns)   --->   "%br_ln87 = br void %arrayidx646.exit" [./flashattentionsoftmax.h:87]   --->   Operation 178 'br' 'br_ln87' <Predicate = (icmp_ln85 & i_2 == 30)> <Delay = 0.00>
ST_1 : Operation 179 [1/1] (0.00ns)   --->   "%write_ln87 = write void @_ssdm_op_Write.ap_auto.floatP0A, i32 %m_tilde_29, i32 -1e+30" [./flashattentionsoftmax.h:87]   --->   Operation 179 'write' 'write_ln87' <Predicate = (icmp_ln85 & i_2 == 29)> <Delay = 0.00>
ST_1 : Operation 180 [1/1] (0.00ns)   --->   "%br_ln87 = br void %arrayidx646.exit" [./flashattentionsoftmax.h:87]   --->   Operation 180 'br' 'br_ln87' <Predicate = (icmp_ln85 & i_2 == 29)> <Delay = 0.00>
ST_1 : Operation 181 [1/1] (0.00ns)   --->   "%write_ln87 = write void @_ssdm_op_Write.ap_auto.floatP0A, i32 %m_tilde_28, i32 -1e+30" [./flashattentionsoftmax.h:87]   --->   Operation 181 'write' 'write_ln87' <Predicate = (icmp_ln85 & i_2 == 28)> <Delay = 0.00>
ST_1 : Operation 182 [1/1] (0.00ns)   --->   "%br_ln87 = br void %arrayidx646.exit" [./flashattentionsoftmax.h:87]   --->   Operation 182 'br' 'br_ln87' <Predicate = (icmp_ln85 & i_2 == 28)> <Delay = 0.00>
ST_1 : Operation 183 [1/1] (0.00ns)   --->   "%write_ln87 = write void @_ssdm_op_Write.ap_auto.floatP0A, i32 %m_tilde_27, i32 -1e+30" [./flashattentionsoftmax.h:87]   --->   Operation 183 'write' 'write_ln87' <Predicate = (icmp_ln85 & i_2 == 27)> <Delay = 0.00>
ST_1 : Operation 184 [1/1] (0.00ns)   --->   "%br_ln87 = br void %arrayidx646.exit" [./flashattentionsoftmax.h:87]   --->   Operation 184 'br' 'br_ln87' <Predicate = (icmp_ln85 & i_2 == 27)> <Delay = 0.00>
ST_1 : Operation 185 [1/1] (0.00ns)   --->   "%write_ln87 = write void @_ssdm_op_Write.ap_auto.floatP0A, i32 %m_tilde_26, i32 -1e+30" [./flashattentionsoftmax.h:87]   --->   Operation 185 'write' 'write_ln87' <Predicate = (icmp_ln85 & i_2 == 26)> <Delay = 0.00>
ST_1 : Operation 186 [1/1] (0.00ns)   --->   "%br_ln87 = br void %arrayidx646.exit" [./flashattentionsoftmax.h:87]   --->   Operation 186 'br' 'br_ln87' <Predicate = (icmp_ln85 & i_2 == 26)> <Delay = 0.00>
ST_1 : Operation 187 [1/1] (0.00ns)   --->   "%write_ln87 = write void @_ssdm_op_Write.ap_auto.floatP0A, i32 %m_tilde_25, i32 -1e+30" [./flashattentionsoftmax.h:87]   --->   Operation 187 'write' 'write_ln87' <Predicate = (icmp_ln85 & i_2 == 25)> <Delay = 0.00>
ST_1 : Operation 188 [1/1] (0.00ns)   --->   "%br_ln87 = br void %arrayidx646.exit" [./flashattentionsoftmax.h:87]   --->   Operation 188 'br' 'br_ln87' <Predicate = (icmp_ln85 & i_2 == 25)> <Delay = 0.00>
ST_1 : Operation 189 [1/1] (0.00ns)   --->   "%write_ln87 = write void @_ssdm_op_Write.ap_auto.floatP0A, i32 %m_tilde_24, i32 -1e+30" [./flashattentionsoftmax.h:87]   --->   Operation 189 'write' 'write_ln87' <Predicate = (icmp_ln85 & i_2 == 24)> <Delay = 0.00>
ST_1 : Operation 190 [1/1] (0.00ns)   --->   "%br_ln87 = br void %arrayidx646.exit" [./flashattentionsoftmax.h:87]   --->   Operation 190 'br' 'br_ln87' <Predicate = (icmp_ln85 & i_2 == 24)> <Delay = 0.00>
ST_1 : Operation 191 [1/1] (0.00ns)   --->   "%write_ln87 = write void @_ssdm_op_Write.ap_auto.floatP0A, i32 %m_tilde_23, i32 -1e+30" [./flashattentionsoftmax.h:87]   --->   Operation 191 'write' 'write_ln87' <Predicate = (icmp_ln85 & i_2 == 23)> <Delay = 0.00>
ST_1 : Operation 192 [1/1] (0.00ns)   --->   "%br_ln87 = br void %arrayidx646.exit" [./flashattentionsoftmax.h:87]   --->   Operation 192 'br' 'br_ln87' <Predicate = (icmp_ln85 & i_2 == 23)> <Delay = 0.00>
ST_1 : Operation 193 [1/1] (0.00ns)   --->   "%write_ln87 = write void @_ssdm_op_Write.ap_auto.floatP0A, i32 %m_tilde_22, i32 -1e+30" [./flashattentionsoftmax.h:87]   --->   Operation 193 'write' 'write_ln87' <Predicate = (icmp_ln85 & i_2 == 22)> <Delay = 0.00>
ST_1 : Operation 194 [1/1] (0.00ns)   --->   "%br_ln87 = br void %arrayidx646.exit" [./flashattentionsoftmax.h:87]   --->   Operation 194 'br' 'br_ln87' <Predicate = (icmp_ln85 & i_2 == 22)> <Delay = 0.00>
ST_1 : Operation 195 [1/1] (0.00ns)   --->   "%write_ln87 = write void @_ssdm_op_Write.ap_auto.floatP0A, i32 %m_tilde_21, i32 -1e+30" [./flashattentionsoftmax.h:87]   --->   Operation 195 'write' 'write_ln87' <Predicate = (icmp_ln85 & i_2 == 21)> <Delay = 0.00>
ST_1 : Operation 196 [1/1] (0.00ns)   --->   "%br_ln87 = br void %arrayidx646.exit" [./flashattentionsoftmax.h:87]   --->   Operation 196 'br' 'br_ln87' <Predicate = (icmp_ln85 & i_2 == 21)> <Delay = 0.00>
ST_1 : Operation 197 [1/1] (0.00ns)   --->   "%write_ln87 = write void @_ssdm_op_Write.ap_auto.floatP0A, i32 %m_tilde_20, i32 -1e+30" [./flashattentionsoftmax.h:87]   --->   Operation 197 'write' 'write_ln87' <Predicate = (icmp_ln85 & i_2 == 20)> <Delay = 0.00>
ST_1 : Operation 198 [1/1] (0.00ns)   --->   "%br_ln87 = br void %arrayidx646.exit" [./flashattentionsoftmax.h:87]   --->   Operation 198 'br' 'br_ln87' <Predicate = (icmp_ln85 & i_2 == 20)> <Delay = 0.00>
ST_1 : Operation 199 [1/1] (0.00ns)   --->   "%write_ln87 = write void @_ssdm_op_Write.ap_auto.floatP0A, i32 %m_tilde_19, i32 -1e+30" [./flashattentionsoftmax.h:87]   --->   Operation 199 'write' 'write_ln87' <Predicate = (icmp_ln85 & i_2 == 19)> <Delay = 0.00>
ST_1 : Operation 200 [1/1] (0.00ns)   --->   "%br_ln87 = br void %arrayidx646.exit" [./flashattentionsoftmax.h:87]   --->   Operation 200 'br' 'br_ln87' <Predicate = (icmp_ln85 & i_2 == 19)> <Delay = 0.00>
ST_1 : Operation 201 [1/1] (0.00ns)   --->   "%write_ln87 = write void @_ssdm_op_Write.ap_auto.floatP0A, i32 %m_tilde_18, i32 -1e+30" [./flashattentionsoftmax.h:87]   --->   Operation 201 'write' 'write_ln87' <Predicate = (icmp_ln85 & i_2 == 18)> <Delay = 0.00>
ST_1 : Operation 202 [1/1] (0.00ns)   --->   "%br_ln87 = br void %arrayidx646.exit" [./flashattentionsoftmax.h:87]   --->   Operation 202 'br' 'br_ln87' <Predicate = (icmp_ln85 & i_2 == 18)> <Delay = 0.00>
ST_1 : Operation 203 [1/1] (0.00ns)   --->   "%write_ln87 = write void @_ssdm_op_Write.ap_auto.floatP0A, i32 %m_tilde_17, i32 -1e+30" [./flashattentionsoftmax.h:87]   --->   Operation 203 'write' 'write_ln87' <Predicate = (icmp_ln85 & i_2 == 17)> <Delay = 0.00>
ST_1 : Operation 204 [1/1] (0.00ns)   --->   "%br_ln87 = br void %arrayidx646.exit" [./flashattentionsoftmax.h:87]   --->   Operation 204 'br' 'br_ln87' <Predicate = (icmp_ln85 & i_2 == 17)> <Delay = 0.00>
ST_1 : Operation 205 [1/1] (0.00ns)   --->   "%write_ln87 = write void @_ssdm_op_Write.ap_auto.floatP0A, i32 %m_tilde_16, i32 -1e+30" [./flashattentionsoftmax.h:87]   --->   Operation 205 'write' 'write_ln87' <Predicate = (icmp_ln85 & i_2 == 16)> <Delay = 0.00>
ST_1 : Operation 206 [1/1] (0.00ns)   --->   "%br_ln87 = br void %arrayidx646.exit" [./flashattentionsoftmax.h:87]   --->   Operation 206 'br' 'br_ln87' <Predicate = (icmp_ln85 & i_2 == 16)> <Delay = 0.00>
ST_1 : Operation 207 [1/1] (0.00ns)   --->   "%write_ln87 = write void @_ssdm_op_Write.ap_auto.floatP0A, i32 %m_tilde_15, i32 -1e+30" [./flashattentionsoftmax.h:87]   --->   Operation 207 'write' 'write_ln87' <Predicate = (icmp_ln85 & i_2 == 15)> <Delay = 0.00>
ST_1 : Operation 208 [1/1] (0.00ns)   --->   "%br_ln87 = br void %arrayidx646.exit" [./flashattentionsoftmax.h:87]   --->   Operation 208 'br' 'br_ln87' <Predicate = (icmp_ln85 & i_2 == 15)> <Delay = 0.00>
ST_1 : Operation 209 [1/1] (0.00ns)   --->   "%write_ln87 = write void @_ssdm_op_Write.ap_auto.floatP0A, i32 %m_tilde_14, i32 -1e+30" [./flashattentionsoftmax.h:87]   --->   Operation 209 'write' 'write_ln87' <Predicate = (icmp_ln85 & i_2 == 14)> <Delay = 0.00>
ST_1 : Operation 210 [1/1] (0.00ns)   --->   "%br_ln87 = br void %arrayidx646.exit" [./flashattentionsoftmax.h:87]   --->   Operation 210 'br' 'br_ln87' <Predicate = (icmp_ln85 & i_2 == 14)> <Delay = 0.00>
ST_1 : Operation 211 [1/1] (0.00ns)   --->   "%write_ln87 = write void @_ssdm_op_Write.ap_auto.floatP0A, i32 %m_tilde_13, i32 -1e+30" [./flashattentionsoftmax.h:87]   --->   Operation 211 'write' 'write_ln87' <Predicate = (icmp_ln85 & i_2 == 13)> <Delay = 0.00>
ST_1 : Operation 212 [1/1] (0.00ns)   --->   "%br_ln87 = br void %arrayidx646.exit" [./flashattentionsoftmax.h:87]   --->   Operation 212 'br' 'br_ln87' <Predicate = (icmp_ln85 & i_2 == 13)> <Delay = 0.00>
ST_1 : Operation 213 [1/1] (0.00ns)   --->   "%write_ln87 = write void @_ssdm_op_Write.ap_auto.floatP0A, i32 %m_tilde_12, i32 -1e+30" [./flashattentionsoftmax.h:87]   --->   Operation 213 'write' 'write_ln87' <Predicate = (icmp_ln85 & i_2 == 12)> <Delay = 0.00>
ST_1 : Operation 214 [1/1] (0.00ns)   --->   "%br_ln87 = br void %arrayidx646.exit" [./flashattentionsoftmax.h:87]   --->   Operation 214 'br' 'br_ln87' <Predicate = (icmp_ln85 & i_2 == 12)> <Delay = 0.00>
ST_1 : Operation 215 [1/1] (0.00ns)   --->   "%write_ln87 = write void @_ssdm_op_Write.ap_auto.floatP0A, i32 %m_tilde_11, i32 -1e+30" [./flashattentionsoftmax.h:87]   --->   Operation 215 'write' 'write_ln87' <Predicate = (icmp_ln85 & i_2 == 11)> <Delay = 0.00>
ST_1 : Operation 216 [1/1] (0.00ns)   --->   "%br_ln87 = br void %arrayidx646.exit" [./flashattentionsoftmax.h:87]   --->   Operation 216 'br' 'br_ln87' <Predicate = (icmp_ln85 & i_2 == 11)> <Delay = 0.00>
ST_1 : Operation 217 [1/1] (0.00ns)   --->   "%write_ln87 = write void @_ssdm_op_Write.ap_auto.floatP0A, i32 %m_tilde_10, i32 -1e+30" [./flashattentionsoftmax.h:87]   --->   Operation 217 'write' 'write_ln87' <Predicate = (icmp_ln85 & i_2 == 10)> <Delay = 0.00>
ST_1 : Operation 218 [1/1] (0.00ns)   --->   "%br_ln87 = br void %arrayidx646.exit" [./flashattentionsoftmax.h:87]   --->   Operation 218 'br' 'br_ln87' <Predicate = (icmp_ln85 & i_2 == 10)> <Delay = 0.00>
ST_1 : Operation 219 [1/1] (0.00ns)   --->   "%write_ln87 = write void @_ssdm_op_Write.ap_auto.floatP0A, i32 %m_tilde_9, i32 -1e+30" [./flashattentionsoftmax.h:87]   --->   Operation 219 'write' 'write_ln87' <Predicate = (icmp_ln85 & i_2 == 9)> <Delay = 0.00>
ST_1 : Operation 220 [1/1] (0.00ns)   --->   "%br_ln87 = br void %arrayidx646.exit" [./flashattentionsoftmax.h:87]   --->   Operation 220 'br' 'br_ln87' <Predicate = (icmp_ln85 & i_2 == 9)> <Delay = 0.00>
ST_1 : Operation 221 [1/1] (0.00ns)   --->   "%write_ln87 = write void @_ssdm_op_Write.ap_auto.floatP0A, i32 %m_tilde_8, i32 -1e+30" [./flashattentionsoftmax.h:87]   --->   Operation 221 'write' 'write_ln87' <Predicate = (icmp_ln85 & i_2 == 8)> <Delay = 0.00>
ST_1 : Operation 222 [1/1] (0.00ns)   --->   "%br_ln87 = br void %arrayidx646.exit" [./flashattentionsoftmax.h:87]   --->   Operation 222 'br' 'br_ln87' <Predicate = (icmp_ln85 & i_2 == 8)> <Delay = 0.00>
ST_1 : Operation 223 [1/1] (0.00ns)   --->   "%write_ln87 = write void @_ssdm_op_Write.ap_auto.floatP0A, i32 %m_tilde_7, i32 -1e+30" [./flashattentionsoftmax.h:87]   --->   Operation 223 'write' 'write_ln87' <Predicate = (icmp_ln85 & i_2 == 7)> <Delay = 0.00>
ST_1 : Operation 224 [1/1] (0.00ns)   --->   "%br_ln87 = br void %arrayidx646.exit" [./flashattentionsoftmax.h:87]   --->   Operation 224 'br' 'br_ln87' <Predicate = (icmp_ln85 & i_2 == 7)> <Delay = 0.00>
ST_1 : Operation 225 [1/1] (0.00ns)   --->   "%write_ln87 = write void @_ssdm_op_Write.ap_auto.floatP0A, i32 %m_tilde_6, i32 -1e+30" [./flashattentionsoftmax.h:87]   --->   Operation 225 'write' 'write_ln87' <Predicate = (icmp_ln85 & i_2 == 6)> <Delay = 0.00>
ST_1 : Operation 226 [1/1] (0.00ns)   --->   "%br_ln87 = br void %arrayidx646.exit" [./flashattentionsoftmax.h:87]   --->   Operation 226 'br' 'br_ln87' <Predicate = (icmp_ln85 & i_2 == 6)> <Delay = 0.00>
ST_1 : Operation 227 [1/1] (0.00ns)   --->   "%write_ln87 = write void @_ssdm_op_Write.ap_auto.floatP0A, i32 %m_tilde_5, i32 -1e+30" [./flashattentionsoftmax.h:87]   --->   Operation 227 'write' 'write_ln87' <Predicate = (icmp_ln85 & i_2 == 5)> <Delay = 0.00>
ST_1 : Operation 228 [1/1] (0.00ns)   --->   "%br_ln87 = br void %arrayidx646.exit" [./flashattentionsoftmax.h:87]   --->   Operation 228 'br' 'br_ln87' <Predicate = (icmp_ln85 & i_2 == 5)> <Delay = 0.00>
ST_1 : Operation 229 [1/1] (0.00ns)   --->   "%write_ln87 = write void @_ssdm_op_Write.ap_auto.floatP0A, i32 %m_tilde_4, i32 -1e+30" [./flashattentionsoftmax.h:87]   --->   Operation 229 'write' 'write_ln87' <Predicate = (icmp_ln85 & i_2 == 4)> <Delay = 0.00>
ST_1 : Operation 230 [1/1] (0.00ns)   --->   "%br_ln87 = br void %arrayidx646.exit" [./flashattentionsoftmax.h:87]   --->   Operation 230 'br' 'br_ln87' <Predicate = (icmp_ln85 & i_2 == 4)> <Delay = 0.00>
ST_1 : Operation 231 [1/1] (0.00ns)   --->   "%write_ln87 = write void @_ssdm_op_Write.ap_auto.floatP0A, i32 %m_tilde_3, i32 -1e+30" [./flashattentionsoftmax.h:87]   --->   Operation 231 'write' 'write_ln87' <Predicate = (icmp_ln85 & i_2 == 3)> <Delay = 0.00>
ST_1 : Operation 232 [1/1] (0.00ns)   --->   "%br_ln87 = br void %arrayidx646.exit" [./flashattentionsoftmax.h:87]   --->   Operation 232 'br' 'br_ln87' <Predicate = (icmp_ln85 & i_2 == 3)> <Delay = 0.00>
ST_1 : Operation 233 [1/1] (0.00ns)   --->   "%write_ln87 = write void @_ssdm_op_Write.ap_auto.floatP0A, i32 %m_tilde_2, i32 -1e+30" [./flashattentionsoftmax.h:87]   --->   Operation 233 'write' 'write_ln87' <Predicate = (icmp_ln85 & i_2 == 2)> <Delay = 0.00>
ST_1 : Operation 234 [1/1] (0.00ns)   --->   "%br_ln87 = br void %arrayidx646.exit" [./flashattentionsoftmax.h:87]   --->   Operation 234 'br' 'br_ln87' <Predicate = (icmp_ln85 & i_2 == 2)> <Delay = 0.00>
ST_1 : Operation 235 [1/1] (0.00ns)   --->   "%write_ln87 = write void @_ssdm_op_Write.ap_auto.floatP0A, i32 %m_tilde_1, i32 -1e+30" [./flashattentionsoftmax.h:87]   --->   Operation 235 'write' 'write_ln87' <Predicate = (icmp_ln85 & i_2 == 1)> <Delay = 0.00>
ST_1 : Operation 236 [1/1] (0.00ns)   --->   "%br_ln87 = br void %arrayidx646.exit" [./flashattentionsoftmax.h:87]   --->   Operation 236 'br' 'br_ln87' <Predicate = (icmp_ln85 & i_2 == 1)> <Delay = 0.00>
ST_1 : Operation 237 [1/1] (0.00ns)   --->   "%write_ln87 = write void @_ssdm_op_Write.ap_auto.floatP0A, i32 %m_tilde_0, i32 -1e+30" [./flashattentionsoftmax.h:87]   --->   Operation 237 'write' 'write_ln87' <Predicate = (icmp_ln85 & i_2 == 0)> <Delay = 0.00>
ST_1 : Operation 238 [1/1] (0.00ns)   --->   "%br_ln87 = br void %arrayidx646.exit" [./flashattentionsoftmax.h:87]   --->   Operation 238 'br' 'br_ln87' <Predicate = (icmp_ln85 & i_2 == 0)> <Delay = 0.00>
ST_1 : Operation 239 [1/1] (0.54ns)   --->   "%switch_ln88 = switch i6 %trunc_ln85, void %arrayidx667.case.0, i6 63, void %arrayidx667.case.63, i6 1, void %arrayidx667.case.1, i6 2, void %arrayidx667.case.2, i6 3, void %arrayidx667.case.3, i6 4, void %arrayidx667.case.4, i6 5, void %arrayidx667.case.5, i6 6, void %arrayidx667.case.6, i6 7, void %arrayidx667.case.7, i6 8, void %arrayidx667.case.8, i6 9, void %arrayidx667.case.9, i6 10, void %arrayidx667.case.10, i6 11, void %arrayidx667.case.11, i6 12, void %arrayidx667.case.12, i6 13, void %arrayidx667.case.13, i6 14, void %arrayidx667.case.14, i6 15, void %arrayidx667.case.15, i6 16, void %arrayidx667.case.16, i6 17, void %arrayidx667.case.17, i6 18, void %arrayidx667.case.18, i6 19, void %arrayidx667.case.19, i6 20, void %arrayidx667.case.20, i6 21, void %arrayidx667.case.21, i6 22, void %arrayidx667.case.22, i6 23, void %arrayidx667.case.23, i6 24, void %arrayidx667.case.24, i6 25, void %arrayidx667.case.25, i6 26, void %arrayidx667.case.26, i6 27, void %arrayidx667.case.27, i6 28, void %arrayidx667.case.28, i6 29, void %arrayidx667.case.29, i6 30, void %arrayidx667.case.30, i6 31, void %arrayidx667.case.31, i6 32, void %arrayidx667.case.32, i6 33, void %arrayidx667.case.33, i6 34, void %arrayidx667.case.34, i6 35, void %arrayidx667.case.35, i6 36, void %arrayidx667.case.36, i6 37, void %arrayidx667.case.37, i6 38, void %arrayidx667.case.38, i6 39, void %arrayidx667.case.39, i6 40, void %arrayidx667.case.40, i6 41, void %arrayidx667.case.41, i6 42, void %arrayidx667.case.42, i6 43, void %arrayidx667.case.43, i6 44, void %arrayidx667.case.44, i6 45, void %arrayidx667.case.45, i6 46, void %arrayidx667.case.46, i6 47, void %arrayidx667.case.47, i6 48, void %arrayidx667.case.48, i6 49, void %arrayidx667.case.49, i6 50, void %arrayidx667.case.50, i6 51, void %arrayidx667.case.51, i6 52, void %arrayidx667.case.52, i6 53, void %arrayidx667.case.53, i6 54, void %arrayidx667.case.54, i6 55, void %arrayidx667.case.55, i6 56, void %arrayidx667.case.56, i6 57, void %arrayidx667.case.57, i6 58, void %arrayidx667.case.58, i6 59, void %arrayidx667.case.59, i6 60, void %arrayidx667.case.60, i6 61, void %arrayidx667.case.61, i6 62, void %arrayidx667.case.62" [./flashattentionsoftmax.h:88]   --->   Operation 239 'switch' 'switch_ln88' <Predicate = (icmp_ln85)> <Delay = 0.54>
ST_1 : Operation 240 [1/1] (0.00ns)   --->   "%write_ln88 = write void @_ssdm_op_Write.ap_auto.floatP0A, i32 %l_tilde_62, i32 0" [./flashattentionsoftmax.h:88]   --->   Operation 240 'write' 'write_ln88' <Predicate = (icmp_ln85 & trunc_ln85 == 62)> <Delay = 0.00>
ST_1 : Operation 241 [1/1] (0.00ns)   --->   "%br_ln88 = br void %arrayidx667.exit" [./flashattentionsoftmax.h:88]   --->   Operation 241 'br' 'br_ln88' <Predicate = (icmp_ln85 & trunc_ln85 == 62)> <Delay = 0.00>
ST_1 : Operation 242 [1/1] (0.00ns)   --->   "%write_ln88 = write void @_ssdm_op_Write.ap_auto.floatP0A, i32 %l_tilde_61, i32 0" [./flashattentionsoftmax.h:88]   --->   Operation 242 'write' 'write_ln88' <Predicate = (icmp_ln85 & trunc_ln85 == 61)> <Delay = 0.00>
ST_1 : Operation 243 [1/1] (0.00ns)   --->   "%br_ln88 = br void %arrayidx667.exit" [./flashattentionsoftmax.h:88]   --->   Operation 243 'br' 'br_ln88' <Predicate = (icmp_ln85 & trunc_ln85 == 61)> <Delay = 0.00>
ST_1 : Operation 244 [1/1] (0.00ns)   --->   "%write_ln88 = write void @_ssdm_op_Write.ap_auto.floatP0A, i32 %l_tilde_60, i32 0" [./flashattentionsoftmax.h:88]   --->   Operation 244 'write' 'write_ln88' <Predicate = (icmp_ln85 & trunc_ln85 == 60)> <Delay = 0.00>
ST_1 : Operation 245 [1/1] (0.00ns)   --->   "%br_ln88 = br void %arrayidx667.exit" [./flashattentionsoftmax.h:88]   --->   Operation 245 'br' 'br_ln88' <Predicate = (icmp_ln85 & trunc_ln85 == 60)> <Delay = 0.00>
ST_1 : Operation 246 [1/1] (0.00ns)   --->   "%write_ln88 = write void @_ssdm_op_Write.ap_auto.floatP0A, i32 %l_tilde_59, i32 0" [./flashattentionsoftmax.h:88]   --->   Operation 246 'write' 'write_ln88' <Predicate = (icmp_ln85 & trunc_ln85 == 59)> <Delay = 0.00>
ST_1 : Operation 247 [1/1] (0.00ns)   --->   "%br_ln88 = br void %arrayidx667.exit" [./flashattentionsoftmax.h:88]   --->   Operation 247 'br' 'br_ln88' <Predicate = (icmp_ln85 & trunc_ln85 == 59)> <Delay = 0.00>
ST_1 : Operation 248 [1/1] (0.00ns)   --->   "%write_ln88 = write void @_ssdm_op_Write.ap_auto.floatP0A, i32 %l_tilde_58, i32 0" [./flashattentionsoftmax.h:88]   --->   Operation 248 'write' 'write_ln88' <Predicate = (icmp_ln85 & trunc_ln85 == 58)> <Delay = 0.00>
ST_1 : Operation 249 [1/1] (0.00ns)   --->   "%br_ln88 = br void %arrayidx667.exit" [./flashattentionsoftmax.h:88]   --->   Operation 249 'br' 'br_ln88' <Predicate = (icmp_ln85 & trunc_ln85 == 58)> <Delay = 0.00>
ST_1 : Operation 250 [1/1] (0.00ns)   --->   "%write_ln88 = write void @_ssdm_op_Write.ap_auto.floatP0A, i32 %l_tilde_57, i32 0" [./flashattentionsoftmax.h:88]   --->   Operation 250 'write' 'write_ln88' <Predicate = (icmp_ln85 & trunc_ln85 == 57)> <Delay = 0.00>
ST_1 : Operation 251 [1/1] (0.00ns)   --->   "%br_ln88 = br void %arrayidx667.exit" [./flashattentionsoftmax.h:88]   --->   Operation 251 'br' 'br_ln88' <Predicate = (icmp_ln85 & trunc_ln85 == 57)> <Delay = 0.00>
ST_1 : Operation 252 [1/1] (0.00ns)   --->   "%write_ln88 = write void @_ssdm_op_Write.ap_auto.floatP0A, i32 %l_tilde_56, i32 0" [./flashattentionsoftmax.h:88]   --->   Operation 252 'write' 'write_ln88' <Predicate = (icmp_ln85 & trunc_ln85 == 56)> <Delay = 0.00>
ST_1 : Operation 253 [1/1] (0.00ns)   --->   "%br_ln88 = br void %arrayidx667.exit" [./flashattentionsoftmax.h:88]   --->   Operation 253 'br' 'br_ln88' <Predicate = (icmp_ln85 & trunc_ln85 == 56)> <Delay = 0.00>
ST_1 : Operation 254 [1/1] (0.00ns)   --->   "%write_ln88 = write void @_ssdm_op_Write.ap_auto.floatP0A, i32 %l_tilde_55, i32 0" [./flashattentionsoftmax.h:88]   --->   Operation 254 'write' 'write_ln88' <Predicate = (icmp_ln85 & trunc_ln85 == 55)> <Delay = 0.00>
ST_1 : Operation 255 [1/1] (0.00ns)   --->   "%br_ln88 = br void %arrayidx667.exit" [./flashattentionsoftmax.h:88]   --->   Operation 255 'br' 'br_ln88' <Predicate = (icmp_ln85 & trunc_ln85 == 55)> <Delay = 0.00>
ST_1 : Operation 256 [1/1] (0.00ns)   --->   "%write_ln88 = write void @_ssdm_op_Write.ap_auto.floatP0A, i32 %l_tilde_54, i32 0" [./flashattentionsoftmax.h:88]   --->   Operation 256 'write' 'write_ln88' <Predicate = (icmp_ln85 & trunc_ln85 == 54)> <Delay = 0.00>
ST_1 : Operation 257 [1/1] (0.00ns)   --->   "%br_ln88 = br void %arrayidx667.exit" [./flashattentionsoftmax.h:88]   --->   Operation 257 'br' 'br_ln88' <Predicate = (icmp_ln85 & trunc_ln85 == 54)> <Delay = 0.00>
ST_1 : Operation 258 [1/1] (0.00ns)   --->   "%write_ln88 = write void @_ssdm_op_Write.ap_auto.floatP0A, i32 %l_tilde_53, i32 0" [./flashattentionsoftmax.h:88]   --->   Operation 258 'write' 'write_ln88' <Predicate = (icmp_ln85 & trunc_ln85 == 53)> <Delay = 0.00>
ST_1 : Operation 259 [1/1] (0.00ns)   --->   "%br_ln88 = br void %arrayidx667.exit" [./flashattentionsoftmax.h:88]   --->   Operation 259 'br' 'br_ln88' <Predicate = (icmp_ln85 & trunc_ln85 == 53)> <Delay = 0.00>
ST_1 : Operation 260 [1/1] (0.00ns)   --->   "%write_ln88 = write void @_ssdm_op_Write.ap_auto.floatP0A, i32 %l_tilde_52, i32 0" [./flashattentionsoftmax.h:88]   --->   Operation 260 'write' 'write_ln88' <Predicate = (icmp_ln85 & trunc_ln85 == 52)> <Delay = 0.00>
ST_1 : Operation 261 [1/1] (0.00ns)   --->   "%br_ln88 = br void %arrayidx667.exit" [./flashattentionsoftmax.h:88]   --->   Operation 261 'br' 'br_ln88' <Predicate = (icmp_ln85 & trunc_ln85 == 52)> <Delay = 0.00>
ST_1 : Operation 262 [1/1] (0.00ns)   --->   "%write_ln88 = write void @_ssdm_op_Write.ap_auto.floatP0A, i32 %l_tilde_51, i32 0" [./flashattentionsoftmax.h:88]   --->   Operation 262 'write' 'write_ln88' <Predicate = (icmp_ln85 & trunc_ln85 == 51)> <Delay = 0.00>
ST_1 : Operation 263 [1/1] (0.00ns)   --->   "%br_ln88 = br void %arrayidx667.exit" [./flashattentionsoftmax.h:88]   --->   Operation 263 'br' 'br_ln88' <Predicate = (icmp_ln85 & trunc_ln85 == 51)> <Delay = 0.00>
ST_1 : Operation 264 [1/1] (0.00ns)   --->   "%write_ln88 = write void @_ssdm_op_Write.ap_auto.floatP0A, i32 %l_tilde_50, i32 0" [./flashattentionsoftmax.h:88]   --->   Operation 264 'write' 'write_ln88' <Predicate = (icmp_ln85 & trunc_ln85 == 50)> <Delay = 0.00>
ST_1 : Operation 265 [1/1] (0.00ns)   --->   "%br_ln88 = br void %arrayidx667.exit" [./flashattentionsoftmax.h:88]   --->   Operation 265 'br' 'br_ln88' <Predicate = (icmp_ln85 & trunc_ln85 == 50)> <Delay = 0.00>
ST_1 : Operation 266 [1/1] (0.00ns)   --->   "%write_ln88 = write void @_ssdm_op_Write.ap_auto.floatP0A, i32 %l_tilde_49, i32 0" [./flashattentionsoftmax.h:88]   --->   Operation 266 'write' 'write_ln88' <Predicate = (icmp_ln85 & trunc_ln85 == 49)> <Delay = 0.00>
ST_1 : Operation 267 [1/1] (0.00ns)   --->   "%br_ln88 = br void %arrayidx667.exit" [./flashattentionsoftmax.h:88]   --->   Operation 267 'br' 'br_ln88' <Predicate = (icmp_ln85 & trunc_ln85 == 49)> <Delay = 0.00>
ST_1 : Operation 268 [1/1] (0.00ns)   --->   "%write_ln88 = write void @_ssdm_op_Write.ap_auto.floatP0A, i32 %l_tilde_48, i32 0" [./flashattentionsoftmax.h:88]   --->   Operation 268 'write' 'write_ln88' <Predicate = (icmp_ln85 & trunc_ln85 == 48)> <Delay = 0.00>
ST_1 : Operation 269 [1/1] (0.00ns)   --->   "%br_ln88 = br void %arrayidx667.exit" [./flashattentionsoftmax.h:88]   --->   Operation 269 'br' 'br_ln88' <Predicate = (icmp_ln85 & trunc_ln85 == 48)> <Delay = 0.00>
ST_1 : Operation 270 [1/1] (0.00ns)   --->   "%write_ln88 = write void @_ssdm_op_Write.ap_auto.floatP0A, i32 %l_tilde_47, i32 0" [./flashattentionsoftmax.h:88]   --->   Operation 270 'write' 'write_ln88' <Predicate = (icmp_ln85 & trunc_ln85 == 47)> <Delay = 0.00>
ST_1 : Operation 271 [1/1] (0.00ns)   --->   "%br_ln88 = br void %arrayidx667.exit" [./flashattentionsoftmax.h:88]   --->   Operation 271 'br' 'br_ln88' <Predicate = (icmp_ln85 & trunc_ln85 == 47)> <Delay = 0.00>
ST_1 : Operation 272 [1/1] (0.00ns)   --->   "%write_ln88 = write void @_ssdm_op_Write.ap_auto.floatP0A, i32 %l_tilde_46, i32 0" [./flashattentionsoftmax.h:88]   --->   Operation 272 'write' 'write_ln88' <Predicate = (icmp_ln85 & trunc_ln85 == 46)> <Delay = 0.00>
ST_1 : Operation 273 [1/1] (0.00ns)   --->   "%br_ln88 = br void %arrayidx667.exit" [./flashattentionsoftmax.h:88]   --->   Operation 273 'br' 'br_ln88' <Predicate = (icmp_ln85 & trunc_ln85 == 46)> <Delay = 0.00>
ST_1 : Operation 274 [1/1] (0.00ns)   --->   "%write_ln88 = write void @_ssdm_op_Write.ap_auto.floatP0A, i32 %l_tilde_45, i32 0" [./flashattentionsoftmax.h:88]   --->   Operation 274 'write' 'write_ln88' <Predicate = (icmp_ln85 & trunc_ln85 == 45)> <Delay = 0.00>
ST_1 : Operation 275 [1/1] (0.00ns)   --->   "%br_ln88 = br void %arrayidx667.exit" [./flashattentionsoftmax.h:88]   --->   Operation 275 'br' 'br_ln88' <Predicate = (icmp_ln85 & trunc_ln85 == 45)> <Delay = 0.00>
ST_1 : Operation 276 [1/1] (0.00ns)   --->   "%write_ln88 = write void @_ssdm_op_Write.ap_auto.floatP0A, i32 %l_tilde_44, i32 0" [./flashattentionsoftmax.h:88]   --->   Operation 276 'write' 'write_ln88' <Predicate = (icmp_ln85 & trunc_ln85 == 44)> <Delay = 0.00>
ST_1 : Operation 277 [1/1] (0.00ns)   --->   "%br_ln88 = br void %arrayidx667.exit" [./flashattentionsoftmax.h:88]   --->   Operation 277 'br' 'br_ln88' <Predicate = (icmp_ln85 & trunc_ln85 == 44)> <Delay = 0.00>
ST_1 : Operation 278 [1/1] (0.00ns)   --->   "%write_ln88 = write void @_ssdm_op_Write.ap_auto.floatP0A, i32 %l_tilde_43, i32 0" [./flashattentionsoftmax.h:88]   --->   Operation 278 'write' 'write_ln88' <Predicate = (icmp_ln85 & trunc_ln85 == 43)> <Delay = 0.00>
ST_1 : Operation 279 [1/1] (0.00ns)   --->   "%br_ln88 = br void %arrayidx667.exit" [./flashattentionsoftmax.h:88]   --->   Operation 279 'br' 'br_ln88' <Predicate = (icmp_ln85 & trunc_ln85 == 43)> <Delay = 0.00>
ST_1 : Operation 280 [1/1] (0.00ns)   --->   "%write_ln88 = write void @_ssdm_op_Write.ap_auto.floatP0A, i32 %l_tilde_42, i32 0" [./flashattentionsoftmax.h:88]   --->   Operation 280 'write' 'write_ln88' <Predicate = (icmp_ln85 & trunc_ln85 == 42)> <Delay = 0.00>
ST_1 : Operation 281 [1/1] (0.00ns)   --->   "%br_ln88 = br void %arrayidx667.exit" [./flashattentionsoftmax.h:88]   --->   Operation 281 'br' 'br_ln88' <Predicate = (icmp_ln85 & trunc_ln85 == 42)> <Delay = 0.00>
ST_1 : Operation 282 [1/1] (0.00ns)   --->   "%write_ln88 = write void @_ssdm_op_Write.ap_auto.floatP0A, i32 %l_tilde_41, i32 0" [./flashattentionsoftmax.h:88]   --->   Operation 282 'write' 'write_ln88' <Predicate = (icmp_ln85 & trunc_ln85 == 41)> <Delay = 0.00>
ST_1 : Operation 283 [1/1] (0.00ns)   --->   "%br_ln88 = br void %arrayidx667.exit" [./flashattentionsoftmax.h:88]   --->   Operation 283 'br' 'br_ln88' <Predicate = (icmp_ln85 & trunc_ln85 == 41)> <Delay = 0.00>
ST_1 : Operation 284 [1/1] (0.00ns)   --->   "%write_ln88 = write void @_ssdm_op_Write.ap_auto.floatP0A, i32 %l_tilde_40, i32 0" [./flashattentionsoftmax.h:88]   --->   Operation 284 'write' 'write_ln88' <Predicate = (icmp_ln85 & trunc_ln85 == 40)> <Delay = 0.00>
ST_1 : Operation 285 [1/1] (0.00ns)   --->   "%br_ln88 = br void %arrayidx667.exit" [./flashattentionsoftmax.h:88]   --->   Operation 285 'br' 'br_ln88' <Predicate = (icmp_ln85 & trunc_ln85 == 40)> <Delay = 0.00>
ST_1 : Operation 286 [1/1] (0.00ns)   --->   "%write_ln88 = write void @_ssdm_op_Write.ap_auto.floatP0A, i32 %l_tilde_39, i32 0" [./flashattentionsoftmax.h:88]   --->   Operation 286 'write' 'write_ln88' <Predicate = (icmp_ln85 & trunc_ln85 == 39)> <Delay = 0.00>
ST_1 : Operation 287 [1/1] (0.00ns)   --->   "%br_ln88 = br void %arrayidx667.exit" [./flashattentionsoftmax.h:88]   --->   Operation 287 'br' 'br_ln88' <Predicate = (icmp_ln85 & trunc_ln85 == 39)> <Delay = 0.00>
ST_1 : Operation 288 [1/1] (0.00ns)   --->   "%write_ln88 = write void @_ssdm_op_Write.ap_auto.floatP0A, i32 %l_tilde_38, i32 0" [./flashattentionsoftmax.h:88]   --->   Operation 288 'write' 'write_ln88' <Predicate = (icmp_ln85 & trunc_ln85 == 38)> <Delay = 0.00>
ST_1 : Operation 289 [1/1] (0.00ns)   --->   "%br_ln88 = br void %arrayidx667.exit" [./flashattentionsoftmax.h:88]   --->   Operation 289 'br' 'br_ln88' <Predicate = (icmp_ln85 & trunc_ln85 == 38)> <Delay = 0.00>
ST_1 : Operation 290 [1/1] (0.00ns)   --->   "%write_ln88 = write void @_ssdm_op_Write.ap_auto.floatP0A, i32 %l_tilde_37, i32 0" [./flashattentionsoftmax.h:88]   --->   Operation 290 'write' 'write_ln88' <Predicate = (icmp_ln85 & trunc_ln85 == 37)> <Delay = 0.00>
ST_1 : Operation 291 [1/1] (0.00ns)   --->   "%br_ln88 = br void %arrayidx667.exit" [./flashattentionsoftmax.h:88]   --->   Operation 291 'br' 'br_ln88' <Predicate = (icmp_ln85 & trunc_ln85 == 37)> <Delay = 0.00>
ST_1 : Operation 292 [1/1] (0.00ns)   --->   "%write_ln88 = write void @_ssdm_op_Write.ap_auto.floatP0A, i32 %l_tilde_36, i32 0" [./flashattentionsoftmax.h:88]   --->   Operation 292 'write' 'write_ln88' <Predicate = (icmp_ln85 & trunc_ln85 == 36)> <Delay = 0.00>
ST_1 : Operation 293 [1/1] (0.00ns)   --->   "%br_ln88 = br void %arrayidx667.exit" [./flashattentionsoftmax.h:88]   --->   Operation 293 'br' 'br_ln88' <Predicate = (icmp_ln85 & trunc_ln85 == 36)> <Delay = 0.00>
ST_1 : Operation 294 [1/1] (0.00ns)   --->   "%write_ln88 = write void @_ssdm_op_Write.ap_auto.floatP0A, i32 %l_tilde_35, i32 0" [./flashattentionsoftmax.h:88]   --->   Operation 294 'write' 'write_ln88' <Predicate = (icmp_ln85 & trunc_ln85 == 35)> <Delay = 0.00>
ST_1 : Operation 295 [1/1] (0.00ns)   --->   "%br_ln88 = br void %arrayidx667.exit" [./flashattentionsoftmax.h:88]   --->   Operation 295 'br' 'br_ln88' <Predicate = (icmp_ln85 & trunc_ln85 == 35)> <Delay = 0.00>
ST_1 : Operation 296 [1/1] (0.00ns)   --->   "%write_ln88 = write void @_ssdm_op_Write.ap_auto.floatP0A, i32 %l_tilde_34, i32 0" [./flashattentionsoftmax.h:88]   --->   Operation 296 'write' 'write_ln88' <Predicate = (icmp_ln85 & trunc_ln85 == 34)> <Delay = 0.00>
ST_1 : Operation 297 [1/1] (0.00ns)   --->   "%br_ln88 = br void %arrayidx667.exit" [./flashattentionsoftmax.h:88]   --->   Operation 297 'br' 'br_ln88' <Predicate = (icmp_ln85 & trunc_ln85 == 34)> <Delay = 0.00>
ST_1 : Operation 298 [1/1] (0.00ns)   --->   "%write_ln88 = write void @_ssdm_op_Write.ap_auto.floatP0A, i32 %l_tilde_33, i32 0" [./flashattentionsoftmax.h:88]   --->   Operation 298 'write' 'write_ln88' <Predicate = (icmp_ln85 & trunc_ln85 == 33)> <Delay = 0.00>
ST_1 : Operation 299 [1/1] (0.00ns)   --->   "%br_ln88 = br void %arrayidx667.exit" [./flashattentionsoftmax.h:88]   --->   Operation 299 'br' 'br_ln88' <Predicate = (icmp_ln85 & trunc_ln85 == 33)> <Delay = 0.00>
ST_1 : Operation 300 [1/1] (0.00ns)   --->   "%write_ln88 = write void @_ssdm_op_Write.ap_auto.floatP0A, i32 %l_tilde_32, i32 0" [./flashattentionsoftmax.h:88]   --->   Operation 300 'write' 'write_ln88' <Predicate = (icmp_ln85 & trunc_ln85 == 32)> <Delay = 0.00>
ST_1 : Operation 301 [1/1] (0.00ns)   --->   "%br_ln88 = br void %arrayidx667.exit" [./flashattentionsoftmax.h:88]   --->   Operation 301 'br' 'br_ln88' <Predicate = (icmp_ln85 & trunc_ln85 == 32)> <Delay = 0.00>
ST_1 : Operation 302 [1/1] (0.00ns)   --->   "%write_ln88 = write void @_ssdm_op_Write.ap_auto.floatP0A, i32 %l_tilde_31, i32 0" [./flashattentionsoftmax.h:88]   --->   Operation 302 'write' 'write_ln88' <Predicate = (icmp_ln85 & trunc_ln85 == 31)> <Delay = 0.00>
ST_1 : Operation 303 [1/1] (0.00ns)   --->   "%br_ln88 = br void %arrayidx667.exit" [./flashattentionsoftmax.h:88]   --->   Operation 303 'br' 'br_ln88' <Predicate = (icmp_ln85 & trunc_ln85 == 31)> <Delay = 0.00>
ST_1 : Operation 304 [1/1] (0.00ns)   --->   "%write_ln88 = write void @_ssdm_op_Write.ap_auto.floatP0A, i32 %l_tilde_30, i32 0" [./flashattentionsoftmax.h:88]   --->   Operation 304 'write' 'write_ln88' <Predicate = (icmp_ln85 & trunc_ln85 == 30)> <Delay = 0.00>
ST_1 : Operation 305 [1/1] (0.00ns)   --->   "%br_ln88 = br void %arrayidx667.exit" [./flashattentionsoftmax.h:88]   --->   Operation 305 'br' 'br_ln88' <Predicate = (icmp_ln85 & trunc_ln85 == 30)> <Delay = 0.00>
ST_1 : Operation 306 [1/1] (0.00ns)   --->   "%write_ln88 = write void @_ssdm_op_Write.ap_auto.floatP0A, i32 %l_tilde_29, i32 0" [./flashattentionsoftmax.h:88]   --->   Operation 306 'write' 'write_ln88' <Predicate = (icmp_ln85 & trunc_ln85 == 29)> <Delay = 0.00>
ST_1 : Operation 307 [1/1] (0.00ns)   --->   "%br_ln88 = br void %arrayidx667.exit" [./flashattentionsoftmax.h:88]   --->   Operation 307 'br' 'br_ln88' <Predicate = (icmp_ln85 & trunc_ln85 == 29)> <Delay = 0.00>
ST_1 : Operation 308 [1/1] (0.00ns)   --->   "%write_ln88 = write void @_ssdm_op_Write.ap_auto.floatP0A, i32 %l_tilde_28, i32 0" [./flashattentionsoftmax.h:88]   --->   Operation 308 'write' 'write_ln88' <Predicate = (icmp_ln85 & trunc_ln85 == 28)> <Delay = 0.00>
ST_1 : Operation 309 [1/1] (0.00ns)   --->   "%br_ln88 = br void %arrayidx667.exit" [./flashattentionsoftmax.h:88]   --->   Operation 309 'br' 'br_ln88' <Predicate = (icmp_ln85 & trunc_ln85 == 28)> <Delay = 0.00>
ST_1 : Operation 310 [1/1] (0.00ns)   --->   "%write_ln88 = write void @_ssdm_op_Write.ap_auto.floatP0A, i32 %l_tilde_27, i32 0" [./flashattentionsoftmax.h:88]   --->   Operation 310 'write' 'write_ln88' <Predicate = (icmp_ln85 & trunc_ln85 == 27)> <Delay = 0.00>
ST_1 : Operation 311 [1/1] (0.00ns)   --->   "%br_ln88 = br void %arrayidx667.exit" [./flashattentionsoftmax.h:88]   --->   Operation 311 'br' 'br_ln88' <Predicate = (icmp_ln85 & trunc_ln85 == 27)> <Delay = 0.00>
ST_1 : Operation 312 [1/1] (0.00ns)   --->   "%write_ln88 = write void @_ssdm_op_Write.ap_auto.floatP0A, i32 %l_tilde_26, i32 0" [./flashattentionsoftmax.h:88]   --->   Operation 312 'write' 'write_ln88' <Predicate = (icmp_ln85 & trunc_ln85 == 26)> <Delay = 0.00>
ST_1 : Operation 313 [1/1] (0.00ns)   --->   "%br_ln88 = br void %arrayidx667.exit" [./flashattentionsoftmax.h:88]   --->   Operation 313 'br' 'br_ln88' <Predicate = (icmp_ln85 & trunc_ln85 == 26)> <Delay = 0.00>
ST_1 : Operation 314 [1/1] (0.00ns)   --->   "%write_ln88 = write void @_ssdm_op_Write.ap_auto.floatP0A, i32 %l_tilde_25, i32 0" [./flashattentionsoftmax.h:88]   --->   Operation 314 'write' 'write_ln88' <Predicate = (icmp_ln85 & trunc_ln85 == 25)> <Delay = 0.00>
ST_1 : Operation 315 [1/1] (0.00ns)   --->   "%br_ln88 = br void %arrayidx667.exit" [./flashattentionsoftmax.h:88]   --->   Operation 315 'br' 'br_ln88' <Predicate = (icmp_ln85 & trunc_ln85 == 25)> <Delay = 0.00>
ST_1 : Operation 316 [1/1] (0.00ns)   --->   "%write_ln88 = write void @_ssdm_op_Write.ap_auto.floatP0A, i32 %l_tilde_24, i32 0" [./flashattentionsoftmax.h:88]   --->   Operation 316 'write' 'write_ln88' <Predicate = (icmp_ln85 & trunc_ln85 == 24)> <Delay = 0.00>
ST_1 : Operation 317 [1/1] (0.00ns)   --->   "%br_ln88 = br void %arrayidx667.exit" [./flashattentionsoftmax.h:88]   --->   Operation 317 'br' 'br_ln88' <Predicate = (icmp_ln85 & trunc_ln85 == 24)> <Delay = 0.00>
ST_1 : Operation 318 [1/1] (0.00ns)   --->   "%write_ln88 = write void @_ssdm_op_Write.ap_auto.floatP0A, i32 %l_tilde_23, i32 0" [./flashattentionsoftmax.h:88]   --->   Operation 318 'write' 'write_ln88' <Predicate = (icmp_ln85 & trunc_ln85 == 23)> <Delay = 0.00>
ST_1 : Operation 319 [1/1] (0.00ns)   --->   "%br_ln88 = br void %arrayidx667.exit" [./flashattentionsoftmax.h:88]   --->   Operation 319 'br' 'br_ln88' <Predicate = (icmp_ln85 & trunc_ln85 == 23)> <Delay = 0.00>
ST_1 : Operation 320 [1/1] (0.00ns)   --->   "%write_ln88 = write void @_ssdm_op_Write.ap_auto.floatP0A, i32 %l_tilde_22, i32 0" [./flashattentionsoftmax.h:88]   --->   Operation 320 'write' 'write_ln88' <Predicate = (icmp_ln85 & trunc_ln85 == 22)> <Delay = 0.00>
ST_1 : Operation 321 [1/1] (0.00ns)   --->   "%br_ln88 = br void %arrayidx667.exit" [./flashattentionsoftmax.h:88]   --->   Operation 321 'br' 'br_ln88' <Predicate = (icmp_ln85 & trunc_ln85 == 22)> <Delay = 0.00>
ST_1 : Operation 322 [1/1] (0.00ns)   --->   "%write_ln88 = write void @_ssdm_op_Write.ap_auto.floatP0A, i32 %l_tilde_21, i32 0" [./flashattentionsoftmax.h:88]   --->   Operation 322 'write' 'write_ln88' <Predicate = (icmp_ln85 & trunc_ln85 == 21)> <Delay = 0.00>
ST_1 : Operation 323 [1/1] (0.00ns)   --->   "%br_ln88 = br void %arrayidx667.exit" [./flashattentionsoftmax.h:88]   --->   Operation 323 'br' 'br_ln88' <Predicate = (icmp_ln85 & trunc_ln85 == 21)> <Delay = 0.00>
ST_1 : Operation 324 [1/1] (0.00ns)   --->   "%write_ln88 = write void @_ssdm_op_Write.ap_auto.floatP0A, i32 %l_tilde_20, i32 0" [./flashattentionsoftmax.h:88]   --->   Operation 324 'write' 'write_ln88' <Predicate = (icmp_ln85 & trunc_ln85 == 20)> <Delay = 0.00>
ST_1 : Operation 325 [1/1] (0.00ns)   --->   "%br_ln88 = br void %arrayidx667.exit" [./flashattentionsoftmax.h:88]   --->   Operation 325 'br' 'br_ln88' <Predicate = (icmp_ln85 & trunc_ln85 == 20)> <Delay = 0.00>
ST_1 : Operation 326 [1/1] (0.00ns)   --->   "%write_ln88 = write void @_ssdm_op_Write.ap_auto.floatP0A, i32 %l_tilde_19, i32 0" [./flashattentionsoftmax.h:88]   --->   Operation 326 'write' 'write_ln88' <Predicate = (icmp_ln85 & trunc_ln85 == 19)> <Delay = 0.00>
ST_1 : Operation 327 [1/1] (0.00ns)   --->   "%br_ln88 = br void %arrayidx667.exit" [./flashattentionsoftmax.h:88]   --->   Operation 327 'br' 'br_ln88' <Predicate = (icmp_ln85 & trunc_ln85 == 19)> <Delay = 0.00>
ST_1 : Operation 328 [1/1] (0.00ns)   --->   "%write_ln88 = write void @_ssdm_op_Write.ap_auto.floatP0A, i32 %l_tilde_18, i32 0" [./flashattentionsoftmax.h:88]   --->   Operation 328 'write' 'write_ln88' <Predicate = (icmp_ln85 & trunc_ln85 == 18)> <Delay = 0.00>
ST_1 : Operation 329 [1/1] (0.00ns)   --->   "%br_ln88 = br void %arrayidx667.exit" [./flashattentionsoftmax.h:88]   --->   Operation 329 'br' 'br_ln88' <Predicate = (icmp_ln85 & trunc_ln85 == 18)> <Delay = 0.00>
ST_1 : Operation 330 [1/1] (0.00ns)   --->   "%write_ln88 = write void @_ssdm_op_Write.ap_auto.floatP0A, i32 %l_tilde_17, i32 0" [./flashattentionsoftmax.h:88]   --->   Operation 330 'write' 'write_ln88' <Predicate = (icmp_ln85 & trunc_ln85 == 17)> <Delay = 0.00>
ST_1 : Operation 331 [1/1] (0.00ns)   --->   "%br_ln88 = br void %arrayidx667.exit" [./flashattentionsoftmax.h:88]   --->   Operation 331 'br' 'br_ln88' <Predicate = (icmp_ln85 & trunc_ln85 == 17)> <Delay = 0.00>
ST_1 : Operation 332 [1/1] (0.00ns)   --->   "%write_ln88 = write void @_ssdm_op_Write.ap_auto.floatP0A, i32 %l_tilde_16, i32 0" [./flashattentionsoftmax.h:88]   --->   Operation 332 'write' 'write_ln88' <Predicate = (icmp_ln85 & trunc_ln85 == 16)> <Delay = 0.00>
ST_1 : Operation 333 [1/1] (0.00ns)   --->   "%br_ln88 = br void %arrayidx667.exit" [./flashattentionsoftmax.h:88]   --->   Operation 333 'br' 'br_ln88' <Predicate = (icmp_ln85 & trunc_ln85 == 16)> <Delay = 0.00>
ST_1 : Operation 334 [1/1] (0.00ns)   --->   "%write_ln88 = write void @_ssdm_op_Write.ap_auto.floatP0A, i32 %l_tilde_15, i32 0" [./flashattentionsoftmax.h:88]   --->   Operation 334 'write' 'write_ln88' <Predicate = (icmp_ln85 & trunc_ln85 == 15)> <Delay = 0.00>
ST_1 : Operation 335 [1/1] (0.00ns)   --->   "%br_ln88 = br void %arrayidx667.exit" [./flashattentionsoftmax.h:88]   --->   Operation 335 'br' 'br_ln88' <Predicate = (icmp_ln85 & trunc_ln85 == 15)> <Delay = 0.00>
ST_1 : Operation 336 [1/1] (0.00ns)   --->   "%write_ln88 = write void @_ssdm_op_Write.ap_auto.floatP0A, i32 %l_tilde_14, i32 0" [./flashattentionsoftmax.h:88]   --->   Operation 336 'write' 'write_ln88' <Predicate = (icmp_ln85 & trunc_ln85 == 14)> <Delay = 0.00>
ST_1 : Operation 337 [1/1] (0.00ns)   --->   "%br_ln88 = br void %arrayidx667.exit" [./flashattentionsoftmax.h:88]   --->   Operation 337 'br' 'br_ln88' <Predicate = (icmp_ln85 & trunc_ln85 == 14)> <Delay = 0.00>
ST_1 : Operation 338 [1/1] (0.00ns)   --->   "%write_ln88 = write void @_ssdm_op_Write.ap_auto.floatP0A, i32 %l_tilde_13, i32 0" [./flashattentionsoftmax.h:88]   --->   Operation 338 'write' 'write_ln88' <Predicate = (icmp_ln85 & trunc_ln85 == 13)> <Delay = 0.00>
ST_1 : Operation 339 [1/1] (0.00ns)   --->   "%br_ln88 = br void %arrayidx667.exit" [./flashattentionsoftmax.h:88]   --->   Operation 339 'br' 'br_ln88' <Predicate = (icmp_ln85 & trunc_ln85 == 13)> <Delay = 0.00>
ST_1 : Operation 340 [1/1] (0.00ns)   --->   "%write_ln88 = write void @_ssdm_op_Write.ap_auto.floatP0A, i32 %l_tilde_12, i32 0" [./flashattentionsoftmax.h:88]   --->   Operation 340 'write' 'write_ln88' <Predicate = (icmp_ln85 & trunc_ln85 == 12)> <Delay = 0.00>
ST_1 : Operation 341 [1/1] (0.00ns)   --->   "%br_ln88 = br void %arrayidx667.exit" [./flashattentionsoftmax.h:88]   --->   Operation 341 'br' 'br_ln88' <Predicate = (icmp_ln85 & trunc_ln85 == 12)> <Delay = 0.00>
ST_1 : Operation 342 [1/1] (0.00ns)   --->   "%write_ln88 = write void @_ssdm_op_Write.ap_auto.floatP0A, i32 %l_tilde_11, i32 0" [./flashattentionsoftmax.h:88]   --->   Operation 342 'write' 'write_ln88' <Predicate = (icmp_ln85 & trunc_ln85 == 11)> <Delay = 0.00>
ST_1 : Operation 343 [1/1] (0.00ns)   --->   "%br_ln88 = br void %arrayidx667.exit" [./flashattentionsoftmax.h:88]   --->   Operation 343 'br' 'br_ln88' <Predicate = (icmp_ln85 & trunc_ln85 == 11)> <Delay = 0.00>
ST_1 : Operation 344 [1/1] (0.00ns)   --->   "%write_ln88 = write void @_ssdm_op_Write.ap_auto.floatP0A, i32 %l_tilde_10, i32 0" [./flashattentionsoftmax.h:88]   --->   Operation 344 'write' 'write_ln88' <Predicate = (icmp_ln85 & trunc_ln85 == 10)> <Delay = 0.00>
ST_1 : Operation 345 [1/1] (0.00ns)   --->   "%br_ln88 = br void %arrayidx667.exit" [./flashattentionsoftmax.h:88]   --->   Operation 345 'br' 'br_ln88' <Predicate = (icmp_ln85 & trunc_ln85 == 10)> <Delay = 0.00>
ST_1 : Operation 346 [1/1] (0.00ns)   --->   "%write_ln88 = write void @_ssdm_op_Write.ap_auto.floatP0A, i32 %l_tilde_9, i32 0" [./flashattentionsoftmax.h:88]   --->   Operation 346 'write' 'write_ln88' <Predicate = (icmp_ln85 & trunc_ln85 == 9)> <Delay = 0.00>
ST_1 : Operation 347 [1/1] (0.00ns)   --->   "%br_ln88 = br void %arrayidx667.exit" [./flashattentionsoftmax.h:88]   --->   Operation 347 'br' 'br_ln88' <Predicate = (icmp_ln85 & trunc_ln85 == 9)> <Delay = 0.00>
ST_1 : Operation 348 [1/1] (0.00ns)   --->   "%write_ln88 = write void @_ssdm_op_Write.ap_auto.floatP0A, i32 %l_tilde_8, i32 0" [./flashattentionsoftmax.h:88]   --->   Operation 348 'write' 'write_ln88' <Predicate = (icmp_ln85 & trunc_ln85 == 8)> <Delay = 0.00>
ST_1 : Operation 349 [1/1] (0.00ns)   --->   "%br_ln88 = br void %arrayidx667.exit" [./flashattentionsoftmax.h:88]   --->   Operation 349 'br' 'br_ln88' <Predicate = (icmp_ln85 & trunc_ln85 == 8)> <Delay = 0.00>
ST_1 : Operation 350 [1/1] (0.00ns)   --->   "%write_ln88 = write void @_ssdm_op_Write.ap_auto.floatP0A, i32 %l_tilde_7, i32 0" [./flashattentionsoftmax.h:88]   --->   Operation 350 'write' 'write_ln88' <Predicate = (icmp_ln85 & trunc_ln85 == 7)> <Delay = 0.00>
ST_1 : Operation 351 [1/1] (0.00ns)   --->   "%br_ln88 = br void %arrayidx667.exit" [./flashattentionsoftmax.h:88]   --->   Operation 351 'br' 'br_ln88' <Predicate = (icmp_ln85 & trunc_ln85 == 7)> <Delay = 0.00>
ST_1 : Operation 352 [1/1] (0.00ns)   --->   "%write_ln88 = write void @_ssdm_op_Write.ap_auto.floatP0A, i32 %l_tilde_6, i32 0" [./flashattentionsoftmax.h:88]   --->   Operation 352 'write' 'write_ln88' <Predicate = (icmp_ln85 & trunc_ln85 == 6)> <Delay = 0.00>
ST_1 : Operation 353 [1/1] (0.00ns)   --->   "%br_ln88 = br void %arrayidx667.exit" [./flashattentionsoftmax.h:88]   --->   Operation 353 'br' 'br_ln88' <Predicate = (icmp_ln85 & trunc_ln85 == 6)> <Delay = 0.00>
ST_1 : Operation 354 [1/1] (0.00ns)   --->   "%write_ln88 = write void @_ssdm_op_Write.ap_auto.floatP0A, i32 %l_tilde_5, i32 0" [./flashattentionsoftmax.h:88]   --->   Operation 354 'write' 'write_ln88' <Predicate = (icmp_ln85 & trunc_ln85 == 5)> <Delay = 0.00>
ST_1 : Operation 355 [1/1] (0.00ns)   --->   "%br_ln88 = br void %arrayidx667.exit" [./flashattentionsoftmax.h:88]   --->   Operation 355 'br' 'br_ln88' <Predicate = (icmp_ln85 & trunc_ln85 == 5)> <Delay = 0.00>
ST_1 : Operation 356 [1/1] (0.00ns)   --->   "%write_ln88 = write void @_ssdm_op_Write.ap_auto.floatP0A, i32 %l_tilde_4, i32 0" [./flashattentionsoftmax.h:88]   --->   Operation 356 'write' 'write_ln88' <Predicate = (icmp_ln85 & trunc_ln85 == 4)> <Delay = 0.00>
ST_1 : Operation 357 [1/1] (0.00ns)   --->   "%br_ln88 = br void %arrayidx667.exit" [./flashattentionsoftmax.h:88]   --->   Operation 357 'br' 'br_ln88' <Predicate = (icmp_ln85 & trunc_ln85 == 4)> <Delay = 0.00>
ST_1 : Operation 358 [1/1] (0.00ns)   --->   "%write_ln88 = write void @_ssdm_op_Write.ap_auto.floatP0A, i32 %l_tilde_3, i32 0" [./flashattentionsoftmax.h:88]   --->   Operation 358 'write' 'write_ln88' <Predicate = (icmp_ln85 & trunc_ln85 == 3)> <Delay = 0.00>
ST_1 : Operation 359 [1/1] (0.00ns)   --->   "%br_ln88 = br void %arrayidx667.exit" [./flashattentionsoftmax.h:88]   --->   Operation 359 'br' 'br_ln88' <Predicate = (icmp_ln85 & trunc_ln85 == 3)> <Delay = 0.00>
ST_1 : Operation 360 [1/1] (0.00ns)   --->   "%write_ln88 = write void @_ssdm_op_Write.ap_auto.floatP0A, i32 %l_tilde_2, i32 0" [./flashattentionsoftmax.h:88]   --->   Operation 360 'write' 'write_ln88' <Predicate = (icmp_ln85 & trunc_ln85 == 2)> <Delay = 0.00>
ST_1 : Operation 361 [1/1] (0.00ns)   --->   "%br_ln88 = br void %arrayidx667.exit" [./flashattentionsoftmax.h:88]   --->   Operation 361 'br' 'br_ln88' <Predicate = (icmp_ln85 & trunc_ln85 == 2)> <Delay = 0.00>
ST_1 : Operation 362 [1/1] (0.00ns)   --->   "%write_ln88 = write void @_ssdm_op_Write.ap_auto.floatP0A, i32 %l_tilde_1, i32 0" [./flashattentionsoftmax.h:88]   --->   Operation 362 'write' 'write_ln88' <Predicate = (icmp_ln85 & trunc_ln85 == 1)> <Delay = 0.00>
ST_1 : Operation 363 [1/1] (0.00ns)   --->   "%br_ln88 = br void %arrayidx667.exit" [./flashattentionsoftmax.h:88]   --->   Operation 363 'br' 'br_ln88' <Predicate = (icmp_ln85 & trunc_ln85 == 1)> <Delay = 0.00>
ST_1 : Operation 364 [1/1] (0.00ns)   --->   "%write_ln88 = write void @_ssdm_op_Write.ap_auto.floatP0A, i32 %l_tilde_63, i32 0" [./flashattentionsoftmax.h:88]   --->   Operation 364 'write' 'write_ln88' <Predicate = (icmp_ln85 & trunc_ln85 == 63)> <Delay = 0.00>
ST_1 : Operation 365 [1/1] (0.00ns)   --->   "%br_ln88 = br void %arrayidx667.exit" [./flashattentionsoftmax.h:88]   --->   Operation 365 'br' 'br_ln88' <Predicate = (icmp_ln85 & trunc_ln85 == 63)> <Delay = 0.00>
ST_1 : Operation 366 [1/1] (0.00ns)   --->   "%write_ln88 = write void @_ssdm_op_Write.ap_auto.floatP0A, i32 %l_tilde_0, i32 0" [./flashattentionsoftmax.h:88]   --->   Operation 366 'write' 'write_ln88' <Predicate = (icmp_ln85 & trunc_ln85 == 0)> <Delay = 0.00>
ST_1 : Operation 367 [1/1] (0.00ns)   --->   "%br_ln88 = br void %arrayidx667.exit" [./flashattentionsoftmax.h:88]   --->   Operation 367 'br' 'br_ln88' <Predicate = (icmp_ln85 & trunc_ln85 == 0)> <Delay = 0.00>
ST_1 : Operation 368 [1/1] (0.69ns) (share mux size 5)   --->   "%muxLogicRAMData_to_store_ln90 = muxlogic i16 0"   --->   Operation 368 'muxlogic' 'muxLogicRAMData_to_store_ln90' <Predicate = (icmp_ln85)> <Delay = 0.69>
ST_1 : Operation 369 [1/1] (0.69ns) (share mux size 5)   --->   "%muxLogicRAMAddr_to_store_ln90 = muxlogic i9 %P_tile_0_addr"   --->   Operation 369 'muxlogic' 'muxLogicRAMAddr_to_store_ln90' <Predicate = (icmp_ln85)> <Delay = 0.69>
ST_1 : Operation 370 [1/1] ( I:0.55ns O:0.55ns ) (share mux size 10)   --->   "%store_ln90 = store i16 0, i9 %P_tile_0_addr" [./flashattentionsoftmax.h:90]   --->   Operation 370 'store' 'store_ln90' <Predicate = (icmp_ln85)> <Delay = 0.55> <CoreInst = "RAM_2P_BRAM">   --->   Core 97 'RAM_2P_BRAM' <Latency = 1> <II = 1> <Delay = 0.86> <Storage> <Opcode : 'load' 'store'> <Ports = 2> <Width = 16> <Depth = 512> <RAM>
ST_1 : Operation 371 [1/1] (0.69ns) (share mux size 5)   --->   "%muxLogicRAMData_to_store_ln90 = muxlogic i16 0"   --->   Operation 371 'muxlogic' 'muxLogicRAMData_to_store_ln90' <Predicate = (icmp_ln85)> <Delay = 0.69>
ST_1 : Operation 372 [1/1] (0.69ns) (share mux size 5)   --->   "%muxLogicRAMAddr_to_store_ln90 = muxlogic i9 %P_tile_1_addr"   --->   Operation 372 'muxlogic' 'muxLogicRAMAddr_to_store_ln90' <Predicate = (icmp_ln85)> <Delay = 0.69>
ST_1 : Operation 373 [1/1] ( I:0.55ns O:0.55ns ) (share mux size 10)   --->   "%store_ln90 = store i16 0, i9 %P_tile_1_addr" [./flashattentionsoftmax.h:90]   --->   Operation 373 'store' 'store_ln90' <Predicate = (icmp_ln85)> <Delay = 0.55> <CoreInst = "RAM_2P_BRAM">   --->   Core 97 'RAM_2P_BRAM' <Latency = 1> <II = 1> <Delay = 0.86> <Storage> <Opcode : 'load' 'store'> <Ports = 2> <Width = 16> <Depth = 512> <RAM>
ST_1 : Operation 374 [1/1] (0.69ns) (share mux size 5)   --->   "%muxLogicRAMData_to_store_ln90 = muxlogic i16 0"   --->   Operation 374 'muxlogic' 'muxLogicRAMData_to_store_ln90' <Predicate = (icmp_ln85)> <Delay = 0.69>
ST_1 : Operation 375 [1/1] (0.69ns) (share mux size 5)   --->   "%muxLogicRAMAddr_to_store_ln90 = muxlogic i9 %P_tile_2_addr"   --->   Operation 375 'muxlogic' 'muxLogicRAMAddr_to_store_ln90' <Predicate = (icmp_ln85)> <Delay = 0.69>
ST_1 : Operation 376 [1/1] ( I:0.55ns O:0.55ns ) (share mux size 10)   --->   "%store_ln90 = store i16 0, i9 %P_tile_2_addr" [./flashattentionsoftmax.h:90]   --->   Operation 376 'store' 'store_ln90' <Predicate = (icmp_ln85)> <Delay = 0.55> <CoreInst = "RAM_2P_BRAM">   --->   Core 97 'RAM_2P_BRAM' <Latency = 1> <II = 1> <Delay = 0.86> <Storage> <Opcode : 'load' 'store'> <Ports = 2> <Width = 16> <Depth = 512> <RAM>
ST_1 : Operation 377 [1/1] (0.69ns) (share mux size 5)   --->   "%muxLogicRAMData_to_store_ln90 = muxlogic i16 0"   --->   Operation 377 'muxlogic' 'muxLogicRAMData_to_store_ln90' <Predicate = (icmp_ln85)> <Delay = 0.69>
ST_1 : Operation 378 [1/1] (0.69ns) (share mux size 5)   --->   "%muxLogicRAMAddr_to_store_ln90 = muxlogic i9 %P_tile_3_addr"   --->   Operation 378 'muxlogic' 'muxLogicRAMAddr_to_store_ln90' <Predicate = (icmp_ln85)> <Delay = 0.69>
ST_1 : Operation 379 [1/1] ( I:0.55ns O:0.55ns ) (share mux size 10)   --->   "%store_ln90 = store i16 0, i9 %P_tile_3_addr" [./flashattentionsoftmax.h:90]   --->   Operation 379 'store' 'store_ln90' <Predicate = (icmp_ln85)> <Delay = 0.55> <CoreInst = "RAM_2P_BRAM">   --->   Core 97 'RAM_2P_BRAM' <Latency = 1> <II = 1> <Delay = 0.86> <Storage> <Opcode : 'load' 'store'> <Ports = 2> <Width = 16> <Depth = 512> <RAM>
ST_1 : Operation 380 [1/1] (0.69ns) (share mux size 5)   --->   "%muxLogicRAMData_to_store_ln90 = muxlogic i16 0"   --->   Operation 380 'muxlogic' 'muxLogicRAMData_to_store_ln90' <Predicate = (icmp_ln85)> <Delay = 0.69>
ST_1 : Operation 381 [1/1] (0.69ns) (share mux size 5)   --->   "%muxLogicRAMAddr_to_store_ln90 = muxlogic i9 %P_tile_4_addr"   --->   Operation 381 'muxlogic' 'muxLogicRAMAddr_to_store_ln90' <Predicate = (icmp_ln85)> <Delay = 0.69>
ST_1 : Operation 382 [1/1] ( I:0.55ns O:0.55ns ) (share mux size 10)   --->   "%store_ln90 = store i16 0, i9 %P_tile_4_addr" [./flashattentionsoftmax.h:90]   --->   Operation 382 'store' 'store_ln90' <Predicate = (icmp_ln85)> <Delay = 0.55> <CoreInst = "RAM_2P_BRAM">   --->   Core 97 'RAM_2P_BRAM' <Latency = 1> <II = 1> <Delay = 0.86> <Storage> <Opcode : 'load' 'store'> <Ports = 2> <Width = 16> <Depth = 512> <RAM>
ST_1 : Operation 383 [1/1] (0.69ns) (share mux size 5)   --->   "%muxLogicRAMData_to_store_ln90 = muxlogic i16 0"   --->   Operation 383 'muxlogic' 'muxLogicRAMData_to_store_ln90' <Predicate = (icmp_ln85)> <Delay = 0.69>
ST_1 : Operation 384 [1/1] (0.69ns) (share mux size 5)   --->   "%muxLogicRAMAddr_to_store_ln90 = muxlogic i9 %P_tile_5_addr"   --->   Operation 384 'muxlogic' 'muxLogicRAMAddr_to_store_ln90' <Predicate = (icmp_ln85)> <Delay = 0.69>
ST_1 : Operation 385 [1/1] ( I:0.55ns O:0.55ns ) (share mux size 10)   --->   "%store_ln90 = store i16 0, i9 %P_tile_5_addr" [./flashattentionsoftmax.h:90]   --->   Operation 385 'store' 'store_ln90' <Predicate = (icmp_ln85)> <Delay = 0.55> <CoreInst = "RAM_2P_BRAM">   --->   Core 97 'RAM_2P_BRAM' <Latency = 1> <II = 1> <Delay = 0.86> <Storage> <Opcode : 'load' 'store'> <Ports = 2> <Width = 16> <Depth = 512> <RAM>
ST_1 : Operation 386 [1/1] (0.69ns) (share mux size 5)   --->   "%muxLogicRAMData_to_store_ln90 = muxlogic i16 0"   --->   Operation 386 'muxlogic' 'muxLogicRAMData_to_store_ln90' <Predicate = (icmp_ln85)> <Delay = 0.69>
ST_1 : Operation 387 [1/1] (0.69ns) (share mux size 5)   --->   "%muxLogicRAMAddr_to_store_ln90 = muxlogic i9 %P_tile_6_addr"   --->   Operation 387 'muxlogic' 'muxLogicRAMAddr_to_store_ln90' <Predicate = (icmp_ln85)> <Delay = 0.69>
ST_1 : Operation 388 [1/1] ( I:0.55ns O:0.55ns ) (share mux size 10)   --->   "%store_ln90 = store i16 0, i9 %P_tile_6_addr" [./flashattentionsoftmax.h:90]   --->   Operation 388 'store' 'store_ln90' <Predicate = (icmp_ln85)> <Delay = 0.55> <CoreInst = "RAM_2P_BRAM">   --->   Core 97 'RAM_2P_BRAM' <Latency = 1> <II = 1> <Delay = 0.86> <Storage> <Opcode : 'load' 'store'> <Ports = 2> <Width = 16> <Depth = 512> <RAM>
ST_1 : Operation 389 [1/1] (0.69ns) (share mux size 5)   --->   "%muxLogicRAMData_to_store_ln90 = muxlogic i16 0"   --->   Operation 389 'muxlogic' 'muxLogicRAMData_to_store_ln90' <Predicate = (icmp_ln85)> <Delay = 0.69>
ST_1 : Operation 390 [1/1] (0.69ns) (share mux size 5)   --->   "%muxLogicRAMAddr_to_store_ln90 = muxlogic i9 %P_tile_7_addr"   --->   Operation 390 'muxlogic' 'muxLogicRAMAddr_to_store_ln90' <Predicate = (icmp_ln85)> <Delay = 0.69>
ST_1 : Operation 391 [1/1] ( I:0.55ns O:0.55ns ) (share mux size 10)   --->   "%store_ln90 = store i16 0, i9 %P_tile_7_addr" [./flashattentionsoftmax.h:90]   --->   Operation 391 'store' 'store_ln90' <Predicate = (icmp_ln85)> <Delay = 0.55> <CoreInst = "RAM_2P_BRAM">   --->   Core 97 'RAM_2P_BRAM' <Latency = 1> <II = 1> <Delay = 0.86> <Storage> <Opcode : 'load' 'store'> <Ports = 2> <Width = 16> <Depth = 512> <RAM>
ST_1 : Operation 392 [1/1] (0.85ns)   --->   "%add_ln85 = add i32 %i_2, i32 1" [./flashattentionsoftmax.h:85]   --->   Operation 392 'add' 'add_ln85' <Predicate = (icmp_ln85)> <Delay = 0.85> <CoreInst = "Adder">   --->   Core 1 'Adder' <Latency = 0> <II = 1> <Delay = 0.85> <FuncUnit> <Opcode : 'add' 'sub'> <InPorts = 2> <OutPorts = 1>
ST_1 : Operation 393 [1/1] (0.42ns)   --->   "%store_ln85 = store i32 %add_ln85, i32 %i" [./flashattentionsoftmax.h:85]   --->   Operation 393 'store' 'store_ln85' <Predicate = (icmp_ln85)> <Delay = 0.42>
ST_1 : Operation 563 [1/1] (0.28ns)   --->   "%ret_ln0 = ret"   --->   Operation 563 'ret' 'ret_ln0' <Predicate = (!icmp_ln85)> <Delay = 0.28>

State 2 <SV = 1> <Delay = 1.25>
ST_2 : Operation 394 [1/1] (0.69ns) (share mux size 5)   --->   "%muxLogicRAMData_to_store_ln90 = muxlogic i16 0"   --->   Operation 394 'muxlogic' 'muxLogicRAMData_to_store_ln90' <Predicate = true> <Delay = 0.69>
ST_2 : Operation 395 [1/1] (0.69ns) (share mux size 5)   --->   "%muxLogicRAMAddr_to_store_ln90 = muxlogic i9 %P_tile_0_addr_1"   --->   Operation 395 'muxlogic' 'muxLogicRAMAddr_to_store_ln90' <Predicate = true> <Delay = 0.69>
ST_2 : Operation 396 [1/1] ( I:0.55ns O:0.55ns ) (share mux size 10)   --->   "%store_ln90 = store i16 0, i9 %P_tile_0_addr_1" [./flashattentionsoftmax.h:90]   --->   Operation 396 'store' 'store_ln90' <Predicate = true> <Delay = 0.55> <CoreInst = "RAM_2P_BRAM">   --->   Core 97 'RAM_2P_BRAM' <Latency = 1> <II = 1> <Delay = 0.86> <Storage> <Opcode : 'load' 'store'> <Ports = 2> <Width = 16> <Depth = 512> <RAM>
ST_2 : Operation 397 [1/1] (0.69ns) (share mux size 5)   --->   "%muxLogicRAMData_to_store_ln90 = muxlogic i16 0"   --->   Operation 397 'muxlogic' 'muxLogicRAMData_to_store_ln90' <Predicate = true> <Delay = 0.69>
ST_2 : Operation 398 [1/1] (0.69ns) (share mux size 5)   --->   "%muxLogicRAMAddr_to_store_ln90 = muxlogic i9 %P_tile_1_addr_1"   --->   Operation 398 'muxlogic' 'muxLogicRAMAddr_to_store_ln90' <Predicate = true> <Delay = 0.69>
ST_2 : Operation 399 [1/1] ( I:0.55ns O:0.55ns ) (share mux size 10)   --->   "%store_ln90 = store i16 0, i9 %P_tile_1_addr_1" [./flashattentionsoftmax.h:90]   --->   Operation 399 'store' 'store_ln90' <Predicate = true> <Delay = 0.55> <CoreInst = "RAM_2P_BRAM">   --->   Core 97 'RAM_2P_BRAM' <Latency = 1> <II = 1> <Delay = 0.86> <Storage> <Opcode : 'load' 'store'> <Ports = 2> <Width = 16> <Depth = 512> <RAM>
ST_2 : Operation 400 [1/1] (0.69ns) (share mux size 5)   --->   "%muxLogicRAMData_to_store_ln90 = muxlogic i16 0"   --->   Operation 400 'muxlogic' 'muxLogicRAMData_to_store_ln90' <Predicate = true> <Delay = 0.69>
ST_2 : Operation 401 [1/1] (0.69ns) (share mux size 5)   --->   "%muxLogicRAMAddr_to_store_ln90 = muxlogic i9 %P_tile_2_addr_1"   --->   Operation 401 'muxlogic' 'muxLogicRAMAddr_to_store_ln90' <Predicate = true> <Delay = 0.69>
ST_2 : Operation 402 [1/1] ( I:0.55ns O:0.55ns ) (share mux size 10)   --->   "%store_ln90 = store i16 0, i9 %P_tile_2_addr_1" [./flashattentionsoftmax.h:90]   --->   Operation 402 'store' 'store_ln90' <Predicate = true> <Delay = 0.55> <CoreInst = "RAM_2P_BRAM">   --->   Core 97 'RAM_2P_BRAM' <Latency = 1> <II = 1> <Delay = 0.86> <Storage> <Opcode : 'load' 'store'> <Ports = 2> <Width = 16> <Depth = 512> <RAM>
ST_2 : Operation 403 [1/1] (0.69ns) (share mux size 5)   --->   "%muxLogicRAMData_to_store_ln90 = muxlogic i16 0"   --->   Operation 403 'muxlogic' 'muxLogicRAMData_to_store_ln90' <Predicate = true> <Delay = 0.69>
ST_2 : Operation 404 [1/1] (0.69ns) (share mux size 5)   --->   "%muxLogicRAMAddr_to_store_ln90 = muxlogic i9 %P_tile_3_addr_1"   --->   Operation 404 'muxlogic' 'muxLogicRAMAddr_to_store_ln90' <Predicate = true> <Delay = 0.69>
ST_2 : Operation 405 [1/1] ( I:0.55ns O:0.55ns ) (share mux size 10)   --->   "%store_ln90 = store i16 0, i9 %P_tile_3_addr_1" [./flashattentionsoftmax.h:90]   --->   Operation 405 'store' 'store_ln90' <Predicate = true> <Delay = 0.55> <CoreInst = "RAM_2P_BRAM">   --->   Core 97 'RAM_2P_BRAM' <Latency = 1> <II = 1> <Delay = 0.86> <Storage> <Opcode : 'load' 'store'> <Ports = 2> <Width = 16> <Depth = 512> <RAM>
ST_2 : Operation 406 [1/1] (0.69ns) (share mux size 5)   --->   "%muxLogicRAMData_to_store_ln90 = muxlogic i16 0"   --->   Operation 406 'muxlogic' 'muxLogicRAMData_to_store_ln90' <Predicate = true> <Delay = 0.69>
ST_2 : Operation 407 [1/1] (0.69ns) (share mux size 5)   --->   "%muxLogicRAMAddr_to_store_ln90 = muxlogic i9 %P_tile_4_addr_1"   --->   Operation 407 'muxlogic' 'muxLogicRAMAddr_to_store_ln90' <Predicate = true> <Delay = 0.69>
ST_2 : Operation 408 [1/1] ( I:0.55ns O:0.55ns ) (share mux size 10)   --->   "%store_ln90 = store i16 0, i9 %P_tile_4_addr_1" [./flashattentionsoftmax.h:90]   --->   Operation 408 'store' 'store_ln90' <Predicate = true> <Delay = 0.55> <CoreInst = "RAM_2P_BRAM">   --->   Core 97 'RAM_2P_BRAM' <Latency = 1> <II = 1> <Delay = 0.86> <Storage> <Opcode : 'load' 'store'> <Ports = 2> <Width = 16> <Depth = 512> <RAM>
ST_2 : Operation 409 [1/1] (0.69ns) (share mux size 5)   --->   "%muxLogicRAMData_to_store_ln90 = muxlogic i16 0"   --->   Operation 409 'muxlogic' 'muxLogicRAMData_to_store_ln90' <Predicate = true> <Delay = 0.69>
ST_2 : Operation 410 [1/1] (0.69ns) (share mux size 5)   --->   "%muxLogicRAMAddr_to_store_ln90 = muxlogic i9 %P_tile_5_addr_1"   --->   Operation 410 'muxlogic' 'muxLogicRAMAddr_to_store_ln90' <Predicate = true> <Delay = 0.69>
ST_2 : Operation 411 [1/1] ( I:0.55ns O:0.55ns ) (share mux size 10)   --->   "%store_ln90 = store i16 0, i9 %P_tile_5_addr_1" [./flashattentionsoftmax.h:90]   --->   Operation 411 'store' 'store_ln90' <Predicate = true> <Delay = 0.55> <CoreInst = "RAM_2P_BRAM">   --->   Core 97 'RAM_2P_BRAM' <Latency = 1> <II = 1> <Delay = 0.86> <Storage> <Opcode : 'load' 'store'> <Ports = 2> <Width = 16> <Depth = 512> <RAM>
ST_2 : Operation 412 [1/1] (0.69ns) (share mux size 5)   --->   "%muxLogicRAMData_to_store_ln90 = muxlogic i16 0"   --->   Operation 412 'muxlogic' 'muxLogicRAMData_to_store_ln90' <Predicate = true> <Delay = 0.69>
ST_2 : Operation 413 [1/1] (0.69ns) (share mux size 5)   --->   "%muxLogicRAMAddr_to_store_ln90 = muxlogic i9 %P_tile_6_addr_1"   --->   Operation 413 'muxlogic' 'muxLogicRAMAddr_to_store_ln90' <Predicate = true> <Delay = 0.69>
ST_2 : Operation 414 [1/1] ( I:0.55ns O:0.55ns ) (share mux size 10)   --->   "%store_ln90 = store i16 0, i9 %P_tile_6_addr_1" [./flashattentionsoftmax.h:90]   --->   Operation 414 'store' 'store_ln90' <Predicate = true> <Delay = 0.55> <CoreInst = "RAM_2P_BRAM">   --->   Core 97 'RAM_2P_BRAM' <Latency = 1> <II = 1> <Delay = 0.86> <Storage> <Opcode : 'load' 'store'> <Ports = 2> <Width = 16> <Depth = 512> <RAM>
ST_2 : Operation 415 [1/1] (0.69ns) (share mux size 5)   --->   "%muxLogicRAMData_to_store_ln90 = muxlogic i16 0"   --->   Operation 415 'muxlogic' 'muxLogicRAMData_to_store_ln90' <Predicate = true> <Delay = 0.69>
ST_2 : Operation 416 [1/1] (0.69ns) (share mux size 5)   --->   "%muxLogicRAMAddr_to_store_ln90 = muxlogic i9 %P_tile_7_addr_1"   --->   Operation 416 'muxlogic' 'muxLogicRAMAddr_to_store_ln90' <Predicate = true> <Delay = 0.69>
ST_2 : Operation 417 [1/1] ( I:0.55ns O:0.55ns ) (share mux size 10)   --->   "%store_ln90 = store i16 0, i9 %P_tile_7_addr_1" [./flashattentionsoftmax.h:90]   --->   Operation 417 'store' 'store_ln90' <Predicate = true> <Delay = 0.55> <CoreInst = "RAM_2P_BRAM">   --->   Core 97 'RAM_2P_BRAM' <Latency = 1> <II = 1> <Delay = 0.86> <Storage> <Opcode : 'load' 'store'> <Ports = 2> <Width = 16> <Depth = 512> <RAM>

State 3 <SV = 2> <Delay = 1.25>
ST_3 : Operation 418 [1/1] (0.69ns) (share mux size 5)   --->   "%muxLogicRAMData_to_store_ln90 = muxlogic i16 0"   --->   Operation 418 'muxlogic' 'muxLogicRAMData_to_store_ln90' <Predicate = true> <Delay = 0.69>
ST_3 : Operation 419 [1/1] (0.69ns) (share mux size 5)   --->   "%muxLogicRAMAddr_to_store_ln90 = muxlogic i9 %P_tile_0_addr_2"   --->   Operation 419 'muxlogic' 'muxLogicRAMAddr_to_store_ln90' <Predicate = true> <Delay = 0.69>
ST_3 : Operation 420 [1/1] ( I:0.55ns O:0.55ns ) (share mux size 10)   --->   "%store_ln90 = store i16 0, i9 %P_tile_0_addr_2" [./flashattentionsoftmax.h:90]   --->   Operation 420 'store' 'store_ln90' <Predicate = true> <Delay = 0.55> <CoreInst = "RAM_2P_BRAM">   --->   Core 97 'RAM_2P_BRAM' <Latency = 1> <II = 1> <Delay = 0.86> <Storage> <Opcode : 'load' 'store'> <Ports = 2> <Width = 16> <Depth = 512> <RAM>
ST_3 : Operation 421 [1/1] (0.69ns) (share mux size 5)   --->   "%muxLogicRAMData_to_store_ln90 = muxlogic i16 0"   --->   Operation 421 'muxlogic' 'muxLogicRAMData_to_store_ln90' <Predicate = true> <Delay = 0.69>
ST_3 : Operation 422 [1/1] (0.69ns) (share mux size 5)   --->   "%muxLogicRAMAddr_to_store_ln90 = muxlogic i9 %P_tile_1_addr_2"   --->   Operation 422 'muxlogic' 'muxLogicRAMAddr_to_store_ln90' <Predicate = true> <Delay = 0.69>
ST_3 : Operation 423 [1/1] ( I:0.55ns O:0.55ns ) (share mux size 10)   --->   "%store_ln90 = store i16 0, i9 %P_tile_1_addr_2" [./flashattentionsoftmax.h:90]   --->   Operation 423 'store' 'store_ln90' <Predicate = true> <Delay = 0.55> <CoreInst = "RAM_2P_BRAM">   --->   Core 97 'RAM_2P_BRAM' <Latency = 1> <II = 1> <Delay = 0.86> <Storage> <Opcode : 'load' 'store'> <Ports = 2> <Width = 16> <Depth = 512> <RAM>
ST_3 : Operation 424 [1/1] (0.69ns) (share mux size 5)   --->   "%muxLogicRAMData_to_store_ln90 = muxlogic i16 0"   --->   Operation 424 'muxlogic' 'muxLogicRAMData_to_store_ln90' <Predicate = true> <Delay = 0.69>
ST_3 : Operation 425 [1/1] (0.69ns) (share mux size 5)   --->   "%muxLogicRAMAddr_to_store_ln90 = muxlogic i9 %P_tile_2_addr_2"   --->   Operation 425 'muxlogic' 'muxLogicRAMAddr_to_store_ln90' <Predicate = true> <Delay = 0.69>
ST_3 : Operation 426 [1/1] ( I:0.55ns O:0.55ns ) (share mux size 10)   --->   "%store_ln90 = store i16 0, i9 %P_tile_2_addr_2" [./flashattentionsoftmax.h:90]   --->   Operation 426 'store' 'store_ln90' <Predicate = true> <Delay = 0.55> <CoreInst = "RAM_2P_BRAM">   --->   Core 97 'RAM_2P_BRAM' <Latency = 1> <II = 1> <Delay = 0.86> <Storage> <Opcode : 'load' 'store'> <Ports = 2> <Width = 16> <Depth = 512> <RAM>
ST_3 : Operation 427 [1/1] (0.69ns) (share mux size 5)   --->   "%muxLogicRAMData_to_store_ln90 = muxlogic i16 0"   --->   Operation 427 'muxlogic' 'muxLogicRAMData_to_store_ln90' <Predicate = true> <Delay = 0.69>
ST_3 : Operation 428 [1/1] (0.69ns) (share mux size 5)   --->   "%muxLogicRAMAddr_to_store_ln90 = muxlogic i9 %P_tile_3_addr_2"   --->   Operation 428 'muxlogic' 'muxLogicRAMAddr_to_store_ln90' <Predicate = true> <Delay = 0.69>
ST_3 : Operation 429 [1/1] ( I:0.55ns O:0.55ns ) (share mux size 10)   --->   "%store_ln90 = store i16 0, i9 %P_tile_3_addr_2" [./flashattentionsoftmax.h:90]   --->   Operation 429 'store' 'store_ln90' <Predicate = true> <Delay = 0.55> <CoreInst = "RAM_2P_BRAM">   --->   Core 97 'RAM_2P_BRAM' <Latency = 1> <II = 1> <Delay = 0.86> <Storage> <Opcode : 'load' 'store'> <Ports = 2> <Width = 16> <Depth = 512> <RAM>
ST_3 : Operation 430 [1/1] (0.69ns) (share mux size 5)   --->   "%muxLogicRAMData_to_store_ln90 = muxlogic i16 0"   --->   Operation 430 'muxlogic' 'muxLogicRAMData_to_store_ln90' <Predicate = true> <Delay = 0.69>
ST_3 : Operation 431 [1/1] (0.69ns) (share mux size 5)   --->   "%muxLogicRAMAddr_to_store_ln90 = muxlogic i9 %P_tile_4_addr_2"   --->   Operation 431 'muxlogic' 'muxLogicRAMAddr_to_store_ln90' <Predicate = true> <Delay = 0.69>
ST_3 : Operation 432 [1/1] ( I:0.55ns O:0.55ns ) (share mux size 10)   --->   "%store_ln90 = store i16 0, i9 %P_tile_4_addr_2" [./flashattentionsoftmax.h:90]   --->   Operation 432 'store' 'store_ln90' <Predicate = true> <Delay = 0.55> <CoreInst = "RAM_2P_BRAM">   --->   Core 97 'RAM_2P_BRAM' <Latency = 1> <II = 1> <Delay = 0.86> <Storage> <Opcode : 'load' 'store'> <Ports = 2> <Width = 16> <Depth = 512> <RAM>
ST_3 : Operation 433 [1/1] (0.69ns) (share mux size 5)   --->   "%muxLogicRAMData_to_store_ln90 = muxlogic i16 0"   --->   Operation 433 'muxlogic' 'muxLogicRAMData_to_store_ln90' <Predicate = true> <Delay = 0.69>
ST_3 : Operation 434 [1/1] (0.69ns) (share mux size 5)   --->   "%muxLogicRAMAddr_to_store_ln90 = muxlogic i9 %P_tile_5_addr_2"   --->   Operation 434 'muxlogic' 'muxLogicRAMAddr_to_store_ln90' <Predicate = true> <Delay = 0.69>
ST_3 : Operation 435 [1/1] ( I:0.55ns O:0.55ns ) (share mux size 10)   --->   "%store_ln90 = store i16 0, i9 %P_tile_5_addr_2" [./flashattentionsoftmax.h:90]   --->   Operation 435 'store' 'store_ln90' <Predicate = true> <Delay = 0.55> <CoreInst = "RAM_2P_BRAM">   --->   Core 97 'RAM_2P_BRAM' <Latency = 1> <II = 1> <Delay = 0.86> <Storage> <Opcode : 'load' 'store'> <Ports = 2> <Width = 16> <Depth = 512> <RAM>
ST_3 : Operation 436 [1/1] (0.69ns) (share mux size 5)   --->   "%muxLogicRAMData_to_store_ln90 = muxlogic i16 0"   --->   Operation 436 'muxlogic' 'muxLogicRAMData_to_store_ln90' <Predicate = true> <Delay = 0.69>
ST_3 : Operation 437 [1/1] (0.69ns) (share mux size 5)   --->   "%muxLogicRAMAddr_to_store_ln90 = muxlogic i9 %P_tile_6_addr_2"   --->   Operation 437 'muxlogic' 'muxLogicRAMAddr_to_store_ln90' <Predicate = true> <Delay = 0.69>
ST_3 : Operation 438 [1/1] ( I:0.55ns O:0.55ns ) (share mux size 10)   --->   "%store_ln90 = store i16 0, i9 %P_tile_6_addr_2" [./flashattentionsoftmax.h:90]   --->   Operation 438 'store' 'store_ln90' <Predicate = true> <Delay = 0.55> <CoreInst = "RAM_2P_BRAM">   --->   Core 97 'RAM_2P_BRAM' <Latency = 1> <II = 1> <Delay = 0.86> <Storage> <Opcode : 'load' 'store'> <Ports = 2> <Width = 16> <Depth = 512> <RAM>
ST_3 : Operation 439 [1/1] (0.69ns) (share mux size 5)   --->   "%muxLogicRAMData_to_store_ln90 = muxlogic i16 0"   --->   Operation 439 'muxlogic' 'muxLogicRAMData_to_store_ln90' <Predicate = true> <Delay = 0.69>
ST_3 : Operation 440 [1/1] (0.69ns) (share mux size 5)   --->   "%muxLogicRAMAddr_to_store_ln90 = muxlogic i9 %P_tile_7_addr_2"   --->   Operation 440 'muxlogic' 'muxLogicRAMAddr_to_store_ln90' <Predicate = true> <Delay = 0.69>
ST_3 : Operation 441 [1/1] ( I:0.55ns O:0.55ns ) (share mux size 10)   --->   "%store_ln90 = store i16 0, i9 %P_tile_7_addr_2" [./flashattentionsoftmax.h:90]   --->   Operation 441 'store' 'store_ln90' <Predicate = true> <Delay = 0.55> <CoreInst = "RAM_2P_BRAM">   --->   Core 97 'RAM_2P_BRAM' <Latency = 1> <II = 1> <Delay = 0.86> <Storage> <Opcode : 'load' 'store'> <Ports = 2> <Width = 16> <Depth = 512> <RAM>

State 4 <SV = 3> <Delay = 1.25>
ST_4 : Operation 442 [1/1] (0.69ns) (share mux size 5)   --->   "%muxLogicRAMData_to_store_ln90 = muxlogic i16 0"   --->   Operation 442 'muxlogic' 'muxLogicRAMData_to_store_ln90' <Predicate = true> <Delay = 0.69>
ST_4 : Operation 443 [1/1] (0.69ns) (share mux size 5)   --->   "%muxLogicRAMAddr_to_store_ln90 = muxlogic i9 %P_tile_0_addr_3"   --->   Operation 443 'muxlogic' 'muxLogicRAMAddr_to_store_ln90' <Predicate = true> <Delay = 0.69>
ST_4 : Operation 444 [1/1] ( I:0.55ns O:0.55ns ) (share mux size 10)   --->   "%store_ln90 = store i16 0, i9 %P_tile_0_addr_3" [./flashattentionsoftmax.h:90]   --->   Operation 444 'store' 'store_ln90' <Predicate = true> <Delay = 0.55> <CoreInst = "RAM_2P_BRAM">   --->   Core 97 'RAM_2P_BRAM' <Latency = 1> <II = 1> <Delay = 0.86> <Storage> <Opcode : 'load' 'store'> <Ports = 2> <Width = 16> <Depth = 512> <RAM>
ST_4 : Operation 445 [1/1] (0.69ns) (share mux size 5)   --->   "%muxLogicRAMData_to_store_ln90 = muxlogic i16 0"   --->   Operation 445 'muxlogic' 'muxLogicRAMData_to_store_ln90' <Predicate = true> <Delay = 0.69>
ST_4 : Operation 446 [1/1] (0.69ns) (share mux size 5)   --->   "%muxLogicRAMAddr_to_store_ln90 = muxlogic i9 %P_tile_1_addr_3"   --->   Operation 446 'muxlogic' 'muxLogicRAMAddr_to_store_ln90' <Predicate = true> <Delay = 0.69>
ST_4 : Operation 447 [1/1] ( I:0.55ns O:0.55ns ) (share mux size 10)   --->   "%store_ln90 = store i16 0, i9 %P_tile_1_addr_3" [./flashattentionsoftmax.h:90]   --->   Operation 447 'store' 'store_ln90' <Predicate = true> <Delay = 0.55> <CoreInst = "RAM_2P_BRAM">   --->   Core 97 'RAM_2P_BRAM' <Latency = 1> <II = 1> <Delay = 0.86> <Storage> <Opcode : 'load' 'store'> <Ports = 2> <Width = 16> <Depth = 512> <RAM>
ST_4 : Operation 448 [1/1] (0.69ns) (share mux size 5)   --->   "%muxLogicRAMData_to_store_ln90 = muxlogic i16 0"   --->   Operation 448 'muxlogic' 'muxLogicRAMData_to_store_ln90' <Predicate = true> <Delay = 0.69>
ST_4 : Operation 449 [1/1] (0.69ns) (share mux size 5)   --->   "%muxLogicRAMAddr_to_store_ln90 = muxlogic i9 %P_tile_2_addr_3"   --->   Operation 449 'muxlogic' 'muxLogicRAMAddr_to_store_ln90' <Predicate = true> <Delay = 0.69>
ST_4 : Operation 450 [1/1] ( I:0.55ns O:0.55ns ) (share mux size 10)   --->   "%store_ln90 = store i16 0, i9 %P_tile_2_addr_3" [./flashattentionsoftmax.h:90]   --->   Operation 450 'store' 'store_ln90' <Predicate = true> <Delay = 0.55> <CoreInst = "RAM_2P_BRAM">   --->   Core 97 'RAM_2P_BRAM' <Latency = 1> <II = 1> <Delay = 0.86> <Storage> <Opcode : 'load' 'store'> <Ports = 2> <Width = 16> <Depth = 512> <RAM>
ST_4 : Operation 451 [1/1] (0.69ns) (share mux size 5)   --->   "%muxLogicRAMData_to_store_ln90 = muxlogic i16 0"   --->   Operation 451 'muxlogic' 'muxLogicRAMData_to_store_ln90' <Predicate = true> <Delay = 0.69>
ST_4 : Operation 452 [1/1] (0.69ns) (share mux size 5)   --->   "%muxLogicRAMAddr_to_store_ln90 = muxlogic i9 %P_tile_3_addr_3"   --->   Operation 452 'muxlogic' 'muxLogicRAMAddr_to_store_ln90' <Predicate = true> <Delay = 0.69>
ST_4 : Operation 453 [1/1] ( I:0.55ns O:0.55ns ) (share mux size 10)   --->   "%store_ln90 = store i16 0, i9 %P_tile_3_addr_3" [./flashattentionsoftmax.h:90]   --->   Operation 453 'store' 'store_ln90' <Predicate = true> <Delay = 0.55> <CoreInst = "RAM_2P_BRAM">   --->   Core 97 'RAM_2P_BRAM' <Latency = 1> <II = 1> <Delay = 0.86> <Storage> <Opcode : 'load' 'store'> <Ports = 2> <Width = 16> <Depth = 512> <RAM>
ST_4 : Operation 454 [1/1] (0.69ns) (share mux size 5)   --->   "%muxLogicRAMData_to_store_ln90 = muxlogic i16 0"   --->   Operation 454 'muxlogic' 'muxLogicRAMData_to_store_ln90' <Predicate = true> <Delay = 0.69>
ST_4 : Operation 455 [1/1] (0.69ns) (share mux size 5)   --->   "%muxLogicRAMAddr_to_store_ln90 = muxlogic i9 %P_tile_4_addr_3"   --->   Operation 455 'muxlogic' 'muxLogicRAMAddr_to_store_ln90' <Predicate = true> <Delay = 0.69>
ST_4 : Operation 456 [1/1] ( I:0.55ns O:0.55ns ) (share mux size 10)   --->   "%store_ln90 = store i16 0, i9 %P_tile_4_addr_3" [./flashattentionsoftmax.h:90]   --->   Operation 456 'store' 'store_ln90' <Predicate = true> <Delay = 0.55> <CoreInst = "RAM_2P_BRAM">   --->   Core 97 'RAM_2P_BRAM' <Latency = 1> <II = 1> <Delay = 0.86> <Storage> <Opcode : 'load' 'store'> <Ports = 2> <Width = 16> <Depth = 512> <RAM>
ST_4 : Operation 457 [1/1] (0.69ns) (share mux size 5)   --->   "%muxLogicRAMData_to_store_ln90 = muxlogic i16 0"   --->   Operation 457 'muxlogic' 'muxLogicRAMData_to_store_ln90' <Predicate = true> <Delay = 0.69>
ST_4 : Operation 458 [1/1] (0.69ns) (share mux size 5)   --->   "%muxLogicRAMAddr_to_store_ln90 = muxlogic i9 %P_tile_5_addr_3"   --->   Operation 458 'muxlogic' 'muxLogicRAMAddr_to_store_ln90' <Predicate = true> <Delay = 0.69>
ST_4 : Operation 459 [1/1] ( I:0.55ns O:0.55ns ) (share mux size 10)   --->   "%store_ln90 = store i16 0, i9 %P_tile_5_addr_3" [./flashattentionsoftmax.h:90]   --->   Operation 459 'store' 'store_ln90' <Predicate = true> <Delay = 0.55> <CoreInst = "RAM_2P_BRAM">   --->   Core 97 'RAM_2P_BRAM' <Latency = 1> <II = 1> <Delay = 0.86> <Storage> <Opcode : 'load' 'store'> <Ports = 2> <Width = 16> <Depth = 512> <RAM>
ST_4 : Operation 460 [1/1] (0.69ns) (share mux size 5)   --->   "%muxLogicRAMData_to_store_ln90 = muxlogic i16 0"   --->   Operation 460 'muxlogic' 'muxLogicRAMData_to_store_ln90' <Predicate = true> <Delay = 0.69>
ST_4 : Operation 461 [1/1] (0.69ns) (share mux size 5)   --->   "%muxLogicRAMAddr_to_store_ln90 = muxlogic i9 %P_tile_6_addr_3"   --->   Operation 461 'muxlogic' 'muxLogicRAMAddr_to_store_ln90' <Predicate = true> <Delay = 0.69>
ST_4 : Operation 462 [1/1] ( I:0.55ns O:0.55ns ) (share mux size 10)   --->   "%store_ln90 = store i16 0, i9 %P_tile_6_addr_3" [./flashattentionsoftmax.h:90]   --->   Operation 462 'store' 'store_ln90' <Predicate = true> <Delay = 0.55> <CoreInst = "RAM_2P_BRAM">   --->   Core 97 'RAM_2P_BRAM' <Latency = 1> <II = 1> <Delay = 0.86> <Storage> <Opcode : 'load' 'store'> <Ports = 2> <Width = 16> <Depth = 512> <RAM>
ST_4 : Operation 463 [1/1] (0.69ns) (share mux size 5)   --->   "%muxLogicRAMData_to_store_ln90 = muxlogic i16 0"   --->   Operation 463 'muxlogic' 'muxLogicRAMData_to_store_ln90' <Predicate = true> <Delay = 0.69>
ST_4 : Operation 464 [1/1] (0.69ns) (share mux size 5)   --->   "%muxLogicRAMAddr_to_store_ln90 = muxlogic i9 %P_tile_7_addr_3"   --->   Operation 464 'muxlogic' 'muxLogicRAMAddr_to_store_ln90' <Predicate = true> <Delay = 0.69>
ST_4 : Operation 465 [1/1] ( I:0.55ns O:0.55ns ) (share mux size 10)   --->   "%store_ln90 = store i16 0, i9 %P_tile_7_addr_3" [./flashattentionsoftmax.h:90]   --->   Operation 465 'store' 'store_ln90' <Predicate = true> <Delay = 0.55> <CoreInst = "RAM_2P_BRAM">   --->   Core 97 'RAM_2P_BRAM' <Latency = 1> <II = 1> <Delay = 0.86> <Storage> <Opcode : 'load' 'store'> <Ports = 2> <Width = 16> <Depth = 512> <RAM>

State 5 <SV = 4> <Delay = 1.25>
ST_5 : Operation 466 [1/1] (0.69ns) (share mux size 5)   --->   "%muxLogicRAMData_to_store_ln90 = muxlogic i16 0"   --->   Operation 466 'muxlogic' 'muxLogicRAMData_to_store_ln90' <Predicate = true> <Delay = 0.69>
ST_5 : Operation 467 [1/1] (0.69ns) (share mux size 5)   --->   "%muxLogicRAMAddr_to_store_ln90 = muxlogic i9 %P_tile_0_addr_4"   --->   Operation 467 'muxlogic' 'muxLogicRAMAddr_to_store_ln90' <Predicate = true> <Delay = 0.69>
ST_5 : Operation 468 [1/1] ( I:0.55ns O:0.55ns ) (share mux size 10)   --->   "%store_ln90 = store i16 0, i9 %P_tile_0_addr_4" [./flashattentionsoftmax.h:90]   --->   Operation 468 'store' 'store_ln90' <Predicate = true> <Delay = 0.55> <CoreInst = "RAM_2P_BRAM">   --->   Core 97 'RAM_2P_BRAM' <Latency = 1> <II = 1> <Delay = 0.86> <Storage> <Opcode : 'load' 'store'> <Ports = 2> <Width = 16> <Depth = 512> <RAM>
ST_5 : Operation 469 [1/1] (0.69ns) (share mux size 5)   --->   "%muxLogicRAMData_to_store_ln90 = muxlogic i16 0"   --->   Operation 469 'muxlogic' 'muxLogicRAMData_to_store_ln90' <Predicate = true> <Delay = 0.69>
ST_5 : Operation 470 [1/1] (0.69ns) (share mux size 5)   --->   "%muxLogicRAMAddr_to_store_ln90 = muxlogic i9 %P_tile_1_addr_4"   --->   Operation 470 'muxlogic' 'muxLogicRAMAddr_to_store_ln90' <Predicate = true> <Delay = 0.69>
ST_5 : Operation 471 [1/1] ( I:0.55ns O:0.55ns ) (share mux size 10)   --->   "%store_ln90 = store i16 0, i9 %P_tile_1_addr_4" [./flashattentionsoftmax.h:90]   --->   Operation 471 'store' 'store_ln90' <Predicate = true> <Delay = 0.55> <CoreInst = "RAM_2P_BRAM">   --->   Core 97 'RAM_2P_BRAM' <Latency = 1> <II = 1> <Delay = 0.86> <Storage> <Opcode : 'load' 'store'> <Ports = 2> <Width = 16> <Depth = 512> <RAM>
ST_5 : Operation 472 [1/1] (0.69ns) (share mux size 5)   --->   "%muxLogicRAMData_to_store_ln90 = muxlogic i16 0"   --->   Operation 472 'muxlogic' 'muxLogicRAMData_to_store_ln90' <Predicate = true> <Delay = 0.69>
ST_5 : Operation 473 [1/1] (0.69ns) (share mux size 5)   --->   "%muxLogicRAMAddr_to_store_ln90 = muxlogic i9 %P_tile_2_addr_4"   --->   Operation 473 'muxlogic' 'muxLogicRAMAddr_to_store_ln90' <Predicate = true> <Delay = 0.69>
ST_5 : Operation 474 [1/1] ( I:0.55ns O:0.55ns ) (share mux size 10)   --->   "%store_ln90 = store i16 0, i9 %P_tile_2_addr_4" [./flashattentionsoftmax.h:90]   --->   Operation 474 'store' 'store_ln90' <Predicate = true> <Delay = 0.55> <CoreInst = "RAM_2P_BRAM">   --->   Core 97 'RAM_2P_BRAM' <Latency = 1> <II = 1> <Delay = 0.86> <Storage> <Opcode : 'load' 'store'> <Ports = 2> <Width = 16> <Depth = 512> <RAM>
ST_5 : Operation 475 [1/1] (0.69ns) (share mux size 5)   --->   "%muxLogicRAMData_to_store_ln90 = muxlogic i16 0"   --->   Operation 475 'muxlogic' 'muxLogicRAMData_to_store_ln90' <Predicate = true> <Delay = 0.69>
ST_5 : Operation 476 [1/1] (0.69ns) (share mux size 5)   --->   "%muxLogicRAMAddr_to_store_ln90 = muxlogic i9 %P_tile_3_addr_4"   --->   Operation 476 'muxlogic' 'muxLogicRAMAddr_to_store_ln90' <Predicate = true> <Delay = 0.69>
ST_5 : Operation 477 [1/1] ( I:0.55ns O:0.55ns ) (share mux size 10)   --->   "%store_ln90 = store i16 0, i9 %P_tile_3_addr_4" [./flashattentionsoftmax.h:90]   --->   Operation 477 'store' 'store_ln90' <Predicate = true> <Delay = 0.55> <CoreInst = "RAM_2P_BRAM">   --->   Core 97 'RAM_2P_BRAM' <Latency = 1> <II = 1> <Delay = 0.86> <Storage> <Opcode : 'load' 'store'> <Ports = 2> <Width = 16> <Depth = 512> <RAM>
ST_5 : Operation 478 [1/1] (0.69ns) (share mux size 5)   --->   "%muxLogicRAMData_to_store_ln90 = muxlogic i16 0"   --->   Operation 478 'muxlogic' 'muxLogicRAMData_to_store_ln90' <Predicate = true> <Delay = 0.69>
ST_5 : Operation 479 [1/1] (0.69ns) (share mux size 5)   --->   "%muxLogicRAMAddr_to_store_ln90 = muxlogic i9 %P_tile_4_addr_4"   --->   Operation 479 'muxlogic' 'muxLogicRAMAddr_to_store_ln90' <Predicate = true> <Delay = 0.69>
ST_5 : Operation 480 [1/1] ( I:0.55ns O:0.55ns ) (share mux size 10)   --->   "%store_ln90 = store i16 0, i9 %P_tile_4_addr_4" [./flashattentionsoftmax.h:90]   --->   Operation 480 'store' 'store_ln90' <Predicate = true> <Delay = 0.55> <CoreInst = "RAM_2P_BRAM">   --->   Core 97 'RAM_2P_BRAM' <Latency = 1> <II = 1> <Delay = 0.86> <Storage> <Opcode : 'load' 'store'> <Ports = 2> <Width = 16> <Depth = 512> <RAM>
ST_5 : Operation 481 [1/1] (0.69ns) (share mux size 5)   --->   "%muxLogicRAMData_to_store_ln90 = muxlogic i16 0"   --->   Operation 481 'muxlogic' 'muxLogicRAMData_to_store_ln90' <Predicate = true> <Delay = 0.69>
ST_5 : Operation 482 [1/1] (0.69ns) (share mux size 5)   --->   "%muxLogicRAMAddr_to_store_ln90 = muxlogic i9 %P_tile_5_addr_4"   --->   Operation 482 'muxlogic' 'muxLogicRAMAddr_to_store_ln90' <Predicate = true> <Delay = 0.69>
ST_5 : Operation 483 [1/1] ( I:0.55ns O:0.55ns ) (share mux size 10)   --->   "%store_ln90 = store i16 0, i9 %P_tile_5_addr_4" [./flashattentionsoftmax.h:90]   --->   Operation 483 'store' 'store_ln90' <Predicate = true> <Delay = 0.55> <CoreInst = "RAM_2P_BRAM">   --->   Core 97 'RAM_2P_BRAM' <Latency = 1> <II = 1> <Delay = 0.86> <Storage> <Opcode : 'load' 'store'> <Ports = 2> <Width = 16> <Depth = 512> <RAM>
ST_5 : Operation 484 [1/1] (0.69ns) (share mux size 5)   --->   "%muxLogicRAMData_to_store_ln90 = muxlogic i16 0"   --->   Operation 484 'muxlogic' 'muxLogicRAMData_to_store_ln90' <Predicate = true> <Delay = 0.69>
ST_5 : Operation 485 [1/1] (0.69ns) (share mux size 5)   --->   "%muxLogicRAMAddr_to_store_ln90 = muxlogic i9 %P_tile_6_addr_4"   --->   Operation 485 'muxlogic' 'muxLogicRAMAddr_to_store_ln90' <Predicate = true> <Delay = 0.69>
ST_5 : Operation 486 [1/1] ( I:0.55ns O:0.55ns ) (share mux size 10)   --->   "%store_ln90 = store i16 0, i9 %P_tile_6_addr_4" [./flashattentionsoftmax.h:90]   --->   Operation 486 'store' 'store_ln90' <Predicate = true> <Delay = 0.55> <CoreInst = "RAM_2P_BRAM">   --->   Core 97 'RAM_2P_BRAM' <Latency = 1> <II = 1> <Delay = 0.86> <Storage> <Opcode : 'load' 'store'> <Ports = 2> <Width = 16> <Depth = 512> <RAM>
ST_5 : Operation 487 [1/1] (0.69ns) (share mux size 5)   --->   "%muxLogicRAMData_to_store_ln90 = muxlogic i16 0"   --->   Operation 487 'muxlogic' 'muxLogicRAMData_to_store_ln90' <Predicate = true> <Delay = 0.69>
ST_5 : Operation 488 [1/1] (0.69ns) (share mux size 5)   --->   "%muxLogicRAMAddr_to_store_ln90 = muxlogic i9 %P_tile_7_addr_4"   --->   Operation 488 'muxlogic' 'muxLogicRAMAddr_to_store_ln90' <Predicate = true> <Delay = 0.69>
ST_5 : Operation 489 [1/1] ( I:0.55ns O:0.55ns ) (share mux size 10)   --->   "%store_ln90 = store i16 0, i9 %P_tile_7_addr_4" [./flashattentionsoftmax.h:90]   --->   Operation 489 'store' 'store_ln90' <Predicate = true> <Delay = 0.55> <CoreInst = "RAM_2P_BRAM">   --->   Core 97 'RAM_2P_BRAM' <Latency = 1> <II = 1> <Delay = 0.86> <Storage> <Opcode : 'load' 'store'> <Ports = 2> <Width = 16> <Depth = 512> <RAM>

State 6 <SV = 5> <Delay = 1.25>
ST_6 : Operation 490 [1/1] (0.69ns) (share mux size 5)   --->   "%muxLogicRAMData_to_store_ln90 = muxlogic i16 0"   --->   Operation 490 'muxlogic' 'muxLogicRAMData_to_store_ln90' <Predicate = true> <Delay = 0.69>
ST_6 : Operation 491 [1/1] (0.69ns) (share mux size 5)   --->   "%muxLogicRAMAddr_to_store_ln90 = muxlogic i9 %P_tile_0_addr_5"   --->   Operation 491 'muxlogic' 'muxLogicRAMAddr_to_store_ln90' <Predicate = true> <Delay = 0.69>
ST_6 : Operation 492 [1/1] ( I:0.55ns O:0.55ns ) (share mux size 10)   --->   "%store_ln90 = store i16 0, i9 %P_tile_0_addr_5" [./flashattentionsoftmax.h:90]   --->   Operation 492 'store' 'store_ln90' <Predicate = true> <Delay = 0.55> <CoreInst = "RAM_2P_BRAM">   --->   Core 97 'RAM_2P_BRAM' <Latency = 1> <II = 1> <Delay = 0.86> <Storage> <Opcode : 'load' 'store'> <Ports = 2> <Width = 16> <Depth = 512> <RAM>
ST_6 : Operation 493 [1/1] (0.69ns) (share mux size 5)   --->   "%muxLogicRAMData_to_store_ln90 = muxlogic i16 0"   --->   Operation 493 'muxlogic' 'muxLogicRAMData_to_store_ln90' <Predicate = true> <Delay = 0.69>
ST_6 : Operation 494 [1/1] (0.69ns) (share mux size 5)   --->   "%muxLogicRAMAddr_to_store_ln90 = muxlogic i9 %P_tile_1_addr_5"   --->   Operation 494 'muxlogic' 'muxLogicRAMAddr_to_store_ln90' <Predicate = true> <Delay = 0.69>
ST_6 : Operation 495 [1/1] ( I:0.55ns O:0.55ns ) (share mux size 10)   --->   "%store_ln90 = store i16 0, i9 %P_tile_1_addr_5" [./flashattentionsoftmax.h:90]   --->   Operation 495 'store' 'store_ln90' <Predicate = true> <Delay = 0.55> <CoreInst = "RAM_2P_BRAM">   --->   Core 97 'RAM_2P_BRAM' <Latency = 1> <II = 1> <Delay = 0.86> <Storage> <Opcode : 'load' 'store'> <Ports = 2> <Width = 16> <Depth = 512> <RAM>
ST_6 : Operation 496 [1/1] (0.69ns) (share mux size 5)   --->   "%muxLogicRAMData_to_store_ln90 = muxlogic i16 0"   --->   Operation 496 'muxlogic' 'muxLogicRAMData_to_store_ln90' <Predicate = true> <Delay = 0.69>
ST_6 : Operation 497 [1/1] (0.69ns) (share mux size 5)   --->   "%muxLogicRAMAddr_to_store_ln90 = muxlogic i9 %P_tile_2_addr_5"   --->   Operation 497 'muxlogic' 'muxLogicRAMAddr_to_store_ln90' <Predicate = true> <Delay = 0.69>
ST_6 : Operation 498 [1/1] ( I:0.55ns O:0.55ns ) (share mux size 10)   --->   "%store_ln90 = store i16 0, i9 %P_tile_2_addr_5" [./flashattentionsoftmax.h:90]   --->   Operation 498 'store' 'store_ln90' <Predicate = true> <Delay = 0.55> <CoreInst = "RAM_2P_BRAM">   --->   Core 97 'RAM_2P_BRAM' <Latency = 1> <II = 1> <Delay = 0.86> <Storage> <Opcode : 'load' 'store'> <Ports = 2> <Width = 16> <Depth = 512> <RAM>
ST_6 : Operation 499 [1/1] (0.69ns) (share mux size 5)   --->   "%muxLogicRAMData_to_store_ln90 = muxlogic i16 0"   --->   Operation 499 'muxlogic' 'muxLogicRAMData_to_store_ln90' <Predicate = true> <Delay = 0.69>
ST_6 : Operation 500 [1/1] (0.69ns) (share mux size 5)   --->   "%muxLogicRAMAddr_to_store_ln90 = muxlogic i9 %P_tile_3_addr_5"   --->   Operation 500 'muxlogic' 'muxLogicRAMAddr_to_store_ln90' <Predicate = true> <Delay = 0.69>
ST_6 : Operation 501 [1/1] ( I:0.55ns O:0.55ns ) (share mux size 10)   --->   "%store_ln90 = store i16 0, i9 %P_tile_3_addr_5" [./flashattentionsoftmax.h:90]   --->   Operation 501 'store' 'store_ln90' <Predicate = true> <Delay = 0.55> <CoreInst = "RAM_2P_BRAM">   --->   Core 97 'RAM_2P_BRAM' <Latency = 1> <II = 1> <Delay = 0.86> <Storage> <Opcode : 'load' 'store'> <Ports = 2> <Width = 16> <Depth = 512> <RAM>
ST_6 : Operation 502 [1/1] (0.69ns) (share mux size 5)   --->   "%muxLogicRAMData_to_store_ln90 = muxlogic i16 0"   --->   Operation 502 'muxlogic' 'muxLogicRAMData_to_store_ln90' <Predicate = true> <Delay = 0.69>
ST_6 : Operation 503 [1/1] (0.69ns) (share mux size 5)   --->   "%muxLogicRAMAddr_to_store_ln90 = muxlogic i9 %P_tile_4_addr_5"   --->   Operation 503 'muxlogic' 'muxLogicRAMAddr_to_store_ln90' <Predicate = true> <Delay = 0.69>
ST_6 : Operation 504 [1/1] ( I:0.55ns O:0.55ns ) (share mux size 10)   --->   "%store_ln90 = store i16 0, i9 %P_tile_4_addr_5" [./flashattentionsoftmax.h:90]   --->   Operation 504 'store' 'store_ln90' <Predicate = true> <Delay = 0.55> <CoreInst = "RAM_2P_BRAM">   --->   Core 97 'RAM_2P_BRAM' <Latency = 1> <II = 1> <Delay = 0.86> <Storage> <Opcode : 'load' 'store'> <Ports = 2> <Width = 16> <Depth = 512> <RAM>
ST_6 : Operation 505 [1/1] (0.69ns) (share mux size 5)   --->   "%muxLogicRAMData_to_store_ln90 = muxlogic i16 0"   --->   Operation 505 'muxlogic' 'muxLogicRAMData_to_store_ln90' <Predicate = true> <Delay = 0.69>
ST_6 : Operation 506 [1/1] (0.69ns) (share mux size 5)   --->   "%muxLogicRAMAddr_to_store_ln90 = muxlogic i9 %P_tile_5_addr_5"   --->   Operation 506 'muxlogic' 'muxLogicRAMAddr_to_store_ln90' <Predicate = true> <Delay = 0.69>
ST_6 : Operation 507 [1/1] ( I:0.55ns O:0.55ns ) (share mux size 10)   --->   "%store_ln90 = store i16 0, i9 %P_tile_5_addr_5" [./flashattentionsoftmax.h:90]   --->   Operation 507 'store' 'store_ln90' <Predicate = true> <Delay = 0.55> <CoreInst = "RAM_2P_BRAM">   --->   Core 97 'RAM_2P_BRAM' <Latency = 1> <II = 1> <Delay = 0.86> <Storage> <Opcode : 'load' 'store'> <Ports = 2> <Width = 16> <Depth = 512> <RAM>
ST_6 : Operation 508 [1/1] (0.69ns) (share mux size 5)   --->   "%muxLogicRAMData_to_store_ln90 = muxlogic i16 0"   --->   Operation 508 'muxlogic' 'muxLogicRAMData_to_store_ln90' <Predicate = true> <Delay = 0.69>
ST_6 : Operation 509 [1/1] (0.69ns) (share mux size 5)   --->   "%muxLogicRAMAddr_to_store_ln90 = muxlogic i9 %P_tile_6_addr_5"   --->   Operation 509 'muxlogic' 'muxLogicRAMAddr_to_store_ln90' <Predicate = true> <Delay = 0.69>
ST_6 : Operation 510 [1/1] ( I:0.55ns O:0.55ns ) (share mux size 10)   --->   "%store_ln90 = store i16 0, i9 %P_tile_6_addr_5" [./flashattentionsoftmax.h:90]   --->   Operation 510 'store' 'store_ln90' <Predicate = true> <Delay = 0.55> <CoreInst = "RAM_2P_BRAM">   --->   Core 97 'RAM_2P_BRAM' <Latency = 1> <II = 1> <Delay = 0.86> <Storage> <Opcode : 'load' 'store'> <Ports = 2> <Width = 16> <Depth = 512> <RAM>
ST_6 : Operation 511 [1/1] (0.69ns) (share mux size 5)   --->   "%muxLogicRAMData_to_store_ln90 = muxlogic i16 0"   --->   Operation 511 'muxlogic' 'muxLogicRAMData_to_store_ln90' <Predicate = true> <Delay = 0.69>
ST_6 : Operation 512 [1/1] (0.69ns) (share mux size 5)   --->   "%muxLogicRAMAddr_to_store_ln90 = muxlogic i9 %P_tile_7_addr_5"   --->   Operation 512 'muxlogic' 'muxLogicRAMAddr_to_store_ln90' <Predicate = true> <Delay = 0.69>
ST_6 : Operation 513 [1/1] ( I:0.55ns O:0.55ns ) (share mux size 10)   --->   "%store_ln90 = store i16 0, i9 %P_tile_7_addr_5" [./flashattentionsoftmax.h:90]   --->   Operation 513 'store' 'store_ln90' <Predicate = true> <Delay = 0.55> <CoreInst = "RAM_2P_BRAM">   --->   Core 97 'RAM_2P_BRAM' <Latency = 1> <II = 1> <Delay = 0.86> <Storage> <Opcode : 'load' 'store'> <Ports = 2> <Width = 16> <Depth = 512> <RAM>

State 7 <SV = 6> <Delay = 1.25>
ST_7 : Operation 514 [1/1] (0.69ns) (share mux size 5)   --->   "%muxLogicRAMData_to_store_ln90 = muxlogic i16 0"   --->   Operation 514 'muxlogic' 'muxLogicRAMData_to_store_ln90' <Predicate = true> <Delay = 0.69>
ST_7 : Operation 515 [1/1] (0.69ns) (share mux size 5)   --->   "%muxLogicRAMAddr_to_store_ln90 = muxlogic i9 %P_tile_0_addr_6"   --->   Operation 515 'muxlogic' 'muxLogicRAMAddr_to_store_ln90' <Predicate = true> <Delay = 0.69>
ST_7 : Operation 516 [1/1] ( I:0.55ns O:0.55ns ) (share mux size 10)   --->   "%store_ln90 = store i16 0, i9 %P_tile_0_addr_6" [./flashattentionsoftmax.h:90]   --->   Operation 516 'store' 'store_ln90' <Predicate = true> <Delay = 0.55> <CoreInst = "RAM_2P_BRAM">   --->   Core 97 'RAM_2P_BRAM' <Latency = 1> <II = 1> <Delay = 0.86> <Storage> <Opcode : 'load' 'store'> <Ports = 2> <Width = 16> <Depth = 512> <RAM>
ST_7 : Operation 517 [1/1] (0.69ns) (share mux size 5)   --->   "%muxLogicRAMData_to_store_ln90 = muxlogic i16 0"   --->   Operation 517 'muxlogic' 'muxLogicRAMData_to_store_ln90' <Predicate = true> <Delay = 0.69>
ST_7 : Operation 518 [1/1] (0.69ns) (share mux size 5)   --->   "%muxLogicRAMAddr_to_store_ln90 = muxlogic i9 %P_tile_1_addr_6"   --->   Operation 518 'muxlogic' 'muxLogicRAMAddr_to_store_ln90' <Predicate = true> <Delay = 0.69>
ST_7 : Operation 519 [1/1] ( I:0.55ns O:0.55ns ) (share mux size 10)   --->   "%store_ln90 = store i16 0, i9 %P_tile_1_addr_6" [./flashattentionsoftmax.h:90]   --->   Operation 519 'store' 'store_ln90' <Predicate = true> <Delay = 0.55> <CoreInst = "RAM_2P_BRAM">   --->   Core 97 'RAM_2P_BRAM' <Latency = 1> <II = 1> <Delay = 0.86> <Storage> <Opcode : 'load' 'store'> <Ports = 2> <Width = 16> <Depth = 512> <RAM>
ST_7 : Operation 520 [1/1] (0.69ns) (share mux size 5)   --->   "%muxLogicRAMData_to_store_ln90 = muxlogic i16 0"   --->   Operation 520 'muxlogic' 'muxLogicRAMData_to_store_ln90' <Predicate = true> <Delay = 0.69>
ST_7 : Operation 521 [1/1] (0.69ns) (share mux size 5)   --->   "%muxLogicRAMAddr_to_store_ln90 = muxlogic i9 %P_tile_2_addr_6"   --->   Operation 521 'muxlogic' 'muxLogicRAMAddr_to_store_ln90' <Predicate = true> <Delay = 0.69>
ST_7 : Operation 522 [1/1] ( I:0.55ns O:0.55ns ) (share mux size 10)   --->   "%store_ln90 = store i16 0, i9 %P_tile_2_addr_6" [./flashattentionsoftmax.h:90]   --->   Operation 522 'store' 'store_ln90' <Predicate = true> <Delay = 0.55> <CoreInst = "RAM_2P_BRAM">   --->   Core 97 'RAM_2P_BRAM' <Latency = 1> <II = 1> <Delay = 0.86> <Storage> <Opcode : 'load' 'store'> <Ports = 2> <Width = 16> <Depth = 512> <RAM>
ST_7 : Operation 523 [1/1] (0.69ns) (share mux size 5)   --->   "%muxLogicRAMData_to_store_ln90 = muxlogic i16 0"   --->   Operation 523 'muxlogic' 'muxLogicRAMData_to_store_ln90' <Predicate = true> <Delay = 0.69>
ST_7 : Operation 524 [1/1] (0.69ns) (share mux size 5)   --->   "%muxLogicRAMAddr_to_store_ln90 = muxlogic i9 %P_tile_3_addr_6"   --->   Operation 524 'muxlogic' 'muxLogicRAMAddr_to_store_ln90' <Predicate = true> <Delay = 0.69>
ST_7 : Operation 525 [1/1] ( I:0.55ns O:0.55ns ) (share mux size 10)   --->   "%store_ln90 = store i16 0, i9 %P_tile_3_addr_6" [./flashattentionsoftmax.h:90]   --->   Operation 525 'store' 'store_ln90' <Predicate = true> <Delay = 0.55> <CoreInst = "RAM_2P_BRAM">   --->   Core 97 'RAM_2P_BRAM' <Latency = 1> <II = 1> <Delay = 0.86> <Storage> <Opcode : 'load' 'store'> <Ports = 2> <Width = 16> <Depth = 512> <RAM>
ST_7 : Operation 526 [1/1] (0.69ns) (share mux size 5)   --->   "%muxLogicRAMData_to_store_ln90 = muxlogic i16 0"   --->   Operation 526 'muxlogic' 'muxLogicRAMData_to_store_ln90' <Predicate = true> <Delay = 0.69>
ST_7 : Operation 527 [1/1] (0.69ns) (share mux size 5)   --->   "%muxLogicRAMAddr_to_store_ln90 = muxlogic i9 %P_tile_4_addr_6"   --->   Operation 527 'muxlogic' 'muxLogicRAMAddr_to_store_ln90' <Predicate = true> <Delay = 0.69>
ST_7 : Operation 528 [1/1] ( I:0.55ns O:0.55ns ) (share mux size 10)   --->   "%store_ln90 = store i16 0, i9 %P_tile_4_addr_6" [./flashattentionsoftmax.h:90]   --->   Operation 528 'store' 'store_ln90' <Predicate = true> <Delay = 0.55> <CoreInst = "RAM_2P_BRAM">   --->   Core 97 'RAM_2P_BRAM' <Latency = 1> <II = 1> <Delay = 0.86> <Storage> <Opcode : 'load' 'store'> <Ports = 2> <Width = 16> <Depth = 512> <RAM>
ST_7 : Operation 529 [1/1] (0.69ns) (share mux size 5)   --->   "%muxLogicRAMData_to_store_ln90 = muxlogic i16 0"   --->   Operation 529 'muxlogic' 'muxLogicRAMData_to_store_ln90' <Predicate = true> <Delay = 0.69>
ST_7 : Operation 530 [1/1] (0.69ns) (share mux size 5)   --->   "%muxLogicRAMAddr_to_store_ln90 = muxlogic i9 %P_tile_5_addr_6"   --->   Operation 530 'muxlogic' 'muxLogicRAMAddr_to_store_ln90' <Predicate = true> <Delay = 0.69>
ST_7 : Operation 531 [1/1] ( I:0.55ns O:0.55ns ) (share mux size 10)   --->   "%store_ln90 = store i16 0, i9 %P_tile_5_addr_6" [./flashattentionsoftmax.h:90]   --->   Operation 531 'store' 'store_ln90' <Predicate = true> <Delay = 0.55> <CoreInst = "RAM_2P_BRAM">   --->   Core 97 'RAM_2P_BRAM' <Latency = 1> <II = 1> <Delay = 0.86> <Storage> <Opcode : 'load' 'store'> <Ports = 2> <Width = 16> <Depth = 512> <RAM>
ST_7 : Operation 532 [1/1] (0.69ns) (share mux size 5)   --->   "%muxLogicRAMData_to_store_ln90 = muxlogic i16 0"   --->   Operation 532 'muxlogic' 'muxLogicRAMData_to_store_ln90' <Predicate = true> <Delay = 0.69>
ST_7 : Operation 533 [1/1] (0.69ns) (share mux size 5)   --->   "%muxLogicRAMAddr_to_store_ln90 = muxlogic i9 %P_tile_6_addr_6"   --->   Operation 533 'muxlogic' 'muxLogicRAMAddr_to_store_ln90' <Predicate = true> <Delay = 0.69>
ST_7 : Operation 534 [1/1] ( I:0.55ns O:0.55ns ) (share mux size 10)   --->   "%store_ln90 = store i16 0, i9 %P_tile_6_addr_6" [./flashattentionsoftmax.h:90]   --->   Operation 534 'store' 'store_ln90' <Predicate = true> <Delay = 0.55> <CoreInst = "RAM_2P_BRAM">   --->   Core 97 'RAM_2P_BRAM' <Latency = 1> <II = 1> <Delay = 0.86> <Storage> <Opcode : 'load' 'store'> <Ports = 2> <Width = 16> <Depth = 512> <RAM>
ST_7 : Operation 535 [1/1] (0.69ns) (share mux size 5)   --->   "%muxLogicRAMData_to_store_ln90 = muxlogic i16 0"   --->   Operation 535 'muxlogic' 'muxLogicRAMData_to_store_ln90' <Predicate = true> <Delay = 0.69>
ST_7 : Operation 536 [1/1] (0.69ns) (share mux size 5)   --->   "%muxLogicRAMAddr_to_store_ln90 = muxlogic i9 %P_tile_7_addr_6"   --->   Operation 536 'muxlogic' 'muxLogicRAMAddr_to_store_ln90' <Predicate = true> <Delay = 0.69>
ST_7 : Operation 537 [1/1] ( I:0.55ns O:0.55ns ) (share mux size 10)   --->   "%store_ln90 = store i16 0, i9 %P_tile_7_addr_6" [./flashattentionsoftmax.h:90]   --->   Operation 537 'store' 'store_ln90' <Predicate = true> <Delay = 0.55> <CoreInst = "RAM_2P_BRAM">   --->   Core 97 'RAM_2P_BRAM' <Latency = 1> <II = 1> <Delay = 0.86> <Storage> <Opcode : 'load' 'store'> <Ports = 2> <Width = 16> <Depth = 512> <RAM>

State 8 <SV = 7> <Delay = 1.25>
ST_8 : Operation 538 [1/1] (0.69ns) (share mux size 5)   --->   "%muxLogicRAMData_to_store_ln90 = muxlogic i16 0"   --->   Operation 538 'muxlogic' 'muxLogicRAMData_to_store_ln90' <Predicate = true> <Delay = 0.69>
ST_8 : Operation 539 [1/1] (0.69ns) (share mux size 5)   --->   "%muxLogicRAMAddr_to_store_ln90 = muxlogic i9 %P_tile_0_addr_7"   --->   Operation 539 'muxlogic' 'muxLogicRAMAddr_to_store_ln90' <Predicate = true> <Delay = 0.69>
ST_8 : Operation 540 [1/1] ( I:0.55ns O:0.55ns ) (share mux size 10)   --->   "%store_ln90 = store i16 0, i9 %P_tile_0_addr_7" [./flashattentionsoftmax.h:90]   --->   Operation 540 'store' 'store_ln90' <Predicate = true> <Delay = 0.55> <CoreInst = "RAM_2P_BRAM">   --->   Core 97 'RAM_2P_BRAM' <Latency = 1> <II = 1> <Delay = 0.86> <Storage> <Opcode : 'load' 'store'> <Ports = 2> <Width = 16> <Depth = 512> <RAM>
ST_8 : Operation 541 [1/1] (0.69ns) (share mux size 5)   --->   "%muxLogicRAMData_to_store_ln90 = muxlogic i16 0"   --->   Operation 541 'muxlogic' 'muxLogicRAMData_to_store_ln90' <Predicate = true> <Delay = 0.69>
ST_8 : Operation 542 [1/1] (0.69ns) (share mux size 5)   --->   "%muxLogicRAMAddr_to_store_ln90 = muxlogic i9 %P_tile_1_addr_7"   --->   Operation 542 'muxlogic' 'muxLogicRAMAddr_to_store_ln90' <Predicate = true> <Delay = 0.69>
ST_8 : Operation 543 [1/1] ( I:0.55ns O:0.55ns ) (share mux size 10)   --->   "%store_ln90 = store i16 0, i9 %P_tile_1_addr_7" [./flashattentionsoftmax.h:90]   --->   Operation 543 'store' 'store_ln90' <Predicate = true> <Delay = 0.55> <CoreInst = "RAM_2P_BRAM">   --->   Core 97 'RAM_2P_BRAM' <Latency = 1> <II = 1> <Delay = 0.86> <Storage> <Opcode : 'load' 'store'> <Ports = 2> <Width = 16> <Depth = 512> <RAM>
ST_8 : Operation 544 [1/1] (0.69ns) (share mux size 5)   --->   "%muxLogicRAMData_to_store_ln90 = muxlogic i16 0"   --->   Operation 544 'muxlogic' 'muxLogicRAMData_to_store_ln90' <Predicate = true> <Delay = 0.69>
ST_8 : Operation 545 [1/1] (0.69ns) (share mux size 5)   --->   "%muxLogicRAMAddr_to_store_ln90 = muxlogic i9 %P_tile_2_addr_7"   --->   Operation 545 'muxlogic' 'muxLogicRAMAddr_to_store_ln90' <Predicate = true> <Delay = 0.69>
ST_8 : Operation 546 [1/1] ( I:0.55ns O:0.55ns ) (share mux size 10)   --->   "%store_ln90 = store i16 0, i9 %P_tile_2_addr_7" [./flashattentionsoftmax.h:90]   --->   Operation 546 'store' 'store_ln90' <Predicate = true> <Delay = 0.55> <CoreInst = "RAM_2P_BRAM">   --->   Core 97 'RAM_2P_BRAM' <Latency = 1> <II = 1> <Delay = 0.86> <Storage> <Opcode : 'load' 'store'> <Ports = 2> <Width = 16> <Depth = 512> <RAM>
ST_8 : Operation 547 [1/1] (0.69ns) (share mux size 5)   --->   "%muxLogicRAMData_to_store_ln90 = muxlogic i16 0"   --->   Operation 547 'muxlogic' 'muxLogicRAMData_to_store_ln90' <Predicate = true> <Delay = 0.69>
ST_8 : Operation 548 [1/1] (0.69ns) (share mux size 5)   --->   "%muxLogicRAMAddr_to_store_ln90 = muxlogic i9 %P_tile_3_addr_7"   --->   Operation 548 'muxlogic' 'muxLogicRAMAddr_to_store_ln90' <Predicate = true> <Delay = 0.69>
ST_8 : Operation 549 [1/1] ( I:0.55ns O:0.55ns ) (share mux size 10)   --->   "%store_ln90 = store i16 0, i9 %P_tile_3_addr_7" [./flashattentionsoftmax.h:90]   --->   Operation 549 'store' 'store_ln90' <Predicate = true> <Delay = 0.55> <CoreInst = "RAM_2P_BRAM">   --->   Core 97 'RAM_2P_BRAM' <Latency = 1> <II = 1> <Delay = 0.86> <Storage> <Opcode : 'load' 'store'> <Ports = 2> <Width = 16> <Depth = 512> <RAM>
ST_8 : Operation 550 [1/1] (0.69ns) (share mux size 5)   --->   "%muxLogicRAMData_to_store_ln90 = muxlogic i16 0"   --->   Operation 550 'muxlogic' 'muxLogicRAMData_to_store_ln90' <Predicate = true> <Delay = 0.69>
ST_8 : Operation 551 [1/1] (0.69ns) (share mux size 5)   --->   "%muxLogicRAMAddr_to_store_ln90 = muxlogic i9 %P_tile_4_addr_7"   --->   Operation 551 'muxlogic' 'muxLogicRAMAddr_to_store_ln90' <Predicate = true> <Delay = 0.69>
ST_8 : Operation 552 [1/1] ( I:0.55ns O:0.55ns ) (share mux size 10)   --->   "%store_ln90 = store i16 0, i9 %P_tile_4_addr_7" [./flashattentionsoftmax.h:90]   --->   Operation 552 'store' 'store_ln90' <Predicate = true> <Delay = 0.55> <CoreInst = "RAM_2P_BRAM">   --->   Core 97 'RAM_2P_BRAM' <Latency = 1> <II = 1> <Delay = 0.86> <Storage> <Opcode : 'load' 'store'> <Ports = 2> <Width = 16> <Depth = 512> <RAM>
ST_8 : Operation 553 [1/1] (0.69ns) (share mux size 5)   --->   "%muxLogicRAMData_to_store_ln90 = muxlogic i16 0"   --->   Operation 553 'muxlogic' 'muxLogicRAMData_to_store_ln90' <Predicate = true> <Delay = 0.69>
ST_8 : Operation 554 [1/1] (0.69ns) (share mux size 5)   --->   "%muxLogicRAMAddr_to_store_ln90 = muxlogic i9 %P_tile_5_addr_7"   --->   Operation 554 'muxlogic' 'muxLogicRAMAddr_to_store_ln90' <Predicate = true> <Delay = 0.69>
ST_8 : Operation 555 [1/1] ( I:0.55ns O:0.55ns ) (share mux size 10)   --->   "%store_ln90 = store i16 0, i9 %P_tile_5_addr_7" [./flashattentionsoftmax.h:90]   --->   Operation 555 'store' 'store_ln90' <Predicate = true> <Delay = 0.55> <CoreInst = "RAM_2P_BRAM">   --->   Core 97 'RAM_2P_BRAM' <Latency = 1> <II = 1> <Delay = 0.86> <Storage> <Opcode : 'load' 'store'> <Ports = 2> <Width = 16> <Depth = 512> <RAM>
ST_8 : Operation 556 [1/1] (0.69ns) (share mux size 5)   --->   "%muxLogicRAMData_to_store_ln90 = muxlogic i16 0"   --->   Operation 556 'muxlogic' 'muxLogicRAMData_to_store_ln90' <Predicate = true> <Delay = 0.69>
ST_8 : Operation 557 [1/1] (0.69ns) (share mux size 5)   --->   "%muxLogicRAMAddr_to_store_ln90 = muxlogic i9 %P_tile_6_addr_7"   --->   Operation 557 'muxlogic' 'muxLogicRAMAddr_to_store_ln90' <Predicate = true> <Delay = 0.69>
ST_8 : Operation 558 [1/1] ( I:0.55ns O:0.55ns ) (share mux size 10)   --->   "%store_ln90 = store i16 0, i9 %P_tile_6_addr_7" [./flashattentionsoftmax.h:90]   --->   Operation 558 'store' 'store_ln90' <Predicate = true> <Delay = 0.55> <CoreInst = "RAM_2P_BRAM">   --->   Core 97 'RAM_2P_BRAM' <Latency = 1> <II = 1> <Delay = 0.86> <Storage> <Opcode : 'load' 'store'> <Ports = 2> <Width = 16> <Depth = 512> <RAM>
ST_8 : Operation 559 [1/1] (0.69ns) (share mux size 5)   --->   "%muxLogicRAMData_to_store_ln90 = muxlogic i16 0"   --->   Operation 559 'muxlogic' 'muxLogicRAMData_to_store_ln90' <Predicate = true> <Delay = 0.69>
ST_8 : Operation 560 [1/1] (0.69ns) (share mux size 5)   --->   "%muxLogicRAMAddr_to_store_ln90 = muxlogic i9 %P_tile_7_addr_7"   --->   Operation 560 'muxlogic' 'muxLogicRAMAddr_to_store_ln90' <Predicate = true> <Delay = 0.69>
ST_8 : Operation 561 [1/1] ( I:0.55ns O:0.55ns ) (share mux size 10)   --->   "%store_ln90 = store i16 0, i9 %P_tile_7_addr_7" [./flashattentionsoftmax.h:90]   --->   Operation 561 'store' 'store_ln90' <Predicate = true> <Delay = 0.55> <CoreInst = "RAM_2P_BRAM">   --->   Core 97 'RAM_2P_BRAM' <Latency = 1> <II = 1> <Delay = 0.86> <Storage> <Opcode : 'load' 'store'> <Ports = 2> <Width = 16> <Depth = 512> <RAM>
ST_8 : Operation 562 [1/1] (0.00ns)   --->   "%br_ln85 = br void %VITIS_LOOP_89_1" [./flashattentionsoftmax.h:85]   --->   Operation 562 'br' 'br_ln85' <Predicate = true> <Delay = 0.00>


============================================================
+ Verbose Summary: Timing violations
============================================================
Target clock period: 10.000ns, clock uncertainty: 2.700ns.

 <State 1>: 2.365ns
The critical path consists of the following:
	'store' operation 0 bit ('store_ln85', ./flashattentionsoftmax.h:85) of variable 'br_actual_read' on local variable 'i', ./flashattentionsoftmax.h:85 [148]  (0.421 ns)
	'load' operation 32 bit ('i', ./flashattentionsoftmax.h:85) on local variable 'i', ./flashattentionsoftmax.h:85 [151]  (0.000 ns)
	'icmp' operation 1 bit ('icmp_ln85', ./flashattentionsoftmax.h:85) [153]  (0.694 ns)
	'muxlogic' operation 0 bit ('muxLogicRAMAddr_to_store_ln90') [628]  (0.693 ns)
	blocking operation 0.558 ns on control path)

 <State 2>: 1.251ns
The critical path consists of the following:
	'muxlogic' operation 0 bit ('muxLogicRAMData_to_store_ln90') [630]  (0.693 ns)
	'store' operation 0 bit ('store_ln90', ./flashattentionsoftmax.h:90) of constant 0 on array 'P_tile_0' [632]  (0.558 ns)

 <State 3>: 1.251ns
The critical path consists of the following:
	'muxlogic' operation 0 bit ('muxLogicRAMData_to_store_ln90') [633]  (0.693 ns)
	'store' operation 0 bit ('store_ln90', ./flashattentionsoftmax.h:90) of constant 0 on array 'P_tile_0' [635]  (0.558 ns)

 <State 4>: 1.251ns
The critical path consists of the following:
	'muxlogic' operation 0 bit ('muxLogicRAMData_to_store_ln90') [636]  (0.693 ns)
	'store' operation 0 bit ('store_ln90', ./flashattentionsoftmax.h:90) of constant 0 on array 'P_tile_0' [638]  (0.558 ns)

 <State 5>: 1.251ns
The critical path consists of the following:
	'muxlogic' operation 0 bit ('muxLogicRAMData_to_store_ln90') [639]  (0.693 ns)
	'store' operation 0 bit ('store_ln90', ./flashattentionsoftmax.h:90) of constant 0 on array 'P_tile_0' [641]  (0.558 ns)

 <State 6>: 1.251ns
The critical path consists of the following:
	'muxlogic' operation 0 bit ('muxLogicRAMData_to_store_ln90') [642]  (0.693 ns)
	'store' operation 0 bit ('store_ln90', ./flashattentionsoftmax.h:90) of constant 0 on array 'P_tile_0' [644]  (0.558 ns)

 <State 7>: 1.251ns
The critical path consists of the following:
	'muxlogic' operation 0 bit ('muxLogicRAMData_to_store_ln90') [645]  (0.693 ns)
	'store' operation 0 bit ('store_ln90', ./flashattentionsoftmax.h:90) of constant 0 on array 'P_tile_0' [647]  (0.558 ns)

 <State 8>: 1.251ns
The critical path consists of the following:
	'muxlogic' operation 0 bit ('muxLogicRAMData_to_store_ln90') [648]  (0.693 ns)
	'store' operation 0 bit ('store_ln90', ./flashattentionsoftmax.h:90) of constant 0 on array 'P_tile_0' [650]  (0.558 ns)


============================================================
+ Verbose Summary: Binding
============================================================
N/A
* FSMD analyzer results:
  - Output states:
 - Input state : 
  - Chain level:
	State 1
	State 2
	State 3
	State 4
	State 5
	State 6
	State 7
	State 8


============================================================
+ Verbose Summary: Datapath Resource usage 
============================================================
N/A
