

================================================================
== Vitis HLS Report for 'online_softmax_tile_Pipeline_ROWMAX_INNER'
================================================================
* Date:           Sun Mar 22 18:06:51 2026

* Version:        2025.1 (Build 6135595 on May 21 2025)
* Project:        FlashAtt1
* Solution:       hls (Vivado IP Flow Target)
* Product family: versalhbm
* Target device:  xcvh1582-lsva4737-2LHP-e-S


================================================================
== Performance Estimates
================================================================
+ Timing: 
    * Summary: 
    +--------+----------+----------+------------+
    |  Clock |  Target  | Estimated| Uncertainty|
    +--------+----------+----------+------------+
    |ap_clk  |  10.00 ns|  4.870 ns|     2.70 ns|
    +--------+----------+----------+------------+

+ Latency: 
    * Summary: 
    +---------+---------+----------+----------+-----+-----+------------------------------------------------+
    |  Latency (cycles) |  Latency (absolute) |  Interval |                    Pipeline                    |
    |   min   |   max   |    min   |    max   | min | max |                      Type                      |
    +---------+---------+----------+----------+-----+-----+------------------------------------------------+
    |       66|       66|  0.660 us|  0.660 us|   65|   65|  loop auto-rewind stp (delay=0 clock cycles(s))|
    +---------+---------+----------+----------+-----+-----+------------------------------------------------+

    + Detail: 
        * Instance: 
        N/A

        * Loop: 
        +----------------+---------+---------+----------+-----------+-----------+------+----------+
        |                |  Latency (cycles) | Iteration|  Initiation Interval  | Trip |          |
        |    Loop Name   |   min   |   max   |  Latency |  achieved |   target  | Count| Pipelined|
        +----------------+---------+---------+----------+-----------+-----------+------+----------+
        |- ROWMAX_INNER  |       64|       64|         2|          1|          1|    64|       yes|
        +----------------+---------+---------+----------+-----------+-----------+------+----------+



================================================================
== Utilization Estimates
================================================================
* Summary: 
+---------------------+---------+------+---------+---------+------+
|         Name        | BRAM_18K|  DSP |    FF   |   LUT   | URAM |
+---------------------+---------+------+---------+---------+------+
|DSP                  |        -|     -|        -|        -|     -|
|Expression           |        -|     -|        0|      123|     -|
|FIFO                 |        -|     -|        -|        -|     -|
|Instance             |        -|     -|        0|       96|     -|
|Memory               |        -|     -|        -|        -|     -|
|Multiplexer          |        -|     -|        0|       50|     -|
|Register             |        -|     -|       46|        -|     -|
+---------------------+---------+------+---------+---------+------+
|Total                |        0|     0|       46|      269|     0|
+---------------------+---------+------+---------+---------+------+
|Available SLR        |     2541|  3696|  1753984|   876992|   650|
+---------------------+---------+------+---------+---------+------+
|Utilization SLR (%)  |        0|     0|       ~0|       ~0|     0|
+---------------------+---------+------+---------+---------+------+
|Available            |     5082|  7392|  3507968|  1753984|  1301|
+---------------------+---------+------+---------+---------+------+
|Utilization (%)      |        0|     0|       ~0|       ~0|     0|
+---------------------+---------+------+---------+---------+------+

+ Detail: 
    * Instance: 
    +----------------------------------+-----------------------------+---------+----+---+----+-----+
    |             Instance             |            Module           | BRAM_18K| DSP| FF| LUT| URAM|
    +----------------------------------+-----------------------------+---------+----+---+----+-----+
    |fcmp_32ns_32ns_1_1_no_dsp_1_U658  |fcmp_32ns_32ns_1_1_no_dsp_1  |        0|   0|  0|   0|    0|
    |sparsemux_17_3_32_1_1_U659        |sparsemux_17_3_32_1_1        |        0|   0|  0|  96|    0|
    +----------------------------------+-----------------------------+---------+----+---+----+-----+
    |Total                             |                             |        0|   0|  0|  96|    0|
    +----------------------------------+-----------------------------+---------+----+---+----+-----+

    * DSP: 
    N/A

    * Memory: 
    N/A

    * FIFO: 
    N/A

    * Expression: 
    +-----------------------+----------+----+---+----+------------+------------+
    |     Variable Name     | Operation| DSP| FF| LUT| Bitwidth P0| Bitwidth P1|
    +-----------------------+----------+----+---+----+------------+------------+
    |add_ln50_fu_260_p2     |         +|   0|  0|   8|           7|           1|
    |and_ln53_1_fu_501_p2   |       and|   0|  0|   2|           1|           1|
    |and_ln53_fu_495_p2     |       and|   0|  0|   2|           1|           1|
    |icmp_ln50_fu_266_p2    |      icmp|   0|  0|   3|           7|           8|
    |icmp_ln52_fu_310_p2    |      icmp|   0|  0|  16|          32|          32|
    |icmp_ln53_1_fu_457_p2  |      icmp|   0|  0|   9|          23|           1|
    |icmp_ln53_2_fu_469_p2  |      icmp|   0|  0|   3|           8|           2|
    |icmp_ln53_3_fu_475_p2  |      icmp|   0|  0|   9|          23|           1|
    |icmp_ln53_fu_451_p2    |      icmp|   0|  0|   3|           8|           2|
    |or_ln52_fu_362_p2      |        or|   0|  0|   2|           1|           1|
    |or_ln53_1_fu_481_p2    |        or|   0|  0|   2|           1|           1|
    |or_ln53_fu_463_p2      |        or|   0|  0|   2|           1|           1|
    |row_max_2_fu_507_p3    |    select|   0|  0|  29|           1|          32|
    |val_fu_406_p3          |    select|   0|  0|  29|           1|          29|
    |ap_enable_pp0          |       xor|   0|  0|   2|           1|           2|
    |xor_ln52_fu_357_p2     |       xor|   0|  0|   2|           1|           2|
    +-----------------------+----------+----+---+----+------------+------------+
    |Total                  |          |   0|  0| 123|         117|         117|
    +-----------------------+----------+----+---+----+------------+------------+

    * Multiplexer: 
    +-------------------------+----+-----------+-----+-----------+
    |           Name          | LUT| Input Size| Bits| Total Bits|
    +-------------------------+----+-----------+-----+-----------+
    |ap_done_int              |   1|          2|    1|          2|
    |ap_enable_reg_pp0_iter1  |   1|          2|    1|          2|
    |ap_sig_allocacmp_j_1     |   8|          2|    7|         14|
    |j_fu_110                 |   8|          2|    7|         14|
    |row_max_fu_106           |  32|          2|   32|         64|
    +-------------------------+----+-----------+-----+-----------+
    |Total                    |  50|         10|   48|         96|
    +-------------------------+----+-----------+-----+-----------+

    * Register: 
    +-------------------------+----+----+-----+-----------+
    |           Name          | FF | LUT| Bits| Const Bits|
    +-------------------------+----+----+-----+-----------+
    |ap_CS_fsm                |   1|   0|    1|          0|
    |ap_done_reg              |   1|   0|    1|          0|
    |ap_enable_reg_pp0_iter1  |   1|   0|    1|          0|
    |icmp_ln52_reg_592        |   1|   0|    1|          0|
    |j_fu_110                 |   7|   0|    7|          0|
    |row_max_fu_106           |  32|   0|   32|          0|
    |trunc_ln50_reg_547       |   3|   0|    3|          0|
    +-------------------------+----+----+-----+-----------+
    |Total                    |  46|   0|   46|          0|
    +-------------------------+----+----+-----+-----------+



================================================================
== Interface
================================================================
* Summary: 
+--------------------+-----+-----+------------+-------------------------------------------+--------------+
|      RTL Ports     | Dir | Bits|  Protocol  |               Source Object               |    C Type    |
+--------------------+-----+-----+------------+-------------------------------------------+--------------+
|ap_clk              |   in|    1|  ap_ctrl_hs|  online_softmax_tile_Pipeline_ROWMAX_INNER|  return value|
|ap_rst              |   in|    1|  ap_ctrl_hs|  online_softmax_tile_Pipeline_ROWMAX_INNER|  return value|
|ap_start            |   in|    1|  ap_ctrl_hs|  online_softmax_tile_Pipeline_ROWMAX_INNER|  return value|
|ap_done             |  out|    1|  ap_ctrl_hs|  online_softmax_tile_Pipeline_ROWMAX_INNER|  return value|
|ap_idle             |  out|    1|  ap_ctrl_hs|  online_softmax_tile_Pipeline_ROWMAX_INNER|  return value|
|ap_ready            |  out|    1|  ap_ctrl_hs|  online_softmax_tile_Pipeline_ROWMAX_INNER|  return value|
|i                   |   in|    6|     ap_none|                                          i|        scalar|
|S_tile_0_address0   |  out|    9|   ap_memory|                                   S_tile_0|         array|
|S_tile_0_ce0        |  out|    1|   ap_memory|                                   S_tile_0|         array|
|S_tile_0_q0         |   in|   32|   ap_memory|                                   S_tile_0|         array|
|S_tile_1_address0   |  out|    9|   ap_memory|                                   S_tile_1|         array|
|S_tile_1_ce0        |  out|    1|   ap_memory|                                   S_tile_1|         array|
|S_tile_1_q0         |   in|   32|   ap_memory|                                   S_tile_1|         array|
|S_tile_2_address0   |  out|    9|   ap_memory|                                   S_tile_2|         array|
|S_tile_2_ce0        |  out|    1|   ap_memory|                                   S_tile_2|         array|
|S_tile_2_q0         |   in|   32|   ap_memory|                                   S_tile_2|         array|
|S_tile_3_address0   |  out|    9|   ap_memory|                                   S_tile_3|         array|
|S_tile_3_ce0        |  out|    1|   ap_memory|                                   S_tile_3|         array|
|S_tile_3_q0         |   in|   32|   ap_memory|                                   S_tile_3|         array|
|S_tile_4_address0   |  out|    9|   ap_memory|                                   S_tile_4|         array|
|S_tile_4_ce0        |  out|    1|   ap_memory|                                   S_tile_4|         array|
|S_tile_4_q0         |   in|   32|   ap_memory|                                   S_tile_4|         array|
|S_tile_5_address0   |  out|    9|   ap_memory|                                   S_tile_5|         array|
|S_tile_5_ce0        |  out|    1|   ap_memory|                                   S_tile_5|         array|
|S_tile_5_q0         |   in|   32|   ap_memory|                                   S_tile_5|         array|
|S_tile_6_address0   |  out|    9|   ap_memory|                                   S_tile_6|         array|
|S_tile_6_ce0        |  out|    1|   ap_memory|                                   S_tile_6|         array|
|S_tile_6_q0         |   in|   32|   ap_memory|                                   S_tile_6|         array|
|S_tile_7_address0   |  out|    9|   ap_memory|                                   S_tile_7|         array|
|S_tile_7_ce0        |  out|    1|   ap_memory|                                   S_tile_7|         array|
|S_tile_7_q0         |   in|   32|   ap_memory|                                   S_tile_7|         array|
|bc_actual           |   in|   32|     ap_none|                                  bc_actual|        scalar|
|cmp6_not            |   in|    1|     ap_none|                                   cmp6_not|        scalar|
|row_max_out         |  out|   32|      ap_vld|                                row_max_out|       pointer|
|row_max_out_ap_vld  |  out|    1|      ap_vld|                                row_max_out|       pointer|
+--------------------+-----+-----+------------+-------------------------------------------+--------------+

============================================================
+ Verbose Summary: Synthesis Manager
============================================================
InlineROM: 1
ExposeGlobal: 0
============================================================
+ Verbose Summary: CDFG Model
============================================================
IsTopModel: 0
ResetActiveHigh: 1
IsCombinational: 2
IsDatapathOnly: 2
HasWiredReturn: 1
HasMFsm: 2
HasVarLatency: 1
IsPipeline: 0
IsRtlPipelined: 0
IsInstanceOverlapped: 0
IsDontTouch: 0
HasImplIP: 0
IsGatedGlobalClock: 0

+ Individual pipeline summary: 
  * Pipeline-0: initiation interval (II) = 1, depth = 2


============================================================
+ Verbose Summary: Schedule
============================================================
* Number of FSM states : 2
* Pipeline : 1
  Pipeline-0 : II = 1, D = 2, States = { 1 2 }
* Dataflow Pipeline: 0

* FSM state transitions: 
1 --> 2 
2 --> 

* FSM state operations: 

State 1 <SV = 0> <Delay = 1.98>
ST_1 : Operation 5 [1/1] (0.00ns)   --->   "%row_max = alloca i32 1" [./flashattentionsoftmax.h:46]   --->   Operation 5 'alloca' 'row_max' <Predicate = true> <Delay = 0.00>
ST_1 : Operation 6 [1/1] (0.00ns)   --->   "%j = alloca i32 1" [./flashattentionsoftmax.h:50]   --->   Operation 6 'alloca' 'j' <Predicate = true> <Delay = 0.00>
ST_1 : Operation 7 [1/1] (0.00ns)   --->   "%specmemcore_ln0 = specmemcore void @_ssdm_op_SpecMemCore, i32 %S_tile_7, i64 666, i64 22, i64 18446744073709551615"   --->   Operation 7 'specmemcore' 'specmemcore_ln0' <Predicate = true> <Delay = 0.00>
ST_1 : Operation 8 [1/1] (0.00ns)   --->   "%specmemcore_ln0 = specmemcore void @_ssdm_op_SpecMemCore, i32 %S_tile_6, i64 666, i64 22, i64 18446744073709551615"   --->   Operation 8 'specmemcore' 'specmemcore_ln0' <Predicate = true> <Delay = 0.00>
ST_1 : Operation 9 [1/1] (0.00ns)   --->   "%specmemcore_ln0 = specmemcore void @_ssdm_op_SpecMemCore, i32 %S_tile_5, i64 666, i64 22, i64 18446744073709551615"   --->   Operation 9 'specmemcore' 'specmemcore_ln0' <Predicate = true> <Delay = 0.00>
ST_1 : Operation 10 [1/1] (0.00ns)   --->   "%specmemcore_ln0 = specmemcore void @_ssdm_op_SpecMemCore, i32 %S_tile_4, i64 666, i64 22, i64 18446744073709551615"   --->   Operation 10 'specmemcore' 'specmemcore_ln0' <Predicate = true> <Delay = 0.00>
ST_1 : Operation 11 [1/1] (0.00ns)   --->   "%specmemcore_ln0 = specmemcore void @_ssdm_op_SpecMemCore, i32 %S_tile_3, i64 666, i64 22, i64 18446744073709551615"   --->   Operation 11 'specmemcore' 'specmemcore_ln0' <Predicate = true> <Delay = 0.00>
ST_1 : Operation 12 [1/1] (0.00ns)   --->   "%specmemcore_ln0 = specmemcore void @_ssdm_op_SpecMemCore, i32 %S_tile_2, i64 666, i64 22, i64 18446744073709551615"   --->   Operation 12 'specmemcore' 'specmemcore_ln0' <Predicate = true> <Delay = 0.00>
ST_1 : Operation 13 [1/1] (0.00ns)   --->   "%specmemcore_ln0 = specmemcore void @_ssdm_op_SpecMemCore, i32 %S_tile_1, i64 666, i64 22, i64 18446744073709551615"   --->   Operation 13 'specmemcore' 'specmemcore_ln0' <Predicate = true> <Delay = 0.00>
ST_1 : Operation 14 [1/1] (0.00ns)   --->   "%specmemcore_ln0 = specmemcore void @_ssdm_op_SpecMemCore, i32 %S_tile_0, i64 666, i64 22, i64 18446744073709551615"   --->   Operation 14 'specmemcore' 'specmemcore_ln0' <Predicate = true> <Delay = 0.00>
ST_1 : Operation 15 [1/1] (0.00ns)   --->   "%cmp6_not_read = read i1 @_ssdm_op_Read.ap_auto.i1, i1 %cmp6_not"   --->   Operation 15 'read' 'cmp6_not_read' <Predicate = true> <Delay = 0.00>
ST_1 : Operation 16 [1/1] (0.00ns)   --->   "%bc_actual_read = read i32 @_ssdm_op_Read.ap_auto.i32, i32 %bc_actual"   --->   Operation 16 'read' 'bc_actual_read' <Predicate = true> <Delay = 0.00>
ST_1 : Operation 17 [1/1] (0.00ns)   --->   "%i_read = read i6 @_ssdm_op_Read.ap_auto.i6, i6 %i"   --->   Operation 17 'read' 'i_read' <Predicate = true> <Delay = 0.00>
ST_1 : Operation 18 [1/1] (0.36ns)   --->   "%store_ln50 = store i7 0, i7 %j" [./flashattentionsoftmax.h:50]   --->   Operation 18 'store' 'store_ln50' <Predicate = true> <Delay = 0.36>
ST_1 : Operation 19 [1/1] (0.42ns)   --->   "%store_ln46 = store i32 -1e+30, i32 %row_max" [./flashattentionsoftmax.h:46]   --->   Operation 19 'store' 'store_ln46' <Predicate = true> <Delay = 0.42>
ST_1 : Operation 20 [1/1] (0.00ns)   --->   "%br_ln0 = br void %for.body4"   --->   Operation 20 'br' 'br_ln0' <Predicate = true> <Delay = 0.00>
ST_1 : Operation 21 [1/1] (0.00ns)   --->   "%j_1 = load i7 %j" [./flashattentionsoftmax.h:50]   --->   Operation 21 'load' 'j_1' <Predicate = true> <Delay = 0.00>
ST_1 : Operation 22 [1/1] (0.66ns)   --->   "%add_ln50 = add i7 %j_1, i7 1" [./flashattentionsoftmax.h:50]   --->   Operation 22 'add' 'add_ln50' <Predicate = true> <Delay = 0.66> <CoreInst = "Adder">   --->   Core 1 'Adder' <Latency = 0> <II = 1> <Delay = 0.66> <FuncUnit> <Opcode : 'add' 'sub'> <InPorts = 2> <OutPorts = 1>
ST_1 : Operation 23 [1/1] (0.57ns)   --->   "%icmp_ln50 = icmp_eq  i7 %j_1, i7 64" [./flashattentionsoftmax.h:50]   --->   Operation 23 'icmp' 'icmp_ln50' <Predicate = true> <Delay = 0.57> <CoreInst = "ICmp_EQ">   --->   Core 156 'ICmp_EQ' <Latency = 0> <II = 1> <Delay = 0.55> <FuncUnit> <Opcode : 'seteq' 'setne'> <InPorts = 2> <OutPorts = 1>
ST_1 : Operation 24 [1/1] (0.00ns)   --->   "%br_ln50 = br i1 %icmp_ln50, void %for.body4.split_ifconv, void %for.end.exitStub" [./flashattentionsoftmax.h:50]   --->   Operation 24 'br' 'br_ln50' <Predicate = true> <Delay = 0.00>
ST_1 : Operation 25 [1/1] (0.00ns)   --->   "%zext_ln50 = zext i7 %j_1" [./flashattentionsoftmax.h:50]   --->   Operation 25 'zext' 'zext_ln50' <Predicate = (!icmp_ln50)> <Delay = 0.00>
ST_1 : Operation 26 [1/1] (0.00ns)   --->   "%trunc_ln50 = trunc i7 %j_1" [./flashattentionsoftmax.h:50]   --->   Operation 26 'trunc' 'trunc_ln50' <Predicate = (!icmp_ln50)> <Delay = 0.00>
ST_1 : Operation 27 [1/1] (0.00ns)   --->   "%lshr_ln = partselect i3 @_ssdm_op_PartSelect.i3.i7.i32.i32, i7 %j_1, i32 3, i32 5" [./flashattentionsoftmax.h:50]   --->   Operation 27 'partselect' 'lshr_ln' <Predicate = (!icmp_ln50)> <Delay = 0.00>
ST_1 : Operation 28 [1/1] (0.00ns)   --->   "%tmp_20 = bitconcatenate i9 @_ssdm_op_BitConcatenate.i9.i6.i3, i6 %i_read, i3 %lshr_ln" [./flashattentionsoftmax.h:52]   --->   Operation 28 'bitconcatenate' 'tmp_20' <Predicate = (!icmp_ln50)> <Delay = 0.00>
ST_1 : Operation 29 [1/1] (0.00ns)   --->   "%zext_ln52 = zext i9 %tmp_20" [./flashattentionsoftmax.h:52]   --->   Operation 29 'zext' 'zext_ln52' <Predicate = (!icmp_ln50)> <Delay = 0.00>
ST_1 : Operation 30 [1/1] (0.00ns)   --->   "%S_tile_0_addr = getelementptr i32 %S_tile_0, i64 0, i64 %zext_ln52" [./flashattentionsoftmax.h:52]   --->   Operation 30 'getelementptr' 'S_tile_0_addr' <Predicate = (!icmp_ln50)> <Delay = 0.00>
ST_1 : Operation 31 [1/1] (0.00ns)   --->   "%S_tile_1_addr = getelementptr i32 %S_tile_1, i64 0, i64 %zext_ln52" [./flashattentionsoftmax.h:52]   --->   Operation 31 'getelementptr' 'S_tile_1_addr' <Predicate = (!icmp_ln50)> <Delay = 0.00>
ST_1 : Operation 32 [1/1] (0.00ns)   --->   "%S_tile_2_addr = getelementptr i32 %S_tile_2, i64 0, i64 %zext_ln52" [./flashattentionsoftmax.h:52]   --->   Operation 32 'getelementptr' 'S_tile_2_addr' <Predicate = (!icmp_ln50)> <Delay = 0.00>
ST_1 : Operation 33 [1/1] (0.00ns)   --->   "%S_tile_3_addr = getelementptr i32 %S_tile_3, i64 0, i64 %zext_ln52" [./flashattentionsoftmax.h:52]   --->   Operation 33 'getelementptr' 'S_tile_3_addr' <Predicate = (!icmp_ln50)> <Delay = 0.00>
ST_1 : Operation 34 [1/1] (0.00ns)   --->   "%S_tile_4_addr = getelementptr i32 %S_tile_4, i64 0, i64 %zext_ln52" [./flashattentionsoftmax.h:52]   --->   Operation 34 'getelementptr' 'S_tile_4_addr' <Predicate = (!icmp_ln50)> <Delay = 0.00>
ST_1 : Operation 35 [1/1] (0.00ns)   --->   "%S_tile_5_addr = getelementptr i32 %S_tile_5, i64 0, i64 %zext_ln52" [./flashattentionsoftmax.h:52]   --->   Operation 35 'getelementptr' 'S_tile_5_addr' <Predicate = (!icmp_ln50)> <Delay = 0.00>
ST_1 : Operation 36 [1/1] (0.00ns)   --->   "%S_tile_6_addr = getelementptr i32 %S_tile_6, i64 0, i64 %zext_ln52" [./flashattentionsoftmax.h:52]   --->   Operation 36 'getelementptr' 'S_tile_6_addr' <Predicate = (!icmp_ln50)> <Delay = 0.00>
ST_1 : Operation 37 [1/1] (0.00ns)   --->   "%S_tile_7_addr = getelementptr i32 %S_tile_7, i64 0, i64 %zext_ln52" [./flashattentionsoftmax.h:52]   --->   Operation 37 'getelementptr' 'S_tile_7_addr' <Predicate = (!icmp_ln50)> <Delay = 0.00>
ST_1 : Operation 38 [1/1] (0.67ns)   --->   "%icmp_ln52 = icmp_slt  i32 %zext_ln50, i32 %bc_actual_read" [./flashattentionsoftmax.h:52]   --->   Operation 38 'icmp' 'icmp_ln52' <Predicate = (!icmp_ln50)> <Delay = 0.67> <CoreInst = "Cmp">   --->   Core 9 'Cmp' <Latency = 0> <II = 1> <Delay = 0.67> <FuncUnit> <Opcode : 'setle' 'setge' 'setlt' 'setgt'> <InPorts = 2> <OutPorts = 1>
ST_1 : Operation 39 [1/1] (0.42ns) (share mux size 2)   --->   "%muxLogicRAMAddr_to_S_tile_0_load = muxlogic i9 %S_tile_0_addr"   --->   Operation 39 'muxlogic' 'muxLogicRAMAddr_to_S_tile_0_load' <Predicate = (!icmp_ln50)> <Delay = 0.42>
ST_1 : Operation 40 [2/2] (0.62ns) (share mux size 3)   --->   "%S_tile_0_load = load i9 %S_tile_0_addr" [./flashattentionsoftmax.h:52]   --->   Operation 40 'load' 'S_tile_0_load' <Predicate = (!icmp_ln50)> <Delay = 0.62> <CoreInst = "RAM_2P_BRAM">   --->   Core 97 'RAM_2P_BRAM' <Latency = 1> <II = 1> <Delay = 0.86> <Storage> <Opcode : 'load' 'store'> <Ports = 2> <Width = 32> <Depth = 512> <RAM>
ST_1 : Operation 41 [1/1] (0.42ns) (share mux size 2)   --->   "%muxLogicRAMAddr_to_S_tile_1_load = muxlogic i9 %S_tile_1_addr"   --->   Operation 41 'muxlogic' 'muxLogicRAMAddr_to_S_tile_1_load' <Predicate = (!icmp_ln50)> <Delay = 0.42>
ST_1 : Operation 42 [2/2] (0.62ns) (share mux size 3)   --->   "%S_tile_1_load = load i9 %S_tile_1_addr" [./flashattentionsoftmax.h:52]   --->   Operation 42 'load' 'S_tile_1_load' <Predicate = (!icmp_ln50)> <Delay = 0.62> <CoreInst = "RAM_2P_BRAM">   --->   Core 97 'RAM_2P_BRAM' <Latency = 1> <II = 1> <Delay = 0.86> <Storage> <Opcode : 'load' 'store'> <Ports = 2> <Width = 32> <Depth = 512> <RAM>
ST_1 : Operation 43 [1/1] (0.42ns) (share mux size 2)   --->   "%muxLogicRAMAddr_to_S_tile_2_load = muxlogic i9 %S_tile_2_addr"   --->   Operation 43 'muxlogic' 'muxLogicRAMAddr_to_S_tile_2_load' <Predicate = (!icmp_ln50)> <Delay = 0.42>
ST_1 : Operation 44 [2/2] (0.62ns) (share mux size 3)   --->   "%S_tile_2_load = load i9 %S_tile_2_addr" [./flashattentionsoftmax.h:52]   --->   Operation 44 'load' 'S_tile_2_load' <Predicate = (!icmp_ln50)> <Delay = 0.62> <CoreInst = "RAM_2P_BRAM">   --->   Core 97 'RAM_2P_BRAM' <Latency = 1> <II = 1> <Delay = 0.86> <Storage> <Opcode : 'load' 'store'> <Ports = 2> <Width = 32> <Depth = 512> <RAM>
ST_1 : Operation 45 [1/1] (0.42ns) (share mux size 2)   --->   "%muxLogicRAMAddr_to_S_tile_3_load = muxlogic i9 %S_tile_3_addr"   --->   Operation 45 'muxlogic' 'muxLogicRAMAddr_to_S_tile_3_load' <Predicate = (!icmp_ln50)> <Delay = 0.42>
ST_1 : Operation 46 [2/2] (0.62ns) (share mux size 3)   --->   "%S_tile_3_load = load i9 %S_tile_3_addr" [./flashattentionsoftmax.h:52]   --->   Operation 46 'load' 'S_tile_3_load' <Predicate = (!icmp_ln50)> <Delay = 0.62> <CoreInst = "RAM_2P_BRAM">   --->   Core 97 'RAM_2P_BRAM' <Latency = 1> <II = 1> <Delay = 0.86> <Storage> <Opcode : 'load' 'store'> <Ports = 2> <Width = 32> <Depth = 512> <RAM>
ST_1 : Operation 47 [1/1] (0.42ns) (share mux size 2)   --->   "%muxLogicRAMAddr_to_S_tile_4_load = muxlogic i9 %S_tile_4_addr"   --->   Operation 47 'muxlogic' 'muxLogicRAMAddr_to_S_tile_4_load' <Predicate = (!icmp_ln50)> <Delay = 0.42>
ST_1 : Operation 48 [2/2] (0.62ns) (share mux size 3)   --->   "%S_tile_4_load = load i9 %S_tile_4_addr" [./flashattentionsoftmax.h:52]   --->   Operation 48 'load' 'S_tile_4_load' <Predicate = (!icmp_ln50)> <Delay = 0.62> <CoreInst = "RAM_2P_BRAM">   --->   Core 97 'RAM_2P_BRAM' <Latency = 1> <II = 1> <Delay = 0.86> <Storage> <Opcode : 'load' 'store'> <Ports = 2> <Width = 32> <Depth = 512> <RAM>
ST_1 : Operation 49 [1/1] (0.42ns) (share mux size 2)   --->   "%muxLogicRAMAddr_to_S_tile_5_load = muxlogic i9 %S_tile_5_addr"   --->   Operation 49 'muxlogic' 'muxLogicRAMAddr_to_S_tile_5_load' <Predicate = (!icmp_ln50)> <Delay = 0.42>
ST_1 : Operation 50 [2/2] (0.62ns) (share mux size 3)   --->   "%S_tile_5_load = load i9 %S_tile_5_addr" [./flashattentionsoftmax.h:52]   --->   Operation 50 'load' 'S_tile_5_load' <Predicate = (!icmp_ln50)> <Delay = 0.62> <CoreInst = "RAM_2P_BRAM">   --->   Core 97 'RAM_2P_BRAM' <Latency = 1> <II = 1> <Delay = 0.86> <Storage> <Opcode : 'load' 'store'> <Ports = 2> <Width = 32> <Depth = 512> <RAM>
ST_1 : Operation 51 [1/1] (0.42ns) (share mux size 2)   --->   "%muxLogicRAMAddr_to_S_tile_6_load = muxlogic i9 %S_tile_6_addr"   --->   Operation 51 'muxlogic' 'muxLogicRAMAddr_to_S_tile_6_load' <Predicate = (!icmp_ln50)> <Delay = 0.42>
ST_1 : Operation 52 [2/2] (0.62ns) (share mux size 3)   --->   "%S_tile_6_load = load i9 %S_tile_6_addr" [./flashattentionsoftmax.h:52]   --->   Operation 52 'load' 'S_tile_6_load' <Predicate = (!icmp_ln50)> <Delay = 0.62> <CoreInst = "RAM_2P_BRAM">   --->   Core 97 'RAM_2P_BRAM' <Latency = 1> <II = 1> <Delay = 0.86> <Storage> <Opcode : 'load' 'store'> <Ports = 2> <Width = 32> <Depth = 512> <RAM>
ST_1 : Operation 53 [1/1] (0.42ns) (share mux size 2)   --->   "%muxLogicRAMAddr_to_S_tile_7_load = muxlogic i9 %S_tile_7_addr"   --->   Operation 53 'muxlogic' 'muxLogicRAMAddr_to_S_tile_7_load' <Predicate = (!icmp_ln50)> <Delay = 0.42>
ST_1 : Operation 54 [2/2] (0.62ns) (share mux size 3)   --->   "%S_tile_7_load = load i9 %S_tile_7_addr" [./flashattentionsoftmax.h:52]   --->   Operation 54 'load' 'S_tile_7_load' <Predicate = (!icmp_ln50)> <Delay = 0.62> <CoreInst = "RAM_2P_BRAM">   --->   Core 97 'RAM_2P_BRAM' <Latency = 1> <II = 1> <Delay = 0.86> <Storage> <Opcode : 'load' 'store'> <Ports = 2> <Width = 32> <Depth = 512> <RAM>
ST_1 : Operation 55 [1/1] (0.36ns)   --->   "%store_ln50 = store i7 %add_ln50, i7 %j" [./flashattentionsoftmax.h:50]   --->   Operation 55 'store' 'store_ln50' <Predicate = (!icmp_ln50)> <Delay = 0.36>
ST_1 : Operation 92 [1/1] (0.00ns)   --->   "%row_max_load = load i32 %row_max"   --->   Operation 92 'load' 'row_max_load' <Predicate = (icmp_ln50)> <Delay = 0.00>
ST_1 : Operation 93 [1/1] (0.00ns)   --->   "%write_ln0 = write void @_ssdm_op_Write.ap_auto.floatP0A, i32 %row_max_out, i32 %row_max_load"   --->   Operation 93 'write' 'write_ln0' <Predicate = (icmp_ln50)> <Delay = 0.00>
ST_1 : Operation 94 [1/1] (0.28ns)   --->   "%ret_ln0 = ret"   --->   Operation 94 'ret' 'ret_ln0' <Predicate = (icmp_ln50)> <Delay = 0.28>

State 2 <SV = 1> <Delay = 4.87>
ST_2 : Operation 56 [1/1] (0.00ns)   --->   "%row_max_load_1 = load i32 %row_max" [./flashattentionsoftmax.h:53]   --->   Operation 56 'load' 'row_max_load_1' <Predicate = true> <Delay = 0.00>
ST_2 : Operation 57 [1/1] (0.00ns)   --->   "%specpipeline_ln51 = specpipeline void @_ssdm_op_SpecPipeline, i32 1, i32 0, i32 0, i32 0, void @empty_27" [./flashattentionsoftmax.h:51]   --->   Operation 57 'specpipeline' 'specpipeline_ln51' <Predicate = true> <Delay = 0.00>
ST_2 : Operation 58 [1/1] (0.00ns)   --->   "%speclooptripcount_ln50 = speclooptripcount void @_ssdm_op_SpecLoopTripCount, i64 64, i64 64, i64 64" [./flashattentionsoftmax.h:50]   --->   Operation 58 'speclooptripcount' 'speclooptripcount_ln50' <Predicate = true> <Delay = 0.00>
ST_2 : Operation 59 [1/1] (0.00ns)   --->   "%specloopname_ln50 = specloopname void @_ssdm_op_SpecLoopName, void @empty_16" [./flashattentionsoftmax.h:50]   --->   Operation 59 'specloopname' 'specloopname_ln50' <Predicate = true> <Delay = 0.00>
ST_2 : Operation 60 [1/1] (0.00ns) (grouped into LUT with out node val)   --->   "%xor_ln52 = xor i1 %icmp_ln52, i1 1" [./flashattentionsoftmax.h:52]   --->   Operation 60 'xor' 'xor_ln52' <Predicate = true> <Delay = 0.00> <CoreInst = "LogicGate">   --->   Core 78 'LogicGate' <Latency = 0> <II = 1> <Delay = 0.25> <FuncUnit> <Opcode : 'and' 'or' 'xor'> <InPorts = 2> <OutPorts = 1>
ST_2 : Operation 61 [1/1] (0.00ns) (grouped into LUT with out node val)   --->   "%or_ln52 = or i1 %xor_ln52, i1 %cmp6_not_read" [./flashattentionsoftmax.h:52]   --->   Operation 61 'or' 'or_ln52' <Predicate = true> <Delay = 0.00> <CoreInst = "LogicGate">   --->   Core 78 'LogicGate' <Latency = 0> <II = 1> <Delay = 0.25> <FuncUnit> <Opcode : 'and' 'or' 'xor'> <InPorts = 2> <OutPorts = 1>
ST_2 : Operation 62 [1/2] ( I:0.86ns O:0.86ns ) (share mux size 3)   --->   "%S_tile_0_load = load i9 %S_tile_0_addr" [./flashattentionsoftmax.h:52]   --->   Operation 62 'load' 'S_tile_0_load' <Predicate = true> <Delay = 0.86> <CoreInst = "RAM_2P_BRAM">   --->   Core 97 'RAM_2P_BRAM' <Latency = 1> <II = 1> <Delay = 0.86> <Storage> <Opcode : 'load' 'store'> <Ports = 2> <Width = 32> <Depth = 512> <RAM>
ST_2 : Operation 63 [1/2] ( I:0.86ns O:0.86ns ) (share mux size 3)   --->   "%S_tile_1_load = load i9 %S_tile_1_addr" [./flashattentionsoftmax.h:52]   --->   Operation 63 'load' 'S_tile_1_load' <Predicate = true> <Delay = 0.86> <CoreInst = "RAM_2P_BRAM">   --->   Core 97 'RAM_2P_BRAM' <Latency = 1> <II = 1> <Delay = 0.86> <Storage> <Opcode : 'load' 'store'> <Ports = 2> <Width = 32> <Depth = 512> <RAM>
ST_2 : Operation 64 [1/2] ( I:0.86ns O:0.86ns ) (share mux size 3)   --->   "%S_tile_2_load = load i9 %S_tile_2_addr" [./flashattentionsoftmax.h:52]   --->   Operation 64 'load' 'S_tile_2_load' <Predicate = true> <Delay = 0.86> <CoreInst = "RAM_2P_BRAM">   --->   Core 97 'RAM_2P_BRAM' <Latency = 1> <II = 1> <Delay = 0.86> <Storage> <Opcode : 'load' 'store'> <Ports = 2> <Width = 32> <Depth = 512> <RAM>
ST_2 : Operation 65 [1/2] ( I:0.86ns O:0.86ns ) (share mux size 3)   --->   "%S_tile_3_load = load i9 %S_tile_3_addr" [./flashattentionsoftmax.h:52]   --->   Operation 65 'load' 'S_tile_3_load' <Predicate = true> <Delay = 0.86> <CoreInst = "RAM_2P_BRAM">   --->   Core 97 'RAM_2P_BRAM' <Latency = 1> <II = 1> <Delay = 0.86> <Storage> <Opcode : 'load' 'store'> <Ports = 2> <Width = 32> <Depth = 512> <RAM>
ST_2 : Operation 66 [1/2] ( I:0.86ns O:0.86ns ) (share mux size 3)   --->   "%S_tile_4_load = load i9 %S_tile_4_addr" [./flashattentionsoftmax.h:52]   --->   Operation 66 'load' 'S_tile_4_load' <Predicate = true> <Delay = 0.86> <CoreInst = "RAM_2P_BRAM">   --->   Core 97 'RAM_2P_BRAM' <Latency = 1> <II = 1> <Delay = 0.86> <Storage> <Opcode : 'load' 'store'> <Ports = 2> <Width = 32> <Depth = 512> <RAM>
ST_2 : Operation 67 [1/2] ( I:0.86ns O:0.86ns ) (share mux size 3)   --->   "%S_tile_5_load = load i9 %S_tile_5_addr" [./flashattentionsoftmax.h:52]   --->   Operation 67 'load' 'S_tile_5_load' <Predicate = true> <Delay = 0.86> <CoreInst = "RAM_2P_BRAM">   --->   Core 97 'RAM_2P_BRAM' <Latency = 1> <II = 1> <Delay = 0.86> <Storage> <Opcode : 'load' 'store'> <Ports = 2> <Width = 32> <Depth = 512> <RAM>
ST_2 : Operation 68 [1/2] ( I:0.86ns O:0.86ns ) (share mux size 3)   --->   "%S_tile_6_load = load i9 %S_tile_6_addr" [./flashattentionsoftmax.h:52]   --->   Operation 68 'load' 'S_tile_6_load' <Predicate = true> <Delay = 0.86> <CoreInst = "RAM_2P_BRAM">   --->   Core 97 'RAM_2P_BRAM' <Latency = 1> <II = 1> <Delay = 0.86> <Storage> <Opcode : 'load' 'store'> <Ports = 2> <Width = 32> <Depth = 512> <RAM>
ST_2 : Operation 69 [1/2] ( I:0.86ns O:0.86ns ) (share mux size 3)   --->   "%S_tile_7_load = load i9 %S_tile_7_addr" [./flashattentionsoftmax.h:52]   --->   Operation 69 'load' 'S_tile_7_load' <Predicate = true> <Delay = 0.86> <CoreInst = "RAM_2P_BRAM">   --->   Core 97 'RAM_2P_BRAM' <Latency = 1> <II = 1> <Delay = 0.86> <Storage> <Opcode : 'load' 'store'> <Ports = 2> <Width = 32> <Depth = 512> <RAM>
ST_2 : Operation 70 [1/1] (0.70ns)   --->   "%tmp = sparsemux i32 @_ssdm_op_SparseMux.ap_auto.8float.float.i3, i3 0, i32 %S_tile_0_load, i3 1, i32 %S_tile_1_load, i3 2, i32 %S_tile_2_load, i3 3, i32 %S_tile_3_load, i3 4, i32 %S_tile_4_load, i3 5, i32 %S_tile_5_load, i3 6, i32 %S_tile_6_load, i3 7, i32 %S_tile_7_load, i32 <undef>, i3 %trunc_ln50" [./flashattentionsoftmax.h:52]   --->   Operation 70 'sparsemux' 'tmp' <Predicate = true> <Delay = 0.70> <CoreInst = "BinarySparseMux_DontCare">   --->   Core 150 'BinarySparseMux_DontCare' <Latency = 0> <II = 1> <Delay = 0.70> <FuncUnit> <Opcode : 'sparsemux'> <InPorts = 0> <OutPorts = 1>
ST_2 : Operation 71 [1/1] (0.41ns) (out node of the LUT)   --->   "%val = select i1 %or_ln52, i32 -1e+30, i32 %tmp" [./flashattentionsoftmax.h:52]   --->   Operation 71 'select' 'val' <Predicate = true> <Delay = 0.41> <CoreInst = "Sel">   --->   Core 77 'Sel' <Latency = 0> <II = 1> <Delay = 0.41> <FuncUnit> <Opcode : 'select'> <InPorts = 3> <OutPorts = 1>
ST_2 : Operation 72 [1/1] (0.00ns)   --->   "%bitcast_ln53 = bitcast i32 %val" [./flashattentionsoftmax.h:53]   --->   Operation 72 'bitcast' 'bitcast_ln53' <Predicate = true> <Delay = 0.00>
ST_2 : Operation 73 [1/1] (0.00ns)   --->   "%tmp_5 = partselect i8 @_ssdm_op_PartSelect.i8.i32.i32.i32, i32 %bitcast_ln53, i32 23, i32 30" [./flashattentionsoftmax.h:53]   --->   Operation 73 'partselect' 'tmp_5' <Predicate = true> <Delay = 0.00>
ST_2 : Operation 74 [1/1] (0.00ns)   --->   "%trunc_ln53 = trunc i32 %bitcast_ln53" [./flashattentionsoftmax.h:53]   --->   Operation 74 'trunc' 'trunc_ln53' <Predicate = true> <Delay = 0.00>
ST_2 : Operation 75 [1/1] (0.00ns)   --->   "%bitcast_ln53_1 = bitcast i32 %row_max_load_1" [./flashattentionsoftmax.h:53]   --->   Operation 75 'bitcast' 'bitcast_ln53_1' <Predicate = true> <Delay = 0.00>
ST_2 : Operation 76 [1/1] (0.00ns)   --->   "%tmp_6 = partselect i8 @_ssdm_op_PartSelect.i8.i32.i32.i32, i32 %bitcast_ln53_1, i32 23, i32 30" [./flashattentionsoftmax.h:53]   --->   Operation 76 'partselect' 'tmp_6' <Predicate = true> <Delay = 0.00>
ST_2 : Operation 77 [1/1] (0.00ns)   --->   "%trunc_ln53_1 = trunc i32 %bitcast_ln53_1" [./flashattentionsoftmax.h:53]   --->   Operation 77 'trunc' 'trunc_ln53_1' <Predicate = true> <Delay = 0.00>
ST_2 : Operation 78 [1/1] (0.55ns)   --->   "%icmp_ln53 = icmp_ne  i8 %tmp_5, i8 255" [./flashattentionsoftmax.h:53]   --->   Operation 78 'icmp' 'icmp_ln53' <Predicate = true> <Delay = 0.55> <CoreInst = "ICmp_EQ">   --->   Core 156 'ICmp_EQ' <Latency = 0> <II = 1> <Delay = 0.55> <FuncUnit> <Opcode : 'seteq' 'setne'> <InPorts = 2> <OutPorts = 1>
ST_2 : Operation 79 [1/1] (0.70ns)   --->   "%icmp_ln53_1 = icmp_eq  i23 %trunc_ln53, i23 0" [./flashattentionsoftmax.h:53]   --->   Operation 79 'icmp' 'icmp_ln53_1' <Predicate = true> <Delay = 0.70> <CoreInst = "ICmp_EQ">   --->   Core 156 'ICmp_EQ' <Latency = 0> <II = 1> <Delay = 0.70> <FuncUnit> <Opcode : 'seteq' 'setne'> <InPorts = 2> <OutPorts = 1>
ST_2 : Operation 80 [1/1] (0.00ns) (grouped into LUT with out node and_ln53_1)   --->   "%or_ln53 = or i1 %icmp_ln53_1, i1 %icmp_ln53" [./flashattentionsoftmax.h:53]   --->   Operation 80 'or' 'or_ln53' <Predicate = true> <Delay = 0.00> <CoreInst = "LogicGate">   --->   Core 78 'LogicGate' <Latency = 0> <II = 1> <Delay = 0.25> <FuncUnit> <Opcode : 'and' 'or' 'xor'> <InPorts = 2> <OutPorts = 1>
ST_2 : Operation 81 [1/1] (0.55ns)   --->   "%icmp_ln53_2 = icmp_ne  i8 %tmp_6, i8 255" [./flashattentionsoftmax.h:53]   --->   Operation 81 'icmp' 'icmp_ln53_2' <Predicate = true> <Delay = 0.55> <CoreInst = "ICmp_EQ">   --->   Core 156 'ICmp_EQ' <Latency = 0> <II = 1> <Delay = 0.55> <FuncUnit> <Opcode : 'seteq' 'setne'> <InPorts = 2> <OutPorts = 1>
ST_2 : Operation 82 [1/1] (0.70ns)   --->   "%icmp_ln53_3 = icmp_eq  i23 %trunc_ln53_1, i23 0" [./flashattentionsoftmax.h:53]   --->   Operation 82 'icmp' 'icmp_ln53_3' <Predicate = true> <Delay = 0.70> <CoreInst = "ICmp_EQ">   --->   Core 156 'ICmp_EQ' <Latency = 0> <II = 1> <Delay = 0.70> <FuncUnit> <Opcode : 'seteq' 'setne'> <InPorts = 2> <OutPorts = 1>
ST_2 : Operation 83 [1/1] (0.00ns) (grouped into LUT with out node and_ln53_1)   --->   "%or_ln53_1 = or i1 %icmp_ln53_3, i1 %icmp_ln53_2" [./flashattentionsoftmax.h:53]   --->   Operation 83 'or' 'or_ln53_1' <Predicate = true> <Delay = 0.00> <CoreInst = "LogicGate">   --->   Core 78 'LogicGate' <Latency = 0> <II = 1> <Delay = 0.25> <FuncUnit> <Opcode : 'and' 'or' 'xor'> <InPorts = 2> <OutPorts = 1>
ST_2 : Operation 84 [1/1] (0.28ns) (share mux size 2)   --->   "%muxLogicI0_to_tmp_7 = muxlogic i32 %val"   --->   Operation 84 'muxlogic' 'muxLogicI0_to_tmp_7' <Predicate = true> <Delay = 0.28>
ST_2 : Operation 85 [1/1] (0.28ns) (share mux size 2)   --->   "%muxLogicI1_to_tmp_7 = muxlogic i32 %row_max_load_1"   --->   Operation 85 'muxlogic' 'muxLogicI1_to_tmp_7' <Predicate = true> <Delay = 0.28>
ST_2 : Operation 86 [1/1] (1.51ns) (share mux size 2)   --->   "%tmp_7 = fcmp_ogt  i32 %val, i32 %row_max_load_1" [./flashattentionsoftmax.h:53]   --->   Operation 86 'fcmp' 'tmp_7' <Predicate = true> <Delay = 1.51> <CoreInst = "FCompare">   --->   Core 23 'FCompare' <Latency = 0> <II = 1> <Delay = 1.51> <FuncUnit> <Opcode : 'fcmp'> <InPorts = 2> <OutPorts = 1>
ST_2 : Operation 87 [1/1] (0.00ns) (grouped into LUT with out node and_ln53_1)   --->   "%and_ln53 = and i1 %tmp_7, i1 %or_ln53" [./flashattentionsoftmax.h:53]   --->   Operation 87 'and' 'and_ln53' <Predicate = true> <Delay = 0.00> <CoreInst = "LogicGate">   --->   Core 78 'LogicGate' <Latency = 0> <II = 1> <Delay = 0.25> <FuncUnit> <Opcode : 'and' 'or' 'xor'> <InPorts = 2> <OutPorts = 1>
ST_2 : Operation 88 [1/1] (0.25ns) (out node of the LUT)   --->   "%and_ln53_1 = and i1 %and_ln53, i1 %or_ln53_1" [./flashattentionsoftmax.h:53]   --->   Operation 88 'and' 'and_ln53_1' <Predicate = true> <Delay = 0.25> <CoreInst = "LogicGate">   --->   Core 78 'LogicGate' <Latency = 0> <II = 1> <Delay = 0.25> <FuncUnit> <Opcode : 'and' 'or' 'xor'> <InPorts = 2> <OutPorts = 1>
ST_2 : Operation 89 [1/1] (0.41ns) (out node of the LUT)   --->   "%row_max_2 = select i1 %and_ln53_1, i32 %val, i32 %row_max_load_1" [./flashattentionsoftmax.h:53]   --->   Operation 89 'select' 'row_max_2' <Predicate = true> <Delay = 0.41> <CoreInst = "Sel">   --->   Core 77 'Sel' <Latency = 0> <II = 1> <Delay = 0.41> <FuncUnit> <Opcode : 'select'> <InPorts = 3> <OutPorts = 1>
ST_2 : Operation 90 [1/1] (0.42ns)   --->   "%store_ln46 = store i32 %row_max_2, i32 %row_max" [./flashattentionsoftmax.h:46]   --->   Operation 90 'store' 'store_ln46' <Predicate = true> <Delay = 0.42>
ST_2 : Operation 91 [1/1] (0.00ns)   --->   "%br_ln50 = br void %for.body4" [./flashattentionsoftmax.h:50]   --->   Operation 91 'br' 'br_ln50' <Predicate = true> <Delay = 0.00>


============================================================
+ Verbose Summary: Binding
============================================================
STG Binding: 
---------------- STG Properties BEGIN ----------------
- Is combinational: 0
- Is one-state seq: 0
- Is datapath-only: 0
- Is pipelined: 0
- Is top level: 0
Port [ Return ] is wired: 1; IO mode=ap_ctrl_hs:ce=0
Port [ i]:  wired=1; compound=0; hidden=0; nouse=0; global=0; static=0; extern=0; dir=0; type=0; pingpong=0; private_global=0; IO mode=ap_none:ce=0
Port [ S_tile_0]:  wired=1; compound=1; hidden=0; nouse=0; global=0; static=0; extern=0; dir=0; type=1; pingpong=0; private_global=0; MemPort=[13]; IO mode=ap_memory:ce=0
Port [ S_tile_1]:  wired=1; compound=1; hidden=0; nouse=0; global=0; static=0; extern=0; dir=0; type=1; pingpong=0; private_global=0; MemPort=[13]; IO mode=ap_memory:ce=0
Port [ S_tile_2]:  wired=1; compound=1; hidden=0; nouse=0; global=0; static=0; extern=0; dir=0; type=1; pingpong=0; private_global=0; MemPort=[13]; IO mode=ap_memory:ce=0
Port [ S_tile_3]:  wired=1; compound=1; hidden=0; nouse=0; global=0; static=0; extern=0; dir=0; type=1; pingpong=0; private_global=0; MemPort=[13]; IO mode=ap_memory:ce=0
Port [ S_tile_4]:  wired=1; compound=1; hidden=0; nouse=0; global=0; static=0; extern=0; dir=0; type=1; pingpong=0; private_global=0; MemPort=[13]; IO mode=ap_memory:ce=0
Port [ S_tile_5]:  wired=1; compound=1; hidden=0; nouse=0; global=0; static=0; extern=0; dir=0; type=1; pingpong=0; private_global=0; MemPort=[13]; IO mode=ap_memory:ce=0
Port [ S_tile_6]:  wired=1; compound=1; hidden=0; nouse=0; global=0; static=0; extern=0; dir=0; type=1; pingpong=0; private_global=0; MemPort=[13]; IO mode=ap_memory:ce=0
Port [ S_tile_7]:  wired=1; compound=1; hidden=0; nouse=0; global=0; static=0; extern=0; dir=0; type=1; pingpong=0; private_global=0; MemPort=[13]; IO mode=ap_memory:ce=0
Port [ bc_actual]:  wired=1; compound=0; hidden=0; nouse=0; global=0; static=0; extern=0; dir=0; type=0; pingpong=0; private_global=0; IO mode=ap_none:ce=0
Port [ cmp6_not]:  wired=1; compound=0; hidden=0; nouse=0; global=0; static=0; extern=0; dir=0; type=0; pingpong=0; private_global=0; IO mode=ap_none:ce=0
Port [ row_max_out]:  wired=1; compound=0; hidden=0; nouse=0; global=0; static=0; extern=0; dir=1; type=0; pingpong=0; private_global=0; IO mode=ap_vld:ce=0
---------------- STG Properties END ------------------

---------------- Datapath Model BEGIN ----------------

<LifeTime>
<method=bitvector/>
row_max                          (alloca           ) [ 011]
j                                (alloca           ) [ 010]
specmemcore_ln0                  (specmemcore      ) [ 000]
specmemcore_ln0                  (specmemcore      ) [ 000]
specmemcore_ln0                  (specmemcore      ) [ 000]
specmemcore_ln0                  (specmemcore      ) [ 000]
specmemcore_ln0                  (specmemcore      ) [ 000]
specmemcore_ln0                  (specmemcore      ) [ 000]
specmemcore_ln0                  (specmemcore      ) [ 000]
specmemcore_ln0                  (specmemcore      ) [ 000]
cmp6_not_read                    (read             ) [ 011]
bc_actual_read                   (read             ) [ 000]
i_read                           (read             ) [ 000]
store_ln50                       (store            ) [ 000]
store_ln46                       (store            ) [ 000]
br_ln0                           (br               ) [ 000]
j_1                              (load             ) [ 000]
add_ln50                         (add              ) [ 000]
icmp_ln50                        (icmp             ) [ 010]
br_ln50                          (br               ) [ 000]
zext_ln50                        (zext             ) [ 000]
trunc_ln50                       (trunc            ) [ 011]
lshr_ln                          (partselect       ) [ 000]
tmp_20                           (bitconcatenate   ) [ 000]
zext_ln52                        (zext             ) [ 000]
S_tile_0_addr                    (getelementptr    ) [ 011]
S_tile_1_addr                    (getelementptr    ) [ 011]
S_tile_2_addr                    (getelementptr    ) [ 011]
S_tile_3_addr                    (getelementptr    ) [ 011]
S_tile_4_addr                    (getelementptr    ) [ 011]
S_tile_5_addr                    (getelementptr    ) [ 011]
S_tile_6_addr                    (getelementptr    ) [ 011]
S_tile_7_addr                    (getelementptr    ) [ 011]
icmp_ln52                        (icmp             ) [ 011]
muxLogicRAMAddr_to_S_tile_0_load (muxlogic         ) [ 000]
muxLogicRAMAddr_to_S_tile_1_load (muxlogic         ) [ 000]
muxLogicRAMAddr_to_S_tile_2_load (muxlogic         ) [ 000]
muxLogicRAMAddr_to_S_tile_3_load (muxlogic         ) [ 000]
muxLogicRAMAddr_to_S_tile_4_load (muxlogic         ) [ 000]
muxLogicRAMAddr_to_S_tile_5_load (muxlogic         ) [ 000]
muxLogicRAMAddr_to_S_tile_6_load (muxlogic         ) [ 000]
muxLogicRAMAddr_to_S_tile_7_load (muxlogic         ) [ 000]
store_ln50                       (store            ) [ 000]
row_max_load_1                   (load             ) [ 000]
specpipeline_ln51                (specpipeline     ) [ 000]
speclooptripcount_ln50           (speclooptripcount) [ 000]
specloopname_ln50                (specloopname     ) [ 000]
xor_ln52                         (xor              ) [ 000]
or_ln52                          (or               ) [ 000]
S_tile_0_load                    (load             ) [ 000]
S_tile_1_load                    (load             ) [ 000]
S_tile_2_load                    (load             ) [ 000]
S_tile_3_load                    (load             ) [ 000]
S_tile_4_load                    (load             ) [ 000]
S_tile_5_load                    (load             ) [ 000]
S_tile_6_load                    (load             ) [ 000]
S_tile_7_load                    (load             ) [ 000]
tmp                              (sparsemux        ) [ 000]
val                              (select           ) [ 000]
bitcast_ln53                     (bitcast          ) [ 000]
tmp_5                            (partselect       ) [ 000]
trunc_ln53                       (trunc            ) [ 000]
bitcast_ln53_1                   (bitcast          ) [ 000]
tmp_6                            (partselect       ) [ 000]
trunc_ln53_1                     (trunc            ) [ 000]
icmp_ln53                        (icmp             ) [ 000]
icmp_ln53_1                      (icmp             ) [ 000]
or_ln53                          (or               ) [ 000]
icmp_ln53_2                      (icmp             ) [ 000]
icmp_ln53_3                      (icmp             ) [ 000]
or_ln53_1                        (or               ) [ 000]
muxLogicI0_to_tmp_7              (muxlogic         ) [ 000]
muxLogicI1_to_tmp_7              (muxlogic         ) [ 000]
tmp_7                            (fcmp             ) [ 000]
and_ln53                         (and              ) [ 000]
and_ln53_1                       (and              ) [ 000]
row_max_2                        (select           ) [ 000]
store_ln46                       (store            ) [ 000]
br_ln50                          (br               ) [ 000]
row_max_load                     (load             ) [ 000]
write_ln0                        (write            ) [ 000]
ret_ln0                          (ret              ) [ 000]
</LifeTime>

<model>

<comp_list>
<comp id="0" class="1000" name="i">
<pin_list>
<pin id="1" dir="1" index="0" bw="1" slack="0"/>
</pin_list>
<bind>
<StgValue><ssdm name="i"/></StgValue>
</bind>
</comp>

<comp id="2" class="1000" name="S_tile_0">
<pin_list>
<pin id="3" dir="1" index="0" bw="1" slack="0"/>
</pin_list>
<bind>
<StgValue><ssdm name="S_tile_0"/><MemPortTyVec>1 3 </MemPortTyVec>
</StgValue>
</bind>
</comp>

<comp id="4" class="1000" name="S_tile_1">
<pin_list>
<pin id="5" dir="1" index="0" bw="1" slack="0"/>
</pin_list>
<bind>
<StgValue><ssdm name="S_tile_1"/><MemPortTyVec>1 3 </MemPortTyVec>
</StgValue>
</bind>
</comp>

<comp id="6" class="1000" name="S_tile_2">
<pin_list>
<pin id="7" dir="1" index="0" bw="1" slack="0"/>
</pin_list>
<bind>
<StgValue><ssdm name="S_tile_2"/><MemPortTyVec>1 3 </MemPortTyVec>
</StgValue>
</bind>
</comp>

<comp id="8" class="1000" name="S_tile_3">
<pin_list>
<pin id="9" dir="1" index="0" bw="1" slack="0"/>
</pin_list>
<bind>
<StgValue><ssdm name="S_tile_3"/><MemPortTyVec>1 3 </MemPortTyVec>
</StgValue>
</bind>
</comp>

<comp id="10" class="1000" name="S_tile_4">
<pin_list>
<pin id="11" dir="1" index="0" bw="1" slack="0"/>
</pin_list>
<bind>
<StgValue><ssdm name="S_tile_4"/><MemPortTyVec>1 3 </MemPortTyVec>
</StgValue>
</bind>
</comp>

<comp id="12" class="1000" name="S_tile_5">
<pin_list>
<pin id="13" dir="1" index="0" bw="1" slack="0"/>
</pin_list>
<bind>
<StgValue><ssdm name="S_tile_5"/><MemPortTyVec>1 3 </MemPortTyVec>
</StgValue>
</bind>
</comp>

<comp id="14" class="1000" name="S_tile_6">
<pin_list>
<pin id="15" dir="1" index="0" bw="1" slack="0"/>
</pin_list>
<bind>
<StgValue><ssdm name="S_tile_6"/><MemPortTyVec>1 3 </MemPortTyVec>
</StgValue>
</bind>
</comp>

<comp id="16" class="1000" name="S_tile_7">
<pin_list>
<pin id="17" dir="1" index="0" bw="1" slack="0"/>
</pin_list>
<bind>
<StgValue><ssdm name="S_tile_7"/><MemPortTyVec>1 3 </MemPortTyVec>
</StgValue>
</bind>
</comp>

<comp id="18" class="1000" name="bc_actual">
<pin_list>
<pin id="19" dir="1" index="0" bw="1" slack="0"/>
</pin_list>
<bind>
<StgValue><ssdm name="bc_actual"/></StgValue>
</bind>
</comp>

<comp id="20" class="1000" name="cmp6_not">
<pin_list>
<pin id="21" dir="1" index="0" bw="1" slack="0"/>
</pin_list>
<bind>
<StgValue><ssdm name="cmp6_not"/></StgValue>
</bind>
</comp>

<comp id="22" class="1000" name="row_max_out">
<pin_list>
<pin id="23" dir="1" index="0" bw="1" slack="0"/>
</pin_list>
<bind>
<StgValue><ssdm name="row_max_out"/></StgValue>
</bind>
</comp>

<comp id="24" class="1001" name="const_24">
<pin_list>
<pin id="25" dir="1" index="0" bw="1" slack="0"/>
</pin_list>
<bind>
<StgValue><ssdm name=""/></StgValue>
</bind>
</comp>

<comp id="26" class="1001" name="const_26">
<pin_list>
<pin id="27" dir="1" index="0" bw="1" slack="2147483647"/>
</pin_list>
<bind>
<StgValue><ssdm name="_ssdm_op_SpecMemCore"/></StgValue>
</bind>
</comp>

<comp id="28" class="1001" name="const_28">
<pin_list>
<pin id="29" dir="1" index="0" bw="1" slack="2147483647"/>
</pin_list>
<bind>
<StgValue><ssdm name=""/></StgValue>
</bind>
</comp>

<comp id="30" class="1001" name="const_30">
<pin_list>
<pin id="31" dir="1" index="0" bw="1" slack="2147483647"/>
</pin_list>
<bind>
<StgValue><ssdm name=""/></StgValue>
</bind>
</comp>

<comp id="32" class="1001" name="const_32">
<pin_list>
<pin id="33" dir="1" index="0" bw="1" slack="2147483647"/>
</pin_list>
<bind>
<StgValue><ssdm name=""/></StgValue>
</bind>
</comp>

<comp id="34" class="1001" name="const_34">
<pin_list>
<pin id="35" dir="1" index="0" bw="1" slack="0"/>
</pin_list>
<bind>
<StgValue><ssdm name="_ssdm_op_Read.ap_auto.i1"/></StgValue>
</bind>
</comp>

<comp id="36" class="1001" name="const_36">
<pin_list>
<pin id="37" dir="1" index="0" bw="1" slack="0"/>
</pin_list>
<bind>
<StgValue><ssdm name="_ssdm_op_Read.ap_auto.i32"/></StgValue>
</bind>
</comp>

<comp id="38" class="1001" name="const_38">
<pin_list>
<pin id="39" dir="1" index="0" bw="1" slack="0"/>
</pin_list>
<bind>
<StgValue><ssdm name="_ssdm_op_Read.ap_auto.i6"/></StgValue>
</bind>
</comp>

<comp id="40" class="1001" name="const_40">
<pin_list>
<pin id="41" dir="1" index="0" bw="1" slack="0"/>
</pin_list>
<bind>
<StgValue><ssdm name=""/></StgValue>
</bind>
</comp>

<comp id="42" class="1001" name="const_42">
<pin_list>
<pin id="43" dir="1" index="0" bw="1" slack="0"/>
</pin_list>
<bind>
<StgValue><ssdm name=""/></StgValue>
</bind>
</comp>

<comp id="44" class="1001" name="const_44">
<pin_list>
<pin id="45" dir="1" index="0" bw="1" slack="0"/>
</pin_list>
<bind>
<StgValue><ssdm name=""/></StgValue>
</bind>
</comp>

<comp id="46" class="1001" name="const_46">
<pin_list>
<pin id="47" dir="1" index="0" bw="1" slack="0"/>
</pin_list>
<bind>
<StgValue><ssdm name=""/></StgValue>
</bind>
</comp>

<comp id="48" class="1001" name="const_48">
<pin_list>
<pin id="49" dir="1" index="0" bw="1" slack="0"/>
</pin_list>
<bind>
<StgValue><ssdm name="_ssdm_op_PartSelect.i3.i7.i32.i32"/></StgValue>
</bind>
</comp>

<comp id="50" class="1001" name="const_50">
<pin_list>
<pin id="51" dir="1" index="0" bw="1" slack="0"/>
</pin_list>
<bind>
<StgValue><ssdm name=""/></StgValue>
</bind>
</comp>

<comp id="52" class="1001" name="const_52">
<pin_list>
<pin id="53" dir="1" index="0" bw="1" slack="0"/>
</pin_list>
<bind>
<StgValue><ssdm name=""/></StgValue>
</bind>
</comp>

<comp id="54" class="1001" name="const_54">
<pin_list>
<pin id="55" dir="1" index="0" bw="1" slack="0"/>
</pin_list>
<bind>
<StgValue><ssdm name="_ssdm_op_BitConcatenate.i9.i6.i3"/></StgValue>
</bind>
</comp>

<comp id="56" class="1001" name="const_56">
<pin_list>
<pin id="57" dir="1" index="0" bw="1" slack="0"/>
</pin_list>
<bind>
<StgValue><ssdm name=""/></StgValue>
</bind>
</comp>

<comp id="58" class="1001" name="const_58">
<pin_list>
<pin id="59" dir="1" index="0" bw="1" slack="2147483647"/>
</pin_list>
<bind>
<StgValue><ssdm name="_ssdm_op_SpecPipeline"/></StgValue>
</bind>
</comp>

<comp id="60" class="1001" name="const_60">
<pin_list>
<pin id="61" dir="1" index="0" bw="1" slack="2147483647"/>
</pin_list>
<bind>
<StgValue><ssdm name=""/></StgValue>
</bind>
</comp>

<comp id="62" class="1001" name="const_62">
<pin_list>
<pin id="63" dir="1" index="0" bw="1" slack="2147483647"/>
</pin_list>
<bind>
<StgValue><ssdm name="empty_27"/></StgValue>
</bind>
</comp>

<comp id="64" class="1001" name="const_64">
<pin_list>
<pin id="65" dir="1" index="0" bw="1" slack="2147483647"/>
</pin_list>
<bind>
<StgValue><ssdm name="_ssdm_op_SpecLoopTripCount"/></StgValue>
</bind>
</comp>

<comp id="66" class="1001" name="const_66">
<pin_list>
<pin id="67" dir="1" index="0" bw="1" slack="2147483647"/>
</pin_list>
<bind>
<StgValue><ssdm name=""/></StgValue>
</bind>
</comp>

<comp id="68" class="1001" name="const_68">
<pin_list>
<pin id="69" dir="1" index="0" bw="1" slack="2147483647"/>
</pin_list>
<bind>
<StgValue><ssdm name="_ssdm_op_SpecLoopName"/></StgValue>
</bind>
</comp>

<comp id="70" class="1001" name="const_70">
<pin_list>
<pin id="71" dir="1" index="0" bw="1" slack="2147483647"/>
</pin_list>
<bind>
<StgValue><ssdm name="empty_16"/></StgValue>
</bind>
</comp>

<comp id="72" class="1001" name="const_72">
<pin_list>
<pin id="73" dir="1" index="0" bw="1" slack="0"/>
</pin_list>
<bind>
<StgValue><ssdm name=""/></StgValue>
</bind>
</comp>

<comp id="74" class="1001" name="const_74">
<pin_list>
<pin id="75" dir="1" index="0" bw="1" slack="0"/>
</pin_list>
<bind>
<StgValue><ssdm name="_ssdm_op_SparseMux.ap_auto.8float.float.i3"/></StgValue>
</bind>
</comp>

<comp id="76" class="1001" name="const_76">
<pin_list>
<pin id="77" dir="1" index="0" bw="1" slack="0"/>
</pin_list>
<bind>
<StgValue><ssdm name=""/></StgValue>
</bind>
</comp>

<comp id="78" class="1001" name="const_78">
<pin_list>
<pin id="79" dir="1" index="0" bw="1" slack="0"/>
</pin_list>
<bind>
<StgValue><ssdm name=""/></StgValue>
</bind>
</comp>

<comp id="80" class="1001" name="const_80">
<pin_list>
<pin id="81" dir="1" index="0" bw="1" slack="0"/>
</pin_list>
<bind>
<StgValue><ssdm name=""/></StgValue>
</bind>
</comp>

<comp id="82" class="1001" name="const_82">
<pin_list>
<pin id="83" dir="1" index="0" bw="1" slack="0"/>
</pin_list>
<bind>
<StgValue><ssdm name=""/></StgValue>
</bind>
</comp>

<comp id="84" class="1001" name="const_84">
<pin_list>
<pin id="85" dir="1" index="0" bw="1" slack="0"/>
</pin_list>
<bind>
<StgValue><ssdm name=""/></StgValue>
</bind>
</comp>

<comp id="86" class="1001" name="const_86">
<pin_list>
<pin id="87" dir="1" index="0" bw="1" slack="0"/>
</pin_list>
<bind>
<StgValue><ssdm name=""/></StgValue>
</bind>
</comp>

<comp id="88" class="1001" name="const_88">
<pin_list>
<pin id="89" dir="1" index="0" bw="1" slack="0"/>
</pin_list>
<bind>
<StgValue><ssdm name=""/></StgValue>
</bind>
</comp>

<comp id="90" class="1001" name="const_90">
<pin_list>
<pin id="91" dir="1" index="0" bw="1" slack="0"/>
</pin_list>
<bind>
<StgValue><ssdm name=""/></StgValue>
</bind>
</comp>

<comp id="92" class="1001" name="const_92">
<pin_list>
<pin id="93" dir="1" index="0" bw="1" slack="0"/>
</pin_list>
<bind>
<StgValue><ssdm name=""/></StgValue>
</bind>
</comp>

<comp id="94" class="1001" name="const_94">
<pin_list>
<pin id="95" dir="1" index="0" bw="1" slack="0"/>
</pin_list>
<bind>
<StgValue><ssdm name="_ssdm_op_PartSelect.i8.i32.i32.i32"/></StgValue>
</bind>
</comp>

<comp id="96" class="1001" name="const_96">
<pin_list>
<pin id="97" dir="1" index="0" bw="1" slack="0"/>
</pin_list>
<bind>
<StgValue><ssdm name=""/></StgValue>
</bind>
</comp>

<comp id="98" class="1001" name="const_98">
<pin_list>
<pin id="99" dir="1" index="0" bw="1" slack="0"/>
</pin_list>
<bind>
<StgValue><ssdm name=""/></StgValue>
</bind>
</comp>

<comp id="100" class="1001" name="const_100">
<pin_list>
<pin id="101" dir="1" index="0" bw="1" slack="0"/>
</pin_list>
<bind>
<StgValue><ssdm name=""/></StgValue>
</bind>
</comp>

<comp id="102" class="1001" name="const_102">
<pin_list>
<pin id="103" dir="1" index="0" bw="1" slack="0"/>
</pin_list>
<bind>
<StgValue><ssdm name=""/></StgValue>
</bind>
</comp>

<comp id="104" class="1001" name="const_104">
<pin_list>
<pin id="105" dir="1" index="0" bw="1" slack="0"/>
</pin_list>
<bind>
<StgValue><ssdm name="_ssdm_op_Write.ap_auto.floatP0A"/></StgValue>
</bind>
</comp>

<comp id="106" class="1004" name="row_max_fu_106">
<pin_list>
<pin id="107" dir="0" index="0" bw="1" slack="0"/>
<pin id="108" dir="1" index="1" bw="32" slack="0"/>
</pin_list>
<bind>
<opcode="alloca(26) " fcode="alloca"/>
<opset="row_max/1 "/>
</bind>
</comp>

<comp id="110" class="1004" name="j_fu_110">
<pin_list>
<pin id="111" dir="0" index="0" bw="1" slack="0"/>
<pin id="112" dir="1" index="1" bw="7" slack="0"/>
</pin_list>
<bind>
<opcode="alloca(26) " fcode="alloca"/>
<opset="j/1 "/>
</bind>
</comp>

<comp id="114" class="1004" name="cmp6_not_read_read_fu_114">
<pin_list>
<pin id="115" dir="0" index="0" bw="1" slack="0"/>
<pin id="116" dir="0" index="1" bw="1" slack="0"/>
<pin id="117" dir="1" index="2" bw="1" slack="1"/>
</pin_list>
<bind>
<opcode="read(1150) " fcode="read"/>
<opset="cmp6_not_read/1 "/>
</bind>
</comp>

<comp id="120" class="1004" name="bc_actual_read_read_fu_120">
<pin_list>
<pin id="121" dir="0" index="0" bw="32" slack="0"/>
<pin id="122" dir="0" index="1" bw="32" slack="0"/>
<pin id="123" dir="1" index="2" bw="32" slack="0"/>
</pin_list>
<bind>
<opcode="read(1150) " fcode="read"/>
<opset="bc_actual_read/1 "/>
</bind>
</comp>

<comp id="126" class="1004" name="i_read_read_fu_126">
<pin_list>
<pin id="127" dir="0" index="0" bw="6" slack="0"/>
<pin id="128" dir="0" index="1" bw="6" slack="0"/>
<pin id="129" dir="1" index="2" bw="6" slack="0"/>
</pin_list>
<bind>
<opcode="read(1150) " fcode="read"/>
<opset="i_read/1 "/>
</bind>
</comp>

<comp id="132" class="1004" name="write_ln0_write_fu_132">
<pin_list>
<pin id="133" dir="0" index="0" bw="0" slack="0"/>
<pin id="134" dir="0" index="1" bw="32" slack="0"/>
<pin id="135" dir="0" index="2" bw="32" slack="0"/>
<pin id="136" dir="1" index="3" bw="0" slack="2147483647"/>
</pin_list>
<bind>
<opcode="write(1151) " fcode="write"/>
<opset="write_ln0/1 "/>
</bind>
</comp>

<comp id="139" class="1004" name="S_tile_0_addr_gep_fu_139">
<pin_list>
<pin id="140" dir="0" index="0" bw="32" slack="0"/>
<pin id="141" dir="0" index="1" bw="1" slack="0"/>
<pin id="142" dir="0" index="2" bw="9" slack="0"/>
<pin id="143" dir="1" index="3" bw="9" slack="0"/>
</pin_list>
<bind>
<opcode="getelementptr(29) " fcode="getelementptr"/>
<opset="S_tile_0_addr/1 "/>
</bind>
</comp>

<comp id="146" class="1004" name="S_tile_1_addr_gep_fu_146">
<pin_list>
<pin id="147" dir="0" index="0" bw="32" slack="0"/>
<pin id="148" dir="0" index="1" bw="1" slack="0"/>
<pin id="149" dir="0" index="2" bw="9" slack="0"/>
<pin id="150" dir="1" index="3" bw="9" slack="0"/>
</pin_list>
<bind>
<opcode="getelementptr(29) " fcode="getelementptr"/>
<opset="S_tile_1_addr/1 "/>
</bind>
</comp>

<comp id="153" class="1004" name="S_tile_2_addr_gep_fu_153">
<pin_list>
<pin id="154" dir="0" index="0" bw="32" slack="0"/>
<pin id="155" dir="0" index="1" bw="1" slack="0"/>
<pin id="156" dir="0" index="2" bw="9" slack="0"/>
<pin id="157" dir="1" index="3" bw="9" slack="0"/>
</pin_list>
<bind>
<opcode="getelementptr(29) " fcode="getelementptr"/>
<opset="S_tile_2_addr/1 "/>
</bind>
</comp>

<comp id="160" class="1004" name="S_tile_3_addr_gep_fu_160">
<pin_list>
<pin id="161" dir="0" index="0" bw="32" slack="0"/>
<pin id="162" dir="0" index="1" bw="1" slack="0"/>
<pin id="163" dir="0" index="2" bw="9" slack="0"/>
<pin id="164" dir="1" index="3" bw="9" slack="0"/>
</pin_list>
<bind>
<opcode="getelementptr(29) " fcode="getelementptr"/>
<opset="S_tile_3_addr/1 "/>
</bind>
</comp>

<comp id="167" class="1004" name="S_tile_4_addr_gep_fu_167">
<pin_list>
<pin id="168" dir="0" index="0" bw="32" slack="0"/>
<pin id="169" dir="0" index="1" bw="1" slack="0"/>
<pin id="170" dir="0" index="2" bw="9" slack="0"/>
<pin id="171" dir="1" index="3" bw="9" slack="0"/>
</pin_list>
<bind>
<opcode="getelementptr(29) " fcode="getelementptr"/>
<opset="S_tile_4_addr/1 "/>
</bind>
</comp>

<comp id="174" class="1004" name="S_tile_5_addr_gep_fu_174">
<pin_list>
<pin id="175" dir="0" index="0" bw="32" slack="0"/>
<pin id="176" dir="0" index="1" bw="1" slack="0"/>
<pin id="177" dir="0" index="2" bw="9" slack="0"/>
<pin id="178" dir="1" index="3" bw="9" slack="0"/>
</pin_list>
<bind>
<opcode="getelementptr(29) " fcode="getelementptr"/>
<opset="S_tile_5_addr/1 "/>
</bind>
</comp>

<comp id="181" class="1004" name="S_tile_6_addr_gep_fu_181">
<pin_list>
<pin id="182" dir="0" index="0" bw="32" slack="0"/>
<pin id="183" dir="0" index="1" bw="1" slack="0"/>
<pin id="184" dir="0" index="2" bw="9" slack="0"/>
<pin id="185" dir="1" index="3" bw="9" slack="0"/>
</pin_list>
<bind>
<opcode="getelementptr(29) " fcode="getelementptr"/>
<opset="S_tile_6_addr/1 "/>
</bind>
</comp>

<comp id="188" class="1004" name="S_tile_7_addr_gep_fu_188">
<pin_list>
<pin id="189" dir="0" index="0" bw="32" slack="0"/>
<pin id="190" dir="0" index="1" bw="1" slack="0"/>
<pin id="191" dir="0" index="2" bw="9" slack="0"/>
<pin id="192" dir="1" index="3" bw="9" slack="0"/>
</pin_list>
<bind>
<opcode="getelementptr(29) " fcode="getelementptr"/>
<opset="S_tile_7_addr/1 "/>
</bind>
</comp>

<comp id="195" class="1004" name="grp_access_fu_195">
<pin_list>
<pin id="196" dir="0" index="0" bw="9" slack="0"/>
<pin id="197" dir="0" index="1" bw="32" slack="2147483647"/>
<pin id="198" dir="0" index="2" bw="0" slack="2147483647"/>
<pin id="199" dir="1" index="3" bw="32" slack="0"/>
</pin_list>
<bind>
<opcode="load(27) " fcode="load"/>
<opset="S_tile_0_load/1 "/>
</bind>
</comp>

<comp id="201" class="1004" name="grp_access_fu_201">
<pin_list>
<pin id="202" dir="0" index="0" bw="9" slack="0"/>
<pin id="203" dir="0" index="1" bw="32" slack="2147483647"/>
<pin id="204" dir="0" index="2" bw="0" slack="2147483647"/>
<pin id="205" dir="1" index="3" bw="32" slack="0"/>
</pin_list>
<bind>
<opcode="load(27) " fcode="load"/>
<opset="S_tile_1_load/1 "/>
</bind>
</comp>

<comp id="207" class="1004" name="grp_access_fu_207">
<pin_list>
<pin id="208" dir="0" index="0" bw="9" slack="0"/>
<pin id="209" dir="0" index="1" bw="32" slack="2147483647"/>
<pin id="210" dir="0" index="2" bw="0" slack="2147483647"/>
<pin id="211" dir="1" index="3" bw="32" slack="0"/>
</pin_list>
<bind>
<opcode="load(27) " fcode="load"/>
<opset="S_tile_2_load/1 "/>
</bind>
</comp>

<comp id="213" class="1004" name="grp_access_fu_213">
<pin_list>
<pin id="214" dir="0" index="0" bw="9" slack="0"/>
<pin id="215" dir="0" index="1" bw="32" slack="2147483647"/>
<pin id="216" dir="0" index="2" bw="0" slack="2147483647"/>
<pin id="217" dir="1" index="3" bw="32" slack="0"/>
</pin_list>
<bind>
<opcode="load(27) " fcode="load"/>
<opset="S_tile_3_load/1 "/>
</bind>
</comp>

<comp id="219" class="1004" name="grp_access_fu_219">
<pin_list>
<pin id="220" dir="0" index="0" bw="9" slack="0"/>
<pin id="221" dir="0" index="1" bw="32" slack="2147483647"/>
<pin id="222" dir="0" index="2" bw="0" slack="2147483647"/>
<pin id="223" dir="1" index="3" bw="32" slack="0"/>
</pin_list>
<bind>
<opcode="load(27) " fcode="load"/>
<opset="S_tile_4_load/1 "/>
</bind>
</comp>

<comp id="225" class="1004" name="grp_access_fu_225">
<pin_list>
<pin id="226" dir="0" index="0" bw="9" slack="0"/>
<pin id="227" dir="0" index="1" bw="32" slack="2147483647"/>
<pin id="228" dir="0" index="2" bw="0" slack="2147483647"/>
<pin id="229" dir="1" index="3" bw="32" slack="0"/>
</pin_list>
<bind>
<opcode="load(27) " fcode="load"/>
<opset="S_tile_5_load/1 "/>
</bind>
</comp>

<comp id="231" class="1004" name="grp_access_fu_231">
<pin_list>
<pin id="232" dir="0" index="0" bw="9" slack="0"/>
<pin id="233" dir="0" index="1" bw="32" slack="2147483647"/>
<pin id="234" dir="0" index="2" bw="0" slack="2147483647"/>
<pin id="235" dir="1" index="3" bw="32" slack="0"/>
</pin_list>
<bind>
<opcode="load(27) " fcode="load"/>
<opset="S_tile_6_load/1 "/>
</bind>
</comp>

<comp id="237" class="1004" name="grp_access_fu_237">
<pin_list>
<pin id="238" dir="0" index="0" bw="9" slack="0"/>
<pin id="239" dir="0" index="1" bw="32" slack="2147483647"/>
<pin id="240" dir="0" index="2" bw="0" slack="2147483647"/>
<pin id="241" dir="1" index="3" bw="32" slack="0"/>
</pin_list>
<bind>
<opcode="load(27) " fcode="load"/>
<opset="S_tile_7_load/1 "/>
</bind>
</comp>

<comp id="243" class="1004" name="tmp_7_fu_243">
<pin_list>
<pin id="244" dir="0" index="0" bw="32" slack="0"/>
<pin id="245" dir="0" index="1" bw="32" slack="0"/>
<pin id="246" dir="1" index="2" bw="1" slack="0"/>
</pin_list>
<bind>
<opcode="fcmp(46) " fcode="fcmp"/>
<opset="tmp_7/2 "/>
</bind>
</comp>

<comp id="247" class="1004" name="store_ln50_store_fu_247">
<pin_list>
<pin id="248" dir="0" index="0" bw="1" slack="0"/>
<pin id="249" dir="0" index="1" bw="7" slack="0"/>
<pin id="250" dir="1" index="2" bw="0" slack="2147483647"/>
</pin_list>
<bind>
<opcode="store(28) " fcode="store"/>
<opset="store_ln50/1 "/>
</bind>
</comp>

<comp id="252" class="1004" name="store_ln46_store_fu_252">
<pin_list>
<pin id="253" dir="0" index="0" bw="32" slack="0"/>
<pin id="254" dir="0" index="1" bw="32" slack="0"/>
<pin id="255" dir="1" index="2" bw="0" slack="2147483647"/>
</pin_list>
<bind>
<opcode="store(28) " fcode="store"/>
<opset="store_ln46/1 "/>
</bind>
</comp>

<comp id="257" class="1004" name="j_1_load_fu_257">
<pin_list>
<pin id="258" dir="0" index="0" bw="7" slack="0"/>
<pin id="259" dir="1" index="1" bw="7" slack="0"/>
</pin_list>
<bind>
<opcode="load(27) " fcode="load"/>
<opset="j_1/1 "/>
</bind>
</comp>

<comp id="260" class="1004" name="add_ln50_fu_260">
<pin_list>
<pin id="261" dir="0" index="0" bw="7" slack="0"/>
<pin id="262" dir="0" index="1" bw="1" slack="0"/>
<pin id="263" dir="1" index="2" bw="7" slack="0"/>
</pin_list>
<bind>
<opcode="add(8) " fcode="add"/>
<opset="add_ln50/1 "/>
</bind>
</comp>

<comp id="266" class="1004" name="icmp_ln50_fu_266">
<pin_list>
<pin id="267" dir="0" index="0" bw="7" slack="0"/>
<pin id="268" dir="0" index="1" bw="7" slack="0"/>
<pin id="269" dir="1" index="2" bw="1" slack="2147483647"/>
</pin_list>
<bind>
<opcode="icmp(45) " fcode="icmp"/>
<opset="icmp_ln50/1 "/>
</bind>
</comp>

<comp id="272" class="1004" name="zext_ln50_fu_272">
<pin_list>
<pin id="273" dir="0" index="0" bw="7" slack="0"/>
<pin id="274" dir="1" index="1" bw="32" slack="0"/>
</pin_list>
<bind>
<opcode="zext(34) " fcode="zext"/>
<opset="zext_ln50/1 "/>
</bind>
</comp>

<comp id="276" class="1004" name="trunc_ln50_fu_276">
<pin_list>
<pin id="277" dir="0" index="0" bw="7" slack="0"/>
<pin id="278" dir="1" index="1" bw="3" slack="1"/>
</pin_list>
<bind>
<opcode="trunc(33) " fcode="trunc"/>
<opset="trunc_ln50/1 "/>
</bind>
</comp>

<comp id="280" class="1004" name="lshr_ln_fu_280">
<pin_list>
<pin id="281" dir="0" index="0" bw="3" slack="0"/>
<pin id="282" dir="0" index="1" bw="7" slack="0"/>
<pin id="283" dir="0" index="2" bw="3" slack="0"/>
<pin id="284" dir="0" index="3" bw="4" slack="0"/>
<pin id="285" dir="1" index="4" bw="3" slack="0"/>
</pin_list>
<bind>
<opcode="partselect(1002) " fcode="partselect"/>
<opset="lshr_ln/1 "/>
</bind>
</comp>

<comp id="290" class="1004" name="tmp_20_fu_290">
<pin_list>
<pin id="291" dir="0" index="0" bw="9" slack="0"/>
<pin id="292" dir="0" index="1" bw="6" slack="0"/>
<pin id="293" dir="0" index="2" bw="3" slack="0"/>
<pin id="294" dir="1" index="3" bw="9" slack="0"/>
</pin_list>
<bind>
<opcode="bitconcatenate(1004) " fcode="bitconcatenate"/>
<opset="tmp_20/1 "/>
</bind>
</comp>

<comp id="298" class="1004" name="zext_ln52_fu_298">
<pin_list>
<pin id="299" dir="0" index="0" bw="9" slack="0"/>
<pin id="300" dir="1" index="1" bw="64" slack="0"/>
</pin_list>
<bind>
<opcode="zext(34) " fcode="zext"/>
<opset="zext_ln52/1 "/>
</bind>
</comp>

<comp id="310" class="1004" name="icmp_ln52_fu_310">
<pin_list>
<pin id="311" dir="0" index="0" bw="32" slack="0"/>
<pin id="312" dir="0" index="1" bw="32" slack="0"/>
<pin id="313" dir="1" index="2" bw="1" slack="1"/>
</pin_list>
<bind>
<opcode="icmp(45) " fcode="icmp"/>
<opset="icmp_ln52/1 "/>
</bind>
</comp>

<comp id="316" class="1004" name="muxLogicRAMAddr_to_S_tile_0_load_fu_316">
<pin_list>
<pin id="317" dir="0" index="0" bw="9" slack="0"/>
<pin id="318" dir="1" index="1" bw="32" slack="2147483647"/>
</pin_list>
<bind>
<opcode="muxlogic(592) " fcode="muxlogic"/>
<opset="muxLogicRAMAddr_to_S_tile_0_load/1 "/>
</bind>
</comp>

<comp id="320" class="1004" name="muxLogicRAMAddr_to_S_tile_1_load_fu_320">
<pin_list>
<pin id="321" dir="0" index="0" bw="9" slack="0"/>
<pin id="322" dir="1" index="1" bw="32" slack="2147483647"/>
</pin_list>
<bind>
<opcode="muxlogic(592) " fcode="muxlogic"/>
<opset="muxLogicRAMAddr_to_S_tile_1_load/1 "/>
</bind>
</comp>

<comp id="324" class="1004" name="muxLogicRAMAddr_to_S_tile_2_load_fu_324">
<pin_list>
<pin id="325" dir="0" index="0" bw="9" slack="0"/>
<pin id="326" dir="1" index="1" bw="32" slack="2147483647"/>
</pin_list>
<bind>
<opcode="muxlogic(592) " fcode="muxlogic"/>
<opset="muxLogicRAMAddr_to_S_tile_2_load/1 "/>
</bind>
</comp>

<comp id="328" class="1004" name="muxLogicRAMAddr_to_S_tile_3_load_fu_328">
<pin_list>
<pin id="329" dir="0" index="0" bw="9" slack="0"/>
<pin id="330" dir="1" index="1" bw="32" slack="2147483647"/>
</pin_list>
<bind>
<opcode="muxlogic(592) " fcode="muxlogic"/>
<opset="muxLogicRAMAddr_to_S_tile_3_load/1 "/>
</bind>
</comp>

<comp id="332" class="1004" name="muxLogicRAMAddr_to_S_tile_4_load_fu_332">
<pin_list>
<pin id="333" dir="0" index="0" bw="9" slack="0"/>
<pin id="334" dir="1" index="1" bw="32" slack="2147483647"/>
</pin_list>
<bind>
<opcode="muxlogic(592) " fcode="muxlogic"/>
<opset="muxLogicRAMAddr_to_S_tile_4_load/1 "/>
</bind>
</comp>

<comp id="336" class="1004" name="muxLogicRAMAddr_to_S_tile_5_load_fu_336">
<pin_list>
<pin id="337" dir="0" index="0" bw="9" slack="0"/>
<pin id="338" dir="1" index="1" bw="32" slack="2147483647"/>
</pin_list>
<bind>
<opcode="muxlogic(592) " fcode="muxlogic"/>
<opset="muxLogicRAMAddr_to_S_tile_5_load/1 "/>
</bind>
</comp>

<comp id="340" class="1004" name="muxLogicRAMAddr_to_S_tile_6_load_fu_340">
<pin_list>
<pin id="341" dir="0" index="0" bw="9" slack="0"/>
<pin id="342" dir="1" index="1" bw="32" slack="2147483647"/>
</pin_list>
<bind>
<opcode="muxlogic(592) " fcode="muxlogic"/>
<opset="muxLogicRAMAddr_to_S_tile_6_load/1 "/>
</bind>
</comp>

<comp id="344" class="1004" name="muxLogicRAMAddr_to_S_tile_7_load_fu_344">
<pin_list>
<pin id="345" dir="0" index="0" bw="9" slack="0"/>
<pin id="346" dir="1" index="1" bw="32" slack="2147483647"/>
</pin_list>
<bind>
<opcode="muxlogic(592) " fcode="muxlogic"/>
<opset="muxLogicRAMAddr_to_S_tile_7_load/1 "/>
</bind>
</comp>

<comp id="348" class="1004" name="store_ln50_store_fu_348">
<pin_list>
<pin id="349" dir="0" index="0" bw="7" slack="0"/>
<pin id="350" dir="0" index="1" bw="7" slack="0"/>
<pin id="351" dir="1" index="2" bw="0" slack="2147483647"/>
</pin_list>
<bind>
<opcode="store(28) " fcode="store"/>
<opset="store_ln50/1 "/>
</bind>
</comp>

<comp id="353" class="1004" name="row_max_load_1_load_fu_353">
<pin_list>
<pin id="354" dir="0" index="0" bw="32" slack="1"/>
<pin id="355" dir="1" index="1" bw="32" slack="0"/>
</pin_list>
<bind>
<opcode="load(27) " fcode="load"/>
<opset="row_max_load_1/2 "/>
</bind>
</comp>

<comp id="357" class="1004" name="xor_ln52_fu_357">
<pin_list>
<pin id="358" dir="0" index="0" bw="1" slack="1"/>
<pin id="359" dir="0" index="1" bw="1" slack="0"/>
<pin id="360" dir="1" index="2" bw="1" slack="0"/>
</pin_list>
<bind>
<opcode="xor(25) " fcode="xor"/>
<opset="xor_ln52/2 "/>
</bind>
</comp>

<comp id="362" class="1004" name="or_ln52_fu_362">
<pin_list>
<pin id="363" dir="0" index="0" bw="1" slack="0"/>
<pin id="364" dir="0" index="1" bw="1" slack="1"/>
<pin id="365" dir="1" index="2" bw="1" slack="0"/>
</pin_list>
<bind>
<opcode="or(24) " fcode="or"/>
<opset="or_ln52/2 "/>
</bind>
</comp>

<comp id="367" class="1004" name="tmp_fu_367">
<pin_list>
<pin id="368" dir="0" index="0" bw="32" slack="0"/>
<pin id="369" dir="0" index="1" bw="3" slack="0"/>
<pin id="370" dir="0" index="2" bw="32" slack="0"/>
<pin id="371" dir="0" index="3" bw="3" slack="0"/>
<pin id="372" dir="0" index="4" bw="32" slack="0"/>
<pin id="373" dir="0" index="5" bw="3" slack="0"/>
<pin id="374" dir="0" index="6" bw="32" slack="0"/>
<pin id="375" dir="0" index="7" bw="3" slack="0"/>
<pin id="376" dir="0" index="8" bw="32" slack="0"/>
<pin id="377" dir="0" index="9" bw="3" slack="0"/>
<pin id="378" dir="0" index="10" bw="32" slack="0"/>
<pin id="379" dir="0" index="11" bw="3" slack="0"/>
<pin id="380" dir="0" index="12" bw="32" slack="0"/>
<pin id="381" dir="0" index="13" bw="3" slack="0"/>
<pin id="382" dir="0" index="14" bw="32" slack="0"/>
<pin id="383" dir="0" index="15" bw="3" slack="0"/>
<pin id="384" dir="0" index="16" bw="32" slack="0"/>
<pin id="385" dir="0" index="17" bw="32" slack="0"/>
<pin id="386" dir="0" index="18" bw="3" slack="1"/>
<pin id="387" dir="1" index="19" bw="32" slack="0"/>
</pin_list>
<bind>
<opcode="sparsemux(1197) " fcode="sparsemux"/>
<opset="tmp/2 "/>
</bind>
</comp>

<comp id="406" class="1004" name="val_fu_406">
<pin_list>
<pin id="407" dir="0" index="0" bw="1" slack="0"/>
<pin id="408" dir="0" index="1" bw="32" slack="0"/>
<pin id="409" dir="0" index="2" bw="32" slack="0"/>
<pin id="410" dir="1" index="3" bw="32" slack="0"/>
</pin_list>
<bind>
<opcode="select(49) " fcode="select"/>
<opset="val/2 "/>
</bind>
</comp>

<comp id="415" class="1004" name="bitcast_ln53_fu_415">
<pin_list>
<pin id="416" dir="0" index="0" bw="32" slack="0"/>
<pin id="417" dir="1" index="1" bw="32" slack="0"/>
</pin_list>
<bind>
<opcode="bitcast(44) " fcode="bitcast"/>
<opset="bitcast_ln53/2 "/>
</bind>
</comp>

<comp id="419" class="1004" name="tmp_5_fu_419">
<pin_list>
<pin id="420" dir="0" index="0" bw="8" slack="0"/>
<pin id="421" dir="0" index="1" bw="32" slack="0"/>
<pin id="422" dir="0" index="2" bw="6" slack="0"/>
<pin id="423" dir="0" index="3" bw="6" slack="0"/>
<pin id="424" dir="1" index="4" bw="8" slack="0"/>
</pin_list>
<bind>
<opcode="partselect(1002) " fcode="partselect"/>
<opset="tmp_5/2 "/>
</bind>
</comp>

<comp id="429" class="1004" name="trunc_ln53_fu_429">
<pin_list>
<pin id="430" dir="0" index="0" bw="32" slack="0"/>
<pin id="431" dir="1" index="1" bw="23" slack="0"/>
</pin_list>
<bind>
<opcode="trunc(33) " fcode="trunc"/>
<opset="trunc_ln53/2 "/>
</bind>
</comp>

<comp id="433" class="1004" name="bitcast_ln53_1_fu_433">
<pin_list>
<pin id="434" dir="0" index="0" bw="32" slack="0"/>
<pin id="435" dir="1" index="1" bw="32" slack="0"/>
</pin_list>
<bind>
<opcode="bitcast(44) " fcode="bitcast"/>
<opset="bitcast_ln53_1/2 "/>
</bind>
</comp>

<comp id="437" class="1004" name="tmp_6_fu_437">
<pin_list>
<pin id="438" dir="0" index="0" bw="8" slack="0"/>
<pin id="439" dir="0" index="1" bw="32" slack="0"/>
<pin id="440" dir="0" index="2" bw="6" slack="0"/>
<pin id="441" dir="0" index="3" bw="6" slack="0"/>
<pin id="442" dir="1" index="4" bw="8" slack="0"/>
</pin_list>
<bind>
<opcode="partselect(1002) " fcode="partselect"/>
<opset="tmp_6/2 "/>
</bind>
</comp>

<comp id="447" class="1004" name="trunc_ln53_1_fu_447">
<pin_list>
<pin id="448" dir="0" index="0" bw="32" slack="0"/>
<pin id="449" dir="1" index="1" bw="23" slack="0"/>
</pin_list>
<bind>
<opcode="trunc(33) " fcode="trunc"/>
<opset="trunc_ln53_1/2 "/>
</bind>
</comp>

<comp id="451" class="1004" name="icmp_ln53_fu_451">
<pin_list>
<pin id="452" dir="0" index="0" bw="8" slack="0"/>
<pin id="453" dir="0" index="1" bw="8" slack="0"/>
<pin id="454" dir="1" index="2" bw="1" slack="0"/>
</pin_list>
<bind>
<opcode="icmp(45) " fcode="icmp"/>
<opset="icmp_ln53/2 "/>
</bind>
</comp>

<comp id="457" class="1004" name="icmp_ln53_1_fu_457">
<pin_list>
<pin id="458" dir="0" index="0" bw="23" slack="0"/>
<pin id="459" dir="0" index="1" bw="23" slack="0"/>
<pin id="460" dir="1" index="2" bw="1" slack="0"/>
</pin_list>
<bind>
<opcode="icmp(45) " fcode="icmp"/>
<opset="icmp_ln53_1/2 "/>
</bind>
</comp>

<comp id="463" class="1004" name="or_ln53_fu_463">
<pin_list>
<pin id="464" dir="0" index="0" bw="1" slack="0"/>
<pin id="465" dir="0" index="1" bw="1" slack="0"/>
<pin id="466" dir="1" index="2" bw="1" slack="0"/>
</pin_list>
<bind>
<opcode="or(24) " fcode="or"/>
<opset="or_ln53/2 "/>
</bind>
</comp>

<comp id="469" class="1004" name="icmp_ln53_2_fu_469">
<pin_list>
<pin id="470" dir="0" index="0" bw="8" slack="0"/>
<pin id="471" dir="0" index="1" bw="8" slack="0"/>
<pin id="472" dir="1" index="2" bw="1" slack="0"/>
</pin_list>
<bind>
<opcode="icmp(45) " fcode="icmp"/>
<opset="icmp_ln53_2/2 "/>
</bind>
</comp>

<comp id="475" class="1004" name="icmp_ln53_3_fu_475">
<pin_list>
<pin id="476" dir="0" index="0" bw="23" slack="0"/>
<pin id="477" dir="0" index="1" bw="23" slack="0"/>
<pin id="478" dir="1" index="2" bw="1" slack="0"/>
</pin_list>
<bind>
<opcode="icmp(45) " fcode="icmp"/>
<opset="icmp_ln53_3/2 "/>
</bind>
</comp>

<comp id="481" class="1004" name="or_ln53_1_fu_481">
<pin_list>
<pin id="482" dir="0" index="0" bw="1" slack="0"/>
<pin id="483" dir="0" index="1" bw="1" slack="0"/>
<pin id="484" dir="1" index="2" bw="1" slack="0"/>
</pin_list>
<bind>
<opcode="or(24) " fcode="or"/>
<opset="or_ln53_1/2 "/>
</bind>
</comp>

<comp id="487" class="1004" name="muxLogicI0_to_tmp_7_fu_487">
<pin_list>
<pin id="488" dir="0" index="0" bw="32" slack="0"/>
<pin id="489" dir="1" index="1" bw="1" slack="2147483647"/>
</pin_list>
<bind>
<opcode="muxlogic(592) " fcode="muxlogic"/>
<opset="muxLogicI0_to_tmp_7/2 "/>
</bind>
</comp>

<comp id="491" class="1004" name="muxLogicI1_to_tmp_7_fu_491">
<pin_list>
<pin id="492" dir="0" index="0" bw="32" slack="0"/>
<pin id="493" dir="1" index="1" bw="1" slack="2147483647"/>
</pin_list>
<bind>
<opcode="muxlogic(592) " fcode="muxlogic"/>
<opset="muxLogicI1_to_tmp_7/2 "/>
</bind>
</comp>

<comp id="495" class="1004" name="and_ln53_fu_495">
<pin_list>
<pin id="496" dir="0" index="0" bw="1" slack="0"/>
<pin id="497" dir="0" index="1" bw="1" slack="0"/>
<pin id="498" dir="1" index="2" bw="1" slack="0"/>
</pin_list>
<bind>
<opcode="and(23) " fcode="and"/>
<opset="and_ln53/2 "/>
</bind>
</comp>

<comp id="501" class="1004" name="and_ln53_1_fu_501">
<pin_list>
<pin id="502" dir="0" index="0" bw="1" slack="0"/>
<pin id="503" dir="0" index="1" bw="1" slack="0"/>
<pin id="504" dir="1" index="2" bw="1" slack="0"/>
</pin_list>
<bind>
<opcode="and(23) " fcode="and"/>
<opset="and_ln53_1/2 "/>
</bind>
</comp>

<comp id="507" class="1004" name="row_max_2_fu_507">
<pin_list>
<pin id="508" dir="0" index="0" bw="1" slack="0"/>
<pin id="509" dir="0" index="1" bw="32" slack="0"/>
<pin id="510" dir="0" index="2" bw="32" slack="0"/>
<pin id="511" dir="1" index="3" bw="32" slack="0"/>
</pin_list>
<bind>
<opcode="select(49) " fcode="select"/>
<opset="row_max_2/2 "/>
</bind>
</comp>

<comp id="515" class="1004" name="store_ln46_store_fu_515">
<pin_list>
<pin id="516" dir="0" index="0" bw="32" slack="0"/>
<pin id="517" dir="0" index="1" bw="32" slack="1"/>
<pin id="518" dir="1" index="2" bw="0" slack="2147483647"/>
</pin_list>
<bind>
<opcode="store(28) " fcode="store"/>
<opset="store_ln46/2 "/>
</bind>
</comp>

<comp id="520" class="1004" name="row_max_load_load_fu_520">
<pin_list>
<pin id="521" dir="0" index="0" bw="32" slack="0"/>
<pin id="522" dir="1" index="1" bw="32" slack="0"/>
</pin_list>
<bind>
<opcode="load(27) " fcode="load"/>
<opset="row_max_load/1 "/>
</bind>
</comp>

<comp id="524" class="1005" name="row_max_reg_524">
<pin_list>
<pin id="525" dir="0" index="0" bw="32" slack="0"/>
<pin id="526" dir="1" index="1" bw="32" slack="0"/>
</pin_list>
<bind>
<opset="row_max "/>
</bind>
</comp>

<comp id="532" class="1005" name="j_reg_532">
<pin_list>
<pin id="533" dir="0" index="0" bw="7" slack="0"/>
<pin id="534" dir="1" index="1" bw="7" slack="0"/>
</pin_list>
<bind>
<opset="j "/>
</bind>
</comp>

<comp id="539" class="1005" name="cmp6_not_read_reg_539">
<pin_list>
<pin id="540" dir="0" index="0" bw="1" slack="1"/>
<pin id="541" dir="1" index="1" bw="1" slack="1"/>
</pin_list>
<bind>
<opset="cmp6_not_read "/>
</bind>
</comp>

<comp id="547" class="1005" name="trunc_ln50_reg_547">
<pin_list>
<pin id="548" dir="0" index="0" bw="3" slack="1"/>
<pin id="549" dir="1" index="1" bw="3" slack="1"/>
</pin_list>
<bind>
<opset="trunc_ln50 "/>
</bind>
</comp>

<comp id="552" class="1005" name="S_tile_0_addr_reg_552">
<pin_list>
<pin id="553" dir="0" index="0" bw="9" slack="1"/>
<pin id="554" dir="1" index="1" bw="9" slack="1"/>
</pin_list>
<bind>
<opset="S_tile_0_addr "/>
</bind>
</comp>

<comp id="557" class="1005" name="S_tile_1_addr_reg_557">
<pin_list>
<pin id="558" dir="0" index="0" bw="9" slack="1"/>
<pin id="559" dir="1" index="1" bw="9" slack="1"/>
</pin_list>
<bind>
<opset="S_tile_1_addr "/>
</bind>
</comp>

<comp id="562" class="1005" name="S_tile_2_addr_reg_562">
<pin_list>
<pin id="563" dir="0" index="0" bw="9" slack="1"/>
<pin id="564" dir="1" index="1" bw="9" slack="1"/>
</pin_list>
<bind>
<opset="S_tile_2_addr "/>
</bind>
</comp>

<comp id="567" class="1005" name="S_tile_3_addr_reg_567">
<pin_list>
<pin id="568" dir="0" index="0" bw="9" slack="1"/>
<pin id="569" dir="1" index="1" bw="9" slack="1"/>
</pin_list>
<bind>
<opset="S_tile_3_addr "/>
</bind>
</comp>

<comp id="572" class="1005" name="S_tile_4_addr_reg_572">
<pin_list>
<pin id="573" dir="0" index="0" bw="9" slack="1"/>
<pin id="574" dir="1" index="1" bw="9" slack="1"/>
</pin_list>
<bind>
<opset="S_tile_4_addr "/>
</bind>
</comp>

<comp id="577" class="1005" name="S_tile_5_addr_reg_577">
<pin_list>
<pin id="578" dir="0" index="0" bw="9" slack="1"/>
<pin id="579" dir="1" index="1" bw="9" slack="1"/>
</pin_list>
<bind>
<opset="S_tile_5_addr "/>
</bind>
</comp>

<comp id="582" class="1005" name="S_tile_6_addr_reg_582">
<pin_list>
<pin id="583" dir="0" index="0" bw="9" slack="1"/>
<pin id="584" dir="1" index="1" bw="9" slack="1"/>
</pin_list>
<bind>
<opset="S_tile_6_addr "/>
</bind>
</comp>

<comp id="587" class="1005" name="S_tile_7_addr_reg_587">
<pin_list>
<pin id="588" dir="0" index="0" bw="9" slack="1"/>
<pin id="589" dir="1" index="1" bw="9" slack="1"/>
</pin_list>
<bind>
<opset="S_tile_7_addr "/>
</bind>
</comp>

<comp id="592" class="1005" name="icmp_ln52_reg_592">
<pin_list>
<pin id="593" dir="0" index="0" bw="1" slack="1"/>
<pin id="594" dir="1" index="1" bw="1" slack="1"/>
</pin_list>
<bind>
<opset="icmp_ln52 "/>
</bind>
</comp>

</comp_list>

<net_list>
<net id="109"><net_src comp="24" pin="0"/><net_sink comp="106" pin=0"/></net>

<net id="113"><net_src comp="24" pin="0"/><net_sink comp="110" pin=0"/></net>

<net id="118"><net_src comp="34" pin="0"/><net_sink comp="114" pin=0"/></net>

<net id="119"><net_src comp="20" pin="0"/><net_sink comp="114" pin=1"/></net>

<net id="124"><net_src comp="36" pin="0"/><net_sink comp="120" pin=0"/></net>

<net id="125"><net_src comp="18" pin="0"/><net_sink comp="120" pin=1"/></net>

<net id="130"><net_src comp="38" pin="0"/><net_sink comp="126" pin=0"/></net>

<net id="131"><net_src comp="0" pin="0"/><net_sink comp="126" pin=1"/></net>

<net id="137"><net_src comp="104" pin="0"/><net_sink comp="132" pin=0"/></net>

<net id="138"><net_src comp="22" pin="0"/><net_sink comp="132" pin=1"/></net>

<net id="144"><net_src comp="2" pin="0"/><net_sink comp="139" pin=0"/></net>

<net id="145"><net_src comp="56" pin="0"/><net_sink comp="139" pin=1"/></net>

<net id="151"><net_src comp="4" pin="0"/><net_sink comp="146" pin=0"/></net>

<net id="152"><net_src comp="56" pin="0"/><net_sink comp="146" pin=1"/></net>

<net id="158"><net_src comp="6" pin="0"/><net_sink comp="153" pin=0"/></net>

<net id="159"><net_src comp="56" pin="0"/><net_sink comp="153" pin=1"/></net>

<net id="165"><net_src comp="8" pin="0"/><net_sink comp="160" pin=0"/></net>

<net id="166"><net_src comp="56" pin="0"/><net_sink comp="160" pin=1"/></net>

<net id="172"><net_src comp="10" pin="0"/><net_sink comp="167" pin=0"/></net>

<net id="173"><net_src comp="56" pin="0"/><net_sink comp="167" pin=1"/></net>

<net id="179"><net_src comp="12" pin="0"/><net_sink comp="174" pin=0"/></net>

<net id="180"><net_src comp="56" pin="0"/><net_sink comp="174" pin=1"/></net>

<net id="186"><net_src comp="14" pin="0"/><net_sink comp="181" pin=0"/></net>

<net id="187"><net_src comp="56" pin="0"/><net_sink comp="181" pin=1"/></net>

<net id="193"><net_src comp="16" pin="0"/><net_sink comp="188" pin=0"/></net>

<net id="194"><net_src comp="56" pin="0"/><net_sink comp="188" pin=1"/></net>

<net id="200"><net_src comp="139" pin="3"/><net_sink comp="195" pin=0"/></net>

<net id="206"><net_src comp="146" pin="3"/><net_sink comp="201" pin=0"/></net>

<net id="212"><net_src comp="153" pin="3"/><net_sink comp="207" pin=0"/></net>

<net id="218"><net_src comp="160" pin="3"/><net_sink comp="213" pin=0"/></net>

<net id="224"><net_src comp="167" pin="3"/><net_sink comp="219" pin=0"/></net>

<net id="230"><net_src comp="174" pin="3"/><net_sink comp="225" pin=0"/></net>

<net id="236"><net_src comp="181" pin="3"/><net_sink comp="231" pin=0"/></net>

<net id="242"><net_src comp="188" pin="3"/><net_sink comp="237" pin=0"/></net>

<net id="251"><net_src comp="40" pin="0"/><net_sink comp="247" pin=0"/></net>

<net id="256"><net_src comp="42" pin="0"/><net_sink comp="252" pin=0"/></net>

<net id="264"><net_src comp="257" pin="1"/><net_sink comp="260" pin=0"/></net>

<net id="265"><net_src comp="44" pin="0"/><net_sink comp="260" pin=1"/></net>

<net id="270"><net_src comp="257" pin="1"/><net_sink comp="266" pin=0"/></net>

<net id="271"><net_src comp="46" pin="0"/><net_sink comp="266" pin=1"/></net>

<net id="275"><net_src comp="257" pin="1"/><net_sink comp="272" pin=0"/></net>

<net id="279"><net_src comp="257" pin="1"/><net_sink comp="276" pin=0"/></net>

<net id="286"><net_src comp="48" pin="0"/><net_sink comp="280" pin=0"/></net>

<net id="287"><net_src comp="257" pin="1"/><net_sink comp="280" pin=1"/></net>

<net id="288"><net_src comp="50" pin="0"/><net_sink comp="280" pin=2"/></net>

<net id="289"><net_src comp="52" pin="0"/><net_sink comp="280" pin=3"/></net>

<net id="295"><net_src comp="54" pin="0"/><net_sink comp="290" pin=0"/></net>

<net id="296"><net_src comp="126" pin="2"/><net_sink comp="290" pin=1"/></net>

<net id="297"><net_src comp="280" pin="4"/><net_sink comp="290" pin=2"/></net>

<net id="301"><net_src comp="290" pin="3"/><net_sink comp="298" pin=0"/></net>

<net id="302"><net_src comp="298" pin="1"/><net_sink comp="139" pin=2"/></net>

<net id="303"><net_src comp="298" pin="1"/><net_sink comp="146" pin=2"/></net>

<net id="304"><net_src comp="298" pin="1"/><net_sink comp="153" pin=2"/></net>

<net id="305"><net_src comp="298" pin="1"/><net_sink comp="160" pin=2"/></net>

<net id="306"><net_src comp="298" pin="1"/><net_sink comp="167" pin=2"/></net>

<net id="307"><net_src comp="298" pin="1"/><net_sink comp="174" pin=2"/></net>

<net id="308"><net_src comp="298" pin="1"/><net_sink comp="181" pin=2"/></net>

<net id="309"><net_src comp="298" pin="1"/><net_sink comp="188" pin=2"/></net>

<net id="314"><net_src comp="272" pin="1"/><net_sink comp="310" pin=0"/></net>

<net id="315"><net_src comp="120" pin="2"/><net_sink comp="310" pin=1"/></net>

<net id="319"><net_src comp="139" pin="3"/><net_sink comp="316" pin=0"/></net>

<net id="323"><net_src comp="146" pin="3"/><net_sink comp="320" pin=0"/></net>

<net id="327"><net_src comp="153" pin="3"/><net_sink comp="324" pin=0"/></net>

<net id="331"><net_src comp="160" pin="3"/><net_sink comp="328" pin=0"/></net>

<net id="335"><net_src comp="167" pin="3"/><net_sink comp="332" pin=0"/></net>

<net id="339"><net_src comp="174" pin="3"/><net_sink comp="336" pin=0"/></net>

<net id="343"><net_src comp="181" pin="3"/><net_sink comp="340" pin=0"/></net>

<net id="347"><net_src comp="188" pin="3"/><net_sink comp="344" pin=0"/></net>

<net id="352"><net_src comp="260" pin="2"/><net_sink comp="348" pin=0"/></net>

<net id="356"><net_src comp="353" pin="1"/><net_sink comp="243" pin=1"/></net>

<net id="361"><net_src comp="72" pin="0"/><net_sink comp="357" pin=1"/></net>

<net id="366"><net_src comp="357" pin="2"/><net_sink comp="362" pin=0"/></net>

<net id="388"><net_src comp="74" pin="0"/><net_sink comp="367" pin=0"/></net>

<net id="389"><net_src comp="76" pin="0"/><net_sink comp="367" pin=1"/></net>

<net id="390"><net_src comp="195" pin="3"/><net_sink comp="367" pin=2"/></net>

<net id="391"><net_src comp="78" pin="0"/><net_sink comp="367" pin=3"/></net>

<net id="392"><net_src comp="201" pin="3"/><net_sink comp="367" pin=4"/></net>

<net id="393"><net_src comp="80" pin="0"/><net_sink comp="367" pin=5"/></net>

<net id="394"><net_src comp="207" pin="3"/><net_sink comp="367" pin=6"/></net>

<net id="395"><net_src comp="82" pin="0"/><net_sink comp="367" pin=7"/></net>

<net id="396"><net_src comp="213" pin="3"/><net_sink comp="367" pin=8"/></net>

<net id="397"><net_src comp="84" pin="0"/><net_sink comp="367" pin=9"/></net>

<net id="398"><net_src comp="219" pin="3"/><net_sink comp="367" pin=10"/></net>

<net id="399"><net_src comp="86" pin="0"/><net_sink comp="367" pin=11"/></net>

<net id="400"><net_src comp="225" pin="3"/><net_sink comp="367" pin=12"/></net>

<net id="401"><net_src comp="88" pin="0"/><net_sink comp="367" pin=13"/></net>

<net id="402"><net_src comp="231" pin="3"/><net_sink comp="367" pin=14"/></net>

<net id="403"><net_src comp="90" pin="0"/><net_sink comp="367" pin=15"/></net>

<net id="404"><net_src comp="237" pin="3"/><net_sink comp="367" pin=16"/></net>

<net id="405"><net_src comp="92" pin="0"/><net_sink comp="367" pin=17"/></net>

<net id="411"><net_src comp="362" pin="2"/><net_sink comp="406" pin=0"/></net>

<net id="412"><net_src comp="42" pin="0"/><net_sink comp="406" pin=1"/></net>

<net id="413"><net_src comp="367" pin="19"/><net_sink comp="406" pin=2"/></net>

<net id="414"><net_src comp="406" pin="3"/><net_sink comp="243" pin=0"/></net>

<net id="418"><net_src comp="406" pin="3"/><net_sink comp="415" pin=0"/></net>

<net id="425"><net_src comp="94" pin="0"/><net_sink comp="419" pin=0"/></net>

<net id="426"><net_src comp="415" pin="1"/><net_sink comp="419" pin=1"/></net>

<net id="427"><net_src comp="96" pin="0"/><net_sink comp="419" pin=2"/></net>

<net id="428"><net_src comp="98" pin="0"/><net_sink comp="419" pin=3"/></net>

<net id="432"><net_src comp="415" pin="1"/><net_sink comp="429" pin=0"/></net>

<net id="436"><net_src comp="353" pin="1"/><net_sink comp="433" pin=0"/></net>

<net id="443"><net_src comp="94" pin="0"/><net_sink comp="437" pin=0"/></net>

<net id="444"><net_src comp="433" pin="1"/><net_sink comp="437" pin=1"/></net>

<net id="445"><net_src comp="96" pin="0"/><net_sink comp="437" pin=2"/></net>

<net id="446"><net_src comp="98" pin="0"/><net_sink comp="437" pin=3"/></net>

<net id="450"><net_src comp="433" pin="1"/><net_sink comp="447" pin=0"/></net>

<net id="455"><net_src comp="419" pin="4"/><net_sink comp="451" pin=0"/></net>

<net id="456"><net_src comp="100" pin="0"/><net_sink comp="451" pin=1"/></net>

<net id="461"><net_src comp="429" pin="1"/><net_sink comp="457" pin=0"/></net>

<net id="462"><net_src comp="102" pin="0"/><net_sink comp="457" pin=1"/></net>

<net id="467"><net_src comp="457" pin="2"/><net_sink comp="463" pin=0"/></net>

<net id="468"><net_src comp="451" pin="2"/><net_sink comp="463" pin=1"/></net>

<net id="473"><net_src comp="437" pin="4"/><net_sink comp="469" pin=0"/></net>

<net id="474"><net_src comp="100" pin="0"/><net_sink comp="469" pin=1"/></net>

<net id="479"><net_src comp="447" pin="1"/><net_sink comp="475" pin=0"/></net>

<net id="480"><net_src comp="102" pin="0"/><net_sink comp="475" pin=1"/></net>

<net id="485"><net_src comp="475" pin="2"/><net_sink comp="481" pin=0"/></net>

<net id="486"><net_src comp="469" pin="2"/><net_sink comp="481" pin=1"/></net>

<net id="490"><net_src comp="406" pin="3"/><net_sink comp="487" pin=0"/></net>

<net id="494"><net_src comp="353" pin="1"/><net_sink comp="491" pin=0"/></net>

<net id="499"><net_src comp="243" pin="2"/><net_sink comp="495" pin=0"/></net>

<net id="500"><net_src comp="463" pin="2"/><net_sink comp="495" pin=1"/></net>

<net id="505"><net_src comp="495" pin="2"/><net_sink comp="501" pin=0"/></net>

<net id="506"><net_src comp="481" pin="2"/><net_sink comp="501" pin=1"/></net>

<net id="512"><net_src comp="501" pin="2"/><net_sink comp="507" pin=0"/></net>

<net id="513"><net_src comp="406" pin="3"/><net_sink comp="507" pin=1"/></net>

<net id="514"><net_src comp="353" pin="1"/><net_sink comp="507" pin=2"/></net>

<net id="519"><net_src comp="507" pin="3"/><net_sink comp="515" pin=0"/></net>

<net id="523"><net_src comp="520" pin="1"/><net_sink comp="132" pin=2"/></net>

<net id="527"><net_src comp="106" pin="1"/><net_sink comp="524" pin=0"/></net>

<net id="528"><net_src comp="524" pin="1"/><net_sink comp="252" pin=1"/></net>

<net id="529"><net_src comp="524" pin="1"/><net_sink comp="353" pin=0"/></net>

<net id="530"><net_src comp="524" pin="1"/><net_sink comp="515" pin=1"/></net>

<net id="531"><net_src comp="524" pin="1"/><net_sink comp="520" pin=0"/></net>

<net id="535"><net_src comp="110" pin="1"/><net_sink comp="532" pin=0"/></net>

<net id="536"><net_src comp="532" pin="1"/><net_sink comp="247" pin=1"/></net>

<net id="537"><net_src comp="532" pin="1"/><net_sink comp="257" pin=0"/></net>

<net id="538"><net_src comp="532" pin="1"/><net_sink comp="348" pin=1"/></net>

<net id="542"><net_src comp="114" pin="2"/><net_sink comp="539" pin=0"/></net>

<net id="543"><net_src comp="539" pin="1"/><net_sink comp="362" pin=1"/></net>

<net id="550"><net_src comp="276" pin="1"/><net_sink comp="547" pin=0"/></net>

<net id="551"><net_src comp="547" pin="1"/><net_sink comp="367" pin=18"/></net>

<net id="555"><net_src comp="139" pin="3"/><net_sink comp="552" pin=0"/></net>

<net id="556"><net_src comp="552" pin="1"/><net_sink comp="195" pin=0"/></net>

<net id="560"><net_src comp="146" pin="3"/><net_sink comp="557" pin=0"/></net>

<net id="561"><net_src comp="557" pin="1"/><net_sink comp="201" pin=0"/></net>

<net id="565"><net_src comp="153" pin="3"/><net_sink comp="562" pin=0"/></net>

<net id="566"><net_src comp="562" pin="1"/><net_sink comp="207" pin=0"/></net>

<net id="570"><net_src comp="160" pin="3"/><net_sink comp="567" pin=0"/></net>

<net id="571"><net_src comp="567" pin="1"/><net_sink comp="213" pin=0"/></net>

<net id="575"><net_src comp="167" pin="3"/><net_sink comp="572" pin=0"/></net>

<net id="576"><net_src comp="572" pin="1"/><net_sink comp="219" pin=0"/></net>

<net id="580"><net_src comp="174" pin="3"/><net_sink comp="577" pin=0"/></net>

<net id="581"><net_src comp="577" pin="1"/><net_sink comp="225" pin=0"/></net>

<net id="585"><net_src comp="181" pin="3"/><net_sink comp="582" pin=0"/></net>

<net id="586"><net_src comp="582" pin="1"/><net_sink comp="231" pin=0"/></net>

<net id="590"><net_src comp="188" pin="3"/><net_sink comp="587" pin=0"/></net>

<net id="591"><net_src comp="587" pin="1"/><net_sink comp="237" pin=0"/></net>

<net id="595"><net_src comp="310" pin="2"/><net_sink comp="592" pin=0"/></net>

<net id="596"><net_src comp="592" pin="1"/><net_sink comp="357" pin=0"/></net>

</net_list>

</model> 
---------------- Datapath Model END ------------------

* FSMD analyzer results:
  - Output states:
	Port: S_tile_0 | {}
	Port: S_tile_1 | {}
	Port: S_tile_2 | {}
	Port: S_tile_3 | {}
	Port: S_tile_4 | {}
	Port: S_tile_5 | {}
	Port: S_tile_6 | {}
	Port: S_tile_7 | {}
	Port: row_max_out | {1 }
 - Input state : 
	Port: online_softmax_tile_Pipeline_ROWMAX_INNER : i | {1 }
	Port: online_softmax_tile_Pipeline_ROWMAX_INNER : S_tile_0 | {1 2 }
	Port: online_softmax_tile_Pipeline_ROWMAX_INNER : S_tile_1 | {1 2 }
	Port: online_softmax_tile_Pipeline_ROWMAX_INNER : S_tile_2 | {1 2 }
	Port: online_softmax_tile_Pipeline_ROWMAX_INNER : S_tile_3 | {1 2 }
	Port: online_softmax_tile_Pipeline_ROWMAX_INNER : S_tile_4 | {1 2 }
	Port: online_softmax_tile_Pipeline_ROWMAX_INNER : S_tile_5 | {1 2 }
	Port: online_softmax_tile_Pipeline_ROWMAX_INNER : S_tile_6 | {1 2 }
	Port: online_softmax_tile_Pipeline_ROWMAX_INNER : S_tile_7 | {1 2 }
	Port: online_softmax_tile_Pipeline_ROWMAX_INNER : bc_actual | {1 }
	Port: online_softmax_tile_Pipeline_ROWMAX_INNER : cmp6_not | {1 }
  - Chain level:
	State 1
		store_ln50 : 1
		store_ln46 : 1
		j_1 : 1
		add_ln50 : 2
		icmp_ln50 : 2
		br_ln50 : 3
		zext_ln50 : 2
		trunc_ln50 : 2
		lshr_ln : 2
		tmp_20 : 3
		zext_ln52 : 4
		S_tile_0_addr : 5
		S_tile_1_addr : 5
		S_tile_2_addr : 5
		S_tile_3_addr : 5
		S_tile_4_addr : 5
		S_tile_5_addr : 5
		S_tile_6_addr : 5
		S_tile_7_addr : 5
		icmp_ln52 : 3
		muxLogicRAMAddr_to_S_tile_0_load : 6
		S_tile_0_load : 6
		muxLogicRAMAddr_to_S_tile_1_load : 6
		S_tile_1_load : 6
		muxLogicRAMAddr_to_S_tile_2_load : 6
		S_tile_2_load : 6
		muxLogicRAMAddr_to_S_tile_3_load : 6
		S_tile_3_load : 6
		muxLogicRAMAddr_to_S_tile_4_load : 6
		S_tile_4_load : 6
		muxLogicRAMAddr_to_S_tile_5_load : 6
		S_tile_5_load : 6
		muxLogicRAMAddr_to_S_tile_6_load : 6
		S_tile_6_load : 6
		muxLogicRAMAddr_to_S_tile_7_load : 6
		S_tile_7_load : 6
		store_ln50 : 3
		row_max_load : 1
		write_ln0 : 2
	State 2
		tmp : 1
		val : 2
		bitcast_ln53 : 3
		tmp_5 : 4
		trunc_ln53 : 4
		bitcast_ln53_1 : 1
		tmp_6 : 2
		trunc_ln53_1 : 2
		icmp_ln53 : 5
		icmp_ln53_1 : 5
		or_ln53 : 6
		icmp_ln53_2 : 3
		icmp_ln53_3 : 3
		or_ln53_1 : 4
		muxLogicI0_to_tmp_7 : 3
		muxLogicI1_to_tmp_7 : 1
		tmp_7 : 3
		and_ln53 : 6
		and_ln53_1 : 6
		row_max_2 : 6
		store_ln46 : 7


============================================================
+ Verbose Summary: Datapath Resource usage 
============================================================

* Functional unit list:
|----------|-----------------------------------------|---------|---------|
| Operation|             Functional Unit             |    FF   |   LUT   |
|----------|-----------------------------------------|---------|---------|
| sparsemux|                tmp_fu_367               |    0    |    96   |
|----------|-----------------------------------------|---------|---------|
|  select  |                val_fu_406               |    0    |    29   |
|          |             row_max_2_fu_507            |    0    |    29   |
|----------|-----------------------------------------|---------|---------|
|          |             icmp_ln50_fu_266            |    0    |    3    |
|          |             icmp_ln52_fu_310            |    0    |    16   |
|   icmp   |             icmp_ln53_fu_451            |    0    |    3    |
|          |            icmp_ln53_1_fu_457           |    0    |    9    |
|          |            icmp_ln53_2_fu_469           |    0    |    3    |
|          |            icmp_ln53_3_fu_475           |    0    |    9    |
|----------|-----------------------------------------|---------|---------|
|    add   |             add_ln50_fu_260             |    0    |    8    |
|----------|-----------------------------------------|---------|---------|
|          |              or_ln52_fu_362             |    0    |    2    |
|    or    |              or_ln53_fu_463             |    0    |    2    |
|          |             or_ln53_1_fu_481            |    0    |    2    |
|----------|-----------------------------------------|---------|---------|
|    and   |             and_ln53_fu_495             |    0    |    2    |
|          |            and_ln53_1_fu_501            |    0    |    2    |
|----------|-----------------------------------------|---------|---------|
|    xor   |             xor_ln52_fu_357             |    0    |    2    |
|----------|-----------------------------------------|---------|---------|
|          |        cmp6_not_read_read_fu_114        |    0    |    0    |
|   read   |        bc_actual_read_read_fu_120       |    0    |    0    |
|          |            i_read_read_fu_126           |    0    |    0    |
|----------|-----------------------------------------|---------|---------|
|   write  |          write_ln0_write_fu_132         |    0    |    0    |
|----------|-----------------------------------------|---------|---------|
|   fcmp   |               tmp_7_fu_243              |    0    |    0    |
|----------|-----------------------------------------|---------|---------|
|   zext   |             zext_ln50_fu_272            |    0    |    0    |
|          |             zext_ln52_fu_298            |    0    |    0    |
|----------|-----------------------------------------|---------|---------|
|          |            trunc_ln50_fu_276            |    0    |    0    |
|   trunc  |            trunc_ln53_fu_429            |    0    |    0    |
|          |           trunc_ln53_1_fu_447           |    0    |    0    |
|----------|-----------------------------------------|---------|---------|
|          |              lshr_ln_fu_280             |    0    |    0    |
|partselect|               tmp_5_fu_419              |    0    |    0    |
|          |               tmp_6_fu_437              |    0    |    0    |
|----------|-----------------------------------------|---------|---------|
|bitconcatenate|              tmp_20_fu_290              |    0    |    0    |
|----------|-----------------------------------------|---------|---------|
|          | muxLogicRAMAddr_to_S_tile_0_load_fu_316 |    0    |    0    |
|          | muxLogicRAMAddr_to_S_tile_1_load_fu_320 |    0    |    0    |
|          | muxLogicRAMAddr_to_S_tile_2_load_fu_324 |    0    |    0    |
|          | muxLogicRAMAddr_to_S_tile_3_load_fu_328 |    0    |    0    |
| muxlogic | muxLogicRAMAddr_to_S_tile_4_load_fu_332 |    0    |    0    |
|          | muxLogicRAMAddr_to_S_tile_5_load_fu_336 |    0    |    0    |
|          | muxLogicRAMAddr_to_S_tile_6_load_fu_340 |    0    |    0    |
|          | muxLogicRAMAddr_to_S_tile_7_load_fu_344 |    0    |    0    |
|          |        muxLogicI0_to_tmp_7_fu_487       |    0    |    0    |
|          |        muxLogicI1_to_tmp_7_fu_491       |    0    |    0    |
|----------|-----------------------------------------|---------|---------|
|   Total  |                                         |    0    |   217   |
|----------|-----------------------------------------|---------|---------|

Memories:
N/A

* Register list:
+---------------------+--------+
|                     |   FF   |
+---------------------+--------+
|S_tile_0_addr_reg_552|    9   |
|S_tile_1_addr_reg_557|    9   |
|S_tile_2_addr_reg_562|    9   |
|S_tile_3_addr_reg_567|    9   |
|S_tile_4_addr_reg_572|    9   |
|S_tile_5_addr_reg_577|    9   |
|S_tile_6_addr_reg_582|    9   |
|S_tile_7_addr_reg_587|    9   |
|cmp6_not_read_reg_539|    1   |
|  icmp_ln52_reg_592  |    1   |
|      j_reg_532      |    7   |
|   row_max_reg_524   |   32   |
|  trunc_ln50_reg_547 |    3   |
+---------------------+--------+
|        Total        |   116  |
+---------------------+--------+

* Multiplexer (MUX) list: 
|-------------------|------|------|------|--------||---------||---------||---------|
|        Comp       |  Pin | Size |  BW  | S x BW ||  Delay  ||    FF   ||   LUT   |
|-------------------|------|------|------|--------||---------||---------||---------|
| grp_access_fu_195 |  p0  |   2  |   9  |   18   ||    0    ||    16   |
| grp_access_fu_201 |  p0  |   2  |   9  |   18   ||    0    ||    16   |
| grp_access_fu_207 |  p0  |   2  |   9  |   18   ||    0    ||    16   |
| grp_access_fu_213 |  p0  |   2  |   9  |   18   ||    0    ||    16   |
| grp_access_fu_219 |  p0  |   2  |   9  |   18   ||    0    ||    16   |
| grp_access_fu_225 |  p0  |   2  |   9  |   18   ||    0    ||    16   |
| grp_access_fu_231 |  p0  |   2  |   9  |   18   ||    0    ||    16   |
| grp_access_fu_237 |  p0  |   2  |   9  |   18   ||    0    ||    16   |
|-------------------|------|------|------|--------||---------||---------||---------|
|       Total       |      |      |      |   144  ||  3.144  ||    0    ||   128   |
|-------------------|------|------|------|--------||---------||---------||---------|



* Summary:
+-----------+--------+--------+--------+
|           |  Delay |   FF   |   LUT  |
+-----------+--------+--------+--------+
|  Function |    -   |    0   |   217  |
|   Memory  |    -   |    -   |    -   |
|Multiplexer|    3   |    0   |   128  |
|  Register |    -   |   116  |    -   |
+-----------+--------+--------+--------+
|   Total   |    3   |   116  |   345  |
+-----------+--------+--------+--------+
