

================================================================
== Vitis HLS Report for 'store_tile_fp16_Pipeline_STORE_TILE_ROWS_STORE_TILE_BEATS'
================================================================
* Date:           Sun Mar 22 18:06:20 2026

* Version:        2025.1 (Build 6135595 on May 21 2025)
* Project:        FlashAtt1
* Solution:       hls (Vivado IP Flow Target)
* Product family: versalhbm
* Target device:  xcvh1582-lsva4737-2LHP-e-S


================================================================
== Performance Estimates
================================================================
+ Timing: 
    * Summary: 
    +--------+----------+----------+------------+
    |  Clock |  Target  | Estimated| Uncertainty|
    +--------+----------+----------+------------+
    |ap_clk  |  10.00 ns|  2.514 ns|     2.70 ns|
    +--------+----------+----------+------------+

+ Latency: 
    * Summary: 
    +---------+---------+----------+----------+-----+-----+------------------------------------------------+
    |  Latency (cycles) |  Latency (absolute) |  Interval |                    Pipeline                    |
    |   min   |   max   |    min   |    max   | min | max |                      Type                      |
    +---------+---------+----------+----------+-----+-----+------------------------------------------------+
    |        ?|        ?|         ?|         ?|    0|    0|  loop auto-rewind stp (delay=0 clock cycles(s))|
    +---------+---------+----------+----------+-----+-----+------------------------------------------------+

    + Detail: 
        * Instance: 
        N/A

        * Loop: 
        +------------------------------------+---------+---------+----------+-----------+-----------+------+----------+
        |                                    |  Latency (cycles) | Iteration|  Initiation Interval  | Trip |          |
        |              Loop Name             |   min   |   max   |  Latency |  achieved |   target  | Count| Pipelined|
        +------------------------------------+---------+---------+----------+-----------+-----------+------+----------+
        |- STORE_TILE_ROWS_STORE_TILE_BEATS  |        ?|        ?|         2|          1|          1|     ?|       yes|
        +------------------------------------+---------+---------+----------+-----------+-----------+------+----------+

============================================================
+ Verbose Summary: Synthesis Manager
============================================================
InlineROM: 1
ExposeGlobal: 0
============================================================
+ Verbose Summary: CDFG Model
============================================================
IsTopModel: 0
ResetActiveHigh: 1
IsCombinational: 0
IsDatapathOnly: 0
HasWiredReturn: 1
HasMFsm: 2
HasVarLatency: 1
IsPipeline: 0
IsRtlPipelined: 0
IsInstanceOverlapped: 0
IsDontTouch: 0
HasImplIP: 0
IsGatedGlobalClock: 0

+ Individual pipeline summary: 
  * Pipeline-0: initiation interval (II) = 1, depth = 3


============================================================
+ Verbose Summary: Schedule
============================================================
* Number of FSM states : 3
* Pipeline : 1
  Pipeline-0 : II = 1, D = 3, States = { 1 2 3 }
* Dataflow Pipeline: 0

* FSM state transitions: 
1 --> 2 
2 --> 3 
3 --> 

* FSM state operations: 

State 1 <SV = 0> <Delay = 0.46>
ST_1 : Operation 5 [1/1] (0.00ns)   --->   "%b = alloca i32 1" [./flashattentionmemory.h:205]   --->   Operation 5 'alloca' 'b' <Predicate = true> <Delay = 0.00>
ST_1 : Operation 6 [1/1] (0.00ns)   --->   "%r = alloca i32 1" [./flashattentionmemory.h:201]   --->   Operation 6 'alloca' 'r' <Predicate = true> <Delay = 0.00>
ST_1 : Operation 7 [1/1] (0.00ns)   --->   "%indvar_flatten = alloca i32 1"   --->   Operation 7 'alloca' 'indvar_flatten' <Predicate = true> <Delay = 0.00>
ST_1 : Operation 8 [1/1] (0.00ns)   --->   "%sext_ln201_1_read = read i58 @_ssdm_op_Read.ap_auto.i58, i58 %sext_ln201_1"   --->   Operation 8 'read' 'sext_ln201_1_read' <Predicate = true> <Delay = 0.00>
ST_1 : Operation 9 [1/1] (0.00ns)   --->   "%tmp_9_read = read i33 @_ssdm_op_Read.ap_auto.i33, i33 %tmp_9"   --->   Operation 9 'read' 'tmp_9_read' <Predicate = true> <Delay = 0.00>
ST_1 : Operation 10 [1/1] (0.00ns)   --->   "%sext_ln201_1_cast = sext i58 %sext_ln201_1_read"   --->   Operation 10 'sext' 'sext_ln201_1_cast' <Predicate = true> <Delay = 0.00>
ST_1 : Operation 11 [1/1] (0.00ns)   --->   "%specmemcore_ln0 = specmemcore void @_ssdm_op_SpecMemCore, i16 %tile_15, i64 666, i64 22, i64 18446744073709551615"   --->   Operation 11 'specmemcore' 'specmemcore_ln0' <Predicate = true> <Delay = 0.00>
ST_1 : Operation 12 [1/1] (0.00ns)   --->   "%specmemcore_ln0 = specmemcore void @_ssdm_op_SpecMemCore, i16 %tile_14, i64 666, i64 22, i64 18446744073709551615"   --->   Operation 12 'specmemcore' 'specmemcore_ln0' <Predicate = true> <Delay = 0.00>
ST_1 : Operation 13 [1/1] (0.00ns)   --->   "%specmemcore_ln0 = specmemcore void @_ssdm_op_SpecMemCore, i16 %tile_13, i64 666, i64 22, i64 18446744073709551615"   --->   Operation 13 'specmemcore' 'specmemcore_ln0' <Predicate = true> <Delay = 0.00>
ST_1 : Operation 14 [1/1] (0.00ns)   --->   "%specmemcore_ln0 = specmemcore void @_ssdm_op_SpecMemCore, i16 %tile_12, i64 666, i64 22, i64 18446744073709551615"   --->   Operation 14 'specmemcore' 'specmemcore_ln0' <Predicate = true> <Delay = 0.00>
ST_1 : Operation 15 [1/1] (0.00ns)   --->   "%specmemcore_ln0 = specmemcore void @_ssdm_op_SpecMemCore, i16 %tile_11, i64 666, i64 22, i64 18446744073709551615"   --->   Operation 15 'specmemcore' 'specmemcore_ln0' <Predicate = true> <Delay = 0.00>
ST_1 : Operation 16 [1/1] (0.00ns)   --->   "%specmemcore_ln0 = specmemcore void @_ssdm_op_SpecMemCore, i16 %tile_10, i64 666, i64 22, i64 18446744073709551615"   --->   Operation 16 'specmemcore' 'specmemcore_ln0' <Predicate = true> <Delay = 0.00>
ST_1 : Operation 17 [1/1] (0.00ns)   --->   "%specmemcore_ln0 = specmemcore void @_ssdm_op_SpecMemCore, i16 %tile_9, i64 666, i64 22, i64 18446744073709551615"   --->   Operation 17 'specmemcore' 'specmemcore_ln0' <Predicate = true> <Delay = 0.00>
ST_1 : Operation 18 [1/1] (0.00ns)   --->   "%specmemcore_ln0 = specmemcore void @_ssdm_op_SpecMemCore, i16 %tile_8, i64 666, i64 22, i64 18446744073709551615"   --->   Operation 18 'specmemcore' 'specmemcore_ln0' <Predicate = true> <Delay = 0.00>
ST_1 : Operation 19 [1/1] (0.00ns)   --->   "%specmemcore_ln0 = specmemcore void @_ssdm_op_SpecMemCore, i16 %tile_7, i64 666, i64 22, i64 18446744073709551615"   --->   Operation 19 'specmemcore' 'specmemcore_ln0' <Predicate = true> <Delay = 0.00>
ST_1 : Operation 20 [1/1] (0.00ns)   --->   "%specmemcore_ln0 = specmemcore void @_ssdm_op_SpecMemCore, i16 %tile_6, i64 666, i64 22, i64 18446744073709551615"   --->   Operation 20 'specmemcore' 'specmemcore_ln0' <Predicate = true> <Delay = 0.00>
ST_1 : Operation 21 [1/1] (0.00ns)   --->   "%specmemcore_ln0 = specmemcore void @_ssdm_op_SpecMemCore, i16 %tile_5, i64 666, i64 22, i64 18446744073709551615"   --->   Operation 21 'specmemcore' 'specmemcore_ln0' <Predicate = true> <Delay = 0.00>
ST_1 : Operation 22 [1/1] (0.00ns)   --->   "%specmemcore_ln0 = specmemcore void @_ssdm_op_SpecMemCore, i16 %tile_4, i64 666, i64 22, i64 18446744073709551615"   --->   Operation 22 'specmemcore' 'specmemcore_ln0' <Predicate = true> <Delay = 0.00>
ST_1 : Operation 23 [1/1] (0.00ns)   --->   "%specmemcore_ln0 = specmemcore void @_ssdm_op_SpecMemCore, i16 %tile_3, i64 666, i64 22, i64 18446744073709551615"   --->   Operation 23 'specmemcore' 'specmemcore_ln0' <Predicate = true> <Delay = 0.00>
ST_1 : Operation 24 [1/1] (0.00ns)   --->   "%specmemcore_ln0 = specmemcore void @_ssdm_op_SpecMemCore, i16 %tile_2, i64 666, i64 22, i64 18446744073709551615"   --->   Operation 24 'specmemcore' 'specmemcore_ln0' <Predicate = true> <Delay = 0.00>
ST_1 : Operation 25 [1/1] (0.00ns)   --->   "%specmemcore_ln0 = specmemcore void @_ssdm_op_SpecMemCore, i16 %tile_1, i64 666, i64 22, i64 18446744073709551615"   --->   Operation 25 'specmemcore' 'specmemcore_ln0' <Predicate = true> <Delay = 0.00>
ST_1 : Operation 26 [1/1] (0.00ns)   --->   "%specmemcore_ln0 = specmemcore void @_ssdm_op_SpecMemCore, i16 %tile_0, i64 666, i64 22, i64 18446744073709551615"   --->   Operation 26 'specmemcore' 'specmemcore_ln0' <Predicate = true> <Delay = 0.00>
ST_1 : Operation 27 [1/1] (0.00ns)   --->   "%specinterface_ln0 = specinterface void @_ssdm_op_SpecInterface, i512 %gmem_O, void @empty_21, i32 0, i32 0, void @empty_27, i32 64, i32 65536, void @empty_31, void @empty_28, void @empty_27, i32 16, i32 16, i32 16, i32 64, void @empty_27, void @empty_27, i32 4294967295, i32 0, i32 0"   --->   Operation 27 'specinterface' 'specinterface_ln0' <Predicate = true> <Delay = 0.00>
ST_1 : Operation 28 [1/1] (0.46ns)   --->   "%store_ln0 = store i33 0, i33 %indvar_flatten"   --->   Operation 28 'store' 'store_ln0' <Predicate = true> <Delay = 0.46>
ST_1 : Operation 29 [1/1] (0.42ns)   --->   "%store_ln201 = store i31 0, i31 %r" [./flashattentionmemory.h:201]   --->   Operation 29 'store' 'store_ln201' <Predicate = true> <Delay = 0.42>
ST_1 : Operation 30 [1/1] (0.36ns)   --->   "%store_ln205 = store i3 0, i3 %b" [./flashattentionmemory.h:205]   --->   Operation 30 'store' 'store_ln205' <Predicate = true> <Delay = 0.36>
ST_1 : Operation 31 [1/1] (0.00ns)   --->   "%br_ln0 = br void %VITIS_LOOP_209_1"   --->   Operation 31 'br' 'br_ln0' <Predicate = true> <Delay = 0.00>

State 2 <SV = 1> <Delay = 2.51>
ST_2 : Operation 32 [1/1] (0.00ns)   --->   "%indvar_flatten_load = load i33 %indvar_flatten" [./flashattentionmemory.h:201]   --->   Operation 32 'load' 'indvar_flatten_load' <Predicate = true> <Delay = 0.00>
ST_2 : Operation 33 [1/1] (0.85ns)   --->   "%add_ln201 = add i33 %indvar_flatten_load, i33 1" [./flashattentionmemory.h:201]   --->   Operation 33 'add' 'add_ln201' <Predicate = true> <Delay = 0.85> <CoreInst = "Adder">   --->   Core 1 'Adder' <Latency = 0> <II = 1> <Delay = 0.85> <FuncUnit> <Opcode : 'add' 'sub'> <InPorts = 2> <OutPorts = 1>
ST_2 : Operation 34 [1/1] (0.71ns)   --->   "%icmp_ln201 = icmp_eq  i33 %indvar_flatten_load, i33 %tmp_9_read" [./flashattentionmemory.h:201]   --->   Operation 34 'icmp' 'icmp_ln201' <Predicate = true> <Delay = 0.71> <CoreInst = "ICmp_EQ">   --->   Core 156 'ICmp_EQ' <Latency = 0> <II = 1> <Delay = 0.71> <FuncUnit> <Opcode : 'seteq' 'setne'> <InPorts = 2> <OutPorts = 1>
ST_2 : Operation 35 [1/1] (0.00ns)   --->   "%br_ln201 = br i1 %icmp_ln201, void %for.inc22, void %for.end24.loopexit.exitStub" [./flashattentionmemory.h:201]   --->   Operation 35 'br' 'br_ln201' <Predicate = true> <Delay = 0.00>
ST_2 : Operation 36 [1/1] (0.00ns)   --->   "%b_load = load i3 %b" [./flashattentionmemory.h:205]   --->   Operation 36 'load' 'b_load' <Predicate = (!icmp_ln201)> <Delay = 0.00>
ST_2 : Operation 37 [1/1] (0.00ns)   --->   "%r_load = load i31 %r" [./flashattentionmemory.h:201]   --->   Operation 37 'load' 'r_load' <Predicate = (!icmp_ln201)> <Delay = 0.00>
ST_2 : Operation 38 [1/1] (0.85ns)   --->   "%add_ln201_1 = add i31 %r_load, i31 1" [./flashattentionmemory.h:201]   --->   Operation 38 'add' 'add_ln201_1' <Predicate = (!icmp_ln201)> <Delay = 0.85> <CoreInst = "Adder">   --->   Core 1 'Adder' <Latency = 0> <II = 1> <Delay = 0.85> <FuncUnit> <Opcode : 'add' 'sub'> <InPorts = 2> <OutPorts = 1>
ST_2 : Operation 39 [1/1] (0.36ns)   --->   "%icmp_ln205 = icmp_eq  i3 %b_load, i3 4" [./flashattentionmemory.h:205]   --->   Operation 39 'icmp' 'icmp_ln205' <Predicate = (!icmp_ln201)> <Delay = 0.36> <CoreInst = "ICmp_EQ">   --->   Core 156 'ICmp_EQ' <Latency = 0> <II = 1> <Delay = 0.36> <FuncUnit> <Opcode : 'seteq' 'setne'> <InPorts = 2> <OutPorts = 1>
ST_2 : Operation 40 [1/1] (0.28ns)   --->   "%select_ln201 = select i1 %icmp_ln205, i3 0, i3 %b_load" [./flashattentionmemory.h:201]   --->   Operation 40 'select' 'select_ln201' <Predicate = (!icmp_ln201)> <Delay = 0.28> <CoreInst = "Sel">   --->   Core 77 'Sel' <Latency = 0> <II = 1> <Delay = 0.28> <FuncUnit> <Opcode : 'select'> <InPorts = 3> <OutPorts = 1>
ST_2 : Operation 41 [1/1] (0.41ns)   --->   "%select_ln201_1 = select i1 %icmp_ln205, i31 %add_ln201_1, i31 %r_load" [./flashattentionmemory.h:201]   --->   Operation 41 'select' 'select_ln201_1' <Predicate = (!icmp_ln201)> <Delay = 0.41> <CoreInst = "Sel">   --->   Core 77 'Sel' <Latency = 0> <II = 1> <Delay = 0.41> <FuncUnit> <Opcode : 'select'> <InPorts = 3> <OutPorts = 1>
ST_2 : Operation 42 [1/1] (0.00ns)   --->   "%trunc_ln206 = trunc i31 %select_ln201_1" [./flashattentionmemory.h:206]   --->   Operation 42 'trunc' 'trunc_ln206' <Predicate = (!icmp_ln201)> <Delay = 0.00>
ST_2 : Operation 43 [1/1] (0.00ns)   --->   "%trunc_ln212 = trunc i3 %select_ln201" [./flashattentionmemory.h:212]   --->   Operation 43 'trunc' 'trunc_ln212' <Predicate = (!icmp_ln201)> <Delay = 0.00>
ST_2 : Operation 44 [1/1] (0.00ns)   --->   "%tmp_s = bitconcatenate i9 @_ssdm_op_BitConcatenate.i9.i6.i2.i1, i6 %trunc_ln206, i2 %trunc_ln212, i1 0" [./flashattentionmemory.h:212]   --->   Operation 44 'bitconcatenate' 'tmp_s' <Predicate = (!icmp_ln201)> <Delay = 0.00>
ST_2 : Operation 45 [1/1] (0.00ns)   --->   "%zext_ln212 = zext i9 %tmp_s" [./flashattentionmemory.h:212]   --->   Operation 45 'zext' 'zext_ln212' <Predicate = (!icmp_ln201)> <Delay = 0.00>
ST_2 : Operation 46 [1/1] (0.00ns)   --->   "%tile_0_addr = getelementptr i16 %tile_0, i64 0, i64 %zext_ln212" [./flashattentionmemory.h:212]   --->   Operation 46 'getelementptr' 'tile_0_addr' <Predicate = (!icmp_ln201)> <Delay = 0.00>
ST_2 : Operation 47 [1/1] (0.00ns)   --->   "%tile_1_addr = getelementptr i16 %tile_1, i64 0, i64 %zext_ln212" [./flashattentionmemory.h:212]   --->   Operation 47 'getelementptr' 'tile_1_addr' <Predicate = (!icmp_ln201)> <Delay = 0.00>
ST_2 : Operation 48 [1/1] (0.00ns)   --->   "%tile_2_addr = getelementptr i16 %tile_2, i64 0, i64 %zext_ln212" [./flashattentionmemory.h:212]   --->   Operation 48 'getelementptr' 'tile_2_addr' <Predicate = (!icmp_ln201)> <Delay = 0.00>
ST_2 : Operation 49 [1/1] (0.00ns)   --->   "%tile_3_addr = getelementptr i16 %tile_3, i64 0, i64 %zext_ln212" [./flashattentionmemory.h:212]   --->   Operation 49 'getelementptr' 'tile_3_addr' <Predicate = (!icmp_ln201)> <Delay = 0.00>
ST_2 : Operation 50 [1/1] (0.00ns)   --->   "%tile_4_addr = getelementptr i16 %tile_4, i64 0, i64 %zext_ln212" [./flashattentionmemory.h:212]   --->   Operation 50 'getelementptr' 'tile_4_addr' <Predicate = (!icmp_ln201)> <Delay = 0.00>
ST_2 : Operation 51 [1/1] (0.00ns)   --->   "%tile_5_addr = getelementptr i16 %tile_5, i64 0, i64 %zext_ln212" [./flashattentionmemory.h:212]   --->   Operation 51 'getelementptr' 'tile_5_addr' <Predicate = (!icmp_ln201)> <Delay = 0.00>
ST_2 : Operation 52 [1/1] (0.00ns)   --->   "%tile_6_addr = getelementptr i16 %tile_6, i64 0, i64 %zext_ln212" [./flashattentionmemory.h:212]   --->   Operation 52 'getelementptr' 'tile_6_addr' <Predicate = (!icmp_ln201)> <Delay = 0.00>
ST_2 : Operation 53 [1/1] (0.00ns)   --->   "%tile_7_addr = getelementptr i16 %tile_7, i64 0, i64 %zext_ln212" [./flashattentionmemory.h:212]   --->   Operation 53 'getelementptr' 'tile_7_addr' <Predicate = (!icmp_ln201)> <Delay = 0.00>
ST_2 : Operation 54 [1/1] (0.00ns)   --->   "%tile_8_addr = getelementptr i16 %tile_8, i64 0, i64 %zext_ln212" [./flashattentionmemory.h:212]   --->   Operation 54 'getelementptr' 'tile_8_addr' <Predicate = (!icmp_ln201)> <Delay = 0.00>
ST_2 : Operation 55 [1/1] (0.00ns)   --->   "%tile_9_addr = getelementptr i16 %tile_9, i64 0, i64 %zext_ln212" [./flashattentionmemory.h:212]   --->   Operation 55 'getelementptr' 'tile_9_addr' <Predicate = (!icmp_ln201)> <Delay = 0.00>
ST_2 : Operation 56 [1/1] (0.00ns)   --->   "%tile_10_addr = getelementptr i16 %tile_10, i64 0, i64 %zext_ln212" [./flashattentionmemory.h:212]   --->   Operation 56 'getelementptr' 'tile_10_addr' <Predicate = (!icmp_ln201)> <Delay = 0.00>
ST_2 : Operation 57 [1/1] (0.00ns)   --->   "%tile_11_addr = getelementptr i16 %tile_11, i64 0, i64 %zext_ln212" [./flashattentionmemory.h:212]   --->   Operation 57 'getelementptr' 'tile_11_addr' <Predicate = (!icmp_ln201)> <Delay = 0.00>
ST_2 : Operation 58 [1/1] (0.00ns)   --->   "%tile_12_addr = getelementptr i16 %tile_12, i64 0, i64 %zext_ln212" [./flashattentionmemory.h:212]   --->   Operation 58 'getelementptr' 'tile_12_addr' <Predicate = (!icmp_ln201)> <Delay = 0.00>
ST_2 : Operation 59 [1/1] (0.00ns)   --->   "%tile_13_addr = getelementptr i16 %tile_13, i64 0, i64 %zext_ln212" [./flashattentionmemory.h:212]   --->   Operation 59 'getelementptr' 'tile_13_addr' <Predicate = (!icmp_ln201)> <Delay = 0.00>
ST_2 : Operation 60 [1/1] (0.00ns)   --->   "%tile_14_addr = getelementptr i16 %tile_14, i64 0, i64 %zext_ln212" [./flashattentionmemory.h:212]   --->   Operation 60 'getelementptr' 'tile_14_addr' <Predicate = (!icmp_ln201)> <Delay = 0.00>
ST_2 : Operation 61 [1/1] (0.00ns)   --->   "%tile_15_addr = getelementptr i16 %tile_15, i64 0, i64 %zext_ln212" [./flashattentionmemory.h:212]   --->   Operation 61 'getelementptr' 'tile_15_addr' <Predicate = (!icmp_ln201)> <Delay = 0.00>
ST_2 : Operation 62 [1/1] (0.69ns) (share mux size 8)   --->   "%muxLogicRAMAddr_to_tile_0_load = muxlogic i9 %tile_0_addr"   --->   Operation 62 'muxlogic' 'muxLogicRAMAddr_to_tile_0_load' <Predicate = (!icmp_ln201)> <Delay = 0.69>
ST_2 : Operation 63 [2/2] (0.55ns) (share mux size 15)   --->   "%tile_0_load = load i9 %tile_0_addr" [./flashattentionmemory.h:212]   --->   Operation 63 'load' 'tile_0_load' <Predicate = (!icmp_ln201)> <Delay = 0.55> <CoreInst = "RAM_2P_BRAM">   --->   Core 97 'RAM_2P_BRAM' <Latency = 1> <II = 1> <Delay = 0.86> <Storage> <Opcode : 'load' 'store'> <Ports = 2> <Width = 16> <Depth = 512> <RAM>
ST_2 : Operation 64 [1/1] (0.69ns) (share mux size 8)   --->   "%muxLogicRAMAddr_to_tile_1_load = muxlogic i9 %tile_1_addr"   --->   Operation 64 'muxlogic' 'muxLogicRAMAddr_to_tile_1_load' <Predicate = (!icmp_ln201)> <Delay = 0.69>
ST_2 : Operation 65 [2/2] (0.55ns) (share mux size 15)   --->   "%tile_1_load = load i9 %tile_1_addr" [./flashattentionmemory.h:212]   --->   Operation 65 'load' 'tile_1_load' <Predicate = (!icmp_ln201)> <Delay = 0.55> <CoreInst = "RAM_2P_BRAM">   --->   Core 97 'RAM_2P_BRAM' <Latency = 1> <II = 1> <Delay = 0.86> <Storage> <Opcode : 'load' 'store'> <Ports = 2> <Width = 16> <Depth = 512> <RAM>
ST_2 : Operation 66 [1/1] (0.69ns) (share mux size 8)   --->   "%muxLogicRAMAddr_to_tile_2_load = muxlogic i9 %tile_2_addr"   --->   Operation 66 'muxlogic' 'muxLogicRAMAddr_to_tile_2_load' <Predicate = (!icmp_ln201)> <Delay = 0.69>
ST_2 : Operation 67 [2/2] (0.55ns) (share mux size 15)   --->   "%tile_2_load = load i9 %tile_2_addr" [./flashattentionmemory.h:212]   --->   Operation 67 'load' 'tile_2_load' <Predicate = (!icmp_ln201)> <Delay = 0.55> <CoreInst = "RAM_2P_BRAM">   --->   Core 97 'RAM_2P_BRAM' <Latency = 1> <II = 1> <Delay = 0.86> <Storage> <Opcode : 'load' 'store'> <Ports = 2> <Width = 16> <Depth = 512> <RAM>
ST_2 : Operation 68 [1/1] (0.69ns) (share mux size 8)   --->   "%muxLogicRAMAddr_to_tile_3_load = muxlogic i9 %tile_3_addr"   --->   Operation 68 'muxlogic' 'muxLogicRAMAddr_to_tile_3_load' <Predicate = (!icmp_ln201)> <Delay = 0.69>
ST_2 : Operation 69 [2/2] (0.55ns) (share mux size 15)   --->   "%tile_3_load = load i9 %tile_3_addr" [./flashattentionmemory.h:212]   --->   Operation 69 'load' 'tile_3_load' <Predicate = (!icmp_ln201)> <Delay = 0.55> <CoreInst = "RAM_2P_BRAM">   --->   Core 97 'RAM_2P_BRAM' <Latency = 1> <II = 1> <Delay = 0.86> <Storage> <Opcode : 'load' 'store'> <Ports = 2> <Width = 16> <Depth = 512> <RAM>
ST_2 : Operation 70 [1/1] (0.69ns) (share mux size 8)   --->   "%muxLogicRAMAddr_to_tile_4_load = muxlogic i9 %tile_4_addr"   --->   Operation 70 'muxlogic' 'muxLogicRAMAddr_to_tile_4_load' <Predicate = (!icmp_ln201)> <Delay = 0.69>
ST_2 : Operation 71 [2/2] (0.55ns) (share mux size 15)   --->   "%tile_4_load = load i9 %tile_4_addr" [./flashattentionmemory.h:212]   --->   Operation 71 'load' 'tile_4_load' <Predicate = (!icmp_ln201)> <Delay = 0.55> <CoreInst = "RAM_2P_BRAM">   --->   Core 97 'RAM_2P_BRAM' <Latency = 1> <II = 1> <Delay = 0.86> <Storage> <Opcode : 'load' 'store'> <Ports = 2> <Width = 16> <Depth = 512> <RAM>
ST_2 : Operation 72 [1/1] (0.69ns) (share mux size 8)   --->   "%muxLogicRAMAddr_to_tile_5_load = muxlogic i9 %tile_5_addr"   --->   Operation 72 'muxlogic' 'muxLogicRAMAddr_to_tile_5_load' <Predicate = (!icmp_ln201)> <Delay = 0.69>
ST_2 : Operation 73 [2/2] (0.55ns) (share mux size 15)   --->   "%tile_5_load = load i9 %tile_5_addr" [./flashattentionmemory.h:212]   --->   Operation 73 'load' 'tile_5_load' <Predicate = (!icmp_ln201)> <Delay = 0.55> <CoreInst = "RAM_2P_BRAM">   --->   Core 97 'RAM_2P_BRAM' <Latency = 1> <II = 1> <Delay = 0.86> <Storage> <Opcode : 'load' 'store'> <Ports = 2> <Width = 16> <Depth = 512> <RAM>
ST_2 : Operation 74 [1/1] (0.69ns) (share mux size 8)   --->   "%muxLogicRAMAddr_to_tile_6_load = muxlogic i9 %tile_6_addr"   --->   Operation 74 'muxlogic' 'muxLogicRAMAddr_to_tile_6_load' <Predicate = (!icmp_ln201)> <Delay = 0.69>
ST_2 : Operation 75 [2/2] (0.55ns) (share mux size 15)   --->   "%tile_6_load = load i9 %tile_6_addr" [./flashattentionmemory.h:212]   --->   Operation 75 'load' 'tile_6_load' <Predicate = (!icmp_ln201)> <Delay = 0.55> <CoreInst = "RAM_2P_BRAM">   --->   Core 97 'RAM_2P_BRAM' <Latency = 1> <II = 1> <Delay = 0.86> <Storage> <Opcode : 'load' 'store'> <Ports = 2> <Width = 16> <Depth = 512> <RAM>
ST_2 : Operation 76 [1/1] (0.69ns) (share mux size 8)   --->   "%muxLogicRAMAddr_to_tile_7_load = muxlogic i9 %tile_7_addr"   --->   Operation 76 'muxlogic' 'muxLogicRAMAddr_to_tile_7_load' <Predicate = (!icmp_ln201)> <Delay = 0.69>
ST_2 : Operation 77 [2/2] (0.55ns) (share mux size 15)   --->   "%tile_7_load = load i9 %tile_7_addr" [./flashattentionmemory.h:212]   --->   Operation 77 'load' 'tile_7_load' <Predicate = (!icmp_ln201)> <Delay = 0.55> <CoreInst = "RAM_2P_BRAM">   --->   Core 97 'RAM_2P_BRAM' <Latency = 1> <II = 1> <Delay = 0.86> <Storage> <Opcode : 'load' 'store'> <Ports = 2> <Width = 16> <Depth = 512> <RAM>
ST_2 : Operation 78 [1/1] (0.69ns) (share mux size 8)   --->   "%muxLogicRAMAddr_to_tile_8_load = muxlogic i9 %tile_8_addr"   --->   Operation 78 'muxlogic' 'muxLogicRAMAddr_to_tile_8_load' <Predicate = (!icmp_ln201)> <Delay = 0.69>
ST_2 : Operation 79 [2/2] (0.55ns) (share mux size 15)   --->   "%tile_8_load = load i9 %tile_8_addr" [./flashattentionmemory.h:212]   --->   Operation 79 'load' 'tile_8_load' <Predicate = (!icmp_ln201)> <Delay = 0.55> <CoreInst = "RAM_2P_BRAM">   --->   Core 97 'RAM_2P_BRAM' <Latency = 1> <II = 1> <Delay = 0.86> <Storage> <Opcode : 'load' 'store'> <Ports = 2> <Width = 16> <Depth = 512> <RAM>
ST_2 : Operation 80 [1/1] (0.69ns) (share mux size 8)   --->   "%muxLogicRAMAddr_to_tile_9_load = muxlogic i9 %tile_9_addr"   --->   Operation 80 'muxlogic' 'muxLogicRAMAddr_to_tile_9_load' <Predicate = (!icmp_ln201)> <Delay = 0.69>
ST_2 : Operation 81 [2/2] (0.55ns) (share mux size 15)   --->   "%tile_9_load = load i9 %tile_9_addr" [./flashattentionmemory.h:212]   --->   Operation 81 'load' 'tile_9_load' <Predicate = (!icmp_ln201)> <Delay = 0.55> <CoreInst = "RAM_2P_BRAM">   --->   Core 97 'RAM_2P_BRAM' <Latency = 1> <II = 1> <Delay = 0.86> <Storage> <Opcode : 'load' 'store'> <Ports = 2> <Width = 16> <Depth = 512> <RAM>
ST_2 : Operation 82 [1/1] (0.69ns) (share mux size 8)   --->   "%muxLogicRAMAddr_to_tile_10_load = muxlogic i9 %tile_10_addr"   --->   Operation 82 'muxlogic' 'muxLogicRAMAddr_to_tile_10_load' <Predicate = (!icmp_ln201)> <Delay = 0.69>
ST_2 : Operation 83 [2/2] (0.55ns) (share mux size 15)   --->   "%tile_10_load = load i9 %tile_10_addr" [./flashattentionmemory.h:212]   --->   Operation 83 'load' 'tile_10_load' <Predicate = (!icmp_ln201)> <Delay = 0.55> <CoreInst = "RAM_2P_BRAM">   --->   Core 97 'RAM_2P_BRAM' <Latency = 1> <II = 1> <Delay = 0.86> <Storage> <Opcode : 'load' 'store'> <Ports = 2> <Width = 16> <Depth = 512> <RAM>
ST_2 : Operation 84 [1/1] (0.69ns) (share mux size 8)   --->   "%muxLogicRAMAddr_to_tile_11_load = muxlogic i9 %tile_11_addr"   --->   Operation 84 'muxlogic' 'muxLogicRAMAddr_to_tile_11_load' <Predicate = (!icmp_ln201)> <Delay = 0.69>
ST_2 : Operation 85 [2/2] (0.55ns) (share mux size 15)   --->   "%tile_11_load = load i9 %tile_11_addr" [./flashattentionmemory.h:212]   --->   Operation 85 'load' 'tile_11_load' <Predicate = (!icmp_ln201)> <Delay = 0.55> <CoreInst = "RAM_2P_BRAM">   --->   Core 97 'RAM_2P_BRAM' <Latency = 1> <II = 1> <Delay = 0.86> <Storage> <Opcode : 'load' 'store'> <Ports = 2> <Width = 16> <Depth = 512> <RAM>
ST_2 : Operation 86 [1/1] (0.69ns) (share mux size 8)   --->   "%muxLogicRAMAddr_to_tile_12_load = muxlogic i9 %tile_12_addr"   --->   Operation 86 'muxlogic' 'muxLogicRAMAddr_to_tile_12_load' <Predicate = (!icmp_ln201)> <Delay = 0.69>
ST_2 : Operation 87 [2/2] (0.55ns) (share mux size 15)   --->   "%tile_12_load = load i9 %tile_12_addr" [./flashattentionmemory.h:212]   --->   Operation 87 'load' 'tile_12_load' <Predicate = (!icmp_ln201)> <Delay = 0.55> <CoreInst = "RAM_2P_BRAM">   --->   Core 97 'RAM_2P_BRAM' <Latency = 1> <II = 1> <Delay = 0.86> <Storage> <Opcode : 'load' 'store'> <Ports = 2> <Width = 16> <Depth = 512> <RAM>
ST_2 : Operation 88 [1/1] (0.69ns) (share mux size 8)   --->   "%muxLogicRAMAddr_to_tile_13_load = muxlogic i9 %tile_13_addr"   --->   Operation 88 'muxlogic' 'muxLogicRAMAddr_to_tile_13_load' <Predicate = (!icmp_ln201)> <Delay = 0.69>
ST_2 : Operation 89 [2/2] (0.55ns) (share mux size 15)   --->   "%tile_13_load = load i9 %tile_13_addr" [./flashattentionmemory.h:212]   --->   Operation 89 'load' 'tile_13_load' <Predicate = (!icmp_ln201)> <Delay = 0.55> <CoreInst = "RAM_2P_BRAM">   --->   Core 97 'RAM_2P_BRAM' <Latency = 1> <II = 1> <Delay = 0.86> <Storage> <Opcode : 'load' 'store'> <Ports = 2> <Width = 16> <Depth = 512> <RAM>
ST_2 : Operation 90 [1/1] (0.69ns) (share mux size 8)   --->   "%muxLogicRAMAddr_to_tile_14_load = muxlogic i9 %tile_14_addr"   --->   Operation 90 'muxlogic' 'muxLogicRAMAddr_to_tile_14_load' <Predicate = (!icmp_ln201)> <Delay = 0.69>
ST_2 : Operation 91 [2/2] (0.55ns) (share mux size 15)   --->   "%tile_14_load = load i9 %tile_14_addr" [./flashattentionmemory.h:212]   --->   Operation 91 'load' 'tile_14_load' <Predicate = (!icmp_ln201)> <Delay = 0.55> <CoreInst = "RAM_2P_BRAM">   --->   Core 97 'RAM_2P_BRAM' <Latency = 1> <II = 1> <Delay = 0.86> <Storage> <Opcode : 'load' 'store'> <Ports = 2> <Width = 16> <Depth = 512> <RAM>
ST_2 : Operation 92 [1/1] (0.69ns) (share mux size 8)   --->   "%muxLogicRAMAddr_to_tile_15_load = muxlogic i9 %tile_15_addr"   --->   Operation 92 'muxlogic' 'muxLogicRAMAddr_to_tile_15_load' <Predicate = (!icmp_ln201)> <Delay = 0.69>
ST_2 : Operation 93 [2/2] (0.55ns) (share mux size 15)   --->   "%tile_15_load = load i9 %tile_15_addr" [./flashattentionmemory.h:212]   --->   Operation 93 'load' 'tile_15_load' <Predicate = (!icmp_ln201)> <Delay = 0.55> <CoreInst = "RAM_2P_BRAM">   --->   Core 97 'RAM_2P_BRAM' <Latency = 1> <II = 1> <Delay = 0.86> <Storage> <Opcode : 'load' 'store'> <Ports = 2> <Width = 16> <Depth = 512> <RAM>
ST_2 : Operation 94 [1/1] (0.00ns)   --->   "%tmp_1 = bitconcatenate i9 @_ssdm_op_BitConcatenate.i9.i6.i2.i1, i6 %trunc_ln206, i2 %trunc_ln212, i1 1" [./flashattentionmemory.h:212]   --->   Operation 94 'bitconcatenate' 'tmp_1' <Predicate = (!icmp_ln201)> <Delay = 0.00>
ST_2 : Operation 95 [1/1] (0.00ns)   --->   "%zext_ln212_1 = zext i9 %tmp_1" [./flashattentionmemory.h:212]   --->   Operation 95 'zext' 'zext_ln212_1' <Predicate = (!icmp_ln201)> <Delay = 0.00>
ST_2 : Operation 96 [1/1] (0.00ns)   --->   "%tile_0_addr_1 = getelementptr i16 %tile_0, i64 0, i64 %zext_ln212_1" [./flashattentionmemory.h:212]   --->   Operation 96 'getelementptr' 'tile_0_addr_1' <Predicate = (!icmp_ln201)> <Delay = 0.00>
ST_2 : Operation 97 [1/1] (0.00ns)   --->   "%tile_1_addr_1 = getelementptr i16 %tile_1, i64 0, i64 %zext_ln212_1" [./flashattentionmemory.h:212]   --->   Operation 97 'getelementptr' 'tile_1_addr_1' <Predicate = (!icmp_ln201)> <Delay = 0.00>
ST_2 : Operation 98 [1/1] (0.00ns)   --->   "%tile_2_addr_1 = getelementptr i16 %tile_2, i64 0, i64 %zext_ln212_1" [./flashattentionmemory.h:212]   --->   Operation 98 'getelementptr' 'tile_2_addr_1' <Predicate = (!icmp_ln201)> <Delay = 0.00>
ST_2 : Operation 99 [1/1] (0.00ns)   --->   "%tile_3_addr_1 = getelementptr i16 %tile_3, i64 0, i64 %zext_ln212_1" [./flashattentionmemory.h:212]   --->   Operation 99 'getelementptr' 'tile_3_addr_1' <Predicate = (!icmp_ln201)> <Delay = 0.00>
ST_2 : Operation 100 [1/1] (0.00ns)   --->   "%tile_4_addr_1 = getelementptr i16 %tile_4, i64 0, i64 %zext_ln212_1" [./flashattentionmemory.h:212]   --->   Operation 100 'getelementptr' 'tile_4_addr_1' <Predicate = (!icmp_ln201)> <Delay = 0.00>
ST_2 : Operation 101 [1/1] (0.00ns)   --->   "%tile_5_addr_1 = getelementptr i16 %tile_5, i64 0, i64 %zext_ln212_1" [./flashattentionmemory.h:212]   --->   Operation 101 'getelementptr' 'tile_5_addr_1' <Predicate = (!icmp_ln201)> <Delay = 0.00>
ST_2 : Operation 102 [1/1] (0.00ns)   --->   "%tile_6_addr_1 = getelementptr i16 %tile_6, i64 0, i64 %zext_ln212_1" [./flashattentionmemory.h:212]   --->   Operation 102 'getelementptr' 'tile_6_addr_1' <Predicate = (!icmp_ln201)> <Delay = 0.00>
ST_2 : Operation 103 [1/1] (0.00ns)   --->   "%tile_7_addr_1 = getelementptr i16 %tile_7, i64 0, i64 %zext_ln212_1" [./flashattentionmemory.h:212]   --->   Operation 103 'getelementptr' 'tile_7_addr_1' <Predicate = (!icmp_ln201)> <Delay = 0.00>
ST_2 : Operation 104 [1/1] (0.00ns)   --->   "%tile_8_addr_1 = getelementptr i16 %tile_8, i64 0, i64 %zext_ln212_1" [./flashattentionmemory.h:212]   --->   Operation 104 'getelementptr' 'tile_8_addr_1' <Predicate = (!icmp_ln201)> <Delay = 0.00>
ST_2 : Operation 105 [1/1] (0.00ns)   --->   "%tile_9_addr_1 = getelementptr i16 %tile_9, i64 0, i64 %zext_ln212_1" [./flashattentionmemory.h:212]   --->   Operation 105 'getelementptr' 'tile_9_addr_1' <Predicate = (!icmp_ln201)> <Delay = 0.00>
ST_2 : Operation 106 [1/1] (0.00ns)   --->   "%tile_10_addr_1 = getelementptr i16 %tile_10, i64 0, i64 %zext_ln212_1" [./flashattentionmemory.h:212]   --->   Operation 106 'getelementptr' 'tile_10_addr_1' <Predicate = (!icmp_ln201)> <Delay = 0.00>
ST_2 : Operation 107 [1/1] (0.00ns)   --->   "%tile_11_addr_1 = getelementptr i16 %tile_11, i64 0, i64 %zext_ln212_1" [./flashattentionmemory.h:212]   --->   Operation 107 'getelementptr' 'tile_11_addr_1' <Predicate = (!icmp_ln201)> <Delay = 0.00>
ST_2 : Operation 108 [1/1] (0.00ns)   --->   "%tile_12_addr_1 = getelementptr i16 %tile_12, i64 0, i64 %zext_ln212_1" [./flashattentionmemory.h:212]   --->   Operation 108 'getelementptr' 'tile_12_addr_1' <Predicate = (!icmp_ln201)> <Delay = 0.00>
ST_2 : Operation 109 [1/1] (0.00ns)   --->   "%tile_13_addr_1 = getelementptr i16 %tile_13, i64 0, i64 %zext_ln212_1" [./flashattentionmemory.h:212]   --->   Operation 109 'getelementptr' 'tile_13_addr_1' <Predicate = (!icmp_ln201)> <Delay = 0.00>
ST_2 : Operation 110 [1/1] (0.00ns)   --->   "%tile_14_addr_1 = getelementptr i16 %tile_14, i64 0, i64 %zext_ln212_1" [./flashattentionmemory.h:212]   --->   Operation 110 'getelementptr' 'tile_14_addr_1' <Predicate = (!icmp_ln201)> <Delay = 0.00>
ST_2 : Operation 111 [1/1] (0.00ns)   --->   "%tile_15_addr_1 = getelementptr i16 %tile_15, i64 0, i64 %zext_ln212_1" [./flashattentionmemory.h:212]   --->   Operation 111 'getelementptr' 'tile_15_addr_1' <Predicate = (!icmp_ln201)> <Delay = 0.00>
ST_2 : Operation 112 [1/1] (0.69ns) (share mux size 8)   --->   "%muxLogicRAMAddr_to_tile_0_load_1 = muxlogic i9 %tile_0_addr_1"   --->   Operation 112 'muxlogic' 'muxLogicRAMAddr_to_tile_0_load_1' <Predicate = (!icmp_ln201)> <Delay = 0.69>
ST_2 : Operation 113 [2/2] (0.55ns) (share mux size 15)   --->   "%tile_0_load_1 = load i9 %tile_0_addr_1" [./flashattentionmemory.h:212]   --->   Operation 113 'load' 'tile_0_load_1' <Predicate = (!icmp_ln201)> <Delay = 0.55> <CoreInst = "RAM_2P_BRAM">   --->   Core 97 'RAM_2P_BRAM' <Latency = 1> <II = 1> <Delay = 0.86> <Storage> <Opcode : 'load' 'store'> <Ports = 2> <Width = 16> <Depth = 512> <RAM>
ST_2 : Operation 114 [1/1] (0.69ns) (share mux size 8)   --->   "%muxLogicRAMAddr_to_tile_1_load_1 = muxlogic i9 %tile_1_addr_1"   --->   Operation 114 'muxlogic' 'muxLogicRAMAddr_to_tile_1_load_1' <Predicate = (!icmp_ln201)> <Delay = 0.69>
ST_2 : Operation 115 [2/2] (0.55ns) (share mux size 15)   --->   "%tile_1_load_1 = load i9 %tile_1_addr_1" [./flashattentionmemory.h:212]   --->   Operation 115 'load' 'tile_1_load_1' <Predicate = (!icmp_ln201)> <Delay = 0.55> <CoreInst = "RAM_2P_BRAM">   --->   Core 97 'RAM_2P_BRAM' <Latency = 1> <II = 1> <Delay = 0.86> <Storage> <Opcode : 'load' 'store'> <Ports = 2> <Width = 16> <Depth = 512> <RAM>
ST_2 : Operation 116 [1/1] (0.69ns) (share mux size 8)   --->   "%muxLogicRAMAddr_to_tile_2_load_1 = muxlogic i9 %tile_2_addr_1"   --->   Operation 116 'muxlogic' 'muxLogicRAMAddr_to_tile_2_load_1' <Predicate = (!icmp_ln201)> <Delay = 0.69>
ST_2 : Operation 117 [2/2] (0.55ns) (share mux size 15)   --->   "%tile_2_load_1 = load i9 %tile_2_addr_1" [./flashattentionmemory.h:212]   --->   Operation 117 'load' 'tile_2_load_1' <Predicate = (!icmp_ln201)> <Delay = 0.55> <CoreInst = "RAM_2P_BRAM">   --->   Core 97 'RAM_2P_BRAM' <Latency = 1> <II = 1> <Delay = 0.86> <Storage> <Opcode : 'load' 'store'> <Ports = 2> <Width = 16> <Depth = 512> <RAM>
ST_2 : Operation 118 [1/1] (0.69ns) (share mux size 8)   --->   "%muxLogicRAMAddr_to_tile_3_load_1 = muxlogic i9 %tile_3_addr_1"   --->   Operation 118 'muxlogic' 'muxLogicRAMAddr_to_tile_3_load_1' <Predicate = (!icmp_ln201)> <Delay = 0.69>
ST_2 : Operation 119 [2/2] (0.55ns) (share mux size 15)   --->   "%tile_3_load_1 = load i9 %tile_3_addr_1" [./flashattentionmemory.h:212]   --->   Operation 119 'load' 'tile_3_load_1' <Predicate = (!icmp_ln201)> <Delay = 0.55> <CoreInst = "RAM_2P_BRAM">   --->   Core 97 'RAM_2P_BRAM' <Latency = 1> <II = 1> <Delay = 0.86> <Storage> <Opcode : 'load' 'store'> <Ports = 2> <Width = 16> <Depth = 512> <RAM>
ST_2 : Operation 120 [1/1] (0.69ns) (share mux size 8)   --->   "%muxLogicRAMAddr_to_tile_4_load_1 = muxlogic i9 %tile_4_addr_1"   --->   Operation 120 'muxlogic' 'muxLogicRAMAddr_to_tile_4_load_1' <Predicate = (!icmp_ln201)> <Delay = 0.69>
ST_2 : Operation 121 [2/2] (0.55ns) (share mux size 15)   --->   "%tile_4_load_1 = load i9 %tile_4_addr_1" [./flashattentionmemory.h:212]   --->   Operation 121 'load' 'tile_4_load_1' <Predicate = (!icmp_ln201)> <Delay = 0.55> <CoreInst = "RAM_2P_BRAM">   --->   Core 97 'RAM_2P_BRAM' <Latency = 1> <II = 1> <Delay = 0.86> <Storage> <Opcode : 'load' 'store'> <Ports = 2> <Width = 16> <Depth = 512> <RAM>
ST_2 : Operation 122 [1/1] (0.69ns) (share mux size 8)   --->   "%muxLogicRAMAddr_to_tile_5_load_1 = muxlogic i9 %tile_5_addr_1"   --->   Operation 122 'muxlogic' 'muxLogicRAMAddr_to_tile_5_load_1' <Predicate = (!icmp_ln201)> <Delay = 0.69>
ST_2 : Operation 123 [2/2] (0.55ns) (share mux size 15)   --->   "%tile_5_load_1 = load i9 %tile_5_addr_1" [./flashattentionmemory.h:212]   --->   Operation 123 'load' 'tile_5_load_1' <Predicate = (!icmp_ln201)> <Delay = 0.55> <CoreInst = "RAM_2P_BRAM">   --->   Core 97 'RAM_2P_BRAM' <Latency = 1> <II = 1> <Delay = 0.86> <Storage> <Opcode : 'load' 'store'> <Ports = 2> <Width = 16> <Depth = 512> <RAM>
ST_2 : Operation 124 [1/1] (0.69ns) (share mux size 8)   --->   "%muxLogicRAMAddr_to_tile_6_load_1 = muxlogic i9 %tile_6_addr_1"   --->   Operation 124 'muxlogic' 'muxLogicRAMAddr_to_tile_6_load_1' <Predicate = (!icmp_ln201)> <Delay = 0.69>
ST_2 : Operation 125 [2/2] (0.55ns) (share mux size 15)   --->   "%tile_6_load_1 = load i9 %tile_6_addr_1" [./flashattentionmemory.h:212]   --->   Operation 125 'load' 'tile_6_load_1' <Predicate = (!icmp_ln201)> <Delay = 0.55> <CoreInst = "RAM_2P_BRAM">   --->   Core 97 'RAM_2P_BRAM' <Latency = 1> <II = 1> <Delay = 0.86> <Storage> <Opcode : 'load' 'store'> <Ports = 2> <Width = 16> <Depth = 512> <RAM>
ST_2 : Operation 126 [1/1] (0.69ns) (share mux size 8)   --->   "%muxLogicRAMAddr_to_tile_7_load_1 = muxlogic i9 %tile_7_addr_1"   --->   Operation 126 'muxlogic' 'muxLogicRAMAddr_to_tile_7_load_1' <Predicate = (!icmp_ln201)> <Delay = 0.69>
ST_2 : Operation 127 [2/2] (0.55ns) (share mux size 15)   --->   "%tile_7_load_1 = load i9 %tile_7_addr_1" [./flashattentionmemory.h:212]   --->   Operation 127 'load' 'tile_7_load_1' <Predicate = (!icmp_ln201)> <Delay = 0.55> <CoreInst = "RAM_2P_BRAM">   --->   Core 97 'RAM_2P_BRAM' <Latency = 1> <II = 1> <Delay = 0.86> <Storage> <Opcode : 'load' 'store'> <Ports = 2> <Width = 16> <Depth = 512> <RAM>
ST_2 : Operation 128 [1/1] (0.69ns) (share mux size 8)   --->   "%muxLogicRAMAddr_to_tile_8_load_1 = muxlogic i9 %tile_8_addr_1"   --->   Operation 128 'muxlogic' 'muxLogicRAMAddr_to_tile_8_load_1' <Predicate = (!icmp_ln201)> <Delay = 0.69>
ST_2 : Operation 129 [2/2] (0.55ns) (share mux size 15)   --->   "%tile_8_load_1 = load i9 %tile_8_addr_1" [./flashattentionmemory.h:212]   --->   Operation 129 'load' 'tile_8_load_1' <Predicate = (!icmp_ln201)> <Delay = 0.55> <CoreInst = "RAM_2P_BRAM">   --->   Core 97 'RAM_2P_BRAM' <Latency = 1> <II = 1> <Delay = 0.86> <Storage> <Opcode : 'load' 'store'> <Ports = 2> <Width = 16> <Depth = 512> <RAM>
ST_2 : Operation 130 [1/1] (0.69ns) (share mux size 8)   --->   "%muxLogicRAMAddr_to_tile_9_load_1 = muxlogic i9 %tile_9_addr_1"   --->   Operation 130 'muxlogic' 'muxLogicRAMAddr_to_tile_9_load_1' <Predicate = (!icmp_ln201)> <Delay = 0.69>
ST_2 : Operation 131 [2/2] (0.55ns) (share mux size 15)   --->   "%tile_9_load_1 = load i9 %tile_9_addr_1" [./flashattentionmemory.h:212]   --->   Operation 131 'load' 'tile_9_load_1' <Predicate = (!icmp_ln201)> <Delay = 0.55> <CoreInst = "RAM_2P_BRAM">   --->   Core 97 'RAM_2P_BRAM' <Latency = 1> <II = 1> <Delay = 0.86> <Storage> <Opcode : 'load' 'store'> <Ports = 2> <Width = 16> <Depth = 512> <RAM>
ST_2 : Operation 132 [1/1] (0.69ns) (share mux size 8)   --->   "%muxLogicRAMAddr_to_tile_10_load_1 = muxlogic i9 %tile_10_addr_1"   --->   Operation 132 'muxlogic' 'muxLogicRAMAddr_to_tile_10_load_1' <Predicate = (!icmp_ln201)> <Delay = 0.69>
ST_2 : Operation 133 [2/2] (0.55ns) (share mux size 15)   --->   "%tile_10_load_1 = load i9 %tile_10_addr_1" [./flashattentionmemory.h:212]   --->   Operation 133 'load' 'tile_10_load_1' <Predicate = (!icmp_ln201)> <Delay = 0.55> <CoreInst = "RAM_2P_BRAM">   --->   Core 97 'RAM_2P_BRAM' <Latency = 1> <II = 1> <Delay = 0.86> <Storage> <Opcode : 'load' 'store'> <Ports = 2> <Width = 16> <Depth = 512> <RAM>
ST_2 : Operation 134 [1/1] (0.69ns) (share mux size 8)   --->   "%muxLogicRAMAddr_to_tile_11_load_1 = muxlogic i9 %tile_11_addr_1"   --->   Operation 134 'muxlogic' 'muxLogicRAMAddr_to_tile_11_load_1' <Predicate = (!icmp_ln201)> <Delay = 0.69>
ST_2 : Operation 135 [2/2] (0.55ns) (share mux size 15)   --->   "%tile_11_load_1 = load i9 %tile_11_addr_1" [./flashattentionmemory.h:212]   --->   Operation 135 'load' 'tile_11_load_1' <Predicate = (!icmp_ln201)> <Delay = 0.55> <CoreInst = "RAM_2P_BRAM">   --->   Core 97 'RAM_2P_BRAM' <Latency = 1> <II = 1> <Delay = 0.86> <Storage> <Opcode : 'load' 'store'> <Ports = 2> <Width = 16> <Depth = 512> <RAM>
ST_2 : Operation 136 [1/1] (0.69ns) (share mux size 8)   --->   "%muxLogicRAMAddr_to_tile_12_load_1 = muxlogic i9 %tile_12_addr_1"   --->   Operation 136 'muxlogic' 'muxLogicRAMAddr_to_tile_12_load_1' <Predicate = (!icmp_ln201)> <Delay = 0.69>
ST_2 : Operation 137 [2/2] (0.55ns) (share mux size 15)   --->   "%tile_12_load_1 = load i9 %tile_12_addr_1" [./flashattentionmemory.h:212]   --->   Operation 137 'load' 'tile_12_load_1' <Predicate = (!icmp_ln201)> <Delay = 0.55> <CoreInst = "RAM_2P_BRAM">   --->   Core 97 'RAM_2P_BRAM' <Latency = 1> <II = 1> <Delay = 0.86> <Storage> <Opcode : 'load' 'store'> <Ports = 2> <Width = 16> <Depth = 512> <RAM>
ST_2 : Operation 138 [1/1] (0.69ns) (share mux size 8)   --->   "%muxLogicRAMAddr_to_tile_13_load_1 = muxlogic i9 %tile_13_addr_1"   --->   Operation 138 'muxlogic' 'muxLogicRAMAddr_to_tile_13_load_1' <Predicate = (!icmp_ln201)> <Delay = 0.69>
ST_2 : Operation 139 [2/2] (0.55ns) (share mux size 15)   --->   "%tile_13_load_1 = load i9 %tile_13_addr_1" [./flashattentionmemory.h:212]   --->   Operation 139 'load' 'tile_13_load_1' <Predicate = (!icmp_ln201)> <Delay = 0.55> <CoreInst = "RAM_2P_BRAM">   --->   Core 97 'RAM_2P_BRAM' <Latency = 1> <II = 1> <Delay = 0.86> <Storage> <Opcode : 'load' 'store'> <Ports = 2> <Width = 16> <Depth = 512> <RAM>
ST_2 : Operation 140 [1/1] (0.69ns) (share mux size 8)   --->   "%muxLogicRAMAddr_to_tile_14_load_1 = muxlogic i9 %tile_14_addr_1"   --->   Operation 140 'muxlogic' 'muxLogicRAMAddr_to_tile_14_load_1' <Predicate = (!icmp_ln201)> <Delay = 0.69>
ST_2 : Operation 141 [2/2] (0.55ns) (share mux size 15)   --->   "%tile_14_load_1 = load i9 %tile_14_addr_1" [./flashattentionmemory.h:212]   --->   Operation 141 'load' 'tile_14_load_1' <Predicate = (!icmp_ln201)> <Delay = 0.55> <CoreInst = "RAM_2P_BRAM">   --->   Core 97 'RAM_2P_BRAM' <Latency = 1> <II = 1> <Delay = 0.86> <Storage> <Opcode : 'load' 'store'> <Ports = 2> <Width = 16> <Depth = 512> <RAM>
ST_2 : Operation 142 [1/1] (0.69ns) (share mux size 8)   --->   "%muxLogicRAMAddr_to_tile_15_load_1 = muxlogic i9 %tile_15_addr_1"   --->   Operation 142 'muxlogic' 'muxLogicRAMAddr_to_tile_15_load_1' <Predicate = (!icmp_ln201)> <Delay = 0.69>
ST_2 : Operation 143 [2/2] (0.55ns) (share mux size 15)   --->   "%tile_15_load_1 = load i9 %tile_15_addr_1" [./flashattentionmemory.h:212]   --->   Operation 143 'load' 'tile_15_load_1' <Predicate = (!icmp_ln201)> <Delay = 0.55> <CoreInst = "RAM_2P_BRAM">   --->   Core 97 'RAM_2P_BRAM' <Latency = 1> <II = 1> <Delay = 0.86> <Storage> <Opcode : 'load' 'store'> <Ports = 2> <Width = 16> <Depth = 512> <RAM>
ST_2 : Operation 144 [1/1] (0.66ns)   --->   "%add_ln205 = add i3 %select_ln201, i3 1" [./flashattentionmemory.h:205]   --->   Operation 144 'add' 'add_ln205' <Predicate = (!icmp_ln201)> <Delay = 0.66> <CoreInst = "Adder">   --->   Core 1 'Adder' <Latency = 0> <II = 1> <Delay = 0.66> <FuncUnit> <Opcode : 'add' 'sub'> <InPorts = 2> <OutPorts = 1>
ST_2 : Operation 145 [1/1] (0.46ns)   --->   "%store_ln201 = store i33 %add_ln201, i33 %indvar_flatten" [./flashattentionmemory.h:201]   --->   Operation 145 'store' 'store_ln201' <Predicate = (!icmp_ln201)> <Delay = 0.46>
ST_2 : Operation 146 [1/1] (0.42ns)   --->   "%store_ln201 = store i31 %select_ln201_1, i31 %r" [./flashattentionmemory.h:201]   --->   Operation 146 'store' 'store_ln201' <Predicate = (!icmp_ln201)> <Delay = 0.42>
ST_2 : Operation 147 [1/1] (0.36ns)   --->   "%store_ln205 = store i3 %add_ln205, i3 %b" [./flashattentionmemory.h:205]   --->   Operation 147 'store' 'store_ln205' <Predicate = (!icmp_ln201)> <Delay = 0.36>
ST_2 : Operation 220 [1/1] (0.28ns)   --->   "%ret_ln0 = ret"   --->   Operation 220 'ret' 'ret_ln0' <Predicate = (icmp_ln201)> <Delay = 0.28>

State 3 <SV = 2> <Delay = 1.96>
ST_3 : Operation 148 [1/1] (0.00ns)   --->   "%gmem_O_addr = getelementptr i512 %gmem_O, i64 %sext_ln201_1_cast" [./flashattentionmemory.h:201]   --->   Operation 148 'getelementptr' 'gmem_O_addr' <Predicate = true> <Delay = 0.00>
ST_3 : Operation 149 [1/1] (0.00ns)   --->   "%specloopname_ln0 = specloopname void @_ssdm_op_SpecLoopName, void @STORE_TILE_ROWS_STORE_TILE_BEATS_str"   --->   Operation 149 'specloopname' 'specloopname_ln0' <Predicate = true> <Delay = 0.00>
ST_3 : Operation 150 [1/1] (0.00ns)   --->   "%specpipeline_ln206 = specpipeline void @_ssdm_op_SpecPipeline, i32 1, i32 0, i32 0, i32 0, void @empty_27" [./flashattentionmemory.h:206]   --->   Operation 150 'specpipeline' 'specpipeline_ln206' <Predicate = true> <Delay = 0.00>
ST_3 : Operation 151 [1/2] ( I:0.86ns O:0.86ns ) (share mux size 15)   --->   "%tile_0_load = load i9 %tile_0_addr" [./flashattentionmemory.h:212]   --->   Operation 151 'load' 'tile_0_load' <Predicate = true> <Delay = 0.86> <CoreInst = "RAM_2P_BRAM">   --->   Core 97 'RAM_2P_BRAM' <Latency = 1> <II = 1> <Delay = 0.86> <Storage> <Opcode : 'load' 'store'> <Ports = 2> <Width = 16> <Depth = 512> <RAM>
ST_3 : Operation 152 [1/1] (0.00ns)   --->   "%bitcast_ln212 = bitcast i16 %tile_0_load" [./flashattentionmemory.h:212]   --->   Operation 152 'bitcast' 'bitcast_ln212' <Predicate = true> <Delay = 0.00>
ST_3 : Operation 153 [1/2] ( I:0.86ns O:0.86ns ) (share mux size 15)   --->   "%tile_1_load = load i9 %tile_1_addr" [./flashattentionmemory.h:212]   --->   Operation 153 'load' 'tile_1_load' <Predicate = true> <Delay = 0.86> <CoreInst = "RAM_2P_BRAM">   --->   Core 97 'RAM_2P_BRAM' <Latency = 1> <II = 1> <Delay = 0.86> <Storage> <Opcode : 'load' 'store'> <Ports = 2> <Width = 16> <Depth = 512> <RAM>
ST_3 : Operation 154 [1/1] (0.00ns)   --->   "%bitcast_ln212_1 = bitcast i16 %tile_1_load" [./flashattentionmemory.h:212]   --->   Operation 154 'bitcast' 'bitcast_ln212_1' <Predicate = true> <Delay = 0.00>
ST_3 : Operation 155 [1/2] ( I:0.86ns O:0.86ns ) (share mux size 15)   --->   "%tile_2_load = load i9 %tile_2_addr" [./flashattentionmemory.h:212]   --->   Operation 155 'load' 'tile_2_load' <Predicate = true> <Delay = 0.86> <CoreInst = "RAM_2P_BRAM">   --->   Core 97 'RAM_2P_BRAM' <Latency = 1> <II = 1> <Delay = 0.86> <Storage> <Opcode : 'load' 'store'> <Ports = 2> <Width = 16> <Depth = 512> <RAM>
ST_3 : Operation 156 [1/1] (0.00ns)   --->   "%bitcast_ln212_2 = bitcast i16 %tile_2_load" [./flashattentionmemory.h:212]   --->   Operation 156 'bitcast' 'bitcast_ln212_2' <Predicate = true> <Delay = 0.00>
ST_3 : Operation 157 [1/2] ( I:0.86ns O:0.86ns ) (share mux size 15)   --->   "%tile_3_load = load i9 %tile_3_addr" [./flashattentionmemory.h:212]   --->   Operation 157 'load' 'tile_3_load' <Predicate = true> <Delay = 0.86> <CoreInst = "RAM_2P_BRAM">   --->   Core 97 'RAM_2P_BRAM' <Latency = 1> <II = 1> <Delay = 0.86> <Storage> <Opcode : 'load' 'store'> <Ports = 2> <Width = 16> <Depth = 512> <RAM>
ST_3 : Operation 158 [1/1] (0.00ns)   --->   "%bitcast_ln212_3 = bitcast i16 %tile_3_load" [./flashattentionmemory.h:212]   --->   Operation 158 'bitcast' 'bitcast_ln212_3' <Predicate = true> <Delay = 0.00>
ST_3 : Operation 159 [1/2] ( I:0.86ns O:0.86ns ) (share mux size 15)   --->   "%tile_4_load = load i9 %tile_4_addr" [./flashattentionmemory.h:212]   --->   Operation 159 'load' 'tile_4_load' <Predicate = true> <Delay = 0.86> <CoreInst = "RAM_2P_BRAM">   --->   Core 97 'RAM_2P_BRAM' <Latency = 1> <II = 1> <Delay = 0.86> <Storage> <Opcode : 'load' 'store'> <Ports = 2> <Width = 16> <Depth = 512> <RAM>
ST_3 : Operation 160 [1/1] (0.00ns)   --->   "%bitcast_ln212_4 = bitcast i16 %tile_4_load" [./flashattentionmemory.h:212]   --->   Operation 160 'bitcast' 'bitcast_ln212_4' <Predicate = true> <Delay = 0.00>
ST_3 : Operation 161 [1/2] ( I:0.86ns O:0.86ns ) (share mux size 15)   --->   "%tile_5_load = load i9 %tile_5_addr" [./flashattentionmemory.h:212]   --->   Operation 161 'load' 'tile_5_load' <Predicate = true> <Delay = 0.86> <CoreInst = "RAM_2P_BRAM">   --->   Core 97 'RAM_2P_BRAM' <Latency = 1> <II = 1> <Delay = 0.86> <Storage> <Opcode : 'load' 'store'> <Ports = 2> <Width = 16> <Depth = 512> <RAM>
ST_3 : Operation 162 [1/1] (0.00ns)   --->   "%bitcast_ln212_5 = bitcast i16 %tile_5_load" [./flashattentionmemory.h:212]   --->   Operation 162 'bitcast' 'bitcast_ln212_5' <Predicate = true> <Delay = 0.00>
ST_3 : Operation 163 [1/2] ( I:0.86ns O:0.86ns ) (share mux size 15)   --->   "%tile_6_load = load i9 %tile_6_addr" [./flashattentionmemory.h:212]   --->   Operation 163 'load' 'tile_6_load' <Predicate = true> <Delay = 0.86> <CoreInst = "RAM_2P_BRAM">   --->   Core 97 'RAM_2P_BRAM' <Latency = 1> <II = 1> <Delay = 0.86> <Storage> <Opcode : 'load' 'store'> <Ports = 2> <Width = 16> <Depth = 512> <RAM>
ST_3 : Operation 164 [1/1] (0.00ns)   --->   "%bitcast_ln212_6 = bitcast i16 %tile_6_load" [./flashattentionmemory.h:212]   --->   Operation 164 'bitcast' 'bitcast_ln212_6' <Predicate = true> <Delay = 0.00>
ST_3 : Operation 165 [1/2] ( I:0.86ns O:0.86ns ) (share mux size 15)   --->   "%tile_7_load = load i9 %tile_7_addr" [./flashattentionmemory.h:212]   --->   Operation 165 'load' 'tile_7_load' <Predicate = true> <Delay = 0.86> <CoreInst = "RAM_2P_BRAM">   --->   Core 97 'RAM_2P_BRAM' <Latency = 1> <II = 1> <Delay = 0.86> <Storage> <Opcode : 'load' 'store'> <Ports = 2> <Width = 16> <Depth = 512> <RAM>
ST_3 : Operation 166 [1/1] (0.00ns)   --->   "%bitcast_ln212_7 = bitcast i16 %tile_7_load" [./flashattentionmemory.h:212]   --->   Operation 166 'bitcast' 'bitcast_ln212_7' <Predicate = true> <Delay = 0.00>
ST_3 : Operation 167 [1/2] ( I:0.86ns O:0.86ns ) (share mux size 15)   --->   "%tile_8_load = load i9 %tile_8_addr" [./flashattentionmemory.h:212]   --->   Operation 167 'load' 'tile_8_load' <Predicate = true> <Delay = 0.86> <CoreInst = "RAM_2P_BRAM">   --->   Core 97 'RAM_2P_BRAM' <Latency = 1> <II = 1> <Delay = 0.86> <Storage> <Opcode : 'load' 'store'> <Ports = 2> <Width = 16> <Depth = 512> <RAM>
ST_3 : Operation 168 [1/1] (0.00ns)   --->   "%bitcast_ln212_8 = bitcast i16 %tile_8_load" [./flashattentionmemory.h:212]   --->   Operation 168 'bitcast' 'bitcast_ln212_8' <Predicate = true> <Delay = 0.00>
ST_3 : Operation 169 [1/2] ( I:0.86ns O:0.86ns ) (share mux size 15)   --->   "%tile_9_load = load i9 %tile_9_addr" [./flashattentionmemory.h:212]   --->   Operation 169 'load' 'tile_9_load' <Predicate = true> <Delay = 0.86> <CoreInst = "RAM_2P_BRAM">   --->   Core 97 'RAM_2P_BRAM' <Latency = 1> <II = 1> <Delay = 0.86> <Storage> <Opcode : 'load' 'store'> <Ports = 2> <Width = 16> <Depth = 512> <RAM>
ST_3 : Operation 170 [1/1] (0.00ns)   --->   "%bitcast_ln212_9 = bitcast i16 %tile_9_load" [./flashattentionmemory.h:212]   --->   Operation 170 'bitcast' 'bitcast_ln212_9' <Predicate = true> <Delay = 0.00>
ST_3 : Operation 171 [1/2] ( I:0.86ns O:0.86ns ) (share mux size 15)   --->   "%tile_10_load = load i9 %tile_10_addr" [./flashattentionmemory.h:212]   --->   Operation 171 'load' 'tile_10_load' <Predicate = true> <Delay = 0.86> <CoreInst = "RAM_2P_BRAM">   --->   Core 97 'RAM_2P_BRAM' <Latency = 1> <II = 1> <Delay = 0.86> <Storage> <Opcode : 'load' 'store'> <Ports = 2> <Width = 16> <Depth = 512> <RAM>
ST_3 : Operation 172 [1/1] (0.00ns)   --->   "%bitcast_ln212_10 = bitcast i16 %tile_10_load" [./flashattentionmemory.h:212]   --->   Operation 172 'bitcast' 'bitcast_ln212_10' <Predicate = true> <Delay = 0.00>
ST_3 : Operation 173 [1/2] ( I:0.86ns O:0.86ns ) (share mux size 15)   --->   "%tile_11_load = load i9 %tile_11_addr" [./flashattentionmemory.h:212]   --->   Operation 173 'load' 'tile_11_load' <Predicate = true> <Delay = 0.86> <CoreInst = "RAM_2P_BRAM">   --->   Core 97 'RAM_2P_BRAM' <Latency = 1> <II = 1> <Delay = 0.86> <Storage> <Opcode : 'load' 'store'> <Ports = 2> <Width = 16> <Depth = 512> <RAM>
ST_3 : Operation 174 [1/1] (0.00ns)   --->   "%bitcast_ln212_11 = bitcast i16 %tile_11_load" [./flashattentionmemory.h:212]   --->   Operation 174 'bitcast' 'bitcast_ln212_11' <Predicate = true> <Delay = 0.00>
ST_3 : Operation 175 [1/2] ( I:0.86ns O:0.86ns ) (share mux size 15)   --->   "%tile_12_load = load i9 %tile_12_addr" [./flashattentionmemory.h:212]   --->   Operation 175 'load' 'tile_12_load' <Predicate = true> <Delay = 0.86> <CoreInst = "RAM_2P_BRAM">   --->   Core 97 'RAM_2P_BRAM' <Latency = 1> <II = 1> <Delay = 0.86> <Storage> <Opcode : 'load' 'store'> <Ports = 2> <Width = 16> <Depth = 512> <RAM>
ST_3 : Operation 176 [1/1] (0.00ns)   --->   "%bitcast_ln212_12 = bitcast i16 %tile_12_load" [./flashattentionmemory.h:212]   --->   Operation 176 'bitcast' 'bitcast_ln212_12' <Predicate = true> <Delay = 0.00>
ST_3 : Operation 177 [1/2] ( I:0.86ns O:0.86ns ) (share mux size 15)   --->   "%tile_13_load = load i9 %tile_13_addr" [./flashattentionmemory.h:212]   --->   Operation 177 'load' 'tile_13_load' <Predicate = true> <Delay = 0.86> <CoreInst = "RAM_2P_BRAM">   --->   Core 97 'RAM_2P_BRAM' <Latency = 1> <II = 1> <Delay = 0.86> <Storage> <Opcode : 'load' 'store'> <Ports = 2> <Width = 16> <Depth = 512> <RAM>
ST_3 : Operation 178 [1/1] (0.00ns)   --->   "%bitcast_ln212_13 = bitcast i16 %tile_13_load" [./flashattentionmemory.h:212]   --->   Operation 178 'bitcast' 'bitcast_ln212_13' <Predicate = true> <Delay = 0.00>
ST_3 : Operation 179 [1/2] ( I:0.86ns O:0.86ns ) (share mux size 15)   --->   "%tile_14_load = load i9 %tile_14_addr" [./flashattentionmemory.h:212]   --->   Operation 179 'load' 'tile_14_load' <Predicate = true> <Delay = 0.86> <CoreInst = "RAM_2P_BRAM">   --->   Core 97 'RAM_2P_BRAM' <Latency = 1> <II = 1> <Delay = 0.86> <Storage> <Opcode : 'load' 'store'> <Ports = 2> <Width = 16> <Depth = 512> <RAM>
ST_3 : Operation 180 [1/1] (0.00ns)   --->   "%bitcast_ln212_14 = bitcast i16 %tile_14_load" [./flashattentionmemory.h:212]   --->   Operation 180 'bitcast' 'bitcast_ln212_14' <Predicate = true> <Delay = 0.00>
ST_3 : Operation 181 [1/2] ( I:0.86ns O:0.86ns ) (share mux size 15)   --->   "%tile_15_load = load i9 %tile_15_addr" [./flashattentionmemory.h:212]   --->   Operation 181 'load' 'tile_15_load' <Predicate = true> <Delay = 0.86> <CoreInst = "RAM_2P_BRAM">   --->   Core 97 'RAM_2P_BRAM' <Latency = 1> <II = 1> <Delay = 0.86> <Storage> <Opcode : 'load' 'store'> <Ports = 2> <Width = 16> <Depth = 512> <RAM>
ST_3 : Operation 182 [1/1] (0.00ns)   --->   "%bitcast_ln212_15 = bitcast i16 %tile_15_load" [./flashattentionmemory.h:212]   --->   Operation 182 'bitcast' 'bitcast_ln212_15' <Predicate = true> <Delay = 0.00>
ST_3 : Operation 183 [1/2] ( I:0.86ns O:0.86ns ) (share mux size 15)   --->   "%tile_0_load_1 = load i9 %tile_0_addr_1" [./flashattentionmemory.h:212]   --->   Operation 183 'load' 'tile_0_load_1' <Predicate = true> <Delay = 0.86> <CoreInst = "RAM_2P_BRAM">   --->   Core 97 'RAM_2P_BRAM' <Latency = 1> <II = 1> <Delay = 0.86> <Storage> <Opcode : 'load' 'store'> <Ports = 2> <Width = 16> <Depth = 512> <RAM>
ST_3 : Operation 184 [1/1] (0.00ns)   --->   "%bitcast_ln212_16 = bitcast i16 %tile_0_load_1" [./flashattentionmemory.h:212]   --->   Operation 184 'bitcast' 'bitcast_ln212_16' <Predicate = true> <Delay = 0.00>
ST_3 : Operation 185 [1/2] ( I:0.86ns O:0.86ns ) (share mux size 15)   --->   "%tile_1_load_1 = load i9 %tile_1_addr_1" [./flashattentionmemory.h:212]   --->   Operation 185 'load' 'tile_1_load_1' <Predicate = true> <Delay = 0.86> <CoreInst = "RAM_2P_BRAM">   --->   Core 97 'RAM_2P_BRAM' <Latency = 1> <II = 1> <Delay = 0.86> <Storage> <Opcode : 'load' 'store'> <Ports = 2> <Width = 16> <Depth = 512> <RAM>
ST_3 : Operation 186 [1/1] (0.00ns)   --->   "%bitcast_ln212_17 = bitcast i16 %tile_1_load_1" [./flashattentionmemory.h:212]   --->   Operation 186 'bitcast' 'bitcast_ln212_17' <Predicate = true> <Delay = 0.00>
ST_3 : Operation 187 [1/2] ( I:0.86ns O:0.86ns ) (share mux size 15)   --->   "%tile_2_load_1 = load i9 %tile_2_addr_1" [./flashattentionmemory.h:212]   --->   Operation 187 'load' 'tile_2_load_1' <Predicate = true> <Delay = 0.86> <CoreInst = "RAM_2P_BRAM">   --->   Core 97 'RAM_2P_BRAM' <Latency = 1> <II = 1> <Delay = 0.86> <Storage> <Opcode : 'load' 'store'> <Ports = 2> <Width = 16> <Depth = 512> <RAM>
ST_3 : Operation 188 [1/1] (0.00ns)   --->   "%bitcast_ln212_18 = bitcast i16 %tile_2_load_1" [./flashattentionmemory.h:212]   --->   Operation 188 'bitcast' 'bitcast_ln212_18' <Predicate = true> <Delay = 0.00>
ST_3 : Operation 189 [1/2] ( I:0.86ns O:0.86ns ) (share mux size 15)   --->   "%tile_3_load_1 = load i9 %tile_3_addr_1" [./flashattentionmemory.h:212]   --->   Operation 189 'load' 'tile_3_load_1' <Predicate = true> <Delay = 0.86> <CoreInst = "RAM_2P_BRAM">   --->   Core 97 'RAM_2P_BRAM' <Latency = 1> <II = 1> <Delay = 0.86> <Storage> <Opcode : 'load' 'store'> <Ports = 2> <Width = 16> <Depth = 512> <RAM>
ST_3 : Operation 190 [1/1] (0.00ns)   --->   "%bitcast_ln212_19 = bitcast i16 %tile_3_load_1" [./flashattentionmemory.h:212]   --->   Operation 190 'bitcast' 'bitcast_ln212_19' <Predicate = true> <Delay = 0.00>
ST_3 : Operation 191 [1/2] ( I:0.86ns O:0.86ns ) (share mux size 15)   --->   "%tile_4_load_1 = load i9 %tile_4_addr_1" [./flashattentionmemory.h:212]   --->   Operation 191 'load' 'tile_4_load_1' <Predicate = true> <Delay = 0.86> <CoreInst = "RAM_2P_BRAM">   --->   Core 97 'RAM_2P_BRAM' <Latency = 1> <II = 1> <Delay = 0.86> <Storage> <Opcode : 'load' 'store'> <Ports = 2> <Width = 16> <Depth = 512> <RAM>
ST_3 : Operation 192 [1/1] (0.00ns)   --->   "%bitcast_ln212_20 = bitcast i16 %tile_4_load_1" [./flashattentionmemory.h:212]   --->   Operation 192 'bitcast' 'bitcast_ln212_20' <Predicate = true> <Delay = 0.00>
ST_3 : Operation 193 [1/2] ( I:0.86ns O:0.86ns ) (share mux size 15)   --->   "%tile_5_load_1 = load i9 %tile_5_addr_1" [./flashattentionmemory.h:212]   --->   Operation 193 'load' 'tile_5_load_1' <Predicate = true> <Delay = 0.86> <CoreInst = "RAM_2P_BRAM">   --->   Core 97 'RAM_2P_BRAM' <Latency = 1> <II = 1> <Delay = 0.86> <Storage> <Opcode : 'load' 'store'> <Ports = 2> <Width = 16> <Depth = 512> <RAM>
ST_3 : Operation 194 [1/1] (0.00ns)   --->   "%bitcast_ln212_21 = bitcast i16 %tile_5_load_1" [./flashattentionmemory.h:212]   --->   Operation 194 'bitcast' 'bitcast_ln212_21' <Predicate = true> <Delay = 0.00>
ST_3 : Operation 195 [1/2] ( I:0.86ns O:0.86ns ) (share mux size 15)   --->   "%tile_6_load_1 = load i9 %tile_6_addr_1" [./flashattentionmemory.h:212]   --->   Operation 195 'load' 'tile_6_load_1' <Predicate = true> <Delay = 0.86> <CoreInst = "RAM_2P_BRAM">   --->   Core 97 'RAM_2P_BRAM' <Latency = 1> <II = 1> <Delay = 0.86> <Storage> <Opcode : 'load' 'store'> <Ports = 2> <Width = 16> <Depth = 512> <RAM>
ST_3 : Operation 196 [1/1] (0.00ns)   --->   "%bitcast_ln212_22 = bitcast i16 %tile_6_load_1" [./flashattentionmemory.h:212]   --->   Operation 196 'bitcast' 'bitcast_ln212_22' <Predicate = true> <Delay = 0.00>
ST_3 : Operation 197 [1/2] ( I:0.86ns O:0.86ns ) (share mux size 15)   --->   "%tile_7_load_1 = load i9 %tile_7_addr_1" [./flashattentionmemory.h:212]   --->   Operation 197 'load' 'tile_7_load_1' <Predicate = true> <Delay = 0.86> <CoreInst = "RAM_2P_BRAM">   --->   Core 97 'RAM_2P_BRAM' <Latency = 1> <II = 1> <Delay = 0.86> <Storage> <Opcode : 'load' 'store'> <Ports = 2> <Width = 16> <Depth = 512> <RAM>
ST_3 : Operation 198 [1/1] (0.00ns)   --->   "%bitcast_ln212_23 = bitcast i16 %tile_7_load_1" [./flashattentionmemory.h:212]   --->   Operation 198 'bitcast' 'bitcast_ln212_23' <Predicate = true> <Delay = 0.00>
ST_3 : Operation 199 [1/2] ( I:0.86ns O:0.86ns ) (share mux size 15)   --->   "%tile_8_load_1 = load i9 %tile_8_addr_1" [./flashattentionmemory.h:212]   --->   Operation 199 'load' 'tile_8_load_1' <Predicate = true> <Delay = 0.86> <CoreInst = "RAM_2P_BRAM">   --->   Core 97 'RAM_2P_BRAM' <Latency = 1> <II = 1> <Delay = 0.86> <Storage> <Opcode : 'load' 'store'> <Ports = 2> <Width = 16> <Depth = 512> <RAM>
ST_3 : Operation 200 [1/1] (0.00ns)   --->   "%bitcast_ln212_24 = bitcast i16 %tile_8_load_1" [./flashattentionmemory.h:212]   --->   Operation 200 'bitcast' 'bitcast_ln212_24' <Predicate = true> <Delay = 0.00>
ST_3 : Operation 201 [1/2] ( I:0.86ns O:0.86ns ) (share mux size 15)   --->   "%tile_9_load_1 = load i9 %tile_9_addr_1" [./flashattentionmemory.h:212]   --->   Operation 201 'load' 'tile_9_load_1' <Predicate = true> <Delay = 0.86> <CoreInst = "RAM_2P_BRAM">   --->   Core 97 'RAM_2P_BRAM' <Latency = 1> <II = 1> <Delay = 0.86> <Storage> <Opcode : 'load' 'store'> <Ports = 2> <Width = 16> <Depth = 512> <RAM>
ST_3 : Operation 202 [1/1] (0.00ns)   --->   "%bitcast_ln212_25 = bitcast i16 %tile_9_load_1" [./flashattentionmemory.h:212]   --->   Operation 202 'bitcast' 'bitcast_ln212_25' <Predicate = true> <Delay = 0.00>
ST_3 : Operation 203 [1/2] ( I:0.86ns O:0.86ns ) (share mux size 15)   --->   "%tile_10_load_1 = load i9 %tile_10_addr_1" [./flashattentionmemory.h:212]   --->   Operation 203 'load' 'tile_10_load_1' <Predicate = true> <Delay = 0.86> <CoreInst = "RAM_2P_BRAM">   --->   Core 97 'RAM_2P_BRAM' <Latency = 1> <II = 1> <Delay = 0.86> <Storage> <Opcode : 'load' 'store'> <Ports = 2> <Width = 16> <Depth = 512> <RAM>
ST_3 : Operation 204 [1/1] (0.00ns)   --->   "%bitcast_ln212_26 = bitcast i16 %tile_10_load_1" [./flashattentionmemory.h:212]   --->   Operation 204 'bitcast' 'bitcast_ln212_26' <Predicate = true> <Delay = 0.00>
ST_3 : Operation 205 [1/2] ( I:0.86ns O:0.86ns ) (share mux size 15)   --->   "%tile_11_load_1 = load i9 %tile_11_addr_1" [./flashattentionmemory.h:212]   --->   Operation 205 'load' 'tile_11_load_1' <Predicate = true> <Delay = 0.86> <CoreInst = "RAM_2P_BRAM">   --->   Core 97 'RAM_2P_BRAM' <Latency = 1> <II = 1> <Delay = 0.86> <Storage> <Opcode : 'load' 'store'> <Ports = 2> <Width = 16> <Depth = 512> <RAM>
ST_3 : Operation 206 [1/1] (0.00ns)   --->   "%bitcast_ln212_27 = bitcast i16 %tile_11_load_1" [./flashattentionmemory.h:212]   --->   Operation 206 'bitcast' 'bitcast_ln212_27' <Predicate = true> <Delay = 0.00>
ST_3 : Operation 207 [1/2] ( I:0.86ns O:0.86ns ) (share mux size 15)   --->   "%tile_12_load_1 = load i9 %tile_12_addr_1" [./flashattentionmemory.h:212]   --->   Operation 207 'load' 'tile_12_load_1' <Predicate = true> <Delay = 0.86> <CoreInst = "RAM_2P_BRAM">   --->   Core 97 'RAM_2P_BRAM' <Latency = 1> <II = 1> <Delay = 0.86> <Storage> <Opcode : 'load' 'store'> <Ports = 2> <Width = 16> <Depth = 512> <RAM>
ST_3 : Operation 208 [1/1] (0.00ns)   --->   "%bitcast_ln212_28 = bitcast i16 %tile_12_load_1" [./flashattentionmemory.h:212]   --->   Operation 208 'bitcast' 'bitcast_ln212_28' <Predicate = true> <Delay = 0.00>
ST_3 : Operation 209 [1/2] ( I:0.86ns O:0.86ns ) (share mux size 15)   --->   "%tile_13_load_1 = load i9 %tile_13_addr_1" [./flashattentionmemory.h:212]   --->   Operation 209 'load' 'tile_13_load_1' <Predicate = true> <Delay = 0.86> <CoreInst = "RAM_2P_BRAM">   --->   Core 97 'RAM_2P_BRAM' <Latency = 1> <II = 1> <Delay = 0.86> <Storage> <Opcode : 'load' 'store'> <Ports = 2> <Width = 16> <Depth = 512> <RAM>
ST_3 : Operation 210 [1/1] (0.00ns)   --->   "%bitcast_ln212_29 = bitcast i16 %tile_13_load_1" [./flashattentionmemory.h:212]   --->   Operation 210 'bitcast' 'bitcast_ln212_29' <Predicate = true> <Delay = 0.00>
ST_3 : Operation 211 [1/2] ( I:0.86ns O:0.86ns ) (share mux size 15)   --->   "%tile_14_load_1 = load i9 %tile_14_addr_1" [./flashattentionmemory.h:212]   --->   Operation 211 'load' 'tile_14_load_1' <Predicate = true> <Delay = 0.86> <CoreInst = "RAM_2P_BRAM">   --->   Core 97 'RAM_2P_BRAM' <Latency = 1> <II = 1> <Delay = 0.86> <Storage> <Opcode : 'load' 'store'> <Ports = 2> <Width = 16> <Depth = 512> <RAM>
ST_3 : Operation 212 [1/1] (0.00ns)   --->   "%bitcast_ln212_30 = bitcast i16 %tile_14_load_1" [./flashattentionmemory.h:212]   --->   Operation 212 'bitcast' 'bitcast_ln212_30' <Predicate = true> <Delay = 0.00>
ST_3 : Operation 213 [1/2] ( I:0.86ns O:0.86ns ) (share mux size 15)   --->   "%tile_15_load_1 = load i9 %tile_15_addr_1" [./flashattentionmemory.h:212]   --->   Operation 213 'load' 'tile_15_load_1' <Predicate = true> <Delay = 0.86> <CoreInst = "RAM_2P_BRAM">   --->   Core 97 'RAM_2P_BRAM' <Latency = 1> <II = 1> <Delay = 0.86> <Storage> <Opcode : 'load' 'store'> <Ports = 2> <Width = 16> <Depth = 512> <RAM>
ST_3 : Operation 214 [1/1] (0.00ns)   --->   "%bitcast_ln212_31 = bitcast i16 %tile_15_load_1" [./flashattentionmemory.h:212]   --->   Operation 214 'bitcast' 'bitcast_ln212_31' <Predicate = true> <Delay = 0.00>
ST_3 : Operation 215 [1/1] (0.00ns)   --->   "%word = bitconcatenate i512 @_ssdm_op_BitConcatenate.i512.i16.i16.i16.i16.i16.i16.i16.i16.i16.i16.i16.i16.i16.i16.i16.i16.i16.i16.i16.i16.i16.i16.i16.i16.i16.i16.i16.i16.i16.i16.i16.i16, i16 %bitcast_ln212_31, i16 %bitcast_ln212_30, i16 %bitcast_ln212_29, i16 %bitcast_ln212_28, i16 %bitcast_ln212_27, i16 %bitcast_ln212_26, i16 %bitcast_ln212_25, i16 %bitcast_ln212_24, i16 %bitcast_ln212_23, i16 %bitcast_ln212_22, i16 %bitcast_ln212_21, i16 %bitcast_ln212_20, i16 %bitcast_ln212_19, i16 %bitcast_ln212_18, i16 %bitcast_ln212_17, i16 %bitcast_ln212_16, i16 %bitcast_ln212_15, i16 %bitcast_ln212_14, i16 %bitcast_ln212_13, i16 %bitcast_ln212_12, i16 %bitcast_ln212_11, i16 %bitcast_ln212_10, i16 %bitcast_ln212_9, i16 %bitcast_ln212_8, i16 %bitcast_ln212_7, i16 %bitcast_ln212_6, i16 %bitcast_ln212_5, i16 %bitcast_ln212_4, i16 %bitcast_ln212_3, i16 %bitcast_ln212_2, i16 %bitcast_ln212_1, i16 %bitcast_ln212" [./flashattentionmemory.h:57->./flashattentionmemory.h:215]   --->   Operation 215 'bitconcatenate' 'word' <Predicate = true> <Delay = 0.00>
ST_3 : Operation 216 [1/1] (0.00ns)   --->   "%muxLogicAXIMData_to_write_ln215 = muxlogic i512 %word"   --->   Operation 216 'muxlogic' 'muxLogicAXIMData_to_write_ln215' <Predicate = true> <Delay = 0.00>
ST_3 : Operation 217 [1/1] (0.00ns)   --->   "%muxLogicAXIMByteEnable_to_write_ln215 = muxlogic i64 18446744073709551615"   --->   Operation 217 'muxlogic' 'muxLogicAXIMByteEnable_to_write_ln215' <Predicate = true> <Delay = 0.00>
ST_3 : Operation 218 [1/1] (1.10ns)   --->   "%write_ln215 = write void @_ssdm_op_Write.m_axi.p1i512, i512 %gmem_O_addr, i512 %word, i64 18446744073709551615" [./flashattentionmemory.h:215]   --->   Operation 218 'write' 'write_ln215' <Predicate = true> <Delay = 1.10> <CoreInst = "m_axi">   --->   Core 123 'm_axi' <Latency = 0> <II = 1> <Delay = 1.57> <Adapter> <Opcode : 'read' 'write' 'readreq' 'writereq' 'writeresp'>
ST_3 : Operation 219 [1/1] (0.00ns)   --->   "%br_ln205 = br void %VITIS_LOOP_209_1" [./flashattentionmemory.h:205]   --->   Operation 219 'br' 'br_ln205' <Predicate = true> <Delay = 0.00>


============================================================
+ Verbose Summary: Binding
============================================================
STG Binding: 
---------------- STG Properties BEGIN ----------------
- Is combinational: 0
- Is one-state seq: 0
- Is datapath-only: 0
- Is pipelined: 0
- Is top level: 0
Port [ Return ] is wired: 1; IO mode=ap_ctrl_hs:ce=0
Port [ tmp_9]:  wired=1; compound=0; hidden=0; nouse=0; global=0; static=0; extern=0; dir=0; type=0; pingpong=0; private_global=0; IO mode=ap_none:ce=0
Port [ gmem_O]:  wired=1; compound=1; hidden=0; nouse=0; global=0; static=0; extern=0; dir=1; type=4; pingpong=0; private_global=0; IO mode=m_axi:ce=0
Port [ sext_ln201_1]:  wired=1; compound=0; hidden=0; nouse=0; global=0; static=0; extern=0; dir=0; type=0; pingpong=0; private_global=0; IO mode=ap_none:ce=0
Port [ tile_0]:  wired=1; compound=1; hidden=0; nouse=0; global=0; static=0; extern=0; dir=0; type=1; pingpong=0; private_global=0; MemPort=[11]; IO mode=ap_memory:ce=0
Port [ tile_1]:  wired=1; compound=1; hidden=0; nouse=0; global=0; static=0; extern=0; dir=0; type=1; pingpong=0; private_global=0; MemPort=[11]; IO mode=ap_memory:ce=0
Port [ tile_2]:  wired=1; compound=1; hidden=0; nouse=0; global=0; static=0; extern=0; dir=0; type=1; pingpong=0; private_global=0; MemPort=[11]; IO mode=ap_memory:ce=0
Port [ tile_3]:  wired=1; compound=1; hidden=0; nouse=0; global=0; static=0; extern=0; dir=0; type=1; pingpong=0; private_global=0; MemPort=[11]; IO mode=ap_memory:ce=0
Port [ tile_4]:  wired=1; compound=1; hidden=0; nouse=0; global=0; static=0; extern=0; dir=0; type=1; pingpong=0; private_global=0; MemPort=[11]; IO mode=ap_memory:ce=0
Port [ tile_5]:  wired=1; compound=1; hidden=0; nouse=0; global=0; static=0; extern=0; dir=0; type=1; pingpong=0; private_global=0; MemPort=[11]; IO mode=ap_memory:ce=0
Port [ tile_6]:  wired=1; compound=1; hidden=0; nouse=0; global=0; static=0; extern=0; dir=0; type=1; pingpong=0; private_global=0; MemPort=[11]; IO mode=ap_memory:ce=0
Port [ tile_7]:  wired=1; compound=1; hidden=0; nouse=0; global=0; static=0; extern=0; dir=0; type=1; pingpong=0; private_global=0; MemPort=[11]; IO mode=ap_memory:ce=0
Port [ tile_8]:  wired=1; compound=1; hidden=0; nouse=0; global=0; static=0; extern=0; dir=0; type=1; pingpong=0; private_global=0; MemPort=[11]; IO mode=ap_memory:ce=0
Port [ tile_9]:  wired=1; compound=1; hidden=0; nouse=0; global=0; static=0; extern=0; dir=0; type=1; pingpong=0; private_global=0; MemPort=[11]; IO mode=ap_memory:ce=0
Port [ tile_10]:  wired=1; compound=1; hidden=0; nouse=0; global=0; static=0; extern=0; dir=0; type=1; pingpong=0; private_global=0; MemPort=[11]; IO mode=ap_memory:ce=0
Port [ tile_11]:  wired=1; compound=1; hidden=0; nouse=0; global=0; static=0; extern=0; dir=0; type=1; pingpong=0; private_global=0; MemPort=[11]; IO mode=ap_memory:ce=0
Port [ tile_12]:  wired=1; compound=1; hidden=0; nouse=0; global=0; static=0; extern=0; dir=0; type=1; pingpong=0; private_global=0; MemPort=[11]; IO mode=ap_memory:ce=0
Port [ tile_13]:  wired=1; compound=1; hidden=0; nouse=0; global=0; static=0; extern=0; dir=0; type=1; pingpong=0; private_global=0; MemPort=[11]; IO mode=ap_memory:ce=0
Port [ tile_14]:  wired=1; compound=1; hidden=0; nouse=0; global=0; static=0; extern=0; dir=0; type=1; pingpong=0; private_global=0; MemPort=[11]; IO mode=ap_memory:ce=0
Port [ tile_15]:  wired=1; compound=1; hidden=0; nouse=0; global=0; static=0; extern=0; dir=0; type=1; pingpong=0; private_global=0; MemPort=[11]; IO mode=ap_memory:ce=0
---------------- STG Properties END ------------------

---------------- Datapath Model BEGIN ----------------

<LifeTime>
<method=bitvector/>
b                                     (alloca        ) [ 0110]
r                                     (alloca        ) [ 0110]
indvar_flatten                        (alloca        ) [ 0110]
sext_ln201_1_read                     (read          ) [ 0000]
tmp_9_read                            (read          ) [ 0110]
sext_ln201_1_cast                     (sext          ) [ 0111]
specmemcore_ln0                       (specmemcore   ) [ 0000]
specmemcore_ln0                       (specmemcore   ) [ 0000]
specmemcore_ln0                       (specmemcore   ) [ 0000]
specmemcore_ln0                       (specmemcore   ) [ 0000]
specmemcore_ln0                       (specmemcore   ) [ 0000]
specmemcore_ln0                       (specmemcore   ) [ 0000]
specmemcore_ln0                       (specmemcore   ) [ 0000]
specmemcore_ln0                       (specmemcore   ) [ 0000]
specmemcore_ln0                       (specmemcore   ) [ 0000]
specmemcore_ln0                       (specmemcore   ) [ 0000]
specmemcore_ln0                       (specmemcore   ) [ 0000]
specmemcore_ln0                       (specmemcore   ) [ 0000]
specmemcore_ln0                       (specmemcore   ) [ 0000]
specmemcore_ln0                       (specmemcore   ) [ 0000]
specmemcore_ln0                       (specmemcore   ) [ 0000]
specmemcore_ln0                       (specmemcore   ) [ 0000]
specinterface_ln0                     (specinterface ) [ 0000]
store_ln0                             (store         ) [ 0000]
store_ln201                           (store         ) [ 0000]
store_ln205                           (store         ) [ 0000]
br_ln0                                (br            ) [ 0000]
indvar_flatten_load                   (load          ) [ 0000]
add_ln201                             (add           ) [ 0000]
icmp_ln201                            (icmp          ) [ 0110]
br_ln201                              (br            ) [ 0000]
b_load                                (load          ) [ 0000]
r_load                                (load          ) [ 0000]
add_ln201_1                           (add           ) [ 0000]
icmp_ln205                            (icmp          ) [ 0000]
select_ln201                          (select        ) [ 0000]
select_ln201_1                        (select        ) [ 0000]
trunc_ln206                           (trunc         ) [ 0000]
trunc_ln212                           (trunc         ) [ 0000]
tmp_s                                 (bitconcatenate) [ 0000]
zext_ln212                            (zext          ) [ 0000]
tile_0_addr                           (getelementptr ) [ 0101]
tile_1_addr                           (getelementptr ) [ 0101]
tile_2_addr                           (getelementptr ) [ 0101]
tile_3_addr                           (getelementptr ) [ 0101]
tile_4_addr                           (getelementptr ) [ 0101]
tile_5_addr                           (getelementptr ) [ 0101]
tile_6_addr                           (getelementptr ) [ 0101]
tile_7_addr                           (getelementptr ) [ 0101]
tile_8_addr                           (getelementptr ) [ 0101]
tile_9_addr                           (getelementptr ) [ 0101]
tile_10_addr                          (getelementptr ) [ 0101]
tile_11_addr                          (getelementptr ) [ 0101]
tile_12_addr                          (getelementptr ) [ 0101]
tile_13_addr                          (getelementptr ) [ 0101]
tile_14_addr                          (getelementptr ) [ 0101]
tile_15_addr                          (getelementptr ) [ 0101]
muxLogicRAMAddr_to_tile_0_load        (muxlogic      ) [ 0000]
muxLogicRAMAddr_to_tile_1_load        (muxlogic      ) [ 0000]
muxLogicRAMAddr_to_tile_2_load        (muxlogic      ) [ 0000]
muxLogicRAMAddr_to_tile_3_load        (muxlogic      ) [ 0000]
muxLogicRAMAddr_to_tile_4_load        (muxlogic      ) [ 0000]
muxLogicRAMAddr_to_tile_5_load        (muxlogic      ) [ 0000]
muxLogicRAMAddr_to_tile_6_load        (muxlogic      ) [ 0000]
muxLogicRAMAddr_to_tile_7_load        (muxlogic      ) [ 0000]
muxLogicRAMAddr_to_tile_8_load        (muxlogic      ) [ 0000]
muxLogicRAMAddr_to_tile_9_load        (muxlogic      ) [ 0000]
muxLogicRAMAddr_to_tile_10_load       (muxlogic      ) [ 0000]
muxLogicRAMAddr_to_tile_11_load       (muxlogic      ) [ 0000]
muxLogicRAMAddr_to_tile_12_load       (muxlogic      ) [ 0000]
muxLogicRAMAddr_to_tile_13_load       (muxlogic      ) [ 0000]
muxLogicRAMAddr_to_tile_14_load       (muxlogic      ) [ 0000]
muxLogicRAMAddr_to_tile_15_load       (muxlogic      ) [ 0000]
tmp_1                                 (bitconcatenate) [ 0000]
zext_ln212_1                          (zext          ) [ 0000]
tile_0_addr_1                         (getelementptr ) [ 0101]
tile_1_addr_1                         (getelementptr ) [ 0101]
tile_2_addr_1                         (getelementptr ) [ 0101]
tile_3_addr_1                         (getelementptr ) [ 0101]
tile_4_addr_1                         (getelementptr ) [ 0101]
tile_5_addr_1                         (getelementptr ) [ 0101]
tile_6_addr_1                         (getelementptr ) [ 0101]
tile_7_addr_1                         (getelementptr ) [ 0101]
tile_8_addr_1                         (getelementptr ) [ 0101]
tile_9_addr_1                         (getelementptr ) [ 0101]
tile_10_addr_1                        (getelementptr ) [ 0101]
tile_11_addr_1                        (getelementptr ) [ 0101]
tile_12_addr_1                        (getelementptr ) [ 0101]
tile_13_addr_1                        (getelementptr ) [ 0101]
tile_14_addr_1                        (getelementptr ) [ 0101]
tile_15_addr_1                        (getelementptr ) [ 0101]
muxLogicRAMAddr_to_tile_0_load_1      (muxlogic      ) [ 0000]
muxLogicRAMAddr_to_tile_1_load_1      (muxlogic      ) [ 0000]
muxLogicRAMAddr_to_tile_2_load_1      (muxlogic      ) [ 0000]
muxLogicRAMAddr_to_tile_3_load_1      (muxlogic      ) [ 0000]
muxLogicRAMAddr_to_tile_4_load_1      (muxlogic      ) [ 0000]
muxLogicRAMAddr_to_tile_5_load_1      (muxlogic      ) [ 0000]
muxLogicRAMAddr_to_tile_6_load_1      (muxlogic      ) [ 0000]
muxLogicRAMAddr_to_tile_7_load_1      (muxlogic      ) [ 0000]
muxLogicRAMAddr_to_tile_8_load_1      (muxlogic      ) [ 0000]
muxLogicRAMAddr_to_tile_9_load_1      (muxlogic      ) [ 0000]
muxLogicRAMAddr_to_tile_10_load_1     (muxlogic      ) [ 0000]
muxLogicRAMAddr_to_tile_11_load_1     (muxlogic      ) [ 0000]
muxLogicRAMAddr_to_tile_12_load_1     (muxlogic      ) [ 0000]
muxLogicRAMAddr_to_tile_13_load_1     (muxlogic      ) [ 0000]
muxLogicRAMAddr_to_tile_14_load_1     (muxlogic      ) [ 0000]
muxLogicRAMAddr_to_tile_15_load_1     (muxlogic      ) [ 0000]
add_ln205                             (add           ) [ 0000]
store_ln201                           (store         ) [ 0000]
store_ln201                           (store         ) [ 0000]
store_ln205                           (store         ) [ 0000]
gmem_O_addr                           (getelementptr ) [ 0000]
specloopname_ln0                      (specloopname  ) [ 0000]
specpipeline_ln206                    (specpipeline  ) [ 0000]
tile_0_load                           (load          ) [ 0000]
bitcast_ln212                         (bitcast       ) [ 0000]
tile_1_load                           (load          ) [ 0000]
bitcast_ln212_1                       (bitcast       ) [ 0000]
tile_2_load                           (load          ) [ 0000]
bitcast_ln212_2                       (bitcast       ) [ 0000]
tile_3_load                           (load          ) [ 0000]
bitcast_ln212_3                       (bitcast       ) [ 0000]
tile_4_load                           (load          ) [ 0000]
bitcast_ln212_4                       (bitcast       ) [ 0000]
tile_5_load                           (load          ) [ 0000]
bitcast_ln212_5                       (bitcast       ) [ 0000]
tile_6_load                           (load          ) [ 0000]
bitcast_ln212_6                       (bitcast       ) [ 0000]
tile_7_load                           (load          ) [ 0000]
bitcast_ln212_7                       (bitcast       ) [ 0000]
tile_8_load                           (load          ) [ 0000]
bitcast_ln212_8                       (bitcast       ) [ 0000]
tile_9_load                           (load          ) [ 0000]
bitcast_ln212_9                       (bitcast       ) [ 0000]
tile_10_load                          (load          ) [ 0000]
bitcast_ln212_10                      (bitcast       ) [ 0000]
tile_11_load                          (load          ) [ 0000]
bitcast_ln212_11                      (bitcast       ) [ 0000]
tile_12_load                          (load          ) [ 0000]
bitcast_ln212_12                      (bitcast       ) [ 0000]
tile_13_load                          (load          ) [ 0000]
bitcast_ln212_13                      (bitcast       ) [ 0000]
tile_14_load                          (load          ) [ 0000]
bitcast_ln212_14                      (bitcast       ) [ 0000]
tile_15_load                          (load          ) [ 0000]
bitcast_ln212_15                      (bitcast       ) [ 0000]
tile_0_load_1                         (load          ) [ 0000]
bitcast_ln212_16                      (bitcast       ) [ 0000]
tile_1_load_1                         (load          ) [ 0000]
bitcast_ln212_17                      (bitcast       ) [ 0000]
tile_2_load_1                         (load          ) [ 0000]
bitcast_ln212_18                      (bitcast       ) [ 0000]
tile_3_load_1                         (load          ) [ 0000]
bitcast_ln212_19                      (bitcast       ) [ 0000]
tile_4_load_1                         (load          ) [ 0000]
bitcast_ln212_20                      (bitcast       ) [ 0000]
tile_5_load_1                         (load          ) [ 0000]
bitcast_ln212_21                      (bitcast       ) [ 0000]
tile_6_load_1                         (load          ) [ 0000]
bitcast_ln212_22                      (bitcast       ) [ 0000]
tile_7_load_1                         (load          ) [ 0000]
bitcast_ln212_23                      (bitcast       ) [ 0000]
tile_8_load_1                         (load          ) [ 0000]
bitcast_ln212_24                      (bitcast       ) [ 0000]
tile_9_load_1                         (load          ) [ 0000]
bitcast_ln212_25                      (bitcast       ) [ 0000]
tile_10_load_1                        (load          ) [ 0000]
bitcast_ln212_26                      (bitcast       ) [ 0000]
tile_11_load_1                        (load          ) [ 0000]
bitcast_ln212_27                      (bitcast       ) [ 0000]
tile_12_load_1                        (load          ) [ 0000]
bitcast_ln212_28                      (bitcast       ) [ 0000]
tile_13_load_1                        (load          ) [ 0000]
bitcast_ln212_29                      (bitcast       ) [ 0000]
tile_14_load_1                        (load          ) [ 0000]
bitcast_ln212_30                      (bitcast       ) [ 0000]
tile_15_load_1                        (load          ) [ 0000]
bitcast_ln212_31                      (bitcast       ) [ 0000]
word                                  (bitconcatenate) [ 0000]
muxLogicAXIMData_to_write_ln215       (muxlogic      ) [ 0000]
muxLogicAXIMByteEnable_to_write_ln215 (muxlogic      ) [ 0000]
write_ln215                           (write         ) [ 0000]
br_ln205                              (br            ) [ 0000]
ret_ln0                               (ret           ) [ 0000]
</LifeTime>

<model>

<comp_list>
<comp id="0" class="1000" name="tmp_9">
<pin_list>
<pin id="1" dir="1" index="0" bw="1" slack="0"/>
</pin_list>
<bind>
<StgValue><ssdm name="tmp_9"/></StgValue>
</bind>
</comp>

<comp id="2" class="1000" name="gmem_O">
<pin_list>
<pin id="3" dir="1" index="0" bw="1" slack="0"/>
</pin_list>
<bind>
<StgValue><ssdm name="gmem_O"/><MemPortTyVec>1 </MemPortTyVec>
</StgValue>
</bind>
</comp>

<comp id="4" class="1000" name="sext_ln201_1">
<pin_list>
<pin id="5" dir="1" index="0" bw="1" slack="0"/>
</pin_list>
<bind>
<StgValue><ssdm name="sext_ln201_1"/></StgValue>
</bind>
</comp>

<comp id="6" class="1000" name="tile_0">
<pin_list>
<pin id="7" dir="1" index="0" bw="1" slack="0"/>
</pin_list>
<bind>
<StgValue><ssdm name="tile_0"/><MemPortTyVec>1 1 </MemPortTyVec>
</StgValue>
</bind>
</comp>

<comp id="8" class="1000" name="tile_1">
<pin_list>
<pin id="9" dir="1" index="0" bw="1" slack="0"/>
</pin_list>
<bind>
<StgValue><ssdm name="tile_1"/><MemPortTyVec>1 1 </MemPortTyVec>
</StgValue>
</bind>
</comp>

<comp id="10" class="1000" name="tile_2">
<pin_list>
<pin id="11" dir="1" index="0" bw="1" slack="0"/>
</pin_list>
<bind>
<StgValue><ssdm name="tile_2"/><MemPortTyVec>1 1 </MemPortTyVec>
</StgValue>
</bind>
</comp>

<comp id="12" class="1000" name="tile_3">
<pin_list>
<pin id="13" dir="1" index="0" bw="1" slack="0"/>
</pin_list>
<bind>
<StgValue><ssdm name="tile_3"/><MemPortTyVec>1 1 </MemPortTyVec>
</StgValue>
</bind>
</comp>

<comp id="14" class="1000" name="tile_4">
<pin_list>
<pin id="15" dir="1" index="0" bw="1" slack="0"/>
</pin_list>
<bind>
<StgValue><ssdm name="tile_4"/><MemPortTyVec>1 1 </MemPortTyVec>
</StgValue>
</bind>
</comp>

<comp id="16" class="1000" name="tile_5">
<pin_list>
<pin id="17" dir="1" index="0" bw="1" slack="0"/>
</pin_list>
<bind>
<StgValue><ssdm name="tile_5"/><MemPortTyVec>1 1 </MemPortTyVec>
</StgValue>
</bind>
</comp>

<comp id="18" class="1000" name="tile_6">
<pin_list>
<pin id="19" dir="1" index="0" bw="1" slack="0"/>
</pin_list>
<bind>
<StgValue><ssdm name="tile_6"/><MemPortTyVec>1 1 </MemPortTyVec>
</StgValue>
</bind>
</comp>

<comp id="20" class="1000" name="tile_7">
<pin_list>
<pin id="21" dir="1" index="0" bw="1" slack="0"/>
</pin_list>
<bind>
<StgValue><ssdm name="tile_7"/><MemPortTyVec>1 1 </MemPortTyVec>
</StgValue>
</bind>
</comp>

<comp id="22" class="1000" name="tile_8">
<pin_list>
<pin id="23" dir="1" index="0" bw="1" slack="0"/>
</pin_list>
<bind>
<StgValue><ssdm name="tile_8"/><MemPortTyVec>1 1 </MemPortTyVec>
</StgValue>
</bind>
</comp>

<comp id="24" class="1000" name="tile_9">
<pin_list>
<pin id="25" dir="1" index="0" bw="1" slack="0"/>
</pin_list>
<bind>
<StgValue><ssdm name="tile_9"/><MemPortTyVec>1 1 </MemPortTyVec>
</StgValue>
</bind>
</comp>

<comp id="26" class="1000" name="tile_10">
<pin_list>
<pin id="27" dir="1" index="0" bw="1" slack="0"/>
</pin_list>
<bind>
<StgValue><ssdm name="tile_10"/><MemPortTyVec>1 1 </MemPortTyVec>
</StgValue>
</bind>
</comp>

<comp id="28" class="1000" name="tile_11">
<pin_list>
<pin id="29" dir="1" index="0" bw="1" slack="0"/>
</pin_list>
<bind>
<StgValue><ssdm name="tile_11"/><MemPortTyVec>1 1 </MemPortTyVec>
</StgValue>
</bind>
</comp>

<comp id="30" class="1000" name="tile_12">
<pin_list>
<pin id="31" dir="1" index="0" bw="1" slack="0"/>
</pin_list>
<bind>
<StgValue><ssdm name="tile_12"/><MemPortTyVec>1 1 </MemPortTyVec>
</StgValue>
</bind>
</comp>

<comp id="32" class="1000" name="tile_13">
<pin_list>
<pin id="33" dir="1" index="0" bw="1" slack="0"/>
</pin_list>
<bind>
<StgValue><ssdm name="tile_13"/><MemPortTyVec>1 1 </MemPortTyVec>
</StgValue>
</bind>
</comp>

<comp id="34" class="1000" name="tile_14">
<pin_list>
<pin id="35" dir="1" index="0" bw="1" slack="0"/>
</pin_list>
<bind>
<StgValue><ssdm name="tile_14"/><MemPortTyVec>1 1 </MemPortTyVec>
</StgValue>
</bind>
</comp>

<comp id="36" class="1000" name="tile_15">
<pin_list>
<pin id="37" dir="1" index="0" bw="1" slack="0"/>
</pin_list>
<bind>
<StgValue><ssdm name="tile_15"/><MemPortTyVec>1 1 </MemPortTyVec>
</StgValue>
</bind>
</comp>

<comp id="38" class="1001" name="const_38">
<pin_list>
<pin id="39" dir="1" index="0" bw="1" slack="0"/>
</pin_list>
<bind>
<StgValue><ssdm name=""/></StgValue>
</bind>
</comp>

<comp id="40" class="1001" name="const_40">
<pin_list>
<pin id="41" dir="1" index="0" bw="1" slack="0"/>
</pin_list>
<bind>
<StgValue><ssdm name="_ssdm_op_Read.ap_auto.i58"/></StgValue>
</bind>
</comp>

<comp id="42" class="1001" name="const_42">
<pin_list>
<pin id="43" dir="1" index="0" bw="1" slack="0"/>
</pin_list>
<bind>
<StgValue><ssdm name="_ssdm_op_Read.ap_auto.i33"/></StgValue>
</bind>
</comp>

<comp id="44" class="1001" name="const_44">
<pin_list>
<pin id="45" dir="1" index="0" bw="1" slack="2147483647"/>
</pin_list>
<bind>
<StgValue><ssdm name="_ssdm_op_SpecMemCore"/></StgValue>
</bind>
</comp>

<comp id="46" class="1001" name="const_46">
<pin_list>
<pin id="47" dir="1" index="0" bw="1" slack="2147483647"/>
</pin_list>
<bind>
<StgValue><ssdm name=""/></StgValue>
</bind>
</comp>

<comp id="48" class="1001" name="const_48">
<pin_list>
<pin id="49" dir="1" index="0" bw="1" slack="2147483647"/>
</pin_list>
<bind>
<StgValue><ssdm name=""/></StgValue>
</bind>
</comp>

<comp id="50" class="1001" name="const_50">
<pin_list>
<pin id="51" dir="1" index="0" bw="1" slack="0"/>
</pin_list>
<bind>
<StgValue><ssdm name=""/></StgValue>
</bind>
</comp>

<comp id="52" class="1001" name="const_52">
<pin_list>
<pin id="53" dir="1" index="0" bw="1" slack="2147483647"/>
</pin_list>
<bind>
<StgValue><ssdm name="_ssdm_op_SpecInterface"/></StgValue>
</bind>
</comp>

<comp id="54" class="1001" name="const_54">
<pin_list>
<pin id="55" dir="1" index="0" bw="1" slack="2147483647"/>
</pin_list>
<bind>
<StgValue><ssdm name="empty_21"/></StgValue>
</bind>
</comp>

<comp id="56" class="1001" name="const_56">
<pin_list>
<pin id="57" dir="1" index="0" bw="1" slack="2147483647"/>
</pin_list>
<bind>
<StgValue><ssdm name=""/></StgValue>
</bind>
</comp>

<comp id="58" class="1001" name="const_58">
<pin_list>
<pin id="59" dir="1" index="0" bw="1" slack="2147483647"/>
</pin_list>
<bind>
<StgValue><ssdm name="empty_27"/></StgValue>
</bind>
</comp>

<comp id="60" class="1001" name="const_60">
<pin_list>
<pin id="61" dir="1" index="0" bw="1" slack="2147483647"/>
</pin_list>
<bind>
<StgValue><ssdm name=""/></StgValue>
</bind>
</comp>

<comp id="62" class="1001" name="const_62">
<pin_list>
<pin id="63" dir="1" index="0" bw="1" slack="2147483647"/>
</pin_list>
<bind>
<StgValue><ssdm name=""/></StgValue>
</bind>
</comp>

<comp id="64" class="1001" name="const_64">
<pin_list>
<pin id="65" dir="1" index="0" bw="1" slack="2147483647"/>
</pin_list>
<bind>
<StgValue><ssdm name="empty_31"/></StgValue>
</bind>
</comp>

<comp id="66" class="1001" name="const_66">
<pin_list>
<pin id="67" dir="1" index="0" bw="1" slack="2147483647"/>
</pin_list>
<bind>
<StgValue><ssdm name="empty_28"/></StgValue>
</bind>
</comp>

<comp id="68" class="1001" name="const_68">
<pin_list>
<pin id="69" dir="1" index="0" bw="1" slack="2147483647"/>
</pin_list>
<bind>
<StgValue><ssdm name=""/></StgValue>
</bind>
</comp>

<comp id="70" class="1001" name="const_70">
<pin_list>
<pin id="71" dir="1" index="0" bw="1" slack="2147483647"/>
</pin_list>
<bind>
<StgValue><ssdm name=""/></StgValue>
</bind>
</comp>

<comp id="72" class="1001" name="const_72">
<pin_list>
<pin id="73" dir="1" index="0" bw="1" slack="0"/>
</pin_list>
<bind>
<StgValue><ssdm name=""/></StgValue>
</bind>
</comp>

<comp id="74" class="1001" name="const_74">
<pin_list>
<pin id="75" dir="1" index="0" bw="1" slack="0"/>
</pin_list>
<bind>
<StgValue><ssdm name=""/></StgValue>
</bind>
</comp>

<comp id="76" class="1001" name="const_76">
<pin_list>
<pin id="77" dir="1" index="0" bw="1" slack="0"/>
</pin_list>
<bind>
<StgValue><ssdm name=""/></StgValue>
</bind>
</comp>

<comp id="78" class="1001" name="const_78">
<pin_list>
<pin id="79" dir="1" index="0" bw="1" slack="0"/>
</pin_list>
<bind>
<StgValue><ssdm name=""/></StgValue>
</bind>
</comp>

<comp id="80" class="1001" name="const_80">
<pin_list>
<pin id="81" dir="1" index="0" bw="1" slack="0"/>
</pin_list>
<bind>
<StgValue><ssdm name=""/></StgValue>
</bind>
</comp>

<comp id="82" class="1001" name="const_82">
<pin_list>
<pin id="83" dir="1" index="0" bw="1" slack="0"/>
</pin_list>
<bind>
<StgValue><ssdm name=""/></StgValue>
</bind>
</comp>

<comp id="84" class="1001" name="const_84">
<pin_list>
<pin id="85" dir="1" index="0" bw="1" slack="0"/>
</pin_list>
<bind>
<StgValue><ssdm name="_ssdm_op_BitConcatenate.i9.i6.i2.i1"/></StgValue>
</bind>
</comp>

<comp id="86" class="1001" name="const_86">
<pin_list>
<pin id="87" dir="1" index="0" bw="1" slack="0"/>
</pin_list>
<bind>
<StgValue><ssdm name=""/></StgValue>
</bind>
</comp>

<comp id="88" class="1001" name="const_88">
<pin_list>
<pin id="89" dir="1" index="0" bw="1" slack="0"/>
</pin_list>
<bind>
<StgValue><ssdm name=""/></StgValue>
</bind>
</comp>

<comp id="90" class="1001" name="const_90">
<pin_list>
<pin id="91" dir="1" index="0" bw="1" slack="0"/>
</pin_list>
<bind>
<StgValue><ssdm name=""/></StgValue>
</bind>
</comp>

<comp id="92" class="1001" name="const_92">
<pin_list>
<pin id="93" dir="1" index="0" bw="1" slack="0"/>
</pin_list>
<bind>
<StgValue><ssdm name=""/></StgValue>
</bind>
</comp>

<comp id="94" class="1001" name="const_94">
<pin_list>
<pin id="95" dir="1" index="0" bw="1" slack="2147483647"/>
</pin_list>
<bind>
<StgValue><ssdm name="_ssdm_op_SpecLoopName"/></StgValue>
</bind>
</comp>

<comp id="96" class="1001" name="const_96">
<pin_list>
<pin id="97" dir="1" index="0" bw="1" slack="2147483647"/>
</pin_list>
<bind>
<StgValue><ssdm name="STORE_TILE_ROWS_STORE_TILE_BEATS_str"/></StgValue>
</bind>
</comp>

<comp id="98" class="1001" name="const_98">
<pin_list>
<pin id="99" dir="1" index="0" bw="1" slack="2147483647"/>
</pin_list>
<bind>
<StgValue><ssdm name="_ssdm_op_SpecPipeline"/></StgValue>
</bind>
</comp>

<comp id="100" class="1001" name="const_100">
<pin_list>
<pin id="101" dir="1" index="0" bw="1" slack="0"/>
</pin_list>
<bind>
<StgValue><ssdm name="_ssdm_op_BitConcatenate.i512.i16.i16.i16.i16.i16.i16.i16.i16.i16.i16.i16.i16.i16.i16.i16.i16.i16.i16.i16.i16.i16.i16.i16.i16.i16.i16.i16.i16.i16.i16.i16.i16"/></StgValue>
</bind>
</comp>

<comp id="102" class="1001" name="const_102">
<pin_list>
<pin id="103" dir="1" index="0" bw="1" slack="0"/>
</pin_list>
<bind>
<StgValue><ssdm name="_ssdm_op_Write.m_axi.p1i512"/></StgValue>
</bind>
</comp>

<comp id="104" class="1004" name="b_fu_104">
<pin_list>
<pin id="105" dir="0" index="0" bw="1" slack="0"/>
<pin id="106" dir="1" index="1" bw="3" slack="0"/>
</pin_list>
<bind>
<opcode="alloca(26) " fcode="alloca"/>
<opset="b/1 "/>
</bind>
</comp>

<comp id="108" class="1004" name="r_fu_108">
<pin_list>
<pin id="109" dir="0" index="0" bw="1" slack="0"/>
<pin id="110" dir="1" index="1" bw="31" slack="0"/>
</pin_list>
<bind>
<opcode="alloca(26) " fcode="alloca"/>
<opset="r/1 "/>
</bind>
</comp>

<comp id="112" class="1004" name="indvar_flatten_fu_112">
<pin_list>
<pin id="113" dir="0" index="0" bw="1" slack="0"/>
<pin id="114" dir="1" index="1" bw="33" slack="0"/>
</pin_list>
<bind>
<opcode="alloca(26) " fcode="alloca"/>
<opset="indvar_flatten/1 "/>
</bind>
</comp>

<comp id="116" class="1004" name="sext_ln201_1_read_read_fu_116">
<pin_list>
<pin id="117" dir="0" index="0" bw="58" slack="0"/>
<pin id="118" dir="0" index="1" bw="58" slack="0"/>
<pin id="119" dir="1" index="2" bw="58" slack="0"/>
</pin_list>
<bind>
<opcode="read(1150) " fcode="read"/>
<opset="sext_ln201_1_read/1 "/>
</bind>
</comp>

<comp id="122" class="1004" name="tmp_9_read_read_fu_122">
<pin_list>
<pin id="123" dir="0" index="0" bw="33" slack="0"/>
<pin id="124" dir="0" index="1" bw="33" slack="0"/>
<pin id="125" dir="1" index="2" bw="33" slack="1"/>
</pin_list>
<bind>
<opcode="read(1150) " fcode="read"/>
<opset="tmp_9_read/1 "/>
</bind>
</comp>

<comp id="128" class="1004" name="tile_0_addr_gep_fu_128">
<pin_list>
<pin id="129" dir="0" index="0" bw="16" slack="0"/>
<pin id="130" dir="0" index="1" bw="1" slack="0"/>
<pin id="131" dir="0" index="2" bw="9" slack="0"/>
<pin id="132" dir="1" index="3" bw="9" slack="0"/>
</pin_list>
<bind>
<opcode="getelementptr(29) " fcode="getelementptr"/>
<opset="tile_0_addr/2 "/>
</bind>
</comp>

<comp id="135" class="1004" name="tile_1_addr_gep_fu_135">
<pin_list>
<pin id="136" dir="0" index="0" bw="16" slack="0"/>
<pin id="137" dir="0" index="1" bw="1" slack="0"/>
<pin id="138" dir="0" index="2" bw="9" slack="0"/>
<pin id="139" dir="1" index="3" bw="9" slack="0"/>
</pin_list>
<bind>
<opcode="getelementptr(29) " fcode="getelementptr"/>
<opset="tile_1_addr/2 "/>
</bind>
</comp>

<comp id="142" class="1004" name="tile_2_addr_gep_fu_142">
<pin_list>
<pin id="143" dir="0" index="0" bw="16" slack="0"/>
<pin id="144" dir="0" index="1" bw="1" slack="0"/>
<pin id="145" dir="0" index="2" bw="9" slack="0"/>
<pin id="146" dir="1" index="3" bw="9" slack="0"/>
</pin_list>
<bind>
<opcode="getelementptr(29) " fcode="getelementptr"/>
<opset="tile_2_addr/2 "/>
</bind>
</comp>

<comp id="149" class="1004" name="tile_3_addr_gep_fu_149">
<pin_list>
<pin id="150" dir="0" index="0" bw="16" slack="0"/>
<pin id="151" dir="0" index="1" bw="1" slack="0"/>
<pin id="152" dir="0" index="2" bw="9" slack="0"/>
<pin id="153" dir="1" index="3" bw="9" slack="0"/>
</pin_list>
<bind>
<opcode="getelementptr(29) " fcode="getelementptr"/>
<opset="tile_3_addr/2 "/>
</bind>
</comp>

<comp id="156" class="1004" name="tile_4_addr_gep_fu_156">
<pin_list>
<pin id="157" dir="0" index="0" bw="16" slack="0"/>
<pin id="158" dir="0" index="1" bw="1" slack="0"/>
<pin id="159" dir="0" index="2" bw="9" slack="0"/>
<pin id="160" dir="1" index="3" bw="9" slack="0"/>
</pin_list>
<bind>
<opcode="getelementptr(29) " fcode="getelementptr"/>
<opset="tile_4_addr/2 "/>
</bind>
</comp>

<comp id="163" class="1004" name="tile_5_addr_gep_fu_163">
<pin_list>
<pin id="164" dir="0" index="0" bw="16" slack="0"/>
<pin id="165" dir="0" index="1" bw="1" slack="0"/>
<pin id="166" dir="0" index="2" bw="9" slack="0"/>
<pin id="167" dir="1" index="3" bw="9" slack="0"/>
</pin_list>
<bind>
<opcode="getelementptr(29) " fcode="getelementptr"/>
<opset="tile_5_addr/2 "/>
</bind>
</comp>

<comp id="170" class="1004" name="tile_6_addr_gep_fu_170">
<pin_list>
<pin id="171" dir="0" index="0" bw="16" slack="0"/>
<pin id="172" dir="0" index="1" bw="1" slack="0"/>
<pin id="173" dir="0" index="2" bw="9" slack="0"/>
<pin id="174" dir="1" index="3" bw="9" slack="0"/>
</pin_list>
<bind>
<opcode="getelementptr(29) " fcode="getelementptr"/>
<opset="tile_6_addr/2 "/>
</bind>
</comp>

<comp id="177" class="1004" name="tile_7_addr_gep_fu_177">
<pin_list>
<pin id="178" dir="0" index="0" bw="16" slack="0"/>
<pin id="179" dir="0" index="1" bw="1" slack="0"/>
<pin id="180" dir="0" index="2" bw="9" slack="0"/>
<pin id="181" dir="1" index="3" bw="9" slack="0"/>
</pin_list>
<bind>
<opcode="getelementptr(29) " fcode="getelementptr"/>
<opset="tile_7_addr/2 "/>
</bind>
</comp>

<comp id="184" class="1004" name="tile_8_addr_gep_fu_184">
<pin_list>
<pin id="185" dir="0" index="0" bw="16" slack="0"/>
<pin id="186" dir="0" index="1" bw="1" slack="0"/>
<pin id="187" dir="0" index="2" bw="9" slack="0"/>
<pin id="188" dir="1" index="3" bw="9" slack="0"/>
</pin_list>
<bind>
<opcode="getelementptr(29) " fcode="getelementptr"/>
<opset="tile_8_addr/2 "/>
</bind>
</comp>

<comp id="191" class="1004" name="tile_9_addr_gep_fu_191">
<pin_list>
<pin id="192" dir="0" index="0" bw="16" slack="0"/>
<pin id="193" dir="0" index="1" bw="1" slack="0"/>
<pin id="194" dir="0" index="2" bw="9" slack="0"/>
<pin id="195" dir="1" index="3" bw="9" slack="0"/>
</pin_list>
<bind>
<opcode="getelementptr(29) " fcode="getelementptr"/>
<opset="tile_9_addr/2 "/>
</bind>
</comp>

<comp id="198" class="1004" name="tile_10_addr_gep_fu_198">
<pin_list>
<pin id="199" dir="0" index="0" bw="16" slack="0"/>
<pin id="200" dir="0" index="1" bw="1" slack="0"/>
<pin id="201" dir="0" index="2" bw="9" slack="0"/>
<pin id="202" dir="1" index="3" bw="9" slack="0"/>
</pin_list>
<bind>
<opcode="getelementptr(29) " fcode="getelementptr"/>
<opset="tile_10_addr/2 "/>
</bind>
</comp>

<comp id="205" class="1004" name="tile_11_addr_gep_fu_205">
<pin_list>
<pin id="206" dir="0" index="0" bw="16" slack="0"/>
<pin id="207" dir="0" index="1" bw="1" slack="0"/>
<pin id="208" dir="0" index="2" bw="9" slack="0"/>
<pin id="209" dir="1" index="3" bw="9" slack="0"/>
</pin_list>
<bind>
<opcode="getelementptr(29) " fcode="getelementptr"/>
<opset="tile_11_addr/2 "/>
</bind>
</comp>

<comp id="212" class="1004" name="tile_12_addr_gep_fu_212">
<pin_list>
<pin id="213" dir="0" index="0" bw="16" slack="0"/>
<pin id="214" dir="0" index="1" bw="1" slack="0"/>
<pin id="215" dir="0" index="2" bw="9" slack="0"/>
<pin id="216" dir="1" index="3" bw="9" slack="0"/>
</pin_list>
<bind>
<opcode="getelementptr(29) " fcode="getelementptr"/>
<opset="tile_12_addr/2 "/>
</bind>
</comp>

<comp id="219" class="1004" name="tile_13_addr_gep_fu_219">
<pin_list>
<pin id="220" dir="0" index="0" bw="16" slack="0"/>
<pin id="221" dir="0" index="1" bw="1" slack="0"/>
<pin id="222" dir="0" index="2" bw="9" slack="0"/>
<pin id="223" dir="1" index="3" bw="9" slack="0"/>
</pin_list>
<bind>
<opcode="getelementptr(29) " fcode="getelementptr"/>
<opset="tile_13_addr/2 "/>
</bind>
</comp>

<comp id="226" class="1004" name="tile_14_addr_gep_fu_226">
<pin_list>
<pin id="227" dir="0" index="0" bw="16" slack="0"/>
<pin id="228" dir="0" index="1" bw="1" slack="0"/>
<pin id="229" dir="0" index="2" bw="9" slack="0"/>
<pin id="230" dir="1" index="3" bw="9" slack="0"/>
</pin_list>
<bind>
<opcode="getelementptr(29) " fcode="getelementptr"/>
<opset="tile_14_addr/2 "/>
</bind>
</comp>

<comp id="233" class="1004" name="tile_15_addr_gep_fu_233">
<pin_list>
<pin id="234" dir="0" index="0" bw="16" slack="0"/>
<pin id="235" dir="0" index="1" bw="1" slack="0"/>
<pin id="236" dir="0" index="2" bw="9" slack="0"/>
<pin id="237" dir="1" index="3" bw="9" slack="0"/>
</pin_list>
<bind>
<opcode="getelementptr(29) " fcode="getelementptr"/>
<opset="tile_15_addr/2 "/>
</bind>
</comp>

<comp id="240" class="1004" name="grp_access_fu_240">
<pin_list>
<pin id="241" dir="0" index="0" bw="9" slack="0"/>
<pin id="242" dir="0" index="1" bw="16" slack="2147483647"/>
<pin id="243" dir="0" index="2" bw="0" slack="0"/>
<pin id="245" dir="0" index="4" bw="9" slack="2147483647"/>
<pin id="246" dir="0" index="5" bw="16" slack="2147483647"/>
<pin id="247" dir="0" index="6" bw="0" slack="2147483647"/>
<pin id="244" dir="1" index="3" bw="16" slack="0"/>
<pin id="248" dir="1" index="7" bw="16" slack="0"/>
</pin_list>
<bind>
<opcode="load(27) " fcode="load"/>
<opset="tile_0_load/2 tile_0_load_1/2 "/>
</bind>
</comp>

<comp id="250" class="1004" name="grp_access_fu_250">
<pin_list>
<pin id="251" dir="0" index="0" bw="9" slack="0"/>
<pin id="252" dir="0" index="1" bw="16" slack="2147483647"/>
<pin id="253" dir="0" index="2" bw="0" slack="0"/>
<pin id="255" dir="0" index="4" bw="9" slack="2147483647"/>
<pin id="256" dir="0" index="5" bw="16" slack="2147483647"/>
<pin id="257" dir="0" index="6" bw="0" slack="2147483647"/>
<pin id="254" dir="1" index="3" bw="16" slack="0"/>
<pin id="258" dir="1" index="7" bw="16" slack="0"/>
</pin_list>
<bind>
<opcode="load(27) " fcode="load"/>
<opset="tile_1_load/2 tile_1_load_1/2 "/>
</bind>
</comp>

<comp id="260" class="1004" name="grp_access_fu_260">
<pin_list>
<pin id="261" dir="0" index="0" bw="9" slack="0"/>
<pin id="262" dir="0" index="1" bw="16" slack="2147483647"/>
<pin id="263" dir="0" index="2" bw="0" slack="0"/>
<pin id="265" dir="0" index="4" bw="9" slack="2147483647"/>
<pin id="266" dir="0" index="5" bw="16" slack="2147483647"/>
<pin id="267" dir="0" index="6" bw="0" slack="2147483647"/>
<pin id="264" dir="1" index="3" bw="16" slack="0"/>
<pin id="268" dir="1" index="7" bw="16" slack="0"/>
</pin_list>
<bind>
<opcode="load(27) " fcode="load"/>
<opset="tile_2_load/2 tile_2_load_1/2 "/>
</bind>
</comp>

<comp id="270" class="1004" name="grp_access_fu_270">
<pin_list>
<pin id="271" dir="0" index="0" bw="9" slack="0"/>
<pin id="272" dir="0" index="1" bw="16" slack="2147483647"/>
<pin id="273" dir="0" index="2" bw="0" slack="0"/>
<pin id="275" dir="0" index="4" bw="9" slack="2147483647"/>
<pin id="276" dir="0" index="5" bw="16" slack="2147483647"/>
<pin id="277" dir="0" index="6" bw="0" slack="2147483647"/>
<pin id="274" dir="1" index="3" bw="16" slack="0"/>
<pin id="278" dir="1" index="7" bw="16" slack="0"/>
</pin_list>
<bind>
<opcode="load(27) " fcode="load"/>
<opset="tile_3_load/2 tile_3_load_1/2 "/>
</bind>
</comp>

<comp id="280" class="1004" name="grp_access_fu_280">
<pin_list>
<pin id="281" dir="0" index="0" bw="9" slack="0"/>
<pin id="282" dir="0" index="1" bw="16" slack="2147483647"/>
<pin id="283" dir="0" index="2" bw="0" slack="0"/>
<pin id="285" dir="0" index="4" bw="9" slack="2147483647"/>
<pin id="286" dir="0" index="5" bw="16" slack="2147483647"/>
<pin id="287" dir="0" index="6" bw="0" slack="2147483647"/>
<pin id="284" dir="1" index="3" bw="16" slack="0"/>
<pin id="288" dir="1" index="7" bw="16" slack="0"/>
</pin_list>
<bind>
<opcode="load(27) " fcode="load"/>
<opset="tile_4_load/2 tile_4_load_1/2 "/>
</bind>
</comp>

<comp id="290" class="1004" name="grp_access_fu_290">
<pin_list>
<pin id="291" dir="0" index="0" bw="9" slack="0"/>
<pin id="292" dir="0" index="1" bw="16" slack="2147483647"/>
<pin id="293" dir="0" index="2" bw="0" slack="0"/>
<pin id="295" dir="0" index="4" bw="9" slack="2147483647"/>
<pin id="296" dir="0" index="5" bw="16" slack="2147483647"/>
<pin id="297" dir="0" index="6" bw="0" slack="2147483647"/>
<pin id="294" dir="1" index="3" bw="16" slack="0"/>
<pin id="298" dir="1" index="7" bw="16" slack="0"/>
</pin_list>
<bind>
<opcode="load(27) " fcode="load"/>
<opset="tile_5_load/2 tile_5_load_1/2 "/>
</bind>
</comp>

<comp id="300" class="1004" name="grp_access_fu_300">
<pin_list>
<pin id="301" dir="0" index="0" bw="9" slack="0"/>
<pin id="302" dir="0" index="1" bw="16" slack="2147483647"/>
<pin id="303" dir="0" index="2" bw="0" slack="0"/>
<pin id="305" dir="0" index="4" bw="9" slack="2147483647"/>
<pin id="306" dir="0" index="5" bw="16" slack="2147483647"/>
<pin id="307" dir="0" index="6" bw="0" slack="2147483647"/>
<pin id="304" dir="1" index="3" bw="16" slack="0"/>
<pin id="308" dir="1" index="7" bw="16" slack="0"/>
</pin_list>
<bind>
<opcode="load(27) " fcode="load"/>
<opset="tile_6_load/2 tile_6_load_1/2 "/>
</bind>
</comp>

<comp id="310" class="1004" name="grp_access_fu_310">
<pin_list>
<pin id="311" dir="0" index="0" bw="9" slack="0"/>
<pin id="312" dir="0" index="1" bw="16" slack="2147483647"/>
<pin id="313" dir="0" index="2" bw="0" slack="0"/>
<pin id="315" dir="0" index="4" bw="9" slack="2147483647"/>
<pin id="316" dir="0" index="5" bw="16" slack="2147483647"/>
<pin id="317" dir="0" index="6" bw="0" slack="2147483647"/>
<pin id="314" dir="1" index="3" bw="16" slack="0"/>
<pin id="318" dir="1" index="7" bw="16" slack="0"/>
</pin_list>
<bind>
<opcode="load(27) " fcode="load"/>
<opset="tile_7_load/2 tile_7_load_1/2 "/>
</bind>
</comp>

<comp id="320" class="1004" name="grp_access_fu_320">
<pin_list>
<pin id="321" dir="0" index="0" bw="9" slack="0"/>
<pin id="322" dir="0" index="1" bw="16" slack="2147483647"/>
<pin id="323" dir="0" index="2" bw="0" slack="0"/>
<pin id="325" dir="0" index="4" bw="9" slack="2147483647"/>
<pin id="326" dir="0" index="5" bw="16" slack="2147483647"/>
<pin id="327" dir="0" index="6" bw="0" slack="2147483647"/>
<pin id="324" dir="1" index="3" bw="16" slack="0"/>
<pin id="328" dir="1" index="7" bw="16" slack="0"/>
</pin_list>
<bind>
<opcode="load(27) " fcode="load"/>
<opset="tile_8_load/2 tile_8_load_1/2 "/>
</bind>
</comp>

<comp id="330" class="1004" name="grp_access_fu_330">
<pin_list>
<pin id="331" dir="0" index="0" bw="9" slack="0"/>
<pin id="332" dir="0" index="1" bw="16" slack="2147483647"/>
<pin id="333" dir="0" index="2" bw="0" slack="0"/>
<pin id="335" dir="0" index="4" bw="9" slack="2147483647"/>
<pin id="336" dir="0" index="5" bw="16" slack="2147483647"/>
<pin id="337" dir="0" index="6" bw="0" slack="2147483647"/>
<pin id="334" dir="1" index="3" bw="16" slack="0"/>
<pin id="338" dir="1" index="7" bw="16" slack="0"/>
</pin_list>
<bind>
<opcode="load(27) " fcode="load"/>
<opset="tile_9_load/2 tile_9_load_1/2 "/>
</bind>
</comp>

<comp id="340" class="1004" name="grp_access_fu_340">
<pin_list>
<pin id="341" dir="0" index="0" bw="9" slack="0"/>
<pin id="342" dir="0" index="1" bw="16" slack="2147483647"/>
<pin id="343" dir="0" index="2" bw="0" slack="0"/>
<pin id="345" dir="0" index="4" bw="9" slack="2147483647"/>
<pin id="346" dir="0" index="5" bw="16" slack="2147483647"/>
<pin id="347" dir="0" index="6" bw="0" slack="2147483647"/>
<pin id="344" dir="1" index="3" bw="16" slack="0"/>
<pin id="348" dir="1" index="7" bw="16" slack="0"/>
</pin_list>
<bind>
<opcode="load(27) " fcode="load"/>
<opset="tile_10_load/2 tile_10_load_1/2 "/>
</bind>
</comp>

<comp id="350" class="1004" name="grp_access_fu_350">
<pin_list>
<pin id="351" dir="0" index="0" bw="9" slack="0"/>
<pin id="352" dir="0" index="1" bw="16" slack="2147483647"/>
<pin id="353" dir="0" index="2" bw="0" slack="0"/>
<pin id="355" dir="0" index="4" bw="9" slack="2147483647"/>
<pin id="356" dir="0" index="5" bw="16" slack="2147483647"/>
<pin id="357" dir="0" index="6" bw="0" slack="2147483647"/>
<pin id="354" dir="1" index="3" bw="16" slack="0"/>
<pin id="358" dir="1" index="7" bw="16" slack="0"/>
</pin_list>
<bind>
<opcode="load(27) " fcode="load"/>
<opset="tile_11_load/2 tile_11_load_1/2 "/>
</bind>
</comp>

<comp id="360" class="1004" name="grp_access_fu_360">
<pin_list>
<pin id="361" dir="0" index="0" bw="9" slack="0"/>
<pin id="362" dir="0" index="1" bw="16" slack="2147483647"/>
<pin id="363" dir="0" index="2" bw="0" slack="0"/>
<pin id="365" dir="0" index="4" bw="9" slack="2147483647"/>
<pin id="366" dir="0" index="5" bw="16" slack="2147483647"/>
<pin id="367" dir="0" index="6" bw="0" slack="2147483647"/>
<pin id="364" dir="1" index="3" bw="16" slack="0"/>
<pin id="368" dir="1" index="7" bw="16" slack="0"/>
</pin_list>
<bind>
<opcode="load(27) " fcode="load"/>
<opset="tile_12_load/2 tile_12_load_1/2 "/>
</bind>
</comp>

<comp id="370" class="1004" name="grp_access_fu_370">
<pin_list>
<pin id="371" dir="0" index="0" bw="9" slack="0"/>
<pin id="372" dir="0" index="1" bw="16" slack="2147483647"/>
<pin id="373" dir="0" index="2" bw="0" slack="0"/>
<pin id="375" dir="0" index="4" bw="9" slack="2147483647"/>
<pin id="376" dir="0" index="5" bw="16" slack="2147483647"/>
<pin id="377" dir="0" index="6" bw="0" slack="2147483647"/>
<pin id="374" dir="1" index="3" bw="16" slack="0"/>
<pin id="378" dir="1" index="7" bw="16" slack="0"/>
</pin_list>
<bind>
<opcode="load(27) " fcode="load"/>
<opset="tile_13_load/2 tile_13_load_1/2 "/>
</bind>
</comp>

<comp id="380" class="1004" name="grp_access_fu_380">
<pin_list>
<pin id="381" dir="0" index="0" bw="9" slack="0"/>
<pin id="382" dir="0" index="1" bw="16" slack="2147483647"/>
<pin id="383" dir="0" index="2" bw="0" slack="0"/>
<pin id="385" dir="0" index="4" bw="9" slack="2147483647"/>
<pin id="386" dir="0" index="5" bw="16" slack="2147483647"/>
<pin id="387" dir="0" index="6" bw="0" slack="2147483647"/>
<pin id="384" dir="1" index="3" bw="16" slack="0"/>
<pin id="388" dir="1" index="7" bw="16" slack="0"/>
</pin_list>
<bind>
<opcode="load(27) " fcode="load"/>
<opset="tile_14_load/2 tile_14_load_1/2 "/>
</bind>
</comp>

<comp id="390" class="1004" name="grp_access_fu_390">
<pin_list>
<pin id="391" dir="0" index="0" bw="9" slack="0"/>
<pin id="392" dir="0" index="1" bw="16" slack="2147483647"/>
<pin id="393" dir="0" index="2" bw="0" slack="0"/>
<pin id="395" dir="0" index="4" bw="9" slack="2147483647"/>
<pin id="396" dir="0" index="5" bw="16" slack="2147483647"/>
<pin id="397" dir="0" index="6" bw="0" slack="2147483647"/>
<pin id="394" dir="1" index="3" bw="16" slack="0"/>
<pin id="398" dir="1" index="7" bw="16" slack="0"/>
</pin_list>
<bind>
<opcode="load(27) " fcode="load"/>
<opset="tile_15_load/2 tile_15_load_1/2 "/>
</bind>
</comp>

<comp id="400" class="1004" name="tile_0_addr_1_gep_fu_400">
<pin_list>
<pin id="401" dir="0" index="0" bw="16" slack="0"/>
<pin id="402" dir="0" index="1" bw="1" slack="0"/>
<pin id="403" dir="0" index="2" bw="9" slack="0"/>
<pin id="404" dir="1" index="3" bw="9" slack="0"/>
</pin_list>
<bind>
<opcode="getelementptr(29) " fcode="getelementptr"/>
<opset="tile_0_addr_1/2 "/>
</bind>
</comp>

<comp id="407" class="1004" name="tile_1_addr_1_gep_fu_407">
<pin_list>
<pin id="408" dir="0" index="0" bw="16" slack="0"/>
<pin id="409" dir="0" index="1" bw="1" slack="0"/>
<pin id="410" dir="0" index="2" bw="9" slack="0"/>
<pin id="411" dir="1" index="3" bw="9" slack="0"/>
</pin_list>
<bind>
<opcode="getelementptr(29) " fcode="getelementptr"/>
<opset="tile_1_addr_1/2 "/>
</bind>
</comp>

<comp id="414" class="1004" name="tile_2_addr_1_gep_fu_414">
<pin_list>
<pin id="415" dir="0" index="0" bw="16" slack="0"/>
<pin id="416" dir="0" index="1" bw="1" slack="0"/>
<pin id="417" dir="0" index="2" bw="9" slack="0"/>
<pin id="418" dir="1" index="3" bw="9" slack="0"/>
</pin_list>
<bind>
<opcode="getelementptr(29) " fcode="getelementptr"/>
<opset="tile_2_addr_1/2 "/>
</bind>
</comp>

<comp id="421" class="1004" name="tile_3_addr_1_gep_fu_421">
<pin_list>
<pin id="422" dir="0" index="0" bw="16" slack="0"/>
<pin id="423" dir="0" index="1" bw="1" slack="0"/>
<pin id="424" dir="0" index="2" bw="9" slack="0"/>
<pin id="425" dir="1" index="3" bw="9" slack="0"/>
</pin_list>
<bind>
<opcode="getelementptr(29) " fcode="getelementptr"/>
<opset="tile_3_addr_1/2 "/>
</bind>
</comp>

<comp id="428" class="1004" name="tile_4_addr_1_gep_fu_428">
<pin_list>
<pin id="429" dir="0" index="0" bw="16" slack="0"/>
<pin id="430" dir="0" index="1" bw="1" slack="0"/>
<pin id="431" dir="0" index="2" bw="9" slack="0"/>
<pin id="432" dir="1" index="3" bw="9" slack="0"/>
</pin_list>
<bind>
<opcode="getelementptr(29) " fcode="getelementptr"/>
<opset="tile_4_addr_1/2 "/>
</bind>
</comp>

<comp id="435" class="1004" name="tile_5_addr_1_gep_fu_435">
<pin_list>
<pin id="436" dir="0" index="0" bw="16" slack="0"/>
<pin id="437" dir="0" index="1" bw="1" slack="0"/>
<pin id="438" dir="0" index="2" bw="9" slack="0"/>
<pin id="439" dir="1" index="3" bw="9" slack="0"/>
</pin_list>
<bind>
<opcode="getelementptr(29) " fcode="getelementptr"/>
<opset="tile_5_addr_1/2 "/>
</bind>
</comp>

<comp id="442" class="1004" name="tile_6_addr_1_gep_fu_442">
<pin_list>
<pin id="443" dir="0" index="0" bw="16" slack="0"/>
<pin id="444" dir="0" index="1" bw="1" slack="0"/>
<pin id="445" dir="0" index="2" bw="9" slack="0"/>
<pin id="446" dir="1" index="3" bw="9" slack="0"/>
</pin_list>
<bind>
<opcode="getelementptr(29) " fcode="getelementptr"/>
<opset="tile_6_addr_1/2 "/>
</bind>
</comp>

<comp id="449" class="1004" name="tile_7_addr_1_gep_fu_449">
<pin_list>
<pin id="450" dir="0" index="0" bw="16" slack="0"/>
<pin id="451" dir="0" index="1" bw="1" slack="0"/>
<pin id="452" dir="0" index="2" bw="9" slack="0"/>
<pin id="453" dir="1" index="3" bw="9" slack="0"/>
</pin_list>
<bind>
<opcode="getelementptr(29) " fcode="getelementptr"/>
<opset="tile_7_addr_1/2 "/>
</bind>
</comp>

<comp id="456" class="1004" name="tile_8_addr_1_gep_fu_456">
<pin_list>
<pin id="457" dir="0" index="0" bw="16" slack="0"/>
<pin id="458" dir="0" index="1" bw="1" slack="0"/>
<pin id="459" dir="0" index="2" bw="9" slack="0"/>
<pin id="460" dir="1" index="3" bw="9" slack="0"/>
</pin_list>
<bind>
<opcode="getelementptr(29) " fcode="getelementptr"/>
<opset="tile_8_addr_1/2 "/>
</bind>
</comp>

<comp id="463" class="1004" name="tile_9_addr_1_gep_fu_463">
<pin_list>
<pin id="464" dir="0" index="0" bw="16" slack="0"/>
<pin id="465" dir="0" index="1" bw="1" slack="0"/>
<pin id="466" dir="0" index="2" bw="9" slack="0"/>
<pin id="467" dir="1" index="3" bw="9" slack="0"/>
</pin_list>
<bind>
<opcode="getelementptr(29) " fcode="getelementptr"/>
<opset="tile_9_addr_1/2 "/>
</bind>
</comp>

<comp id="470" class="1004" name="tile_10_addr_1_gep_fu_470">
<pin_list>
<pin id="471" dir="0" index="0" bw="16" slack="0"/>
<pin id="472" dir="0" index="1" bw="1" slack="0"/>
<pin id="473" dir="0" index="2" bw="9" slack="0"/>
<pin id="474" dir="1" index="3" bw="9" slack="0"/>
</pin_list>
<bind>
<opcode="getelementptr(29) " fcode="getelementptr"/>
<opset="tile_10_addr_1/2 "/>
</bind>
</comp>

<comp id="477" class="1004" name="tile_11_addr_1_gep_fu_477">
<pin_list>
<pin id="478" dir="0" index="0" bw="16" slack="0"/>
<pin id="479" dir="0" index="1" bw="1" slack="0"/>
<pin id="480" dir="0" index="2" bw="9" slack="0"/>
<pin id="481" dir="1" index="3" bw="9" slack="0"/>
</pin_list>
<bind>
<opcode="getelementptr(29) " fcode="getelementptr"/>
<opset="tile_11_addr_1/2 "/>
</bind>
</comp>

<comp id="484" class="1004" name="tile_12_addr_1_gep_fu_484">
<pin_list>
<pin id="485" dir="0" index="0" bw="16" slack="0"/>
<pin id="486" dir="0" index="1" bw="1" slack="0"/>
<pin id="487" dir="0" index="2" bw="9" slack="0"/>
<pin id="488" dir="1" index="3" bw="9" slack="0"/>
</pin_list>
<bind>
<opcode="getelementptr(29) " fcode="getelementptr"/>
<opset="tile_12_addr_1/2 "/>
</bind>
</comp>

<comp id="491" class="1004" name="tile_13_addr_1_gep_fu_491">
<pin_list>
<pin id="492" dir="0" index="0" bw="16" slack="0"/>
<pin id="493" dir="0" index="1" bw="1" slack="0"/>
<pin id="494" dir="0" index="2" bw="9" slack="0"/>
<pin id="495" dir="1" index="3" bw="9" slack="0"/>
</pin_list>
<bind>
<opcode="getelementptr(29) " fcode="getelementptr"/>
<opset="tile_13_addr_1/2 "/>
</bind>
</comp>

<comp id="498" class="1004" name="tile_14_addr_1_gep_fu_498">
<pin_list>
<pin id="499" dir="0" index="0" bw="16" slack="0"/>
<pin id="500" dir="0" index="1" bw="1" slack="0"/>
<pin id="501" dir="0" index="2" bw="9" slack="0"/>
<pin id="502" dir="1" index="3" bw="9" slack="0"/>
</pin_list>
<bind>
<opcode="getelementptr(29) " fcode="getelementptr"/>
<opset="tile_14_addr_1/2 "/>
</bind>
</comp>

<comp id="505" class="1004" name="tile_15_addr_1_gep_fu_505">
<pin_list>
<pin id="506" dir="0" index="0" bw="16" slack="0"/>
<pin id="507" dir="0" index="1" bw="1" slack="0"/>
<pin id="508" dir="0" index="2" bw="9" slack="0"/>
<pin id="509" dir="1" index="3" bw="9" slack="0"/>
</pin_list>
<bind>
<opcode="getelementptr(29) " fcode="getelementptr"/>
<opset="tile_15_addr_1/2 "/>
</bind>
</comp>

<comp id="528" class="1004" name="write_ln215_write_fu_528">
<pin_list>
<pin id="529" dir="0" index="0" bw="0" slack="0"/>
<pin id="530" dir="0" index="1" bw="512" slack="0"/>
<pin id="531" dir="0" index="2" bw="512" slack="0"/>
<pin id="532" dir="0" index="3" bw="1" slack="0"/>
<pin id="533" dir="1" index="4" bw="0" slack="2147483647"/>
</pin_list>
<bind>
<opcode="write(1151) " fcode="write"/>
<opset="write_ln215/3 "/>
</bind>
</comp>

<comp id="536" class="1004" name="sext_ln201_1_cast_fu_536">
<pin_list>
<pin id="537" dir="0" index="0" bw="58" slack="0"/>
<pin id="538" dir="1" index="1" bw="64" slack="2"/>
</pin_list>
<bind>
<opcode="sext(35) " fcode="sext"/>
<opset="sext_ln201_1_cast/1 "/>
</bind>
</comp>

<comp id="540" class="1004" name="store_ln0_store_fu_540">
<pin_list>
<pin id="541" dir="0" index="0" bw="1" slack="0"/>
<pin id="542" dir="0" index="1" bw="33" slack="0"/>
<pin id="543" dir="1" index="2" bw="0" slack="2147483647"/>
</pin_list>
<bind>
<opcode="store(28) " fcode="store"/>
<opset="store_ln0/1 "/>
</bind>
</comp>

<comp id="545" class="1004" name="store_ln201_store_fu_545">
<pin_list>
<pin id="546" dir="0" index="0" bw="1" slack="0"/>
<pin id="547" dir="0" index="1" bw="31" slack="0"/>
<pin id="548" dir="1" index="2" bw="0" slack="2147483647"/>
</pin_list>
<bind>
<opcode="store(28) " fcode="store"/>
<opset="store_ln201/1 "/>
</bind>
</comp>

<comp id="550" class="1004" name="store_ln205_store_fu_550">
<pin_list>
<pin id="551" dir="0" index="0" bw="1" slack="0"/>
<pin id="552" dir="0" index="1" bw="3" slack="0"/>
<pin id="553" dir="1" index="2" bw="0" slack="2147483647"/>
</pin_list>
<bind>
<opcode="store(28) " fcode="store"/>
<opset="store_ln205/1 "/>
</bind>
</comp>

<comp id="555" class="1004" name="indvar_flatten_load_load_fu_555">
<pin_list>
<pin id="556" dir="0" index="0" bw="33" slack="1"/>
<pin id="557" dir="1" index="1" bw="33" slack="0"/>
</pin_list>
<bind>
<opcode="load(27) " fcode="load"/>
<opset="indvar_flatten_load/2 "/>
</bind>
</comp>

<comp id="558" class="1004" name="add_ln201_fu_558">
<pin_list>
<pin id="559" dir="0" index="0" bw="33" slack="0"/>
<pin id="560" dir="0" index="1" bw="1" slack="0"/>
<pin id="561" dir="1" index="2" bw="33" slack="0"/>
</pin_list>
<bind>
<opcode="add(8) " fcode="add"/>
<opset="add_ln201/2 "/>
</bind>
</comp>

<comp id="564" class="1004" name="icmp_ln201_fu_564">
<pin_list>
<pin id="565" dir="0" index="0" bw="33" slack="0"/>
<pin id="566" dir="0" index="1" bw="33" slack="1"/>
<pin id="567" dir="1" index="2" bw="1" slack="2147483647"/>
</pin_list>
<bind>
<opcode="icmp(45) " fcode="icmp"/>
<opset="icmp_ln201/2 "/>
</bind>
</comp>

<comp id="569" class="1004" name="b_load_load_fu_569">
<pin_list>
<pin id="570" dir="0" index="0" bw="3" slack="1"/>
<pin id="571" dir="1" index="1" bw="3" slack="0"/>
</pin_list>
<bind>
<opcode="load(27) " fcode="load"/>
<opset="b_load/2 "/>
</bind>
</comp>

<comp id="572" class="1004" name="r_load_load_fu_572">
<pin_list>
<pin id="573" dir="0" index="0" bw="31" slack="1"/>
<pin id="574" dir="1" index="1" bw="31" slack="0"/>
</pin_list>
<bind>
<opcode="load(27) " fcode="load"/>
<opset="r_load/2 "/>
</bind>
</comp>

<comp id="575" class="1004" name="add_ln201_1_fu_575">
<pin_list>
<pin id="576" dir="0" index="0" bw="31" slack="0"/>
<pin id="577" dir="0" index="1" bw="1" slack="0"/>
<pin id="578" dir="1" index="2" bw="31" slack="0"/>
</pin_list>
<bind>
<opcode="add(8) " fcode="add"/>
<opset="add_ln201_1/2 "/>
</bind>
</comp>

<comp id="581" class="1004" name="icmp_ln205_fu_581">
<pin_list>
<pin id="582" dir="0" index="0" bw="3" slack="0"/>
<pin id="583" dir="0" index="1" bw="3" slack="0"/>
<pin id="584" dir="1" index="2" bw="1" slack="0"/>
</pin_list>
<bind>
<opcode="icmp(45) " fcode="icmp"/>
<opset="icmp_ln205/2 "/>
</bind>
</comp>

<comp id="587" class="1004" name="select_ln201_fu_587">
<pin_list>
<pin id="588" dir="0" index="0" bw="1" slack="0"/>
<pin id="589" dir="0" index="1" bw="1" slack="0"/>
<pin id="590" dir="0" index="2" bw="3" slack="0"/>
<pin id="591" dir="1" index="3" bw="3" slack="0"/>
</pin_list>
<bind>
<opcode="select(49) " fcode="select"/>
<opset="select_ln201/2 "/>
</bind>
</comp>

<comp id="595" class="1004" name="select_ln201_1_fu_595">
<pin_list>
<pin id="596" dir="0" index="0" bw="1" slack="0"/>
<pin id="597" dir="0" index="1" bw="31" slack="0"/>
<pin id="598" dir="0" index="2" bw="31" slack="0"/>
<pin id="599" dir="1" index="3" bw="31" slack="0"/>
</pin_list>
<bind>
<opcode="select(49) " fcode="select"/>
<opset="select_ln201_1/2 "/>
</bind>
</comp>

<comp id="603" class="1004" name="trunc_ln206_fu_603">
<pin_list>
<pin id="604" dir="0" index="0" bw="31" slack="0"/>
<pin id="605" dir="1" index="1" bw="6" slack="0"/>
</pin_list>
<bind>
<opcode="trunc(33) " fcode="trunc"/>
<opset="trunc_ln206/2 "/>
</bind>
</comp>

<comp id="607" class="1004" name="trunc_ln212_fu_607">
<pin_list>
<pin id="608" dir="0" index="0" bw="3" slack="0"/>
<pin id="609" dir="1" index="1" bw="2" slack="0"/>
</pin_list>
<bind>
<opcode="trunc(33) " fcode="trunc"/>
<opset="trunc_ln212/2 "/>
</bind>
</comp>

<comp id="611" class="1004" name="tmp_s_fu_611">
<pin_list>
<pin id="612" dir="0" index="0" bw="9" slack="0"/>
<pin id="613" dir="0" index="1" bw="6" slack="0"/>
<pin id="614" dir="0" index="2" bw="2" slack="0"/>
<pin id="615" dir="0" index="3" bw="1" slack="0"/>
<pin id="616" dir="1" index="4" bw="9" slack="0"/>
</pin_list>
<bind>
<opcode="bitconcatenate(1004) " fcode="bitconcatenate"/>
<opset="tmp_s/2 "/>
</bind>
</comp>

<comp id="621" class="1004" name="zext_ln212_fu_621">
<pin_list>
<pin id="622" dir="0" index="0" bw="9" slack="0"/>
<pin id="623" dir="1" index="1" bw="64" slack="0"/>
</pin_list>
<bind>
<opcode="zext(34) " fcode="zext"/>
<opset="zext_ln212/2 "/>
</bind>
</comp>

<comp id="641" class="1004" name="muxLogicRAMAddr_to_tile_0_load_fu_641">
<pin_list>
<pin id="642" dir="0" index="0" bw="9" slack="0"/>
<pin id="643" dir="1" index="1" bw="16" slack="2147483647"/>
</pin_list>
<bind>
<opcode="muxlogic(592) " fcode="muxlogic"/>
<opset="muxLogicRAMAddr_to_tile_0_load/2 "/>
</bind>
</comp>

<comp id="645" class="1004" name="muxLogicRAMAddr_to_tile_1_load_fu_645">
<pin_list>
<pin id="646" dir="0" index="0" bw="9" slack="0"/>
<pin id="647" dir="1" index="1" bw="16" slack="2147483647"/>
</pin_list>
<bind>
<opcode="muxlogic(592) " fcode="muxlogic"/>
<opset="muxLogicRAMAddr_to_tile_1_load/2 "/>
</bind>
</comp>

<comp id="649" class="1004" name="muxLogicRAMAddr_to_tile_2_load_fu_649">
<pin_list>
<pin id="650" dir="0" index="0" bw="9" slack="0"/>
<pin id="651" dir="1" index="1" bw="16" slack="2147483647"/>
</pin_list>
<bind>
<opcode="muxlogic(592) " fcode="muxlogic"/>
<opset="muxLogicRAMAddr_to_tile_2_load/2 "/>
</bind>
</comp>

<comp id="653" class="1004" name="muxLogicRAMAddr_to_tile_3_load_fu_653">
<pin_list>
<pin id="654" dir="0" index="0" bw="9" slack="0"/>
<pin id="655" dir="1" index="1" bw="16" slack="2147483647"/>
</pin_list>
<bind>
<opcode="muxlogic(592) " fcode="muxlogic"/>
<opset="muxLogicRAMAddr_to_tile_3_load/2 "/>
</bind>
</comp>

<comp id="657" class="1004" name="muxLogicRAMAddr_to_tile_4_load_fu_657">
<pin_list>
<pin id="658" dir="0" index="0" bw="9" slack="0"/>
<pin id="659" dir="1" index="1" bw="16" slack="2147483647"/>
</pin_list>
<bind>
<opcode="muxlogic(592) " fcode="muxlogic"/>
<opset="muxLogicRAMAddr_to_tile_4_load/2 "/>
</bind>
</comp>

<comp id="661" class="1004" name="muxLogicRAMAddr_to_tile_5_load_fu_661">
<pin_list>
<pin id="662" dir="0" index="0" bw="9" slack="0"/>
<pin id="663" dir="1" index="1" bw="16" slack="2147483647"/>
</pin_list>
<bind>
<opcode="muxlogic(592) " fcode="muxlogic"/>
<opset="muxLogicRAMAddr_to_tile_5_load/2 "/>
</bind>
</comp>

<comp id="665" class="1004" name="muxLogicRAMAddr_to_tile_6_load_fu_665">
<pin_list>
<pin id="666" dir="0" index="0" bw="9" slack="0"/>
<pin id="667" dir="1" index="1" bw="16" slack="2147483647"/>
</pin_list>
<bind>
<opcode="muxlogic(592) " fcode="muxlogic"/>
<opset="muxLogicRAMAddr_to_tile_6_load/2 "/>
</bind>
</comp>

<comp id="669" class="1004" name="muxLogicRAMAddr_to_tile_7_load_fu_669">
<pin_list>
<pin id="670" dir="0" index="0" bw="9" slack="0"/>
<pin id="671" dir="1" index="1" bw="16" slack="2147483647"/>
</pin_list>
<bind>
<opcode="muxlogic(592) " fcode="muxlogic"/>
<opset="muxLogicRAMAddr_to_tile_7_load/2 "/>
</bind>
</comp>

<comp id="673" class="1004" name="muxLogicRAMAddr_to_tile_8_load_fu_673">
<pin_list>
<pin id="674" dir="0" index="0" bw="9" slack="0"/>
<pin id="675" dir="1" index="1" bw="16" slack="2147483647"/>
</pin_list>
<bind>
<opcode="muxlogic(592) " fcode="muxlogic"/>
<opset="muxLogicRAMAddr_to_tile_8_load/2 "/>
</bind>
</comp>

<comp id="677" class="1004" name="muxLogicRAMAddr_to_tile_9_load_fu_677">
<pin_list>
<pin id="678" dir="0" index="0" bw="9" slack="0"/>
<pin id="679" dir="1" index="1" bw="16" slack="2147483647"/>
</pin_list>
<bind>
<opcode="muxlogic(592) " fcode="muxlogic"/>
<opset="muxLogicRAMAddr_to_tile_9_load/2 "/>
</bind>
</comp>

<comp id="681" class="1004" name="muxLogicRAMAddr_to_tile_10_load_fu_681">
<pin_list>
<pin id="682" dir="0" index="0" bw="9" slack="0"/>
<pin id="683" dir="1" index="1" bw="16" slack="2147483647"/>
</pin_list>
<bind>
<opcode="muxlogic(592) " fcode="muxlogic"/>
<opset="muxLogicRAMAddr_to_tile_10_load/2 "/>
</bind>
</comp>

<comp id="685" class="1004" name="muxLogicRAMAddr_to_tile_11_load_fu_685">
<pin_list>
<pin id="686" dir="0" index="0" bw="9" slack="0"/>
<pin id="687" dir="1" index="1" bw="16" slack="2147483647"/>
</pin_list>
<bind>
<opcode="muxlogic(592) " fcode="muxlogic"/>
<opset="muxLogicRAMAddr_to_tile_11_load/2 "/>
</bind>
</comp>

<comp id="689" class="1004" name="muxLogicRAMAddr_to_tile_12_load_fu_689">
<pin_list>
<pin id="690" dir="0" index="0" bw="9" slack="0"/>
<pin id="691" dir="1" index="1" bw="16" slack="2147483647"/>
</pin_list>
<bind>
<opcode="muxlogic(592) " fcode="muxlogic"/>
<opset="muxLogicRAMAddr_to_tile_12_load/2 "/>
</bind>
</comp>

<comp id="693" class="1004" name="muxLogicRAMAddr_to_tile_13_load_fu_693">
<pin_list>
<pin id="694" dir="0" index="0" bw="9" slack="0"/>
<pin id="695" dir="1" index="1" bw="16" slack="2147483647"/>
</pin_list>
<bind>
<opcode="muxlogic(592) " fcode="muxlogic"/>
<opset="muxLogicRAMAddr_to_tile_13_load/2 "/>
</bind>
</comp>

<comp id="697" class="1004" name="muxLogicRAMAddr_to_tile_14_load_fu_697">
<pin_list>
<pin id="698" dir="0" index="0" bw="9" slack="0"/>
<pin id="699" dir="1" index="1" bw="16" slack="2147483647"/>
</pin_list>
<bind>
<opcode="muxlogic(592) " fcode="muxlogic"/>
<opset="muxLogicRAMAddr_to_tile_14_load/2 "/>
</bind>
</comp>

<comp id="701" class="1004" name="muxLogicRAMAddr_to_tile_15_load_fu_701">
<pin_list>
<pin id="702" dir="0" index="0" bw="9" slack="0"/>
<pin id="703" dir="1" index="1" bw="16" slack="2147483647"/>
</pin_list>
<bind>
<opcode="muxlogic(592) " fcode="muxlogic"/>
<opset="muxLogicRAMAddr_to_tile_15_load/2 "/>
</bind>
</comp>

<comp id="705" class="1004" name="tmp_1_fu_705">
<pin_list>
<pin id="706" dir="0" index="0" bw="9" slack="0"/>
<pin id="707" dir="0" index="1" bw="6" slack="0"/>
<pin id="708" dir="0" index="2" bw="2" slack="0"/>
<pin id="709" dir="0" index="3" bw="1" slack="0"/>
<pin id="710" dir="1" index="4" bw="9" slack="0"/>
</pin_list>
<bind>
<opcode="bitconcatenate(1004) " fcode="bitconcatenate"/>
<opset="tmp_1/2 "/>
</bind>
</comp>

<comp id="715" class="1004" name="zext_ln212_1_fu_715">
<pin_list>
<pin id="716" dir="0" index="0" bw="9" slack="0"/>
<pin id="717" dir="1" index="1" bw="64" slack="0"/>
</pin_list>
<bind>
<opcode="zext(34) " fcode="zext"/>
<opset="zext_ln212_1/2 "/>
</bind>
</comp>

<comp id="735" class="1004" name="muxLogicRAMAddr_to_tile_0_load_1_fu_735">
<pin_list>
<pin id="736" dir="0" index="0" bw="9" slack="0"/>
<pin id="737" dir="1" index="1" bw="16" slack="2147483647"/>
</pin_list>
<bind>
<opcode="muxlogic(592) " fcode="muxlogic"/>
<opset="muxLogicRAMAddr_to_tile_0_load_1/2 "/>
</bind>
</comp>

<comp id="739" class="1004" name="muxLogicRAMAddr_to_tile_1_load_1_fu_739">
<pin_list>
<pin id="740" dir="0" index="0" bw="9" slack="0"/>
<pin id="741" dir="1" index="1" bw="16" slack="2147483647"/>
</pin_list>
<bind>
<opcode="muxlogic(592) " fcode="muxlogic"/>
<opset="muxLogicRAMAddr_to_tile_1_load_1/2 "/>
</bind>
</comp>

<comp id="743" class="1004" name="muxLogicRAMAddr_to_tile_2_load_1_fu_743">
<pin_list>
<pin id="744" dir="0" index="0" bw="9" slack="0"/>
<pin id="745" dir="1" index="1" bw="16" slack="2147483647"/>
</pin_list>
<bind>
<opcode="muxlogic(592) " fcode="muxlogic"/>
<opset="muxLogicRAMAddr_to_tile_2_load_1/2 "/>
</bind>
</comp>

<comp id="747" class="1004" name="muxLogicRAMAddr_to_tile_3_load_1_fu_747">
<pin_list>
<pin id="748" dir="0" index="0" bw="9" slack="0"/>
<pin id="749" dir="1" index="1" bw="16" slack="2147483647"/>
</pin_list>
<bind>
<opcode="muxlogic(592) " fcode="muxlogic"/>
<opset="muxLogicRAMAddr_to_tile_3_load_1/2 "/>
</bind>
</comp>

<comp id="751" class="1004" name="muxLogicRAMAddr_to_tile_4_load_1_fu_751">
<pin_list>
<pin id="752" dir="0" index="0" bw="9" slack="0"/>
<pin id="753" dir="1" index="1" bw="16" slack="2147483647"/>
</pin_list>
<bind>
<opcode="muxlogic(592) " fcode="muxlogic"/>
<opset="muxLogicRAMAddr_to_tile_4_load_1/2 "/>
</bind>
</comp>

<comp id="755" class="1004" name="muxLogicRAMAddr_to_tile_5_load_1_fu_755">
<pin_list>
<pin id="756" dir="0" index="0" bw="9" slack="0"/>
<pin id="757" dir="1" index="1" bw="16" slack="2147483647"/>
</pin_list>
<bind>
<opcode="muxlogic(592) " fcode="muxlogic"/>
<opset="muxLogicRAMAddr_to_tile_5_load_1/2 "/>
</bind>
</comp>

<comp id="759" class="1004" name="muxLogicRAMAddr_to_tile_6_load_1_fu_759">
<pin_list>
<pin id="760" dir="0" index="0" bw="9" slack="0"/>
<pin id="761" dir="1" index="1" bw="16" slack="2147483647"/>
</pin_list>
<bind>
<opcode="muxlogic(592) " fcode="muxlogic"/>
<opset="muxLogicRAMAddr_to_tile_6_load_1/2 "/>
</bind>
</comp>

<comp id="763" class="1004" name="muxLogicRAMAddr_to_tile_7_load_1_fu_763">
<pin_list>
<pin id="764" dir="0" index="0" bw="9" slack="0"/>
<pin id="765" dir="1" index="1" bw="16" slack="2147483647"/>
</pin_list>
<bind>
<opcode="muxlogic(592) " fcode="muxlogic"/>
<opset="muxLogicRAMAddr_to_tile_7_load_1/2 "/>
</bind>
</comp>

<comp id="767" class="1004" name="muxLogicRAMAddr_to_tile_8_load_1_fu_767">
<pin_list>
<pin id="768" dir="0" index="0" bw="9" slack="0"/>
<pin id="769" dir="1" index="1" bw="16" slack="2147483647"/>
</pin_list>
<bind>
<opcode="muxlogic(592) " fcode="muxlogic"/>
<opset="muxLogicRAMAddr_to_tile_8_load_1/2 "/>
</bind>
</comp>

<comp id="771" class="1004" name="muxLogicRAMAddr_to_tile_9_load_1_fu_771">
<pin_list>
<pin id="772" dir="0" index="0" bw="9" slack="0"/>
<pin id="773" dir="1" index="1" bw="16" slack="2147483647"/>
</pin_list>
<bind>
<opcode="muxlogic(592) " fcode="muxlogic"/>
<opset="muxLogicRAMAddr_to_tile_9_load_1/2 "/>
</bind>
</comp>

<comp id="775" class="1004" name="muxLogicRAMAddr_to_tile_10_load_1_fu_775">
<pin_list>
<pin id="776" dir="0" index="0" bw="9" slack="0"/>
<pin id="777" dir="1" index="1" bw="16" slack="2147483647"/>
</pin_list>
<bind>
<opcode="muxlogic(592) " fcode="muxlogic"/>
<opset="muxLogicRAMAddr_to_tile_10_load_1/2 "/>
</bind>
</comp>

<comp id="779" class="1004" name="muxLogicRAMAddr_to_tile_11_load_1_fu_779">
<pin_list>
<pin id="780" dir="0" index="0" bw="9" slack="0"/>
<pin id="781" dir="1" index="1" bw="16" slack="2147483647"/>
</pin_list>
<bind>
<opcode="muxlogic(592) " fcode="muxlogic"/>
<opset="muxLogicRAMAddr_to_tile_11_load_1/2 "/>
</bind>
</comp>

<comp id="783" class="1004" name="muxLogicRAMAddr_to_tile_12_load_1_fu_783">
<pin_list>
<pin id="784" dir="0" index="0" bw="9" slack="0"/>
<pin id="785" dir="1" index="1" bw="16" slack="2147483647"/>
</pin_list>
<bind>
<opcode="muxlogic(592) " fcode="muxlogic"/>
<opset="muxLogicRAMAddr_to_tile_12_load_1/2 "/>
</bind>
</comp>

<comp id="787" class="1004" name="muxLogicRAMAddr_to_tile_13_load_1_fu_787">
<pin_list>
<pin id="788" dir="0" index="0" bw="9" slack="0"/>
<pin id="789" dir="1" index="1" bw="16" slack="2147483647"/>
</pin_list>
<bind>
<opcode="muxlogic(592) " fcode="muxlogic"/>
<opset="muxLogicRAMAddr_to_tile_13_load_1/2 "/>
</bind>
</comp>

<comp id="791" class="1004" name="muxLogicRAMAddr_to_tile_14_load_1_fu_791">
<pin_list>
<pin id="792" dir="0" index="0" bw="9" slack="0"/>
<pin id="793" dir="1" index="1" bw="16" slack="2147483647"/>
</pin_list>
<bind>
<opcode="muxlogic(592) " fcode="muxlogic"/>
<opset="muxLogicRAMAddr_to_tile_14_load_1/2 "/>
</bind>
</comp>

<comp id="795" class="1004" name="muxLogicRAMAddr_to_tile_15_load_1_fu_795">
<pin_list>
<pin id="796" dir="0" index="0" bw="9" slack="0"/>
<pin id="797" dir="1" index="1" bw="16" slack="2147483647"/>
</pin_list>
<bind>
<opcode="muxlogic(592) " fcode="muxlogic"/>
<opset="muxLogicRAMAddr_to_tile_15_load_1/2 "/>
</bind>
</comp>

<comp id="799" class="1004" name="add_ln205_fu_799">
<pin_list>
<pin id="800" dir="0" index="0" bw="3" slack="0"/>
<pin id="801" dir="0" index="1" bw="1" slack="0"/>
<pin id="802" dir="1" index="2" bw="3" slack="0"/>
</pin_list>
<bind>
<opcode="add(8) " fcode="add"/>
<opset="add_ln205/2 "/>
</bind>
</comp>

<comp id="805" class="1004" name="store_ln201_store_fu_805">
<pin_list>
<pin id="806" dir="0" index="0" bw="33" slack="0"/>
<pin id="807" dir="0" index="1" bw="33" slack="1"/>
<pin id="808" dir="1" index="2" bw="0" slack="2147483647"/>
</pin_list>
<bind>
<opcode="store(28) " fcode="store"/>
<opset="store_ln201/2 "/>
</bind>
</comp>

<comp id="810" class="1004" name="store_ln201_store_fu_810">
<pin_list>
<pin id="811" dir="0" index="0" bw="31" slack="0"/>
<pin id="812" dir="0" index="1" bw="31" slack="1"/>
<pin id="813" dir="1" index="2" bw="0" slack="2147483647"/>
</pin_list>
<bind>
<opcode="store(28) " fcode="store"/>
<opset="store_ln201/2 "/>
</bind>
</comp>

<comp id="815" class="1004" name="store_ln205_store_fu_815">
<pin_list>
<pin id="816" dir="0" index="0" bw="3" slack="0"/>
<pin id="817" dir="0" index="1" bw="3" slack="1"/>
<pin id="818" dir="1" index="2" bw="0" slack="2147483647"/>
</pin_list>
<bind>
<opcode="store(28) " fcode="store"/>
<opset="store_ln205/2 "/>
</bind>
</comp>

<comp id="820" class="1004" name="gmem_O_addr_fu_820">
<pin_list>
<pin id="821" dir="0" index="0" bw="512" slack="0"/>
<pin id="822" dir="0" index="1" bw="58" slack="2"/>
<pin id="823" dir="1" index="2" bw="512" slack="0"/>
</pin_list>
<bind>
<opcode="getelementptr(29) " fcode="getelementptr"/>
<opset="gmem_O_addr/3 "/>
</bind>
</comp>

<comp id="826" class="1004" name="bitcast_ln212_fu_826">
<pin_list>
<pin id="827" dir="0" index="0" bw="16" slack="0"/>
<pin id="828" dir="1" index="1" bw="16" slack="0"/>
</pin_list>
<bind>
<opcode="bitcast(44) " fcode="bitcast"/>
<opset="bitcast_ln212/3 "/>
</bind>
</comp>

<comp id="830" class="1004" name="bitcast_ln212_1_fu_830">
<pin_list>
<pin id="831" dir="0" index="0" bw="16" slack="0"/>
<pin id="832" dir="1" index="1" bw="16" slack="0"/>
</pin_list>
<bind>
<opcode="bitcast(44) " fcode="bitcast"/>
<opset="bitcast_ln212_1/3 "/>
</bind>
</comp>

<comp id="834" class="1004" name="bitcast_ln212_2_fu_834">
<pin_list>
<pin id="835" dir="0" index="0" bw="16" slack="0"/>
<pin id="836" dir="1" index="1" bw="16" slack="0"/>
</pin_list>
<bind>
<opcode="bitcast(44) " fcode="bitcast"/>
<opset="bitcast_ln212_2/3 "/>
</bind>
</comp>

<comp id="838" class="1004" name="bitcast_ln212_3_fu_838">
<pin_list>
<pin id="839" dir="0" index="0" bw="16" slack="0"/>
<pin id="840" dir="1" index="1" bw="16" slack="0"/>
</pin_list>
<bind>
<opcode="bitcast(44) " fcode="bitcast"/>
<opset="bitcast_ln212_3/3 "/>
</bind>
</comp>

<comp id="842" class="1004" name="bitcast_ln212_4_fu_842">
<pin_list>
<pin id="843" dir="0" index="0" bw="16" slack="0"/>
<pin id="844" dir="1" index="1" bw="16" slack="0"/>
</pin_list>
<bind>
<opcode="bitcast(44) " fcode="bitcast"/>
<opset="bitcast_ln212_4/3 "/>
</bind>
</comp>

<comp id="846" class="1004" name="bitcast_ln212_5_fu_846">
<pin_list>
<pin id="847" dir="0" index="0" bw="16" slack="0"/>
<pin id="848" dir="1" index="1" bw="16" slack="0"/>
</pin_list>
<bind>
<opcode="bitcast(44) " fcode="bitcast"/>
<opset="bitcast_ln212_5/3 "/>
</bind>
</comp>

<comp id="850" class="1004" name="bitcast_ln212_6_fu_850">
<pin_list>
<pin id="851" dir="0" index="0" bw="16" slack="0"/>
<pin id="852" dir="1" index="1" bw="16" slack="0"/>
</pin_list>
<bind>
<opcode="bitcast(44) " fcode="bitcast"/>
<opset="bitcast_ln212_6/3 "/>
</bind>
</comp>

<comp id="854" class="1004" name="bitcast_ln212_7_fu_854">
<pin_list>
<pin id="855" dir="0" index="0" bw="16" slack="0"/>
<pin id="856" dir="1" index="1" bw="16" slack="0"/>
</pin_list>
<bind>
<opcode="bitcast(44) " fcode="bitcast"/>
<opset="bitcast_ln212_7/3 "/>
</bind>
</comp>

<comp id="858" class="1004" name="bitcast_ln212_8_fu_858">
<pin_list>
<pin id="859" dir="0" index="0" bw="16" slack="0"/>
<pin id="860" dir="1" index="1" bw="16" slack="0"/>
</pin_list>
<bind>
<opcode="bitcast(44) " fcode="bitcast"/>
<opset="bitcast_ln212_8/3 "/>
</bind>
</comp>

<comp id="862" class="1004" name="bitcast_ln212_9_fu_862">
<pin_list>
<pin id="863" dir="0" index="0" bw="16" slack="0"/>
<pin id="864" dir="1" index="1" bw="16" slack="0"/>
</pin_list>
<bind>
<opcode="bitcast(44) " fcode="bitcast"/>
<opset="bitcast_ln212_9/3 "/>
</bind>
</comp>

<comp id="866" class="1004" name="bitcast_ln212_10_fu_866">
<pin_list>
<pin id="867" dir="0" index="0" bw="16" slack="0"/>
<pin id="868" dir="1" index="1" bw="16" slack="0"/>
</pin_list>
<bind>
<opcode="bitcast(44) " fcode="bitcast"/>
<opset="bitcast_ln212_10/3 "/>
</bind>
</comp>

<comp id="870" class="1004" name="bitcast_ln212_11_fu_870">
<pin_list>
<pin id="871" dir="0" index="0" bw="16" slack="0"/>
<pin id="872" dir="1" index="1" bw="16" slack="0"/>
</pin_list>
<bind>
<opcode="bitcast(44) " fcode="bitcast"/>
<opset="bitcast_ln212_11/3 "/>
</bind>
</comp>

<comp id="874" class="1004" name="bitcast_ln212_12_fu_874">
<pin_list>
<pin id="875" dir="0" index="0" bw="16" slack="0"/>
<pin id="876" dir="1" index="1" bw="16" slack="0"/>
</pin_list>
<bind>
<opcode="bitcast(44) " fcode="bitcast"/>
<opset="bitcast_ln212_12/3 "/>
</bind>
</comp>

<comp id="878" class="1004" name="bitcast_ln212_13_fu_878">
<pin_list>
<pin id="879" dir="0" index="0" bw="16" slack="0"/>
<pin id="880" dir="1" index="1" bw="16" slack="0"/>
</pin_list>
<bind>
<opcode="bitcast(44) " fcode="bitcast"/>
<opset="bitcast_ln212_13/3 "/>
</bind>
</comp>

<comp id="882" class="1004" name="bitcast_ln212_14_fu_882">
<pin_list>
<pin id="883" dir="0" index="0" bw="16" slack="0"/>
<pin id="884" dir="1" index="1" bw="16" slack="0"/>
</pin_list>
<bind>
<opcode="bitcast(44) " fcode="bitcast"/>
<opset="bitcast_ln212_14/3 "/>
</bind>
</comp>

<comp id="886" class="1004" name="bitcast_ln212_15_fu_886">
<pin_list>
<pin id="887" dir="0" index="0" bw="16" slack="0"/>
<pin id="888" dir="1" index="1" bw="16" slack="0"/>
</pin_list>
<bind>
<opcode="bitcast(44) " fcode="bitcast"/>
<opset="bitcast_ln212_15/3 "/>
</bind>
</comp>

<comp id="890" class="1004" name="bitcast_ln212_16_fu_890">
<pin_list>
<pin id="891" dir="0" index="0" bw="16" slack="0"/>
<pin id="892" dir="1" index="1" bw="16" slack="0"/>
</pin_list>
<bind>
<opcode="bitcast(44) " fcode="bitcast"/>
<opset="bitcast_ln212_16/3 "/>
</bind>
</comp>

<comp id="894" class="1004" name="bitcast_ln212_17_fu_894">
<pin_list>
<pin id="895" dir="0" index="0" bw="16" slack="0"/>
<pin id="896" dir="1" index="1" bw="16" slack="0"/>
</pin_list>
<bind>
<opcode="bitcast(44) " fcode="bitcast"/>
<opset="bitcast_ln212_17/3 "/>
</bind>
</comp>

<comp id="898" class="1004" name="bitcast_ln212_18_fu_898">
<pin_list>
<pin id="899" dir="0" index="0" bw="16" slack="0"/>
<pin id="900" dir="1" index="1" bw="16" slack="0"/>
</pin_list>
<bind>
<opcode="bitcast(44) " fcode="bitcast"/>
<opset="bitcast_ln212_18/3 "/>
</bind>
</comp>

<comp id="902" class="1004" name="bitcast_ln212_19_fu_902">
<pin_list>
<pin id="903" dir="0" index="0" bw="16" slack="0"/>
<pin id="904" dir="1" index="1" bw="16" slack="0"/>
</pin_list>
<bind>
<opcode="bitcast(44) " fcode="bitcast"/>
<opset="bitcast_ln212_19/3 "/>
</bind>
</comp>

<comp id="906" class="1004" name="bitcast_ln212_20_fu_906">
<pin_list>
<pin id="907" dir="0" index="0" bw="16" slack="0"/>
<pin id="908" dir="1" index="1" bw="16" slack="0"/>
</pin_list>
<bind>
<opcode="bitcast(44) " fcode="bitcast"/>
<opset="bitcast_ln212_20/3 "/>
</bind>
</comp>

<comp id="910" class="1004" name="bitcast_ln212_21_fu_910">
<pin_list>
<pin id="911" dir="0" index="0" bw="16" slack="0"/>
<pin id="912" dir="1" index="1" bw="16" slack="0"/>
</pin_list>
<bind>
<opcode="bitcast(44) " fcode="bitcast"/>
<opset="bitcast_ln212_21/3 "/>
</bind>
</comp>

<comp id="914" class="1004" name="bitcast_ln212_22_fu_914">
<pin_list>
<pin id="915" dir="0" index="0" bw="16" slack="0"/>
<pin id="916" dir="1" index="1" bw="16" slack="0"/>
</pin_list>
<bind>
<opcode="bitcast(44) " fcode="bitcast"/>
<opset="bitcast_ln212_22/3 "/>
</bind>
</comp>

<comp id="918" class="1004" name="bitcast_ln212_23_fu_918">
<pin_list>
<pin id="919" dir="0" index="0" bw="16" slack="0"/>
<pin id="920" dir="1" index="1" bw="16" slack="0"/>
</pin_list>
<bind>
<opcode="bitcast(44) " fcode="bitcast"/>
<opset="bitcast_ln212_23/3 "/>
</bind>
</comp>

<comp id="922" class="1004" name="bitcast_ln212_24_fu_922">
<pin_list>
<pin id="923" dir="0" index="0" bw="16" slack="0"/>
<pin id="924" dir="1" index="1" bw="16" slack="0"/>
</pin_list>
<bind>
<opcode="bitcast(44) " fcode="bitcast"/>
<opset="bitcast_ln212_24/3 "/>
</bind>
</comp>

<comp id="926" class="1004" name="bitcast_ln212_25_fu_926">
<pin_list>
<pin id="927" dir="0" index="0" bw="16" slack="0"/>
<pin id="928" dir="1" index="1" bw="16" slack="0"/>
</pin_list>
<bind>
<opcode="bitcast(44) " fcode="bitcast"/>
<opset="bitcast_ln212_25/3 "/>
</bind>
</comp>

<comp id="930" class="1004" name="bitcast_ln212_26_fu_930">
<pin_list>
<pin id="931" dir="0" index="0" bw="16" slack="0"/>
<pin id="932" dir="1" index="1" bw="16" slack="0"/>
</pin_list>
<bind>
<opcode="bitcast(44) " fcode="bitcast"/>
<opset="bitcast_ln212_26/3 "/>
</bind>
</comp>

<comp id="934" class="1004" name="bitcast_ln212_27_fu_934">
<pin_list>
<pin id="935" dir="0" index="0" bw="16" slack="0"/>
<pin id="936" dir="1" index="1" bw="16" slack="0"/>
</pin_list>
<bind>
<opcode="bitcast(44) " fcode="bitcast"/>
<opset="bitcast_ln212_27/3 "/>
</bind>
</comp>

<comp id="938" class="1004" name="bitcast_ln212_28_fu_938">
<pin_list>
<pin id="939" dir="0" index="0" bw="16" slack="0"/>
<pin id="940" dir="1" index="1" bw="16" slack="0"/>
</pin_list>
<bind>
<opcode="bitcast(44) " fcode="bitcast"/>
<opset="bitcast_ln212_28/3 "/>
</bind>
</comp>

<comp id="942" class="1004" name="bitcast_ln212_29_fu_942">
<pin_list>
<pin id="943" dir="0" index="0" bw="16" slack="0"/>
<pin id="944" dir="1" index="1" bw="16" slack="0"/>
</pin_list>
<bind>
<opcode="bitcast(44) " fcode="bitcast"/>
<opset="bitcast_ln212_29/3 "/>
</bind>
</comp>

<comp id="946" class="1004" name="bitcast_ln212_30_fu_946">
<pin_list>
<pin id="947" dir="0" index="0" bw="16" slack="0"/>
<pin id="948" dir="1" index="1" bw="16" slack="0"/>
</pin_list>
<bind>
<opcode="bitcast(44) " fcode="bitcast"/>
<opset="bitcast_ln212_30/3 "/>
</bind>
</comp>

<comp id="950" class="1004" name="bitcast_ln212_31_fu_950">
<pin_list>
<pin id="951" dir="0" index="0" bw="16" slack="0"/>
<pin id="952" dir="1" index="1" bw="16" slack="0"/>
</pin_list>
<bind>
<opcode="bitcast(44) " fcode="bitcast"/>
<opset="bitcast_ln212_31/3 "/>
</bind>
</comp>

<comp id="954" class="1004" name="word_fu_954">
<pin_list>
<pin id="955" dir="0" index="0" bw="512" slack="0"/>
<pin id="956" dir="0" index="1" bw="16" slack="0"/>
<pin id="957" dir="0" index="2" bw="16" slack="0"/>
<pin id="958" dir="0" index="3" bw="16" slack="0"/>
<pin id="959" dir="0" index="4" bw="16" slack="0"/>
<pin id="960" dir="0" index="5" bw="16" slack="0"/>
<pin id="961" dir="0" index="6" bw="16" slack="0"/>
<pin id="962" dir="0" index="7" bw="16" slack="0"/>
<pin id="963" dir="0" index="8" bw="16" slack="0"/>
<pin id="964" dir="0" index="9" bw="16" slack="0"/>
<pin id="965" dir="0" index="10" bw="16" slack="0"/>
<pin id="966" dir="0" index="11" bw="16" slack="0"/>
<pin id="967" dir="0" index="12" bw="16" slack="0"/>
<pin id="968" dir="0" index="13" bw="16" slack="0"/>
<pin id="969" dir="0" index="14" bw="16" slack="0"/>
<pin id="970" dir="0" index="15" bw="16" slack="0"/>
<pin id="971" dir="0" index="16" bw="16" slack="0"/>
<pin id="972" dir="0" index="17" bw="16" slack="0"/>
<pin id="973" dir="0" index="18" bw="16" slack="0"/>
<pin id="974" dir="0" index="19" bw="16" slack="0"/>
<pin id="975" dir="0" index="20" bw="16" slack="0"/>
<pin id="976" dir="0" index="21" bw="16" slack="0"/>
<pin id="977" dir="0" index="22" bw="16" slack="0"/>
<pin id="978" dir="0" index="23" bw="16" slack="0"/>
<pin id="979" dir="0" index="24" bw="16" slack="0"/>
<pin id="980" dir="0" index="25" bw="16" slack="0"/>
<pin id="981" dir="0" index="26" bw="16" slack="0"/>
<pin id="982" dir="0" index="27" bw="16" slack="0"/>
<pin id="983" dir="0" index="28" bw="16" slack="0"/>
<pin id="984" dir="0" index="29" bw="16" slack="0"/>
<pin id="985" dir="0" index="30" bw="16" slack="0"/>
<pin id="986" dir="0" index="31" bw="16" slack="0"/>
<pin id="987" dir="0" index="32" bw="16" slack="0"/>
<pin id="988" dir="1" index="33" bw="512" slack="0"/>
</pin_list>
<bind>
<opcode="bitconcatenate(1004) " fcode="bitconcatenate"/>
<opset="word/3 "/>
</bind>
</comp>

<comp id="1023" class="1004" name="muxLogicAXIMData_to_write_ln215_fu_1023">
<pin_list>
<pin id="1024" dir="0" index="0" bw="512" slack="0"/>
<pin id="1025" dir="1" index="1" bw="0" slack="2147483647"/>
</pin_list>
<bind>
<opcode="muxlogic(592) " fcode="muxlogic"/>
<opset="muxLogicAXIMData_to_write_ln215/3 "/>
</bind>
</comp>

<comp id="1027" class="1004" name="muxLogicAXIMByteEnable_to_write_ln215_fu_1027">
<pin_list>
<pin id="1028" dir="0" index="0" bw="1" slack="0"/>
<pin id="1029" dir="1" index="1" bw="0" slack="2147483647"/>
</pin_list>
<bind>
<opcode="muxlogic(592) " fcode="muxlogic"/>
<opset="muxLogicAXIMByteEnable_to_write_ln215/3 "/>
</bind>
</comp>

<comp id="1031" class="1005" name="b_reg_1031">
<pin_list>
<pin id="1032" dir="0" index="0" bw="3" slack="0"/>
<pin id="1033" dir="1" index="1" bw="3" slack="0"/>
</pin_list>
<bind>
<opset="b "/>
</bind>
</comp>

<comp id="1038" class="1005" name="r_reg_1038">
<pin_list>
<pin id="1039" dir="0" index="0" bw="31" slack="0"/>
<pin id="1040" dir="1" index="1" bw="31" slack="0"/>
</pin_list>
<bind>
<opset="r "/>
</bind>
</comp>

<comp id="1045" class="1005" name="indvar_flatten_reg_1045">
<pin_list>
<pin id="1046" dir="0" index="0" bw="33" slack="0"/>
<pin id="1047" dir="1" index="1" bw="33" slack="0"/>
</pin_list>
<bind>
<opset="indvar_flatten "/>
</bind>
</comp>

<comp id="1052" class="1005" name="tmp_9_read_reg_1052">
<pin_list>
<pin id="1053" dir="0" index="0" bw="33" slack="1"/>
<pin id="1054" dir="1" index="1" bw="33" slack="1"/>
</pin_list>
<bind>
<opset="tmp_9_read "/>
</bind>
</comp>

<comp id="1057" class="1005" name="sext_ln201_1_cast_reg_1057">
<pin_list>
<pin id="1058" dir="0" index="0" bw="64" slack="2"/>
<pin id="1059" dir="1" index="1" bw="64" slack="2"/>
</pin_list>
<bind>
<opset="sext_ln201_1_cast "/>
</bind>
</comp>

<comp id="1065" class="1005" name="tile_0_addr_reg_1065">
<pin_list>
<pin id="1066" dir="0" index="0" bw="9" slack="1"/>
<pin id="1067" dir="1" index="1" bw="9" slack="1"/>
</pin_list>
<bind>
<opset="tile_0_addr "/>
</bind>
</comp>

<comp id="1070" class="1005" name="tile_1_addr_reg_1070">
<pin_list>
<pin id="1071" dir="0" index="0" bw="9" slack="1"/>
<pin id="1072" dir="1" index="1" bw="9" slack="1"/>
</pin_list>
<bind>
<opset="tile_1_addr "/>
</bind>
</comp>

<comp id="1075" class="1005" name="tile_2_addr_reg_1075">
<pin_list>
<pin id="1076" dir="0" index="0" bw="9" slack="1"/>
<pin id="1077" dir="1" index="1" bw="9" slack="1"/>
</pin_list>
<bind>
<opset="tile_2_addr "/>
</bind>
</comp>

<comp id="1080" class="1005" name="tile_3_addr_reg_1080">
<pin_list>
<pin id="1081" dir="0" index="0" bw="9" slack="1"/>
<pin id="1082" dir="1" index="1" bw="9" slack="1"/>
</pin_list>
<bind>
<opset="tile_3_addr "/>
</bind>
</comp>

<comp id="1085" class="1005" name="tile_4_addr_reg_1085">
<pin_list>
<pin id="1086" dir="0" index="0" bw="9" slack="1"/>
<pin id="1087" dir="1" index="1" bw="9" slack="1"/>
</pin_list>
<bind>
<opset="tile_4_addr "/>
</bind>
</comp>

<comp id="1090" class="1005" name="tile_5_addr_reg_1090">
<pin_list>
<pin id="1091" dir="0" index="0" bw="9" slack="1"/>
<pin id="1092" dir="1" index="1" bw="9" slack="1"/>
</pin_list>
<bind>
<opset="tile_5_addr "/>
</bind>
</comp>

<comp id="1095" class="1005" name="tile_6_addr_reg_1095">
<pin_list>
<pin id="1096" dir="0" index="0" bw="9" slack="1"/>
<pin id="1097" dir="1" index="1" bw="9" slack="1"/>
</pin_list>
<bind>
<opset="tile_6_addr "/>
</bind>
</comp>

<comp id="1100" class="1005" name="tile_7_addr_reg_1100">
<pin_list>
<pin id="1101" dir="0" index="0" bw="9" slack="1"/>
<pin id="1102" dir="1" index="1" bw="9" slack="1"/>
</pin_list>
<bind>
<opset="tile_7_addr "/>
</bind>
</comp>

<comp id="1105" class="1005" name="tile_8_addr_reg_1105">
<pin_list>
<pin id="1106" dir="0" index="0" bw="9" slack="1"/>
<pin id="1107" dir="1" index="1" bw="9" slack="1"/>
</pin_list>
<bind>
<opset="tile_8_addr "/>
</bind>
</comp>

<comp id="1110" class="1005" name="tile_9_addr_reg_1110">
<pin_list>
<pin id="1111" dir="0" index="0" bw="9" slack="1"/>
<pin id="1112" dir="1" index="1" bw="9" slack="1"/>
</pin_list>
<bind>
<opset="tile_9_addr "/>
</bind>
</comp>

<comp id="1115" class="1005" name="tile_10_addr_reg_1115">
<pin_list>
<pin id="1116" dir="0" index="0" bw="9" slack="1"/>
<pin id="1117" dir="1" index="1" bw="9" slack="1"/>
</pin_list>
<bind>
<opset="tile_10_addr "/>
</bind>
</comp>

<comp id="1120" class="1005" name="tile_11_addr_reg_1120">
<pin_list>
<pin id="1121" dir="0" index="0" bw="9" slack="1"/>
<pin id="1122" dir="1" index="1" bw="9" slack="1"/>
</pin_list>
<bind>
<opset="tile_11_addr "/>
</bind>
</comp>

<comp id="1125" class="1005" name="tile_12_addr_reg_1125">
<pin_list>
<pin id="1126" dir="0" index="0" bw="9" slack="1"/>
<pin id="1127" dir="1" index="1" bw="9" slack="1"/>
</pin_list>
<bind>
<opset="tile_12_addr "/>
</bind>
</comp>

<comp id="1130" class="1005" name="tile_13_addr_reg_1130">
<pin_list>
<pin id="1131" dir="0" index="0" bw="9" slack="1"/>
<pin id="1132" dir="1" index="1" bw="9" slack="1"/>
</pin_list>
<bind>
<opset="tile_13_addr "/>
</bind>
</comp>

<comp id="1135" class="1005" name="tile_14_addr_reg_1135">
<pin_list>
<pin id="1136" dir="0" index="0" bw="9" slack="1"/>
<pin id="1137" dir="1" index="1" bw="9" slack="1"/>
</pin_list>
<bind>
<opset="tile_14_addr "/>
</bind>
</comp>

<comp id="1140" class="1005" name="tile_15_addr_reg_1140">
<pin_list>
<pin id="1141" dir="0" index="0" bw="9" slack="1"/>
<pin id="1142" dir="1" index="1" bw="9" slack="1"/>
</pin_list>
<bind>
<opset="tile_15_addr "/>
</bind>
</comp>

<comp id="1145" class="1005" name="tile_0_addr_1_reg_1145">
<pin_list>
<pin id="1146" dir="0" index="0" bw="9" slack="1"/>
<pin id="1147" dir="1" index="1" bw="9" slack="1"/>
</pin_list>
<bind>
<opset="tile_0_addr_1 "/>
</bind>
</comp>

<comp id="1150" class="1005" name="tile_1_addr_1_reg_1150">
<pin_list>
<pin id="1151" dir="0" index="0" bw="9" slack="1"/>
<pin id="1152" dir="1" index="1" bw="9" slack="1"/>
</pin_list>
<bind>
<opset="tile_1_addr_1 "/>
</bind>
</comp>

<comp id="1155" class="1005" name="tile_2_addr_1_reg_1155">
<pin_list>
<pin id="1156" dir="0" index="0" bw="9" slack="1"/>
<pin id="1157" dir="1" index="1" bw="9" slack="1"/>
</pin_list>
<bind>
<opset="tile_2_addr_1 "/>
</bind>
</comp>

<comp id="1160" class="1005" name="tile_3_addr_1_reg_1160">
<pin_list>
<pin id="1161" dir="0" index="0" bw="9" slack="1"/>
<pin id="1162" dir="1" index="1" bw="9" slack="1"/>
</pin_list>
<bind>
<opset="tile_3_addr_1 "/>
</bind>
</comp>

<comp id="1165" class="1005" name="tile_4_addr_1_reg_1165">
<pin_list>
<pin id="1166" dir="0" index="0" bw="9" slack="1"/>
<pin id="1167" dir="1" index="1" bw="9" slack="1"/>
</pin_list>
<bind>
<opset="tile_4_addr_1 "/>
</bind>
</comp>

<comp id="1170" class="1005" name="tile_5_addr_1_reg_1170">
<pin_list>
<pin id="1171" dir="0" index="0" bw="9" slack="1"/>
<pin id="1172" dir="1" index="1" bw="9" slack="1"/>
</pin_list>
<bind>
<opset="tile_5_addr_1 "/>
</bind>
</comp>

<comp id="1175" class="1005" name="tile_6_addr_1_reg_1175">
<pin_list>
<pin id="1176" dir="0" index="0" bw="9" slack="1"/>
<pin id="1177" dir="1" index="1" bw="9" slack="1"/>
</pin_list>
<bind>
<opset="tile_6_addr_1 "/>
</bind>
</comp>

<comp id="1180" class="1005" name="tile_7_addr_1_reg_1180">
<pin_list>
<pin id="1181" dir="0" index="0" bw="9" slack="1"/>
<pin id="1182" dir="1" index="1" bw="9" slack="1"/>
</pin_list>
<bind>
<opset="tile_7_addr_1 "/>
</bind>
</comp>

<comp id="1185" class="1005" name="tile_8_addr_1_reg_1185">
<pin_list>
<pin id="1186" dir="0" index="0" bw="9" slack="1"/>
<pin id="1187" dir="1" index="1" bw="9" slack="1"/>
</pin_list>
<bind>
<opset="tile_8_addr_1 "/>
</bind>
</comp>

<comp id="1190" class="1005" name="tile_9_addr_1_reg_1190">
<pin_list>
<pin id="1191" dir="0" index="0" bw="9" slack="1"/>
<pin id="1192" dir="1" index="1" bw="9" slack="1"/>
</pin_list>
<bind>
<opset="tile_9_addr_1 "/>
</bind>
</comp>

<comp id="1195" class="1005" name="tile_10_addr_1_reg_1195">
<pin_list>
<pin id="1196" dir="0" index="0" bw="9" slack="1"/>
<pin id="1197" dir="1" index="1" bw="9" slack="1"/>
</pin_list>
<bind>
<opset="tile_10_addr_1 "/>
</bind>
</comp>

<comp id="1200" class="1005" name="tile_11_addr_1_reg_1200">
<pin_list>
<pin id="1201" dir="0" index="0" bw="9" slack="1"/>
<pin id="1202" dir="1" index="1" bw="9" slack="1"/>
</pin_list>
<bind>
<opset="tile_11_addr_1 "/>
</bind>
</comp>

<comp id="1205" class="1005" name="tile_12_addr_1_reg_1205">
<pin_list>
<pin id="1206" dir="0" index="0" bw="9" slack="1"/>
<pin id="1207" dir="1" index="1" bw="9" slack="1"/>
</pin_list>
<bind>
<opset="tile_12_addr_1 "/>
</bind>
</comp>

<comp id="1210" class="1005" name="tile_13_addr_1_reg_1210">
<pin_list>
<pin id="1211" dir="0" index="0" bw="9" slack="1"/>
<pin id="1212" dir="1" index="1" bw="9" slack="1"/>
</pin_list>
<bind>
<opset="tile_13_addr_1 "/>
</bind>
</comp>

<comp id="1215" class="1005" name="tile_14_addr_1_reg_1215">
<pin_list>
<pin id="1216" dir="0" index="0" bw="9" slack="1"/>
<pin id="1217" dir="1" index="1" bw="9" slack="1"/>
</pin_list>
<bind>
<opset="tile_14_addr_1 "/>
</bind>
</comp>

<comp id="1220" class="1005" name="tile_15_addr_1_reg_1220">
<pin_list>
<pin id="1221" dir="0" index="0" bw="9" slack="1"/>
<pin id="1222" dir="1" index="1" bw="9" slack="1"/>
</pin_list>
<bind>
<opset="tile_15_addr_1 "/>
</bind>
</comp>

</comp_list>

<net_list>
<net id="107"><net_src comp="38" pin="0"/><net_sink comp="104" pin=0"/></net>

<net id="111"><net_src comp="38" pin="0"/><net_sink comp="108" pin=0"/></net>

<net id="115"><net_src comp="38" pin="0"/><net_sink comp="112" pin=0"/></net>

<net id="120"><net_src comp="40" pin="0"/><net_sink comp="116" pin=0"/></net>

<net id="121"><net_src comp="4" pin="0"/><net_sink comp="116" pin=1"/></net>

<net id="126"><net_src comp="42" pin="0"/><net_sink comp="122" pin=0"/></net>

<net id="127"><net_src comp="0" pin="0"/><net_sink comp="122" pin=1"/></net>

<net id="133"><net_src comp="6" pin="0"/><net_sink comp="128" pin=0"/></net>

<net id="134"><net_src comp="88" pin="0"/><net_sink comp="128" pin=1"/></net>

<net id="140"><net_src comp="8" pin="0"/><net_sink comp="135" pin=0"/></net>

<net id="141"><net_src comp="88" pin="0"/><net_sink comp="135" pin=1"/></net>

<net id="147"><net_src comp="10" pin="0"/><net_sink comp="142" pin=0"/></net>

<net id="148"><net_src comp="88" pin="0"/><net_sink comp="142" pin=1"/></net>

<net id="154"><net_src comp="12" pin="0"/><net_sink comp="149" pin=0"/></net>

<net id="155"><net_src comp="88" pin="0"/><net_sink comp="149" pin=1"/></net>

<net id="161"><net_src comp="14" pin="0"/><net_sink comp="156" pin=0"/></net>

<net id="162"><net_src comp="88" pin="0"/><net_sink comp="156" pin=1"/></net>

<net id="168"><net_src comp="16" pin="0"/><net_sink comp="163" pin=0"/></net>

<net id="169"><net_src comp="88" pin="0"/><net_sink comp="163" pin=1"/></net>

<net id="175"><net_src comp="18" pin="0"/><net_sink comp="170" pin=0"/></net>

<net id="176"><net_src comp="88" pin="0"/><net_sink comp="170" pin=1"/></net>

<net id="182"><net_src comp="20" pin="0"/><net_sink comp="177" pin=0"/></net>

<net id="183"><net_src comp="88" pin="0"/><net_sink comp="177" pin=1"/></net>

<net id="189"><net_src comp="22" pin="0"/><net_sink comp="184" pin=0"/></net>

<net id="190"><net_src comp="88" pin="0"/><net_sink comp="184" pin=1"/></net>

<net id="196"><net_src comp="24" pin="0"/><net_sink comp="191" pin=0"/></net>

<net id="197"><net_src comp="88" pin="0"/><net_sink comp="191" pin=1"/></net>

<net id="203"><net_src comp="26" pin="0"/><net_sink comp="198" pin=0"/></net>

<net id="204"><net_src comp="88" pin="0"/><net_sink comp="198" pin=1"/></net>

<net id="210"><net_src comp="28" pin="0"/><net_sink comp="205" pin=0"/></net>

<net id="211"><net_src comp="88" pin="0"/><net_sink comp="205" pin=1"/></net>

<net id="217"><net_src comp="30" pin="0"/><net_sink comp="212" pin=0"/></net>

<net id="218"><net_src comp="88" pin="0"/><net_sink comp="212" pin=1"/></net>

<net id="224"><net_src comp="32" pin="0"/><net_sink comp="219" pin=0"/></net>

<net id="225"><net_src comp="88" pin="0"/><net_sink comp="219" pin=1"/></net>

<net id="231"><net_src comp="34" pin="0"/><net_sink comp="226" pin=0"/></net>

<net id="232"><net_src comp="88" pin="0"/><net_sink comp="226" pin=1"/></net>

<net id="238"><net_src comp="36" pin="0"/><net_sink comp="233" pin=0"/></net>

<net id="239"><net_src comp="88" pin="0"/><net_sink comp="233" pin=1"/></net>

<net id="249"><net_src comp="128" pin="3"/><net_sink comp="240" pin=2"/></net>

<net id="259"><net_src comp="135" pin="3"/><net_sink comp="250" pin=2"/></net>

<net id="269"><net_src comp="142" pin="3"/><net_sink comp="260" pin=2"/></net>

<net id="279"><net_src comp="149" pin="3"/><net_sink comp="270" pin=2"/></net>

<net id="289"><net_src comp="156" pin="3"/><net_sink comp="280" pin=2"/></net>

<net id="299"><net_src comp="163" pin="3"/><net_sink comp="290" pin=2"/></net>

<net id="309"><net_src comp="170" pin="3"/><net_sink comp="300" pin=2"/></net>

<net id="319"><net_src comp="177" pin="3"/><net_sink comp="310" pin=2"/></net>

<net id="329"><net_src comp="184" pin="3"/><net_sink comp="320" pin=2"/></net>

<net id="339"><net_src comp="191" pin="3"/><net_sink comp="330" pin=2"/></net>

<net id="349"><net_src comp="198" pin="3"/><net_sink comp="340" pin=2"/></net>

<net id="359"><net_src comp="205" pin="3"/><net_sink comp="350" pin=2"/></net>

<net id="369"><net_src comp="212" pin="3"/><net_sink comp="360" pin=2"/></net>

<net id="379"><net_src comp="219" pin="3"/><net_sink comp="370" pin=2"/></net>

<net id="389"><net_src comp="226" pin="3"/><net_sink comp="380" pin=2"/></net>

<net id="399"><net_src comp="233" pin="3"/><net_sink comp="390" pin=2"/></net>

<net id="405"><net_src comp="6" pin="0"/><net_sink comp="400" pin=0"/></net>

<net id="406"><net_src comp="88" pin="0"/><net_sink comp="400" pin=1"/></net>

<net id="412"><net_src comp="8" pin="0"/><net_sink comp="407" pin=0"/></net>

<net id="413"><net_src comp="88" pin="0"/><net_sink comp="407" pin=1"/></net>

<net id="419"><net_src comp="10" pin="0"/><net_sink comp="414" pin=0"/></net>

<net id="420"><net_src comp="88" pin="0"/><net_sink comp="414" pin=1"/></net>

<net id="426"><net_src comp="12" pin="0"/><net_sink comp="421" pin=0"/></net>

<net id="427"><net_src comp="88" pin="0"/><net_sink comp="421" pin=1"/></net>

<net id="433"><net_src comp="14" pin="0"/><net_sink comp="428" pin=0"/></net>

<net id="434"><net_src comp="88" pin="0"/><net_sink comp="428" pin=1"/></net>

<net id="440"><net_src comp="16" pin="0"/><net_sink comp="435" pin=0"/></net>

<net id="441"><net_src comp="88" pin="0"/><net_sink comp="435" pin=1"/></net>

<net id="447"><net_src comp="18" pin="0"/><net_sink comp="442" pin=0"/></net>

<net id="448"><net_src comp="88" pin="0"/><net_sink comp="442" pin=1"/></net>

<net id="454"><net_src comp="20" pin="0"/><net_sink comp="449" pin=0"/></net>

<net id="455"><net_src comp="88" pin="0"/><net_sink comp="449" pin=1"/></net>

<net id="461"><net_src comp="22" pin="0"/><net_sink comp="456" pin=0"/></net>

<net id="462"><net_src comp="88" pin="0"/><net_sink comp="456" pin=1"/></net>

<net id="468"><net_src comp="24" pin="0"/><net_sink comp="463" pin=0"/></net>

<net id="469"><net_src comp="88" pin="0"/><net_sink comp="463" pin=1"/></net>

<net id="475"><net_src comp="26" pin="0"/><net_sink comp="470" pin=0"/></net>

<net id="476"><net_src comp="88" pin="0"/><net_sink comp="470" pin=1"/></net>

<net id="482"><net_src comp="28" pin="0"/><net_sink comp="477" pin=0"/></net>

<net id="483"><net_src comp="88" pin="0"/><net_sink comp="477" pin=1"/></net>

<net id="489"><net_src comp="30" pin="0"/><net_sink comp="484" pin=0"/></net>

<net id="490"><net_src comp="88" pin="0"/><net_sink comp="484" pin=1"/></net>

<net id="496"><net_src comp="32" pin="0"/><net_sink comp="491" pin=0"/></net>

<net id="497"><net_src comp="88" pin="0"/><net_sink comp="491" pin=1"/></net>

<net id="503"><net_src comp="34" pin="0"/><net_sink comp="498" pin=0"/></net>

<net id="504"><net_src comp="88" pin="0"/><net_sink comp="498" pin=1"/></net>

<net id="510"><net_src comp="36" pin="0"/><net_sink comp="505" pin=0"/></net>

<net id="511"><net_src comp="88" pin="0"/><net_sink comp="505" pin=1"/></net>

<net id="512"><net_src comp="400" pin="3"/><net_sink comp="240" pin=0"/></net>

<net id="513"><net_src comp="407" pin="3"/><net_sink comp="250" pin=0"/></net>

<net id="514"><net_src comp="414" pin="3"/><net_sink comp="260" pin=0"/></net>

<net id="515"><net_src comp="421" pin="3"/><net_sink comp="270" pin=0"/></net>

<net id="516"><net_src comp="428" pin="3"/><net_sink comp="280" pin=0"/></net>

<net id="517"><net_src comp="435" pin="3"/><net_sink comp="290" pin=0"/></net>

<net id="518"><net_src comp="442" pin="3"/><net_sink comp="300" pin=0"/></net>

<net id="519"><net_src comp="449" pin="3"/><net_sink comp="310" pin=0"/></net>

<net id="520"><net_src comp="456" pin="3"/><net_sink comp="320" pin=0"/></net>

<net id="521"><net_src comp="463" pin="3"/><net_sink comp="330" pin=0"/></net>

<net id="522"><net_src comp="470" pin="3"/><net_sink comp="340" pin=0"/></net>

<net id="523"><net_src comp="477" pin="3"/><net_sink comp="350" pin=0"/></net>

<net id="524"><net_src comp="484" pin="3"/><net_sink comp="360" pin=0"/></net>

<net id="525"><net_src comp="491" pin="3"/><net_sink comp="370" pin=0"/></net>

<net id="526"><net_src comp="498" pin="3"/><net_sink comp="380" pin=0"/></net>

<net id="527"><net_src comp="505" pin="3"/><net_sink comp="390" pin=0"/></net>

<net id="534"><net_src comp="102" pin="0"/><net_sink comp="528" pin=0"/></net>

<net id="535"><net_src comp="50" pin="0"/><net_sink comp="528" pin=3"/></net>

<net id="539"><net_src comp="116" pin="2"/><net_sink comp="536" pin=0"/></net>

<net id="544"><net_src comp="72" pin="0"/><net_sink comp="540" pin=0"/></net>

<net id="549"><net_src comp="74" pin="0"/><net_sink comp="545" pin=0"/></net>

<net id="554"><net_src comp="76" pin="0"/><net_sink comp="550" pin=0"/></net>

<net id="562"><net_src comp="555" pin="1"/><net_sink comp="558" pin=0"/></net>

<net id="563"><net_src comp="78" pin="0"/><net_sink comp="558" pin=1"/></net>

<net id="568"><net_src comp="555" pin="1"/><net_sink comp="564" pin=0"/></net>

<net id="579"><net_src comp="572" pin="1"/><net_sink comp="575" pin=0"/></net>

<net id="580"><net_src comp="80" pin="0"/><net_sink comp="575" pin=1"/></net>

<net id="585"><net_src comp="569" pin="1"/><net_sink comp="581" pin=0"/></net>

<net id="586"><net_src comp="82" pin="0"/><net_sink comp="581" pin=1"/></net>

<net id="592"><net_src comp="581" pin="2"/><net_sink comp="587" pin=0"/></net>

<net id="593"><net_src comp="76" pin="0"/><net_sink comp="587" pin=1"/></net>

<net id="594"><net_src comp="569" pin="1"/><net_sink comp="587" pin=2"/></net>

<net id="600"><net_src comp="581" pin="2"/><net_sink comp="595" pin=0"/></net>

<net id="601"><net_src comp="575" pin="2"/><net_sink comp="595" pin=1"/></net>

<net id="602"><net_src comp="572" pin="1"/><net_sink comp="595" pin=2"/></net>

<net id="606"><net_src comp="595" pin="3"/><net_sink comp="603" pin=0"/></net>

<net id="610"><net_src comp="587" pin="3"/><net_sink comp="607" pin=0"/></net>

<net id="617"><net_src comp="84" pin="0"/><net_sink comp="611" pin=0"/></net>

<net id="618"><net_src comp="603" pin="1"/><net_sink comp="611" pin=1"/></net>

<net id="619"><net_src comp="607" pin="1"/><net_sink comp="611" pin=2"/></net>

<net id="620"><net_src comp="86" pin="0"/><net_sink comp="611" pin=3"/></net>

<net id="624"><net_src comp="611" pin="4"/><net_sink comp="621" pin=0"/></net>

<net id="625"><net_src comp="621" pin="1"/><net_sink comp="128" pin=2"/></net>

<net id="626"><net_src comp="621" pin="1"/><net_sink comp="135" pin=2"/></net>

<net id="627"><net_src comp="621" pin="1"/><net_sink comp="142" pin=2"/></net>

<net id="628"><net_src comp="621" pin="1"/><net_sink comp="149" pin=2"/></net>

<net id="629"><net_src comp="621" pin="1"/><net_sink comp="156" pin=2"/></net>

<net id="630"><net_src comp="621" pin="1"/><net_sink comp="163" pin=2"/></net>

<net id="631"><net_src comp="621" pin="1"/><net_sink comp="170" pin=2"/></net>

<net id="632"><net_src comp="621" pin="1"/><net_sink comp="177" pin=2"/></net>

<net id="633"><net_src comp="621" pin="1"/><net_sink comp="184" pin=2"/></net>

<net id="634"><net_src comp="621" pin="1"/><net_sink comp="191" pin=2"/></net>

<net id="635"><net_src comp="621" pin="1"/><net_sink comp="198" pin=2"/></net>

<net id="636"><net_src comp="621" pin="1"/><net_sink comp="205" pin=2"/></net>

<net id="637"><net_src comp="621" pin="1"/><net_sink comp="212" pin=2"/></net>

<net id="638"><net_src comp="621" pin="1"/><net_sink comp="219" pin=2"/></net>

<net id="639"><net_src comp="621" pin="1"/><net_sink comp="226" pin=2"/></net>

<net id="640"><net_src comp="621" pin="1"/><net_sink comp="233" pin=2"/></net>

<net id="644"><net_src comp="128" pin="3"/><net_sink comp="641" pin=0"/></net>

<net id="648"><net_src comp="135" pin="3"/><net_sink comp="645" pin=0"/></net>

<net id="652"><net_src comp="142" pin="3"/><net_sink comp="649" pin=0"/></net>

<net id="656"><net_src comp="149" pin="3"/><net_sink comp="653" pin=0"/></net>

<net id="660"><net_src comp="156" pin="3"/><net_sink comp="657" pin=0"/></net>

<net id="664"><net_src comp="163" pin="3"/><net_sink comp="661" pin=0"/></net>

<net id="668"><net_src comp="170" pin="3"/><net_sink comp="665" pin=0"/></net>

<net id="672"><net_src comp="177" pin="3"/><net_sink comp="669" pin=0"/></net>

<net id="676"><net_src comp="184" pin="3"/><net_sink comp="673" pin=0"/></net>

<net id="680"><net_src comp="191" pin="3"/><net_sink comp="677" pin=0"/></net>

<net id="684"><net_src comp="198" pin="3"/><net_sink comp="681" pin=0"/></net>

<net id="688"><net_src comp="205" pin="3"/><net_sink comp="685" pin=0"/></net>

<net id="692"><net_src comp="212" pin="3"/><net_sink comp="689" pin=0"/></net>

<net id="696"><net_src comp="219" pin="3"/><net_sink comp="693" pin=0"/></net>

<net id="700"><net_src comp="226" pin="3"/><net_sink comp="697" pin=0"/></net>

<net id="704"><net_src comp="233" pin="3"/><net_sink comp="701" pin=0"/></net>

<net id="711"><net_src comp="84" pin="0"/><net_sink comp="705" pin=0"/></net>

<net id="712"><net_src comp="603" pin="1"/><net_sink comp="705" pin=1"/></net>

<net id="713"><net_src comp="607" pin="1"/><net_sink comp="705" pin=2"/></net>

<net id="714"><net_src comp="90" pin="0"/><net_sink comp="705" pin=3"/></net>

<net id="718"><net_src comp="705" pin="4"/><net_sink comp="715" pin=0"/></net>

<net id="719"><net_src comp="715" pin="1"/><net_sink comp="400" pin=2"/></net>

<net id="720"><net_src comp="715" pin="1"/><net_sink comp="407" pin=2"/></net>

<net id="721"><net_src comp="715" pin="1"/><net_sink comp="414" pin=2"/></net>

<net id="722"><net_src comp="715" pin="1"/><net_sink comp="421" pin=2"/></net>

<net id="723"><net_src comp="715" pin="1"/><net_sink comp="428" pin=2"/></net>

<net id="724"><net_src comp="715" pin="1"/><net_sink comp="435" pin=2"/></net>

<net id="725"><net_src comp="715" pin="1"/><net_sink comp="442" pin=2"/></net>

<net id="726"><net_src comp="715" pin="1"/><net_sink comp="449" pin=2"/></net>

<net id="727"><net_src comp="715" pin="1"/><net_sink comp="456" pin=2"/></net>

<net id="728"><net_src comp="715" pin="1"/><net_sink comp="463" pin=2"/></net>

<net id="729"><net_src comp="715" pin="1"/><net_sink comp="470" pin=2"/></net>

<net id="730"><net_src comp="715" pin="1"/><net_sink comp="477" pin=2"/></net>

<net id="731"><net_src comp="715" pin="1"/><net_sink comp="484" pin=2"/></net>

<net id="732"><net_src comp="715" pin="1"/><net_sink comp="491" pin=2"/></net>

<net id="733"><net_src comp="715" pin="1"/><net_sink comp="498" pin=2"/></net>

<net id="734"><net_src comp="715" pin="1"/><net_sink comp="505" pin=2"/></net>

<net id="738"><net_src comp="400" pin="3"/><net_sink comp="735" pin=0"/></net>

<net id="742"><net_src comp="407" pin="3"/><net_sink comp="739" pin=0"/></net>

<net id="746"><net_src comp="414" pin="3"/><net_sink comp="743" pin=0"/></net>

<net id="750"><net_src comp="421" pin="3"/><net_sink comp="747" pin=0"/></net>

<net id="754"><net_src comp="428" pin="3"/><net_sink comp="751" pin=0"/></net>

<net id="758"><net_src comp="435" pin="3"/><net_sink comp="755" pin=0"/></net>

<net id="762"><net_src comp="442" pin="3"/><net_sink comp="759" pin=0"/></net>

<net id="766"><net_src comp="449" pin="3"/><net_sink comp="763" pin=0"/></net>

<net id="770"><net_src comp="456" pin="3"/><net_sink comp="767" pin=0"/></net>

<net id="774"><net_src comp="463" pin="3"/><net_sink comp="771" pin=0"/></net>

<net id="778"><net_src comp="470" pin="3"/><net_sink comp="775" pin=0"/></net>

<net id="782"><net_src comp="477" pin="3"/><net_sink comp="779" pin=0"/></net>

<net id="786"><net_src comp="484" pin="3"/><net_sink comp="783" pin=0"/></net>

<net id="790"><net_src comp="491" pin="3"/><net_sink comp="787" pin=0"/></net>

<net id="794"><net_src comp="498" pin="3"/><net_sink comp="791" pin=0"/></net>

<net id="798"><net_src comp="505" pin="3"/><net_sink comp="795" pin=0"/></net>

<net id="803"><net_src comp="587" pin="3"/><net_sink comp="799" pin=0"/></net>

<net id="804"><net_src comp="92" pin="0"/><net_sink comp="799" pin=1"/></net>

<net id="809"><net_src comp="558" pin="2"/><net_sink comp="805" pin=0"/></net>

<net id="814"><net_src comp="595" pin="3"/><net_sink comp="810" pin=0"/></net>

<net id="819"><net_src comp="799" pin="2"/><net_sink comp="815" pin=0"/></net>

<net id="824"><net_src comp="2" pin="0"/><net_sink comp="820" pin=0"/></net>

<net id="825"><net_src comp="820" pin="2"/><net_sink comp="528" pin=1"/></net>

<net id="829"><net_src comp="240" pin="7"/><net_sink comp="826" pin=0"/></net>

<net id="833"><net_src comp="250" pin="7"/><net_sink comp="830" pin=0"/></net>

<net id="837"><net_src comp="260" pin="7"/><net_sink comp="834" pin=0"/></net>

<net id="841"><net_src comp="270" pin="7"/><net_sink comp="838" pin=0"/></net>

<net id="845"><net_src comp="280" pin="7"/><net_sink comp="842" pin=0"/></net>

<net id="849"><net_src comp="290" pin="7"/><net_sink comp="846" pin=0"/></net>

<net id="853"><net_src comp="300" pin="7"/><net_sink comp="850" pin=0"/></net>

<net id="857"><net_src comp="310" pin="7"/><net_sink comp="854" pin=0"/></net>

<net id="861"><net_src comp="320" pin="7"/><net_sink comp="858" pin=0"/></net>

<net id="865"><net_src comp="330" pin="7"/><net_sink comp="862" pin=0"/></net>

<net id="869"><net_src comp="340" pin="7"/><net_sink comp="866" pin=0"/></net>

<net id="873"><net_src comp="350" pin="7"/><net_sink comp="870" pin=0"/></net>

<net id="877"><net_src comp="360" pin="7"/><net_sink comp="874" pin=0"/></net>

<net id="881"><net_src comp="370" pin="7"/><net_sink comp="878" pin=0"/></net>

<net id="885"><net_src comp="380" pin="7"/><net_sink comp="882" pin=0"/></net>

<net id="889"><net_src comp="390" pin="7"/><net_sink comp="886" pin=0"/></net>

<net id="893"><net_src comp="240" pin="3"/><net_sink comp="890" pin=0"/></net>

<net id="897"><net_src comp="250" pin="3"/><net_sink comp="894" pin=0"/></net>

<net id="901"><net_src comp="260" pin="3"/><net_sink comp="898" pin=0"/></net>

<net id="905"><net_src comp="270" pin="3"/><net_sink comp="902" pin=0"/></net>

<net id="909"><net_src comp="280" pin="3"/><net_sink comp="906" pin=0"/></net>

<net id="913"><net_src comp="290" pin="3"/><net_sink comp="910" pin=0"/></net>

<net id="917"><net_src comp="300" pin="3"/><net_sink comp="914" pin=0"/></net>

<net id="921"><net_src comp="310" pin="3"/><net_sink comp="918" pin=0"/></net>

<net id="925"><net_src comp="320" pin="3"/><net_sink comp="922" pin=0"/></net>

<net id="929"><net_src comp="330" pin="3"/><net_sink comp="926" pin=0"/></net>

<net id="933"><net_src comp="340" pin="3"/><net_sink comp="930" pin=0"/></net>

<net id="937"><net_src comp="350" pin="3"/><net_sink comp="934" pin=0"/></net>

<net id="941"><net_src comp="360" pin="3"/><net_sink comp="938" pin=0"/></net>

<net id="945"><net_src comp="370" pin="3"/><net_sink comp="942" pin=0"/></net>

<net id="949"><net_src comp="380" pin="3"/><net_sink comp="946" pin=0"/></net>

<net id="953"><net_src comp="390" pin="3"/><net_sink comp="950" pin=0"/></net>

<net id="989"><net_src comp="100" pin="0"/><net_sink comp="954" pin=0"/></net>

<net id="990"><net_src comp="950" pin="1"/><net_sink comp="954" pin=1"/></net>

<net id="991"><net_src comp="946" pin="1"/><net_sink comp="954" pin=2"/></net>

<net id="992"><net_src comp="942" pin="1"/><net_sink comp="954" pin=3"/></net>

<net id="993"><net_src comp="938" pin="1"/><net_sink comp="954" pin=4"/></net>

<net id="994"><net_src comp="934" pin="1"/><net_sink comp="954" pin=5"/></net>

<net id="995"><net_src comp="930" pin="1"/><net_sink comp="954" pin=6"/></net>

<net id="996"><net_src comp="926" pin="1"/><net_sink comp="954" pin=7"/></net>

<net id="997"><net_src comp="922" pin="1"/><net_sink comp="954" pin=8"/></net>

<net id="998"><net_src comp="918" pin="1"/><net_sink comp="954" pin=9"/></net>

<net id="999"><net_src comp="914" pin="1"/><net_sink comp="954" pin=10"/></net>

<net id="1000"><net_src comp="910" pin="1"/><net_sink comp="954" pin=11"/></net>

<net id="1001"><net_src comp="906" pin="1"/><net_sink comp="954" pin=12"/></net>

<net id="1002"><net_src comp="902" pin="1"/><net_sink comp="954" pin=13"/></net>

<net id="1003"><net_src comp="898" pin="1"/><net_sink comp="954" pin=14"/></net>

<net id="1004"><net_src comp="894" pin="1"/><net_sink comp="954" pin=15"/></net>

<net id="1005"><net_src comp="890" pin="1"/><net_sink comp="954" pin=16"/></net>

<net id="1006"><net_src comp="886" pin="1"/><net_sink comp="954" pin=17"/></net>

<net id="1007"><net_src comp="882" pin="1"/><net_sink comp="954" pin=18"/></net>

<net id="1008"><net_src comp="878" pin="1"/><net_sink comp="954" pin=19"/></net>

<net id="1009"><net_src comp="874" pin="1"/><net_sink comp="954" pin=20"/></net>

<net id="1010"><net_src comp="870" pin="1"/><net_sink comp="954" pin=21"/></net>

<net id="1011"><net_src comp="866" pin="1"/><net_sink comp="954" pin=22"/></net>

<net id="1012"><net_src comp="862" pin="1"/><net_sink comp="954" pin=23"/></net>

<net id="1013"><net_src comp="858" pin="1"/><net_sink comp="954" pin=24"/></net>

<net id="1014"><net_src comp="854" pin="1"/><net_sink comp="954" pin=25"/></net>

<net id="1015"><net_src comp="850" pin="1"/><net_sink comp="954" pin=26"/></net>

<net id="1016"><net_src comp="846" pin="1"/><net_sink comp="954" pin=27"/></net>

<net id="1017"><net_src comp="842" pin="1"/><net_sink comp="954" pin=28"/></net>

<net id="1018"><net_src comp="838" pin="1"/><net_sink comp="954" pin=29"/></net>

<net id="1019"><net_src comp="834" pin="1"/><net_sink comp="954" pin=30"/></net>

<net id="1020"><net_src comp="830" pin="1"/><net_sink comp="954" pin=31"/></net>

<net id="1021"><net_src comp="826" pin="1"/><net_sink comp="954" pin=32"/></net>

<net id="1022"><net_src comp="954" pin="33"/><net_sink comp="528" pin=2"/></net>

<net id="1026"><net_src comp="954" pin="33"/><net_sink comp="1023" pin=0"/></net>

<net id="1030"><net_src comp="50" pin="0"/><net_sink comp="1027" pin=0"/></net>

<net id="1034"><net_src comp="104" pin="1"/><net_sink comp="1031" pin=0"/></net>

<net id="1035"><net_src comp="1031" pin="1"/><net_sink comp="550" pin=1"/></net>

<net id="1036"><net_src comp="1031" pin="1"/><net_sink comp="569" pin=0"/></net>

<net id="1037"><net_src comp="1031" pin="1"/><net_sink comp="815" pin=1"/></net>

<net id="1041"><net_src comp="108" pin="1"/><net_sink comp="1038" pin=0"/></net>

<net id="1042"><net_src comp="1038" pin="1"/><net_sink comp="545" pin=1"/></net>

<net id="1043"><net_src comp="1038" pin="1"/><net_sink comp="572" pin=0"/></net>

<net id="1044"><net_src comp="1038" pin="1"/><net_sink comp="810" pin=1"/></net>

<net id="1048"><net_src comp="112" pin="1"/><net_sink comp="1045" pin=0"/></net>

<net id="1049"><net_src comp="1045" pin="1"/><net_sink comp="540" pin=1"/></net>

<net id="1050"><net_src comp="1045" pin="1"/><net_sink comp="555" pin=0"/></net>

<net id="1051"><net_src comp="1045" pin="1"/><net_sink comp="805" pin=1"/></net>

<net id="1055"><net_src comp="122" pin="2"/><net_sink comp="1052" pin=0"/></net>

<net id="1056"><net_src comp="1052" pin="1"/><net_sink comp="564" pin=1"/></net>

<net id="1060"><net_src comp="536" pin="1"/><net_sink comp="1057" pin=0"/></net>

<net id="1061"><net_src comp="1057" pin="1"/><net_sink comp="820" pin=1"/></net>

<net id="1068"><net_src comp="128" pin="3"/><net_sink comp="1065" pin=0"/></net>

<net id="1069"><net_src comp="1065" pin="1"/><net_sink comp="240" pin=2"/></net>

<net id="1073"><net_src comp="135" pin="3"/><net_sink comp="1070" pin=0"/></net>

<net id="1074"><net_src comp="1070" pin="1"/><net_sink comp="250" pin=2"/></net>

<net id="1078"><net_src comp="142" pin="3"/><net_sink comp="1075" pin=0"/></net>

<net id="1079"><net_src comp="1075" pin="1"/><net_sink comp="260" pin=2"/></net>

<net id="1083"><net_src comp="149" pin="3"/><net_sink comp="1080" pin=0"/></net>

<net id="1084"><net_src comp="1080" pin="1"/><net_sink comp="270" pin=2"/></net>

<net id="1088"><net_src comp="156" pin="3"/><net_sink comp="1085" pin=0"/></net>

<net id="1089"><net_src comp="1085" pin="1"/><net_sink comp="280" pin=2"/></net>

<net id="1093"><net_src comp="163" pin="3"/><net_sink comp="1090" pin=0"/></net>

<net id="1094"><net_src comp="1090" pin="1"/><net_sink comp="290" pin=2"/></net>

<net id="1098"><net_src comp="170" pin="3"/><net_sink comp="1095" pin=0"/></net>

<net id="1099"><net_src comp="1095" pin="1"/><net_sink comp="300" pin=2"/></net>

<net id="1103"><net_src comp="177" pin="3"/><net_sink comp="1100" pin=0"/></net>

<net id="1104"><net_src comp="1100" pin="1"/><net_sink comp="310" pin=2"/></net>

<net id="1108"><net_src comp="184" pin="3"/><net_sink comp="1105" pin=0"/></net>

<net id="1109"><net_src comp="1105" pin="1"/><net_sink comp="320" pin=2"/></net>

<net id="1113"><net_src comp="191" pin="3"/><net_sink comp="1110" pin=0"/></net>

<net id="1114"><net_src comp="1110" pin="1"/><net_sink comp="330" pin=2"/></net>

<net id="1118"><net_src comp="198" pin="3"/><net_sink comp="1115" pin=0"/></net>

<net id="1119"><net_src comp="1115" pin="1"/><net_sink comp="340" pin=2"/></net>

<net id="1123"><net_src comp="205" pin="3"/><net_sink comp="1120" pin=0"/></net>

<net id="1124"><net_src comp="1120" pin="1"/><net_sink comp="350" pin=2"/></net>

<net id="1128"><net_src comp="212" pin="3"/><net_sink comp="1125" pin=0"/></net>

<net id="1129"><net_src comp="1125" pin="1"/><net_sink comp="360" pin=2"/></net>

<net id="1133"><net_src comp="219" pin="3"/><net_sink comp="1130" pin=0"/></net>

<net id="1134"><net_src comp="1130" pin="1"/><net_sink comp="370" pin=2"/></net>

<net id="1138"><net_src comp="226" pin="3"/><net_sink comp="1135" pin=0"/></net>

<net id="1139"><net_src comp="1135" pin="1"/><net_sink comp="380" pin=2"/></net>

<net id="1143"><net_src comp="233" pin="3"/><net_sink comp="1140" pin=0"/></net>

<net id="1144"><net_src comp="1140" pin="1"/><net_sink comp="390" pin=2"/></net>

<net id="1148"><net_src comp="400" pin="3"/><net_sink comp="1145" pin=0"/></net>

<net id="1149"><net_src comp="1145" pin="1"/><net_sink comp="240" pin=0"/></net>

<net id="1153"><net_src comp="407" pin="3"/><net_sink comp="1150" pin=0"/></net>

<net id="1154"><net_src comp="1150" pin="1"/><net_sink comp="250" pin=0"/></net>

<net id="1158"><net_src comp="414" pin="3"/><net_sink comp="1155" pin=0"/></net>

<net id="1159"><net_src comp="1155" pin="1"/><net_sink comp="260" pin=0"/></net>

<net id="1163"><net_src comp="421" pin="3"/><net_sink comp="1160" pin=0"/></net>

<net id="1164"><net_src comp="1160" pin="1"/><net_sink comp="270" pin=0"/></net>

<net id="1168"><net_src comp="428" pin="3"/><net_sink comp="1165" pin=0"/></net>

<net id="1169"><net_src comp="1165" pin="1"/><net_sink comp="280" pin=0"/></net>

<net id="1173"><net_src comp="435" pin="3"/><net_sink comp="1170" pin=0"/></net>

<net id="1174"><net_src comp="1170" pin="1"/><net_sink comp="290" pin=0"/></net>

<net id="1178"><net_src comp="442" pin="3"/><net_sink comp="1175" pin=0"/></net>

<net id="1179"><net_src comp="1175" pin="1"/><net_sink comp="300" pin=0"/></net>

<net id="1183"><net_src comp="449" pin="3"/><net_sink comp="1180" pin=0"/></net>

<net id="1184"><net_src comp="1180" pin="1"/><net_sink comp="310" pin=0"/></net>

<net id="1188"><net_src comp="456" pin="3"/><net_sink comp="1185" pin=0"/></net>

<net id="1189"><net_src comp="1185" pin="1"/><net_sink comp="320" pin=0"/></net>

<net id="1193"><net_src comp="463" pin="3"/><net_sink comp="1190" pin=0"/></net>

<net id="1194"><net_src comp="1190" pin="1"/><net_sink comp="330" pin=0"/></net>

<net id="1198"><net_src comp="470" pin="3"/><net_sink comp="1195" pin=0"/></net>

<net id="1199"><net_src comp="1195" pin="1"/><net_sink comp="340" pin=0"/></net>

<net id="1203"><net_src comp="477" pin="3"/><net_sink comp="1200" pin=0"/></net>

<net id="1204"><net_src comp="1200" pin="1"/><net_sink comp="350" pin=0"/></net>

<net id="1208"><net_src comp="484" pin="3"/><net_sink comp="1205" pin=0"/></net>

<net id="1209"><net_src comp="1205" pin="1"/><net_sink comp="360" pin=0"/></net>

<net id="1213"><net_src comp="491" pin="3"/><net_sink comp="1210" pin=0"/></net>

<net id="1214"><net_src comp="1210" pin="1"/><net_sink comp="370" pin=0"/></net>

<net id="1218"><net_src comp="498" pin="3"/><net_sink comp="1215" pin=0"/></net>

<net id="1219"><net_src comp="1215" pin="1"/><net_sink comp="380" pin=0"/></net>

<net id="1223"><net_src comp="505" pin="3"/><net_sink comp="1220" pin=0"/></net>

<net id="1224"><net_src comp="1220" pin="1"/><net_sink comp="390" pin=0"/></net>

</net_list>

</model> 
---------------- Datapath Model END ------------------

* FSMD analyzer results:
  - Output states:
	Port: gmem_O | {3 }
 - Input state : 
	Port: store_tile_fp16_Pipeline_STORE_TILE_ROWS_STORE_TILE_BEATS : tmp_9 | {1 }
	Port: store_tile_fp16_Pipeline_STORE_TILE_ROWS_STORE_TILE_BEATS : sext_ln201_1 | {1 }
	Port: store_tile_fp16_Pipeline_STORE_TILE_ROWS_STORE_TILE_BEATS : tile_0 | {2 3 }
	Port: store_tile_fp16_Pipeline_STORE_TILE_ROWS_STORE_TILE_BEATS : tile_1 | {2 3 }
	Port: store_tile_fp16_Pipeline_STORE_TILE_ROWS_STORE_TILE_BEATS : tile_2 | {2 3 }
	Port: store_tile_fp16_Pipeline_STORE_TILE_ROWS_STORE_TILE_BEATS : tile_3 | {2 3 }
	Port: store_tile_fp16_Pipeline_STORE_TILE_ROWS_STORE_TILE_BEATS : tile_4 | {2 3 }
	Port: store_tile_fp16_Pipeline_STORE_TILE_ROWS_STORE_TILE_BEATS : tile_5 | {2 3 }
	Port: store_tile_fp16_Pipeline_STORE_TILE_ROWS_STORE_TILE_BEATS : tile_6 | {2 3 }
	Port: store_tile_fp16_Pipeline_STORE_TILE_ROWS_STORE_TILE_BEATS : tile_7 | {2 3 }
	Port: store_tile_fp16_Pipeline_STORE_TILE_ROWS_STORE_TILE_BEATS : tile_8 | {2 3 }
	Port: store_tile_fp16_Pipeline_STORE_TILE_ROWS_STORE_TILE_BEATS : tile_9 | {2 3 }
	Port: store_tile_fp16_Pipeline_STORE_TILE_ROWS_STORE_TILE_BEATS : tile_10 | {2 3 }
	Port: store_tile_fp16_Pipeline_STORE_TILE_ROWS_STORE_TILE_BEATS : tile_11 | {2 3 }
	Port: store_tile_fp16_Pipeline_STORE_TILE_ROWS_STORE_TILE_BEATS : tile_12 | {2 3 }
	Port: store_tile_fp16_Pipeline_STORE_TILE_ROWS_STORE_TILE_BEATS : tile_13 | {2 3 }
	Port: store_tile_fp16_Pipeline_STORE_TILE_ROWS_STORE_TILE_BEATS : tile_14 | {2 3 }
	Port: store_tile_fp16_Pipeline_STORE_TILE_ROWS_STORE_TILE_BEATS : tile_15 | {2 3 }
  - Chain level:
	State 1
		store_ln0 : 1
		store_ln201 : 1
		store_ln205 : 1
	State 2
		add_ln201 : 1
		icmp_ln201 : 1
		br_ln201 : 2
		add_ln201_1 : 1
		icmp_ln205 : 1
		select_ln201 : 2
		select_ln201_1 : 2
		trunc_ln206 : 3
		trunc_ln212 : 3
		tmp_s : 4
		zext_ln212 : 5
		tile_0_addr : 6
		tile_1_addr : 6
		tile_2_addr : 6
		tile_3_addr : 6
		tile_4_addr : 6
		tile_5_addr : 6
		tile_6_addr : 6
		tile_7_addr : 6
		tile_8_addr : 6
		tile_9_addr : 6
		tile_10_addr : 6
		tile_11_addr : 6
		tile_12_addr : 6
		tile_13_addr : 6
		tile_14_addr : 6
		tile_15_addr : 6
		muxLogicRAMAddr_to_tile_0_load : 7
		tile_0_load : 7
		muxLogicRAMAddr_to_tile_1_load : 7
		tile_1_load : 7
		muxLogicRAMAddr_to_tile_2_load : 7
		tile_2_load : 7
		muxLogicRAMAddr_to_tile_3_load : 7
		tile_3_load : 7
		muxLogicRAMAddr_to_tile_4_load : 7
		tile_4_load : 7
		muxLogicRAMAddr_to_tile_5_load : 7
		tile_5_load : 7
		muxLogicRAMAddr_to_tile_6_load : 7
		tile_6_load : 7
		muxLogicRAMAddr_to_tile_7_load : 7
		tile_7_load : 7
		muxLogicRAMAddr_to_tile_8_load : 7
		tile_8_load : 7
		muxLogicRAMAddr_to_tile_9_load : 7
		tile_9_load : 7
		muxLogicRAMAddr_to_tile_10_load : 7
		tile_10_load : 7
		muxLogicRAMAddr_to_tile_11_load : 7
		tile_11_load : 7
		muxLogicRAMAddr_to_tile_12_load : 7
		tile_12_load : 7
		muxLogicRAMAddr_to_tile_13_load : 7
		tile_13_load : 7
		muxLogicRAMAddr_to_tile_14_load : 7
		tile_14_load : 7
		muxLogicRAMAddr_to_tile_15_load : 7
		tile_15_load : 7
		tmp_1 : 4
		zext_ln212_1 : 5
		tile_0_addr_1 : 6
		tile_1_addr_1 : 6
		tile_2_addr_1 : 6
		tile_3_addr_1 : 6
		tile_4_addr_1 : 6
		tile_5_addr_1 : 6
		tile_6_addr_1 : 6
		tile_7_addr_1 : 6
		tile_8_addr_1 : 6
		tile_9_addr_1 : 6
		tile_10_addr_1 : 6
		tile_11_addr_1 : 6
		tile_12_addr_1 : 6
		tile_13_addr_1 : 6
		tile_14_addr_1 : 6
		tile_15_addr_1 : 6
		muxLogicRAMAddr_to_tile_0_load_1 : 7
		tile_0_load_1 : 7
		muxLogicRAMAddr_to_tile_1_load_1 : 7
		tile_1_load_1 : 7
		muxLogicRAMAddr_to_tile_2_load_1 : 7
		tile_2_load_1 : 7
		muxLogicRAMAddr_to_tile_3_load_1 : 7
		tile_3_load_1 : 7
		muxLogicRAMAddr_to_tile_4_load_1 : 7
		tile_4_load_1 : 7
		muxLogicRAMAddr_to_tile_5_load_1 : 7
		tile_5_load_1 : 7
		muxLogicRAMAddr_to_tile_6_load_1 : 7
		tile_6_load_1 : 7
		muxLogicRAMAddr_to_tile_7_load_1 : 7
		tile_7_load_1 : 7
		muxLogicRAMAddr_to_tile_8_load_1 : 7
		tile_8_load_1 : 7
		muxLogicRAMAddr_to_tile_9_load_1 : 7
		tile_9_load_1 : 7
		muxLogicRAMAddr_to_tile_10_load_1 : 7
		tile_10_load_1 : 7
		muxLogicRAMAddr_to_tile_11_load_1 : 7
		tile_11_load_1 : 7
		muxLogicRAMAddr_to_tile_12_load_1 : 7
		tile_12_load_1 : 7
		muxLogicRAMAddr_to_tile_13_load_1 : 7
		tile_13_load_1 : 7
		muxLogicRAMAddr_to_tile_14_load_1 : 7
		tile_14_load_1 : 7
		muxLogicRAMAddr_to_tile_15_load_1 : 7
		tile_15_load_1 : 7
		add_ln205 : 3
		store_ln201 : 2
		store_ln201 : 3
		store_ln205 : 4
	State 3
		bitcast_ln212 : 1
		bitcast_ln212_1 : 1
		bitcast_ln212_2 : 1
		bitcast_ln212_3 : 1
		bitcast_ln212_4 : 1
		bitcast_ln212_5 : 1
		bitcast_ln212_6 : 1
		bitcast_ln212_7 : 1
		bitcast_ln212_8 : 1
		bitcast_ln212_9 : 1
		bitcast_ln212_10 : 1
		bitcast_ln212_11 : 1
		bitcast_ln212_12 : 1
		bitcast_ln212_13 : 1
		bitcast_ln212_14 : 1
		bitcast_ln212_15 : 1
		bitcast_ln212_16 : 1
		bitcast_ln212_17 : 1
		bitcast_ln212_18 : 1
		bitcast_ln212_19 : 1
		bitcast_ln212_20 : 1
		bitcast_ln212_21 : 1
		bitcast_ln212_22 : 1
		bitcast_ln212_23 : 1
		bitcast_ln212_24 : 1
		bitcast_ln212_25 : 1
		bitcast_ln212_26 : 1
		bitcast_ln212_27 : 1
		bitcast_ln212_28 : 1
		bitcast_ln212_29 : 1
		bitcast_ln212_30 : 1
		bitcast_ln212_31 : 1
		word : 2
		muxLogicAXIMData_to_write_ln215 : 3
		write_ln215 : 3


============================================================
+ Verbose Summary: Datapath Resource usage 
============================================================

* Functional unit list:
|----------|-----------------------------------------------|---------|---------|
| Operation|                Functional Unit                |    FF   |   LUT   |
|----------|-----------------------------------------------|---------|---------|
|          |                add_ln201_fu_558               |    0    |    33   |
|    add   |               add_ln201_1_fu_575              |    0    |    31   |
|          |                add_ln205_fu_799               |    0    |    6    |
|----------|-----------------------------------------------|---------|---------|
|  select  |              select_ln201_fu_587              |    0    |    3    |
|          |             select_ln201_1_fu_595             |    0    |    28   |
|----------|-----------------------------------------------|---------|---------|
|   icmp   |               icmp_ln201_fu_564               |    0    |    13   |
|          |               icmp_ln205_fu_581               |    0    |    1    |
|----------|-----------------------------------------------|---------|---------|
|   read   |         sext_ln201_1_read_read_fu_116         |    0    |    0    |
|          |             tmp_9_read_read_fu_122            |    0    |    0    |
|----------|-----------------------------------------------|---------|---------|
|   write  |            write_ln215_write_fu_528           |    0    |    0    |
|----------|-----------------------------------------------|---------|---------|
|   sext   |            sext_ln201_1_cast_fu_536           |    0    |    0    |
|----------|-----------------------------------------------|---------|---------|
|   trunc  |               trunc_ln206_fu_603              |    0    |    0    |
|          |               trunc_ln212_fu_607              |    0    |    0    |
|----------|-----------------------------------------------|---------|---------|
|          |                  tmp_s_fu_611                 |    0    |    0    |
|bitconcatenate|                  tmp_1_fu_705                 |    0    |    0    |
|          |                  word_fu_954                  |    0    |    0    |
|----------|-----------------------------------------------|---------|---------|
|   zext   |               zext_ln212_fu_621               |    0    |    0    |
|          |              zext_ln212_1_fu_715              |    0    |    0    |
|----------|-----------------------------------------------|---------|---------|
|          |     muxLogicRAMAddr_to_tile_0_load_fu_641     |    0    |    0    |
|          |     muxLogicRAMAddr_to_tile_1_load_fu_645     |    0    |    0    |
|          |     muxLogicRAMAddr_to_tile_2_load_fu_649     |    0    |    0    |
|          |     muxLogicRAMAddr_to_tile_3_load_fu_653     |    0    |    0    |
|          |     muxLogicRAMAddr_to_tile_4_load_fu_657     |    0    |    0    |
|          |     muxLogicRAMAddr_to_tile_5_load_fu_661     |    0    |    0    |
|          |     muxLogicRAMAddr_to_tile_6_load_fu_665     |    0    |    0    |
|          |     muxLogicRAMAddr_to_tile_7_load_fu_669     |    0    |    0    |
|          |     muxLogicRAMAddr_to_tile_8_load_fu_673     |    0    |    0    |
|          |     muxLogicRAMAddr_to_tile_9_load_fu_677     |    0    |    0    |
|          |     muxLogicRAMAddr_to_tile_10_load_fu_681    |    0    |    0    |
|          |     muxLogicRAMAddr_to_tile_11_load_fu_685    |    0    |    0    |
|          |     muxLogicRAMAddr_to_tile_12_load_fu_689    |    0    |    0    |
|          |     muxLogicRAMAddr_to_tile_13_load_fu_693    |    0    |    0    |
|          |     muxLogicRAMAddr_to_tile_14_load_fu_697    |    0    |    0    |
|          |     muxLogicRAMAddr_to_tile_15_load_fu_701    |    0    |    0    |
| muxlogic |    muxLogicRAMAddr_to_tile_0_load_1_fu_735    |    0    |    0    |
|          |    muxLogicRAMAddr_to_tile_1_load_1_fu_739    |    0    |    0    |
|          |    muxLogicRAMAddr_to_tile_2_load_1_fu_743    |    0    |    0    |
|          |    muxLogicRAMAddr_to_tile_3_load_1_fu_747    |    0    |    0    |
|          |    muxLogicRAMAddr_to_tile_4_load_1_fu_751    |    0    |    0    |
|          |    muxLogicRAMAddr_to_tile_5_load_1_fu_755    |    0    |    0    |
|          |    muxLogicRAMAddr_to_tile_6_load_1_fu_759    |    0    |    0    |
|          |    muxLogicRAMAddr_to_tile_7_load_1_fu_763    |    0    |    0    |
|          |    muxLogicRAMAddr_to_tile_8_load_1_fu_767    |    0    |    0    |
|          |    muxLogicRAMAddr_to_tile_9_load_1_fu_771    |    0    |    0    |
|          |    muxLogicRAMAddr_to_tile_10_load_1_fu_775   |    0    |    0    |
|          |    muxLogicRAMAddr_to_tile_11_load_1_fu_779   |    0    |    0    |
|          |    muxLogicRAMAddr_to_tile_12_load_1_fu_783   |    0    |    0    |
|          |    muxLogicRAMAddr_to_tile_13_load_1_fu_787   |    0    |    0    |
|          |    muxLogicRAMAddr_to_tile_14_load_1_fu_791   |    0    |    0    |
|          |    muxLogicRAMAddr_to_tile_15_load_1_fu_795   |    0    |    0    |
|          |    muxLogicAXIMData_to_write_ln215_fu_1023    |    0    |    0    |
|          | muxLogicAXIMByteEnable_to_write_ln215_fu_1027 |    0    |    0    |
|----------|-----------------------------------------------|---------|---------|
|   Total  |                                               |    0    |   115   |
|----------|-----------------------------------------------|---------|---------|

Memories:
N/A

* Register list:
+--------------------------+--------+
|                          |   FF   |
+--------------------------+--------+
|        b_reg_1031        |    3   |
|  indvar_flatten_reg_1045 |   33   |
|        r_reg_1038        |   31   |
|sext_ln201_1_cast_reg_1057|   64   |
|  tile_0_addr_1_reg_1145  |    9   |
|   tile_0_addr_reg_1065   |    9   |
|  tile_10_addr_1_reg_1195 |    9   |
|   tile_10_addr_reg_1115  |    9   |
|  tile_11_addr_1_reg_1200 |    9   |
|   tile_11_addr_reg_1120  |    9   |
|  tile_12_addr_1_reg_1205 |    9   |
|   tile_12_addr_reg_1125  |    9   |
|  tile_13_addr_1_reg_1210 |    9   |
|   tile_13_addr_reg_1130  |    9   |
|  tile_14_addr_1_reg_1215 |    9   |
|   tile_14_addr_reg_1135  |    9   |
|  tile_15_addr_1_reg_1220 |    9   |
|   tile_15_addr_reg_1140  |    9   |
|  tile_1_addr_1_reg_1150  |    9   |
|   tile_1_addr_reg_1070   |    9   |
|  tile_2_addr_1_reg_1155  |    9   |
|   tile_2_addr_reg_1075   |    9   |
|  tile_3_addr_1_reg_1160  |    9   |
|   tile_3_addr_reg_1080   |    9   |
|  tile_4_addr_1_reg_1165  |    9   |
|   tile_4_addr_reg_1085   |    9   |
|  tile_5_addr_1_reg_1170  |    9   |
|   tile_5_addr_reg_1090   |    9   |
|  tile_6_addr_1_reg_1175  |    9   |
|   tile_6_addr_reg_1095   |    9   |
|  tile_7_addr_1_reg_1180  |    9   |
|   tile_7_addr_reg_1100   |    9   |
|  tile_8_addr_1_reg_1185  |    9   |
|   tile_8_addr_reg_1105   |    9   |
|  tile_9_addr_1_reg_1190  |    9   |
|   tile_9_addr_reg_1110   |    9   |
|    tmp_9_read_reg_1052   |   33   |
+--------------------------+--------+
|           Total          |   452  |
+--------------------------+--------+

* Multiplexer (MUX) list: 
|-------------------|------|------|------|--------||---------||---------||---------|
|        Comp       |  Pin | Size |  BW  | S x BW ||  Delay  ||    FF   ||   LUT   |
|-------------------|------|------|------|--------||---------||---------||---------|
| grp_access_fu_240 |  p0  |   2  |   9  |   18   ||    0    ||    16   |
| grp_access_fu_240 |  p2  |   2  |   0  |    0   ||    0    ||    1    |
| grp_access_fu_250 |  p0  |   2  |   9  |   18   ||    0    ||    16   |
| grp_access_fu_250 |  p2  |   2  |   0  |    0   ||    0    ||    1    |
| grp_access_fu_260 |  p0  |   2  |   9  |   18   ||    0    ||    16   |
| grp_access_fu_260 |  p2  |   2  |   0  |    0   ||    0    ||    1    |
| grp_access_fu_270 |  p0  |   2  |   9  |   18   ||    0    ||    16   |
| grp_access_fu_270 |  p2  |   2  |   0  |    0   ||    0    ||    1    |
| grp_access_fu_280 |  p0  |   2  |   9  |   18   ||    0    ||    16   |
| grp_access_fu_280 |  p2  |   2  |   0  |    0   ||    0    ||    1    |
| grp_access_fu_290 |  p0  |   2  |   9  |   18   ||    0    ||    16   |
| grp_access_fu_290 |  p2  |   2  |   0  |    0   ||    0    ||    1    |
| grp_access_fu_300 |  p0  |   2  |   9  |   18   ||    0    ||    16   |
| grp_access_fu_300 |  p2  |   2  |   0  |    0   ||    0    ||    1    |
| grp_access_fu_310 |  p0  |   2  |   9  |   18   ||    0    ||    16   |
| grp_access_fu_310 |  p2  |   2  |   0  |    0   ||    0    ||    1    |
| grp_access_fu_320 |  p0  |   2  |   9  |   18   ||    0    ||    16   |
| grp_access_fu_320 |  p2  |   2  |   0  |    0   ||    0    ||    1    |
| grp_access_fu_330 |  p0  |   2  |   9  |   18   ||    0    ||    16   |
| grp_access_fu_330 |  p2  |   2  |   0  |    0   ||    0    ||    1    |
| grp_access_fu_340 |  p0  |   2  |   9  |   18   ||    0    ||    16   |
| grp_access_fu_340 |  p2  |   2  |   0  |    0   ||    0    ||    1    |
| grp_access_fu_350 |  p0  |   2  |   9  |   18   ||    0    ||    16   |
| grp_access_fu_350 |  p2  |   2  |   0  |    0   ||    0    ||    1    |
| grp_access_fu_360 |  p0  |   2  |   9  |   18   ||    0    ||    16   |
| grp_access_fu_360 |  p2  |   2  |   0  |    0   ||    0    ||    1    |
| grp_access_fu_370 |  p0  |   2  |   9  |   18   ||    0    ||    16   |
| grp_access_fu_370 |  p2  |   2  |   0  |    0   ||    0    ||    1    |
| grp_access_fu_380 |  p0  |   2  |   9  |   18   ||    0    ||    16   |
| grp_access_fu_380 |  p2  |   2  |   0  |    0   ||    0    ||    1    |
| grp_access_fu_390 |  p0  |   2  |   9  |   18   ||    0    ||    16   |
| grp_access_fu_390 |  p2  |   2  |   0  |    0   ||    0    ||    1    |
|-------------------|------|------|------|--------||---------||---------||---------|
|       Total       |      |      |      |   288  ||  10.832 ||    0    ||   272   |
|-------------------|------|------|------|--------||---------||---------||---------|



* Summary:
+-----------+--------+--------+--------+
|           |  Delay |   FF   |   LUT  |
+-----------+--------+--------+--------+
|  Function |    -   |    0   |   115  |
|   Memory  |    -   |    -   |    -   |
|Multiplexer|   10   |    0   |   272  |
|  Register |    -   |   452  |    -   |
+-----------+--------+--------+--------+
|   Total   |   10   |   452  |   387  |
+-----------+--------+--------+--------+
